field_id,exposure_n,night_n,first_night,last_night,open_shutter_s,center_ra_deg,center_dec_deg,nominal_pixel_n_nside512
1805,95,23,20260222,20260715,2850.0,221.33175309737288,1.0853050757738696,755
1528,94,27,20260106,20260601,2820.0,180.32612195231403,11.765423611535558,775
1672,94,27,20260215,20260620,2820.0,211.71188764427023,1.618417872987434,755
1790,94,27,20251231,20260601,2820.0,183.70232859881293,16.160490106362452,750
1801,93,26,20260218,20260620,2790.0,211.2398896898021,4.6522860440999665,772
1803,93,24,20260222,20260620,2790.0,216.26930611071086,2.8111307926507645,756
1542,92,24,20260215,20260620,2760.0,215.12060536546414,-2.457204555381106,755
1660,92,27,20251231,20260601,2760.0,181.8223029029429,14.044417861104803,758
1541,90,25,20260215,20260620,2700.0,212.60191056852602,-1.5581127712648366,755
1674,90,25,20260215,20260620,2700.0,216.74300353407423,-0.18988132052024426,755
1396,88,27,20260106,20260601,2640.0,181.6802127964844,8.254101035859271,792
1675,88,22,20260222,20260715,2640.0,219.27328968641064,-1.0516938208366535,756
1408,87,24,20260222,20260620,2610.0,211.40304767922993,-3.9691679898971914,772
1544,87,22,20260215,20260715,2610.0,220.19272713947205,-4.171233588413453,756
1673,87,25,20260215,20260620,2610.0,214.22283979422,0.7007660047076938,755
1278,86,20,20260215,20260715,2580.0,220.84904445471855,-9.999554519524446,775
1802,86,25,20260222,20260620,2580.0,213.75095301775676,3.7182081355361936,775
1412,85,19,20260330,20260715,2550.0,221.5738057129596,-7.420324184039061,792
1661,85,24,20260126,20260601,2550.0,184.33123260614735,12.952268602056067,757
1411,84,21,20260215,20260715,2520.0,219.01043996290468,-6.6009385878311715,772
1529,84,25,20260114,20260601,2520.0,182.8177974888472,10.683133737260667,775
1409,83,23,20260222,20260620,2490.0,213.92583110329812,-4.873509254770945,791
1410,83,22,20260215,20260620,2490.0,216.46135051205002,-5.751386542041468,755
1804,83,23,20260222,20260620,2490.0,218.79594846736506,1.9328928927293747,755
1543,81,22,20260215,20260620,2430.0,217.6506059270272,-3.328855105387527,756
1276,80,20,20260310,20260620,2400.0,215.70725519534972,-8.322811925131921,769
1397,80,25,20260114,20260601,2400.0,184.15078297067285,7.181281485352419,755
1530,80,24,20260126,20260601,2400.0,185.30165511857953,9.603149687605804,755
1262,78,22,20260106,20260601,2340.0,180.9107452492774,5.6682693107282835,755
1263,76,21,20260129,20260601,2280.0,183.37117210925774,4.600853678804383,755
1791,76,24,20260126,20260601,2280.0,186.2301688490207,15.057227134018689,758
0976,75,26,20251203,20260428,2250.0,137.4970522732529,16.54690211481934,759
0710,74,20,20251220,20260504,2220.0,144.17778726496854,8.807602669794868,755
1245,73,26,20251203,20260428,2190.0,137.0845823028307,22.26134535531833,759
0844,72,22,20251203,20260504,2160.0,143.34036158190568,11.912519469221307,775
0978,72,23,20251203,20260504,2160.0,142.78592991708962,14.915048494514265,777
1248,72,27,20251203,20260504,2160.0,145.24964610341365,19.766497290549736,758
1246,71,25,20251203,20260428,2130.0,139.83269950057687,21.461890328684937,778
1275,71,21,20260217,20260620,2130.0,213.15964355154716,-7.441794470313718,755
1277,71,18,20260215,20260620,2130.0,218.27015054001185,-9.176026094429773,756
1380,71,25,20251203,20260428,2130.0,140.12676977071175,24.185233132121766,760
1774,70,24,20251206,20260428,2100.0,140.04181037709898,32.65813670166677,756
1789,70,26,20251231,20260529,2100.0,181.1618172518255,17.266908081571625,777
0307,68,23,20251205,20260311,2040.0,130.57455305003487,4.589662915698016,773
0706,68,21,20251213,20260428,2040.0,133.80999359502093,12.026607006038521,755
0708,68,23,20251213,20260428,2040.0,139.0276251454239,10.480411125695934,775
0841,68,23,20251203,20260428,2040.0,135.4908766115221,14.335697823622993,758
1264,68,18,20260129,20260601,2040.0,185.82909250704597,3.5361312298790097,773
1773,68,26,20251201,20260428,2040.0,137.00967406231516,33.487799434321026,772
1513,67,24,20251206,20260428,2010.0,140.74402632325786,26.817644340989183,759
0975,66,23,20251203,20260428,1980.0,134.82057221395755,17.31368738228529,758
1114,66,22,20251203,20260504,1980.0,145.17285028113082,16.96039013814211,777
1116,66,22,20251215,20260504,1980.0,150.41081241054925,15.159443262144867,758
1383,66,27,20251206,20260504,1980.0,148.35654258268607,21.571602941651456,766
1643,66,23,20251201,20260428,1980.0,135.81958809995464,30.999607331697508,755
0176,65,22,20251205,20260311,1950.0,130.0600674315214,1.9563381639550304,772
0979,65,24,20251203,20260504,1950.0,145.3993499652243,14.053955157257299,758
1379,65,23,20251203,20260428,1950.0,137.3246348366994,24.992518322286735,778
1644,65,25,20251201,20260428,1950.0,138.78110850400833,30.195873749986763,757
1783,65,19,20251228,20260403,1950.0,165.52923535016987,23.84750244571576,759
1787,65,21,20251231,20260605,1950.0,176.03410348481762,19.480510816989685,768
0440,64,21,20251205,20260311,1920.0,133.95291572438276,6.415233463341299,775
0572,64,22,20251213,20260427,1920.0,132.43901927983848,9.628442036549222,775
0707,64,22,20251213,20260428,1920.0,136.42746951205228,11.270259299593091,775
1111,64,21,20251203,20260428,1920.0,137.14648173883427,19.446416778898854,759
1659,64,23,20251231,20260529,1920.0,179.30207622485582,15.13808686429243,758
1765,64,25,20251121,20260426,1920.0,111.22786954506704,38.44228755736202,778
0177,63,20,20251205,20260311,1890.0,132.63219499946547,1.2262647572921193,755
0845,63,22,20251216,20260504,1890.0,145.92004774619346,11.044807981095557,774
1112,63,21,20251203,20260428,1890.0,139.84545744004126,18.649243272867484,759
1250,63,23,20251207,20260504,1890.0,150.5656562907357,17.957052127832313,740
0842,62,21,20251203,20260428,1860.0,138.12633937010588,13.559887805588684,758
1517,62,25,20251206,20260504,1860.0,151.8590199331651,23.218380633817393,778
0949,61,16,20251214,20260222,1830.0,60.707723677522885,20.927351391262714,754
0981,61,22,20251216,20260504,1830.0,150.56787942868172,12.251479789283533,775
1384,61,25,20251206,20260504,1830.0,151.0436671107514,20.64417298280702,759
0036,60,23,20251127,20260308,1800.0,98.22251979793114,4.678995786032029,756
0840,60,18,20251203,20260428,1800.0,132.83595857410296,15.077067845064947,774
1110,60,21,20251203,20260428,1800.0,134.4234058327796,20.209332130001034,759
1512,60,22,20251206,20260428,1800.0,137.88337273544886,27.63858849890147,764
0308,59,19,20251205,20260311,1770.0,133.15310220899823,3.860987387198394,775
0711,59,21,20251230,20260504,1770.0,146.72906354539,7.9283977768766425,755
1113,59,21,20251203,20260429,1770.0,142.52072257636019,17.819874239954217,777
1117,59,21,20251216,20260504,1770.0,152.99857349710916,14.222167845037232,775
1527,59,21,20251231,20260529,1770.0,177.8247428029188,12.847976442378409,775
0035,58,18,20251210,20260308,1740.0,95.54411850433196,4.813444151434052,771
0712,58,20,20251230,20260504,1740.0,149.26554073698324,7.023192290497086,755
0810,58,21,20251209,20260222,1740.0,49.06815608894859,15.583724532548882,758
0980,58,21,20251215,20260504,1740.0,147.99303694396082,13.16542656052672,776
1249,58,23,20251207,20260504,1740.0,147.91982252214268,18.874935760045688,740
1645,58,22,20251206,20260428,1740.0,141.7042294172597,29.35512460601551,758
1780,58,16,20251206,20260428,1740.0,157.36128983178727,26.994955688410023,759
1784,58,21,20251231,20260403,1740.0,168.19229822769503,22.76910913150151,759
0573,57,20,20251213,20260312,1710.0,135.04067053469055,8.886506010197854,756
0846,57,20,20251216,20260504,1710.0,148.48251080092953,10.150337560456036,755
0977,57,19,20251203,20260428,1710.0,140.15202881713975,15.746696560847154,777
1395,57,22,20260106,20260529,1710.0,179.20352087378473,9.328276260406728,775
1788,57,21,20251231,20260512,1710.0,178.60647656199012,18.374316336827096,777
0174,56,17,20251205,20260310,1680.0,124.88094791457551,3.300745057239635,773
0306,56,20,20251205,20260311,1680.0,127.98310806563146,5.280924961938747,755
0439,56,18,20251225,20260311,1680.0,131.36439201839568,7.147909106829989,756
0847,56,21,20251216,20260504,1680.0,151.02866111933164,9.23106583225741,763
0574,55,19,20251205,20260428,1650.0,137.6266738548228,8.110243651924316,775
0713,55,21,20260105,20260504,1650.0,151.78817579176726,6.093901534148221,775
1104,55,20,20251128,20260426,1650.0,117.5835098061531,23.956580604659244,760
1261,55,20,20260106,20260529,1650.0,178.44608299017702,6.736411577860227,768
1514,55,22,20251206,20260406,1650.0,143.57108932472303,25.962689666399765,778
1655,55,19,20251231,20260528,1650.0,169.06736920335638,19.485162255642525,776
1775,55,21,20251206,20260427,1650.0,143.03053597611492,31.791098345846365,756
0428,54,18,20251127,20260306,1620.0,102.00975941050227,12.454434654749225,775
0542,54,19,20251209,20260222,1620.0,50.90291065740194,10.523343773430083,758
0676,54,19,20251210,20260222,1620.0,51.2676995968778,13.379649548872525,776
1115,54,20,20251215,20260504,1620.0,147.802582060112,16.07288165699992,777
1247,54,20,20251203,20260407,1620.0,142.55419383396512,20.629545974466385,778
0178,53,17,20251205,20260311,1590.0,135.1929999878434,0.45977533674901383,755
0309,53,17,20251205,20260311,1590.0,135.71898122020505,3.096555153987269,771
0427,53,17,20251127,20260306,1590.0,99.27930462161534,12.654185933377269,738
0843,53,18,20251203,20260428,1590.0,140.7426718999025,12.751523940000917,775
0947,53,17,20251213,20260222,1590.0,55.134733131993805,19.798441088912956,759
1085,53,16,20251214,20260127,1590.0,61.65645721089414,23.82423091469715,778
1223,53,21,20251115,20260223,1590.0,71.72331654731214,27.980453570029116,765
1526,53,22,20251231,20260605,1590.0,175.31175129085938,13.928725104998238,775
1623,53,21,20251115,20260126,1590.0,70.95298677006014,35.98781062717287,768
1662,53,22,20260126,20260601,1590.0,186.83085278791756,11.863723348378203,775
1753,53,19,20251115,20260108,1590.0,69.93340990791017,38.575570512421976,758
1762,53,20,20251120,20260222,1590.0,100.98806186176613,39.36359132273823,772
0042,52,16,20251127,20260213,1560.0,114.17771991945042,2.8054514576596814,755
0162,52,18,20251215,20260308,1560.0,92.9743148053685,7.568894325755397,773
0164,52,19,20251127,20260308,1560.0,98.36055834508313,7.350526688589681,792
0438,52,16,20251205,20260310,1560.0,128.7615523641514,7.843824306596509,775
0680,52,17,20251214,20260222,1560.0,62.044694080656065,15.724208108238106,758
1103,52,19,20251124,20260426,1560.0,114.6988999132239,24.425544004480784,760
1489,52,17,20251115,20260223,1560.0,65.78643089721504,32.634443456615614,743
1490,52,19,20251115,20260223,1560.0,68.92857222064764,33.05126322018645,773
1523,52,15,20251231,20260528,1560.0,167.68386053202687,17.139060636370274,758
1635,52,21,20251121,20260426,1560.0,110.79161453147596,35.789577325301764,768
1656,52,18,20251231,20260528,1560.0,171.65324791180288,18.406901276685264,740
1764,52,21,20251121,20260426,1560.0,107.83953097893013,38.8124792646147,742
1785,52,19,20251231,20260528,1560.0,170.82928268266957,21.680224941537524,759
0045,51,17,20251205,20260310,1530.0,122.04220593437255,1.2212778025044344,756
0175,51,18,20251205,20260311,1530.0,127.47635661788323,2.6483588501279813,773
0575,51,17,20251205,20260428,1530.0,140.19740390139282,7.301435779746981,755
0704,51,14,20251213,20260310,1530.0,128.52221356617864,13.431612363612789,758
1354,51,17,20251214,20260127,1530.0,61.15272301806642,29.186720700105923,762
1357,51,21,20251115,20260223,1530.0,70.27204348909349,30.511753439451823,775
1772,51,20,20251201,20260310,1530.0,133.9336695060862,34.27720551039431,766
0031,50,12,20251129,20260308,1500.0,84.81743928084914,4.827938241354051,775
0046,50,18,20251205,20260310,1500.0,124.6432439036871,0.6049800675202059,755
0047,50,18,20251205,20260311,1500.0,127.23373711888198,-0.05310221686370171,756
0437,50,17,20251205,20260310,1500.0,126.14433758326906,8.501336277510166,755
0569,50,16,20251205,20260310,1500.0,124.53875617779688,11.631102994370066,775
0944,50,16,20251209,20260222,1500.0,46.93343919837466,17.793940469644358,740
1129,50,18,20260109,20260601,1500.0,182.95820601984693,1.8633285859702786,772
1244,50,15,20251203,20260428,1500.0,134.3094650842546,23.025741091311563,760
1381,50,19,20251203,20260407,1500.0,142.89901498457672,23.34444343239232,760
1621,50,20,20251115,20260223,1500.0,64.46006212761145,35.1580510208338,769
1634,50,20,20251121,20260426,1500.0,107.51906262329246,36.14838695075894,768
1658,50,19,20251231,20260512,1500.0,176.76852875727488,16.23116126155923,757
1751,50,19,20251115,20260126,1500.0,63.22925631615873,37.695319478855076,764
1752,50,17,20251115,20260108,1500.0,66.56490214826597,38.16515964248275,780
0559,49,14,20260114,20260306,1470.0,97.31394464235457,15.44479821052014,757
0677,49,17,20251213,20260222,1470.0,53.9363395545988,14.027834765403052,758
0811,49,18,20251210,20260222,1470.0,51.756332172146564,16.26173363186258,758
1081,49,16,20251210,20260222,1470.0,50.36089235489079,21.445889652939076,778
1130,49,18,20260129,20260601,1470.0,185.41192963893505,0.801678457549747,755
1219,49,16,20251214,20260127,1470.0,59.871415560700726,26.230079956487128,759
1337,49,15,20251115,20260126,1470.0,14.218837904226785,15.00909752297358,757
1398,49,19,20260207,20260601,1470.0,186.61701372098887,6.11180785477572,756
1614,49,15,20251119,20260120,1470.0,42.79870450369035,30.628885636037175,758
1646,49,21,20251206,20260312,1470.0,144.58954646445355,28.480012512030285,758
1763,49,19,20251121,20260202,1470.0,104.42476704781171,39.120093752848284,773
1776,49,19,20251206,20260331,1470.0,145.9766615974006,30.88955967749376,758
1779,49,15,20251206,20260429,1470.0,154.57191948582425,28.006317394804192,759
1786,49,17,20251231,20260528,1470.0,173.4424597179329,20.58324468988015,759
0163,48,18,20251213,20260308,1440.0,95.66883233934432,7.485551287358843,755
0169,48,14,20251127,20260213,1440.0,111.73466917141927,5.917536816130884,772
0434,48,15,20251204,20260306,1440.0,118.20820040285768,10.227925910707294,775
0543,48,17,20251210,20260222,1440.0,53.54045432530406,11.180607998036344,775
0557,48,18,20260111,20260330,1440.0,91.76886521697871,15.61477144192021,771
0827,48,17,20251122,20260306,1440.0,96.73851551653966,20.827851267054704,759
0835,48,17,20251204,20260306,1440.0,119.27063241127996,18.204230419447455,740
0968,48,17,20251128,20260426,1440.0,115.48713925749419,21.587372264931176,778
0970,48,18,20251128,20260306,1440.0,121.11371896945113,20.579502890460425,778
0971,48,17,20251128,20260303,1440.0,123.89752838149924,20.00821054569371,758
1097,48,13,20251122,20260218,1440.0,97.05340286799603,26.17004475645248,759
1391,48,16,20251231,20260528,1440.0,169.19933602928072,13.598110436562802,775
1524,48,15,20251231,20260528,1440.0,170.24323465290482,16.07640564994493,757
1766,48,19,20251121,20260426,1440.0,114.58575336706718,38.01132923375067,765
0293,47,16,20260111,20260308,1410.0,93.28504623547482,10.237601646640993,756
0296,47,19,20251127,20260306,1410.0,101.41605229938496,9.818545080887674,776
0310,47,15,20251205,20260311,1410.0,138.2725613220613,2.2980687694073354,755
0441,47,16,20251205,20260311,1410.0,136.52733560028184,5.64748952088133,756
0442,47,16,20251205,20260312,1410.0,139.08801240823425,4.84641185539497,755
0943,47,14,20251207,20260123,1410.0,44.24317116368795,17.050061363671094,777
0972,47,17,20251203,20260303,1410.0,126.66057347932161,19.394204505898827,759
1238,47,18,20251124,20260426,1410.0,117.10039658332421,26.759014058759075,759
1394,47,18,20251231,20260529,1410.0,176.71890409751438,10.401800513491013,755
1633,47,20,20251121,20260202,1410.0,104.22358186543481,36.447422255675285,783
1782,47,17,20251208,20260403,1410.0,162.83784323647552,24.91295520429423,778
0172,46,13,20251127,20260303,1380.0,119.65531354965616,4.480603273052616,765
0292,46,15,20260110,20260308,1380.0,90.56931152437463,10.274378629162737,755
0425,46,15,20260112,20260308,1380.0,93.80412215794316,12.900588176602685,769
0566,46,14,20251204,20260306,1380.0,116.49938694139433,13.265268932257166,738
0679,46,16,20251213,20260222,1380.0,59.325345371345804,15.201674568303863,758
0701,46,16,20251204,20260306,1380.0,120.45967418617501,15.244184089997075,777
0817,46,15,20251217,20260202,1380.0,68.27498563625522,19.446318742855592,759
0836,46,15,20251204,20260306,1380.0,122.02141905501954,17.661824141756867,777
0837,46,15,20251207,20260303,1380.0,124.7538510659336,17.0762490751829,777
0974,46,17,20251203,20260428,1380.0,132.1223390457588,18.045101763543734,759
1080,46,17,20251209,20260222,1380.0,47.59599893315585,20.747319504142787,759
1084,46,16,20251213,20260201,1380.0,58.79847117789508,23.295710513379124,778
1091,46,16,20251119,20260330,1380.0,79.18988551423283,25.960911857554887,759
1100,46,18,20251122,20260306,1380.0,105.93662820497856,25.533921341266844,778
1203,46,17,20251115,20260126,1380.0,16.45060930479599,13.016298482868411,775
1265,46,18,20260129,20260601,1380.0,188.28621496022686,2.4760594212886367,773
1347,46,18,20251121,20260127,1380.0,40.837573197808055,24.466759512786965,778
1353,46,18,20251213,20260127,1380.0,58.16312604262229,28.644107884859505,758
1372,46,17,20251124,20260426,1380.0,116.87297175718295,29.516461568338045,758
1654,46,16,20251231,20260403,1380.0,166.45990255017244,20.55401416870386,778
0033,45,14,20251213,20260308,1350.0,90.18092562397253,4.925577226137283,755
0034,45,16,20251213,20260308,1350.0,92.86317957360711,4.895710342979438,756
0048,45,16,20251205,20260311,1350.0,129.8137113789769,-0.7514574948803475,743
0050,45,16,20251205,20260311,1350.0,134.9429333616613,-2.262628973511273,773
0294,45,16,20251216,20260308,1350.0,95.99902933632823,10.149183785254936,776
0305,45,16,20251205,20260310,1350.0,125.37869026479893,5.933169173643018,772
0561,45,18,20251127,20260306,1350.0,102.84092739960516,15.069261181653632,771
0705,45,14,20251213,20260310,1350.0,131.17493930373308,12.74764689178941,751
0709,45,15,20251220,20260407,1350.0,141.61087612718237,9.658903147657997,775
0828,45,15,20251122,20260306,1350.0,99.59203401942828,20.676713628439767,760
0946,45,16,20251213,20260222,1350.0,52.37939052450177,19.169990412320722,777
0948,45,17,20251213,20260222,1350.0,57.911077902815215,20.38479339396611,778
0967,45,16,20251204,20260330,1350.0,112.64657606738513,22.020903937174577,778
1239,45,16,20251128,20260427,1350.0,120.03202249824528,26.2482915723674,759
1257,45,15,20251231,20260528,1350.0,168.51022710698342,10.976490707237222,757
1502,45,17,20251121,20260426,1350.0,107.48304021212246,33.45678940954225,769
1505,45,16,20251124,20260426,1350.0,116.91745155969019,32.23007843411853,755
1608,45,11,20251115,20260117,1350.0,25.693925183204605,25.217742337431712,778
1625,45,13,20251115,20260127,1350.0,77.54404059455544,36.58164602540179,769
1636,45,18,20251121,20260426,1350.0,114.03776486525179,35.37260690004841,748
1739,45,14,20251115,20260120,1350.0,26.40076580170505,28.347837464815576,759
1795,45,17,20260211,20260530,1350.0,196.25597239394057,10.717827369658812,775
0039,44,14,20251127,20260208,1320.0,106.23091070238081,3.966764262424998,772
0049,44,16,20251205,20260311,1320.0,132.38333796823616,-1.4885105268298537,772
0423,44,15,20260110,20260330,1320.0,88.32019386048552,12.940763071812889,776
0570,44,14,20251215,20260310,1320.0,127.18804395354177,11.002410757064036,775
0814,44,16,20251213,20260222,1320.0,59.936039281537575,18.05292146634159,756
0830,44,18,20251122,20260220,1320.0,105.2760764234186,20.218533920021756,759
0945,44,16,20251210,20260222,1320.0,49.64553491509393,18.501212201383034,759
1237,44,16,20251124,20260426,1320.0,114.14607480024011,27.220897829147958,759
1251,44,16,20251216,20260429,1320.0,153.1882293650246,17.015030451319515,740
1346,44,16,20251119,20260127,1320.0,38.05549606247412,23.637350102637285,759
1358,44,17,20251115,20260223,1320.0,73.35504793661902,30.847026921025666,756
1361,44,16,20251115,20260218,1320.0,82.696651045165,31.51549263870943,755
1501,44,18,20251121,20260207,1320.0,104.29374732876269,33.753130558892565,772
1503,44,18,20251121,20260426,1320.0,110.65202618275342,33.10315497001844,772
1624,44,15,20251115,20260126,1320.0,74.23803520711961,36.31499246065887,748
1663,44,18,20260126,20260601,1320.0,189.32310662590973,10.780839061585123,775
1792,44,21,20260126,20260601,1320.0,188.74744308963218,13.959247935035192,757
0041,43,16,20251127,20260211,1290.0,111.53709518273284,3.241017819115409,772
0168,43,16,20251127,20260211,1290.0,109.07480711499261,6.302880599258351,791
0171,43,12,20251127,20260303,1290.0,117.02559192792467,5.005250074835307,759
0283,43,16,20251213,20260220,1290.0,66.28173243698804,8.311548691124644,775
0299,43,17,20251127,20260220,1290.0,109.49437960961608,8.945902283780718,758
0304,43,14,20251205,20260310,1290.0,122.76137333488468,6.544850783705155,755
0424,43,17,20260111,20260330,1290.0,91.06246145791282,12.946537974360723,758
0546,43,15,20251213,20260220,1290.0,61.546430305874125,12.907179992935061,775
0560,43,14,20251127,20260306,1290.0,100.08052557092071,15.28250540728358,757
0812,43,13,20251213,20260222,1290.0,54.463971110291524,16.90039945381294,777
1224,43,16,20251115,20260222,1290.0,74.73379113619681,28.288668710679108,777
1226,43,16,20251115,20260222,1290.0,80.79559067855824,28.74136928120227,758
1234,43,17,20251122,20260208,1290.0,105.16524621190246,28.29830020602668,740
1370,43,17,20251124,20260426,1290.0,110.7847991280044,30.384220556178374,775
1371,43,16,20251124,20260426,1290.0,113.84047982707494,29.976440092078704,753
1399,43,16,20260208,20260601,1290.0,189.08065890757655,5.047656081750896,755
1471,43,16,20251115,20260126,1290.0,14.558346070843223,18.053006774713204,775
1504,43,17,20251124,20260426,1290.0,113.79771457696998,32.69369686094718,756
1620,43,15,20251115,20260126,1290.0,61.258335276558164,34.659114998909004,752
1622,43,18,20251115,20260223,1290.0,67.69256740291357,35.60159050034556,770
1747,43,15,20251119,20260120,1290.0,50.27065968301872,35.26816615562113,772
1748,43,15,20251119,20260120,1290.0,53.448536400844084,35.952069119969735,764
1749,43,15,20251115,20260105,1290.0,56.66871464446575,36.58631509471131,748
1750,43,15,20251115,20260126,1290.0,59.9296494551984,37.16824409057723,763
1754,43,16,20251115,20260108,1290.0,73.33107846944574,38.924578029976644,773
1768,43,15,20251125,20260427,1290.0,121.19657967039831,36.975528461933486,765
0040,42,15,20251127,20260211,1260.0,108.88789932613733,3.628448016048711,755
0161,42,14,20260110,20260308,1260.0,90.27832722728513,7.6003310743413435,755
0173,42,15,20251205,20260310,1260.0,122.2738737712092,3.9119768315329333,772
0284,42,16,20251214,20260220,1260.0,68.95115836429738,8.727215050261368,756
0435,42,14,20251205,20260303,1260.0,120.86732796818204,9.69487161263678,775
0678,42,14,20251213,20260222,1260.0,56.62236095789649,14.635709293981899,758
0963,42,14,20251122,20260306,1260.0,101.13778629668683,23.255708196717542,760
0973,42,14,20251207,20260303,1260.0,129.40229288582734,18.739230535483316,759
1088,42,16,20251115,20260222,1260.0,70.35087661811684,25.122350757741405,778
1089,42,17,20251115,20260222,1260.0,73.28379829947352,25.454496934048834,778
1099,42,16,20251122,20260208,1260.0,102.98602569891867,25.79972359713256,778
1105,42,14,20251128,20260427,1260.0,120.44744679767788,23.44028953653106,758
1218,42,15,20251213,20260126,1260.0,56.96502590327682,25.67072108229196,759
1369,42,18,20251121,20260426,1260.0,107.70821787536134,30.738262203605714,756
1382,42,16,20251203,20260407,1260.0,145.64199593037992,22.47246207397417,776
1511,42,17,20251201,20260428,1260.0,134.98866268661556,28.423059845794473,777
1522,42,13,20251231,20260403,1260.0,165.1051986564006,18.191353597074357,759
1531,42,19,20260126,20260601,1260.0,187.7795493967441,8.527492496143184,755
1603,42,16,20251115,20260126,1260.0,12.330308424579757,20.057824721397978,758
1637,42,17,20251124,20260426,1260.0,117.25444727916269,34.89930520125174,752
0044,41,15,20251205,20260303,1230.0,119.43074201706155,1.794350079163749,773
0179,41,14,20251205,20260311,1230.0,137.7428869329998,-0.34144482123519476,755
0545,41,15,20251213,20260222,1230.0,58.86260896425529,12.374052954229171,775
0571,41,13,20251215,20260310,1230.0,129.82149821052047,10.33430925954659,775
0693,41,13,20260116,20260306,1230.0,98.32432337209704,18.070956965532815,777
0695,41,16,20251204,20260306,1230.0,103.92391617920998,17.659101774335593,777
0702,41,13,20251209,20260306,1230.0,123.16423694733028,14.6815072407882,772
0809,41,16,20251208,20260127,1230.0,46.399602122364115,14.868143938606051,757
0829,41,17,20251122,20260306,1230.0,102.43853460290129,20.473392302750213,758
0839,41,14,20251207,20260310,1230.0,130.16143214733225,15.782146449165989,758
0969,41,15,20251128,20260330,1230.0,118.30992385051228,21.106415067073193,778
1082,41,15,20251213,20260222,1230.0,53.14991663053724,22.104739893169782,760
1107,41,13,20251128,20260303,1230.0,126.10872898471159,22.272362215097097,760
1109,41,13,20251207,20260306,1230.0,131.67603805724136,20.935953282965414,778
1227,41,17,20251115,20260330,1230.0,83.8414905964959,28.884158356815075,757
1378,41,15,20251201,20260428,1230.0,134.49221155407125,25.763996717920424,759
1492,41,14,20251115,20260126,1230.0,75.28100918078398,33.71660300941698,743
1494,41,13,20251115,20260127,1230.0,81.70317516321498,34.14862916632964,751
1518,41,17,20251206,20260429,1230.0,154.56102312262612,22.2519354264756,759
1519,41,15,20251208,20260318,1230.0,157.23501225459196,21.263664630533142,778
1613,41,15,20251119,20260120,1230.0,39.85555592574329,29.807636945275178,775
1746,41,15,20251119,20260120,1230.0,47.13611039099081,34.53735957996116,752
1767,41,16,20251125,20260401,1230.0,117.90965502051374,37.521655921486996,764
1778,41,15,20251206,20260429,1230.0,151.74585646398407,28.994367882182043,740
0043,40,14,20251127,20260303,1200.0,116.80911336030918,2.322833875335072,772
0167,40,15,20251127,20260220,1200.0,106.4064468316028,6.6396675053760505,755
0300,40,14,20251127,20260213,1200.0,112.16985550035558,8.557574161450614,772
0301,40,13,20251127,20260303,1200.0,114.83502805486538,8.122127531768987,756
0302,40,12,20251127,20260303,1200.0,117.48909270999765,7.640690888360047,761
0415,40,15,20251214,20260220,1200.0,66.54386604740237,11.065030267238862,775
0432,40,14,20251204,20260213,1200.0,112.85154030500294,11.159785548772533,775
0556,40,15,20260110,20260330,1200.0,88.99380165159256,15.621949597436977,777
0562,40,15,20251127,20260220,1200.0,105.59358909012757,14.805687485304524,757
0688,40,15,20260109,20260330,1200.0,84.26054330180118,18.191323307552775,759
0700,40,14,20251204,20260306,1200.0,117.7388203466914,15.763300653583807,777
1068,40,15,20251115,20260123,1200.0,16.17262334888694,10.00815609967338,775
1069,40,15,20251115,20260126,1200.0,18.686838358107995,11.023571673368247,755
1078,40,15,20251207,20260123,1200.0,42.139110392254956,19.238926713397362,759
1123,40,15,20260101,20260528,1200.0,168.16677006089034,8.214053386940623,756
1202,40,15,20251115,20260120,1200.0,13.92505932922486,11.985642242925337,756
1211,40,15,20251121,20260120,1200.0,37.359037473180706,20.601495870192412,762
1242,40,14,20251201,20260303,1200.0,128.67784437268836,24.440810748943502,746
1338,40,15,20251115,20260126,1200.0,16.776038683469086,16.044058901248167,757
1368,40,17,20251121,20260207,1200.0,104.61330994870342,31.037198445523625,775
1481,40,14,20251120,20260120,1200.0,41.73754335419898,27.530876079301173,777
1487,40,16,20251213,20260127,1200.0,59.58330540686491,31.640926838165125,756
1491,40,17,20251115,20260223,1200.0,72.09441349325576,33.41248244199513,773
1506,40,16,20251124,20260427,1200.0,120.00894323912696,31.714135298457897,756
1520,40,15,20251208,20260430,1200.0,159.88256927365347,20.255930868651667,778
1777,40,15,20251206,20260312,1200.0,148.88130678481795,29.95637544664514,757
0037,39,15,20251127,20260208,1170.0,100.89719684343157,4.492719255925876,792
0165,39,15,20251127,20260208,1170.0,101.04820946689848,7.164183631471061,755
0166,39,14,20251127,20260208,1170.0,103.7305577345689,6.9270206126558,755
0279,39,13,20251209,20260218,1170.0,55.71862326683946,6.1965483126453735,775
0281,39,13,20251213,20260220,1170.0,60.976022287580406,7.342000480987525,772
0295,39,15,20251127,20260306,1170.0,98.70982814910252,10.00936971599815,775
0544,39,14,20251213,20260222,1170.0,56.19379077068564,11.798032172309533,755
0547,39,15,20251214,20260220,1170.0,64.24460970471375,13.396005175279146,775
0568,39,14,20251205,20260306,1170.0,121.87390068763241,12.218804217881505,775
0691,39,14,20260112,20260306,1170.0,92.70238935927668,18.27607605710213,759
0838,39,13,20251207,20260303,1170.0,127.4673246793398,16.44912543026553,776
1079,39,13,20251208,20260123,1170.0,44.85541784544735,20.01099518011908,759
1102,39,15,20251124,20260426,1170.0,111.79506190872178,24.845659473501406,741
1204,39,15,20251115,20260126,1170.0,18.992322157039485,14.033581716816526,758
1222,39,14,20251115,20260223,1170.0,68.72976465439429,27.619108292627846,777
1225,39,14,20251115,20260222,1170.0,77.75875886168788,28.542622726951972,758
1241,39,14,20251128,20260218,1170.0,125.82175622511865,25.087315653963177,759
1525,39,12,20251231,20260528,1170.0,172.7852244276671,15.005575789009209,757
1627,39,11,20251115,20260222,1170.0,84.2025846282687,36.928687849613,765
1632,39,15,20251120,20260222,1170.0,100.90901194434011,36.685309901062716,765
1647,39,16,20251206,20260312,1170.0,147.43793599329274,27.57318381386999,759
1652,39,13,20251208,20260318,1170.0,161.172039092703,22.654223744756575,778
1653,39,14,20251228,20260403,1170.0,163.8287973956571,21.61115142073947,778
1743,39,14,20251119,20260120,1170.0,37.995568797398334,32.09189082359485,755
0038,38,14,20251127,20260208,1140.0,103.56701567343815,4.255102636405408,759
0275,38,15,20251129,20260122,1140.0,45.35793589727815,3.4240527349583134,755
0297,38,14,20251127,20260220,1140.0,104.11637182123819,9.577233209812983,756
0410,38,13,20251209,20260218,1140.0,53.26713070554363,8.358512769418297,775
0411,38,13,20251210,20260218,1140.0,55.89516482371556,8.984993842879055,775
0413,38,14,20251213,20260220,1140.0,61.19318959513747,10.112998175120676,775
0429,38,14,20251127,20260220,1140.0,104.73351270091628,12.204354755780853,758
0436,38,14,20251205,20260310,1140.0,123.51284455941347,9.118859084657405,756
0555,38,14,20260109,20260330,1140.0,86.21938461259278,15.577176531347083,757
0563,38,15,20251127,20260220,1140.0,108.33704769834935,14.492545678279235,757
0674,38,13,20251207,20260123,1140.0,45.983345751231305,11.969063341274175,758
0675,38,15,20251208,20260222,1140.0,48.61668046836057,12.692818487398974,775
0692,38,15,20260114,20260306,1140.0,95.51522960799804,18.199575408632157,759
0697,38,14,20251204,20260211,1140.0,109.48731209852697,17.045500681185096,777
0853,38,14,20260101,20260403,1140.0,166.02758440624953,3.3045745230505585,771
1086,38,11,20251217,20260127,1140.0,64.53547945109112,24.305858791128802,760
1131,38,15,20260129,20260601,1140.0,187.86687477906756,-0.25567240269714486,756
1213,38,13,20251207,20260117,1140.0,42.82610949774175,22.23524549420163,778
1240,38,12,20251128,20260222,1140.0,122.9395253170529,25.69044946652372,759
1343,38,14,20251115,20260105,1140.0,29.88309868215858,20.96653194268544,778
1363,38,17,20251115,20260223,1140.0,88.97001898927522,31.67164112085501,775
1470,38,13,20251115,20260126,1140.0,11.982813641638284,16.99941356132424,777
1480,38,14,20251119,20260120,1140.0,38.881796953445765,26.705355124528644,770
1609,38,14,20251115,20260120,1140.0,28.45603097368083,26.191462275390723,759
1631,38,15,20251120,20260223,1140.0,97.57950813854029,36.86093832863295,764
0280,37,12,20251210,20260218,1110.0,58.341046893088304,6.790588757477568,756
0291,37,14,20260109,20260308,1110.0,87.8532812747026,10.25941314118691,755
0412,37,11,20251213,20260220,1110.0,58.537309937036525,9.570310759043938,775
0414,37,15,20251213,20260220,1110.0,63.86227057395397,10.611670433639695,755
0430,37,15,20251127,20260220,1110.0,107.44920962347582,11.904646098306742,755
0431,37,14,20251127,20260220,1110.0,110.15559752462096,11.556138626799191,774
0567,37,14,20251204,20260306,1110.0,119.19391082450005,12.76400330294783,775
0576,37,12,20251205,20260401,1110.0,142.7533814483095,6.461895049357449,755
0699,37,11,20251204,20260306,1110.0,115.00246844962327,16.237428419245514,764
0808,37,13,20251207,20260123,1110.0,43.75064392236614,14.116813233782418,758
0813,37,14,20251213,20260222,1110.0,57.19072216326597,17.498009600963616,772
0962,37,16,20251122,20260306,1110.0,98.2333227463629,23.434560262116573,758
1214,37,14,20251208,20260127,1110.0,45.599956318330804,23.000746546666292,759
1215,37,14,20251209,20260127,1110.0,48.400970391611004,23.729129326111696,760
1252,37,13,20251229,20260430,1110.0,155.7887547238933,16.051043351912046,777
1364,37,16,20251119,20260223,1110.0,92.11019942085667,31.661553909251264,777
1375,37,13,20251128,20260218,1110.0,125.81307344697741,27.840971786065943,759
1376,37,14,20251128,20260306,1110.0,128.73616842445088,27.190445229343208,759
1377,37,14,20251201,20260306,1110.0,131.6293498129844,26.4973877350939,759
1386,37,13,20251228,20260430,1110.0,156.34047893835924,18.718756156677426,759
1472,37,14,20251115,20260126,1110.0,17.154794063093863,19.094319630658326,777
1476,37,13,20251115,20260117,1110.0,27.785395941772315,23.091209672450606,758
1477,37,13,20251115,20260120,1110.0,30.51243789252334,24.036646575933254,760
1516,37,15,20251206,20260429,1110.0,149.12754338268138,24.16060620716868,758
1612,37,13,20251119,20260120,1110.0,36.95057543833939,28.950626713938625,777
1617,37,12,20251210,20260120,1110.0,51.859793295795015,32.851657655743885,772
0051,36,12,20251205,20260311,1080.0,137.49295791424223,-3.0721295151407393,772
0152,36,14,20251213,20260220,1080.0,66.16203884773267,5.579306827618635,755
0170,36,12,20251127,20260213,1080.0,114.38517574534113,5.484627235589568,772
0282,36,14,20251213,20260220,1080.0,63.623112060915865,7.84941459110499,776
0303,36,12,20251205,20260303,1080.0,120.13138230667509,7.114492195133696,772
0409,36,15,20251208,20260218,1080.0,50.65342601833876,7.692404011357969,756
0426,36,13,20260114,20260306,1080.0,96.54358920099469,12.803044747633079,738
0554,36,16,20260108,20260330,1080.0,83.44735620126202,15.480586032905295,777
0579,36,13,20251230,20260429,1080.0,150.34004021586526,3.7773637938668254,756
0689,36,13,20260110,20260330,1080.0,87.07311677981376,18.271942883349066,759
0696,36,14,20251204,20260220,1080.0,106.71094079745151,17.377115576430498,757
0698,36,11,20251204,20260306,1080.0,112.25158672872517,16.665236274202858,758
0703,36,10,20251215,20260303,1080.0,125.85189463762393,14.076785769853606,775
0934,36,13,20251115,20260126,1080.0,20.936110566197687,9.033301517797527,755
0987,36,15,20251230,20260403,1080.0,165.68545586333843,6.346862306854883,755
1075,36,15,20251119,20260120,1080.0,34.13240829327036,16.7288044017757,777
1076,36,14,20251121,20260120,1080.0,36.77813601410568,17.595755894625935,777
1077,36,12,20251121,20260123,1080.0,39.446830010055834,18.433157736879703,759
1083,36,15,20251213,20260222,1080.0,55.96265972838829,22.721960522114856,778
1098,36,16,20251122,20260218,1080.0,100.02414122384374,26.012014614179165,741
1106,36,13,20251128,20260303,1080.0,123.2895065390174,22.87830526995817,772
1212,36,14,20251121,20260127,1080.0,40.079265024811626,21.434771886563993,778
1216,36,13,20251213,20260127,1080.0,51.22907968608785,24.41828372808912,760
1235,36,15,20251122,20260330,1080.0,108.17641121204855,27.99191489751315,777
1359,36,12,20251115,20260126,1080.0,76.45546144608046,31.126777825353656,758
1360,36,13,20251115,20260127,1080.0,79.57037093453256,31.349898557854157,755
1362,36,15,20251115,20260218,1080.0,85.83100639721289,31.6228869403998,756
1374,36,14,20251128,20260427,1080.0,122.86077357916534,28.446834451500564,777
1387,36,13,20251229,20260430,1080.0,158.9529088700975,17.72529693199539,759
1484,36,11,20251210,20260120,1080.0,50.50950856494387,29.78089741101311,758
1500,36,14,20251121,20260222,1080.0,101.08744249359545,33.990922570077224,752
1521,36,13,20251229,20260403,1080.0,162.50537691223494,19.231062782928145,759
1605,36,12,20251115,20260126,1080.0,17.59377642576093,22.17024525978596,778
1619,36,12,20251213,20260120,1080.0,58.08980922174962,34.10688273855361,772
1650,36,13,20251206,20260401,1080.0,155.7737953024552,24.688544382355385,759
1657,36,12,20251231,20260528,1080.0,174.21960907291938,17.321493757325207,759
1744,36,13,20251119,20260120,1080.0,40.99868724395342,32.94635269388805,756
1800,36,13,20260218,20260601,1080.0,208.73499515263123,5.611500337046251,792
1806,36,11,20260331,20260715,1080.0,223.87746175853786,0.2701461260437585,755
0298,35,14,20251127,20260220,1050.0,106.8095341340121,9.286090745354272,755
0433,35,12,20251204,20260303,1050.0,115.53603070110759,10.716655792140676,755
0540,35,13,20251206,20260123,1050.0,45.67561511132423,9.095860208243687,756
0818,35,14,20251223,20260202,1050.0,71.08520815991965,19.815793358743264,759
0825,35,12,20260112,20260330,1050.0,91.01861959808797,20.97180489588182,759
0834,35,11,20251204,20260306,1050.0,116.5022916012746,18.701931722982277,777
0956,35,15,20260108,20260330,1050.0,80.74924078607508,23.37800355635254,778
1087,35,11,20251217,20260201,1050.0,67.43415761718855,24.73904146404756,760
1090,35,10,20251119,20260222,1050.0,76.23087795127856,25.734341974104204,759
1108,35,13,20251203,20260303,1050.0,128.90439812841518,21.62428067563317,759
1122,35,14,20251230,20260403,1050.0,165.67425781052142,9.25091382924388,775
1124,35,15,20260101,20260528,1050.0,170.64870891190174,7.167713692630966,755
1243,35,12,20251206,20260306,1050.0,131.50719189982067,23.752932507949208,758
1336,35,12,20251115,20260120,1050.0,11.679188685074063,13.96240318078401,758
1348,35,12,20251208,20260127,1050.0,43.64971424943074,25.261885705849487,758
1349,35,12,20251209,20260127,1050.0,46.49223611665999,26.02043295149171,741
1356,35,13,20251115,20260223,1050.0,67.20911286356859,30.122261478340544,758
1373,35,13,20251128,20260401,1050.0,119.88029171519118,29.005981725826217,758
1474,35,12,20251115,20260126,1050.0,22.417709839000313,21.131064005672215,778
1604,35,13,20251115,20260126,1050.0,14.94968196982997,21.12051329730759,778
1649,35,14,20251206,20260429,1050.0,153.02863511076885,25.674864717102604,746
1676,35,12,20260311,20260715,1050.0,221.8144833280951,-1.882867172536276,773
1734,35,13,20251115,20260126,1050.0,12.727913972638731,23.141053859450047,759
1742,35,12,20251119,20260120,1050.0,35.035373289807026,31.201961336985804,755
1755,35,13,20251115,20260108,1050.0,76.753718842801,39.21045944569938,758
1756,35,12,20251115,20260127,1050.0,80.19670695631476,39.43177228845164,758
1758,35,14,20251115,20260222,1050.0,87.12348053737917,39.676471936848415,759
1760,35,16,20251120,20260223,1050.0,94.0686424989462,39.65358776384037,758
1761,35,16,20251120,20260223,1050.0,97.53429084139576,39.54172994299371,759
1769,35,13,20251125,20260222,1050.0,124.4440796418648,36.37538431295804,765
1771,35,15,20251201,20260222,1050.0,130.81373648297406,35.02348603801824,768
1781,35,12,20251208,20260316,1050.0,160.1159109197901,25.962961002814215,778
0142,34,11,20251129,20260201,1020.0,40.24451703799458,-0.9970686452415649,755
0154,34,13,20251214,20260220,1020.0,71.47591130970748,6.377517010019165,772
0182,34,9,20251205,20260311,1020.0,145.33317374465977,-2.9360265559264493,773
0278,34,14,20251208,20260218,1020.0,53.109039159317454,5.5613263740117285,772
0287,34,13,20251217,20260308,1020.0,77.01506179343714,9.685116758561369,755
0312,34,11,20251205,20260312,1020.0,143.34501240048206,0.605936841719276,756
0406,34,14,20251129,20260122,1020.0,42.89812417743259,5.4725725277143775,772
0417,34,14,20251217,20260220,1020.0,71.94111877945019,11.83111759658454,755
0422,34,14,20260109,20260330,1020.0,85.57891417627697,12.883280763118,757
0443,34,12,20251205,20260312,1020.0,141.635450302083,4.013771172066257,755
0541,34,13,20251208,20260123,1020.0,48.28130413170061,9.827866879601201,755
0558,34,14,20260112,20260306,1020.0,94.54282486758608,15.55566269468546,758
0669,34,15,20251128,20260131,1020.0,33.072595819801116,7.8596231486560715,755
0682,34,13,20251217,20260220,1020.0,67.52919704728127,16.633331312182513,774
0683,34,13,20251223,20260220,1020.0,70.29227486359125,17.017347955623674,759
0815,34,13,20251215,20260218,1020.0,62.69917965713942,18.563573119272775,759
0826,34,14,20260114,20260306,1020.0,93.88001139082019,20.92632076321428,770
0951,34,12,20251217,20260202,1020.0,66.35802615014633,21.87474896358913,758
0982,34,14,20251216,20260430,1020.0,153.12489358065307,11.314134277271375,775
1092,34,13,20251121,20260330,1020.0,82.15843123340214,26.133407495558494,778
1206,34,15,20251115,20260127,1020.0,24.130483006793835,16.019616647578555,777
1340,34,13,20251115,20260127,1020.0,21.9499073793827,18.070139999788633,777
1365,34,16,20251119,20260223,1020.0,95.2480403760567,31.592666010585848,775
1366,34,13,20251121,20260223,1020.0,98.38007067948212,31.465259519590457,755
1367,34,11,20251121,20260222,1020.0,101.50290820025643,31.2798538662629,755
1392,34,14,20251231,20260528,1020.0,171.71862882610193,12.53877473873675,775
1473,34,13,20251115,20260126,1020.0,19.77399093548925,20.121101051639982,785
1479,34,13,20251121,20260120,1020.0,36.05956848894661,25.846167903880335,758
1482,34,9,20251208,20260104,1020.0,44.62731028751162,28.320267841118767,758
1485,34,11,20251213,20260120,1020.0,53.501461036658675,30.447338968299317,775
1486,34,12,20251213,20260120,1020.0,56.52643133597956,31.068092739978116,775
1493,34,12,20251115,20260127,1020.0,78.48510437281945,33.962337841627814,752
1515,34,14,20251206,20260407,1020.0,146.3652804030714,25.076190521792974,778
1538,34,13,20260213,20260601,1020.0,205.10372794738427,1.2852091863011246,756
1599,34,6,20251115,20260620,1020.0,2.0590165586588673,15.723409815601729,777
1610,34,12,20251115,20260120,1020.0,31.251924772688415,27.139911952144733,759
1615,34,10,20251208,20260105,1020.0,45.780454530337295,31.411722782204194,776
1618,34,11,20251213,20260120,1020.0,54.956454921942466,33.50360522662864,773
1628,34,12,20251115,20260222,1020.0,87.54631178469329,37.00743144940541,763
1648,34,15,20251206,20260429,1020.0,150.25052052180493,26.63726723047458,759
1651,34,11,20251208,20260316,1020.0,158.48766707485504,23.680835262741933,759
1669,34,14,20260216,20260601,1020.0,204.2234320106132,4.514774613029736,772
1745,34,12,20251119,20260105,1020.0,44.045425038617545,33.76246848042222,772
1759,34,14,20251120,20260222,1020.0,90.59652781986298,39.698580366208496,758
0013,33,9,20251207,20260201,990.0,37.77814778598852,-4.665972518000786,755
0029,33,14,20251215,20260308,990.0,79.46349889167884,4.521565938789869,755
0160,33,11,20260110,20260308,990.0,87.58221126808755,7.579777040222726,772
0180,33,11,20251205,20260311,990.0,140.28240118414766,-1.1756676996219253,755
0408,33,14,20251207,20260123,990.0,48.054111698423995,6.988266900396238,755
0418,33,14,20251221,20260308,990.0,74.65469241203198,12.141769844331298,755
0538,33,12,20251129,20260122,990.0,40.51111732446842,7.529219284603877,775
0539,33,12,20251129,20260121,990.0,43.0856641305392,8.329054164197363,773
0832,33,12,20251204,20260306,990.0,110.91711721088781,19.557562336996067,774
0833,33,11,20251204,20260306,990.0,113.71739169233226,19.153487141188606,759
0959,33,11,20251119,20260330,990.0,89.48934686572011,23.649257079307667,760
1210,33,13,20251121,20260120,990.0,34.66483849764609,19.737602175687556,759
1236,33,13,20251124,20260426,990.0,111.1707581460439,27.632348954650677,757
1255,33,11,20251230,20260403,990.0,163.47178891435408,13.048774795130786,757
1334,33,10,20251115,20260105,990.0,6.645471762570581,11.842295099472103,755
1390,33,12,20251231,20260403,990.0,166.6648692826281,14.648562837082505,758
1488,33,13,20251214,20260127,990.0,62.67059445194374,32.163712005967525,772
1537,33,13,20260213,20260601,990.0,202.6197784061034,2.2753871496791658,773
1539,33,13,20260213,20260601,990.0,207.59457699145813,0.31497065910731575,755
1670,33,12,20260218,20260601,990.0,206.7133818662645,3.5273038806767243,772
1799,33,12,20260218,20260601,990.0,206.23503212137962,6.593963777988607,772
0032,32,13,20251129,20260308,960.0,87.49859801962367,4.902966282543656,755
0145,32,12,20251129,20260122,960.0,47.90038039562256,1.3830082234764125,735
0153,32,15,20251213,20260220,960.0,68.8143715234005,6.002298140847988,791
0181,32,10,20251205,20260311,960.0,142.8122251119178,-2.0411277662760194,772
0286,32,13,20251217,20260308,960.0,74.31886459675928,9.414914837929466,755
0311,32,10,20251205,20260311,960.0,140.81435524682658,1.4672704915472872,755
0401,32,12,20251128,20260201,960.0,30.235390984023116,1.1386760947240568,735
0421,32,13,20260108,20260330,960.0,82.84020436059463,12.774256545379714,755
0445,32,12,20251205,20260315,960.0,146.69330636071723,2.2610311429940304,771
0446,32,11,20260102,20260411,960.0,149.20539317812,1.3446067082881454,772
0529,32,12,20251119,20260127,960.0,17.91113854027351,-0.8509456476292038,755
0534,32,13,20251128,20260201,960.0,30.355271006624672,4.0360520322428135,772
0548,32,10,20251225,20260220,960.0,66.95633884613281,13.839212017612985,775
0549,32,13,20251217,20260220,960.0,69.6806518034937,14.235585035927986,775
0564,32,12,20251204,20260213,960.0,111.06995530449989,14.130729805006267,757
0580,32,13,20260102,20260411,960.0,152.84487021200474,2.8334685781815567,770
0694,32,12,20260116,20260306,960.0,101.12781371584519,17.890615661120883,767
0718,32,10,20260105,20260403,960.0,164.2344926105722,1.153637315223578,755
0821,32,14,20260107,20260330,960.0,79.58688174929588,20.62353423427672,759
0823,32,11,20260109,20260330,960.0,85.29572818206324,20.90340273374508,759
0964,32,12,20251122,20260208,960.0,104.03337656093785,23.02406631055877,760
0966,32,12,20251204,20260306,960.0,109.78965315135495,22.405656386634092,778
1093,32,12,20251119,20260330,960.0,85.13399531564788,26.25121399566556,759
1101,32,13,20251124,20260330,960.0,108.87367268560205,25.215535146425243,778
1118,32,12,20251229,20260430,960.0,155.56702013897979,13.263142421975399,758
1205,32,13,20251115,20260127,960.0,21.551776555638558,15.035393918585063,758
1209,32,13,20251119,20260115,960.0,31.995895079756362,18.8452816234802,771
1228,32,12,20251119,20260330,960.0,86.89353280780746,28.970445787084827,757
1253,32,12,20251229,20260430,960.0,158.3685593668113,15.067248378081901,765
1339,32,12,20251115,20260126,960.0,19.352508408246788,17.06513354620617,757
1344,32,12,20251121,20260120,960.0,32.57911688221221,21.88492478453069,751
1345,32,13,20251121,20260120,960.0,35.302931698877536,22.77596726591559,759
1389,32,11,20251229,20260403,960.0,164.1134561843124,15.688013163582877,758
1483,32,11,20251209,20260120,960.0,47.55132407567026,29.071081726795285,758
1495,32,11,20251115,20260127,960.0,84.93147743010971,34.27466413388941,763
1496,32,14,20251115,20260222,960.0,88.16610279212829,34.33988718459478,772
1497,32,13,20251119,20260223,960.0,91.4030400900315,34.34400868764581,753
1616,32,12,20251210,20260126,960.0,48.80090607019268,32.15351394299013,755
1642,32,15,20251201,20260310,960.0,132.81938792947045,31.76368018519553,776
1666,32,16,20260211,20260530,960.0,196.77428849079328,7.586365944396145,755
1731,32,8,20251115,20260120,960.0,4.863747853656606,19.86062488766737,759
1733,32,12,20251115,20260126,960.0,10.082695376830836,22.055698557129343,758
1757,32,11,20251115,20260222,960.0,83.65505227848813,39.587379829523,781
1770,32,15,20251125,20260216,960.0,127.65025421351835,35.72380521656628,769
1798,32,13,20260216,20260601,960.0,203.73865224053975,7.597767650049998,775
0010,31,8,20251123,20260201,930.0,30.218396731758297,-7.452184416526713,755
0028,31,13,20251215,20260308,930.0,76.79305131870392,4.291029392750305,772
0052,31,11,20251205,20260311,930.0,140.03401369581502,-3.9152834325304964,772
0151,31,11,20251213,20260220,930.0,63.51967371340074,5.1096203118031776,773
0156,31,13,20251217,20260308,930.0,76.8229789656313,6.980877996392924,791
0407,31,13,20251206,20260122,930.0,45.46909325383744,6.2477557582171634,756
0416,31,12,20251225,20260220,930.0,69.23714082932868,11.471877502062753,776
0444,31,9,20251205,20260312,930.0,144.17029082657376,3.151368675791308,772
0533,31,12,20251128,20260201,930.0,27.847821126854345,3.0986077703390453,755
0550,31,13,20251221,20260220,930.0,72.4164330988959,14.584018913510487,757
0940,31,12,20251121,20260115,930.0,36.301130969306364,14.618214842767387,775
0953,31,13,20251119,20260222,930.0,72.07573108818724,22.629035260653097,762
0957,31,12,20260109,20260330,930.0,83.65821339850591,23.52220771837218,760
0999,31,11,20260202,20260530,930.0,195.23426446955835,-6.270980673980649,755
1254,31,11,20251229,20260430,930.0,160.92906820077937,14.065785380665142,775
1256,31,12,20251230,20260403,930.0,165.99829788317365,12.018316723273795,774
1352,31,12,20251213,20260123,930.0,55.20130545162697,28.054110915158272,758
1385,31,13,20251208,20260429,930.0,153.7045419933411,19.69246572130744,759
1547,31,8,20260401,20260715,930.0,227.8979957690356,-6.504827676443045,775
1600,31,9,20251115,20260120,930.0,4.600050735735277,16.815078213744695,777
1668,31,14,20260216,20260530,930.0,201.737913645752,5.521726446881397,755
1678,31,8,20260401,20260715,930.0,226.93207116455307,-3.446233998344526,772
1794,31,13,20260211,20260530,930.0,193.7584043192877,11.787495283365354,755
1796,31,16,20260211,20260530,930.0,198.75072473200282,9.661659295465856,755
1807,31,9,20260401,20260715,930.0,226.43368056552168,-0.5108413218421699,756
1827,31,4,20260503,20260611,930.0,279.47504987802847,-6.856868807661081,755
0016,30,9,20251129,20260122,900.0,45.40454250181302,-2.1524410886633536,755
0143,30,9,20251129,20260122,900.0,42.785787857802625,-0.1697810424794615,756
0150,30,12,20251213,20260218,900.0,60.88790738319778,4.594417004299832,755
0157,30,12,20251217,20260308,900.0,79.50642779908247,7.207435388158689,773
0272,30,11,20251129,20260201,900.0,37.718351799095714,0.9741501648967775,772
0273,30,10,20251129,20260122,900.0,40.253243073012044,1.8226484242118013,772
0285,30,12,20251228,20260220,900.0,71.63053057052689,9.095328634253239,775
0288,30,12,20251223,20260308,900.0,79.71792220144879,9.905201850702174,776
0289,30,9,20260107,20260308,900.0,82.42615918113785,10.074567810481964,775
0290,30,11,20260109,20260308,900.0,85.1384155925234,10.192747550081078,755
0400,30,11,20251221,20260201,900.0,27.735697831812633,0.19309589652459938,756
0403,30,12,20251129,20260201,900.0,35.26486925443189,2.9565859880121255,755
0420,30,11,20260106,20260308,900.0,80.10561286827321,12.614002615781015,756
0530,30,11,20251119,20260127,900.0,20.38393007279611,0.1625848657865962,755
0553,30,12,20260107,20260330,900.0,80.67942753778452,15.332465031818293,757
0565,30,9,20251204,20260213,900.0,113.79109374066797,13.721258960812355,757
0578,30,12,20251230,20260429,900.0,147.82384791953973,4.697990917866157,756
0719,30,9,20260109,20260403,900.0,166.69976248108281,0.12035740371560275,756
0831,30,11,20251204,20260208,900.0,108.1028337773108,19.912940672836164,778
0941,30,12,20251121,20260123,900.0,38.92741844977518,15.46022580558598,773
0952,30,11,20251223,20260201,900.0,69.20920187351723,22.276682636068198,741
0983,30,12,20251229,20260430,900.0,155.66521033793154,10.355408009160142,774
1231,30,14,20251119,20260222,900.0,96.05618166258284,28.888073695372697,758
1232,30,15,20251122,20260222,900.0,99.1024123504777,28.74721963500951,740
1258,30,13,20251231,20260528,900.0,171.00925214217256,9.92535609121859,755
1259,30,12,20260101,20260528,900.0,173.49708096561207,8.866952870007603,775
1335,30,11,20251115,20260120,900.0,9.155330395206805,12.906102340619201,775
1388,30,11,20251229,20260430,900.0,161.54336315803718,16.714315643908822,757
1478,30,11,20251121,20260120,900.0,33.270106421990455,24.95577943141575,778
1545,30,10,20260331,20260715,900.0,222.74765527744333,-4.982533881603597,756
1601,30,10,20251115,20260120,900.0,7.157561106252184,17.902844577348198,777
1638,30,12,20251125,20260427,900.0,120.43902886833165,34.371691888292816,769
1735,30,11,20251115,20260126,900.0,15.399987013311835,24.215090237820213,760
1741,30,10,20251115,20260120,900.0,32.11708057122382,30.27942672217092,775
0274,29,11,20251129,20260122,870.0,42.7995734305828,2.639869999599185,772
0398,29,10,20251119,20260201,870.0,22.760680123276963,-1.761901873274643,755
0404,29,11,20251129,20260122,870.0,37.796616146535364,3.8251955810361693,772
0419,29,13,20251221,20260308,870.0,77.37663468357276,12.40297506563127,774
0537,29,12,20251129,20260122,870.0,37.95149286707574,6.6981595386635,755
0665,29,11,20251119,20260127,870.0,23.011001285103024,4.095873559004427,756
0673,29,10,20251121,20260123,870.0,43.367588210091505,11.210153999661907,738
0714,29,12,20260105,20260430,870.0,154.29803721105162,5.142448884823881,755
0816,29,10,20251217,20260202,870.0,65.4792049749791,19.028494502348938,740
0822,29,13,20260108,20260330,870.0,82.43850281586604,20.789739399173087,778
0852,29,11,20260101,20260403,870.0,163.55429309238673,4.331424832776842,770
0933,29,10,20251115,20260123,870.0,18.430449502186406,8.032471182959522,773
0950,29,12,20251217,20260202,870.0,63.52375145848254,21.42450628389766,778
0955,29,11,20251119,20260330,870.0,77.84773376434177,23.180604045642813,760
0960,29,13,20251119,20260330,870.0,92.40676067398306,23.63166846000325,759
0986,29,14,20251230,20260403,870.0,163.1987491734865,7.371046843992262,755
1067,29,12,20251121,20260123,870.0,13.671753558459443,8.979767483061543,755
1070,29,11,20251115,20260126,870.0,21.21592221291802,12.02398053812315,755
1071,29,12,20251115,20260127,870.0,23.761332947329045,13.007334727252283,774
1134,29,10,20260202,20260530,870.0,195.25548352230578,-3.3824701854000248,773
1233,29,15,20251122,20260208,870.0,102.13970115561318,28.55038125909341,757
1268,29,11,20260202,20260530,870.0,195.66941562167435,-0.6567768845816415,756
1350,29,9,20251210,20260120,870.0,49.365200114763965,26.74013125731111,759
1393,29,12,20251231,20260528,870.0,174.22454668445138,11.472648613584843,776
1406,29,11,20260213,20260504,870.0,206.39176210587323,-2.088615726540107,772
1469,29,11,20251115,20260120,870.0,9.426319501017105,15.935755541216018,758
1606,29,7,20251120,20260126,870.0,20.26458025467167,23.204647575004227,769
1629,29,11,20251120,20260222,870.0,90.89351543752127,37.022385114045406,763
1630,29,12,20251120,20260223,870.0,94.23947908449989,36.97347594067497,763
1677,29,9,20260331,20260715,870.0,224.3672381380076,-2.6816270751082825,756
1740,29,10,20251115,20260120,870.0,29.239390629885502,29.327120581126678,757
0140,28,11,20251205,20260201,840.0,35.19075754206358,-2.744646904294584,755
0144,28,10,20251129,20260122,840.0,45.33757004049439,0.624150946452996,755
0155,28,11,20251217,20260220,840.0,74.14577736214311,6.703994717128962,755
0314,28,9,20251205,20260315,840.0,148.37616458448966,-1.20108714818501,755
0402,28,11,20251207,20260201,840.0,32.744768658896305,2.0604623201736887,756
0405,28,11,20251129,20260122,840.0,40.34081048268022,4.664459983415534,791
0848,28,11,20260105,20260430,840.0,153.5595278920641,8.288955871979123,763
0864,28,10,20260202,20260426,840.0,193.11778314164403,-8.292896146498649,755
0988,28,11,20260101,20260403,840.0,168.16242351986094,5.311289316957624,772
1120,28,12,20251229,20260430,840.0,160.65111623620663,11.288141215409984,765
1125,28,12,20260101,20260528,840.0,173.12172148007764,6.113891839381438,755
1126,28,14,20260102,20260528,840.0,175.58748170821943,5.054572716708951,755
1127,28,12,20260106,20260529,840.0,178.0476814484366,3.9917304207833064,771
1217,28,10,20251213,20260120,840.0,54.08396061847964,25.06614773544188,778
1229,28,11,20251119,20260330,840.0,89.94870249574141,28.999900325020942,757
1230,28,11,20251119,20260223,840.0,93.00393922331023,28.972408012323207,758
1341,28,11,20251119,20260127,840.0,24.569823657125987,19.05686939872703,759
1404,28,10,20260213,20260406,840.0,201.41857408302704,-0.12488797906236099,755
1407,28,10,20260213,20260601,840.0,208.89204645467532,-3.0402400886830674,755
1510,28,13,20251201,20260310,840.0,132.05971032029157,29.16861227041986,757
1808,28,9,20260401,20260715,840.0,229.00087610968507,-1.2559557305326536,755
0017,27,10,20251129,20260122,810.0,47.96516380765394,-1.3834972505658938,755
0018,27,10,20251129,20260122,810.0,50.53588326234456,-0.6518347474286428,735
0148,27,11,20251119,20260218,810.0,55.65801042196121,3.4326336122386705,772
0158,27,9,20251217,20260308,810.0,82.19495179937343,7.38306287518035,755
0269,27,9,20251221,20260201,810.0,30.174413504853117,-1.7409393721455022,772
0271,27,10,20251207,20260201,810.0,35.194173049263526,0.0961686677817413,756
0551,27,13,20251221,20260308,810.0,75.16242825165207,14.883527276117707,758
0552,27,10,20260106,20260308,810.0,77.91725677947103,15.1332508813155,777
0687,27,12,20260108,20260330,810.0,81.45189057743812,18.05861428086598,777
0806,27,11,20251121,20260115,810.0,38.51052796728606,12.514381524518072,761
0851,27,13,20260102,20260430,810.0,161.0722717030864,5.34524605893274,755
0942,27,10,20251206,20260123,810.0,41.5746023443648,16.271502932459057,758
0961,27,12,20251122,20260306,810.0,95.32220986335962,23.560021793982806,761
0965,27,11,20251122,20260208,810.0,106.91798685944595,22.740405066668213,741
0984,27,10,20251229,20260430,810.0,158.19006296395034,9.377314592468863,774
1119,27,9,20251229,20260430,810.0,158.1174153022932,12.284444812219121,765
1221,27,10,20251217,20260127,810.0,65.75533825175154,27.205935076650412,759
1466,27,8,20251115,20260620,810.0,1.8519302329977048,12.706040988467068,775
1498,27,12,20251120,20260223,810.0,94.6382403998454,34.287009506125415,772
1534,27,11,20260208,20260530,810.0,195.19537426111924,5.346412755250397,755
1535,27,12,20260216,20260503,810.0,197.66708049529123,4.307914565937133,775
1602,27,10,20251115,20260120,810.0,9.733622075685677,18.98450725264051,758
1626,27,8,20251115,20260127,810.0,80.86698953354156,36.786533245438505,763
1640,27,8,20251201,20260222,810.0,126.70360343205742,33.16239950060329,735
1729,27,5,20251203,20260117,810.0,359.72500116147296,17.648540750202837,740
1738,27,9,20251115,20260117,810.0,23.59947052155,27.34432520661932,759
0027,26,10,20251213,20260220,780.0,74.12840816550553,4.009684807347578,756
0276,26,12,20251206,20260122,780.0,47.92878478574126,4.173470819383647,755
0318,26,10,20260102,20260316,780.0,158.34723858016017,-5.100564979018168,772
0399,26,10,20251123,20260201,780.0,25.24454307197562,-0.7743952565967039,755
0447,26,11,20260102,20260411,780.0,151.70756427391112,0.40396136589117587,755
0531,26,11,20251119,20260201,780.0,22.863401453339193,1.1599653210163143,755
0535,26,12,20251128,20260127,780.0,32.87438770264244,4.949713378032113,792
0681,26,9,20251217,20260220,780.0,64.77962915734317,16.201873633465336,757
0684,26,12,20251221,20260202,780.0,73.06757949786426,17.352806953449768,777
0685,26,9,20260106,20260222,780.0,75.8536795841877,17.638717735162707,740
0690,26,10,20260111,20260330,780.0,89.88770842761909,18.30022323469582,777
0799,26,8,20251119,20260127,780.0,20.707058909308405,6.060965950996935,772
0803,26,12,20251128,20260131,780.0,30.786924876552373,9.890057752416912,755
0805,26,11,20251121,20260131,780.0,35.918463671307165,11.667093927408578,758
0819,26,8,20251223,20260222,780.0,73.90838588397826,20.135791121592653,778
0850,26,10,20260105,20260430,780.0,158.58005582080736,6.344082029752799,756
0958,26,10,20260110,20260330,780.0,86.57236689282809,23.612728388682516,760
0990,26,12,20260102,20260528,780.0,173.09348658051746,3.213863709058913,772
1074,26,12,20251119,20260127,780.0,31.50886253468746,15.834394760416627,777
1094,26,10,20251119,20260330,780.0,88.11396096282314,26.313907974475374,759
1201,26,11,20251121,20260120,780.0,11.414038414409202,10.943690412787866,775
1279,26,7,20260331,20260715,780.0,223.44451309200608,-10.79153564842218,755
1351,26,9,20251213,20260120,780.0,52.268392183134324,27.41874963941008,759
1467,26,9,20251115,20260126,780.0,4.3628030963542495,13.786936537986584,757
1468,26,8,20251115,20260120,780.0,6.886956983743017,14.864213802664171,757
1540,26,9,20260215,20260601,780.0,210.09358489305288,-0.6334313376320279,756
1679,26,7,20260401,20260715,780.0,229.5093581704599,-4.174988590111142,755
0014,25,8,20251207,20260201,750.0,40.31168733780393,-3.7954214996948363,755
0146,25,10,20251206,20260122,750.0,50.47459428146977,2.1051154638005283,772
0159,25,8,20260107,20260308,750.0,84.88731044974672,7.507288670183133,772
0270,25,10,20251207,20260201,750.0,32.67985238966865,-0.8094757073693172,756
0448,25,11,20260102,20260430,750.0,154.20094208260875,-0.5590238260265025,756
0722,25,11,20260102,20260507,750.0,174.07477401489376,-3.0350573901241735,755
0820,25,8,20260106,20260222,750.0,76.74287298838495,20.405320328647942,759
0931,25,8,20251119,20260123,750.0,13.454348889459967,5.988816974204892,773
1197,25,7,20251120,20260620,750.0,1.4812869216526667,6.7037886348220805,755
1402,25,11,20260202,20260503,750.0,196.4730386526694,1.906716738984597,756
1508,25,10,20251128,20260222,750.0,126.09988886586119,30.533345063506307,775
1509,25,10,20251201,20260306,750.0,129.09663576924387,29.872830231718478,757
1641,25,12,20251201,20260310,750.0,129.78057669575372,32.48547072578827,756
1665,25,13,20260211,20260530,750.0,194.29302351799183,8.640160355370144,755
1667,25,12,20260216,20260530,750.0,199.25537832573352,6.546236424503464,775
1671,25,8,20260218,20260601,750.0,209.20911645008871,2.56122141889769,772
1797,25,12,20260216,20260530,750.0,201.24440134734564,8.620982674107696,755
0030,24,9,20260106,20260308,720.0,82.13867547414134,4.700692584594044,755
0056,24,4,20260104,20260311,720.0,150.12537618067785,-7.5885305885201015,775
0137,24,9,20251123,20260201,720.0,27.668349739097337,-5.571228140145093,755
0141,24,9,20251207,20260201,720.0,37.71310297794477,-1.8559543417753261,755
0267,24,9,20251123,20260201,720.0,25.18570368548627,-3.673851350744793,772
0577,24,7,20251230,20260312,720.0,145.29526600180057,5.593460177490479,755
0668,24,11,20251128,20260127,720.0,30.537642846672,6.952649589453548,755
0671,24,9,20251121,20260115,720.0,38.187561290134575,9.59414493715011,755
0807,24,9,20251121,20260123,720.0,41.12107707326388,13.331594349665542,757
0930,24,8,20251119,20260123,720.0,10.980870908025445,4.949956541297407,772
0938,24,11,20251119,20260131,720.0,31.108494955352622,12.850008928512201,775
0989,24,9,20260101,20260528,720.0,170.6312286245374,4.2663012258244555,772
1095,24,10,20251119,20260330,720.0,91.09564998989356,26.321262686675823,759
1121,24,10,20251230,20260403,720.0,163.16956134074582,10.27628460226409,755
1135,24,9,20260202,20260503,720.0,197.73157898997113,-4.4031621598613455,755
1200,24,9,20251121,20260115,720.0,8.915869621413025,9.892500185809402,755
1220,24,10,20251217,20260127,720.0,62.80199177452525,26.742392533239226,759
1355,24,9,20251217,20260127,720.0,64.16864336728504,29.68003514423456,758
1405,24,10,20260213,20260530,720.0,203.90102595816842,-1.1161953811336545,774
1536,24,11,20260216,20260530,720.0,200.14137563749972,3.283595638117902,773
1611,24,8,20251207,20260120,720.0,34.083030635462094,28.06050552462898,757
1732,24,9,20251115,20260120,720.0,7.462064974771635,20.961436086560557,778
1831,24,4,20260503,20260620,720.0,290.16885514775646,-5.72497734185675,756
0057,23,8,20260102,20260311,690.0,152.63535216930384,-8.572744101226595,756
0184,23,8,20260102,20260311,690.0,150.35233950284422,-4.806804569375436,773
0532,23,9,20251123,20260201,690.0,25.35093293257772,2.139277104457562,756
0536,23,10,20251129,20260122,690.0,35.40616818110937,5.837706351636104,773
0581,23,11,20260102,20260430,690.0,155.33947116114356,1.8682054979189087,772
0662,23,7,20251119,20260127,690.0,15.576069959491555,1.075818538268172,755
0666,23,8,20251128,20260127,690.0,25.507973416066868,5.068849407875289,755
0672,23,8,20251121,20260102,690.0,40.769136212025835,10.417900358746788,776
0720,23,7,20260122,20260403,690.0,169.1604947110899,-0.9234791368187824,756
0797,23,7,20251119,20260127,690.0,15.739444446061423,4.040308391092488,774
0798,23,7,20251119,20260127,690.0,18.218357967959317,5.057846737851783,756
0855,23,9,20260102,20260507,690.0,170.95411550255713,1.2195938765452496,755
0937,23,10,20251119,20260127,690.0,28.540411885941307,11.927843758636438,775
0985,23,11,20251230,20260430,690.0,160.700775068353,8.381861133310606,755
1066,23,8,20251121,20260123,690.0,11.182651126300353,7.940425098113858,755
1096,23,11,20251119,20260222,690.0,94.07636010807215,26.273250804501373,759
1281,23,7,20260401,20260715,690.0,228.68673337405113,-12.273549592269186,757
1342,23,9,20251119,20260127,690.0,27.2137565409617,20.02308655207091,759
1499,23,10,20251120,20260223,690.0,97.86768335794649,34.16914130218681,769
1507,23,10,20251125,20260222,690.0,123.07026947301296,31.147853082407305,775
1699,23,3,20260503,20260611,690.0,283.01208132824956,-9.25877566426747,775
1793,23,13,20260126,20260530,690.0,191.25619583101405,12.868648551328791,757
1829,23,3,20260503,20260620,690.0,284.8356048863264,-6.39076455956982,755
0011,22,7,20251221,20260201,660.0,32.73255691827457,-6.496201265426247,755
0053,22,8,20251205,20260311,660.0,142.5668416305894,-4.790321592962599,772
0136,22,7,20251123,20260127,660.0,25.17189769013092,-6.560689104934737,755
0139,22,9,20251205,20260201,660.0,32.67656377587443,-3.6613254458756836,772
0147,22,9,20251207,20260202,660.0,53.06044271498478,2.788847061598515,773
0183,22,8,20251205,20260311,660.0,147.84618998019383,-3.858536582632402,755
0277,22,10,20251207,20260122,660.0,50.51243116503336,4.886440494731752,772
0317,22,8,20260102,20260316,660.0,155.86283261916222,-4.094729469743147,755
0397,22,7,20251119,20260127,660.0,20.28276916104048,-2.7675173043490506,772
0584,22,6,20260109,20260217,660.0,162.7746480159933,-1.136671411320413,755
0586,22,7,20260109,20260403,660.0,167.7050872168422,-3.211599383775889,774
0588,22,9,20260102,20260507,660.0,172.62894710016224,-5.325804944662051,772
0663,22,8,20251119,20260127,660.0,18.04643971750523,2.097424526791139,772
0664,22,8,20251119,20260127,660.0,20.52427442745621,3.104754270859893,756
0686,22,9,20260107,20260330,660.0,78.64901026070262,17.874224539771078,759
0824,22,9,20260111,20260330,660.0,88.15647641428276,20.96415704028295,778
0856,22,10,20260102,20260528,660.0,173.4105393157812,0.16536030182165365,755
0857,22,11,20260102,20260507,660.0,175.86458466832167,-0.89410673347922,774
0954,22,9,20251119,20260222,660.0,74.95587764519809,22.930671522480644,760
0998,22,8,20260129,20260530,660.0,192.75591723559938,-5.23938909374166,773
1207,22,9,20251119,20260127,660.0,26.729869804723347,16.984111933174336,758
1415,22,6,20260401,20260715,660.0,229.35454559500786,-9.67947550487492,755
1546,22,7,20260410,20260715,660.0,225.31594148690206,-5.760979241767406,772
1828,22,3,20260503,20260611,660.0,282.15819876288174,-6.649133968704184,755
0012,21,8,20251221,20260201,630.0,35.25210111891177,-5.566843261542277,755
0015,21,7,20251129,20260122,630.0,42.853578092528224,-2.9569899428607425,755
0024,21,9,20251213,20260220,630.0,66.17876315138658,2.8686806720969034,771
0025,21,9,20251213,20260220,630.0,68.82041765130082,3.2976043584274777,772
0138,21,8,20251221,20260201,630.0,30.16948093830329,-4.604142787629195,755
0149,21,9,20251213,20260218,630.0,58.267235002582936,4.034968857504795,774
0186,21,8,20260102,20260316,630.0,155.34888336891302,-6.773086949042056,756
0268,21,8,20251221,20260201,630.0,27.676764396555917,-2.6963585026233265,773
0313,21,8,20251205,20260312,630.0,145.86531346527707,-0.28412617236607257,755
0450,21,8,20260102,20260316,630.0,159.166311074826,-2.544426241206008,774
0589,21,9,20260122,20260507,630.0,175.09256550540567,-6.392760737199113,755
0670,21,9,20251129,20260131,630.0,35.62228657236078,8.74075627587959,755
0716,21,10,20260105,20260430,630.0,159.2842138608813,3.1807762204909085,756
0723,21,9,20260122,20260507,630.0,176.53163375716488,-4.098907036974206,755
0792,21,7,20251121,20260102,630.0,3.438055785926332,-1.195399220929468,774
0795,21,7,20251127,20260123,630.0,10.804995932471376,1.9697855701172806,771
0802,21,8,20251128,20260127,630.0,28.245684680873854,8.96421830884474,756
0804,21,10,20251128,20260131,630.0,33.344202479258634,10.791669175779017,755
0926,21,6,20251121,20260102,630.0,1.1466439496363114,0.7268289365858506,755
0932,21,9,20251119,20260123,630.0,15.937026298647046,7.016980965899114,756
0936,21,8,20251119,20260127,630.0,25.989782139665568,10.982994585429545,767
1062,21,5,20251127,20260620,630.0,1.3110351049133337,3.7134352003994886,755
1072,21,10,20251119,20260127,630.0,26.3244508643094,13.971572673785618,757
1073,21,8,20251119,20260127,630.0,28.906565615849438,14.914620610650962,773
1128,21,8,20260109,20260529,630.0,180.5040220028938,2.927329875174589,773
1260,21,9,20260106,20260507,630.0,175.9754436843075,7.803302928077337,772
1333,21,6,20251115,20251229,630.0,4.1478023490443485,10.773056556949081,775
1403,21,10,20260202,20260503,630.0,198.94305524331057,0.8833903188185065,755
1475,21,7,20251119,20260117,630.0,25.087645799311122,22.121885860285108,741
1598,21,5,20251203,20260117,630.0,359.5323963038224,14.630003778801674,757
1736,21,8,20251120,20260126,630.0,18.101154202337067,25.275340314464735,752
1822,21,3,20260528,20260611,630.0,266.01641474904267,-7.1213867786049985,772
1832,21,3,20260503,20260620,630.0,292.8227749363562,-5.3192906886596765,772
0023,20,9,20251213,20260218,600.0,63.546276450022965,2.3925605449499856,774
0026,20,10,20251213,20260220,600.0,71.47056370922182,3.6782602064978684,772
0389,20,6,20251119,20260101,600.0,2.4205805634540303,-13.319414641061934,770
0582,20,9,20260102,20260318,600.0,157.82507394875128,0.8834831340512553,755
0667,20,7,20251128,20260123,600.0,28.016461125690974,6.0217507277023445,755
0721,20,8,20260102,20260507,600.0,171.61828560676952,-1.9759319585808324,773
0793,20,7,20251121,20260119,600.0,5.89124362760704,-0.1350113351300865,755
0801,20,5,20251128,20260123,600.0,25.719420163716208,8.016113826439678,755
0928,20,5,20251127,20260119,600.0,6.05511275897364,2.8480152601626876,773
0929,20,7,20251127,20260123,600.0,8.515001187301012,3.902368734506056,772
1065,20,7,20251127,20260123,600.0,8.70369457004207,6.892134257695793,793
1144,20,4,20260215,20260428,600.0,220.58196445051897,-12.723050543279266,757
1269,20,9,20260202,20260503,600.0,198.1397600048601,-1.67879345656277,773
1413,20,7,20260331,20260715,600.0,224.15201840978727,-8.207726904755022,755
1639,20,9,20251125,20260222,600.0,123.58932510576825,33.79195005309431,753
1689,20,3,20260403,20260620,600.0,255.9444705345189,-9.15903915783301,792
1730,20,7,20251115,20260620,600.0,2.2854759034133014,18.755572903888666,740
1809,20,6,20260401,20260601,600.0,231.57937224514018,-1.9635422263036306,772
1810,20,6,20260401,20260507,600.0,234.1693477072313,-2.631998734732092,773
1811,20,4,20260429,20260611,600.0,236.7708347355151,-3.259782620993105,755
1812,20,4,20260429,20260611,600.0,239.38371887295057,-3.8454177543771078,755
1818,20,3,20260403,20260620,600.0,255.27608336811696,-6.401714096287919,756
0009,19,7,20251123,20260127,570.0,27.708378334782715,-8.432903339069526,755
0055,19,7,20251205,20260311,570.0,147.61145109165528,-6.628797457710987,755
0315,19,8,20260102,20260316,570.0,150.87859126896765,-2.1430926873186054,755
0316,19,8,20260102,20260316,570.0,153.37373214252375,-3.1082701057813913,755
0583,19,5,20260109,20260318,570.0,160.30299893969857,-0.11878302367802236,755
0794,19,7,20251121,20260119,570.0,8.346339285797857,0.9206984854283736,755
0800,19,6,20251128,20260127,570.0,23.206964997170193,7.0477085940268065,792
0854,19,7,20260101,20260403,570.0,168.49366801297563,2.266647709478118,771
0935,19,8,20251127,20260126,570.0,23.4554372038248,10.017477054385676,775
0991,19,10,20260102,20260528,570.0,175.55084299236194,2.1559358818121908,755
1133,19,6,20260202,20260530,570.0,192.78704008806278,-2.349692683936496,773
1198,19,7,20251120,20260115,570.0,3.9512307532776467,7.770537816826234,775
1199,19,7,20251121,20260115,570.0,6.4288439826079316,8.834109404083405,775
1270,19,8,20260202,20260406,570.0,200.6172793060486,-2.6864517293341947,772
1273,19,6,20260308,20260504,570.0,208.10677364449438,-5.603955257605269,755
1400,19,10,20260202,20260530,570.0,191.54343653517927,3.9907897693800014,772
1414,19,7,20260401,20260715,570.0,226.74550571997503,-8.961360580499472,775
1548,19,5,20260401,20260506,570.0,230.4940816490199,-7.212377991722787,756
1558,19,3,20260403,20260620,570.0,257.1750179763635,-11.96118478523676,758
1607,19,7,20251120,20260126,570.0,22.964017318832592,24.221301369539944,760
1664,19,11,20260208,20260530,570.0,191.80988575975124,9.705648043730392,756
1690,19,3,20260403,20260620,570.0,258.64164999479317,-9.399675452442096,755
1737,19,7,20251120,20260126,570.0,20.833608095662346,26.319279482422303,759
1817,19,4,20260403,20260620,570.0,252.60509444329838,-6.09529798634272,755
1819,19,3,20260403,20260620,570.0,257.9538571936541,-6.658142475898592,775
1820,19,3,20260403,20260620,570.0,260.63730548325674,-6.863906554451197,755
1826,19,3,20260529,20260611,570.0,276.78734217264036,-7.013415427242408,756
0002,18,5,20251123,20260101,540.0,10.125921086735397,-15.826576312032476,758
0020,18,9,20251207,20260202,540.0,55.70866016556716,0.6932054168514242,755
0129,18,5,20251123,20260101,540.0,7.699583042997303,-13.950263531386481,757
0131,18,6,20251121,20260101,540.0,12.708043810062296,-11.775996829806417,755
0185,18,7,20260102,20260315,540.0,152.85280551489615,-5.778953992569968,772
0258,18,5,20251123,20260101,540.0,6.230729213542694,-14.590940701781266,758
0261,18,6,20251121,20260101,540.0,10.298222373496609,-9.89500628327369,775
0391,18,5,20251121,20260101,540.0,5.455279432820707,-9.0733833352432,776
0393,18,6,20251121,20260101,540.0,10.400978978275566,-6.932568052000998,756
0449,18,7,20260102,20260316,540.0,156.6867511849152,-1.5424548597671122,755
0519,18,6,20251119,20251205,540.0,354.35741674636125,-13.873934403704599,758
0523,18,6,20251121,20260101,540.0,3.128761141672381,-7.163062409008973,755
0524,18,6,20251121,20260101,540.0,5.594182424750481,-6.093276463897658,755
0527,18,6,20251121,20260123,540.0,12.979702465677748,-2.9187535323316856,772
0528,18,6,20251119,20260123,540.0,15.443570775374587,-1.8787018543814453,773
0656,18,5,20251121,20251230,540.0,2.0239919378920925,-7.642761954464335,791
0660,18,6,20251121,20260123,540.0,10.651696505281752,-1.002479436875146,755
0790,18,3,20251121,20251230,540.0,0.4375754905750136,-5.412437856641675,775
0796,18,6,20251119,20260127,540.0,13.268836251726993,3.010304616140627,771
0927,18,4,20251127,20260102,540.0,3.5995514202217422,1.7888516902434861,774
0939,18,10,20251121,20260131,540.0,33.69508957049638,13.747471787199233,757
1063,18,4,20251127,20260102,540.0,3.7695739526168213,4.776664182502441,756
1064,18,4,20251127,20260102,540.0,6.233228705999008,5.836887176251873,774
1196,18,4,20251120,20260104,540.0,359.01726608832945,5.635850294684624,772
1559,18,3,20260403,20260620,540.0,259.899296153182,-12.176395714026688,776
0019,17,6,20251207,20260121,510.0,53.116998063729646,0.040921752435163564,756
0022,17,8,20251213,20260202,510.0,60.92350814331192,1.870416304816935,772
0054,17,6,20251205,20260311,510.0,145.0923180921324,-5.695438797259988,773
0259,17,6,20251119,20260101,510.0,5.319112505310238,-12.057469965629782,754
0266,17,6,20251123,20260127,510.0,22.699926937547197,-4.671519893031475,755
0319,17,6,20260104,20260316,510.0,160.82839009380683,-6.123855727736488,755
0390,17,6,20251119,20260101,510.0,4.922819677765264,-12.230036564927913,775
0392,17,6,20251121,20260101,510.0,7.929956977670448,-7.999756834171221,756
0394,17,6,20251121,20260119,510.0,12.870099393548877,-5.8737936435311795,756
0395,17,7,20251121,20260119,510.0,15.33902011861681,-4.825395921289313,756
0651,17,6,20251119,20251205,510.0,349.56930789109856,-12.982881617399045,775
0717,17,7,20260102,20260318,510.0,161.76313903833164,2.1744224704340196,772
0785,17,6,20251119,20251205,510.0,348.04414149223004,-10.711881244467378,775
0786,17,6,20251119,20251205,510.0,350.5416098814312,-9.663226857265062,755
0849,17,7,20260105,20260430,510.0,156.07624811223135,7.325972945452399,755
1139,17,6,20260217,20260504,510.0,207.74134511621946,-8.32601418246898,772
1208,17,8,20251119,20260127,510.0,29.351267950358164,17.926723954542116,758
1267,17,8,20260202,20260530,510.0,193.20475284908167,0.37766287124323483,772
1416,17,5,20260401,20260506,510.0,231.97926039548489,-10.360365340940437,755
1435,17,3,20260503,20260611,510.0,283.87217767969906,-14.552981873956796,757
1449,17,5,20251119,20251204,510.0,321.0967531400334,-6.567233003853779,755
1533,17,9,20260208,20260530,510.0,192.72466538600833,6.397147505118991,755
1568,17,3,20260503,20260611,510.0,284.48851593271564,-11.805286637882379,758
1681,17,5,20260401,20260506,510.0,234.702068252024,-5.5183810293294435,755
1700,17,3,20260503,20260620,510.0,285.7049711258277,-8.987625767708401,755
1821,17,3,20260528,20260611,510.0,263.32524086345893,-7.0184591424949145,775
0021,16,7,20251209,20260202,480.0,58.310876124814904,1.303513890923518,756
0255,16,3,20251119,20251217,480.0,358.62366636517123,-17.900442198635222,777
0396,16,6,20251119,20260119,480.0,17.809384211477237,-3.7893244528493466,755
0451,16,5,20260109,20260217,480.0,161.64102903222258,-3.563021838148593,755
0452,16,5,20260109,20260217,480.0,164.1123931207458,-4.596315155933019,755
0585,16,5,20260109,20260217,480.0,165.24149682287953,-2.168254664380032,774
0652,16,6,20251119,20251205,480.0,352.0820033529965,-11.92369646209346,775
0863,16,7,20260129,20260426,480.0,190.63320610939533,-7.251546226255734,775
0995,16,5,20260129,20260529,480.0,185.36476270208308,-2.0916430421271945,774
1266,16,8,20260129,20260530,480.0,190.74422002983547,1.4225884415887984,772
1274,16,5,20260308,20260601,480.0,210.62647121289672,-6.534872159870643,756
1280,16,6,20260410,20260715,480.0,226.05698508765602,-11.550134577631239,775
1330,16,5,20251120,20251231,480.0,356.70975143344634,7.553166486778846,755
1401,16,9,20260202,20260530,480.0,194.00702154022386,2.9431619736596297,772
1458,16,6,20251122,20260103,480.0,343.6267186167538,1.9466737644136751,772
1459,16,6,20251122,20260103,480.0,346.0921396770697,2.9833889767871433,771
1560,16,2,20260403,20260528,480.0,262.62920513951804,-12.34087851702311,758
1567,16,3,20260503,20260611,480.0,281.7684858708063,-12.051139650113734,758
1688,16,3,20260403,20260620,480.0,253.25433390750504,-8.868528268011646,756
1691,16,2,20260403,20260528,480.0,261.3446354590403,-9.58978495791635,755
1698,16,3,20260503,20260611,480.0,280.3125970996201,-9.479787337686734,755
0004,15,5,20251121,20260101,450.0,15.168826252820422,-13.639654254415813,758
0005,15,4,20251123,20260101,450.0,17.680792446469187,-12.56447072762335,758
0008,15,5,20251123,20260122,450.0,25.20114010577964,-9.436443086184658,755
0132,15,5,20251121,20260101,450.0,15.20377157778101,-10.703741810350238,775
0257,15,4,20251123,20251205,450.0,3.707943818407963,-15.691669323724913,767
0260,15,5,20251123,20260101,450.0,7.8117720643973785,-10.97301407351112,758
0262,15,5,20251121,20260101,450.0,12.780315024192493,-8.82546103274064,755
0385,15,3,20251119,20251205,450.0,352.2877850867178,-17.676014380332507,777
0387,15,4,20251119,20251205,450.0,357.3829776697436,-15.502133584361282,757
0454,15,5,20260129,20260217,450.0,169.0513746703081,-6.699235182139663,756
0516,15,4,20251124,20251205,450.0,346.7273778479954,-17.070905753438566,758
0517,15,5,20251119,20251205,450.0,349.28770212982334,-16.013477398593842,758
0518,15,5,20251119,20251205,450.0,351.8304165250755,-14.947103005487447,757
0520,15,5,20251119,20251205,450.0,356.87060965928924,-12.796092692538597,758
0522,15,5,20251119,20260101,450.0,1.8631921925504162,-10.634733123953946,775
0526,15,5,20251121,20260119,450.0,10.517948480279037,-3.9691640286733882,772
0587,15,6,20260102,20260217,450.0,170.16701988686754,-4.264765450124537,773
0649,15,5,20251119,20251205,450.0,344.49874714353126,-15.073526271830287,775
0650,15,5,20251119,20251205,450.0,347.04214305551966,-14.033525648460568,757
0653,15,5,20251119,20251205,450.0,354.5820164813417,-10.858047836612212,756
0657,15,3,20251121,20251230,450.0,3.2820986719467364,-4.178548856511165,755
0658,15,5,20251121,20260102,450.0,5.738568705592457,-3.1146344906754155,756
0659,15,5,20251121,20260119,450.0,8.194542578143006,-2.0552956113692566,755
0661,15,4,20251205,20260123,450.0,13.111672326749133,0.04187162263125169,755
0715,15,7,20260109,20260430,450.0,156.79629550732218,4.17076307758357,775
0729,15,6,20260213,20260426,450.0,191.37681743465143,-10.471071536206287,756
0787,15,6,20251124,20251205,450.0,353.02796424741746,-8.60694667206405,755
0993,15,6,20260109,20260529,450.0,180.45753486089103,0.031421486988348075,755
1145,15,2,20260331,20260428,450.0,223.2031160362839,-13.515460857606834,757
1282,15,4,20260401,20260428,450.0,231.33386785742366,-12.960019477680143,758
1419,15,4,20260429,20260611,450.0,239.94625333410792,-12.163434067945952,775
1420,15,4,20260429,20260611,450.0,242.63164217717303,-12.679503382370992,775
1426,15,3,20260403,20260620,450.0,258.99944650866394,-14.793967996463143,757
1532,15,8,20260208,20260530,450.0,190.2532961643309,7.458163697863194,756
1550,15,3,20260401,20260506,450.0,235.72864434205962,-8.51202415966695,775
1551,15,3,20260429,20260611,450.0,238.36688150445707,-9.100984577014318,775
1552,15,4,20260429,20260611,450.0,241.01866840556153,-9.647391927745062,756
1562,15,2,20260528,20260529,450.0,268.09998417000935,-12.51594612771669,769
1591,15,5,20251122,20260103,450.0,343.83842959230003,4.936541966005711,772
1682,15,3,20260429,20260611,450.0,237.3175061532697,-6.129878152718824,755
1683,15,4,20260429,20260611,450.0,239.9454253136398,-6.699256136434789,775
1684,15,4,20260429,20260611,450.0,242.58545804977607,-7.225117340306397,775
1693,15,2,20260528,20260529,450.0,266.76271181905247,-9.816483950489559,775
1728,15,3,20251203,20260105,450.0,357.1801073366561,16.54174508590968,740
1813,15,4,20260429,20260611,450.0,242.00774010561526,-4.387501900991442,755
0007,14,5,20251123,20260122,420.0,22.6952054567013,-10.460864146671337,775
0130,14,5,20251123,20260101,420.0,10.207285397975534,-12.858850750344592,776
0134,14,5,20251123,20260122,420.0,20.187407491517543,-8.599067603153532,756
0135,14,5,20251123,20260122,420.0,22.678744503180596,-7.570613010258343,792
0265,14,5,20251123,20260122,420.0,20.21803296114943,-5.687450843292938,792
0322,14,5,20260129,20260219,420.0,168.26800116537635,-9.279023617186244,755
0525,14,5,20251121,20260101,420.0,8.056670142626265,-5.027989276899413,773
0865,14,6,20260202,20260530,420.0,195.6133825109594,-9.323748442467105,755
0992,14,7,20260109,20260507,420.0,178.00496532603452,1.0944716875446894,755
1132,14,6,20260129,20260530,420.0,190.3247014643363,-1.3067779609308359,756
1272,14,5,20260213,20260504,420.0,205.59947559649277,-4.650962500298184,773
1417,14,5,20260401,20260506,420.0,234.61961211060162,-11.002374675521196,756
1418,14,4,20260429,20260611,420.0,237.27539891862884,-11.60390714914667,775
1450,14,4,20251119,20251204,420.0,323.6448829825293,-5.7166375634406466,755
1460,14,5,20251120,20260103,420.0,348.55518660413117,4.031205666723508,768
1592,14,5,20251122,20260103,420.0,346.3088642663433,5.982497220449301,763
1680,14,4,20260401,20260506,420.0,232.09932972837072,-4.866237708877086,772
1687,14,3,20260403,20260620,420.0,250.5723850607307,-8.528922647885096,775
1695,14,2,20260529,20260611,420.0,272.18758709204184,-9.836647699215096,775
1722,14,4,20251122,20251231,420.0,342.2583738949522,7.176262112141401,755
1814,14,6,20260429,20260611,420.0,244.64249549220364,-4.884714333678548,772
1815,14,6,20260430,20260620,420.0,247.28744340953793,-5.335823534650866,773
1816,14,3,20260403,20260620,420.0,249.94190950936,-5.739694854951509,756
1824,14,2,20260529,20260611,420.0,271.40327924950265,-7.171400960157743,775
1825,14,2,20260529,20260611,420.0,274.0963215626047,-7.118353818470937,772
1840,14,4,20251120,20260601,420.0,313.6709141120555,-0.482026043151241,755
0320,13,4,20260109,20260217,390.0,163.30781519554,-7.1626658775051695,775
0590,13,6,20260213,20260507,390.0,177.559608910463,-7.463664803598792,755
0591,13,6,20260213,20260507,390.0,180.0318409372979,-8.536536337603353,755
0724,13,6,20260213,20260507,390.0,178.99056611978574,-5.165526151763336,772
0994,13,3,20260129,20260529,390.0,182.91023883771666,-1.0312662245072595,756
1004,13,4,20260217,20260504,390.0,207.8042419574269,-11.20760012922499,738
1141,13,4,20260217,20260601,390.0,212.82753191929186,-10.164089386122974,756
1422,13,5,20260430,20260620,390.0,248.04307620041942,-13.575899556689787,758
1448,13,4,20251119,20251130,390.0,318.5343624944769,-7.387749922569903,756
1463,13,5,20251120,20251231,390.0,355.9465940658682,7.221789548803409,775
1556,13,3,20260403,20260620,390.0,251.74884925820717,-11.381124394496892,755
1581,13,4,20251120,20251204,390.0,318.8141227481263,-4.492608699988666,772
1582,13,4,20251120,20251204,390.0,321.3607965551447,-3.662310254120911,772
1583,13,4,20251120,20251204,390.0,323.895054793239,-2.8020433514744165,755
1597,13,4,20251203,20260105,390.0,357.01815023581975,13.536990030533204,775
1686,13,5,20260430,20260620,390.0,247.89966320399682,-8.141123691017064,755
1850,13,4,20251122,20251231,390.0,338.8535633311844,8.658241349862461,756
0001,12,3,20251124,20251205,360.0,7.590927324097997,-16.934143909637097,759
0003,12,4,20251123,20260101,360.0,12.651197072703669,-14.72771267963299,757
0263,12,4,20251121,20260101,360.0,15.25984214980392,-7.7663724028472405,755
0321,12,4,20260129,20260217,360.0,165.7871237216067,-8.215044283362385,755
0386,12,4,20251119,20251205,360.0,354.84359824098397,-16.59125422684454,777
0388,12,4,20251119,20251205,360.0,359.9079644322183,-14.410811851022265,758
0453,12,4,20260129,20260217,360.0,166.5819653065119,-5.642369086665271,755
0648,12,4,20251124,20251205,360.0,341.9373956022771,-16.10075543660933,777
0655,12,3,20251123,20260103,360.0,359.5512067544329,-8.71555702430731,775
0783,12,4,20251124,20251205,360.0,343.00912850918394,-12.778158559132429,774
0784,12,4,20251124,20251205,360.0,345.5338668672342,-11.750875963410357,755
0788,12,3,20251127,20260103,360.0,355.5049212528289,-7.545057141130825,755
0789,12,3,20251127,20260103,360.0,357.9742124745133,-6.479558777026391,775
0919,12,4,20251124,20251205,360.0,344.74552349137815,-9.176004733800058,755
0925,12,3,20251121,20260103,360.0,359.57723350085826,-2.868935181051374,771
0997,12,5,20260129,20260426,360.0,190.28595620545116,-4.1976603405833,772
1059,12,3,20251120,20260103,360.0,356.98448825022655,-1.076860633437733,755
1143,12,5,20260215,20260601,360.0,217.97938517805588,-11.899072246735757,758
1182,12,2,20251119,20251130,360.0,325.1567043656272,-10.859342029385262,756
1271,12,5,20260213,20260406,360.0,203.10340043803936,-3.6778184802228475,772
1329,12,3,20251120,20251220,360.0,356.39913387609045,4.500055016389174,791
1331,12,3,20251203,20260103,360.0,359.1817555392535,8.626471436344097,770
1332,12,4,20251127,20260620,360.0,1.6605030197001405,9.7004385190094,775
1423,12,3,20260403,20260620,360.0,250.7672558052264,-13.953788639216324,758
1465,12,3,20251203,20260120,360.0,359.3524167122749,11.623615654610145,755
1553,12,4,20260429,20260611,360.0,243.68349460290813,-10.149859529060612,755
1557,12,3,20260403,20260620,360.0,254.45776693925956,-11.695848763402967,775
1590,12,4,20251122,20251231,360.0,341.3663590319088,3.9035813965200767,792
1701,12,3,20260503,20260620,360.0,288.3900848410893,-8.667069969610383,756
1702,12,3,20260504,20260620,360.0,291.0663412395388,-8.29796446478333,756
1708,12,2,20251122,20260601,360.0,306.8928245886461,-5.125562590463286,755
1712,12,3,20251120,20251204,360.0,317.19571879991304,-2.199067389122666,772
1721,12,4,20251122,20251231,360.0,339.777368465146,6.142224315156512,772
1723,12,4,20251122,20251231,360.0,344.7389034551048,8.224726498482177,755
1830,12,3,20260503,20260620,360.0,287.5061618584954,-6.082443446312922,772
1837,12,2,20251122,20260601,360.0,305.9375217790684,-2.6072687934907215,755
1848,12,5,20251120,20251227,360.0,333.8639844177418,6.630182762871909,755
1851,12,4,20251122,20251231,360.0,341.34678961869525,9.699317867151258,775
0006,11,3,20251123,20260101,330.0,20.18898728582553,-11.504202783573664,757
0058,11,4,20260102,20260217,330.0,155.14275673910367,-9.579518407032932,776
0187,11,4,20260102,20260217,330.0,157.84197516327478,-7.787285361439988,775
0323,11,4,20260202,20260217,330.0,170.7522025021474,-10.352619037228045,774
0324,11,3,20260213,20260217,330.0,173.24154590573426,-11.433826456374469,757
0455,11,4,20260202,20260217,330.0,171.52231066436772,-7.76495250371169,755
0920,11,4,20251124,20251205,330.0,347.2389627057104,-8.143714688870897,755
0996,11,4,20260129,20260219,330.0,187.822782340252,-3.1477588896231796,793
1056,11,3,20251125,20260103,330.0,349.6096669479769,-4.24195664649738,756
1140,11,4,20260217,20260504,330.0,210.2766997353856,-9.256962745557486,756
1142,11,3,20260217,20260601,330.0,215.3948116177638,-11.045440946577408,758
1147,11,2,20260401,20260428,330.0,228.5026145994518,-14.998044599214673,775
1183,11,3,20251119,20251204,330.0,327.7199774371048,-9.972464554286878,755
1283,11,4,20260401,20260429,330.0,233.9983292308251,-13.607831554710236,776
1315,11,3,20251119,20251130,330.0,321.4960534945877,-9.253046280168945,775
1316,11,3,20251119,20251204,330.0,324.0599930859931,-8.402619532048549,792
1325,11,5,20251125,20260103,330.0,346.5671286228895,0.28020848165903395,756
1425,11,3,20260403,20260620,330.0,256.24678591874437,-14.563689881422343,777
1457,11,5,20251122,20251227,330.0,341.1573535317947,0.9229950880090583,755
1554,11,5,20260430,20260611,330.0,246.36069711254453,-10.607088421970863,775
1564,11,2,20260529,20260611,330.0,273.57506736031564,-12.484405638785445,774
1718,11,3,20251120,20251227,330.0,332.31604054803233,3.1460603616709037,773
1719,11,4,20251120,20251227,330.0,334.8076596514092,4.1252001201637905,772
1724,11,4,20251122,20251231,330.0,347.2206253992401,9.285654149858829,755
1852,11,4,20251122,20251231,330.0,343.84114678866223,10.755806747786858,773
1853,11,3,20251122,20251231,330.0,346.3383780918708,11.825717083066516,751
0059,10,4,20260102,20260217,300.0,157.64908200550562,-10.606909336284163,756
0594,10,4,20260213,20260312,300.0,187.49759046502834,-11.746913004966332,762
0728,10,5,20260129,20260426,300.0,188.8815810592433,-9.420277480391178,775
0858,10,6,20260109,20260507,300.0,178.31792169277023,-1.9568604808118335,773
0860,10,4,20260129,20260219,300.0,183.22922953759863,-4.084428778956738,755
1054,10,3,20251125,20251227,300.0,344.66160345499765,-6.314019424746285,756
1319,10,3,20251120,20251204,300.0,331.66308115884794,-5.691153839652145,772
1421,10,4,20260507,20260611,300.0,245.33086857862068,-13.150748896975491,775
1434,10,2,20260530,20260611,300.0,281.1199469361958,-14.785358943476906,777
1452,10,3,20251120,20251204,300.0,328.70133702128464,-3.9325966005466446,755
1453,10,3,20251120,20251204,300.0,331.21145998138434,-3.002889275910425,772
1456,10,4,20251122,20251227,300.0,338.68253878334446,-0.08571890563238117,755
1462,10,4,20251120,20251231,300.0,353.48071561546845,6.152363101822695,772
1464,10,3,20251203,20251231,300.0,356.862356306208,10.541722668625678,755
1549,10,4,20260401,20260506,300.0,233.1043117298322,-7.881976475825116,773
1555,10,4,20260430,20260620,300.0,249.04946552732855,-11.017875984971427,756
1580,10,3,20251120,20251130,300.0,316.25439844259034,-5.291144041819427,756
1584,10,3,20251120,20251204,300.0,326.41766351450576,-1.9136289642710682,755
1594,10,4,20251120,20251231,300.0,351.2514184902876,8.105584276052266,772
1595,10,4,20251120,20251231,300.0,353.7269827831286,9.178778018060605,756
1685,10,4,20260507,20260611,300.0,245.23708973396293,-7.706147470958364,755
1694,10,1,20260529,20260529,300.0,269.4750154152594,-9.852450015015217,775
1727,10,4,20251203,20260105,300.0,354.64861979878907,15.437362066479578,757
1823,10,1,20260529,20260529,300.0,268.7095341447875,-7.172413072477574,755
1855,10,3,20251203,20251231,300.0,351.34885262047476,13.997722249860349,775
0060,9,3,20260104,20260217,270.0,160.15593005905163,-11.652948392576915,757
0133,9,3,20251123,20260101,270.0,17.69630695797929,-9.644101125855224,755
0188,9,3,20260104,20260217,270.0,160.3335843383731,-8.8196115452505,755
0325,9,4,20260213,20260219,270.0,175.7379062583374,-12.520620465889875,756
0326,9,4,20260213,20260219,270.0,178.24320833422567,-13.610951976013242,775
0457,9,4,20260213,20260219,270.0,176.47578149130658,-9.915025209831475,765
0458,9,4,20260213,20260219,270.0,178.9619355111534,-10.995381139320159,775
0459,9,4,20260213,20260219,270.0,181.45684000347228,-12.076585069882022,755
0515,9,2,20251125,20251202,270.0,344.14757127131804,-18.11720378918583,759
0521,9,2,20251202,20251217,270.0,359.3719023421083,-11.71567027854328,776
0598,9,3,20260213,20260330,270.0,197.6334457676338,-15.931712621201525,777
0654,9,3,20251127,20251205,270.0,357.0711488653031,-9.787990282356082,755
0782,9,3,20251124,20251205,270.0,340.4683147264596,-13.791657227275458,757
0791,9,3,20251121,20251230,270.0,0.9850999004535105,-2.2585196027284735,773
0861,9,4,20260129,20260219,270.0,185.69059572126767,-5.145332160765014,755
0862,9,5,20260129,20260219,270.0,188.15802860430338,-6.201696326143164,755
0866,9,4,20260213,20260330,270.0,198.1215852855021,-10.342092603956303,775
0918,9,3,20251124,20251205,270.0,342.23970330455774,-10.196084516763884,775
0922,9,4,20251125,20260103,270.0,352.1950901302494,-6.050519524325043,755
1061,9,3,20251120,20251220,270.0,358.8559096776128,2.6491614201898708,772
1180,9,2,20251119,20251122,270.0,319.9780183004305,-12.549286206021192,775
1194,9,3,20251120,20260103,270.0,355.1085228304921,1.0259387175274146,755
1195,9,3,20251120,20260103,270.0,357.56171669152934,2.0880379160816327,772
1286,9,2,20260429,20260611,270.0,242.0924555991661,-15.303108409992488,790
1287,9,3,20260429,20260611,270.0,244.82211827145736,-15.780448101909077,777
1328,9,2,20251120,20260103,270.0,353.9418468925316,3.4358983341456,774
1424,9,2,20260403,20260620,270.0,253.50225425092287,-14.283362671464568,757
1439,9,2,20260504,20260620,270.0,294.78560076059983,-13.132084537905142,769
1447,9,3,20251119,20251122,270.0,315.95713391062213,-8.176371336232457,792
1461,9,3,20251120,20260103,270.0,351.0174863156188,5.088180995397677,772
1566,9,3,20260529,20260611,270.0,279.04193972544425,-12.246620765578543,775
1696,9,2,20260529,20260611,270.0,274.8989857724465,-9.76912139228686,755
1697,9,3,20260529,20260611,270.0,277.60778601565914,-9.650058387067546,755
1703,9,2,20260504,20260620,270.0,293.73277239993985,-7.881282634483243,791
1713,9,3,20251120,20251204,270.0,319.74098394361386,-1.3804793462819804,755
1714,9,3,20251120,20251204,270.0,322.2750588187758,-0.5305687738755686,755
1715,9,2,20251120,20251204,270.0,324.79867850258626,0.348871852331149,755
1720,9,4,20251122,20251227,270.0,337.2942982399344,5.124559953126521,756
1725,9,4,20251203,20251231,270.0,349.70528126101755,10.35706405795894,774
1833,9,2,20260504,20260620,270.0,295.46712733458594,-4.866418962398164,773
1838,9,2,20251122,20260601,270.0,308.52674808136936,-1.9373754540184163,772
1839,9,3,20251120,20260601,270.0,311.1044837912645,-1.2284264854693872,755
1841,9,3,20251120,20251204,270.0,316.2263692360582,0.3001693099255649,772
1842,9,3,20251120,20251204,270.0,318.7713219181246,1.1164567147414552,772
1843,9,3,20251120,20251204,270.0,321.3063842253662,1.9650925555665089,772
1844,9,3,20251120,20251204,270.0,323.83230362882387,2.844297378148005,772
1847,9,3,20251120,20251227,270.0,331.3646151013336,5.647078389525294,755
0062,8,2,20260215,20260217,240.0,165.17812585814787,-13.792972330579891,758
0128,8,2,20251124,20251202,240.0,5.7402009936536444,-17.743793509740872,777
0190,8,3,20260213,20260217,240.0,165.31884295466133,-10.930797627034284,775
0191,8,3,20260213,20260217,240.0,167.8159574222579,-12.005680910878315,756
0192,8,3,20260213,20260217,240.0,170.31850835272692,-13.090735946565305,775
0193,8,3,20260213,20260217,240.0,172.8284242635554,-14.183915524336868,758
0194,8,3,20260213,20260217,240.0,175.34770147609228,-15.283144829021605,757
0256,8,3,20251123,20251202,240.0,1.1729661462392453,-16.795553203787502,777
0264,8,3,20251123,20260101,240.0,17.738530047406048,-6.719716062316528,755
0327,8,4,20260213,20260219,240.0,180.75941951772003,-14.702745640141828,758
0456,8,3,20260213,20260217,240.0,173.99651634470766,-8.837546105427357,755
0464,8,2,20260217,20260330,240.0,194.12897496604702,-17.42260990559795,777
0597,8,3,20260213,20260217,240.0,195.07471470407535,-14.902031170553004,777
0725,8,4,20260213,20260219,240.0,181.4532923034997,-6.23295184090979,772
0726,8,4,20260129,20260219,240.0,183.9215457303594,-7.299211176498761,756
0921,8,3,20251124,20251130,240.0,349.721608861626,-7.101221508722464,775
0923,8,3,20251125,20260103,240.0,354.66106539279036,-4.993591267454988,755
1000,8,4,20260202,20260426,240.0,197.72255427794437,-7.290463431823605,756
1003,8,4,20260215,20260427,240.0,205.26180544717798,-10.256424684634545,755
1047,8,2,20251119,20251130,240.0,326.9543195475059,-13.078014639451437,775
1137,8,4,20260213,20260406,240.0,202.71263569514107,-6.400482875164599,755
1148,8,1,20260401,20260401,240.0,231.18127844759124,-15.684537178541285,757
1184,8,2,20251130,20251204,240.0,330.26699240716204,-9.060241566402128,755
1189,8,3,20251125,20251227,240.0,342.7966832618256,-4.187388024844602,772
1190,8,3,20251125,20251227,240.0,345.27055504089486,-3.164161142767898,772
1192,8,3,20251120,20260103,240.0,350.19786387667284,-1.0846593154902011,756
1301,8,2,20260530,20260611,240.0,283.87772677258204,-17.239850470628664,740
1317,8,2,20251130,20251204,240.0,326.6085683524814,-7.524228971252976,775
1318,8,2,20251130,20251204,240.0,329.1426128786673,-6.619770937573182,775
1324,8,4,20251125,20251227,240.0,344.1024725298946,-0.7529514258384399,756
1326,8,3,20251120,20260103,240.0,349.0275038322988,1.3240297824447054,755
1427,8,1,20260528,20260528,240.0,261.75872905628586,-14.973531205511929,758
1431,8,1,20260529,20260529,240.0,272.82939911288577,-15.176395145816917,757
1561,8,1,20260528,20260528,240.0,265.36327567908114,-12.454169050818438,775
1563,8,1,20260529,20260529,240.0,270.8377722984669,-12.526034354782771,756
1588,8,3,20251122,20251227,240.0,336.41113002791724,1.884379671689387,773
1589,8,3,20251122,20251227,240.0,338.89108867953195,2.885552158599542,755
1692,8,1,20260528,20260528,240.0,264.05211367730016,-9.728848443053048,755
1849,8,3,20251122,20251227,240.0,336.3598144244684,7.634546667866593,777
0328,7,3,20260215,20260219,210.0,183.2885418970998,-15.79389713565058,777
0384,7,1,20251205,20251205,210.0,349.7134886571597,-18.754218180576707,740
0596,7,3,20260213,20260217,210.0,192.53365522590477,-13.859924851443996,757
0730,7,4,20260213,20260426,210.0,193.88447180533998,-11.512670147530084,757
0731,7,3,20260213,20260217,210.0,196.40621041659378,-12.543023697405513,775
0859,7,4,20260109,20260219,210.0,180.77223771057723,-3.020952076494028,771
0915,7,2,20251125,20251130,210.0,334.6329003685991,-13.162789976944623,775
1005,7,2,20260217,20260504,210.0,210.36342138357927,-12.13669618051965,755
1006,7,3,20260217,20260504,210.0,212.94043161757128,-13.041703285250671,758
1149,7,2,20260401,20260429,210.0,233.8791318899105,-16.332116789341583,757
1150,7,2,20260401,20260429,210.0,236.59587647389748,-16.939067569091193,740
1185,7,2,20251120,20251130,210.0,332.79874486900405,-8.124626471709348,756
1191,7,3,20251125,20260103,210.0,347.73709598459584,-2.1292694620966652,756
1430,7,1,20260529,20260529,210.0,270.06008852887607,-15.203437094330727,758
1451,7,2,20251130,20251204,210.0,326.17946436650914,-4.837805032378583,755
1575,7,1,20260601,20260601,210.0,303.24772023855235,-8.747083765563856,756
1593,7,3,20251122,20251231,210.0,348.77929567204194,7.039498560178377,772
1596,7,3,20251203,20251231,210.0,354.5142704148368,12.446466893765434,756
1706,7,1,20260601,20260601,210.0,301.6653521496903,-6.357116933905934,755
1707,7,1,20260601,20260601,210.0,304.28541292484607,-5.761947553632086,774
1726,7,3,20251203,20251231,210.0,352.19467971867437,11.436955897630089,758
1835,7,1,20260601,20260601,210.0,300.7245889469123,-3.8237741513198547,772
1836,7,1,20260601,20260601,210.0,303.33676610093084,-3.236561376340765,772
1854,7,3,20251203,20251231,210.0,348.84031118263204,12.907035098740586,775
0061,6,2,20260215,20260217,180.0,162.66500848814528,-12.715642365350881,758
0065,6,1,20260217,20260217,180.0,172.76121354941424,-17.092166431636272,759
0189,6,2,20260215,20260217,180.0,162.82531028548226,-9.868108166797432,756
0460,6,3,20260215,20260219,180.0,183.96238085241484,-13.156585678775057,775
0592,6,3,20260215,20260219,180.0,182.51104744462143,-9.609379724599991,755
0595,6,3,20260213,20260217,180.0,190.00853598820652,-12.807518905847699,758
0647,6,2,20251124,20251125,180.0,339.35641397651506,-17.113058671100088,757
0727,6,3,20260129,20260215,180.0,186.3970640968898,-8.362319284154788,755
0732,6,3,20260215,20260330,180.0,198.94365627046025,-13.56006339934863,758
0733,6,3,20260215,20260330,180.0,201.49837733138796,-14.561700915916013,758
0781,6,2,20251124,20251125,180.0,337.90987162807915,-14.789280546386909,757
0867,6,3,20260215,20260330,180.0,200.6439205000515,-11.34590472912211,775
0868,6,3,20260215,20260330,180.0,203.18185416041146,-12.333147493517457,758
0916,6,2,20251124,20251125,180.0,337.18483143231856,-12.19151770043347,738
0917,6,2,20251124,20251125,180.0,339.7199646703843,-11.201933516470318,758
0924,6,2,20251127,20260103,180.0,357.12121525046877,-3.9324087834210966,755
1009,6,1,20260428,20260428,180.0,220.7874746214372,-15.592127779238044,758
1011,6,2,20260401,20260428,180.0,226.1220273907964,-17.13535704350599,777
1057,6,3,20251125,20260103,180.0,352.0726137913194,-3.192567651382381,756
1058,6,2,20251120,20260103,180.0,354.5303350178465,-2.1368849749331345,755
1060,6,2,20251217,20260103,180.0,359.43674886004095,-0.01444320616393904,755
1138,6,2,20260406,20260427,180.0,205.2203853627703,-7.3732012106430975,775
1193,6,2,20251120,20260103,180.0,352.6544603507061,-0.03227527293350166,755
1284,6,1,20260429,20260429,180.0,236.6798842083541,-14.215330367795286,771
1285,6,1,20260429,20260429,180.0,239.37812247007633,-14.780926930705899,758
1288,6,2,20260507,20260611,180.0,247.56617192170808,-16.21161553607023,757
1290,6,1,20260403,20260403,180.0,253.0928723478076,-16.93065292081046,759
1310,6,1,20260601,20260601,180.0,308.4263350681093,-13.020792487629329,758
1313,6,2,20251119,20251122,180.0,316.3194075866172,-10.862509334742676,775
1314,6,2,20251119,20251122,180.0,318.91604627855094,-10.073629146576035,755
1322,6,3,20251125,20251227,180.0,339.15418987987704,-2.779546586711144,772
1323,6,3,20251125,20251227,180.0,341.63198884303915,-1.7735142851135606,755
1327,6,2,20251120,20260103,180.0,351.4851960827421,2.3765739228891607,756
1432,6,2,20260529,20260611,180.0,275.596937911746,-15.097521465803634,758
1433,6,2,20260529,20260611,180.0,278.36100513145306,-14.967048739057416,757
1437,6,2,20260530,20260620,180.0,289.3506050636902,-13.938999988618344,757
1444,6,1,20260601,20260601,180.0,308.1328280353675,-10.333178725551837,775
1446,6,2,20251119,20251122,180.0,313.3646328589628,-8.931310146741474,772
1565,6,2,20260529,20260611,180.0,276.3103029443033,-12.391179281686691,776
1569,6,2,20260530,20260620,180.0,287.2006878066838,-11.509748868952666,757
1570,6,2,20260530,20260620,180.0,289.90375864754867,-11.165343464344161,755
1571,6,2,20260530,20260620,180.0,292.5965996035489,-10.773010492576418,775
1577,6,1,20260601,20260601,180.0,308.4926691569052,-7.478728409828189,775
1579,6,2,20251120,20251122,180.0,313.68112617672864,-6.056152897072189,775
1585,6,2,20251120,20251204,180.0,328.9295131513179,-0.9989101595863661,756
1586,6,2,20251120,20251204,180.0,331.43161152631217,-0.0597485805620783,755
1709,6,2,20251122,20260601,180.0,309.4874617890968,-4.449477225083286,755
1710,6,2,20251120,20251122,180.0,312.0693495145989,-3.735269311215789,772
1711,6,2,20251120,20251122,180.0,314.6386617274232,-2.9845720916848366,772
1716,6,2,20251120,20251204,180.0,327.3127059802038,1.2560227184672845,756
1717,6,2,20251120,20251204,180.0,329.81812630436065,2.189040310436519,772
1845,6,2,20251120,20251204,180.0,326.3499585915201,3.75226015247732,772
1846,6,2,20251120,20251204,180.0,328.86035379172677,4.687141859061574,756
0063,5,2,20260215,20260217,150.0,167.69718709289774,-14.882892074622891,757
0064,5,2,20260215,20260217,150.0,170.2241886748945,-15.983325981746015,758
0734,5,3,20260215,20260330,150.0,204.07187378071407,-15.545828550781515,758
1048,5,1,20251130,20251130,150.0,329.5316538813038,-12.174182020179115,774
1053,5,2,20251125,20251130,150.0,342.17333464232104,-7.3327594863407315,755
1055,5,2,20251125,20251130,150.0,347.13986269487964,-5.283094982589783,756
1136,5,2,20260202,20260330,150.0,200.21681962919934,-5.40981767278896,792
1188,5,2,20251125,20251130,150.0,340.3139750674691,-5.197001213612501,775
1293,5,1,20260528,20260528,150.0,261.45835613336845,-17.636274793902675,759
1294,5,1,20260528,20260528,150.0,264.2604871869357,-17.769072910144647,776
1295,5,1,20260528,20260528,150.0,267.0664631004508,-17.849864479428685,777
1309,5,1,20260601,20260601,150.0,305.76061231617933,-13.664919278672341,758
1428,5,1,20260528,20260528,150.0,264.5230419448375,-15.101856115999222,758
1429,5,1,20260528,20260528,150.0,267.2907286063931,-15.178566556216756,758
1443,5,1,20260601,20260601,150.0,305.4934246925227,-10.9767427327216,758
1455,5,2,20251120,20251125,150.0,336.20084035414175,-1.0775465438903529,755
1576,5,1,20260601,20260601,150.0,305.87722480795844,-8.132978604399023,755
1587,5,2,20251120,20251122,150.0,333.92507673905016,0.9019783711393478,755
0461,4,3,20260215,20260312,120.0,186.48045970050654,-14.233306763254289,775
0462,4,2,20260215,20260217,120.0,189.01298464660871,-15.304644913999583,792
0463,4,2,20260215,20260217,120.0,191.56186000577674,-16.368467334429795,777
0593,4,2,20260215,20260217,120.0,184.99902859870883,-10.680182448254829,773
0870,4,2,20260217,20260406,120.0,208.30999452977164,-14.24971250300876,757
0914,4,1,20251130,20251130,120.0,332.0628535595892,-14.113691303487593,757
1001,4,2,20260215,20260330,120.0,200.22229113669678,-8.295857915487382,775
1002,4,2,20260215,20260330,120.0,202.73491788730502,-9.285176690742444,755
1049,4,1,20251130,20251130,120.0,332.09110850781036,-11.246190942134772,755
1050,4,1,20251130,20251130,120.0,334.63376735988084,-10.296049975498152,747
1052,4,2,20251125,20251128,120.0,339.67355389718176,-8.337336809946418,755
0195,3,1,20260213,20260213,90.0,177.87839760906644,-16.386318647052647,758
0329,3,2,20260215,20260217,90.0,185.8326035587536,-16.882270381871756,777
0330,3,2,20260215,20260217,90.0,188.3936488907844,-17.965694784542155,759
0599,3,1,20260330,20260330,90.0,200.21153181283637,-16.946817658789854,754
0646,3,1,20251124,20251124,90.0,336.7541920825289,-18.108255027111966,759
0779,3,1,20251125,20251125,90.0,332.7342496583509,-16.728440035462775,757
0780,3,1,20251125,20251125,90.0,335.33231608097765,-15.768917806361042,765
0912,3,1,20251119,20251119,90.0,326.86364680667225,-15.946097128984619,758
1010,3,1,20260428,20260428,90.0,223.4441298971235,-16.380759545882906,777
1045,3,1,20251119,20251119,90.0,321.74228255828206,-14.805176889970971,757
1046,3,1,20251119,20251119,90.0,324.3581403597592,-13.955680746109767,757
1146,3,1,20260428,20260428,90.0,225.84325089892656,-14.274412187392464,757
1151,3,1,20260429,20260429,90.0,239.33102173431237,-17.50374105662737,758
1152,3,1,20260429,20260429,90.0,242.08388334099863,-18.024566821166083,759
1181,3,1,20251119,20251119,90.0,322.57629877107223,-11.718927609768576,775
1187,3,2,20251125,20251130,90.0,337.82098578858455,-6.191048862644099,756
1289,3,1,20260509,20260509,90.0,250.32351106013897,-16.595386519637017,757
1291,3,1,20260528,20260528,90.0,255.87284646181982,-17.216431981184222,777
1292,3,1,20260620,20260620,90.0,258.6618926940193,-17.451874944320526,757
1297,3,1,20260529,20260529,90.0,272.6824321982425,-17.854600528438308,777
1298,3,1,20260529,20260529,90.0,275.48862601490373,-17.778533362881173,777
1299,3,1,20260611,20260611,90.0,278.29111358480066,-17.650435649651776,759
1300,3,1,20260611,20260611,90.0,281.0880636052521,-17.470694555098103,740
1304,3,1,20260620,20260620,90.0,292.1869635521189,-16.24840673433243,777
1305,3,1,20260620,20260620,90.0,294.9320623167125,-15.82152300841688,757
1306,3,1,20260620,20260620,90.0,297.6628426860247,-15.348363141400489,758
1320,3,1,20251120,20251120,90.0,334.17103917321106,-4.740294732122509,755
1321,3,2,20251125,20251130,90.0,336.66765504552274,-3.769116639645634,756
1436,3,1,20260530,20260530,90.0,286.61619680727676,-14.27059199754077,758
1438,3,1,20260620,20260620,90.0,292.07412203888276,-13.559144419662871,757
1440,3,1,20260620,20260620,90.0,297.4840389563066,-12.658992258453257,757
1454,3,1,20251120,20251120,90.0,333.71090339743074,-2.050572678374559,772
1572,3,1,20260620,20260620,90.0,295.27820845970444,-10.333805645617922,755
1573,3,1,20260620,20260620,90.0,297.94771992684196,-9.848892413756596,775
1578,3,1,20251122,20251122,90.0,311.0939517332475,-6.785908782054346,755
1704,3,1,20260620,20260620,90.0,296.3885347220352,-7.418107857506166,773
0735,2,2,20260215,20260217,60.0,206.6655642841518,-16.51032011615211,777
0869,2,2,20260215,20260217,60.0,205.73677750716627,-13.301770700793975,775
1186,2,1,20251125,20251125,60.0,335.31634076698367,-7.167576262000433,756
0736,1,1,20260217,20260217,30.0,209.28077127106425,-17.453032579605047,757
0871,1,1,20260217,20260217,30.0,210.90270875553497,-15.174901378227377,777
0872,1,1,20260217,20260217,30.0,213.51600937773088,-16.075258950925893,776
0873,1,1,20260217,20260217,30.0,216.15085683288217,-16.948703735976313,776
1007,1,1,20260217,20260217,30.0,215.53624216670983,-13.920612363683528,775
1008,1,1,20260217,20260217,30.0,218.15169155678373,-14.771418869665386,775
