night,plan_archive_available,plan_active_acquired_cohort,acquired_frame_in_plan_active_denominator,acquired_frame_outside_plan_archive,field_id,pair_id,match_status,match_rule,mode,cycle_id,repeat,plan_row,plan_manifest_line,planned_start_utc,actual_start_utc,actual_time_source,time_residual_s,abs_time_residual_s,planned_exptime_s,actual_exptime_s,planned_interval_prev_same_cycle_field_s,planned_baseline_from_first_same_cycle_field_s,actual_interval_prev_matched_same_cycle_field_s,actual_baseline_from_first_matched_same_cycle_field_s,planned_inter_start_prev_global_s,planned_gap_proxy_prev_global_s,actual_inter_start_prev_global_s,actual_gap_proxy_prev_global_s,raw_file_name,raw_path,raw_sequence_id,raw_manifest_line,l2_join_status,l2_file_name,l2_path,l2_manifest_line,sky_adu,sky_rms_adu,sky_mag,limiting_mag,seeing_arcsec,fwhm_header,ccd_zeropoint,ccd_zeropoint_rms,photometric_rms,n_sources,n_wcs,n_stars,n_match_calibration,n_psf,moon_phase_fraction,moon_sep_deg,planned_ra_deg,planned_dec_deg,known_limitation_codes,input_manifest_hash
20260420,True,True,True,False,0978,20260420:0978:0001,matched,monotonic_minimum_total_absolute_time_residual,normal,1,1,0,8851,2026-04-20T11:57:35Z,2026-04-20T12:21:45.672000Z,l2_obs_time_utc,1450.672,1450.672,30.0,30.0,,0.0,,0.0,,,,,OBJ_MP_0978_0060.fits,/raw1/20260420/OBJ/OBJ_MP_0978_0060.fits,0060,36131,matched,OBJ_MP_0978_0060_cat.fits.gz,/processed1/20260420/L2/OBJ_MP_0978_0060_cat.fits.gz,35461,1076.8984,28.4642,19.6817,20.53,3.0574,2.6473,26.9494,0.0323,0.0,16339.0,3374.0,3336.0,625.0,1859.0,0.12917261093078258,69.35012011166381,142.78592991708962,14.915048494514265,near_sun_solar_separation_sort_overwritten_by_ra_sort;scheduler_history_ingestion_stalled_after_20260330_server_audit,a6a11f498afd43f99b5add50f0c61e7005c7dcbcab19c1c7b4ab62776daf32bc
20260420,True,True,True,False,0844,20260420:0844:0001,matched,monotonic_minimum_total_absolute_time_residual,normal,1,1,1,8852,2026-04-20T11:58:55Z,2026-04-20T12:23:01.406000Z,l2_obs_time_utc,1446.406,1446.406,30.0,30.0,,0.0,,0.0,80.0,50.0,75.734,45.733999999999995,OBJ_MP_0844_0061.fits,/raw1/20260420/OBJ/OBJ_MP_0844_0061.fits,0061,36107,matched,OBJ_MP_0844_0061_cat.fits.gz,/processed1/20260420/L2/OBJ_MP_0844_0061_cat.fits.gz,35437,1090.3838,29.0232,19.6601,20.28,3.8058,3.2952,26.9412,0.0289,0.0,17251.0,3440.0,3397.0,609.0,1938.0,0.12924716242259804,71.04862879498117,143.34036158190568,11.912519469221307,near_sun_solar_separation_sort_overwritten_by_ra_sort;scheduler_history_ingestion_stalled_after_20260330_server_audit,a6a11f498afd43f99b5add50f0c61e7005c7dcbcab19c1c7b4ab62776daf32bc
20260420,True,True,True,False,0710,20260420:0710:0001,matched,monotonic_minimum_total_absolute_time_residual,normal,1,1,2,8853,2026-04-20T12:00:15Z,2026-04-20T12:24:16.318000Z,l2_obs_time_utc,1441.318,1441.318,30.0,30.0,,0.0,,0.0,80.0,50.0,74.912,44.912000000000006,OBJ_MP_0710_0062.fits,/raw1/20260420/OBJ/OBJ_MP_0710_0062.fits,0062,36083,matched,OBJ_MP_0710_0062_cat.fits.gz,/processed1/20260420/L2/OBJ_MP_0710_0062_cat.fits.gz,35413,1141.8037,29.5126,19.6058,20.23,3.906,3.382,26.937,0.0339,0.0,17447.0,3327.0,3514.0,650.0,1993.0,0.12932173155540727,73.0918038013303,144.17778726496854,8.807602669794868,near_sun_solar_separation_sort_overwritten_by_ra_sort;scheduler_history_ingestion_stalled_after_20260330_server_audit,a6a11f498afd43f99b5add50f0c61e7005c7dcbcab19c1c7b4ab62776daf32bc
20260420,True,True,True,False,1114,20260420:1114:0001,matched,monotonic_minimum_total_absolute_time_residual,normal,1,1,3,8854,2026-04-20T12:01:35Z,2026-04-20T12:25:46.444000Z,l2_obs_time_utc,1451.444,1451.444,30.0,30.0,,0.0,,0.0,80.0,50.0,90.126,60.126000000000005,OBJ_MP_1114_0063.fits,/raw1/20260420/OBJ/OBJ_MP_1114_0063.fits,0063,36155,matched,OBJ_MP_1114_0063_cat.fits.gz,/processed1/20260420/L2/OBJ_MP_1114_0063_cat.fits.gz,35485,1102.6749,28.4821,19.6643,20.62,2.8298,2.4502,26.9576,0.0313,0.0,15227.0,3118.0,3065.0,551.0,1431.0,0.12939631832712156,70.61600284670035,145.17285028113082,16.96039013814211,near_sun_solar_separation_sort_overwritten_by_ra_sort;scheduler_history_ingestion_stalled_after_20260330_server_audit,a6a11f498afd43f99b5add50f0c61e7005c7dcbcab19c1c7b4ab62776daf32bc
20260420,True,True,True,False,1248,20260420:1248:0001,matched,monotonic_minimum_total_absolute_time_residual,normal,1,1,4,8855,2026-04-20T12:02:55Z,2026-04-20T12:27:00.189000Z,l2_obs_time_utc,1445.189,1445.189,30.0,30.0,,0.0,,0.0,80.0,50.0,73.745,43.745000000000005,OBJ_MP_1248_0064.fits,/raw1/20260420/OBJ/OBJ_MP_1248_0064.fits,0064,36185,matched,OBJ_MP_1248_0064_cat.fits.gz,/processed1/20260420/L2/OBJ_MP_1248_0064_cat.fits.gz,35515,1042.6704,27.951,19.726,20.34,3.7032,3.2064,26.9586,0.0317,0.0,14967.0,2551.0,3077.0,513.0,1560.0,0.12947092272149413,69.59327385091845,145.24964610341365,19.766497290549736,near_sun_solar_separation_sort_overwritten_by_ra_sort;scheduler_history_ingestion_stalled_after_20260330_server_audit,a6a11f498afd43f99b5add50f0c61e7005c7dcbcab19c1c7b4ab62776daf32bc
20260420,True,True,True,False,0979,20260420:0979:0001,matched,monotonic_minimum_total_absolute_time_residual,normal,1,1,5,8856,2026-04-20T12:04:15Z,2026-04-20T12:28:22.925000Z,l2_obs_time_utc,1447.925,1447.925,30.0,30.0,,0.0,,0.0,80.0,50.0,82.736,52.736000000000004,OBJ_MP_0979_0065.fits,/raw1/20260420/OBJ/OBJ_MP_0979_0065.fits,0065,36134,matched,OBJ_MP_0979_0065_cat.fits.gz,/processed1/20260420/L2/OBJ_MP_0979_0065_cat.fits.gz,35464,1041.6963,28.3465,19.7179,20.55,3.0333,2.6263,26.9494,0.0325,0.0,15708.0,3039.0,3145.0,571.0,1787.0,0.12954554473747176,71.95059196370295,145.3993499652243,14.053955157257299,near_sun_solar_separation_sort_overwritten_by_ra_sort;scheduler_history_ingestion_stalled_after_20260330_server_audit,a6a11f498afd43f99b5add50f0c61e7005c7dcbcab19c1c7b4ab62776daf32bc
20260420,True,True,True,False,0845,20260420:0845:0001,matched,monotonic_minimum_total_absolute_time_residual,normal,1,1,6,8857,2026-04-20T12:05:35Z,2026-04-20T12:29:37.783000Z,l2_obs_time_utc,1442.783,1442.783,30.0,30.0,,0.0,,0.0,80.0,50.0,74.858,44.858000000000004,OBJ_MP_0845_0066.fits,/raw1/20260420/OBJ/OBJ_MP_0845_0066.fits,0066,36110,matched,OBJ_MP_0845_0066_cat.fits.gz,/processed1/20260420/L2/OBJ_MP_0845_0066_cat.fits.gz,35440,1123.8489,29.2043,19.6268,20.33,3.5868,3.1054,26.9406,0.0281,0.0,16340.0,2744.0,3304.0,603.0,1821.0,0.12962018437704204,73.64516172911459,145.92004774619346,11.044807981095557,near_sun_solar_separation_sort_overwritten_by_ra_sort;scheduler_history_ingestion_stalled_after_20260330_server_audit,a6a11f498afd43f99b5add50f0c61e7005c7dcbcab19c1c7b4ab62776daf32bc
20260420,True,True,True,False,0711,20260420:0711:0001,matched,monotonic_minimum_total_absolute_time_residual,normal,1,1,7,8858,2026-04-20T12:06:55Z,2026-04-20T12:30:53.704000Z,l2_obs_time_utc,1438.704,1438.704,30.0,30.0,,0.0,,0.0,80.0,50.0,75.921,45.92100000000001,OBJ_MP_0711_0067.fits,/raw1/20260420/OBJ/OBJ_MP_0711_0067.fits,0067,36086,matched,OBJ_MP_0711_0067_cat.fits.gz,/processed1/20260420/L2/OBJ_MP_0711_0067_cat.fits.gz,35416,1196.6145,29.8963,19.5501,20.15,4.1325,3.578,26.9321,0.0311,0.0,15668.0,3210.0,3266.0,625.0,2005.0,0.1296948416277806,75.68501940772953,146.72906354539,7.9283977768766425,near_sun_solar_separation_sort_overwritten_by_ra_sort;scheduler_history_ingestion_stalled_after_20260330_server_audit,a6a11f498afd43f99b5add50f0c61e7005c7dcbcab19c1c7b4ab62776daf32bc
20260420,True,True,True,False,1115,20260420:1115:0001,matched,monotonic_minimum_total_absolute_time_residual,normal,1,1,8,8859,2026-04-20T12:08:15Z,2026-04-20T12:32:22.723000Z,l2_obs_time_utc,1447.723,1447.723,30.0,30.0,,0.0,,0.0,80.0,50.0,89.019,59.019000000000005,OBJ_MP_1115_0068.fits,/raw1/20260420/OBJ/OBJ_MP_1115_0068.fits,0068,36158,matched,OBJ_MP_1115_0068_cat.fits.gz,/processed1/20260420/L2/OBJ_MP_1115_0068_cat.fits.gz,35488,1133.2212,28.8121,19.6291,20.26,3.8735,3.3539,26.9521,0.0292,0.0,14432.0,2974.0,2964.0,540.0,1677.0,0.12976951648775237,73.21990493101339,147.802582060112,16.07288165699992,near_sun_solar_separation_sort_overwritten_by_ra_sort;scheduler_history_ingestion_stalled_after_20260330_server_audit,a6a11f498afd43f99b5add50f0c61e7005c7dcbcab19c1c7b4ab62776daf32bc
20260420,True,True,True,False,1249,20260420:1249:0001,matched,monotonic_minimum_total_absolute_time_residual,normal,1,1,9,8860,2026-04-20T12:09:35Z,2026-04-20T12:33:37.863000Z,l2_obs_time_utc,1442.863,1442.863,30.0,30.0,,0.0,,0.0,80.0,50.0,75.14,45.14,OBJ_MP_1249_0069.fits,/raw1/20260420/OBJ/OBJ_MP_1249_0069.fits,0069,36188,matched,OBJ_MP_1249_0069_cat.fits.gz,/processed1/20260420/L2/OBJ_MP_1249_0069_cat.fits.gz,35518,1080.1462,28.6101,19.6798,20.51,3.1116,2.6942,26.9507,0.0285,0.0,14367.0,2908.0,2924.0,476.0,1555.0,0.12984420895757093,72.20038027578241,147.91982252214268,18.874935760045688,near_sun_solar_separation_sort_overwritten_by_ra_sort;scheduler_history_ingestion_stalled_after_20260330_server_audit,a6a11f498afd43f99b5add50f0c61e7005c7dcbcab19c1c7b4ab62776daf32bc
20260420,True,True,True,False,0980,20260420:0980:0001,matched,monotonic_minimum_total_absolute_time_residual,normal,1,1,10,8861,2026-04-20T12:10:55Z,2026-04-20T12:35:00.945000Z,l2_obs_time_utc,1445.945,1445.945,30.0,30.0,,0.0,,0.0,80.0,50.0,83.082,53.081999999999994,OBJ_MP_0980_0070.fits,/raw1/20260420/OBJ/OBJ_MP_0980_0070.fits,0070,36137,matched,OBJ_MP_0980_0070_cat.fits.gz,/processed1/20260420/L2/OBJ_MP_0980_0070_cat.fits.gz,35467,1117.9171,29.4441,19.6354,20.38,3.4383,2.9769,26.9436,0.0265,0.0,14754.0,3025.0,3066.0,535.0,1639.0,0.12991891901837616,74.55080255777682,147.99303694396082,13.16542656052672,near_sun_solar_separation_sort_overwritten_by_ra_sort;scheduler_history_ingestion_stalled_after_20260330_server_audit,a6a11f498afd43f99b5add50f0c61e7005c7dcbcab19c1c7b4ab62776daf32bc
20260420,True,True,True,False,1383,20260420:1383:0001,matched,monotonic_minimum_total_absolute_time_residual,normal,1,1,11,8862,2026-04-20T12:12:15Z,2026-04-20T12:36:29.903000Z,l2_obs_time_utc,1454.903,1454.903,30.0,30.0,,0.0,,0.0,80.0,50.0,88.958,58.958,OBJ_MP_1383_0071.fits,/raw1/20260420/OBJ/OBJ_MP_1383_0071.fits,0071,36236,matched,OBJ_MP_1383_0071_cat.fits.gz,/processed1/20260420/L2/OBJ_MP_1383_0071_cat.fits.gz,35566,1010.5703,27.99,19.7534,20.37,3.6427,3.1541,26.952,0.0264,0.0,14197.0,2917.0,2888.0,543.0,1594.0,0.12999364667633345,71.51872418308135,148.35654258268607,21.571602941651456,near_sun_solar_separation_sort_overwritten_by_ra_sort;scheduler_history_ingestion_stalled_after_20260330_server_audit,a6a11f498afd43f99b5add50f0c61e7005c7dcbcab19c1c7b4ab62776daf32bc
20260420,True,True,True,False,0846,20260420:0846:0001,matched,monotonic_minimum_total_absolute_time_residual,normal,1,1,12,8863,2026-04-20T12:13:35Z,2026-04-20T12:38:04.583000Z,l2_obs_time_utc,1469.583,1469.583,30.0,30.0,,0.0,,0.0,80.0,50.0,94.68,64.68,OBJ_MP_0846_0072.fits,/raw1/20260420/OBJ/OBJ_MP_0846_0072.fits,0072,36113,matched,OBJ_MP_0846_0072_cat.fits.gz,/processed1/20260420/L2/OBJ_MP_0846_0072_cat.fits.gz,35443,1110.4479,29.2033,19.6403,20.32,3.6568,3.1662,26.9412,0.0302,0.0,14690.0,3028.0,3109.0,592.0,1563.0,0.13006839192667546,76.22919692949507,148.48251080092953,10.150337560456036,near_sun_solar_separation_sort_overwritten_by_ra_sort;scheduler_history_ingestion_stalled_after_20260330_server_audit,a6a11f498afd43f99b5add50f0c61e7005c7dcbcab19c1c7b4ab62776daf32bc
20260420,True,True,True,False,0712,20260420:0712:0001,matched,monotonic_minimum_total_absolute_time_residual,normal,1,1,13,8864,2026-04-20T12:14:55Z,2026-04-20T12:39:19.320000Z,l2_obs_time_utc,1464.32,1464.32,30.0,30.0,,0.0,,0.0,80.0,50.0,74.737,44.736999999999995,OBJ_MP_0712_0073.fits,/raw1/20260420/OBJ/OBJ_MP_0712_0073.fits,0073,36089,matched,OBJ_MP_0712_0073_cat.fits.gz,/processed1/20260420/L2/OBJ_MP_0712_0073_cat.fits.gz,35419,1158.3036,29.4614,19.5828,20.13,4.2458,3.6761,26.9295,0.0337,0.0,14712.0,3117.0,3112.0,596.0,1837.0,0.13014315475866017,78.2663445760474,149.26554073698324,7.023192290497086,near_sun_solar_separation_sort_overwritten_by_ra_sort;scheduler_history_ingestion_stalled_after_20260330_server_audit,a6a11f498afd43f99b5add50f0c61e7005c7dcbcab19c1c7b4ab62776daf32bc
20260420,True,True,True,False,1116,20260420:1116:0001,matched,monotonic_minimum_total_absolute_time_residual,normal,1,1,14,8865,2026-04-20T12:16:15Z,2026-04-20T12:40:47.781000Z,l2_obs_time_utc,1472.781,1472.781,30.0,30.0,,0.0,,0.0,80.0,50.0,88.461,58.461,OBJ_MP_1116_0074.fits,/raw1/20260420/OBJ/OBJ_MP_1116_0074.fits,0074,36161,matched,OBJ_MP_1116_0074_cat.fits.gz,/processed1/20260420/L2/OBJ_MP_1116_0074_cat.fits.gz,35491,1126.875,29.3194,19.6308,20.5,3.1002,2.6843,26.9477,0.0306,0.0,13914.0,2883.0,2845.0,522.0,1502.0,0.130217935173856,75.81033896233913,150.41081241054925,15.159443262144867,near_sun_solar_separation_sort_overwritten_by_ra_sort;scheduler_history_ingestion_stalled_after_20260330_server_audit,a6a11f498afd43f99b5add50f0c61e7005c7dcbcab19c1c7b4ab62776daf32bc
20260420,True,True,True,False,1250,20260420:1250:0001,matched,monotonic_minimum_total_absolute_time_residual,normal,1,1,15,8866,2026-04-20T12:17:35Z,2026-04-20T12:42:02.802000Z,l2_obs_time_utc,1467.802,1467.802,30.0,30.0,,0.0,,0.0,80.0,50.0,75.021,45.021,OBJ_MP_1250_0075.fits,/raw1/20260420/OBJ/OBJ_MP_1250_0075.fits,0075,36191,matched,OBJ_MP_1250_0075_cat.fits.gz,/processed1/20260420/L2/OBJ_MP_1250_0075_cat.fits.gz,35521,1043.8687,28.043,19.7217,20.47,3.2843,2.8437,26.9555,0.029,0.0,13431.0,2751.0,2780.0,517.0,1547.0,0.13029273316367518,74.79384017407723,150.5656562907357,17.957052127832313,near_sun_solar_separation_sort_overwritten_by_ra_sort;scheduler_history_ingestion_stalled_after_20260330_server_audit,a6a11f498afd43f99b5add50f0c61e7005c7dcbcab19c1c7b4ab62776daf32bc
20260420,True,True,True,False,0981,20260420:0981:0001,matched,monotonic_minimum_total_absolute_time_residual,normal,1,1,16,8867,2026-04-20T12:18:55Z,2026-04-20T12:43:25.766000Z,l2_obs_time_utc,1470.766,1470.766,30.0,30.0,,0.0,,0.0,80.0,50.0,82.964,52.964,OBJ_MP_0981_0076.fits,/raw1/20260420/OBJ/OBJ_MP_0981_0076.fits,0076,36140,matched,OBJ_MP_0981_0076_cat.fits.gz,/processed1/20260420/L2/OBJ_MP_0981_0076_cat.fits.gz,35470,1054.9098,28.2437,19.6955,20.14,4.3755,3.7886,26.9408,0.0315,0.0,14632.0,3006.0,2961.0,549.0,1668.0,0.13036754871762013,77.13784187767078,150.56787942868172,12.251479789283533,near_sun_solar_separation_sort_overwritten_by_ra_sort;scheduler_history_ingestion_stalled_after_20260330_server_audit,a6a11f498afd43f99b5add50f0c61e7005c7dcbcab19c1c7b4ab62776daf32bc
20260420,True,True,True,False,0847,20260420:0847:0001,matched,monotonic_minimum_total_absolute_time_residual,normal,1,1,17,8868,2026-04-20T12:20:15Z,2026-04-20T12:44:40.681000Z,l2_obs_time_utc,1465.681,1465.681,30.0,30.0,,0.0,,0.0,80.0,50.0,74.915,44.915000000000006,OBJ_MP_0847_0077.fits,/raw1/20260420/OBJ/OBJ_MP_0847_0077.fits,0077,36116,matched,OBJ_MP_0847_0077_cat.fits.gz,/processed1/20260420/L2/OBJ_MP_0847_0077_cat.fits.gz,35446,1162.7688,31.2836,19.5892,20.44,3.2159,2.7843,26.9401,0.0309,0.0,14709.0,2999.0,3016.0,554.0,1611.0,0.13044238184589002,78.8261912184058,151.02866111933164,9.23106583225741,near_sun_solar_separation_sort_overwritten_by_ra_sort;scheduler_history_ingestion_stalled_after_20260330_server_audit,a6a11f498afd43f99b5add50f0c61e7005c7dcbcab19c1c7b4ab62776daf32bc
20260420,True,True,True,False,1384,20260420:1384:0001,matched,monotonic_minimum_total_absolute_time_residual,normal,1,1,18,8869,2026-04-20T12:21:35Z,2026-04-20T12:46:15.375000Z,l2_obs_time_utc,1480.375,1480.375,30.0,30.0,,0.0,,0.0,80.0,50.0,94.694,64.694,OBJ_MP_1384_0078.fits,/raw1/20260420/OBJ/OBJ_MP_1384_0078.fits,0078,36239,matched,OBJ_MP_1384_0078_cat.fits.gz,/processed1/20260420/L2/OBJ_MP_1384_0078_cat.fits.gz,35569,1045.1669,28.0993,19.7213,20.57,3.01,2.6062,26.9565,0.0296,0.0,14017.0,2792.0,2754.0,502.0,1417.0,0.13051723252883812,74.10231214718343,151.0436671107514,20.64417298280702,near_sun_solar_separation_sort_overwritten_by_ra_sort;scheduler_history_ingestion_stalled_after_20260330_server_audit,a6a11f498afd43f99b5add50f0c61e7005c7dcbcab19c1c7b4ab62776daf32bc
20260420,True,True,True,False,0713,20260420:0713:0001,matched,monotonic_minimum_total_absolute_time_residual,normal,1,1,19,8870,2026-04-20T12:22:55Z,2026-04-20T12:47:55.553000Z,l2_obs_time_utc,1500.553,1500.553,30.0,30.0,,0.0,,0.0,80.0,50.0,100.178,70.178,OBJ_MP_0713_0079.fits,/raw1/20260420/OBJ/OBJ_MP_0713_0079.fits,0079,36092,matched,OBJ_MP_0713_0079_cat.fits.gz,/processed1/20260420/L2/OBJ_MP_0713_0079_cat.fits.gz,35422,1088.7104,28.7614,19.652,20.47,3.1772,2.7508,26.9313,0.0319,0.0,15538.0,3246.0,3224.0,563.0,1608.0,0.1305921007723994,80.84825752199849,151.78817579176726,6.093901534148221,near_sun_solar_separation_sort_overwritten_by_ra_sort;scheduler_history_ingestion_stalled_after_20260330_server_audit,a6a11f498afd43f99b5add50f0c61e7005c7dcbcab19c1c7b4ab62776daf32bc
20260420,True,True,True,False,1517,20260420:1517:0001,matched,monotonic_minimum_total_absolute_time_residual,normal,1,1,20,8871,2026-04-20T12:24:15Z,2026-04-20T12:49:40.308000Z,l2_obs_time_utc,1525.308,1525.308,30.0,30.0,,0.0,,0.0,80.0,50.0,104.755,74.755,OBJ_MP_1517_0080.fits,/raw1/20260420/OBJ/OBJ_MP_1517_0080.fits,0080,36287,matched,OBJ_MP_1517_0080_cat.fits.gz,/processed1/20260420/L2/OBJ_MP_1517_0080_cat.fits.gz,35617,982.5959,28.4854,19.7913,20.19,4.3647,3.7792,26.9594,0.0288,0.0,12418.0,2594.0,2559.0,511.0,1546.0,0.13066698656374398,73.7733214070906,151.8590199331651,23.218380633817393,near_sun_solar_separation_sort_overwritten_by_ra_sort;scheduler_history_ingestion_stalled_after_20260330_server_audit,a6a11f498afd43f99b5add50f0c61e7005c7dcbcab19c1c7b4ab62776daf32bc
20260420,True,True,True,False,1117,20260420:1117:0001,matched,monotonic_minimum_total_absolute_time_residual,normal,1,1,21,8872,2026-04-20T12:25:35Z,2026-04-20T12:51:11.355000Z,l2_obs_time_utc,1536.355,1536.355,30.0,30.0,,0.0,,0.0,80.0,50.0,91.047,61.047,OBJ_MP_1117_0081.fits,/raw1/20260420/OBJ/OBJ_MP_1117_0081.fits,0081,36164,matched,OBJ_MP_1117_0081_cat.fits.gz,/processed1/20260420/L2/OBJ_MP_1117_0081_cat.fits.gz,35494,1050.4287,28.2185,19.7052,20.32,3.7225,3.2231,26.9458,0.0307,0.0,13909.0,2806.0,2790.0,535.0,1525.0,0.13074188989829683,78.38687378370693,152.99857349710916,14.222167845037232,near_sun_solar_separation_sort_overwritten_by_ra_sort;scheduler_history_ingestion_stalled_after_20260330_server_audit,a6a11f498afd43f99b5add50f0c61e7005c7dcbcab19c1c7b4ab62776daf32bc
20260420,True,True,True,False,0978,20260420:0978:0002,matched,monotonic_minimum_total_absolute_time_residual,normal,1,2,22,8873,2026-04-20T12:27:35Z,2026-04-20T12:52:42.167000Z,l2_obs_time_utc,1507.167,1507.167,30.0,30.0,1800.0,1800.0,1856.495,1856.495,120.0,90.0,90.812,60.812,OBJ_MP_0978_0082.fits,/raw1/20260420/OBJ/OBJ_MP_0978_0082.fits,0082,36132,matched,OBJ_MP_0978_0082_cat.fits.gz,/processed1/20260420/L2/OBJ_MP_0978_0082_cat.fits.gz,35462,1084.6074,29.007,19.67,20.53,3.038,2.6304,26.9454,0.0329,0.0,16382.0,3166.0,3345.0,627.0,1939.0,0.130854277787266,69.06262545840693,142.78592991708962,14.915048494514265,near_sun_solar_separation_sort_overwritten_by_ra_sort;scheduler_history_ingestion_stalled_after_20260330_server_audit,a6a11f498afd43f99b5add50f0c61e7005c7dcbcab19c1c7b4ab62776daf32bc
20260420,True,True,True,False,0844,20260420:0844:0002,matched,monotonic_minimum_total_absolute_time_residual,normal,1,2,23,8874,2026-04-20T12:28:55Z,2026-04-20T12:53:56.716000Z,l2_obs_time_utc,1501.716,1501.716,30.0,30.0,1800.0,1800.0,1855.31,1855.31,80.0,50.0,74.549,44.54900000000001,OBJ_MP_0844_0083.fits,/raw1/20260420/OBJ/OBJ_MP_0844_0083.fits,0083,36108,matched,OBJ_MP_0844_0083_cat.fits.gz,/processed1/20260420/L2/OBJ_MP_0844_0083_cat.fits.gz,35438,1079.2913,28.7281,19.6677,20.54,2.9982,2.5959,26.9377,0.0295,0.0,17819.0,3480.0,3473.0,608.0,1795.0,0.13092922496456993,70.75921228311091,143.34036158190568,11.912519469221307,near_sun_solar_separation_sort_overwritten_by_ra_sort;scheduler_history_ingestion_stalled_after_20260330_server_audit,a6a11f498afd43f99b5add50f0c61e7005c7dcbcab19c1c7b4ab62776daf32bc
20260420,True,True,True,False,0710,20260420:0710:0002,matched,monotonic_minimum_total_absolute_time_residual,normal,1,2,24,8875,2026-04-20T12:30:15Z,2026-04-20T12:55:11.603000Z,l2_obs_time_utc,1496.603,1496.603,30.0,30.0,1800.0,1800.0,1855.285,1855.285,80.0,50.0,74.887,44.887,OBJ_MP_0710_0084.fits,/raw1/20260420/OBJ/OBJ_MP_0710_0084.fits,0084,36084,matched,OBJ_MP_0710_0084_cat.fits.gz,/processed1/20260420/L2/OBJ_MP_0710_0084_cat.fits.gz,35414,1111.5679,29.4484,19.6303,20.51,3.0302,2.6237,26.9323,0.0348,0.0,17767.0,3362.0,3541.0,649.0,1528.0,0.1310041896761341,72.8011088342272,144.17778726496854,8.807602669794868,near_sun_solar_separation_sort_overwritten_by_ra_sort;scheduler_history_ingestion_stalled_after_20260330_server_audit,a6a11f498afd43f99b5add50f0c61e7005c7dcbcab19c1c7b4ab62776daf32bc
20260420,True,True,True,False,1114,20260420:1114:0002,matched,monotonic_minimum_total_absolute_time_residual,normal,1,2,25,8876,2026-04-20T12:31:35Z,2026-04-20T12:56:41.252000Z,l2_obs_time_utc,1506.252,1506.252,30.0,30.0,1800.0,1800.0,1854.808,1854.808,80.0,50.0,89.649,59.649,OBJ_MP_1114_0085.fits,/raw1/20260420/OBJ/OBJ_MP_1114_0085.fits,0085,36156,matched,OBJ_MP_1114_0085_cat.fits.gz,/processed1/20260420/L2/OBJ_MP_1114_0085_cat.fits.gz,35486,1013.6867,28.1656,19.7534,20.6,2.9562,2.5597,26.9554,0.0324,0.0,15238.0,3042.0,3043.0,565.0,1729.0,0.13107917190893142,70.32919136601096,145.17285028113082,16.96039013814211,near_sun_solar_separation_sort_overwritten_by_ra_sort;scheduler_history_ingestion_stalled_after_20260330_server_audit,a6a11f498afd43f99b5add50f0c61e7005c7dcbcab19c1c7b4ab62776daf32bc
20260420,True,True,True,False,1248,20260420:1248:0002,matched,monotonic_minimum_total_absolute_time_residual,normal,1,2,26,8877,2026-04-20T12:32:55Z,2026-04-20T12:57:55.238000Z,l2_obs_time_utc,1500.238,1500.238,30.0,30.0,1800.0,1800.0,1855.049,1855.049,80.0,50.0,73.986,43.986000000000004,OBJ_MP_1248_0086.fits,/raw1/20260420/OBJ/OBJ_MP_1248_0086.fits,0086,36186,matched,OBJ_MP_1248_0086_cat.fits.gz,/processed1/20260420/L2/OBJ_MP_1248_0086_cat.fits.gz,35516,1022.4042,27.7533,19.7465,20.64,2.8438,2.4622,26.9578,0.0317,0.0,14866.0,2578.0,3102.0,520.0,1333.0,0.13115417166007315,69.30878812409273,145.24964610341365,19.766497290549736,near_sun_solar_separation_sort_overwritten_by_ra_sort;scheduler_history_ingestion_stalled_after_20260330_server_audit,a6a11f498afd43f99b5add50f0c61e7005c7dcbcab19c1c7b4ab62776daf32bc
20260420,True,True,True,False,0979,20260420:0979:0002,matched,monotonic_minimum_total_absolute_time_residual,normal,1,2,27,8878,2026-04-20T12:34:15Z,2026-04-20T12:59:17.811000Z,l2_obs_time_utc,1502.811,1502.811,30.0,30.0,1800.0,1800.0,1854.886,1854.886,80.0,50.0,82.573,52.57299999999999,OBJ_MP_0979_0087.fits,/raw1/20260420/OBJ/OBJ_MP_0979_0087.fits,0087,36135,matched,OBJ_MP_0979_0087_cat.fits.gz,/processed1/20260420/L2/OBJ_MP_0979_0087_cat.fits.gz,35465,1057.125,28.523,19.6965,20.55,3.0069,2.6035,26.944,0.0331,0.0,15707.0,3199.0,3149.0,572.0,1381.0,0.1312291889226711,71.6605878189373,145.3993499652243,14.053955157257299,near_sun_solar_separation_sort_overwritten_by_ra_sort;scheduler_history_ingestion_stalled_after_20260330_server_audit,a6a11f498afd43f99b5add50f0c61e7005c7dcbcab19c1c7b4ab62776daf32bc
20260420,True,True,True,False,0845,20260420:0845:0002,matched,monotonic_minimum_total_absolute_time_residual,normal,1,2,28,8879,2026-04-20T12:35:35Z,2026-04-20T13:00:32.722000Z,l2_obs_time_utc,1497.722,1497.722,30.0,30.0,1800.0,1800.0,1854.939,1854.939,80.0,50.0,74.911,44.911,OBJ_MP_0845_0088.fits,/raw1/20260420/OBJ/OBJ_MP_0845_0088.fits,0088,36111,matched,OBJ_MP_0845_0088_cat.fits.gz,/processed1/20260420/L2/OBJ_MP_0845_0088_cat.fits.gz,35441,1044.03,28.7744,19.7029,20.57,2.9373,2.5432,26.9368,0.0277,0.0,16906.0,3211.0,3333.0,586.0,1460.0,0.13130422369678912,73.3531697363007,145.92004774619346,11.044807981095557,near_sun_solar_separation_sort_overwritten_by_ra_sort;scheduler_history_ingestion_stalled_after_20260330_server_audit,a6a11f498afd43f99b5add50f0c61e7005c7dcbcab19c1c7b4ab62776daf32bc
20260420,True,True,True,False,0711,20260420:0711:0002,matched,monotonic_minimum_total_absolute_time_residual,normal,1,2,29,8880,2026-04-20T12:36:55Z,2026-04-20T13:01:48.526000Z,l2_obs_time_utc,1493.526,1493.526,30.0,30.0,1800.0,1800.0,1854.822,1854.822,80.0,50.0,75.804,45.804,OBJ_MP_0711_0089.fits,/raw1/20260420/OBJ/OBJ_MP_0711_0089.fits,0089,36087,matched,OBJ_MP_0711_0089_cat.fits.gz,/processed1/20260420/L2/OBJ_MP_0711_0089_cat.fits.gz,35417,1020.8463,28.0593,19.7207,20.55,2.9974,2.5953,26.9303,0.0308,0.0,17060.0,3370.0,3417.0,600.0,1830.0,0.1313792759755807,75.39167278774254,146.72906354539,7.9283977768766425,near_sun_solar_separation_sort_overwritten_by_ra_sort;scheduler_history_ingestion_stalled_after_20260330_server_audit,a6a11f498afd43f99b5add50f0c61e7005c7dcbcab19c1c7b4ab62776daf32bc
20260420,True,True,True,False,1115,20260420:1115:0002,matched,monotonic_minimum_total_absolute_time_residual,normal,1,2,30,8881,2026-04-20T12:38:15Z,2026-04-20T13:03:16.584000Z,l2_obs_time_utc,1501.584,1501.584,30.0,30.0,1800.0,1800.0,1853.861,1853.861,80.0,50.0,88.058,58.05800000000001,OBJ_MP_1115_0090.fits,/raw1/20260420/OBJ/OBJ_MP_1115_0090.fits,0090,36159,matched,OBJ_MP_1115_0090_cat.fits.gz,/processed1/20260420/L2/OBJ_MP_1115_0090_cat.fits.gz,35489,960.575,27.1565,19.8079,20.3,3.9261,3.3994,26.9515,0.0296,0.0,15167.0,3074.0,3053.0,541.0,1581.0,0.1314543457535403,72.93062826048718,147.802582060112,16.07288165699992,near_sun_solar_separation_sort_overwritten_by_ra_sort;scheduler_history_ingestion_stalled_after_20260330_server_audit,a6a11f498afd43f99b5add50f0c61e7005c7dcbcab19c1c7b4ab62776daf32bc
20260420,True,True,True,False,1249,20260420:1249:0002,matched,monotonic_minimum_total_absolute_time_residual,normal,1,2,31,8882,2026-04-20T12:39:35Z,2026-04-20T13:04:30.263000Z,l2_obs_time_utc,1495.263,1495.263,30.0,30.0,1800.0,1800.0,1852.4,1852.4,80.0,50.0,73.679,43.679,OBJ_MP_1249_0091.fits,/raw1/20260420/OBJ/OBJ_MP_1249_0091.fits,0091,36189,matched,OBJ_MP_1249_0091_cat.fits.gz,/processed1/20260420/L2/OBJ_MP_1249_0091_cat.fits.gz,35519,946.7626,27.2313,19.8217,20.63,2.9153,2.5241,26.9494,0.0281,0.0,15269.0,2839.0,3033.0,461.0,1638.0,0.13152943302905862,71.9134570321655,147.91982252214268,18.874935760045688,near_sun_solar_separation_sort_overwritten_by_ra_sort;scheduler_history_ingestion_stalled_after_20260330_server_audit,a6a11f498afd43f99b5add50f0c61e7005c7dcbcab19c1c7b4ab62776daf32bc
20260420,True,True,True,False,0980,20260420:0980:0002,matched,monotonic_minimum_total_absolute_time_residual,normal,1,2,32,8883,2026-04-20T12:40:55Z,2026-04-20T13:05:52.619000Z,l2_obs_time_utc,1497.619,1497.619,30.0,30.0,1800.0,1800.0,1851.674,1851.674,80.0,50.0,82.356,52.355999999999995,OBJ_MP_0980_0092.fits,/raw1/20260420/OBJ/OBJ_MP_0980_0092.fits,0092,36138,matched,OBJ_MP_0980_0092_cat.fits.gz,/processed1/20260420/L2/OBJ_MP_0980_0092_cat.fits.gz,35468,1001.8127,28.0734,19.7547,20.44,3.3772,2.9241,26.9438,0.026,0.0,15440.0,3144.0,3156.0,530.0,1606.0,0.1316045377877983,74.25828049441202,147.99303694396082,13.16542656052672,near_sun_solar_separation_sort_overwritten_by_ra_sort;scheduler_history_ingestion_stalled_after_20260330_server_audit,a6a11f498afd43f99b5add50f0c61e7005c7dcbcab19c1c7b4ab62776daf32bc
20260420,True,True,True,False,1383,20260420:1383:0002,matched,monotonic_minimum_total_absolute_time_residual,normal,1,2,33,8884,2026-04-20T12:42:15Z,2026-04-20T13:07:21.154000Z,l2_obs_time_utc,1506.154,1506.154,30.0,30.0,1800.0,1800.0,1851.251,1851.251,80.0,50.0,88.535,58.535,OBJ_MP_1383_0093.fits,/raw1/20260420/OBJ/OBJ_MP_1383_0093.fits,0093,36237,matched,OBJ_MP_1383_0093_cat.fits.gz,/processed1/20260420/L2/OBJ_MP_1383_0093_cat.fits.gz,35567,909.8303,26.5796,19.8709,20.39,3.6924,3.1971,26.9556,0.0262,0.0,15295.0,3073.0,3040.0,529.0,1596.0,0.13167966003690318,71.23437417040299,148.35654258268607,21.571602941651456,near_sun_solar_separation_sort_overwritten_by_ra_sort;scheduler_history_ingestion_stalled_after_20260330_server_audit,a6a11f498afd43f99b5add50f0c61e7005c7dcbcab19c1c7b4ab62776daf32bc
20260420,True,True,True,False,0846,20260420:0846:0002,matched,monotonic_minimum_total_absolute_time_residual,normal,1,2,34,8885,2026-04-20T12:43:35Z,2026-04-20T13:08:56.694000Z,l2_obs_time_utc,1521.694,1521.694,30.0,30.0,1800.0,1800.0,1852.111,1852.111,80.0,50.0,95.54,65.54,OBJ_MP_0846_0094.fits,/raw1/20260420/OBJ/OBJ_MP_0846_0094.fits,0094,36114,matched,OBJ_MP_0846_0094_cat.fits.gz,/processed1/20260420/L2/OBJ_MP_0846_0094_cat.fits.gz,35444,977.3766,27.5122,19.7783,20.56,3.0625,2.6516,26.9406,0.0304,0.0,15714.0,3185.0,3266.0,584.0,1476.0,0.13175479976071808,75.93408224969755,148.48251080092953,10.150337560456036,near_sun_solar_separation_sort_overwritten_by_ra_sort;scheduler_history_ingestion_stalled_after_20260330_server_audit,a6a11f498afd43f99b5add50f0c61e7005c7dcbcab19c1c7b4ab62776daf32bc
20260420,True,True,True,False,0712,20260420:0712:0002,matched,monotonic_minimum_total_absolute_time_residual,normal,1,2,35,8886,2026-04-20T12:44:55Z,2026-04-20T13:10:12.791000Z,l2_obs_time_utc,1517.791,1517.791,30.0,30.0,1800.0,1800.0,1853.471,1853.471,80.0,50.0,76.097,46.096999999999994,OBJ_MP_0712_0095.fits,/raw1/20260420/OBJ/OBJ_MP_0712_0095.fits,0095,36090,matched,OBJ_MP_0712_0095_cat.fits.gz,/processed1/20260420/L2/OBJ_MP_0712_0095_cat.fits.gz,35420,1011.439,28.0177,19.7276,20.17,4.251,3.6805,26.9271,0.0346,0.0,14432.0,3116.0,3077.0,604.0,1829.0,0.13182995696442762,77.96980047882323,149.26554073698324,7.023192290497086,near_sun_solar_separation_sort_overwritten_by_ra_sort;scheduler_history_ingestion_stalled_after_20260330_server_audit,a6a11f498afd43f99b5add50f0c61e7005c7dcbcab19c1c7b4ab62776daf32bc
20260420,True,True,True,False,1116,20260420:1116:0002,matched,monotonic_minimum_total_absolute_time_residual,normal,1,2,36,8887,2026-04-20T12:46:15Z,2026-04-20T13:11:41.593000Z,l2_obs_time_utc,1526.593,1526.593,30.0,30.0,1800.0,1800.0,1853.812,1853.812,80.0,50.0,88.802,58.80200000000001,OBJ_MP_1116_0096.fits,/raw1/20260420/OBJ/OBJ_MP_1116_0096.fits,0096,36162,matched,OBJ_MP_1116_0096_cat.fits.gz,/processed1/20260420/L2/OBJ_MP_1116_0096_cat.fits.gz,35492,948.9332,27.2094,19.8167,20.54,3.1418,2.7203,26.947,0.0307,0.0,14287.0,3006.0,2962.0,518.0,1680.0,0.13190513163295525,75.5180591952857,150.41081241054925,15.159443262144867,near_sun_solar_separation_sort_overwritten_by_ra_sort;scheduler_history_ingestion_stalled_after_20260330_server_audit,a6a11f498afd43f99b5add50f0c61e7005c7dcbcab19c1c7b4ab62776daf32bc
20260420,True,True,True,False,1250,20260420:1250:0002,matched,monotonic_minimum_total_absolute_time_residual,normal,1,2,37,8888,2026-04-20T12:47:35Z,2026-04-20T13:12:55.105000Z,l2_obs_time_utc,1520.105,1520.105,30.0,30.0,1800.0,1800.0,1852.303,1852.303,80.0,50.0,73.512,43.512,OBJ_MP_1250_0097.fits,/raw1/20260420/OBJ/OBJ_MP_1250_0097.fits,0097,36192,matched,OBJ_MP_1250_0097_cat.fits.gz,/processed1/20260420/L2/OBJ_MP_1250_0097_cat.fits.gz,35522,926.9305,26.6285,19.8523,20.61,3.011,2.6071,26.9572,0.0283,0.0,14289.0,2962.0,2941.0,501.0,1469.0,0.13198032376897245,74.5039526888299,150.5656562907357,17.957052127832313,near_sun_solar_separation_sort_overwritten_by_ra_sort;scheduler_history_ingestion_stalled_after_20260330_server_audit,a6a11f498afd43f99b5add50f0c61e7005c7dcbcab19c1c7b4ab62776daf32bc
20260420,True,True,True,False,0981,20260420:0981:0002,matched,monotonic_minimum_total_absolute_time_residual,normal,1,2,38,8889,2026-04-20T12:48:55Z,2026-04-20T13:14:17.855000Z,l2_obs_time_utc,1522.855,1522.855,30.0,30.0,1800.0,1800.0,1852.089,1852.089,80.0,50.0,82.75,52.75,OBJ_MP_0981_0098.fits,/raw1/20260420/OBJ/OBJ_MP_0981_0098.fits,0098,36141,matched,OBJ_MP_0981_0098_cat.fits.gz,/processed1/20260420/L2/OBJ_MP_0981_0098_cat.fits.gz,35471,966.973,27.2972,19.7912,20.21,4.222,3.6555,26.9419,0.0325,0.0,15227.0,3086.0,3045.0,550.0,1713.0,0.13205553336250597,76.8422573208326,150.56787942868172,12.251479789283533,near_sun_solar_separation_sort_overwritten_by_ra_sort;scheduler_history_ingestion_stalled_after_20260330_server_audit,a6a11f498afd43f99b5add50f0c61e7005c7dcbcab19c1c7b4ab62776daf32bc
20260420,True,True,True,False,0847,20260420:0847:0002,matched,monotonic_minimum_total_absolute_time_residual,normal,1,2,39,8890,2026-04-20T12:50:15Z,2026-04-20T13:15:33.046000Z,l2_obs_time_utc,1518.046,1518.046,30.0,30.0,1800.0,1800.0,1852.365,1852.365,80.0,50.0,75.191,45.191,OBJ_MP_0847_0099.fits,/raw1/20260420/OBJ/OBJ_MP_0847_0099.fits,0099,36117,matched,OBJ_MP_0847_0099_cat.fits.gz,/processed1/20260420/L2/OBJ_MP_0847_0099_cat.fits.gz,35447,1016.8092,29.7684,19.7303,20.53,3.0812,2.6677,26.9355,0.0317,0.0,15145.0,3071.0,3088.0,552.0,1385.0,0.1321307604141016,78.52848886346679,151.02866111933164,9.23106583225741,near_sun_solar_separation_sort_overwritten_by_ra_sort;scheduler_history_ingestion_stalled_after_20260330_server_audit,a6a11f498afd43f99b5add50f0c61e7005c7dcbcab19c1c7b4ab62776daf32bc
20260420,True,True,True,False,1384,20260420:1384:0002,matched,monotonic_minimum_total_absolute_time_residual,normal,1,2,40,8891,2026-04-20T12:51:35Z,2026-04-20T13:17:07.674000Z,l2_obs_time_utc,1532.674,1532.674,30.0,30.0,1800.0,1800.0,1852.299,1852.299,80.0,50.0,94.628,64.628,OBJ_MP_1384_0100.fits,/raw1/20260420/OBJ/OBJ_MP_1384_0100.fits,0100,36240,matched,OBJ_MP_1384_0100_cat.fits.gz,/processed1/20260420/L2/OBJ_MP_1384_0100_cat.fits.gz,35570,897.4941,27.5481,19.8901,20.59,3.1064,2.6896,26.9599,0.0312,0.0,14360.0,2685.0,2755.0,507.0,1579.0,0.13220600491631673,73.81449815989968,151.0436671107514,20.64417298280702,near_sun_solar_separation_sort_overwritten_by_ra_sort;scheduler_history_ingestion_stalled_after_20260330_server_audit,a6a11f498afd43f99b5add50f0c61e7005c7dcbcab19c1c7b4ab62776daf32bc
20260420,True,True,True,False,0713,20260420:0713:0002,matched,monotonic_minimum_total_absolute_time_residual,normal,1,2,41,8892,2026-04-20T12:52:55Z,2026-04-20T13:18:47.764000Z,l2_obs_time_utc,1552.764,1552.764,30.0,30.0,1800.0,1800.0,1852.211,1852.211,80.0,50.0,100.09,70.09,OBJ_MP_0713_0101.fits,/raw1/20260420/OBJ/OBJ_MP_0713_0101.fits,0101,36093,matched,OBJ_MP_0713_0101_cat.fits.gz,/processed1/20260420/L2/OBJ_MP_0713_0101_cat.fits.gz,35423,1069.7474,28.6252,19.6721,20.46,3.2209,2.7887,26.9325,0.033,0.0,15591.0,3272.0,3241.0,566.0,1523.0,0.13228126686671393,80.54851280652804,151.78817579176726,6.093901534148221,near_sun_solar_separation_sort_overwritten_by_ra_sort;scheduler_history_ingestion_stalled_after_20260330_server_audit,a6a11f498afd43f99b5add50f0c61e7005c7dcbcab19c1c7b4ab62776daf32bc
20260420,True,True,True,False,1517,20260420:1517:0002,matched,monotonic_minimum_total_absolute_time_residual,normal,1,2,42,8893,2026-04-20T12:54:15Z,2026-04-20T13:20:32.397000Z,l2_obs_time_utc,1577.397,1577.397,30.0,30.0,1800.0,1800.0,1852.089,1852.089,80.0,50.0,104.633,74.633,OBJ_MP_1517_0102.fits,/raw1/20260420/OBJ/OBJ_MP_1517_0102.fits,0102,36288,matched,OBJ_MP_1517_0102_cat.fits.gz,/processed1/20260420/L2/OBJ_MP_1517_0102_cat.fits.gz,35618,901.4718,27.6764,19.8829,20.55,3.1956,2.767,26.9576,0.0291,0.0,12822.0,2649.0,2609.0,504.0,1207.0,0.1323565462577903,73.48884826050602,151.8590199331651,23.218380633817393,near_sun_solar_separation_sort_overwritten_by_ra_sort;scheduler_history_ingestion_stalled_after_20260330_server_audit,a6a11f498afd43f99b5add50f0c61e7005c7dcbcab19c1c7b4ab62776daf32bc
20260420,True,True,True,False,1117,20260420:1117:0002,matched,monotonic_minimum_total_absolute_time_residual,normal,1,2,43,8894,2026-04-20T12:55:35Z,2026-04-20T13:22:04.420000Z,l2_obs_time_utc,1589.42,1589.42,30.0,30.0,1800.0,1800.0,1853.065,1853.065,80.0,50.0,92.023,62.022999999999996,OBJ_MP_1117_0103.fits,/raw1/20260420/OBJ/OBJ_MP_1117_0103.fits,0103,36165,matched,OBJ_MP_1117_0103_cat.fits.gz,/processed1/20260420/L2/OBJ_MP_1117_0103_cat.fits.gz,35495,972.0575,27.4542,19.7876,20.42,3.4771,3.0105,26.944,0.0306,0.0,14661.0,2895.0,2879.0,525.0,1511.0,0.13243184308170264,78.09104936952012,152.99857349710916,14.222167845037232,near_sun_solar_separation_sort_overwritten_by_ra_sort;scheduler_history_ingestion_stalled_after_20260330_server_audit,a6a11f498afd43f99b5add50f0c61e7005c7dcbcab19c1c7b4ab62776daf32bc
20260420,True,True,True,False,0978,20260420:0978:0003,matched,monotonic_minimum_total_absolute_time_residual,normal,1,3,44,8895,2026-04-20T12:57:35Z,2026-04-20T13:23:36.452000Z,l2_obs_time_utc,1561.452,1561.452,30.0,30.0,1800.0,3600.0,1854.285,3710.78,120.0,90.0,92.032,62.032,OBJ_MP_0978_0104.fits,/raw1/20260420/OBJ/OBJ_MP_0978_0104.fits,0104,36133,matched,OBJ_MP_0978_0104_cat.fits.gz,/processed1/20260420/L2/OBJ_MP_0978_0104_cat.fits.gz,35463,1043.6125,28.6192,19.7014,20.24,3.9965,3.4604,26.9349,0.0323,0.0,16022.0,3131.0,3305.0,629.0,1828.0,0.13254482100010784,68.76304244756199,142.78592991708962,14.915048494514265,near_sun_solar_separation_sort_overwritten_by_ra_sort;scheduler_history_ingestion_stalled_after_20260330_server_audit,a6a11f498afd43f99b5add50f0c61e7005c7dcbcab19c1c7b4ab62776daf32bc
20260420,True,True,True,False,0844,20260420:0844:0003,matched,monotonic_minimum_total_absolute_time_residual,normal,1,3,45,8896,2026-04-20T12:58:55Z,2026-04-20T13:24:52.406000Z,l2_obs_time_utc,1557.406,1557.406,30.0,30.0,1800.0,3600.0,1855.69,3711.0,80.0,50.0,75.954,45.95399999999999,OBJ_MP_0844_0105.fits,/raw1/20260420/OBJ/OBJ_MP_0844_0105.fits,0105,36109,matched,OBJ_MP_0844_0105_cat.fits.gz,/processed1/20260420/L2/OBJ_MP_0844_0105_cat.fits.gz,35439,1043.7073,28.3509,19.6947,20.51,3.0777,2.6647,26.9283,0.0301,0.0,17500.0,3524.0,3470.0,624.0,1854.0,0.13262016139148186,70.45761122614283,143.34036158190568,11.912519469221307,near_sun_solar_separation_sort_overwritten_by_ra_sort;scheduler_history_ingestion_stalled_after_20260330_server_audit,a6a11f498afd43f99b5add50f0c61e7005c7dcbcab19c1c7b4ab62776daf32bc
20260420,True,True,True,False,0710,20260420:0710:0003,matched,monotonic_minimum_total_absolute_time_residual,normal,1,3,46,8897,2026-04-20T13:00:15Z,2026-04-20T13:26:07.071000Z,l2_obs_time_utc,1552.071,1552.071,30.0,30.0,1800.0,3600.0,1855.468,3710.753,80.0,50.0,74.665,44.665000000000006,OBJ_MP_0710_0106.fits,/raw1/20260420/OBJ/OBJ_MP_0710_0106.fits,0106,36085,matched,OBJ_MP_0710_0106_cat.fits.gz,/processed1/20260420/L2/OBJ_MP_0710_0106_cat.fits.gz,35415,1073.9406,28.912,19.6579,20.49,3.0896,2.675,26.9225,0.0343,0.0,17476.0,3336.0,3507.0,654.0,1529.0,0.1326955192071962,72.49816806668291,144.17778726496854,8.807602669794868,near_sun_solar_separation_sort_overwritten_by_ra_sort;scheduler_history_ingestion_stalled_after_20260330_server_audit,a6a11f498afd43f99b5add50f0c61e7005c7dcbcab19c1c7b4ab62776daf32bc
20260420,True,True,True,False,1114,20260420:1114:0003,matched,monotonic_minimum_total_absolute_time_residual,normal,1,3,47,8898,2026-04-20T13:01:35Z,2026-04-20T13:27:37.424000Z,l2_obs_time_utc,1562.424,1562.424,30.0,30.0,1800.0,3600.0,1856.172,3710.98,80.0,50.0,90.353,60.352999999999994,OBJ_MP_1114_0107.fits,/raw1/20260420/OBJ/OBJ_MP_1114_0107.fits,0107,36157,matched,OBJ_MP_1114_0107_cat.fits.gz,/processed1/20260420/L2/OBJ_MP_1114_0107_cat.fits.gz,35487,1018.3292,27.7569,19.7394,20.58,2.9771,2.5777,26.9463,0.033,0.0,15142.0,3117.0,3060.0,571.0,1385.0,0.13277089443142925,70.03039164349232,145.17285028113082,16.96039013814211,near_sun_solar_separation_sort_overwritten_by_ra_sort;scheduler_history_ingestion_stalled_after_20260330_server_audit,a6a11f498afd43f99b5add50f0c61e7005c7dcbcab19c1c7b4ab62776daf32bc
20260420,True,True,True,False,1248,20260420:1248:0003,matched,monotonic_minimum_total_absolute_time_residual,normal,1,3,48,8899,2026-04-20T13:02:55Z,2026-04-20T13:28:50.090000Z,l2_obs_time_utc,1555.09,1555.09,30.0,30.0,1800.0,3600.0,1854.852,3709.901,80.0,50.0,72.666,42.666,OBJ_MP_1248_0108.fits,/raw1/20260420/OBJ/OBJ_MP_1248_0108.fits,0108,36187,matched,OBJ_MP_1248_0108_cat.fits.gz,/processed1/20260420/L2/OBJ_MP_1248_0108_cat.fits.gz,35517,998.7787,28.6174,19.7606,20.52,3.1451,2.7231,26.9465,0.0322,0.0,14497.0,2533.0,3062.0,521.0,1314.0,0.13284628706358348,69.01245520345303,145.24964610341365,19.766497290549736,near_sun_solar_separation_sort_overwritten_by_ra_sort;scheduler_history_ingestion_stalled_after_20260330_server_audit,a6a11f498afd43f99b5add50f0c61e7005c7dcbcab19c1c7b4ab62776daf32bc
20260420,True,True,True,False,0979,20260420:0979:0003,matched,monotonic_minimum_total_absolute_time_residual,normal,1,3,49,8900,2026-04-20T13:04:15Z,2026-04-20T13:30:13.168000Z,l2_obs_time_utc,1558.168,1558.168,30.0,30.0,1800.0,3600.0,1855.357,3710.243,80.0,50.0,83.078,53.078,OBJ_MP_0979_0109.fits,/raw1/20260420/OBJ/OBJ_MP_0979_0109.fits,0109,36136,matched,OBJ_MP_0979_0109_cat.fits.gz,/processed1/20260420/L2/OBJ_MP_0979_0109_cat.fits.gz,35466,1003.5804,28.064,19.7436,20.57,2.9794,2.5796,26.9346,0.0326,0.0,15782.0,3021.0,3128.0,567.0,1405.0,0.13292169709974128,71.35846261753855,145.3993499652243,14.053955157257299,near_sun_solar_separation_sort_overwritten_by_ra_sort;scheduler_history_ingestion_stalled_after_20260330_server_audit,a6a11f498afd43f99b5add50f0c61e7005c7dcbcab19c1c7b4ab62776daf32bc
20260420,True,True,True,False,0845,20260420:0845:0003,matched,monotonic_minimum_total_absolute_time_residual,normal,1,3,50,8901,2026-04-20T13:05:35Z,2026-04-20T13:31:27.695000Z,l2_obs_time_utc,1552.695,1552.695,30.0,30.0,1800.0,3600.0,1854.973,3709.912,80.0,50.0,74.527,44.527,OBJ_MP_0845_0110.fits,/raw1/20260420/OBJ/OBJ_MP_0845_0110.fits,0110,36112,matched,OBJ_MP_0845_0110_cat.fits.gz,/processed1/20260420/L2/OBJ_MP_0845_0110_cat.fits.gz,35442,1026.1553,28.4891,19.7135,20.56,2.9577,2.5607,26.9286,0.0274,0.0,16758.0,2753.0,3311.0,592.0,1496.0,0.1329971245347833,73.04896928354958,145.92004774619346,11.044807981095557,near_sun_solar_separation_sort_overwritten_by_ra_sort;scheduler_history_ingestion_stalled_after_20260330_server_audit,a6a11f498afd43f99b5add50f0c61e7005c7dcbcab19c1c7b4ab62776daf32bc
20260420,True,True,True,False,0711,20260420:0711:0003,matched,monotonic_minimum_total_absolute_time_residual,normal,1,3,51,8902,2026-04-20T13:06:55Z,2026-04-20T13:32:42.277000Z,l2_obs_time_utc,1547.277,1547.277,30.0,30.0,1800.0,3600.0,1853.751,3708.573,80.0,50.0,74.582,44.581999999999994,OBJ_MP_0711_0111.fits,/raw1/20260420/OBJ/OBJ_MP_0711_0111.fits,0111,36088,matched,OBJ_MP_0711_0111_cat.fits.gz,/processed1/20260420/L2/OBJ_MP_0711_0111_cat.fits.gz,35418,1085.1025,32.0418,19.6472,20.45,3.2039,2.774,26.923,0.0312,0.0,16063.0,3185.0,3231.0,614.0,1816.0,0.13307256936703765,75.08606388811371,146.72906354539,7.9283977768766425,near_sun_solar_separation_sort_overwritten_by_ra_sort;scheduler_history_ingestion_stalled_after_20260330_server_audit,a6a11f498afd43f99b5add50f0c61e7005c7dcbcab19c1c7b4ab62776daf32bc
20260420,True,True,True,False,1115,20260420:1115:0003,matched,monotonic_minimum_total_absolute_time_residual,normal,1,3,52,8903,2026-04-20T13:08:15Z,2026-04-20T13:34:12.173000Z,l2_obs_time_utc,1557.173,1557.173,30.0,30.0,1800.0,3600.0,1855.589,3709.45,80.0,50.0,89.896,59.896,OBJ_MP_1115_0112.fits,/raw1/20260420/OBJ/OBJ_MP_1115_0112.fits,0112,36160,matched,OBJ_MP_1115_0112_cat.fits.gz,/processed1/20260420/L2/OBJ_MP_1115_0112_cat.fits.gz,35490,995.8329,30.8813,19.7629,20.65,2.8018,2.4259,26.9456,0.0312,0.0,14816.0,2970.0,2942.0,537.0,1442.0,0.13314803158243327,72.62932685358194,147.802582060112,16.07288165699992,near_sun_solar_separation_sort_overwritten_by_ra_sort;scheduler_history_ingestion_stalled_after_20260330_server_audit,a6a11f498afd43f99b5add50f0c61e7005c7dcbcab19c1c7b4ab62776daf32bc
20260420,True,True,True,False,1249,20260420:1249:0003,matched,monotonic_minimum_total_absolute_time_residual,normal,1,3,53,8904,2026-04-20T13:09:35Z,2026-04-20T13:35:25.800000Z,l2_obs_time_utc,1550.8,1550.8,30.0,30.0,1800.0,3600.0,1855.537,3707.937,80.0,50.0,73.627,43.626999999999995,OBJ_MP_1249_0113.fits,/raw1/20260420/OBJ/OBJ_MP_1249_0113.fits,0113,36190,matched,OBJ_MP_1249_0113_cat.fits.gz,/processed1/20260420/L2/OBJ_MP_1249_0113_cat.fits.gz,35520,972.1146,31.7735,19.787,20.34,3.7606,3.256,26.9434,0.0294,0.0,14595.0,2680.0,2858.0,473.0,1386.0,0.13322351119062364,71.61464199862955,147.91982252214268,18.874935760045688,near_sun_solar_separation_sort_overwritten_by_ra_sort;scheduler_history_ingestion_stalled_after_20260330_server_audit,a6a11f498afd43f99b5add50f0c61e7005c7dcbcab19c1c7b4ab62776daf32bc
20260420,True,True,True,False,0980,20260420:0980:0003,matched,monotonic_minimum_total_absolute_time_residual,normal,1,3,54,8905,2026-04-20T13:10:55Z,2026-04-20T13:36:48.542000Z,l2_obs_time_utc,1553.542,1553.542,30.0,30.0,1800.0,3600.0,1855.923,3707.597,80.0,50.0,82.742,52.742000000000004,OBJ_MP_0980_0114.fits,/raw1/20260420/OBJ/OBJ_MP_0980_0114.fits,0114,36139,matched,OBJ_MP_0980_0114_cat.fits.gz,/processed1/20260420/L2/OBJ_MP_0980_0114_cat.fits.gz,35469,1033.9232,33.5301,19.7072,20.18,4.2224,3.6558,26.9306,0.0282,0.0,13991.0,2874.0,2890.0,547.0,1477.0,0.13329900817238488,73.95361280259732,147.99303694396082,13.16542656052672,near_sun_solar_separation_sort_overwritten_by_ra_sort;scheduler_history_ingestion_stalled_after_20260330_server_audit,a6a11f498afd43f99b5add50f0c61e7005c7dcbcab19c1c7b4ab62776daf32bc
20260420,True,True,True,False,1383,20260420:1383:0003,matched,monotonic_minimum_total_absolute_time_residual,normal,1,3,55,8906,2026-04-20T13:12:15Z,2026-04-20T13:38:17.350000Z,l2_obs_time_utc,1562.35,1562.35,30.0,30.0,1800.0,3600.0,1856.196,3707.447,80.0,50.0,88.808,58.80800000000001,OBJ_MP_1383_0115.fits,/raw1/20260420/OBJ/OBJ_MP_1383_0115.fits,0115,36238,matched,OBJ_MP_1383_0115_cat.fits.gz,/processed1/20260420/L2/OBJ_MP_1383_0115_cat.fits.gz,35568,931.0967,30.1248,19.8356,20.61,2.9817,2.5817,26.9453,0.026,0.0,14361.0,2914.0,2887.0,534.0,1385.0,0.13337452252825877,70.93828574717007,148.35654258268607,21.571602941651456,near_sun_solar_separation_sort_overwritten_by_ra_sort;scheduler_history_ingestion_stalled_after_20260330_server_audit,a6a11f498afd43f99b5add50f0c61e7005c7dcbcab19c1c7b4ab62776daf32bc
20260420,True,True,True,False,0846,20260420:0846:0003,matched,monotonic_minimum_total_absolute_time_residual,normal,1,3,56,8907,2026-04-20T13:13:35Z,2026-04-20T13:39:53.471000Z,l2_obs_time_utc,1578.471,1578.471,30.0,30.0,1800.0,3600.0,1856.777,3708.888,80.0,50.0,96.121,66.121,OBJ_MP_0846_0116.fits,/raw1/20260420/OBJ/OBJ_MP_0846_0116.fits,0116,36115,matched,OBJ_MP_0846_0116_cat.fits.gz,/processed1/20260420/L2/OBJ_MP_0846_0116_cat.fits.gz,35445,1075.3702,31.4238,19.663,20.47,3.1782,2.7517,26.929,0.0311,0.0,14659.0,3073.0,3032.0,588.0,1464.0,0.13345005425630063,75.62673999297724,148.48251080092953,10.150337560456036,near_sun_solar_separation_sort_overwritten_by_ra_sort;scheduler_history_ingestion_stalled_after_20260330_server_audit,a6a11f498afd43f99b5add50f0c61e7005c7dcbcab19c1c7b4ab62776daf32bc
20260420,True,True,True,False,0712,20260420:0712:0003,matched,monotonic_minimum_total_absolute_time_residual,normal,1,3,57,8908,2026-04-20T13:14:55Z,2026-04-20T13:41:09.443000Z,l2_obs_time_utc,1574.443,1574.443,30.0,30.0,1800.0,3600.0,1856.652,3710.123,80.0,50.0,75.972,45.971999999999994,OBJ_MP_0712_0117.fits,/raw1/20260420/OBJ/OBJ_MP_0712_0117.fits,0117,36091,matched,OBJ_MP_0712_0117_cat.fits.gz,/processed1/20260420/L2/OBJ_MP_0712_0117_cat.fits.gz,35421,1145.4519,29.2315,19.5882,20.37,3.3776,2.9243,26.9227,0.0349,0.0,15154.0,3188.0,3160.0,595.0,1870.0,0.13352560334960717,77.66098440650016,149.26554073698324,7.023192290497086,near_sun_solar_separation_sort_overwritten_by_ra_sort;scheduler_history_ingestion_stalled_after_20260330_server_audit,a6a11f498afd43f99b5add50f0c61e7005c7dcbcab19c1c7b4ab62776daf32bc
20260420,True,True,True,False,1116,20260420:1116:0003,matched,monotonic_minimum_total_absolute_time_residual,normal,1,3,58,8909,2026-04-20T13:16:15Z,2026-04-20T13:42:38.298000Z,l2_obs_time_utc,1583.298,1583.298,30.0,30.0,1800.0,3600.0,1856.705,3710.517,80.0,50.0,88.855,58.855000000000004,OBJ_MP_1116_0118.fits,/raw1/20260420/OBJ/OBJ_MP_1116_0118.fits,0118,36163,matched,OBJ_MP_1116_0118_cat.fits.gz,/processed1/20260420/L2/OBJ_MP_1116_0118_cat.fits.gz,35493,1017.3754,28.3918,19.7331,20.49,3.2037,2.7738,26.9389,0.0305,0.0,13864.0,2816.0,2872.0,521.0,1594.0,0.13360116979930597,75.21372096450075,150.41081241054925,15.159443262144867,near_sun_solar_separation_sort_overwritten_by_ra_sort;scheduler_history_ingestion_stalled_after_20260330_server_audit,a6a11f498afd43f99b5add50f0c61e7005c7dcbcab19c1c7b4ab62776daf32bc
20260420,True,True,True,False,1250,20260420:1250:0003,matched,monotonic_minimum_total_absolute_time_residual,normal,1,3,59,8910,2026-04-20T13:17:35Z,2026-04-20T13:43:53.368000Z,l2_obs_time_utc,1578.368,1578.368,30.0,30.0,1800.0,3600.0,1858.263,3710.566,80.0,50.0,75.07,45.06999999999999,OBJ_MP_1250_0119.fits,/raw1/20260420/OBJ/OBJ_MP_1250_0119.fits,0119,36193,matched,OBJ_MP_1250_0119_cat.fits.gz,/processed1/20260420/L2/OBJ_MP_1250_0119_cat.fits.gz,35523,999.6333,27.4032,19.7607,20.6,2.9462,2.5509,26.9474,0.0291,0.0,14113.0,2836.0,2874.0,509.0,1419.0,0.13367675360943726,74.2021308796749,150.5656562907357,17.957052127832313,near_sun_solar_separation_sort_overwritten_by_ra_sort;scheduler_history_ingestion_stalled_after_20260330_server_audit,a6a11f498afd43f99b5add50f0c61e7005c7dcbcab19c1c7b4ab62776daf32bc
20260420,True,True,True,False,0981,20260420:0981:0003,matched,monotonic_minimum_total_absolute_time_residual,normal,1,3,60,8911,2026-04-20T13:18:55Z,2026-04-20T13:45:16.455000Z,l2_obs_time_utc,1581.455,1581.455,30.0,30.0,1800.0,3600.0,1858.6,3710.689,80.0,50.0,83.087,53.087,OBJ_MP_0981_0120.fits,/raw1/20260420/OBJ/OBJ_MP_0981_0120.fits,0120,36142,matched,OBJ_MP_0981_0120_cat.fits.gz,/processed1/20260420/L2/OBJ_MP_0981_0120_cat.fits.gz,35472,1018.3715,27.8458,19.7259,20.42,3.3933,2.938,26.9328,0.0322,0.0,14906.0,3063.0,3022.0,551.0,1703.0,0.1337523547606871,76.53450738570645,150.56787942868172,12.251479789283533,near_sun_solar_separation_sort_overwritten_by_ra_sort;scheduler_history_ingestion_stalled_after_20260330_server_audit,a6a11f498afd43f99b5add50f0c61e7005c7dcbcab19c1c7b4ab62776daf32bc
20260420,True,True,True,False,0847,20260420:0847:0003,matched,monotonic_minimum_total_absolute_time_residual,normal,1,3,61,8912,2026-04-20T13:20:15Z,2026-04-20T13:46:31.360000Z,l2_obs_time_utc,1576.36,1576.36,30.0,30.0,1800.0,3600.0,1858.314,3710.679,80.0,50.0,74.905,44.905,OBJ_MP_0847_0121.fits,/raw1/20260420/OBJ/OBJ_MP_0847_0121.fits,0121,36118,matched,OBJ_MP_0847_0121_cat.fits.gz,/processed1/20260420/L2/OBJ_MP_0847_0121_cat.fits.gz,35448,1101.9857,30.596,19.6364,20.47,3.1427,2.7209,26.929,0.0319,0.0,14594.0,2995.0,3021.0,565.0,1429.0,0.13382797326218393,78.2185529178827,151.02866111933164,9.23106583225741,near_sun_solar_separation_sort_overwritten_by_ra_sort;scheduler_history_ingestion_stalled_after_20260330_server_audit,a6a11f498afd43f99b5add50f0c61e7005c7dcbcab19c1c7b4ab62776daf32bc
20260420,True,True,True,False,1384,20260420:1384:0003,matched,monotonic_minimum_total_absolute_time_residual,normal,1,3,62,8913,2026-04-20T13:21:35Z,2026-04-20T13:48:06.141000Z,l2_obs_time_utc,1591.141,1591.141,30.0,30.0,1800.0,3600.0,1858.467,3710.766,80.0,50.0,94.781,64.781,OBJ_MP_1384_0122.fits,/raw1/20260420/OBJ/OBJ_MP_1384_0122.fits,0122,36241,matched,OBJ_MP_1384_0122_cat.fits.gz,/processed1/20260420/L2/OBJ_MP_1384_0122_cat.fits.gz,35571,1001.655,27.7475,19.7597,20.49,3.2482,2.8123,26.9486,0.0305,0.0,13686.0,2689.0,2722.0,513.0,1285.0,0.13390360910403554,73.51488788540021,151.0436671107514,20.64417298280702,near_sun_solar_separation_sort_overwritten_by_ra_sort;scheduler_history_ingestion_stalled_after_20260330_server_audit,a6a11f498afd43f99b5add50f0c61e7005c7dcbcab19c1c7b4ab62776daf32bc
20260420,True,True,True,False,0713,20260420:0713:0003,matched,monotonic_minimum_total_absolute_time_residual,normal,1,3,63,8914,2026-04-20T13:22:55Z,2026-04-20T13:49:47.480000Z,l2_obs_time_utc,1612.48,1612.48,30.0,30.0,1800.0,3600.0,1859.716,3711.927,80.0,50.0,101.339,71.339,OBJ_MP_0713_0123.fits,/raw1/20260420/OBJ/OBJ_MP_0713_0123.fits,0123,36094,matched,OBJ_MP_0713_0123_cat.fits.gz,/processed1/20260420/L2/OBJ_MP_0713_0123_cat.fits.gz,35424,1109.1429,29.6096,19.6211,20.36,3.4526,2.9892,26.9206,0.0322,0.0,14568.0,2799.0,3089.0,565.0,1622.0,0.13397926227802365,80.23649855855011,151.78817579176726,6.093901534148221,near_sun_solar_separation_sort_overwritten_by_ra_sort;scheduler_history_ingestion_stalled_after_20260330_server_audit,a6a11f498afd43f99b5add50f0c61e7005c7dcbcab19c1c7b4ab62776daf32bc
20260420,True,True,True,False,1517,20260420:1517:0003,matched,monotonic_minimum_total_absolute_time_residual,normal,1,3,64,8915,2026-04-20T13:24:15Z,2026-04-20T13:51:31.526000Z,l2_obs_time_utc,1636.526,1636.526,30.0,30.0,1800.0,3600.0,1859.129,3711.218,80.0,50.0,104.046,74.046,OBJ_MP_1517_0124.fits,/raw1/20260420/OBJ/OBJ_MP_1517_0124.fits,0124,36289,matched,OBJ_MP_1517_0124_cat.fits.gz,/processed1/20260420/L2/OBJ_MP_1517_0124_cat.fits.gz,35619,961.2792,28.182,19.807,20.59,3.0244,2.6187,26.9514,0.0303,0.0,12848.0,2624.0,2598.0,509.0,1183.0,0.13405493278738423,73.19274960645706,151.8590199331651,23.218380633817393,near_sun_solar_separation_sort_overwritten_by_ra_sort;scheduler_history_ingestion_stalled_after_20260330_server_audit,a6a11f498afd43f99b5add50f0c61e7005c7dcbcab19c1c7b4ab62776daf32bc
20260420,True,True,True,False,1117,20260420:1117:0003,matched,monotonic_minimum_total_absolute_time_residual,normal,1,3,65,8916,2026-04-20T13:25:35Z,2026-04-20T13:53:02.230000Z,l2_obs_time_utc,1647.23,1647.23,30.0,30.0,1800.0,3600.0,1857.81,3710.875,80.0,50.0,90.704,60.70399999999999,OBJ_MP_1117_0125.fits,/raw1/20260420/OBJ/OBJ_MP_1117_0125.fits,0125,36166,matched,OBJ_MP_1117_0125_cat.fits.gz,/processed1/20260420/L2/OBJ_MP_1117_0125_cat.fits.gz,35496,1025.7096,27.8938,19.7236,20.53,3.0866,2.6725,26.9384,0.0314,0.0,14306.0,2844.0,2835.0,532.0,1215.0,0.13413062061981862,77.78314207670097,152.99857349710916,14.222167845037232,near_sun_solar_separation_sort_overwritten_by_ra_sort;scheduler_history_ingestion_stalled_after_20260330_server_audit,a6a11f498afd43f99b5add50f0c61e7005c7dcbcab19c1c7b4ab62776daf32bc
20260420,True,True,True,False,0855,20260420:0855:0001,matched,monotonic_minimum_total_absolute_time_residual,normal,2,1,66,8917,2026-04-20T13:26:55Z,2026-04-20T13:54:44.877000Z,l2_obs_time_utc,1669.877,1669.877,30.0,30.0,,0.0,,0.0,80.0,50.0,102.647,72.647,OBJ_MP_0855_0126.fits,/raw1/20260420/OBJ/OBJ_MP_0855_0126.fits,0126,36119,matched,OBJ_MP_0855_0126_cat.fits.gz,/processed1/20260420/L2/OBJ_MP_0855_0126_cat.fits.gz,35449,1034.8948,32.853,19.6992,20.37,3.5066,3.0358,26.9234,0.0348,0.0,13850.0,2710.0,2680.0,538.0,1233.0,0.13420632576881697,99.46226799877233,170.95411550255713,1.2195938765452496,near_sun_solar_separation_sort_overwritten_by_ra_sort;scheduler_history_ingestion_stalled_after_20260330_server_audit,a6a11f498afd43f99b5add50f0c61e7005c7dcbcab19c1c7b4ab62776daf32bc
20260420,True,True,True,False,0721,20260420:0721:0001,matched,monotonic_minimum_total_absolute_time_residual,normal,2,1,67,8918,2026-04-20T13:28:15Z,2026-04-20T13:56:00.277000Z,l2_obs_time_utc,1665.277,1665.277,30.0,30.0,,0.0,,0.0,80.0,50.0,75.4,45.400000000000006,OBJ_MP_0721_0127.fits,/raw1/20260420/OBJ/OBJ_MP_0721_0127.fits,0127,36095,matched,OBJ_MP_0721_0127_cat.fits.gz,/processed1/20260420/L2/OBJ_MP_0721_0127_cat.fits.gz,35425,1112.5647,31.8088,19.6083,20.39,3.3182,2.8726,26.911,0.0337,0.0,13338.0,2678.0,2736.0,539.0,1343.0,0.1342820482369244,101.49671459466042,171.61828560676952,-1.9759319585808324,near_sun_solar_separation_sort_overwritten_by_ra_sort;scheduler_history_ingestion_stalled_after_20260330_server_audit,a6a11f498afd43f99b5add50f0c61e7005c7dcbcab19c1c7b4ab62776daf32bc
20260420,True,True,True,False,0588,20260420:0588:0001,matched,monotonic_minimum_total_absolute_time_residual,normal,2,1,68,8919,2026-04-20T13:29:35Z,2026-04-20T13:57:15.837000Z,l2_obs_time_utc,1660.837,1660.837,30.0,30.0,,0.0,,0.0,80.0,50.0,75.56,45.56,OBJ_MP_0588_0128.fits,/raw1/20260420/OBJ/OBJ_MP_0588_0128.fits,0128,36071,matched,OBJ_MP_0588_0128_cat.fits.gz,/processed1/20260420/L2/OBJ_MP_0588_0128_cat.fits.gz,35401,1185.9979,33.1199,19.5187,20.25,3.6297,3.1423,26.8908,0.0319,0.0,14471.0,2906.0,2867.0,580.0,1397.0,0.1343577880177912,103.88351417736357,172.62894710016224,-5.325804944662051,near_sun_solar_separation_sort_overwritten_by_ra_sort;scheduler_history_ingestion_stalled_after_20260330_server_audit,a6a11f498afd43f99b5add50f0c61e7005c7dcbcab19c1c7b4ab62776daf32bc
20260420,True,True,True,False,0990,20260420:0990:0001,matched,monotonic_minimum_total_absolute_time_residual,normal,2,1,69,8920,2026-04-20T13:30:55Z,2026-04-20T13:58:46.651000Z,l2_obs_time_utc,1671.651,1671.651,30.0,30.0,,0.0,,0.0,80.0,50.0,90.814,60.81399999999999,OBJ_MP_0990_0129.fits,/raw1/20260420/OBJ/OBJ_MP_0990_0129.fits,0129,36143,matched,OBJ_MP_0990_0129_cat.fits.gz,/processed1/20260420/L2/OBJ_MP_0990_0129_cat.fits.gz,35473,1075.1804,31.4518,19.6575,20.45,3.2102,2.7792,26.9231,0.0306,0.0,13167.0,2104.0,2566.0,469.0,1108.0,0.13443354510103184,100.38887511796112,173.09348658051746,3.213863709058913,near_sun_solar_separation_sort_overwritten_by_ra_sort;scheduler_history_ingestion_stalled_after_20260330_server_audit,a6a11f498afd43f99b5add50f0c61e7005c7dcbcab19c1c7b4ab62776daf32bc
20260420,True,True,True,False,1125,20260420:1125:0001,matched,monotonic_minimum_total_absolute_time_residual,normal,2,1,70,8921,2026-04-20T13:32:15Z,2026-04-20T14:00:02.924000Z,l2_obs_time_utc,1667.924,1667.924,30.0,30.0,,0.0,,0.0,80.0,50.0,76.273,46.272999999999996,OBJ_MP_1125_0130.fits,/raw1/20260420/OBJ/OBJ_MP_1125_0130.fits,0130,36167,matched,OBJ_MP_1125_0130_cat.fits.gz,/processed1/20260420/L2/OBJ_MP_1125_0130_cat.fits.gz,35497,1026.7004,32.3019,19.7198,20.05,4.777,4.1358,26.9354,0.0355,0.0,11225.0,2362.0,2342.0,533.0,1246.0,0.13450931948241102,99.03150050229851,173.12172148007764,6.113891839381438,near_sun_solar_separation_sort_overwritten_by_ra_sort;scheduler_history_ingestion_stalled_after_20260330_server_audit,a6a11f498afd43f99b5add50f0c61e7005c7dcbcab19c1c7b4ab62776daf32bc
20260420,True,True,True,False,0856,20260420:0856:0001,matched,monotonic_minimum_total_absolute_time_residual,normal,2,1,71,8922,2026-04-20T13:33:35Z,2026-04-20T14:01:26.546000Z,l2_obs_time_utc,1671.546,1671.546,30.0,30.0,,0.0,,0.0,80.0,50.0,83.622,53.622,OBJ_MP_0856_0131.fits,/raw1/20260420/OBJ/OBJ_MP_0856_0131.fits,0131,36122,matched,OBJ_MP_0856_0131_cat.fits.gz,/processed1/20260420/L2/OBJ_MP_0856_0131_cat.fits.gz,35452,1099.7092,31.9916,19.6286,20.15,4.2007,3.6367,26.9188,0.0311,0.0,12195.0,2599.0,2561.0,511.0,1382.0,0.1345851111648682,102.05737591980427,173.4105393157812,0.16536030182165365,near_sun_solar_separation_sort_overwritten_by_ra_sort;scheduler_history_ingestion_stalled_after_20260330_server_audit,a6a11f498afd43f99b5add50f0c61e7005c7dcbcab19c1c7b4ab62776daf32bc
20260420,True,True,True,False,0722,20260420:0722:0001,matched,monotonic_minimum_total_absolute_time_residual,normal,2,1,72,8923,2026-04-20T13:34:55Z,2026-04-20T14:02:41.135000Z,l2_obs_time_utc,1666.135,1666.135,30.0,30.0,,0.0,,0.0,80.0,50.0,74.589,44.589,OBJ_MP_0722_0132.fits,/raw1/20260420/OBJ/OBJ_MP_0722_0132.fits,0132,36098,matched,OBJ_MP_0722_0132_cat.fits.gz,/processed1/20260420/L2/OBJ_MP_0722_0132_cat.fits.gz,35428,1169.4423,33.7927,19.5464,20.22,3.7902,3.2813,26.9032,0.0325,0.0,13534.0,2698.0,2682.0,533.0,1398.0,0.13466092013266817,104.09341770374675,174.07477401489376,-3.0350573901241735,near_sun_solar_separation_sort_overwritten_by_ra_sort;scheduler_history_ingestion_stalled_after_20260330_server_audit,a6a11f498afd43f99b5add50f0c61e7005c7dcbcab19c1c7b4ab62776daf32bc
20260420,True,True,True,False,0589,20260420:0589:0001,matched,monotonic_minimum_total_absolute_time_residual,normal,2,1,73,8924,2026-04-20T13:36:15Z,2026-04-20T14:03:57.926000Z,l2_obs_time_utc,1662.926,1662.926,30.0,30.0,,0.0,,0.0,80.0,50.0,76.791,46.791,OBJ_MP_0589_0133.fits,/raw1/20260420/OBJ/OBJ_MP_0589_0133.fits,0133,36074,matched,OBJ_MP_0589_0133_cat.fits.gz,/processed1/20260420/L2/OBJ_MP_0589_0133_cat.fits.gz,35404,1220.9523,33.7435,19.4825,20.18,3.8383,3.3227,26.886,0.0332,0.0,13686.0,2732.0,2842.0,578.0,1532.0,0.1347367463914812,106.48213124592672,175.09256550540567,-6.392760737199113,near_sun_solar_separation_sort_overwritten_by_ra_sort;scheduler_history_ingestion_stalled_after_20260330_server_audit,a6a11f498afd43f99b5add50f0c61e7005c7dcbcab19c1c7b4ab62776daf32bc
20260420,True,True,True,False,0991,20260420:0991:0001,matched,monotonic_minimum_total_absolute_time_residual,normal,2,1,74,8925,2026-04-20T13:37:35Z,2026-04-20T14:05:27.444000Z,l2_obs_time_utc,1672.444,1672.444,30.0,30.0,,0.0,,0.0,80.0,50.0,89.518,59.518,OBJ_MP_0991_0134.fits,/raw1/20260420/OBJ/OBJ_MP_0991_0134.fits,0134,36146,matched,OBJ_MP_0991_0134_cat.fits.gz,/processed1/20260420/L2/OBJ_MP_0991_0134_cat.fits.gz,35476,1055.074,32.2015,19.675,20.34,3.5632,3.0848,26.9202,0.0284,0.0,12777.0,2495.0,2612.0,468.0,1258.0,0.13481258992548356,102.98227939634536,175.55084299236194,2.1559358818121908,near_sun_solar_separation_sort_overwritten_by_ra_sort;scheduler_history_ingestion_stalled_after_20260330_server_audit,a6a11f498afd43f99b5add50f0c61e7005c7dcbcab19c1c7b4ab62776daf32bc
20260420,True,True,True,False,1126,20260420:1126:0001,matched,monotonic_minimum_total_absolute_time_residual,normal,2,1,75,8926,2026-04-20T13:38:55Z,2026-04-20T14:06:41.972000Z,l2_obs_time_utc,1666.972,1666.972,30.0,30.0,,0.0,,0.0,80.0,50.0,74.528,44.528000000000006,OBJ_MP_1126_0135.fits,/raw1/20260420/OBJ/OBJ_MP_1126_0135.fits,0135,36170,matched,OBJ_MP_1126_0135_cat.fits.gz,/processed1/20260420/L2/OBJ_MP_1126_0135_cat.fits.gz,35500,1045.7678,32.0541,19.7015,20.42,3.38,2.9263,26.9371,0.0321,0.0,13069.0,2603.0,2584.0,481.0,1127.0,0.13488845073855948,101.62355854579553,175.58748170821943,5.054572716708951,near_sun_solar_separation_sort_overwritten_by_ra_sort;scheduler_history_ingestion_stalled_after_20260330_server_audit,a6a11f498afd43f99b5add50f0c61e7005c7dcbcab19c1c7b4ab62776daf32bc
20260420,True,True,True,False,0857,20260420:0857:0001,matched,monotonic_minimum_total_absolute_time_residual,normal,2,1,76,8927,2026-04-20T13:40:15Z,2026-04-20T14:08:06.147000Z,l2_obs_time_utc,1671.147,1671.147,30.0,30.0,,0.0,,0.0,80.0,50.0,84.175,54.175,OBJ_MP_0857_0136.fits,/raw1/20260420/OBJ/OBJ_MP_0857_0136.fits,0136,36125,matched,OBJ_MP_0857_0136_cat.fits.gz,/processed1/20260420/L2/OBJ_MP_0857_0136_cat.fits.gz,35455,1107.7726,33.9192,19.6125,20.34,3.4707,3.0045,26.9105,0.0306,0.0,13562.0,2663.0,2714.0,490.0,1231.0,0.1349643288253995,104.65219037803188,175.86458466832167,-0.89410673347922,near_sun_solar_separation_sort_overwritten_by_ra_sort;scheduler_history_ingestion_stalled_after_20260330_server_audit,a6a11f498afd43f99b5add50f0c61e7005c7dcbcab19c1c7b4ab62776daf32bc
20260420,True,True,True,False,1260,20260420:1260:0001,matched,monotonic_minimum_total_absolute_time_residual,normal,2,1,77,8928,2026-04-20T13:41:35Z,2026-04-20T14:09:34.983000Z,l2_obs_time_utc,1679.983,1679.983,30.0,30.0,,0.0,,0.0,80.0,50.0,88.836,58.836,OBJ_MP_1260_0137.fits,/raw1/20260420/OBJ/OBJ_MP_1260_0137.fits,0137,36194,matched,OBJ_MP_1260_0137_cat.fits.gz,/processed1/20260420/L2/OBJ_MP_1260_0137_cat.fits.gz,35524,995.146,27.3925,19.7597,20.46,3.3119,2.8673,26.9414,0.0298,0.0,13992.0,2685.0,2707.0,447.0,1180.0,0.13504022416965467,100.60425754400906,175.9754436843075,7.803302928077337,near_sun_solar_separation_sort_overwritten_by_ra_sort;scheduler_history_ingestion_stalled_after_20260330_server_audit,a6a11f498afd43f99b5add50f0c61e7005c7dcbcab19c1c7b4ab62776daf32bc
20260420,True,True,True,False,0723,20260420:0723:0001,matched,monotonic_minimum_total_absolute_time_residual,normal,2,1,78,8929,2026-04-20T13:42:55Z,2026-04-20T14:11:11.999000Z,l2_obs_time_utc,1696.999,1696.999,30.0,30.0,,0.0,,0.0,80.0,50.0,97.016,67.016,OBJ_MP_0723_0138.fits,/raw1/20260420/OBJ/OBJ_MP_0723_0138.fits,0138,36101,matched,OBJ_MP_0723_0138_cat.fits.gz,/processed1/20260420/L2/OBJ_MP_0723_0138_cat.fits.gz,35431,1150.1665,29.6052,19.5653,20.27,3.6573,3.1662,26.9041,0.0342,0.0,15271.0,2745.0,3066.0,544.0,1445.0,0.13511613678320167,106.67565420565518,176.53163375716488,-4.098907036974206,near_sun_solar_separation_sort_overwritten_by_ra_sort;scheduler_history_ingestion_stalled_after_20260330_server_audit,a6a11f498afd43f99b5add50f0c61e7005c7dcbcab19c1c7b4ab62776daf32bc
20260420,True,True,True,False,0590,20260420:0590:0001,matched,monotonic_minimum_total_absolute_time_residual,normal,2,1,79,8930,2026-04-20T13:44:15Z,2026-04-20T14:12:28.102000Z,l2_obs_time_utc,1693.102,1693.102,30.0,30.0,,0.0,,0.0,80.0,50.0,76.103,46.102999999999994,OBJ_MP_0590_0139.fits,/raw1/20260420/OBJ/OBJ_MP_0590_0139.fits,0139,36077,matched,OBJ_MP_0590_0139_cat.fits.gz,/processed1/20260420/L2/OBJ_MP_0590_0139_cat.fits.gz,35407,1210.3997,33.0457,19.4912,20.34,3.3001,2.8569,26.8854,0.0346,0.0,14860.0,3007.0,2966.0,598.0,1517.0,0.13519206665091632,109.06630496702726,177.559608910463,-7.463664803598792,near_sun_solar_separation_sort_overwritten_by_ra_sort;scheduler_history_ingestion_stalled_after_20260330_server_audit,a6a11f498afd43f99b5add50f0c61e7005c7dcbcab19c1c7b4ab62776daf32bc
20260420,True,True,True,False,0992,20260420:0992:0001,matched,monotonic_minimum_total_absolute_time_residual,normal,2,1,80,8931,2026-04-20T13:45:35Z,2026-04-20T14:13:56.890000Z,l2_obs_time_utc,1701.89,1701.89,30.0,30.0,,0.0,,0.0,80.0,50.0,88.788,58.788,OBJ_MP_0992_0140.fits,/raw1/20260420/OBJ/OBJ_MP_0992_0140.fits,0140,36149,matched,OBJ_MP_0992_0140_cat.fits.gz,/processed1/20260420/L2/OBJ_MP_0992_0140_cat.fits.gz,35479,1095.5029,33.0605,19.641,20.49,3.0977,2.6818,26.927,0.034,0.0,13752.0,2595.0,2587.0,444.0,1082.0,0.13526801377204878,105.56062977904561,178.00496532603452,1.0944716875446894,near_sun_solar_separation_sort_overwritten_by_ra_sort;scheduler_history_ingestion_stalled_after_20260330_server_audit,a6a11f498afd43f99b5add50f0c61e7005c7dcbcab19c1c7b4ab62776daf32bc
20260420,True,True,True,False,1127,20260420:1127:0001,matched,monotonic_minimum_total_absolute_time_residual,normal,2,1,81,8932,2026-04-20T13:46:55Z,2026-04-20T14:15:14.586000Z,l2_obs_time_utc,1699.586,1699.586,30.0,30.0,,0.0,,0.0,80.0,50.0,77.696,47.696,OBJ_MP_1127_0141.fits,/raw1/20260420/OBJ/OBJ_MP_1127_0141.fits,0141,36173,matched,OBJ_MP_1127_0141_cat.fits.gz,/processed1/20260420/L2/OBJ_MP_1127_0141_cat.fits.gz,35503,1061.8767,33.9913,19.681,20.53,3.0192,2.614,26.9333,0.0312,0.0,13304.0,2028.0,2515.0,439.0,1211.0,0.13534397813368132,104.20015886604126,178.0476814484366,3.9917304207833064,near_sun_solar_separation_sort_overwritten_by_ra_sort;scheduler_history_ingestion_stalled_after_20260330_server_audit,a6a11f498afd43f99b5add50f0c61e7005c7dcbcab19c1c7b4ab62776daf32bc
20260420,True,True,True,False,0858,20260420:0858:0001,matched,monotonic_minimum_total_absolute_time_residual,normal,2,1,82,8933,2026-04-20T13:48:15Z,2026-04-20T14:16:38.646000Z,l2_obs_time_utc,1703.646,1703.646,30.0,30.0,,0.0,,0.0,80.0,50.0,84.06,54.06,OBJ_MP_0858_0142.fits,/raw1/20260420/OBJ/OBJ_MP_0858_0142.fits,0142,36128,matched,OBJ_MP_0858_0142_cat.fits.gz,/processed1/20260420/L2/OBJ_MP_0858_0142_cat.fits.gz,35458,1078.7041,32.7111,19.6432,20.47,3.1187,2.7,26.9124,0.0293,0.0,15049.0,2979.0,2935.0,549.0,1266.0,0.13541995974245075,107.23221206898283,178.31792169277023,-1.9568604808118335,near_sun_solar_separation_sort_overwritten_by_ra_sort;scheduler_history_ingestion_stalled_after_20260330_server_audit,a6a11f498afd43f99b5add50f0c61e7005c7dcbcab19c1c7b4ab62776daf32bc
20260420,True,True,True,False,1261,20260420:1261:0001,matched,monotonic_minimum_total_absolute_time_residual,normal,2,1,83,8934,2026-04-20T13:49:35Z,2026-04-20T14:18:08.230000Z,l2_obs_time_utc,1713.23,1713.23,30.0,30.0,,0.0,,0.0,80.0,50.0,89.584,59.584,OBJ_MP_1261_0143.fits,/raw1/20260420/OBJ/OBJ_MP_1261_0143.fits,0143,36197,matched,OBJ_MP_1261_0143_cat.fits.gz,/processed1/20260420/L2/OBJ_MP_1261_0143_cat.fits.gz,35527,1019.4631,28.1693,19.7272,20.53,3.0736,2.661,26.9351,0.0262,0.0,13142.0,2678.0,2633.0,427.0,1266.0,0.13549595858787478,103.17924895492307,178.44608299017702,6.736411577860227,near_sun_solar_separation_sort_overwritten_by_ra_sort;scheduler_history_ingestion_stalled_after_20260330_server_audit,a6a11f498afd43f99b5add50f0c61e7005c7dcbcab19c1c7b4ab62776daf32bc
20260420,True,True,True,False,0724,20260420:0724:0001,matched,monotonic_minimum_total_absolute_time_residual,normal,2,1,84,8935,2026-04-20T13:50:55Z,2026-04-20T14:19:45Z,l2_obs_time_utc,1730.0,1730.0,30.0,30.0,,0.0,,0.0,80.0,50.0,96.77,66.77,OBJ_MP_0724_0144.fits,/raw1/20260420/OBJ/OBJ_MP_0724_0144.fits,0144,36104,matched,OBJ_MP_0724_0144_cat.fits.gz,/processed1/20260420/L2/OBJ_MP_0724_0144_cat.fits.gz,35434,1154.3033,29.7443,19.56,20.27,3.6386,3.1499,26.9026,0.033,0.0,15161.0,2919.0,3011.0,560.0,1555.0,0.13557197465905413,109.25757802834312,178.99056611978574,-5.165526151763336,near_sun_solar_separation_sort_overwritten_by_ra_sort;scheduler_history_ingestion_stalled_after_20260330_server_audit,a6a11f498afd43f99b5add50f0c61e7005c7dcbcab19c1c7b4ab62776daf32bc
20260420,True,True,True,False,1395,20260420:1395:0001,matched,monotonic_minimum_total_absolute_time_residual,normal,2,1,85,8936,2026-04-20T13:52:15Z,2026-04-20T14:21:25.602000Z,l2_obs_time_utc,1750.602,1750.602,30.0,30.0,,0.0,,0.0,80.0,50.0,100.602,70.602,OBJ_MP_1395_0145.fits,/raw1/20260420/OBJ/OBJ_MP_1395_0145.fits,0145,36242,matched,OBJ_MP_1395_0145_cat.fits.gz,/processed1/20260420/L2/OBJ_MP_1395_0145_cat.fits.gz,35572,960.7455,27.2144,19.8035,20.61,2.9432,2.5482,26.9471,0.0323,0.0,14017.0,2560.0,2654.0,453.0,1291.0,0.1356480079654474,102.51068608862055,179.20352087378473,9.328276260406728,near_sun_solar_separation_sort_overwritten_by_ra_sort;scheduler_history_ingestion_stalled_after_20260330_server_audit,a6a11f498afd43f99b5add50f0c61e7005c7dcbcab19c1c7b4ab62776daf32bc
20260420,True,True,True,False,0591,20260420:0591:0001,matched,monotonic_minimum_total_absolute_time_residual,normal,2,1,86,8937,2026-04-20T13:53:35Z,2026-04-20T14:23:11.430000Z,l2_obs_time_utc,1776.43,1776.43,30.0,30.0,,0.0,,0.0,80.0,50.0,105.828,75.828,OBJ_MP_0591_0146.fits,/raw1/20260420/OBJ/OBJ_MP_0591_0146.fits,0146,36080,matched,OBJ_MP_0591_0146_cat.fits.gz,/processed1/20260420/L2/OBJ_MP_0591_0146_cat.fits.gz,35410,1143.8187,31.6862,19.5498,20.35,3.3187,2.8727,26.8824,0.0355,0.0,15648.0,2849.0,3136.0,563.0,1352.0,0.13572405848753366,111.63552494044787,180.0318409372979,-8.536536337603353,near_sun_solar_separation_sort_overwritten_by_ra_sort;scheduler_history_ingestion_stalled_after_20260330_server_audit,a6a11f498afd43f99b5add50f0c61e7005c7dcbcab19c1c7b4ab62776daf32bc
20260420,True,True,True,False,0993,20260420:0993:0001,matched,monotonic_minimum_total_absolute_time_residual,normal,2,1,87,8938,2026-04-20T13:54:55Z,2026-04-20T14:24:40.985000Z,l2_obs_time_utc,1785.985,1785.985,30.0,30.0,,0.0,,0.0,80.0,50.0,89.555,59.55500000000001,OBJ_MP_0993_0147.fits,/raw1/20260420/OBJ/OBJ_MP_0993_0147.fits,0147,36152,matched,OBJ_MP_0993_0147_cat.fits.gz,/processed1/20260420/L2/OBJ_MP_0993_0147_cat.fits.gz,35482,1023.7842,32.5557,19.7081,20.53,3.0433,2.6347,26.9205,0.034,0.0,14810.0,2842.0,2807.0,512.0,1403.0,0.13580012622647342,108.12349348996939,180.45753486089103,0.031421486988348075,near_sun_solar_separation_sort_overwritten_by_ra_sort;scheduler_history_ingestion_stalled_after_20260330_server_audit,a6a11f498afd43f99b5add50f0c61e7005c7dcbcab19c1c7b4ab62776daf32bc
20260420,True,True,True,False,0855,20260420:0855:0002,matched,monotonic_minimum_total_absolute_time_residual,normal,2,2,88,8939,2026-04-20T13:56:55Z,2026-04-20T14:26:10.689000Z,l2_obs_time_utc,1755.689,1755.689,30.0,30.0,1800.0,1800.0,1885.812,1885.812,120.0,90.0,89.704,59.70399999999999,OBJ_MP_0855_0148.fits,/raw1/20260420/OBJ/OBJ_MP_0855_0148.fits,0148,36120,matched,OBJ_MP_0855_0148_cat.fits.gz,/processed1/20260420/L2/OBJ_MP_0855_0148_cat.fits.gz,35450,1061.9716,28.8235,19.6702,20.39,3.4103,2.9524,26.9224,0.0346,0.0,14864.0,2907.0,2896.0,516.0,1321.0,0.13591426010782626,99.13854031925763,170.95411550255713,1.2195938765452496,near_sun_solar_separation_sort_overwritten_by_ra_sort;scheduler_history_ingestion_stalled_after_20260330_server_audit,a6a11f498afd43f99b5add50f0c61e7005c7dcbcab19c1c7b4ab62776daf32bc
20260420,True,True,True,False,0721,20260420:0721:0002,matched,monotonic_minimum_total_absolute_time_residual,normal,2,2,89,8940,2026-04-20T13:58:15Z,2026-04-20T14:27:26.991000Z,l2_obs_time_utc,1751.991,1751.991,30.0,30.0,1800.0,1800.0,1886.714,1886.714,80.0,50.0,76.302,46.30200000000001,OBJ_MP_0721_0149.fits,/raw1/20260420/OBJ/OBJ_MP_0721_0149.fits,0149,36096,matched,OBJ_MP_0721_0149_cat.fits.gz,/processed1/20260420/L2/OBJ_MP_0721_0149_cat.fits.gz,35426,1116.1893,29.4058,19.6034,20.36,3.4055,2.9481,26.9095,0.0336,0.0,13840.0,2804.0,2873.0,543.0,1440.0,0.1359903708721139,101.17101130426927,171.61828560676952,-1.9759319585808324,near_sun_solar_separation_sort_overwritten_by_ra_sort;scheduler_history_ingestion_stalled_after_20260330_server_audit,a6a11f498afd43f99b5add50f0c61e7005c7dcbcab19c1c7b4ab62776daf32bc
20260420,True,True,True,False,0588,20260420:0588:0002,matched,monotonic_minimum_total_absolute_time_residual,normal,2,2,90,8941,2026-04-20T13:59:35Z,2026-04-20T14:28:44.160000Z,l2_obs_time_utc,1749.16,1749.16,30.0,30.0,1800.0,1800.0,1888.323,1888.323,80.0,50.0,77.169,47.169,OBJ_MP_0588_0150.fits,/raw1/20260420/OBJ/OBJ_MP_0588_0150.fits,0150,36072,matched,OBJ_MP_0588_0150_cat.fits.gz,/processed1/20260420/L2/OBJ_MP_0588_0150_cat.fits.gz,35402,1201.4641,29.7795,19.5045,20.24,3.652,3.1617,26.8907,0.0315,0.0,14665.0,2953.0,2907.0,580.0,1566.0,0.13606649882727856,103.55649619415132,172.62894710016224,-5.325804944662051,near_sun_solar_separation_sort_overwritten_by_ra_sort;scheduler_history_ingestion_stalled_after_20260330_server_audit,a6a11f498afd43f99b5add50f0c61e7005c7dcbcab19c1c7b4ab62776daf32bc
20260420,True,True,True,False,0990,20260420:0990:0002,matched,monotonic_minimum_total_absolute_time_residual,normal,2,2,91,8942,2026-04-20T14:00:55Z,2026-04-20T14:30:12.603000Z,l2_obs_time_utc,1757.603,1757.603,30.0,30.0,1800.0,1800.0,1885.952,1885.952,80.0,50.0,88.443,58.443,OBJ_MP_0990_0151.fits,/raw1/20260420/OBJ/OBJ_MP_0990_0151.fits,0151,36144,matched,OBJ_MP_0990_0151_cat.fits.gz,/processed1/20260420/L2/OBJ_MP_0990_0151_cat.fits.gz,35474,1012.7886,27.5434,19.7207,20.48,3.1821,2.7549,26.9215,0.031,0.0,14131.0,2755.0,2771.0,458.0,1229.0,0.1361426439801386,100.065855863481,173.09348658051746,3.213863709058913,near_sun_solar_separation_sort_overwritten_by_ra_sort;scheduler_history_ingestion_stalled_after_20260330_server_audit,a6a11f498afd43f99b5add50f0c61e7005c7dcbcab19c1c7b4ab62776daf32bc
20260420,True,True,True,False,1125,20260420:1125:0002,matched,monotonic_minimum_total_absolute_time_residual,normal,2,2,92,8943,2026-04-20T14:02:15Z,2026-04-20T14:31:27.765000Z,l2_obs_time_utc,1752.765,1752.765,30.0,30.0,1800.0,1800.0,1884.841,1884.841,80.0,50.0,75.162,45.162000000000006,OBJ_MP_1125_0152.fits,/raw1/20260420/OBJ/OBJ_MP_1125_0152.fits,0152,36168,matched,OBJ_MP_1125_0152_cat.fits.gz,/processed1/20260420/L2/OBJ_MP_1125_0152_cat.fits.gz,35498,966.2226,27.0752,19.7861,20.52,3.1482,2.7256,26.9357,0.036,0.0,13252.0,2732.0,2716.0,502.0,1373.0,0.13621880632493194,98.7107941520257,173.12172148007764,6.113891839381438,near_sun_solar_separation_sort_overwritten_by_ra_sort;scheduler_history_ingestion_stalled_after_20260330_server_audit,a6a11f498afd43f99b5add50f0c61e7005c7dcbcab19c1c7b4ab62776daf32bc
20260420,True,True,True,False,0856,20260420:0856:0002,matched,monotonic_minimum_total_absolute_time_residual,normal,2,2,93,8944,2026-04-20T14:03:35Z,2026-04-20T14:32:51.683000Z,l2_obs_time_utc,1756.683,1756.683,30.0,30.0,1800.0,1800.0,1885.137,1885.137,80.0,50.0,83.918,53.918000000000006,OBJ_MP_0856_0153.fits,/raw1/20260420/OBJ/OBJ_MP_0856_0153.fits,0153,36123,matched,OBJ_MP_0856_0153_cat.fits.gz,/processed1/20260420/L2/OBJ_MP_0856_0153_cat.fits.gz,35453,1053.6221,28.4655,19.6748,20.46,3.1843,2.7568,26.9185,0.0296,0.0,14406.0,2946.0,2906.0,487.0,1277.0,0.1362949858516545,101.73112362128187,173.4105393157812,0.16536030182165365,near_sun_solar_separation_sort_overwritten_by_ra_sort;scheduler_history_ingestion_stalled_after_20260330_server_audit,a6a11f498afd43f99b5add50f0c61e7005c7dcbcab19c1c7b4ab62776daf32bc
20260420,True,True,True,False,0722,20260420:0722:0002,matched,monotonic_minimum_total_absolute_time_residual,normal,2,2,94,8945,2026-04-20T14:04:55Z,2026-04-20T14:34:06.144000Z,l2_obs_time_utc,1751.144,1751.144,30.0,30.0,1800.0,1800.0,1885.009,1885.009,80.0,50.0,74.461,44.461,OBJ_MP_0722_0154.fits,/raw1/20260420/OBJ/OBJ_MP_0722_0154.fits,0154,36099,matched,OBJ_MP_0722_0154_cat.fits.gz,/processed1/20260420/L2/OBJ_MP_0722_0154_cat.fits.gz,35429,1117.9591,29.42,19.5911,20.42,3.1813,2.7541,26.8991,0.0318,0.0,15031.0,2951.0,2945.0,506.0,1341.0,0.13637118256054276,103.76513278711569,174.07477401489376,-3.0350573901241735,near_sun_solar_separation_sort_overwritten_by_ra_sort;scheduler_history_ingestion_stalled_after_20260330_server_audit,a6a11f498afd43f99b5add50f0c61e7005c7dcbcab19c1c7b4ab62776daf32bc
20260420,True,True,True,False,0589,20260420:0589:0002,matched,monotonic_minimum_total_absolute_time_residual,normal,2,2,95,8946,2026-04-20T14:06:15Z,2026-04-20T14:35:21.908000Z,l2_obs_time_utc,1746.908,1746.908,30.0,30.0,1800.0,1800.0,1883.982,1883.982,80.0,50.0,75.764,45.763999999999996,OBJ_MP_0589_0155.fits,/raw1/20260420/OBJ/OBJ_MP_0589_0155.fits,0155,36075,matched,OBJ_MP_0589_0155_cat.fits.gz,/processed1/20260420/L2/OBJ_MP_0589_0155_cat.fits.gz,35405,1146.7246,29.0882,19.5497,20.34,3.3664,2.9142,26.8851,0.0323,0.0,15211.0,2925.0,3045.0,558.0,1461.0,0.13644739644113313,106.15249343912154,175.09256550540567,-6.392760737199113,near_sun_solar_separation_sort_overwritten_by_ra_sort;scheduler_history_ingestion_stalled_after_20260330_server_audit,a6a11f498afd43f99b5add50f0c61e7005c7dcbcab19c1c7b4ab62776daf32bc
20260420,True,True,True,False,0991,20260420:0991:0002,matched,monotonic_minimum_total_absolute_time_residual,normal,2,2,96,8947,2026-04-20T14:07:35Z,2026-04-20T14:36:52.095000Z,l2_obs_time_utc,1757.095,1757.095,30.0,30.0,1800.0,1800.0,1884.651,1884.651,80.0,50.0,90.187,60.187,OBJ_MP_0991_0156.fits,/raw1/20260420/OBJ/OBJ_MP_0991_0156.fits,0156,36147,matched,OBJ_MP_0991_0156_cat.fits.gz,/processed1/20260420/L2/OBJ_MP_0991_0156_cat.fits.gz,35477,1033.3145,27.8754,19.6989,20.35,3.5757,3.0956,26.9214,0.0288,0.0,13376.0,2667.0,2803.0,464.0,1444.0,0.1365236274940721,102.65682448973303,175.55084299236194,2.1559358818121908,near_sun_solar_separation_sort_overwritten_by_ra_sort;scheduler_history_ingestion_stalled_after_20260330_server_audit,a6a11f498afd43f99b5add50f0c61e7005c7dcbcab19c1c7b4ab62776daf32bc
20260420,True,True,True,False,1126,20260420:1126:0002,matched,monotonic_minimum_total_absolute_time_residual,normal,2,2,97,8948,2026-04-20T14:08:55Z,2026-04-20T14:38:07.058000Z,l2_obs_time_utc,1752.058,1752.058,30.0,30.0,1800.0,1800.0,1885.086,1885.086,80.0,50.0,74.963,44.962999999999994,OBJ_MP_1126_0157.fits,/raw1/20260420/OBJ/OBJ_MP_1126_0157.fits,0157,36171,matched,OBJ_MP_1126_0157_cat.fits.gz,/processed1/20260420/L2/OBJ_MP_1126_0157_cat.fits.gz,35501,1008.6804,27.5023,19.7414,20.55,3.0354,2.628,26.9378,0.0312,0.0,14119.0,2813.0,2785.0,464.0,1182.0,0.13659987571192017,101.30050836140171,175.58748170821943,5.054572716708951,near_sun_solar_separation_sort_overwritten_by_ra_sort;scheduler_history_ingestion_stalled_after_20260330_server_audit,a6a11f498afd43f99b5add50f0c61e7005c7dcbcab19c1c7b4ab62776daf32bc
20260420,True,True,True,False,0857,20260420:0857:0002,matched,monotonic_minimum_total_absolute_time_residual,normal,2,2,98,8949,2026-04-20T14:10:15Z,2026-04-20T14:39:31.158000Z,l2_obs_time_utc,1756.158,1756.158,30.0,30.0,1800.0,1800.0,1885.011,1885.011,80.0,50.0,84.1,54.099999999999994,OBJ_MP_0857_0158.fits,/raw1/20260420/OBJ/OBJ_MP_0857_0158.fits,0158,36126,matched,OBJ_MP_0857_0158_cat.fits.gz,/processed1/20260420/L2/OBJ_MP_0857_0158_cat.fits.gz,35456,1016.5903,27.7666,19.7103,20.47,3.1889,2.7607,26.915,0.031,0.0,14652.0,2982.0,2972.0,494.0,1375.0,0.13667614108951553,104.32343110436877,175.86458466832167,-0.89410673347922,near_sun_solar_separation_sort_overwritten_by_ra_sort;scheduler_history_ingestion_stalled_after_20260330_server_audit,a6a11f498afd43f99b5add50f0c61e7005c7dcbcab19c1c7b4ab62776daf32bc
20260420,True,True,True,False,1260,20260420:1260:0002,matched,monotonic_minimum_total_absolute_time_residual,normal,2,2,99,8950,2026-04-20T14:11:35Z,2026-04-20T14:41:00.900000Z,l2_obs_time_utc,1765.9,1765.9,30.0,30.0,1800.0,1800.0,1885.917,1885.917,80.0,50.0,89.742,59.742000000000004,OBJ_MP_1260_0159.fits,/raw1/20260420/OBJ/OBJ_MP_1260_0159.fits,0159,36195,matched,OBJ_MP_1260_0159_cat.fits.gz,/processed1/20260420/L2/OBJ_MP_1260_0159_cat.fits.gz,35525,935.7704,26.7897,19.8299,20.47,3.3661,2.9141,26.9448,0.0321,0.0,14355.0,2294.0,2734.0,450.0,1425.0,0.13675242361908452,100.28379177928257,175.9754436843075,7.803302928077337,near_sun_solar_separation_sort_overwritten_by_ra_sort;scheduler_history_ingestion_stalled_after_20260330_server_audit,a6a11f498afd43f99b5add50f0c61e7005c7dcbcab19c1c7b4ab62776daf32bc
20260420,True,True,True,False,0723,20260420:0723:0002,matched,monotonic_minimum_total_absolute_time_residual,normal,2,2,100,8951,2026-04-20T14:12:55Z,2026-04-20T14:42:37.443000Z,l2_obs_time_utc,1782.443,1782.443,30.0,30.0,1800.0,1800.0,1885.444,1885.444,80.0,50.0,96.543,66.543,OBJ_MP_0723_0160.fits,/raw1/20260420/OBJ/OBJ_MP_0723_0160.fits,0160,36102,matched,OBJ_MP_0723_0160_cat.fits.gz,/processed1/20260420/L2/OBJ_MP_0723_0160_cat.fits.gz,35432,1154.4596,29.2655,19.5607,20.38,3.2957,2.8531,26.9035,0.0331,0.0,15838.0,2805.0,3125.0,528.0,1297.0,0.1368287233048361,106.34427847770584,176.53163375716488,-4.098907036974206,near_sun_solar_separation_sort_overwritten_by_ra_sort;scheduler_history_ingestion_stalled_after_20260330_server_audit,a6a11f498afd43f99b5add50f0c61e7005c7dcbcab19c1c7b4ab62776daf32bc
20260420,True,True,True,False,0590,20260420:0590:0002,matched,monotonic_minimum_total_absolute_time_residual,normal,2,2,101,8952,2026-04-20T14:14:15Z,2026-04-20T14:43:53.786000Z,l2_obs_time_utc,1778.786,1778.786,30.0,30.0,1800.0,1800.0,1885.684,1885.684,80.0,50.0,76.343,46.343,OBJ_MP_0590_0161.fits,/raw1/20260420/OBJ/OBJ_MP_0590_0161.fits,0161,36078,matched,OBJ_MP_0590_0161_cat.fits.gz,/processed1/20260420/L2/OBJ_MP_0590_0161_cat.fits.gz,35408,1180.8683,30.1232,19.525,20.41,3.1564,2.7325,26.8923,0.0356,0.0,15684.0,3197.0,3153.0,591.0,1406.0,0.13690504012587806,108.73354314656633,177.559608910463,-7.463664803598792,near_sun_solar_separation_sort_overwritten_by_ra_sort;scheduler_history_ingestion_stalled_after_20260330_server_audit,a6a11f498afd43f99b5add50f0c61e7005c7dcbcab19c1c7b4ab62776daf32bc
20260420,True,True,True,False,0992,20260420:0992:0002,matched,monotonic_minimum_total_absolute_time_residual,normal,2,2,102,8953,2026-04-20T14:15:35Z,2026-04-20T14:45:23.314000Z,l2_obs_time_utc,1788.314,1788.314,30.0,30.0,1800.0,1800.0,1886.424,1886.424,80.0,50.0,89.528,59.528000000000006,OBJ_MP_0992_0162.fits,/raw1/20260420/OBJ/OBJ_MP_0992_0162.fits,0162,36150,matched,OBJ_MP_0992_0162_cat.fits.gz,/processed1/20260420/L2/OBJ_MP_0992_0162_cat.fits.gz,35480,1024.3577,27.6596,19.714,20.49,3.1744,2.7482,26.927,0.0331,0.0,14273.0,2832.0,2828.0,435.0,1232.0,0.13698137409600758,105.23223821137468,178.00496532603452,1.0944716875446894,near_sun_solar_separation_sort_overwritten_by_ra_sort;scheduler_history_ingestion_stalled_after_20260330_server_audit,a6a11f498afd43f99b5add50f0c61e7005c7dcbcab19c1c7b4ab62776daf32bc
20260420,True,True,True,False,1127,20260420:1127:0002,matched,monotonic_minimum_total_absolute_time_residual,normal,2,2,103,8954,2026-04-20T14:16:55Z,2026-04-20T14:46:37.222000Z,l2_obs_time_utc,1782.222,1782.222,30.0,30.0,1800.0,1800.0,1882.636,1882.636,80.0,50.0,73.908,43.908,OBJ_MP_1127_0163.fits,/raw1/20260420/OBJ/OBJ_MP_1127_0163.fits,0163,36174,matched,OBJ_MP_1127_0163_cat.fits.gz,/processed1/20260420/L2/OBJ_MP_1127_0163_cat.fits.gz,35504,974.0399,28.0256,19.7768,20.53,3.1109,2.6933,26.9352,0.0306,0.0,14326.0,2818.0,2764.0,429.0,1442.0,0.1370577251950389,103.87427377697648,178.0476814484366,3.9917304207833064,near_sun_solar_separation_sort_overwritten_by_ra_sort;scheduler_history_ingestion_stalled_after_20260330_server_audit,a6a11f498afd43f99b5add50f0c61e7005c7dcbcab19c1c7b4ab62776daf32bc
20260420,True,True,True,False,0858,20260420:0858:0002,matched,monotonic_minimum_total_absolute_time_residual,normal,2,2,104,8955,2026-04-20T14:18:15Z,2026-04-20T14:48:01.275000Z,l2_obs_time_utc,1786.275,1786.275,30.0,30.0,1800.0,1800.0,1882.629,1882.629,80.0,50.0,84.053,54.053,OBJ_MP_0858_0164.fits,/raw1/20260420/OBJ/OBJ_MP_0858_0164.fits,0164,36129,matched,OBJ_MP_0858_0164_cat.fits.gz,/processed1/20260420/L2/OBJ_MP_0858_0164_cat.fits.gz,35459,1039.9397,28.3115,19.6832,20.47,3.163,2.7383,26.9126,0.0295,0.0,15701.0,3149.0,3105.0,544.0,1354.0,0.13713409342702937,106.90044195037636,178.31792169277023,-1.9568604808118335,near_sun_solar_separation_sort_overwritten_by_ra_sort;scheduler_history_ingestion_stalled_after_20260330_server_audit,a6a11f498afd43f99b5add50f0c61e7005c7dcbcab19c1c7b4ab62776daf32bc
20260420,True,True,True,False,1261,20260420:1261:0002,matched,monotonic_minimum_total_absolute_time_residual,normal,2,2,105,8956,2026-04-20T14:19:35Z,2026-04-20T14:49:29.999000Z,l2_obs_time_utc,1794.999,1794.999,30.0,30.0,1800.0,1800.0,1881.769,1881.769,80.0,50.0,88.724,58.724000000000004,OBJ_MP_1261_0165.fits,/raw1/20260420/OBJ/OBJ_MP_1261_0165.fits,0165,36198,matched,OBJ_MP_1261_0165_cat.fits.gz,/processed1/20260420/L2/OBJ_MP_1261_0165_cat.fits.gz,35528,970.0289,27.0721,19.7871,20.6,2.9494,2.5534,26.9411,0.028,0.0,13671.0,2759.0,2724.0,427.0,1255.0,0.13721047878418835,102.85606748304794,178.44608299017702,6.736411577860227,near_sun_solar_separation_sort_overwritten_by_ra_sort;scheduler_history_ingestion_stalled_after_20260330_server_audit,a6a11f498afd43f99b5add50f0c61e7005c7dcbcab19c1c7b4ab62776daf32bc
20260420,True,True,True,False,0724,20260420:0724:0002,matched,monotonic_minimum_total_absolute_time_residual,normal,2,2,106,8957,2026-04-20T14:20:55Z,2026-04-20T14:51:06.860000Z,l2_obs_time_utc,1811.86,1811.86,30.0,30.0,1800.0,1800.0,1881.86,1881.86,80.0,50.0,96.861,66.861,OBJ_MP_0724_0166.fits,/raw1/20260420/OBJ/OBJ_MP_0724_0166.fits,0166,36105,matched,OBJ_MP_0724_0166_cat.fits.gz,/processed1/20260420/L2/OBJ_MP_0724_0166_cat.fits.gz,35435,1182.4895,29.6772,19.5364,20.47,3.0239,2.6178,26.9052,0.0336,0.0,16244.0,3016.0,3109.0,528.0,1362.0,0.13728688126384692,108.92313824572807,178.99056611978574,-5.165526151763336,near_sun_solar_separation_sort_overwritten_by_ra_sort;scheduler_history_ingestion_stalled_after_20260330_server_audit,a6a11f498afd43f99b5add50f0c61e7005c7dcbcab19c1c7b4ab62776daf32bc
20260420,True,True,True,False,1395,20260420:1395:0002,matched,monotonic_minimum_total_absolute_time_residual,normal,2,2,107,8958,2026-04-20T14:22:15Z,2026-04-20T14:52:47.723000Z,l2_obs_time_utc,1832.723,1832.723,30.0,30.0,1800.0,1800.0,1882.121,1882.121,80.0,50.0,100.863,70.863,OBJ_MP_1395_0167.fits,/raw1/20260420/OBJ/OBJ_MP_1395_0167.fits,0167,36243,matched,OBJ_MP_1395_0167_cat.fits.gz,/processed1/20260420/L2/OBJ_MP_1395_0167_cat.fits.gz,35573,949.5798,27.4265,19.8169,20.62,2.9237,2.5313,26.9478,0.0317,0.0,14063.0,2548.0,2653.0,452.0,1290.0,0.13736330085383103,102.19095979789708,179.20352087378473,9.328276260406728,near_sun_solar_separation_sort_overwritten_by_ra_sort;scheduler_history_ingestion_stalled_after_20260330_server_audit,a6a11f498afd43f99b5add50f0c61e7005c7dcbcab19c1c7b4ab62776daf32bc
20260420,True,True,True,False,0591,20260420:0591:0002,matched,monotonic_minimum_total_absolute_time_residual,normal,2,2,108,8959,2026-04-20T14:23:35Z,2026-04-20T14:54:33.594000Z,l2_obs_time_utc,1858.594,1858.594,30.0,30.0,1800.0,1800.0,1882.164,1882.164,80.0,50.0,105.871,75.871,OBJ_MP_0591_0168.fits,/raw1/20260420/OBJ/OBJ_MP_0591_0168.fits,0168,36081,matched,OBJ_MP_0591_0168_cat.fits.gz,/processed1/20260420/L2/OBJ_MP_0591_0168_cat.fits.gz,35411,1148.9333,29.7075,19.5314,20.39,3.1758,2.7492,26.869,0.0362,0.0,16189.0,3293.0,3254.0,563.0,1310.0,0.13743973755628552,111.29915302393702,180.0318409372979,-8.536536337603353,near_sun_solar_separation_sort_overwritten_by_ra_sort;scheduler_history_ingestion_stalled_after_20260330_server_audit,a6a11f498afd43f99b5add50f0c61e7005c7dcbcab19c1c7b4ab62776daf32bc
20260420,True,True,True,False,0993,20260420:0993:0002,matched,monotonic_minimum_total_absolute_time_residual,normal,2,2,109,8960,2026-04-20T14:24:55Z,2026-04-20T14:56:04.149000Z,l2_obs_time_utc,1869.149,1869.149,30.0,30.0,1800.0,1800.0,1883.164,1883.164,80.0,50.0,90.555,60.55500000000001,OBJ_MP_0993_0169.fits,/raw1/20260420/OBJ/OBJ_MP_0993_0169.fits,0169,36153,matched,OBJ_MP_0993_0169_cat.fits.gz,/processed1/20260420/L2/OBJ_MP_0993_0169_cat.fits.gz,35483,1024.8795,27.9577,19.7062,20.58,2.8835,2.4964,26.9197,0.0321,0.0,15713.0,3073.0,3038.0,499.0,1260.0,0.13751619136419213,107.79168009954931,180.45753486089103,0.031421486988348075,near_sun_solar_separation_sort_overwritten_by_ra_sort;scheduler_history_ingestion_stalled_after_20260330_server_audit,a6a11f498afd43f99b5add50f0c61e7005c7dcbcab19c1c7b4ab62776daf32bc
20260420,True,True,True,False,0855,20260420:0855:0003,matched,monotonic_minimum_total_absolute_time_residual,normal,2,3,110,8961,2026-04-20T14:26:55Z,2026-04-20T14:57:35.483000Z,l2_obs_time_utc,1840.483,1840.483,30.0,30.0,1800.0,3600.0,1884.794,3770.606,120.0,90.0,91.334,61.334,OBJ_MP_0855_0170.fits,/raw1/20260420/OBJ/OBJ_MP_0855_0170.fits,0170,36121,matched,OBJ_MP_0855_0170_cat.fits.gz,/processed1/20260420/L2/OBJ_MP_0855_0170_cat.fits.gz,35451,1069.1069,28.9354,19.6529,20.61,2.7448,2.3763,26.9124,0.0354,0.0,15581.0,2951.0,2917.0,495.0,1406.0,0.1376309041354834,98.80297421298496,170.95411550255713,1.2195938765452496,near_sun_solar_separation_sort_overwritten_by_ra_sort;scheduler_history_ingestion_stalled_after_20260330_server_audit,a6a11f498afd43f99b5add50f0c61e7005c7dcbcab19c1c7b4ab62776daf32bc
20260420,True,True,True,False,0721,20260420:0721:0003,matched,monotonic_minimum_total_absolute_time_residual,normal,2,3,111,8962,2026-04-20T14:28:15Z,2026-04-20T14:58:51.155000Z,l2_obs_time_utc,1836.155,1836.155,30.0,30.0,1800.0,3600.0,1884.164,3770.878,80.0,50.0,75.672,45.672,OBJ_MP_0721_0171.fits,/raw1/20260420/OBJ/OBJ_MP_0721_0171.fits,0171,36097,matched,OBJ_MP_0721_0171_cat.fits.gz,/processed1/20260420/L2/OBJ_MP_0721_0171_cat.fits.gz,35427,1169.5,29.9341,19.5396,20.48,2.9653,2.567,26.8964,0.0337,0.0,13996.0,2761.0,2835.0,540.0,1259.0,0.1377074006840205,100.83351701924366,171.61828560676952,-1.9759319585808324,near_sun_solar_separation_sort_overwritten_by_ra_sort;scheduler_history_ingestion_stalled_after_20260330_server_audit,a6a11f498afd43f99b5add50f0c61e7005c7dcbcab19c1c7b4ab62776daf32bc
20260420,True,True,True,False,0588,20260420:0588:0003,matched,monotonic_minimum_total_absolute_time_residual,normal,2,3,112,8963,2026-04-20T14:29:35Z,2026-04-20T15:00:07.514000Z,l2_obs_time_utc,1832.514,1832.514,30.0,30.0,1800.0,3600.0,1883.354,3771.677,80.0,50.0,76.359,46.358999999999995,OBJ_MP_0588_0172.fits,/raw1/20260420/OBJ/OBJ_MP_0588_0172.fits,0172,36073,matched,OBJ_MP_0588_0172_cat.fits.gz,/processed1/20260420/L2/OBJ_MP_0588_0172_cat.fits.gz,35403,1104.519,31.2468,19.5812,20.45,3.0658,2.6541,26.876,0.0336,0.0,15459.0,3034.0,2997.0,557.0,1326.0,0.13778391432114745,103.21776203422252,172.62894710016224,-5.325804944662051,near_sun_solar_separation_sort_overwritten_by_ra_sort;scheduler_history_ingestion_stalled_after_20260330_server_audit,a6a11f498afd43f99b5add50f0c61e7005c7dcbcab19c1c7b4ab62776daf32bc
20260420,True,True,True,False,0990,20260420:0990:0003,matched,monotonic_minimum_total_absolute_time_residual,normal,2,3,113,8964,2026-04-20T14:30:55Z,2026-04-20T15:01:37.219000Z,l2_obs_time_utc,1842.219,1842.219,30.0,30.0,1800.0,3600.0,1884.616,3770.568,80.0,50.0,89.705,59.705,OBJ_MP_0990_0173.fits,/raw1/20260420/OBJ/OBJ_MP_0990_0173.fits,0173,36145,matched,OBJ_MP_0990_0173_cat.fits.gz,/processed1/20260420/L2/OBJ_MP_0990_0173_cat.fits.gz,35475,1029.7943,27.9768,19.6933,20.49,3.1248,2.7052,26.9121,0.0302,0.0,14201.0,2289.0,2759.0,459.0,1260.0,0.1378604450433526,99.7310376291573,173.09348658051746,3.213863709058913,near_sun_solar_separation_sort_overwritten_by_ra_sort;scheduler_history_ingestion_stalled_after_20260330_server_audit,a6a11f498afd43f99b5add50f0c61e7005c7dcbcab19c1c7b4ab62776daf32bc
20260420,True,True,True,False,1125,20260420:1125:0003,matched,monotonic_minimum_total_absolute_time_residual,normal,2,3,114,8965,2026-04-20T14:32:15Z,2026-04-20T15:02:51.146000Z,l2_obs_time_utc,1836.146,1836.146,30.0,30.0,1800.0,3600.0,1883.381,3768.222,80.0,50.0,73.927,43.92700000000001,OBJ_MP_1125_0174.fits,/raw1/20260420/OBJ/OBJ_MP_1125_0174.fits,0174,36169,matched,OBJ_MP_1125_0174_cat.fits.gz,/processed1/20260420/L2/OBJ_MP_1125_0174_cat.fits.gz,35499,1009.2083,27.3346,19.7254,20.58,2.9243,2.5318,26.9223,0.0339,0.0,13710.0,2773.0,2740.0,478.0,1365.0,0.1379369928385077,98.37831838493571,173.12172148007764,6.113891839381438,near_sun_solar_separation_sort_overwritten_by_ra_sort;scheduler_history_ingestion_stalled_after_20260330_server_audit,a6a11f498afd43f99b5add50f0c61e7005c7dcbcab19c1c7b4ab62776daf32bc
20260420,True,True,True,False,0856,20260420:0856:0003,matched,monotonic_minimum_total_absolute_time_residual,normal,2,3,115,8966,2026-04-20T14:33:35Z,2026-04-20T15:04:14.926000Z,l2_obs_time_utc,1839.926,1839.926,30.0,30.0,1800.0,3600.0,1883.243,3768.38,80.0,50.0,83.78,53.78,OBJ_MP_0856_0175.fits,/raw1/20260420/OBJ/OBJ_MP_0856_0175.fits,0175,36124,matched,OBJ_MP_0856_0175_cat.fits.gz,/processed1/20260420/L2/OBJ_MP_0856_0175_cat.fits.gz,35454,990.3601,29.1404,19.7327,20.53,3.0312,2.6242,26.909,0.0304,0.0,14330.0,2748.0,2856.0,490.0,1225.0,0.1380135577087529,101.39311756572619,173.4105393157812,0.16536030182165365,near_sun_solar_separation_sort_overwritten_by_ra_sort;scheduler_history_ingestion_stalled_after_20260330_server_audit,a6a11f498afd43f99b5add50f0c61e7005c7dcbcab19c1c7b4ab62776daf32bc
20260420,True,True,True,False,0722,20260420:0722:0003,matched,monotonic_minimum_total_absolute_time_residual,normal,2,3,116,8967,2026-04-20T14:34:55Z,2026-04-20T15:05:30.546000Z,l2_obs_time_utc,1835.546,1835.546,30.0,30.0,1800.0,3600.0,1884.402,3769.411,80.0,50.0,75.62,45.620000000000005,OBJ_MP_0722_0176.fits,/raw1/20260420/OBJ/OBJ_MP_0722_0176.fits,0176,36100,matched,OBJ_MP_0722_0176_cat.fits.gz,/processed1/20260420/L2/OBJ_MP_0722_0176_cat.fits.gz,35430,1102.4739,29.2938,19.5973,20.43,3.1566,2.7326,26.89,0.0334,0.0,15376.0,2954.0,2905.0,510.0,1233.0,0.13809013964714167,103.4251506685236,174.07477401489376,-3.0350573901241735,near_sun_solar_separation_sort_overwritten_by_ra_sort;scheduler_history_ingestion_stalled_after_20260330_server_audit,a6a11f498afd43f99b5add50f0c61e7005c7dcbcab19c1c7b4ab62776daf32bc
20260420,True,True,True,False,0589,20260420:0589:0003,matched,monotonic_minimum_total_absolute_time_residual,normal,2,3,117,8968,2026-04-20T14:36:15Z,2026-04-20T15:06:46.046000Z,l2_obs_time_utc,1831.046,1831.046,30.0,30.0,1800.0,3600.0,1884.138,3768.12,80.0,50.0,75.5,45.5,OBJ_MP_0589_0177.fits,/raw1/20260420/OBJ/OBJ_MP_0589_0177.fits,0177,36076,matched,OBJ_MP_0589_0177_cat.fits.gz,/processed1/20260420/L2/OBJ_MP_0589_0177_cat.fits.gz,35406,1082.606,28.4924,19.5998,20.39,3.2359,2.8012,26.8727,0.0319,0.0,15607.0,2960.0,3081.0,545.0,1514.0,0.13816673865164925,105.81124273064889,175.09256550540567,-6.392760737199113,near_sun_solar_separation_sort_overwritten_by_ra_sort;scheduler_history_ingestion_stalled_after_20260330_server_audit,a6a11f498afd43f99b5add50f0c61e7005c7dcbcab19c1c7b4ab62776daf32bc
20260420,True,True,True,False,0991,20260420:0991:0003,matched,monotonic_minimum_total_absolute_time_residual,normal,2,3,118,8969,2026-04-20T14:37:35Z,2026-04-20T15:08:15.676000Z,l2_obs_time_utc,1840.676,1840.676,30.0,30.0,1800.0,3600.0,1883.581,3768.232,80.0,50.0,89.63,59.629999999999995,OBJ_MP_0991_0178.fits,/raw1/20260420/OBJ/OBJ_MP_0991_0178.fits,0178,36148,matched,OBJ_MP_0991_0178_cat.fits.gz,/processed1/20260420/L2/OBJ_MP_0991_0178_cat.fits.gz,35478,944.5532,27.0014,19.7888,20.49,3.2016,2.7717,26.9138,0.0284,0.0,14184.0,2726.0,2865.0,454.0,1330.0,0.13824335471393973,102.31965212136338,175.55084299236194,2.1559358818121908,near_sun_solar_separation_sort_overwritten_by_ra_sort;scheduler_history_ingestion_stalled_after_20260330_server_audit,a6a11f498afd43f99b5add50f0c61e7005c7dcbcab19c1c7b4ab62776daf32bc
20260420,True,True,True,False,1126,20260420:1126:0003,matched,monotonic_minimum_total_absolute_time_residual,normal,2,3,119,8970,2026-04-20T14:38:55Z,2026-04-20T15:09:30.032000Z,l2_obs_time_utc,1835.032,1835.032,30.0,30.0,1800.0,3600.0,1882.974,3768.06,80.0,50.0,74.356,44.355999999999995,OBJ_MP_1126_0179.fits,/raw1/20260420/OBJ/OBJ_MP_1126_0179.fits,0179,36172,matched,OBJ_MP_1126_0179_cat.fits.gz,/processed1/20260420/L2/OBJ_MP_1126_0179_cat.fits.gz,35502,937.1383,26.9337,19.815,20.65,2.814,2.4363,26.9315,0.0317,0.0,14718.0,2858.0,2828.0,455.0,1215.0,0.13831998782300736,100.96576422689334,175.58748170821943,5.054572716708951,near_sun_solar_separation_sort_overwritten_by_ra_sort;scheduler_history_ingestion_stalled_after_20260330_server_audit,a6a11f498afd43f99b5add50f0c61e7005c7dcbcab19c1c7b4ab62776daf32bc
20260420,True,True,True,False,0857,20260420:0857:0003,matched,monotonic_minimum_total_absolute_time_residual,normal,2,3,120,8971,2026-04-20T14:40:15Z,2026-04-20T15:10:54.174000Z,l2_obs_time_utc,1839.174,1839.174,30.0,30.0,1800.0,3600.0,1883.016,3768.027,80.0,50.0,84.142,54.141999999999996,OBJ_MP_0857_0180.fits,/raw1/20260420/OBJ/OBJ_MP_0857_0180.fits,0180,36127,matched,OBJ_MP_0857_0180_cat.fits.gz,/processed1/20260420/L2/OBJ_MP_0857_0180_cat.fits.gz,35457,1049.3379,28.9861,19.6639,20.6,2.7842,2.4103,26.9031,0.0313,0.0,15345.0,2939.0,3006.0,475.0,1492.0,0.13839663798393637,103.9830105705869,175.86458466832167,-0.89410673347922,near_sun_solar_separation_sort_overwritten_by_ra_sort;scheduler_history_ingestion_stalled_after_20260330_server_audit,a6a11f498afd43f99b5add50f0c61e7005c7dcbcab19c1c7b4ab62776daf32bc
20260420,True,True,True,False,1260,20260420:1260:0003,matched,monotonic_minimum_total_absolute_time_residual,normal,2,3,121,8972,2026-04-20T14:41:35Z,2026-04-20T15:12:23.733000Z,l2_obs_time_utc,1848.733,1848.733,30.0,30.0,1800.0,3600.0,1882.833,3768.75,80.0,50.0,89.559,59.559,OBJ_MP_1260_0181.fits,/raw1/20260420/OBJ/OBJ_MP_1260_0181.fits,0181,36196,matched,OBJ_MP_1260_0181_cat.fits.gz,/processed1/20260420/L2/OBJ_MP_1260_0181_cat.fits.gz,35526,898.9614,29.4205,19.851,20.65,2.8279,2.4482,26.9223,0.0312,0.0,14398.0,2344.0,2798.0,432.0,994.0,0.1384733051927603,99.95169198665137,175.9754436843075,7.803302928077337,near_sun_solar_separation_sort_overwritten_by_ra_sort;scheduler_history_ingestion_stalled_after_20260330_server_audit,a6a11f498afd43f99b5add50f0c61e7005c7dcbcab19c1c7b4ab62776daf32bc
20260420,True,True,True,False,0723,20260420:0723:0003,matched,monotonic_minimum_total_absolute_time_residual,normal,2,3,122,8973,2026-04-20T14:42:55Z,2026-04-20T15:14:00.273000Z,l2_obs_time_utc,1865.273,1865.273,30.0,30.0,1800.0,3600.0,1882.83,3768.274,80.0,50.0,96.54,66.54,OBJ_MP_0723_0182.fits,/raw1/20260420/OBJ/OBJ_MP_0723_0182.fits,0182,36103,matched,OBJ_MP_0723_0182_cat.fits.gz,/processed1/20260420/L2/OBJ_MP_0723_0182_cat.fits.gz,35433,1158.8845,29.3767,19.523,20.42,3.0664,2.6545,26.8699,0.0336,0.0,15938.0,2760.0,3073.0,523.0,1282.0,0.13854998943415747,106.0013296888699,176.53163375716488,-4.098907036974206,near_sun_solar_separation_sort_overwritten_by_ra_sort;scheduler_history_ingestion_stalled_after_20260330_server_audit,a6a11f498afd43f99b5add50f0c61e7005c7dcbcab19c1c7b4ab62776daf32bc
20260420,True,True,True,False,0590,20260420:0590:0003,matched,monotonic_minimum_total_absolute_time_residual,normal,2,3,123,8974,2026-04-20T14:44:15Z,2026-04-20T15:15:16.753000Z,l2_obs_time_utc,1861.753,1861.753,30.0,30.0,1800.0,3600.0,1882.967,3768.651,80.0,50.0,76.48,46.480000000000004,OBJ_MP_0590_0183.fits,/raw1/20260420/OBJ/OBJ_MP_0590_0183.fits,0183,36079,matched,OBJ_MP_0590_0183_cat.fits.gz,/processed1/20260420/L2/OBJ_MP_0590_0183_cat.fits.gz,35409,1156.4253,32.571,19.5033,20.41,3.0498,2.6401,26.8479,0.0367,0.0,15269.0,3066.0,3010.0,592.0,1284.0,0.1386266907064459,108.3893044236812,177.559608910463,-7.463664803598792,near_sun_solar_separation_sort_overwritten_by_ra_sort;scheduler_history_ingestion_stalled_after_20260330_server_audit,a6a11f498afd43f99b5add50f0c61e7005c7dcbcab19c1c7b4ab62776daf32bc
20260420,True,True,True,False,0992,20260420:0992:0003,matched,monotonic_minimum_total_absolute_time_residual,normal,2,3,124,8975,2026-04-20T14:45:35Z,2026-04-20T15:16:46.365000Z,l2_obs_time_utc,1871.365,1871.365,30.0,30.0,1800.0,3600.0,1883.051,3769.475,80.0,50.0,89.612,59.611999999999995,OBJ_MP_0992_0184.fits,/raw1/20260420/OBJ/OBJ_MP_0992_0184.fits,0184,36151,matched,OBJ_MP_0992_0184_cat.fits.gz,/processed1/20260420/L2/OBJ_MP_0992_0184_cat.fits.gz,35481,1043.0657,32.1281,19.637,20.5,2.9638,2.5659,26.8697,0.0329,0.0,13511.0,2571.0,2554.0,436.0,1276.0,0.13870340901206646,104.89223770295621,178.00496532603452,1.0944716875446894,near_sun_solar_separation_sort_overwritten_by_ra_sort;scheduler_history_ingestion_stalled_after_20260330_server_audit,a6a11f498afd43f99b5add50f0c61e7005c7dcbcab19c1c7b4ab62776daf32bc
20260420,True,True,True,False,1127,20260420:1127:0003,matched,monotonic_minimum_total_absolute_time_residual,normal,2,3,125,8976,2026-04-20T14:46:55Z,2026-04-20T15:18:00.732000Z,l2_obs_time_utc,1865.732,1865.732,30.0,30.0,1800.0,3600.0,1883.51,3766.146,80.0,50.0,74.367,44.367000000000004,OBJ_MP_1127_0185.fits,/raw1/20260420/OBJ/OBJ_MP_1127_0185.fits,0185,36175,matched,OBJ_MP_1127_0185_cat.fits.gz,/processed1/20260420/L2/OBJ_MP_1127_0185_cat.fits.gz,35505,974.6669,27.5709,19.7444,20.55,2.9694,2.5708,26.9035,0.0304,0.0,14250.0,2799.0,2752.0,423.0,1364.0,0.13878014434107666,103.53679564827839,178.0476814484366,3.9917304207833064,near_sun_solar_separation_sort_overwritten_by_ra_sort;scheduler_history_ingestion_stalled_after_20260330_server_audit,a6a11f498afd43f99b5add50f0c61e7005c7dcbcab19c1c7b4ab62776daf32bc
20260420,True,True,True,False,0858,20260420:0858:0003,matched,monotonic_minimum_total_absolute_time_residual,normal,2,3,126,8977,2026-04-20T14:48:15Z,2026-04-20T15:19:24.760000Z,l2_obs_time_utc,1869.76,1869.76,30.0,30.0,1800.0,3600.0,1883.485,3766.114,80.0,50.0,84.028,54.028000000000006,OBJ_MP_0858_0186.fits,/raw1/20260420/OBJ/OBJ_MP_0858_0186.fits,0186,36130,matched,OBJ_MP_0858_0186_cat.fits.gz,/processed1/20260420/L2/OBJ_MP_0858_0186_cat.fits.gz,35460,1054.3081,28.1085,19.6493,20.45,3.1604,2.736,26.8935,0.0295,0.0,15750.0,3155.0,3120.0,550.0,1380.0,0.13885689668561185,106.55713268689418,178.31792169277023,-1.9568604808118335,near_sun_solar_separation_sort_overwritten_by_ra_sort;scheduler_history_ingestion_stalled_after_20260330_server_audit,a6a11f498afd43f99b5add50f0c61e7005c7dcbcab19c1c7b4ab62776daf32bc
20260420,True,True,True,False,1261,20260420:1261:0003,matched,monotonic_minimum_total_absolute_time_residual,normal,2,3,127,8978,2026-04-20T14:49:35Z,2026-04-20T15:20:53.291000Z,l2_obs_time_utc,1878.291,1878.291,30.0,30.0,1800.0,3600.0,1883.292,3765.061,80.0,50.0,88.531,58.531000000000006,OBJ_MP_1261_0187.fits,/raw1/20260420/OBJ/OBJ_MP_1261_0187.fits,0187,36199,matched,OBJ_MP_1261_0187_cat.fits.gz,/processed1/20260420/L2/OBJ_MP_1261_0187_cat.fits.gz,35529,922.6328,27.2521,19.799,20.55,3.0005,2.5977,26.8985,0.0275,0.0,13171.0,2695.0,2647.0,429.0,1171.0,0.13893366604535623,102.52134698649859,178.44608299017702,6.736411577860227,near_sun_solar_separation_sort_overwritten_by_ra_sort;scheduler_history_ingestion_stalled_after_20260330_server_audit,a6a11f498afd43f99b5add50f0c61e7005c7dcbcab19c1c7b4ab62776daf32bc
20260420,True,True,True,False,0724,20260420:0724:0003,matched,monotonic_minimum_total_absolute_time_residual,normal,2,3,128,8979,2026-04-20T14:50:55Z,2026-04-20T15:22:30.373000Z,l2_obs_time_utc,1895.373,1895.373,30.0,30.0,1800.0,3600.0,1883.513,3765.373,80.0,50.0,97.082,67.082,OBJ_MP_0724_0188.fits,/raw1/20260420/OBJ/OBJ_MP_0724_0188.fits,0188,36106,matched,OBJ_MP_0724_0188_cat.fits.gz,/processed1/20260420/L2/OBJ_MP_0724_0188_cat.fits.gz,35436,1088.7888,28.3612,19.5709,20.39,3.1541,2.7304,26.85,0.034,0.0,15397.0,2988.0,3085.0,550.0,1416.0,0.13901045241429594,108.57726135200687,178.99056611978574,-5.165526151763336,near_sun_solar_separation_sort_overwritten_by_ra_sort;scheduler_history_ingestion_stalled_after_20260330_server_audit,a6a11f498afd43f99b5add50f0c61e7005c7dcbcab19c1c7b4ab62776daf32bc
20260420,True,True,True,False,1395,20260420:1395:0003,matched,monotonic_minimum_total_absolute_time_residual,normal,2,3,129,8980,2026-04-20T14:52:15Z,2026-04-20T15:24:10.853000Z,l2_obs_time_utc,1915.853,1915.853,30.0,30.0,1800.0,3600.0,1883.13,3765.251,80.0,50.0,100.48,70.48,OBJ_MP_1395_0189.fits,/raw1/20260420/OBJ/OBJ_MP_1395_0189.fits,0189,36244,matched,OBJ_MP_1395_0189_cat.fits.gz,/processed1/20260420/L2/OBJ_MP_1395_0189_cat.fits.gz,35574,921.374,27.674,19.8043,20.62,2.8478,2.4656,26.9024,0.032,0.0,14111.0,2528.0,2619.0,452.0,1038.0,0.13908725578068465,101.85976689419768,179.20352087378473,9.328276260406728,near_sun_solar_separation_sort_overwritten_by_ra_sort;scheduler_history_ingestion_stalled_after_20260330_server_audit,a6a11f498afd43f99b5add50f0c61e7005c7dcbcab19c1c7b4ab62776daf32bc
20260420,True,True,True,False,0591,20260420:0591:0003,matched,monotonic_minimum_total_absolute_time_residual,normal,2,3,130,8981,2026-04-20T14:53:35Z,2026-04-20T15:25:56.287000Z,l2_obs_time_utc,1941.287,1941.287,30.0,30.0,1800.0,3600.0,1882.693,3764.857,80.0,50.0,105.434,75.434,OBJ_MP_0591_0190.fits,/raw1/20260420/OBJ/OBJ_MP_0591_0190.fits,0190,36082,matched,OBJ_MP_0591_0190_cat.fits.gz,/processed1/20260420/L2/OBJ_MP_0591_0190_cat.fits.gz,35412,1118.865,30.5311,19.4736,20.23,3.4044,2.947,26.7823,0.0372,0.0,14825.0,3093.0,3055.0,578.0,1506.0,0.13916407614763798,110.95147901020431,180.0318409372979,-8.536536337603353,near_sun_solar_separation_sort_overwritten_by_ra_sort;scheduler_history_ingestion_stalled_after_20260330_server_audit,a6a11f498afd43f99b5add50f0c61e7005c7dcbcab19c1c7b4ab62776daf32bc
20260420,True,True,True,False,0993,20260420:0993:0003,matched,monotonic_minimum_total_absolute_time_residual,normal,2,3,131,8982,2026-04-20T14:54:55Z,2026-04-20T15:27:26.896000Z,l2_obs_time_utc,1951.896,1951.896,30.0,30.0,1800.0,3600.0,1882.747,3765.911,80.0,50.0,90.609,60.608999999999995,OBJ_MP_0993_0191.fits,/raw1/20260420/OBJ/OBJ_MP_0993_0191.fits,0191,36154,matched,OBJ_MP_0993_0191_cat.fits.gz,/processed1/20260420/L2/OBJ_MP_0993_0191_cat.fits.gz,35484,1018.8625,28.262,19.6907,20.44,3.2384,2.8036,26.8978,0.0319,0.0,14779.0,2959.0,2923.0,523.0,1375.0,0.1392409135112352,107.44839906653468,180.45753486089103,0.031421486988348075,near_sun_solar_separation_sort_overwritten_by_ra_sort;scheduler_history_ingestion_stalled_after_20260330_server_audit,a6a11f498afd43f99b5add50f0c61e7005c7dcbcab19c1c7b4ab62776daf32bc
20260420,True,True,True,False,1528,20260420:1528:0001,matched,monotonic_minimum_total_absolute_time_residual,normal,3,1,132,8983,2026-04-20T14:56:15Z,2026-04-20T15:29:01.410000Z,l2_obs_time_utc,1966.41,1966.41,30.0,30.0,,0.0,,0.0,80.0,50.0,94.514,64.514,OBJ_MP_1528_0192.fits,/raw1/20260420/OBJ/OBJ_MP_1528_0192.fits,0192,36290,matched,OBJ_MP_1528_0192_cat.fits.gz,/processed1/20260420/L2/OBJ_MP_1528_0192_cat.fits.gz,35620,881.2692,26.7745,19.8833,20.62,2.9683,2.57,26.9331,0.0311,0.0,13853.0,2594.0,2575.0,430.0,1187.0,0.13931776786284417,101.53496196417746,180.32612195231403,11.765423611535558,near_sun_solar_separation_sort_overwritten_by_ra_sort;scheduler_history_ingestion_stalled_after_20260330_server_audit,a6a11f498afd43f99b5add50f0c61e7005c7dcbcab19c1c7b4ab62776daf32bc
20260420,True,True,True,False,1262,20260420:1262:0001,matched,monotonic_minimum_total_absolute_time_residual,normal,3,1,133,8984,2026-04-20T14:57:35Z,2026-04-20T15:30:25.327000Z,l2_obs_time_utc,1970.327,1970.327,30.0,30.0,,0.0,,0.0,80.0,50.0,83.917,53.917,OBJ_MP_1262_0193.fits,/raw1/20260420/OBJ/OBJ_MP_1262_0193.fits,0193,36200,matched,OBJ_MP_1262_0193_cat.fits.gz,/processed1/20260420/L2/OBJ_MP_1262_0193_cat.fits.gz,35530,969.0526,27.3067,19.7604,20.48,3.212,2.7808,26.9133,0.0282,0.0,13802.0,2741.0,2714.0,435.0,1174.0,0.1393946391947815,105.08892738614668,180.9107452492774,5.6682693107282835,near_sun_solar_separation_sort_overwritten_by_ra_sort;scheduler_history_ingestion_stalled_after_20260330_server_audit,a6a11f498afd43f99b5add50f0c61e7005c7dcbcab19c1c7b4ab62776daf32bc
20260420,True,True,True,False,1396,20260420:1396:0001,matched,monotonic_minimum_total_absolute_time_residual,normal,3,1,134,8985,2026-04-20T14:58:55Z,2026-04-20T15:31:38.866000Z,l2_obs_time_utc,1963.866,1963.866,30.0,30.0,,0.0,,0.0,80.0,50.0,73.539,43.539,OBJ_MP_1396_0194.fits,/raw1/20260420/OBJ/OBJ_MP_1396_0194.fits,0194,36245,matched,OBJ_MP_1396_0194_cat.fits.gz,/processed1/20260420/L2/OBJ_MP_1396_0194_cat.fits.gz,35575,925.2282,30.1999,19.8145,20.59,2.9428,2.5477,26.9171,0.0324,0.0,13254.0,2465.0,2503.0,386.0,915.0,0.13947152750525427,104.44044518172112,181.6802127964844,8.254101035859271,near_sun_solar_separation_sort_overwritten_by_ra_sort;scheduler_history_ingestion_stalled_after_20260330_server_audit,a6a11f498afd43f99b5add50f0c61e7005c7dcbcab19c1c7b4ab62776daf32bc
20260420,True,True,True,False,1660,20260420:1660:0001,matched,monotonic_minimum_total_absolute_time_residual,normal,3,1,135,8986,2026-04-20T15:00:15Z,2026-04-20T15:33:01.474000Z,l2_obs_time_utc,1966.474,1966.474,30.0,30.0,,0.0,,0.0,80.0,50.0,82.608,52.608000000000004,OBJ_MP_1660_0195.fits,/raw1/20260420/OBJ/OBJ_MP_1660_0195.fits,0195,36329,matched,OBJ_MP_1660_0195_cat.fits.gz,/processed1/20260420/L2/OBJ_MP_1660_0195_cat.fits.gz,35659,869.6004,27.5293,19.9024,20.68,2.8123,2.4348,26.9377,0.0316,0.0,14094.0,2352.0,2587.0,417.0,940.0,0.13954843279141144,101.55888864003408,181.8223029029429,14.044417861104803,near_sun_solar_separation_sort_overwritten_by_ra_sort;scheduler_history_ingestion_stalled_after_20260330_server_audit,a6a11f498afd43f99b5add50f0c61e7005c7dcbcab19c1c7b4ab62776daf32bc
20260420,True,True,True,False,1529,20260420:1529:0001,matched,monotonic_minimum_total_absolute_time_residual,normal,3,1,136,8987,2026-04-20T15:01:35Z,2026-04-20T15:34:16.868000Z,l2_obs_time_utc,1961.868,1961.868,30.0,30.0,,0.0,,0.0,80.0,50.0,75.394,45.394000000000005,OBJ_MP_1529_0196.fits,/raw1/20260420/OBJ/OBJ_MP_1529_0196.fits,0196,36293,matched,OBJ_MP_1529_0196_cat.fits.gz,/processed1/20260420/L2/OBJ_MP_1529_0196_cat.fits.gz,35623,895.2985,31.1437,19.8696,20.63,2.9315,2.5381,26.9366,0.0315,0.0,13081.0,2535.0,2516.0,413.0,990.0,0.1396253550469675,104.12802314279588,182.8177974888472,10.683133737260667,near_sun_solar_separation_sort_overwritten_by_ra_sort;scheduler_history_ingestion_stalled_after_20260330_server_audit,a6a11f498afd43f99b5add50f0c61e7005c7dcbcab19c1c7b4ab62776daf32bc
20260420,True,True,True,False,1129,20260420:1129:0001,matched,monotonic_minimum_total_absolute_time_residual,normal,3,1,137,8988,2026-04-20T15:02:55Z,2026-04-20T15:35:47.303000Z,l2_obs_time_utc,1972.303,1972.303,30.0,30.0,,0.0,,0.0,80.0,50.0,90.435,60.435,OBJ_MP_1129_0197.fits,/raw1/20260420/OBJ/OBJ_MP_1129_0197.fits,0197,36176,matched,OBJ_MP_1129_0197_cat.fits.gz,/processed1/20260420/L2/OBJ_MP_1129_0197_cat.fits.gz,35506,987.779,30.7929,19.7315,20.55,2.9564,2.5594,26.905,0.0323,0.0,14385.0,2763.0,2793.0,442.0,1159.0,0.1397022942650809,108.67442759191745,182.95820601984693,1.8633285859702786,near_sun_solar_separation_sort_overwritten_by_ra_sort;scheduler_history_ingestion_stalled_after_20260330_server_audit,a6a11f498afd43f99b5add50f0c61e7005c7dcbcab19c1c7b4ab62776daf32bc
20260420,True,True,True,False,1263,20260420:1263:0001,matched,monotonic_minimum_total_absolute_time_residual,normal,3,1,138,8989,2026-04-20T15:04:15Z,2026-04-20T15:37:02.388000Z,l2_obs_time_utc,1967.388,1967.388,30.0,30.0,,0.0,,0.0,80.0,50.0,75.085,45.084999999999994,OBJ_MP_1263_0198.fits,/raw1/20260420/OBJ/OBJ_MP_1263_0198.fits,0198,36203,matched,OBJ_MP_1263_0198_cat.fits.gz,/processed1/20260420/L2/OBJ_MP_1263_0198_cat.fits.gz,35533,963.4222,30.7042,19.7657,20.53,3.0559,2.6456,26.9122,0.034,0.0,13858.0,2778.0,2719.0,405.0,1114.0,0.13977925044192419,107.66963388392786,183.37117210925774,4.600853678804383,near_sun_solar_separation_sort_overwritten_by_ra_sort;scheduler_history_ingestion_stalled_after_20260330_server_audit,a6a11f498afd43f99b5add50f0c61e7005c7dcbcab19c1c7b4ab62776daf32bc
20260420,True,True,True,False,1790,20260420:1790:0001,matched,monotonic_minimum_total_absolute_time_residual,normal,3,1,139,8990,2026-04-20T15:05:35Z,2026-04-20T15:38:37.599000Z,l2_obs_time_utc,1982.599,1982.599,30.0,30.0,,0.0,,0.0,80.0,50.0,95.211,65.211,OBJ_MP_1790_0199.fits,/raw1/20260420/OBJ/OBJ_MP_1790_0199.fits,0199,36370,matched,OBJ_MP_1790_0199_cat.fits.gz,/processed1/20260420/L2/OBJ_MP_1790_0199_cat.fits.gz,35700,800.3637,28.2475,19.9999,20.76,2.7065,2.3433,26.9451,0.0309,0.0,13231.0,2374.0,2416.0,368.0,1103.0,0.13985622357190058,101.91285826499777,183.70232859881293,16.160490106362452,near_sun_solar_separation_sort_overwritten_by_ra_sort;scheduler_history_ingestion_stalled_after_20260330_server_audit,a6a11f498afd43f99b5add50f0c61e7005c7dcbcab19c1c7b4ab62776daf32bc
20260420,True,True,True,False,1397,20260420:1397:0001,matched,monotonic_minimum_total_absolute_time_residual,normal,3,1,140,8991,2026-04-20T15:06:55Z,2026-04-20T15:40:08.484000Z,l2_obs_time_utc,1993.484,1993.484,30.0,30.0,,0.0,,0.0,80.0,50.0,90.885,60.885000000000005,OBJ_MP_1397_0200.fits,/raw1/20260420/OBJ/OBJ_MP_1397_0200.fits,0200,36248,matched,OBJ_MP_1397_0200_cat.fits.gz,/processed1/20260420/L2/OBJ_MP_1397_0200_cat.fits.gz,35578,866.8163,30.9112,19.8792,20.66,2.8173,2.4391,26.911,0.0323,0.0,14123.0,2676.0,2643.0,415.0,1066.0,0.13993321365035216,107.00313991964407,184.15078297067285,7.181281485352419,near_sun_solar_separation_sort_overwritten_by_ra_sort;scheduler_history_ingestion_stalled_after_20260330_server_audit,a6a11f498afd43f99b5add50f0c61e7005c7dcbcab19c1c7b4ab62776daf32bc
20260420,True,True,True,False,1661,20260420:1661:0001,matched,monotonic_minimum_total_absolute_time_residual,normal,3,1,141,8992,2026-04-20T15:08:15Z,2026-04-20T15:41:31.174000Z,l2_obs_time_utc,1996.174,1996.174,30.0,30.0,,0.0,,0.0,80.0,50.0,82.69,52.69,OBJ_MP_1661_0201.fits,/raw1/20260420/OBJ/OBJ_MP_1661_0201.fits,0201,36332,matched,OBJ_MP_1661_0201_cat.fits.gz,/processed1/20260420/L2/OBJ_MP_1661_0201_cat.fits.gz,35662,834.0859,32.5398,19.9431,20.6,3.0547,2.6447,26.9331,0.0296,0.0,13356.0,2449.0,2404.0,428.0,954.0,0.1400102206723755,104.11930865709753,184.33123260614735,12.952268602056067,near_sun_solar_separation_sort_overwritten_by_ra_sort;scheduler_history_ingestion_stalled_after_20260330_server_audit,a6a11f498afd43f99b5add50f0c61e7005c7dcbcab19c1c7b4ab62776daf32bc
20260420,True,True,True,False,1530,20260420:1530:0001,matched,monotonic_minimum_total_absolute_time_residual,normal,3,1,142,8993,2026-04-20T15:09:35Z,2026-04-20T15:42:46.888000Z,l2_obs_time_utc,1991.888,1991.888,30.0,30.0,,0.0,,0.0,80.0,50.0,75.714,45.714,OBJ_MP_1530_0202.fits,/raw1/20260420/OBJ/OBJ_MP_1530_0202.fits,0202,36296,matched,OBJ_MP_1530_0202_cat.fits.gz,/processed1/20260420/L2/OBJ_MP_1530_0202_cat.fits.gz,35626,823.1883,31.0089,19.9459,20.62,2.9962,2.594,26.9216,0.0327,0.0,13421.0,2543.0,2509.0,400.0,962.0,0.14008724462934208,106.687533426543,185.30165511857953,9.603149687605804,near_sun_solar_separation_sort_overwritten_by_ra_sort;scheduler_history_ingestion_stalled_after_20260330_server_audit,a6a11f498afd43f99b5add50f0c61e7005c7dcbcab19c1c7b4ab62776daf32bc
20260420,True,True,True,False,1130,20260420:1130:0001,matched,monotonic_minimum_total_absolute_time_residual,normal,3,1,143,8994,2026-04-20T15:10:55Z,2026-04-20T15:44:16.011000Z,l2_obs_time_utc,2001.011,2001.011,30.0,30.0,,0.0,,0.0,80.0,50.0,89.123,59.123000000000005,OBJ_MP_1130_0203.fits,/raw1/20260420/OBJ/OBJ_MP_1130_0203.fits,0203,36179,matched,OBJ_MP_1130_0203_cat.fits.gz,/processed1/20260420/L2/OBJ_MP_1130_0203_cat.fits.gz,35509,962.5288,30.006,19.7423,20.5,3.0971,2.6811,26.8876,0.0305,0.0,14094.0,2475.0,2726.0,454.0,1336.0,0.14016428552318216,111.2408781617248,185.41192963893505,0.801678457549747,near_sun_solar_separation_sort_overwritten_by_ra_sort;scheduler_history_ingestion_stalled_after_20260330_server_audit,a6a11f498afd43f99b5add50f0c61e7005c7dcbcab19c1c7b4ab62776daf32bc
20260420,True,True,True,False,1264,20260420:1264:0001,matched,monotonic_minimum_total_absolute_time_residual,normal,3,1,144,8995,2026-04-20T15:12:15Z,2026-04-20T15:45:29.417000Z,l2_obs_time_utc,1994.417,1994.417,30.0,30.0,,0.0,,0.0,80.0,50.0,73.406,43.406000000000006,OBJ_MP_1264_0204.fits,/raw1/20260420/OBJ/OBJ_MP_1264_0204.fits,0204,36206,matched,OBJ_MP_1264_0204_cat.fits.gz,/processed1/20260420/L2/OBJ_MP_1264_0204_cat.fits.gz,35536,929.5411,30.1913,19.7864,20.49,3.1665,2.7412,26.8939,0.0331,0.0,13857.0,2456.0,2641.0,443.0,1180.0,0.14024134334248373,110.23275049084532,185.82909250704597,3.5361312298790097,near_sun_solar_separation_sort_overwritten_by_ra_sort;scheduler_history_ingestion_stalled_after_20260330_server_audit,a6a11f498afd43f99b5add50f0c61e7005c7dcbcab19c1c7b4ab62776daf32bc
20260420,True,True,True,False,1791,20260420:1791:0001,matched,monotonic_minimum_total_absolute_time_residual,normal,3,1,145,8996,2026-04-20T15:13:35Z,2026-04-20T15:47:03.893000Z,l2_obs_time_utc,2008.893,2008.893,30.0,30.0,,0.0,,0.0,80.0,50.0,94.476,64.476,OBJ_MP_1791_0205.fits,/raw1/20260420/OBJ/OBJ_MP_1791_0205.fits,0205,36373,matched,OBJ_MP_1791_0205_cat.fits.gz,/processed1/20260420/L2/OBJ_MP_1791_0205_cat.fits.gz,35703,781.1422,28.4802,20.0261,20.7,2.8892,2.5014,26.945,0.0351,0.0,12884.0,2243.0,2332.0,411.0,945.0,0.14031841808801193,104.46917411766474,186.2301688490207,15.057227134018689,near_sun_solar_separation_sort_overwritten_by_ra_sort;scheduler_history_ingestion_stalled_after_20260330_server_audit,a6a11f498afd43f99b5add50f0c61e7005c7dcbcab19c1c7b4ab62776daf32bc
20260420,True,True,True,False,1398,20260420:1398:0001,matched,monotonic_minimum_total_absolute_time_residual,normal,3,1,146,8997,2026-04-20T15:14:55Z,2026-04-20T15:48:33.944000Z,l2_obs_time_utc,2018.944,2018.944,30.0,30.0,,0.0,,0.0,80.0,50.0,90.051,60.051,OBJ_MP_1398_0206.fits,/raw1/20260420/OBJ/OBJ_MP_1398_0206.fits,0206,36251,matched,OBJ_MP_1398_0206_cat.fits.gz,/processed1/20260420/L2/OBJ_MP_1398_0206_cat.fits.gz,35581,904.2391,31.0634,19.8221,20.59,2.9242,2.5316,26.8997,0.0285,0.0,13772.0,2596.0,2590.0,396.0,949.0,0.14039550975217768,109.56255482063605,186.61701372098887,6.11180785477572,near_sun_solar_separation_sort_overwritten_by_ra_sort;scheduler_history_ingestion_stalled_after_20260330_server_audit,a6a11f498afd43f99b5add50f0c61e7005c7dcbcab19c1c7b4ab62776daf32bc
20260420,True,True,True,False,1662,20260420:1662:0001,matched,monotonic_minimum_total_absolute_time_residual,normal,3,1,147,8998,2026-04-20T15:16:15Z,2026-04-20T15:49:58.013000Z,l2_obs_time_utc,2023.013,2023.013,30.0,30.0,,0.0,,0.0,80.0,50.0,84.069,54.069,OBJ_MP_1662_0207.fits,/raw1/20260420/OBJ/OBJ_MP_1662_0207.fits,0207,36335,matched,OBJ_MP_1662_0207_cat.fits.gz,/processed1/20260420/L2/OBJ_MP_1662_0207_cat.fits.gz,35665,866.4995,29.6226,19.8988,20.43,3.5284,3.0548,26.9303,0.0292,0.0,14152.0,2620.0,2587.0,411.0,1145.0,0.14047261832944602,106.67455008867651,186.83085278791756,11.863723348378203,near_sun_solar_separation_sort_overwritten_by_ra_sort;scheduler_history_ingestion_stalled_after_20260330_server_audit,a6a11f498afd43f99b5add50f0c61e7005c7dcbcab19c1c7b4ab62776daf32bc
20260420,True,True,True,False,1531,20260420:1531:0001,matched,monotonic_minimum_total_absolute_time_residual,normal,3,1,148,8999,2026-04-20T15:17:35Z,2026-04-20T15:51:14.445000Z,l2_obs_time_utc,2019.445,2019.445,30.0,30.0,,0.0,,0.0,80.0,50.0,76.432,46.432,OBJ_MP_1531_0208.fits,/raw1/20260420/OBJ/OBJ_MP_1531_0208.fits,0208,36299,matched,OBJ_MP_1531_0208_cat.fits.gz,/processed1/20260420/L2/OBJ_MP_1531_0208_cat.fits.gz,35629,899.1819,29.1836,19.8558,20.64,2.8594,2.4755,26.9273,0.0354,0.0,14442.0,2512.0,2678.0,383.0,1046.0,0.1405497438176294,109.24265317484426,187.7795493967441,8.527492496143184,near_sun_solar_separation_sort_overwritten_by_ra_sort;scheduler_history_ingestion_stalled_after_20260330_server_audit,a6a11f498afd43f99b5add50f0c61e7005c7dcbcab19c1c7b4ab62776daf32bc
20260420,True,True,True,False,1131,20260420:1131:0001,matched,monotonic_minimum_total_absolute_time_residual,normal,3,1,149,9000,2026-04-20T15:18:55Z,2026-04-20T15:52:44.027000Z,l2_obs_time_utc,2029.027,2029.027,30.0,30.0,,0.0,,0.0,80.0,50.0,89.582,59.581999999999994,OBJ_MP_1131_0209.fits,/raw1/20260420/OBJ/OBJ_MP_1131_0209.fits,0209,36182,matched,OBJ_MP_1131_0209_cat.fits.gz,/processed1/20260420/L2/OBJ_MP_1131_0209_cat.fits.gz,35512,933.1827,31.5841,19.7814,20.52,3.0587,2.648,26.8932,0.0354,0.0,14409.0,2639.0,2777.0,465.0,1224.0,0.14062688620673858,113.80563168162331,187.86687477906756,-0.25567240269714486,near_sun_solar_separation_sort_overwritten_by_ra_sort;scheduler_history_ingestion_stalled_after_20260330_server_audit,a6a11f498afd43f99b5add50f0c61e7005c7dcbcab19c1c7b4ab62776daf32bc
20260420,True,True,True,False,1265,20260420:1265:0001,matched,monotonic_minimum_total_absolute_time_residual,normal,3,1,150,9001,2026-04-20T15:20:15Z,2026-04-20T15:53:57.855000Z,l2_obs_time_utc,2022.855,2022.855,30.0,30.0,,0.0,,0.0,80.0,50.0,73.828,43.828,OBJ_MP_1265_0210.fits,/raw1/20260420/OBJ/OBJ_MP_1265_0210.fits,0210,36209,matched,OBJ_MP_1265_0210_cat.fits.gz,/processed1/20260420/L2/OBJ_MP_1265_0210_cat.fits.gz,35539,918.1772,30.5272,19.8053,20.54,3.0581,2.6475,26.8995,0.0327,0.0,13881.0,2677.0,2641.0,450.0,1112.0,0.14070404549185345,112.79332638421198,188.28621496022686,2.4760594212886367,near_sun_solar_separation_sort_overwritten_by_ra_sort;scheduler_history_ingestion_stalled_after_20260330_server_audit,a6a11f498afd43f99b5add50f0c61e7005c7dcbcab19c1c7b4ab62776daf32bc
20260420,True,True,True,False,1792,20260420:1792:0001,matched,monotonic_minimum_total_absolute_time_residual,normal,3,1,151,9002,2026-04-20T15:21:35Z,2026-04-20T15:55:32.826000Z,l2_obs_time_utc,2037.826,2037.826,30.0,30.0,,0.0,,0.0,80.0,50.0,94.971,64.971,OBJ_MP_1792_0211.fits,/raw1/20260420/OBJ/OBJ_MP_1792_0211.fits,0211,36376,matched,OBJ_MP_1792_0211_cat.fits.gz,/processed1/20260420/L2/OBJ_MP_1792_0211_cat.fits.gz,35706,828.5229,31.2836,19.9388,20.71,2.7552,2.3854,26.9216,0.0325,0.0,13221.0,2396.0,2363.0,419.0,1113.0,0.14078122167512508,107.0188281167842,188.74744308963218,13.959247935035192,near_sun_solar_separation_sort_overwritten_by_ra_sort;scheduler_history_ingestion_stalled_after_20260330_server_audit,a6a11f498afd43f99b5add50f0c61e7005c7dcbcab19c1c7b4ab62776daf32bc
20260420,True,True,True,False,1399,20260420:1399:0001,matched,monotonic_minimum_total_absolute_time_residual,normal,3,1,152,9003,2026-04-20T15:22:55Z,2026-04-20T15:57:03.407000Z,l2_obs_time_utc,2048.407,2048.407,30.0,30.0,,0.0,,0.0,80.0,50.0,90.581,60.581,OBJ_MP_1399_0212.fits,/raw1/20260420/OBJ/OBJ_MP_1399_0212.fits,0212,36254,matched,OBJ_MP_1399_0212_cat.fits.gz,/processed1/20260420/L2/OBJ_MP_1399_0212_cat.fits.gz,35584,958.9213,31.4016,19.7425,20.56,2.9241,2.5315,26.8839,0.0374,0.0,13653.0,2582.0,2712.0,444.0,1065.0,0.14085841474188138,112.11839858491945,189.08065890757655,5.047656081750896,near_sun_solar_separation_sort_overwritten_by_ra_sort;scheduler_history_ingestion_stalled_after_20260330_server_audit,a6a11f498afd43f99b5add50f0c61e7005c7dcbcab19c1c7b4ab62776daf32bc
20260420,True,True,True,False,1663,20260420:1663:0001,matched,monotonic_minimum_total_absolute_time_residual,normal,3,1,153,9004,2026-04-20T15:24:15Z,2026-04-20T15:58:27.514000Z,l2_obs_time_utc,2052.514,2052.514,30.0,30.0,,0.0,,0.0,80.0,50.0,84.107,54.107,OBJ_MP_1663_0213.fits,/raw1/20260420/OBJ/OBJ_MP_1663_0213.fits,0213,36338,matched,OBJ_MP_1663_0213_cat.fits.gz,/processed1/20260420/L2/OBJ_MP_1663_0213_cat.fits.gz,35668,894.8722,30.5841,19.8168,20.56,2.9685,2.5701,26.8832,0.0349,0.0,13065.0,2457.0,2422.0,436.0,1020.0,0.14093562469764703,109.22405180390304,189.32310662590973,10.780839061585123,near_sun_solar_separation_sort_overwritten_by_ra_sort;scheduler_history_ingestion_stalled_after_20260330_server_audit,a6a11f498afd43f99b5add50f0c61e7005c7dcbcab19c1c7b4ab62776daf32bc
20260420,True,True,True,False,1528,20260420:1528:0002,matched,monotonic_minimum_total_absolute_time_residual,normal,3,2,154,9005,2026-04-20T15:26:15Z,2026-04-20T16:00:57.398000Z,l2_obs_time_utc,2082.398,2082.398,30.0,30.0,1800.0,1800.0,1915.988,1915.988,120.0,90.0,149.884,119.88399999999999,OBJ_MP_1528_0214.fits,/raw1/20260420/OBJ/OBJ_MP_1528_0214.fits,0214,36291,matched,OBJ_MP_1528_0214_cat.fits.gz,/processed1/20260420/L2/OBJ_MP_1528_0214_cat.fits.gz,35621,891.788,31.1901,19.8314,20.65,2.7788,2.4058,26.894,0.0327,0.0,13190.0,2394.0,2399.0,423.0,918.0,0.1410514712747944,101.1966803119202,180.32612195231403,11.765423611535558,near_sun_solar_separation_sort_overwritten_by_ra_sort;scheduler_history_ingestion_stalled_after_20260330_server_audit,a6a11f498afd43f99b5add50f0c61e7005c7dcbcab19c1c7b4ab62776daf32bc
20260420,True,True,True,False,1262,20260420:1262:0002,matched,monotonic_minimum_total_absolute_time_residual,normal,3,2,155,9006,2026-04-20T15:27:35Z,2026-04-20T16:02:20.946000Z,l2_obs_time_utc,2085.946,2085.946,30.0,30.0,1800.0,1800.0,1915.619,1915.619,80.0,50.0,83.548,53.548,OBJ_MP_1262_0215.fits,/raw1/20260420/OBJ/OBJ_MP_1262_0215.fits,0215,36201,matched,OBJ_MP_1262_0215_cat.fits.gz,/processed1/20260420/L2/OBJ_MP_1262_0215_cat.fits.gz,35531,945.0805,29.9544,19.7316,20.6,2.7469,2.3781,26.8572,0.0299,0.0,13585.0,2633.0,2608.0,436.0,1040.0,0.14112872341138888,104.74074007733516,180.9107452492774,5.6682693107282835,near_sun_solar_separation_sort_overwritten_by_ra_sort;scheduler_history_ingestion_stalled_after_20260330_server_audit,a6a11f498afd43f99b5add50f0c61e7005c7dcbcab19c1c7b4ab62776daf32bc
20260420,True,True,True,False,1396,20260420:1396:0002,matched,monotonic_minimum_total_absolute_time_residual,normal,3,2,156,9007,2026-04-20T15:28:55Z,2026-04-20T16:03:35.820000Z,l2_obs_time_utc,2080.82,2080.82,30.0,30.0,1800.0,1800.0,1916.954,1916.954,80.0,50.0,74.874,44.873999999999995,OBJ_MP_1396_0216.fits,/raw1/20260420/OBJ/OBJ_MP_1396_0216.fits,0216,36246,matched,OBJ_MP_1396_0216_cat.fits.gz,/processed1/20260420/L2/OBJ_MP_1396_0216_cat.fits.gz,35576,950.2437,30.291,19.7138,20.52,2.913,2.5219,26.8453,0.0343,0.0,12954.0,2420.0,2448.0,391.0,1035.0,0.1412059924165489,104.0964401319912,181.6802127964844,8.254101035859271,near_sun_solar_separation_sort_overwritten_by_ra_sort;scheduler_history_ingestion_stalled_after_20260330_server_audit,a6a11f498afd43f99b5add50f0c61e7005c7dcbcab19c1c7b4ab62776daf32bc
20260420,True,True,True,False,1660,20260420:1660:0002,matched,monotonic_minimum_total_absolute_time_residual,normal,3,2,157,9008,2026-04-20T15:30:15Z,2026-04-20T16:04:58.953000Z,l2_obs_time_utc,2083.953,2083.953,30.0,30.0,1800.0,1800.0,1917.479,1917.479,80.0,50.0,83.133,53.132999999999996,OBJ_MP_1660_0217.fits,/raw1/20260420/OBJ/OBJ_MP_1660_0217.fits,0217,36330,matched,OBJ_MP_1660_0217_cat.fits.gz,/processed1/20260420/L2/OBJ_MP_1660_0217_cat.fits.gz,35660,887.6091,30.6219,19.82,20.61,2.8222,2.4433,26.8775,0.0314,0.0,12943.0,2176.0,2372.0,416.0,848.0,0.14128327828556503,101.22540686172549,181.8223029029429,14.044417861104803,near_sun_solar_separation_sort_overwritten_by_ra_sort;scheduler_history_ingestion_stalled_after_20260330_server_audit,a6a11f498afd43f99b5add50f0c61e7005c7dcbcab19c1c7b4ab62776daf32bc
20260420,True,True,True,False,1529,20260420:1529:0002,matched,monotonic_minimum_total_absolute_time_residual,normal,3,2,158,9009,2026-04-20T15:31:35Z,2026-04-20T16:06:14.563000Z,l2_obs_time_utc,2079.563,2079.563,30.0,30.0,1800.0,1800.0,1917.695,1917.695,80.0,50.0,75.61,45.61,OBJ_MP_1529_0218.fits,/raw1/20260420/OBJ/OBJ_MP_1529_0218.fits,0218,36294,matched,OBJ_MP_1529_0218_cat.fits.gz,/processed1/20260420/L2/OBJ_MP_1529_0218_cat.fits.gz,35624,870.4192,26.9103,19.8545,20.69,2.6696,2.3112,26.8908,0.0343,0.0,13798.0,2672.0,2638.0,409.0,1006.0,0.14136058101086352,103.78857433762177,182.8177974888472,10.683133737260667,near_sun_solar_separation_sort_overwritten_by_ra_sort;scheduler_history_ingestion_stalled_after_20260330_server_audit,a6a11f498afd43f99b5add50f0c61e7005c7dcbcab19c1c7b4ab62776daf32bc
20260420,True,True,True,False,1129,20260420:1129:0002,matched,monotonic_minimum_total_absolute_time_residual,normal,3,2,159,9010,2026-04-20T15:32:55Z,2026-04-20T16:07:44.646000Z,l2_obs_time_utc,2089.646,2089.646,30.0,30.0,1800.0,1800.0,1917.343,1917.343,80.0,50.0,90.083,60.083,OBJ_MP_1129_0219.fits,/raw1/20260420/OBJ/OBJ_MP_1129_0219.fits,0219,36177,matched,OBJ_MP_1129_0219_cat.fits.gz,/processed1/20260420/L2/OBJ_MP_1129_0219_cat.fits.gz,35507,1063.2562,28.4158,19.4892,20.43,2.795,2.4196,26.7426,0.0388,0.0,13076.0,2601.0,2631.0,467.0,1093.0,0.14143790058072786,108.32087809793349,182.95820601984693,1.8633285859702786,near_sun_solar_separation_sort_overwritten_by_ra_sort;scheduler_history_ingestion_stalled_after_20260330_server_audit,a6a11f498afd43f99b5add50f0c61e7005c7dcbcab19c1c7b4ab62776daf32bc
20260420,True,True,True,False,1263,20260420:1263:0002,matched,monotonic_minimum_total_absolute_time_residual,normal,3,2,160,9011,2026-04-20T15:34:15Z,2026-04-20T16:08:58.346000Z,l2_obs_time_utc,2083.346,2083.346,30.0,30.0,1800.0,1800.0,1915.958,1915.958,80.0,50.0,73.7,43.7,OBJ_MP_1263_0220.fits,/raw1/20260420/OBJ/OBJ_MP_1263_0220.fits,0220,36204,matched,OBJ_MP_1263_0220_cat.fits.gz,/processed1/20260420/L2/OBJ_MP_1263_0220_cat.fits.gz,35534,1028.8849,27.8919,19.5225,20.42,2.84,2.4586,26.7403,0.0395,0.0,13207.0,2534.0,2631.0,422.0,968.0,0.14151523699955793,107.3195867952031,183.37117210925774,4.600853678804383,near_sun_solar_separation_sort_overwritten_by_ra_sort;scheduler_history_ingestion_stalled_after_20260330_server_audit,a6a11f498afd43f99b5add50f0c61e7005c7dcbcab19c1c7b4ab62776daf32bc
20260420,True,True,True,False,1790,20260420:1790:0002,matched,monotonic_minimum_total_absolute_time_residual,normal,3,2,161,9012,2026-04-20T15:35:35Z,2026-04-20T16:10:32.915000Z,l2_obs_time_utc,2097.915,2097.915,30.0,30.0,1800.0,1800.0,1915.316,1915.316,80.0,50.0,94.569,64.569,OBJ_MP_1790_0221.fits,/raw1/20260420/OBJ/OBJ_MP_1790_0221.fits,0221,36371,matched,OBJ_MP_1790_0221_cat.fits.gz,/processed1/20260420/L2/OBJ_MP_1790_0221_cat.fits.gz,35701,853.5051,25.984,19.8449,20.57,2.9338,2.5399,26.8598,0.032,0.0,12586.0,2252.0,2409.0,382.0,1166.0,0.14159259025934207,101.58464886042974,183.70232859881293,16.160490106362452,near_sun_solar_separation_sort_overwritten_by_ra_sort;scheduler_history_ingestion_stalled_after_20260330_server_audit,a6a11f498afd43f99b5add50f0c61e7005c7dcbcab19c1c7b4ab62776daf32bc
20260420,True,True,True,False,1397,20260420:1397:0002,matched,monotonic_minimum_total_absolute_time_residual,normal,3,2,162,9013,2026-04-20T15:36:55Z,2026-04-20T16:12:04.287000Z,l2_obs_time_utc,2109.287,2109.287,30.0,30.0,1800.0,1800.0,1915.803,1915.803,80.0,50.0,91.372,61.372,OBJ_MP_1397_0222.fits,/raw1/20260420/OBJ/OBJ_MP_1397_0222.fits,0222,36249,matched,OBJ_MP_1397_0222_cat.fits.gz,/processed1/20260420/L2/OBJ_MP_1397_0222_cat.fits.gz,35579,1017.8209,28.358,19.4027,20.26,2.9126,2.5215,26.6088,0.0425,0.0,11854.0,2350.0,2318.0,456.0,936.0,0.14166996035730106,106.65695744816801,184.15078297067285,7.181281485352419,near_sun_solar_separation_sort_overwritten_by_ra_sort;scheduler_history_ingestion_stalled_after_20260330_server_audit,a6a11f498afd43f99b5add50f0c61e7005c7dcbcab19c1c7b4ab62776daf32bc
20260420,True,True,True,False,1661,20260420:1661:0002,matched,monotonic_minimum_total_absolute_time_residual,normal,3,2,163,9014,2026-04-20T15:38:15Z,2026-04-20T16:13:26.946000Z,l2_obs_time_utc,2111.946,2111.946,30.0,30.0,1800.0,1800.0,1915.772,1915.772,80.0,50.0,82.659,52.659000000000006,OBJ_MP_1661_0223.fits,/raw1/20260420/OBJ/OBJ_MP_1661_0223.fits,0223,36333,matched,OBJ_MP_1661_0223_cat.fits.gz,/processed1/20260420/L2/OBJ_MP_1661_0223_cat.fits.gz,35663,835.8616,25.59,19.8941,20.57,3.0286,2.6221,26.8864,0.031,0.0,13513.0,2631.0,2587.0,430.0,1008.0,0.14174734728074934,103.78392114817295,184.33123260614735,12.952268602056067,near_sun_solar_separation_sort_overwritten_by_ra_sort;scheduler_history_ingestion_stalled_after_20260330_server_audit,a6a11f498afd43f99b5add50f0c61e7005c7dcbcab19c1c7b4ab62776daf32bc
20260420,True,True,True,False,1530,20260420:1530:0002,matched,monotonic_minimum_total_absolute_time_residual,normal,3,2,164,9015,2026-04-20T15:39:35Z,2026-04-20T16:14:43.288000Z,l2_obs_time_utc,2108.288,2108.288,30.0,30.0,1800.0,1800.0,1916.4,1916.4,80.0,50.0,76.342,46.342,OBJ_MP_1530_0224.fits,/raw1/20260420/OBJ/OBJ_MP_1530_0224.fits,0224,36297,matched,OBJ_MP_1530_0224_cat.fits.gz,/processed1/20260420/L2/OBJ_MP_1530_0224_cat.fits.gz,35627,804.7012,25.256,19.924,20.6,2.9449,2.5495,26.875,0.0311,0.0,14053.0,2684.0,2699.0,397.0,1090.0,0.14182475103884462,106.34608862167582,185.30165511857953,9.603149687605804,near_sun_solar_separation_sort_overwritten_by_ra_sort;scheduler_history_ingestion_stalled_after_20260330_server_audit,a6a11f498afd43f99b5add50f0c61e7005c7dcbcab19c1c7b4ab62776daf32bc
20260420,True,True,True,False,1130,20260420:1130:0002,matched,monotonic_minimum_total_absolute_time_residual,normal,3,2,165,9016,2026-04-20T15:40:55Z,2026-04-20T16:16:12.797000Z,l2_obs_time_utc,2117.797,2117.797,30.0,30.0,1800.0,1800.0,1916.786,1916.786,80.0,50.0,89.509,59.509,OBJ_MP_1130_0225.fits,/raw1/20260420/OBJ/OBJ_MP_1130_0225.fits,0225,36180,matched,OBJ_MP_1130_0225_cat.fits.gz,/processed1/20260420/L2/OBJ_MP_1130_0225_cat.fits.gz,35510,1020.1414,27.7003,19.623,20.45,3.0035,2.6,26.8314,0.0323,0.0,14570.0,2515.0,2778.0,459.0,1215.0,0.14190217161396657,110.88494809192592,185.41192963893505,0.801678457549747,near_sun_solar_separation_sort_overwritten_by_ra_sort;scheduler_history_ingestion_stalled_after_20260330_server_audit,a6a11f498afd43f99b5add50f0c61e7005c7dcbcab19c1c7b4ab62776daf32bc
20260420,True,True,True,False,1264,20260420:1264:0002,matched,monotonic_minimum_total_absolute_time_residual,normal,3,2,166,9017,2026-04-20T15:42:15Z,2026-04-20T16:17:26.590000Z,l2_obs_time_utc,2111.59,2111.59,30.0,30.0,1800.0,1800.0,1917.173,1917.173,80.0,50.0,73.793,43.793000000000006,OBJ_MP_1264_0226.fits,/raw1/20260420/OBJ/OBJ_MP_1264_0226.fits,0226,36207,matched,OBJ_MP_1264_0226_cat.fits.gz,/processed1/20260420/L2/OBJ_MP_1264_0226_cat.fits.gz,35537,973.426,27.3451,19.6296,20.43,2.999,2.5962,26.7871,0.0322,0.0,13683.0,2448.0,2631.0,445.0,1135.0,0.14197960900256912,109.88046115302022,185.82909250704597,3.5361312298790097,near_sun_solar_separation_sort_overwritten_by_ra_sort;scheduler_history_ingestion_stalled_after_20260330_server_audit,a6a11f498afd43f99b5add50f0c61e7005c7dcbcab19c1c7b4ab62776daf32bc
20260420,True,True,True,False,1791,20260420:1791:0002,matched,monotonic_minimum_total_absolute_time_residual,normal,3,2,167,9018,2026-04-20T15:43:35Z,2026-04-20T16:19:01.274000Z,l2_obs_time_utc,2126.274,2126.274,30.0,30.0,1800.0,1800.0,1917.381,1917.381,80.0,50.0,94.684,64.684,OBJ_MP_1791_0227.fits,/raw1/20260420/OBJ/OBJ_MP_1791_0227.fits,0227,36374,matched,OBJ_MP_1791_0227_cat.fits.gz,/processed1/20260420/L2/OBJ_MP_1791_0227_cat.fits.gz,35704,764.5146,24.9368,19.9857,20.67,2.8084,2.4315,26.8812,0.0341,0.0,13281.0,2391.0,2496.0,401.0,1218.0,0.14205706320476047,104.13930430531705,186.2301688490207,15.057227134018689,near_sun_solar_separation_sort_overwritten_by_ra_sort;scheduler_history_ingestion_stalled_after_20260330_server_audit,a6a11f498afd43f99b5add50f0c61e7005c7dcbcab19c1c7b4ab62776daf32bc
20260420,True,True,True,False,1398,20260420:1398:0002,matched,monotonic_minimum_total_absolute_time_residual,normal,3,2,168,9019,2026-04-20T15:44:55Z,2026-04-20T16:20:32.506000Z,l2_obs_time_utc,2137.506,2137.506,30.0,30.0,1800.0,1800.0,1918.562,1918.562,80.0,50.0,91.232,61.232,OBJ_MP_1398_0228.fits,/raw1/20260420/OBJ/OBJ_MP_1398_0228.fits,0228,36252,matched,OBJ_MP_1398_0228_cat.fits.gz,/processed1/20260420/L2/OBJ_MP_1398_0228_cat.fits.gz,35582,877.5671,26.5408,19.8286,20.58,2.9002,2.5108,26.8737,0.0315,0.0,14223.0,2743.0,2736.0,402.0,1076.0,0.1421345342100549,109.21430282980694,186.61701372098887,6.11180785477572,near_sun_solar_separation_sort_overwritten_by_ra_sort;scheduler_history_ingestion_stalled_after_20260330_server_audit,a6a11f498afd43f99b5add50f0c61e7005c7dcbcab19c1c7b4ab62776daf32bc
20260420,True,True,True,False,1662,20260420:1662:0002,matched,monotonic_minimum_total_absolute_time_residual,normal,3,2,169,9020,2026-04-20T15:46:15Z,2026-04-20T16:21:56.137000Z,l2_obs_time_utc,2141.137,2141.137,30.0,30.0,1800.0,1800.0,1918.124,1918.124,80.0,50.0,83.631,53.631,OBJ_MP_1662_0229.fits,/raw1/20260420/OBJ/OBJ_MP_1662_0229.fits,0229,36336,matched,OBJ_MP_1662_0229_cat.fits.gz,/processed1/20260420/L2/OBJ_MP_1662_0229_cat.fits.gz,35666,804.4802,25.3922,19.931,20.6,2.955,2.5583,26.8817,0.0315,0.0,14283.0,2680.0,2640.0,419.0,1016.0,0.1422120220126496,106.33740436446759,186.83085278791756,11.863723348378203,near_sun_solar_separation_sort_overwritten_by_ra_sort;scheduler_history_ingestion_stalled_after_20260330_server_audit,a6a11f498afd43f99b5add50f0c61e7005c7dcbcab19c1c7b4ab62776daf32bc
20260420,True,True,True,False,1531,20260420:1531:0002,matched,monotonic_minimum_total_absolute_time_residual,normal,3,2,170,9021,2026-04-20T15:47:35Z,2026-04-20T16:23:12.029000Z,l2_obs_time_utc,2137.029,2137.029,30.0,30.0,1800.0,1800.0,1917.584,1917.584,80.0,50.0,75.892,45.891999999999996,OBJ_MP_1531_0230.fits,/raw1/20260420/OBJ/OBJ_MP_1531_0230.fits,0230,36300,matched,OBJ_MP_1531_0230_cat.fits.gz,/processed1/20260420/L2/OBJ_MP_1531_0230_cat.fits.gz,35630,836.3083,25.6312,19.9032,20.57,3.041,2.6326,26.8959,0.0346,0.0,14766.0,2599.0,2777.0,385.0,1171.0,0.142289526614143,108.89934368491205,187.7795493967441,8.527492496143184,near_sun_solar_separation_sort_overwritten_by_ra_sort;scheduler_history_ingestion_stalled_after_20260330_server_audit,a6a11f498afd43f99b5add50f0c61e7005c7dcbcab19c1c7b4ab62776daf32bc
20260420,True,True,True,False,1131,20260420:1131:0002,matched,monotonic_minimum_total_absolute_time_residual,normal,3,2,171,9022,2026-04-20T15:48:55Z,2026-04-20T16:24:42.100000Z,l2_obs_time_utc,2147.1,2147.1,30.0,30.0,1800.0,1800.0,1918.073,1918.073,80.0,50.0,90.071,60.071,OBJ_MP_1131_0231.fits,/raw1/20260420/OBJ/OBJ_MP_1131_0231.fits,0231,36183,matched,OBJ_MP_1131_0231_cat.fits.gz,/processed1/20260420/L2/OBJ_MP_1131_0231_cat.fits.gz,35513,971.1816,27.2674,19.7067,20.44,3.1608,2.7363,26.8618,0.0341,0.0,14831.0,2766.0,2931.0,473.0,1203.0,0.142367048009657,113.44740144041161,187.86687477906756,-0.25567240269714486,near_sun_solar_separation_sort_overwritten_by_ra_sort;scheduler_history_ingestion_stalled_after_20260330_server_audit,a6a11f498afd43f99b5add50f0c61e7005c7dcbcab19c1c7b4ab62776daf32bc
20260420,True,True,True,False,1265,20260420:1265:0002,matched,monotonic_minimum_total_absolute_time_residual,normal,3,2,172,9023,2026-04-20T15:50:15Z,2026-04-20T16:25:55.592000Z,l2_obs_time_utc,2140.592,2140.592,30.0,30.0,1800.0,1800.0,1917.737,1917.737,80.0,50.0,73.492,43.492000000000004,OBJ_MP_1265_0232.fits,/raw1/20260420/OBJ/OBJ_MP_1265_0232.fits,0232,36210,matched,OBJ_MP_1265_0232_cat.fits.gz,/processed1/20260420/L2/OBJ_MP_1265_0232_cat.fits.gz,35540,905.6982,26.4453,19.8017,20.54,3.002,2.5988,26.881,0.0319,0.0,14565.0,2859.0,2821.0,437.0,1206.0,0.142444586189875,112.43889142844912,188.28621496022686,2.4760594212886367,near_sun_solar_separation_sort_overwritten_by_ra_sort;scheduler_history_ingestion_stalled_after_20260330_server_audit,a6a11f498afd43f99b5add50f0c61e7005c7dcbcab19c1c7b4ab62776daf32bc
20260420,True,True,True,False,1792,20260420:1792:0002,matched,monotonic_minimum_total_absolute_time_residual,normal,3,2,173,9024,2026-04-20T15:51:35Z,2026-04-20T16:27:30.388000Z,l2_obs_time_utc,2155.388,2155.388,30.0,30.0,1800.0,1800.0,1917.562,1917.562,80.0,50.0,94.796,64.796,OBJ_MP_1792_0233.fits,/raw1/20260420/OBJ/OBJ_MP_1792_0233.fits,0233,36377,matched,OBJ_MP_1792_0233_cat.fits.gz,/processed1/20260420/L2/OBJ_MP_1792_0233_cat.fits.gz,35707,775.256,25.0856,20.004,20.69,2.8281,2.4484,26.9147,0.0333,0.0,13793.0,2617.0,2567.0,424.0,1053.0,0.14252214115090395,106.68747842502535,188.74744308963218,13.959247935035192,near_sun_solar_separation_sort_overwritten_by_ra_sort;scheduler_history_ingestion_stalled_after_20260330_server_audit,a6a11f498afd43f99b5add50f0c61e7005c7dcbcab19c1c7b4ab62776daf32bc
20260420,True,True,True,False,1399,20260420:1399:0002,matched,monotonic_minimum_total_absolute_time_residual,normal,3,2,174,9025,2026-04-20T15:52:55Z,2026-04-20T16:29:00.887000Z,l2_obs_time_utc,2165.887,2165.887,30.0,30.0,1800.0,1800.0,1917.48,1917.48,80.0,50.0,90.499,60.498999999999995,OBJ_MP_1399_0234.fits,/raw1/20260420/OBJ/OBJ_MP_1399_0234.fits,0234,36255,matched,OBJ_MP_1399_0234_cat.fits.gz,/processed1/20260420/L2/OBJ_MP_1399_0234_cat.fits.gz,35585,887.7649,26.6271,19.8285,20.49,3.1856,2.7578,26.886,0.037,0.0,13949.0,2709.0,2832.0,449.0,1205.0,0.14259971288826068,111.76819470068924,189.08065890757655,5.047656081750896,near_sun_solar_separation_sort_overwritten_by_ra_sort;scheduler_history_ingestion_stalled_after_20260330_server_audit,a6a11f498afd43f99b5add50f0c61e7005c7dcbcab19c1c7b4ab62776daf32bc
20260420,True,True,True,False,1663,20260420:1663:0002,matched,monotonic_minimum_total_absolute_time_residual,normal,3,2,175,9026,2026-04-20T15:54:15Z,2026-04-20T16:30:25.271000Z,l2_obs_time_utc,2170.271,2170.271,30.0,30.0,1800.0,1800.0,1917.757,1917.757,80.0,50.0,84.384,54.384,OBJ_MP_1663_0235.fits,/raw1/20260420/OBJ/OBJ_MP_1663_0235.fits,0235,36339,matched,OBJ_MP_1663_0235_cat.fits.gz,/processed1/20260420/L2/OBJ_MP_1663_0235_cat.fits.gz,35669,810.5747,25.2352,19.9377,20.48,3.3346,2.887,26.8967,0.0335,0.0,13637.0,2648.0,2618.0,433.0,1253.0,0.1426773013953942,108.88530907995863,189.32310662590973,10.780839061585123,near_sun_solar_separation_sort_overwritten_by_ra_sort;scheduler_history_ingestion_stalled_after_20260330_server_audit,a6a11f498afd43f99b5add50f0c61e7005c7dcbcab19c1c7b4ab62776daf32bc
20260420,True,True,True,False,1528,20260420:1528:0003,matched,monotonic_minimum_total_absolute_time_residual,normal,3,3,176,9027,2026-04-20T15:56:15Z,2026-04-20T16:31:54.727000Z,l2_obs_time_utc,2139.727,2139.727,30.0,30.0,1800.0,3600.0,1857.329,3773.317,120.0,90.0,89.456,59.456,OBJ_MP_1528_0236.fits,/raw1/20260420/OBJ/OBJ_MP_1528_0236.fits,0236,36292,matched,OBJ_MP_1528_0236_cat.fits.gz,/processed1/20260420/L2/OBJ_MP_1528_0236_cat.fits.gz,35622,872.0309,26.3028,19.8396,20.64,2.7725,2.4003,26.8779,0.0312,0.0,13855.0,2591.0,2561.0,416.0,1052.0,0.14279371558671722,100.84807516064778,180.32612195231403,11.765423611535558,near_sun_solar_separation_sort_overwritten_by_ra_sort;scheduler_history_ingestion_stalled_after_20260330_server_audit,a6a11f498afd43f99b5add50f0c61e7005c7dcbcab19c1c7b4ab62776daf32bc
20260420,True,True,True,False,1262,20260420:1262:0003,matched,monotonic_minimum_total_absolute_time_residual,normal,3,3,177,9028,2026-04-20T15:57:35Z,2026-04-20T16:33:18.293000Z,l2_obs_time_utc,2143.293,2143.293,30.0,30.0,1800.0,3600.0,1857.347,3772.966,80.0,50.0,83.566,53.566,OBJ_MP_1262_0237.fits,/raw1/20260420/OBJ/OBJ_MP_1262_0237.fits,0237,36202,matched,OBJ_MP_1262_0237_cat.fits.gz,/processed1/20260420/L2/OBJ_MP_1262_0237_cat.fits.gz,35532,943.1789,26.7656,19.7288,20.39,3.3132,2.8682,26.8521,0.0321,0.0,13289.0,2709.0,2680.0,461.0,1238.0,0.14287134600157664,104.38232688754417,180.9107452492774,5.6682693107282835,near_sun_solar_separation_sort_overwritten_by_ra_sort;scheduler_history_ingestion_stalled_after_20260330_server_audit,a6a11f498afd43f99b5add50f0c61e7005c7dcbcab19c1c7b4ab62776daf32bc
20260420,True,True,True,False,1396,20260420:1396:0003,matched,monotonic_minimum_total_absolute_time_residual,normal,3,3,178,9029,2026-04-20T15:58:55Z,2026-04-20T16:34:33.335000Z,l2_obs_time_utc,2138.335,2138.335,30.0,30.0,1800.0,3600.0,1857.515,3774.469,80.0,50.0,75.042,45.042,OBJ_MP_1396_0238.fits,/raw1/20260420/OBJ/OBJ_MP_1396_0238.fits,0238,36247,matched,OBJ_MP_1396_0238_cat.fits.gz,/processed1/20260420/L2/OBJ_MP_1396_0238_cat.fits.gz,35577,893.1835,26.4482,19.8114,20.41,3.3813,2.9272,26.8756,0.0349,0.0,12960.0,2456.0,2498.0,401.0,1211.0,0.14294899316357979,103.74219047111632,181.6802127964844,8.254101035859271,near_sun_solar_separation_sort_overwritten_by_ra_sort;scheduler_history_ingestion_stalled_after_20260330_server_audit,a6a11f498afd43f99b5add50f0c61e7005c7dcbcab19c1c7b4ab62776daf32bc
20260420,True,True,True,False,1660,20260420:1660:0003,matched,monotonic_minimum_total_absolute_time_residual,normal,3,3,179,9030,2026-04-20T16:00:15Z,2026-04-20T16:35:56.189000Z,l2_obs_time_utc,2141.189,2141.189,30.0,30.0,1800.0,3600.0,1857.236,3774.715,80.0,50.0,82.854,52.854,OBJ_MP_1660_0239.fits,/raw1/20260420/OBJ/OBJ_MP_1660_0239.fits,0239,36331,matched,OBJ_MP_1660_0239_cat.fits.gz,/processed1/20260420/L2/OBJ_MP_1660_0239_cat.fits.gz,35661,832.4669,25.7877,19.8962,20.57,3.0086,2.6046,26.884,0.0332,0.0,13738.0,2328.0,2555.0,416.0,988.0,0.14302665707667866,100.88167998498118,181.8223029029429,14.044417861104803,near_sun_solar_separation_sort_overwritten_by_ra_sort;scheduler_history_ingestion_stalled_after_20260330_server_audit,a6a11f498afd43f99b5add50f0c61e7005c7dcbcab19c1c7b4ab62776daf32bc
20260420,True,True,True,False,1529,20260420:1529:0003,matched,monotonic_minimum_total_absolute_time_residual,normal,3,3,180,9031,2026-04-20T16:01:35Z,2026-04-20T16:37:12.165000Z,l2_obs_time_utc,2137.165,2137.165,30.0,30.0,1800.0,3600.0,1857.602,3775.297,80.0,50.0,75.976,45.976,OBJ_MP_1529_0240.fits,/raw1/20260420/OBJ/OBJ_MP_1529_0240.fits,0240,36295,matched,OBJ_MP_1529_0240_cat.fits.gz,/processed1/20260420/L2/OBJ_MP_1529_0240_cat.fits.gz,35625,869.8122,26.1424,19.8335,20.49,3.166,2.7409,26.869,0.0345,0.0,13011.0,2616.0,2583.0,431.0,1247.0,0.14310433773252806,103.43891006177374,182.8177974888472,10.683133737260667,near_sun_solar_separation_sort_overwritten_by_ra_sort;scheduler_history_ingestion_stalled_after_20260330_server_audit,a6a11f498afd43f99b5add50f0c61e7005c7dcbcab19c1c7b4ab62776daf32bc
20260420,True,True,True,False,1129,20260420:1129:0003,matched,monotonic_minimum_total_absolute_time_residual,normal,3,3,181,9032,2026-04-20T16:02:55Z,2026-04-20T16:38:43.225000Z,l2_obs_time_utc,2148.225,2148.225,30.0,30.0,1800.0,3600.0,1858.579,3775.922,80.0,50.0,91.06,61.06,OBJ_MP_1129_0241.fits,/raw1/20260420/OBJ/OBJ_MP_1129_0241.fits,0241,36178,matched,OBJ_MP_1129_0241_cat.fits.gz,/processed1/20260420/L2/OBJ_MP_1129_0241_cat.fits.gz,35508,1016.0662,27.6471,19.5432,20.3,3.1933,2.7642,26.7472,0.0335,0.0,12670.0,2570.0,2605.0,468.0,1166.0,0.14318203512674382,107.95730581876256,182.95820601984693,1.8633285859702786,near_sun_solar_separation_sort_overwritten_by_ra_sort;scheduler_history_ingestion_stalled_after_20260330_server_audit,a6a11f498afd43f99b5add50f0c61e7005c7dcbcab19c1c7b4ab62776daf32bc
20260420,True,True,True,False,1263,20260420:1263:0003,matched,monotonic_minimum_total_absolute_time_residual,normal,3,3,182,9033,2026-04-20T16:04:15Z,2026-04-20T16:39:56.683000Z,l2_obs_time_utc,2141.683,2141.683,30.0,30.0,1800.0,3600.0,1858.337,3774.295,80.0,50.0,73.458,43.458,OBJ_MP_1263_0242.fits,/raw1/20260420/OBJ/OBJ_MP_1263_0242.fits,0242,36205,matched,OBJ_MP_1263_0242_cat.fits.gz,/processed1/20260420/L2/OBJ_MP_1263_0242_cat.fits.gz,35535,985.9733,27.306,19.5875,20.33,3.1686,2.7429,26.759,0.0385,0.0,13001.0,2569.0,2669.0,427.0,1071.0,0.14325974925568247,106.95947283815812,183.37117210925774,4.600853678804383,near_sun_solar_separation_sort_overwritten_by_ra_sort;scheduler_history_ingestion_stalled_after_20260330_server_audit,a6a11f498afd43f99b5add50f0c61e7005c7dcbcab19c1c7b4ab62776daf32bc
20260420,True,True,True,False,1790,20260420:1790:0003,matched,monotonic_minimum_total_absolute_time_residual,normal,3,3,183,9034,2026-04-20T16:05:35Z,2026-04-20T16:41:31.520000Z,l2_obs_time_utc,2156.52,2156.52,30.0,30.0,1800.0,3600.0,1858.605,3773.921,80.0,50.0,94.837,64.837,OBJ_MP_1790_0243.fits,/raw1/20260420/OBJ/OBJ_MP_1790_0243.fits,0243,36372,matched,OBJ_MP_1790_0243_cat.fits.gz,/processed1/20260420/L2/OBJ_MP_1790_0243_cat.fits.gz,35702,842.5743,25.6631,19.8382,20.52,3.0129,2.6084,26.8392,0.0303,0.0,12456.0,2387.0,2439.0,379.0,1063.0,0.14333748010207592,101.24631151861819,183.70232859881293,16.160490106362452,near_sun_solar_separation_sort_overwritten_by_ra_sort;scheduler_history_ingestion_stalled_after_20260330_server_audit,a6a11f498afd43f99b5add50f0c61e7005c7dcbcab19c1c7b4ab62776daf32bc
20260420,True,True,True,False,1397,20260420:1397:0003,matched,monotonic_minimum_total_absolute_time_residual,normal,3,3,184,9035,2026-04-20T16:06:55Z,2026-04-20T16:43:02.364000Z,l2_obs_time_utc,2167.364,2167.364,30.0,30.0,1800.0,3600.0,1858.077,3773.88,80.0,50.0,90.844,60.843999999999994,OBJ_MP_1397_0244.fits,/raw1/20260420/OBJ/OBJ_MP_1397_0244.fits,0244,36250,matched,OBJ_MP_1397_0244_cat.fits.gz,/processed1/20260420/L2/OBJ_MP_1397_0244_cat.fits.gz,35580,936.0536,27.2347,19.6305,20.37,3.0833,2.6693,26.7457,0.0316,0.0,13251.0,2586.0,2554.0,425.0,1076.0,0.14341522768230908,106.30071477456602,184.15078297067285,7.181281485352419,near_sun_solar_separation_sort_overwritten_by_ra_sort;scheduler_history_ingestion_stalled_after_20260330_server_audit,a6a11f498afd43f99b5add50f0c61e7005c7dcbcab19c1c7b4ab62776daf32bc
20260420,True,True,True,False,1661,20260420:1661:0003,matched,monotonic_minimum_total_absolute_time_residual,normal,3,3,185,9036,2026-04-20T16:08:15Z,2026-04-20T16:44:25.634000Z,l2_obs_time_utc,2170.634,2170.634,30.0,30.0,1800.0,3600.0,1858.688,3774.46,80.0,50.0,83.27,53.269999999999996,OBJ_MP_1661_0245.fits,/raw1/20260420/OBJ/OBJ_MP_1661_0245.fits,0245,36334,matched,OBJ_MP_1661_0245_cat.fits.gz,/processed1/20260420/L2/OBJ_MP_1661_0245_cat.fits.gz,35664,808.438,25.1767,19.9108,20.62,2.8633,2.4788,26.8669,0.0301,0.0,13825.0,2667.0,2631.0,429.0,1020.0,0.14349299197745663,103.43845184059442,184.33123260614735,12.952268602056067,near_sun_solar_separation_sort_overwritten_by_ra_sort;scheduler_history_ingestion_stalled_after_20260330_server_audit,a6a11f498afd43f99b5add50f0c61e7005c7dcbcab19c1c7b4ab62776daf32bc
20260420,True,True,True,False,1530,20260420:1530:0003,matched,monotonic_minimum_total_absolute_time_residual,normal,3,3,186,9037,2026-04-20T16:09:35Z,2026-04-20T16:45:41.743000Z,l2_obs_time_utc,2166.743,2166.743,30.0,30.0,1800.0,3600.0,1858.455,3774.855,80.0,50.0,76.109,46.108999999999995,OBJ_MP_1530_0246.fits,/raw1/20260420/OBJ/OBJ_MP_1530_0246.fits,0246,36298,matched,OBJ_MP_1530_0246_cat.fits.gz,/processed1/20260420/L2/OBJ_MP_1530_0246_cat.fits.gz,35628,840.3014,25.8053,19.8476,20.48,3.1376,2.7163,26.8455,0.0326,0.0,13409.0,2627.0,2633.0,414.0,1101.0,0.14357077298545967,105.99460351434578,185.30165511857953,9.603149687605804,near_sun_solar_separation_sort_overwritten_by_ra_sort;scheduler_history_ingestion_stalled_after_20260330_server_audit,a6a11f498afd43f99b5add50f0c61e7005c7dcbcab19c1c7b4ab62776daf32bc
20260420,True,True,True,False,1130,20260420:1130:0003,matched,monotonic_minimum_total_absolute_time_residual,normal,3,3,187,9038,2026-04-20T16:10:55Z,2026-04-20T16:47:12.801000Z,l2_obs_time_utc,2177.801,2177.801,30.0,30.0,1800.0,3600.0,1860.004,3776.79,80.0,50.0,91.058,61.05800000000001,OBJ_MP_1130_0247.fits,/raw1/20260420/OBJ/OBJ_MP_1130_0247.fits,0247,36181,matched,OBJ_MP_1130_0247_cat.fits.gz,/processed1/20260420/L2/OBJ_MP_1130_0247_cat.fits.gz,35511,977.268,27.1496,19.6702,20.35,3.3418,2.8927,26.8318,0.0323,0.0,13885.0,2488.0,2755.0,469.0,1239.0,0.1436485706986066,110.51920581457566,185.41192963893505,0.801678457549747,near_sun_solar_separation_sort_overwritten_by_ra_sort;scheduler_history_ingestion_stalled_after_20260330_server_audit,a6a11f498afd43f99b5add50f0c61e7005c7dcbcab19c1c7b4ab62776daf32bc
20260420,True,True,True,False,1264,20260420:1264:0003,matched,monotonic_minimum_total_absolute_time_residual,normal,3,3,188,9039,2026-04-20T16:12:15Z,2026-04-20T16:48:26.299000Z,l2_obs_time_utc,2171.299,2171.299,30.0,30.0,1800.0,3600.0,1859.709,3776.882,80.0,50.0,73.498,43.498000000000005,OBJ_MP_1264_0248.fits,/raw1/20260420/OBJ/OBJ_MP_1264_0248.fits,0248,36208,matched,OBJ_MP_1264_0248_cat.fits.gz,/processed1/20260420/L2/OBJ_MP_1264_0248_cat.fits.gz,35538,915.8113,26.5366,19.7566,20.38,3.3663,2.914,26.8478,0.0331,0.0,13924.0,2536.0,2726.0,447.0,1323.0,0.14372638511969826,109.51830535740942,185.82909250704597,3.5361312298790097,near_sun_solar_separation_sort_overwritten_by_ra_sort;scheduler_history_ingestion_stalled_after_20260330_server_audit,a6a11f498afd43f99b5add50f0c61e7005c7dcbcab19c1c7b4ab62776daf32bc
20260420,True,True,True,False,1791,20260420:1791:0003,matched,monotonic_minimum_total_absolute_time_residual,normal,3,3,189,9040,2026-04-20T16:13:35Z,2026-04-20T16:50:00.946000Z,l2_obs_time_utc,2185.946,2185.946,30.0,30.0,1800.0,3600.0,1859.672,3777.053,80.0,50.0,94.647,64.647,OBJ_MP_1791_0249.fits,/raw1/20260420/OBJ/OBJ_MP_1791_0249.fits,0249,36375,matched,OBJ_MP_1791_0249_cat.fits.gz,/processed1/20260420/L2/OBJ_MP_1791_0249_cat.fits.gz,35705,754.9565,24.9132,20.0183,20.61,3.0293,2.6226,26.9001,0.0369,0.0,13210.0,2538.0,2500.0,421.0,1060.0,0.14380421623610834,103.79946238129949,186.2301688490207,15.057227134018689,near_sun_solar_separation_sort_overwritten_by_ra_sort;scheduler_history_ingestion_stalled_after_20260330_server_audit,a6a11f498afd43f99b5add50f0c61e7005c7dcbcab19c1c7b4ab62776daf32bc
20260420,True,True,True,False,1398,20260420:1398:0003,matched,monotonic_minimum_total_absolute_time_residual,normal,3,3,190,9041,2026-04-20T16:14:55Z,2026-04-20T16:51:31.841000Z,l2_obs_time_utc,2196.841,2196.841,30.0,30.0,1800.0,3600.0,1859.335,3777.897,80.0,50.0,90.895,60.894999999999996,OBJ_MP_1398_0250.fits,/raw1/20260420/OBJ/OBJ_MP_1398_0250.fits,0250,36253,matched,OBJ_MP_1398_0250_cat.fits.gz,/processed1/20260420/L2/OBJ_MP_1398_0250_cat.fits.gz,35583,926.8885,27.8012,19.733,20.42,3.2028,2.7726,26.8373,0.0291,0.0,13416.0,2592.0,2601.0,405.0,1147.0,0.14388206404469828,108.85618194600914,186.61701372098887,6.11180785477572,near_sun_solar_separation_sort_overwritten_by_ra_sort;scheduler_history_ingestion_stalled_after_20260330_server_audit,a6a11f498afd43f99b5add50f0c61e7005c7dcbcab19c1c7b4ab62776daf32bc
20260420,True,True,True,False,1662,20260420:1662:0003,matched,monotonic_minimum_total_absolute_time_residual,normal,3,3,191,9042,2026-04-20T16:16:15Z,2026-04-20T16:52:54.995000Z,l2_obs_time_utc,2199.995,2199.995,30.0,30.0,1800.0,3600.0,1858.858,3776.982,80.0,50.0,83.154,53.153999999999996,OBJ_MP_1662_0251.fits,/raw1/20260420/OBJ/OBJ_MP_1662_0251.fits,0251,36337,matched,OBJ_MP_1662_0251_cat.fits.gz,/processed1/20260420/L2/OBJ_MP_1662_0251_cat.fits.gz,35667,804.3272,25.4042,19.926,20.5,3.2339,2.7997,26.8765,0.0296,0.0,13753.0,2628.0,2590.0,424.0,1107.0,0.1439599285376446,105.99034652716621,186.83085278791756,11.863723348378203,near_sun_solar_separation_sort_overwritten_by_ra_sort;scheduler_history_ingestion_stalled_after_20260330_server_audit,a6a11f498afd43f99b5add50f0c61e7005c7dcbcab19c1c7b4ab62776daf32bc
20260420,True,True,True,False,1531,20260420:1531:0003,matched,monotonic_minimum_total_absolute_time_residual,normal,3,3,192,9043,2026-04-20T16:17:35Z,2026-04-20T16:54:10.938000Z,l2_obs_time_utc,2195.938,2195.938,30.0,30.0,1800.0,3600.0,1858.909,3776.493,80.0,50.0,75.943,45.943,OBJ_MP_1531_0252.fits,/raw1/20260420/OBJ/OBJ_MP_1531_0252.fits,0252,36301,matched,OBJ_MP_1531_0252_cat.fits.gz,/processed1/20260420/L2/OBJ_MP_1531_0252_cat.fits.gz,35631,904.4534,26.2423,19.7667,20.46,3.1326,2.7118,26.8444,0.0382,0.0,13975.0,2497.0,2663.0,401.0,1117.0,0.1440378097194973,108.54617536747024,187.7795493967441,8.527492496143184,near_sun_solar_separation_sort_overwritten_by_ra_sort;scheduler_history_ingestion_stalled_after_20260330_server_audit,a6a11f498afd43f99b5add50f0c61e7005c7dcbcab19c1c7b4ab62776daf32bc
20260420,True,True,True,False,1131,20260420:1131:0003,matched,monotonic_minimum_total_absolute_time_residual,normal,3,3,193,9044,2026-04-20T16:18:55Z,2026-04-20T16:55:41.133000Z,l2_obs_time_utc,2206.133,2206.133,30.0,30.0,1800.0,3600.0,1859.033,3777.106,80.0,50.0,90.195,60.19499999999999,OBJ_MP_1131_0253.fits,/raw1/20260420/OBJ/OBJ_MP_1131_0253.fits,0253,36184,matched,OBJ_MP_1131_0253_cat.fits.gz,/processed1/20260420/L2/OBJ_MP_1131_0253_cat.fits.gz,35514,1051.0105,27.9954,19.4644,20.09,3.7095,3.2111,26.7051,0.0363,0.0,12532.0,2479.0,2601.0,494.0,1296.0,0.14411570757857212,113.07957708611131,187.86687477906756,-0.25567240269714486,near_sun_solar_separation_sort_overwritten_by_ra_sort;scheduler_history_ingestion_stalled_after_20260330_server_audit,a6a11f498afd43f99b5add50f0c61e7005c7dcbcab19c1c7b4ab62776daf32bc
20260420,True,True,True,False,1265,20260420:1265:0003,matched,monotonic_minimum_total_absolute_time_residual,normal,3,3,194,9045,2026-04-20T16:20:15Z,2026-04-20T16:56:54.938000Z,l2_obs_time_utc,2199.938,2199.938,30.0,30.0,1800.0,3600.0,1859.346,3777.083,80.0,50.0,73.805,43.80500000000001,OBJ_MP_1265_0254.fits,/raw1/20260420/OBJ/OBJ_MP_1265_0254.fits,0254,36211,matched,OBJ_MP_1265_0254_cat.fits.gz,/processed1/20260420/L2/OBJ_MP_1265_0254_cat.fits.gz,35541,978.5688,27.3436,19.6235,20.22,3.6167,3.1309,26.7868,0.034,0.0,12621.0,2596.0,2560.0,463.0,1263.0,0.14419362210487835,112.07479729866819,188.28621496022686,2.4760594212886367,near_sun_solar_separation_sort_overwritten_by_ra_sort;scheduler_history_ingestion_stalled_after_20260330_server_audit,a6a11f498afd43f99b5add50f0c61e7005c7dcbcab19c1c7b4ab62776daf32bc
20260420,True,True,True,False,1792,20260420:1792:0003,matched,monotonic_minimum_total_absolute_time_residual,normal,3,3,195,9046,2026-04-20T16:21:35Z,2026-04-20T16:58:29.944000Z,l2_obs_time_utc,2214.944,2214.944,30.0,30.0,1800.0,3600.0,1859.556,3777.118,80.0,50.0,95.006,65.006,OBJ_MP_1792_0255.fits,/raw1/20260420/OBJ/OBJ_MP_1792_0255.fits,0255,36378,matched,OBJ_MP_1792_0255_cat.fits.gz,/processed1/20260420/L2/OBJ_MP_1792_0255_cat.fits.gz,35708,784.7198,25.1314,19.9623,20.63,2.9205,2.5284,26.8861,0.0354,0.0,13262.0,2572.0,2522.0,435.0,966.0,0.14427155330124786,106.34631811181272,188.74744308963218,13.959247935035192,near_sun_solar_separation_sort_overwritten_by_ra_sort;scheduler_history_ingestion_stalled_after_20260330_server_audit,a6a11f498afd43f99b5add50f0c61e7005c7dcbcab19c1c7b4ab62776daf32bc
20260420,True,True,True,False,1399,20260420:1399:0003,matched,monotonic_minimum_total_absolute_time_residual,normal,3,3,196,9047,2026-04-20T16:22:55Z,2026-04-20T16:59:59.974000Z,l2_obs_time_utc,2224.974,2224.974,30.0,30.0,1800.0,3600.0,1859.087,3776.567,80.0,50.0,90.03,60.03,OBJ_MP_1399_0256.fits,/raw1/20260420/OBJ/OBJ_MP_1399_0256.fits,0256,36256,matched,OBJ_MP_1399_0256_cat.fits.gz,/processed1/20260420/L2/OBJ_MP_1399_0256_cat.fits.gz,35586,888.0504,26.4996,19.7927,20.5,3.0594,2.6485,26.8506,0.036,0.0,14031.0,2865.0,2832.0,438.0,1262.0,0.1443495011655621,111.4083194136524,189.08065890757655,5.047656081750896,near_sun_solar_separation_sort_overwritten_by_ra_sort;scheduler_history_ingestion_stalled_after_20260330_server_audit,a6a11f498afd43f99b5add50f0c61e7005c7dcbcab19c1c7b4ab62776daf32bc
20260420,True,True,True,False,1663,20260420:1663:0003,matched,monotonic_minimum_total_absolute_time_residual,normal,3,3,197,9048,2026-04-20T16:24:15Z,2026-04-20T17:01:23.982000Z,l2_obs_time_utc,2228.982,2228.982,30.0,30.0,1800.0,3600.0,1858.711,3776.468,80.0,50.0,84.008,54.007999999999996,OBJ_MP_1663_0257.fits,/raw1/20260420/OBJ/OBJ_MP_1663_0257.fits,0257,36340,matched,OBJ_MP_1663_0257_cat.fits.gz,/processed1/20260420/L2/OBJ_MP_1663_0257_cat.fits.gz,35670,806.0607,25.0581,19.9309,20.62,2.9052,2.5152,26.8838,0.0343,0.0,14118.0,2699.0,2654.0,421.0,1043.0,0.1444274656786036,108.53682941858112,189.32310662590973,10.780839061585123,near_sun_solar_separation_sort_overwritten_by_ra_sort;scheduler_history_ingestion_stalled_after_20260330_server_audit,a6a11f498afd43f99b5add50f0c61e7005c7dcbcab19c1c7b4ab62776daf32bc
20260420,True,True,False,False,1801,20260420:1801:plan:0000,planned_not_acquired,monotonic_minimum_total_absolute_time_residual,normal,4,1,198,9049,2026-04-20T16:25:35Z,,,,,30.0,,,0.0,,,80.0,50.0,,,,,,,not_applicable,,,,,,,,,,,,,,,,,,0.14450544684647815,129.57784837959971,211.2398896898021,4.6522860440999665,near_sun_solar_separation_sort_overwritten_by_ra_sort;scheduler_history_ingestion_stalled_after_20260330_server_audit,a6a11f498afd43f99b5add50f0c61e7005c7dcbcab19c1c7b4ab62776daf32bc
20260420,True,True,True,False,1408,20260420:1408:0001,matched,monotonic_minimum_total_absolute_time_residual,normal,4,1,199,9050,2026-04-20T16:26:55Z,2026-04-20T17:04:43.114000Z,l2_obs_time_utc,2268.114,2268.114,30.0,30.0,,0.0,,0.0,80.0,50.0,89.58,59.58,OBJ_MP_1408_0259.fits,/raw1/20260420/OBJ/OBJ_MP_1408_0259.fits,0259,36257,matched,OBJ_MP_1408_0259_cat.fits.gz,/processed1/20260420/L2/OBJ_MP_1408_0259_cat.fits.gz,35587,911.4297,26.7582,19.7592,20.43,3.2258,2.7924,26.8452,0.0334,0.0,19664.0,3567.0,3868.0,686.0,1829.0,0.14458344466770184,134.97436655060332,211.40304767922993,-3.9691679898971914,near_sun_solar_separation_sort_overwritten_by_ra_sort;scheduler_history_ingestion_stalled_after_20260330_server_audit,a6a11f498afd43f99b5add50f0c61e7005c7dcbcab19c1c7b4ab62776daf32bc
20260420,True,True,False,False,1672,20260420:1672:plan:0000,planned_not_acquired,monotonic_minimum_total_absolute_time_residual,normal,4,1,200,9051,2026-04-20T16:28:15Z,,,,,30.0,,,0.0,,,80.0,50.0,,,,,,,not_applicable,,,,,,,,,,,,,,,,,,0.14466145912266237,131.8554557295136,211.71188764427023,1.618417872987434,near_sun_solar_separation_sort_overwritten_by_ra_sort;scheduler_history_ingestion_stalled_after_20260330_server_audit,a6a11f498afd43f99b5add50f0c61e7005c7dcbcab19c1c7b4ab62776daf32bc
20260420,True,True,True,False,1541,20260420:1541:0001,matched,monotonic_minimum_total_absolute_time_residual,normal,4,1,201,9052,2026-04-20T16:29:35Z,2026-04-20T17:07:21.546000Z,l2_obs_time_utc,2266.546,2266.546,30.0,30.0,,0.0,,0.0,80.0,50.0,75.709,45.709,OBJ_MP_1541_0261.fits,/raw1/20260420/OBJ/OBJ_MP_1541_0261.fits,0261,36302,matched,OBJ_MP_1541_0261_cat.fits.gz,/processed1/20260420/L2/OBJ_MP_1541_0261_cat.fits.gz,35632,843.4907,25.9133,19.8664,20.45,3.3081,2.8637,26.8683,0.0309,0.0,19436.0,3279.0,3786.0,649.0,1734.0,0.14473949022027383,134.50057502053832,212.60191056852602,-1.5581127712648366,near_sun_solar_separation_sort_overwritten_by_ra_sort;scheduler_history_ingestion_stalled_after_20260330_server_audit,a6a11f498afd43f99b5add50f0c61e7005c7dcbcab19c1c7b4ab62776daf32bc
20260420,True,True,True,False,1275,20260420:1275:0001,matched,monotonic_minimum_total_absolute_time_residual,normal,4,1,202,9053,2026-04-20T16:30:55Z,2026-04-20T17:08:45.223000Z,l2_obs_time_utc,2270.223,2270.223,30.0,30.0,,0.0,,0.0,80.0,50.0,83.677,53.67700000000001,OBJ_MP_1275_0262.fits,/raw1/20260420/OBJ/OBJ_MP_1275_0262.fits,0262,36212,matched,OBJ_MP_1275_0262_cat.fits.gz,/processed1/20260420/L2/OBJ_MP_1275_0262_cat.fits.gz,35542,937.3719,26.9956,19.7242,20.4,3.2755,2.8353,26.8406,0.0334,0.0,21642.0,4006.0,4122.0,723.0,2019.0,0.1448175379474938,138.30105004063336,213.15964355154716,-7.441794470313718,near_sun_solar_separation_sort_overwritten_by_ra_sort;scheduler_history_ingestion_stalled_after_20260330_server_audit,a6a11f498afd43f99b5add50f0c61e7005c7dcbcab19c1c7b4ab62776daf32bc
20260420,True,True,False,False,1802,20260420:1802:plan:0000,planned_not_acquired,monotonic_minimum_total_absolute_time_residual,normal,4,1,203,9054,2026-04-20T16:32:15Z,,,,,30.0,,,0.0,,,80.0,50.0,,,,,,,not_applicable,,,,,,,,,,,,,,,,,,0.14489560230123455,132.00526772436774,213.75095301775676,3.7182081355361936,near_sun_solar_separation_sort_overwritten_by_ra_sort;scheduler_history_ingestion_stalled_after_20260330_server_audit,a6a11f498afd43f99b5add50f0c61e7005c7dcbcab19c1c7b4ab62776daf32bc
20260420,True,True,True,False,1409,20260420:1409:0001,matched,monotonic_minimum_total_absolute_time_residual,normal,4,1,204,9055,2026-04-20T16:33:35Z,2026-04-20T17:11:51.182000Z,l2_obs_time_utc,2296.182,2296.182,30.0,30.0,,0.0,,0.0,80.0,50.0,90.848,60.848,OBJ_MP_1409_0264.fits,/raw1/20260420/OBJ/OBJ_MP_1409_0264.fits,0264,36263,matched,OBJ_MP_1409_0264_cat.fits.gz,/processed1/20260420/L2/OBJ_MP_1409_0264_cat.fits.gz,35593,881.0924,26.6292,19.815,20.45,3.2373,2.8023,26.8642,0.0318,0.0,22187.0,4212.0,4172.0,678.0,1881.0,0.14497368328292182,137.4769658684276,213.92583110329812,-4.873509254770945,near_sun_solar_separation_sort_overwritten_by_ra_sort;scheduler_history_ingestion_stalled_after_20260330_server_audit,a6a11f498afd43f99b5add50f0c61e7005c7dcbcab19c1c7b4ab62776daf32bc
20260420,True,True,False,False,1673,20260420:1673:plan:0000,planned_not_acquired,monotonic_minimum_total_absolute_time_residual,normal,4,1,205,9056,2026-04-20T16:34:55Z,,,,,30.0,,,0.0,,,80.0,50.0,,,,,,,not_applicable,,,,,,,,,,,,,,,,,,0.1450517808728835,134.30344739531608,214.22283979422,0.7007660047076938,near_sun_solar_separation_sort_overwritten_by_ra_sort;scheduler_history_ingestion_stalled_after_20260330_server_audit,a6a11f498afd43f99b5add50f0c61e7005c7dcbcab19c1c7b4ab62776daf32bc
20260420,True,True,True,False,1542,20260420:1542:0001,matched,monotonic_minimum_total_absolute_time_residual,normal,4,1,206,9057,2026-04-20T16:36:15Z,2026-04-20T17:14:28.330000Z,l2_obs_time_utc,2293.33,2293.33,30.0,30.0,,0.0,,0.0,80.0,50.0,74.653,44.653000000000006,OBJ_MP_1542_0266.fits,/raw1/20260420/OBJ/OBJ_MP_1542_0266.fits,0266,36308,matched,OBJ_MP_1542_0266_cat.fits.gz,/processed1/20260420/L2/OBJ_MP_1542_0266_cat.fits.gz,35638,829.4478,25.458,19.8894,20.52,3.1293,2.7089,26.8732,0.0321,0.0,21176.0,4070.0,4053.0,639.0,1708.0,0.14512989508087504,136.96861744069926,215.12060536546414,-2.457204555381106,near_sun_solar_separation_sort_overwritten_by_ra_sort;scheduler_history_ingestion_stalled_after_20260330_server_audit,a6a11f498afd43f99b5add50f0c61e7005c7dcbcab19c1c7b4ab62776daf32bc
20260420,True,True,True,False,1276,20260420:1276:0001,matched,monotonic_minimum_total_absolute_time_residual,normal,4,1,207,9058,2026-04-20T16:37:35Z,2026-04-20T17:15:52.108000Z,l2_obs_time_utc,2297.108,2297.108,30.0,30.0,,0.0,,0.0,80.0,50.0,83.778,53.778000000000006,OBJ_MP_1276_0267.fits,/raw1/20260420/OBJ/OBJ_MP_1276_0267.fits,0267,36218,matched,OBJ_MP_1276_0267_cat.fits.gz,/processed1/20260420/L2/OBJ_MP_1276_0267_cat.fits.gz,35548,952.73,27.2786,19.7161,20.37,3.3613,2.9094,26.8499,0.0348,0.0,23529.0,4548.0,4479.0,825.0,2301.0,0.14520802589568227,140.8223455859777,215.70725519534972,-8.322811925131921,near_sun_solar_separation_sort_overwritten_by_ra_sort;scheduler_history_ingestion_stalled_after_20260330_server_audit,a6a11f498afd43f99b5add50f0c61e7005c7dcbcab19c1c7b4ab62776daf32bc
20260420,True,True,False,False,1803,20260420:1803:plan:0000,planned_not_acquired,monotonic_minimum_total_absolute_time_residual,normal,4,1,208,9059,2026-04-20T16:38:55Z,,,,,30.0,,,0.0,,,80.0,50.0,,,,,,,not_applicable,,,,,,,,,,,,,,,,,,0.1452861733093193,134.4057913661541,216.26930611071086,2.8111307926507645,near_sun_solar_separation_sort_overwritten_by_ra_sort;scheduler_history_ingestion_stalled_after_20260330_server_audit,a6a11f498afd43f99b5add50f0c61e7005c7dcbcab19c1c7b4ab62776daf32bc
20260420,True,True,True,False,1410,20260420:1410:0001,matched,monotonic_minimum_total_absolute_time_residual,normal,4,1,209,9060,2026-04-20T16:40:15Z,2026-04-20T17:18:55.248000Z,l2_obs_time_utc,2320.248,2320.248,30.0,30.0,,0.0,,0.0,80.0,50.0,89.777,59.777,OBJ_MP_1410_0269.fits,/raw1/20260420/OBJ/OBJ_MP_1410_0269.fits,0269,36269,matched,OBJ_MP_1410_0269_cat.fits.gz,/processed1/20260420/L2/OBJ_MP_1410_0269_cat.fits.gz,35599,909.2171,26.4623,19.7856,20.44,3.2614,2.8231,26.8689,0.0319,0.0,23289.0,3941.0,4391.0,809.0,2120.0,0.14536433731683096,139.96561313122405,216.46135051205002,-5.751386542041468,near_sun_solar_separation_sort_overwritten_by_ra_sort;scheduler_history_ingestion_stalled_after_20260330_server_audit,a6a11f498afd43f99b5add50f0c61e7005c7dcbcab19c1c7b4ab62776daf32bc
20260420,True,True,False,False,1674,20260420:1674:plan:0000,planned_not_acquired,monotonic_minimum_total_absolute_time_residual,normal,4,1,210,9061,2026-04-20T16:41:35Z,,,,,30.0,,,0.0,,,80.0,50.0,,,,,,,not_applicable,,,,,,,,,,,,,,,,,,0.14544251792151963,136.72817860672217,216.74300353407423,-0.18988132052024426,near_sun_solar_separation_sort_overwritten_by_ra_sort;scheduler_history_ingestion_stalled_after_20260330_server_audit,a6a11f498afd43f99b5add50f0c61e7005c7dcbcab19c1c7b4ab62776daf32bc
20260420,True,True,False,False,1543,20260420:1543:plan:0000,planned_not_acquired,monotonic_minimum_total_absolute_time_residual,normal,4,1,211,9062,2026-04-20T16:42:55Z,,,,,30.0,,,0.0,,,80.0,50.0,,,,,,,not_applicable,,,,,,,,,,,,,,,,,,0.14552071511572506,139.41673398789902,217.6506059270272,-3.328855105387527,near_sun_solar_separation_sort_overwritten_by_ra_sort;scheduler_history_ingestion_stalled_after_20260330_server_audit,a6a11f498afd43f99b5add50f0c61e7005c7dcbcab19c1c7b4ab62776daf32bc
20260420,True,True,True,False,1277,20260420:1277:0001,matched,monotonic_minimum_total_absolute_time_residual,normal,4,1,212,9063,2026-04-20T16:44:15Z,2026-04-20T17:22:59.218000Z,l2_obs_time_utc,2324.218,2324.218,30.0,30.0,,0.0,,0.0,80.0,50.0,84.037,54.037000000000006,OBJ_MP_1277_0272.fits,/raw1/20260420/OBJ/OBJ_MP_1277_0272.fits,0272,36224,matched,OBJ_MP_1277_0272_cat.fits.gz,/processed1/20260420/L2/OBJ_MP_1277_0272_cat.fits.gz,35554,965.6532,27.6001,19.7047,20.25,3.746,3.2425,26.8533,0.038,0.0,22920.0,4391.0,4507.0,916.0,2145.0,0.1455989288833769,143.33266521303196,218.27015054001185,-9.176026094429773,near_sun_solar_separation_sort_overwritten_by_ra_sort;scheduler_history_ingestion_stalled_after_20260330_server_audit,a6a11f498afd43f99b5add50f0c61e7005c7dcbcab19c1c7b4ab62776daf32bc
20260420,True,True,False,False,1804,20260420:1804:plan:0000,planned_not_acquired,monotonic_minimum_total_absolute_time_residual,normal,4,1,213,9064,2026-04-20T16:45:35Z,,,,,30.0,,,0.0,,,80.0,50.0,,,,,,,not_applicable,,,,,,,,,,,,,,,,,,0.14567715923279273,136.77492719158147,218.79594846736506,1.9328928927293747,near_sun_solar_separation_sort_overwritten_by_ra_sort;scheduler_history_ingestion_stalled_after_20260330_server_audit,a6a11f498afd43f99b5add50f0c61e7005c7dcbcab19c1c7b4ab62776daf32bc
20260420,True,True,True,False,1411,20260420:1411:0001,matched,monotonic_minimum_total_absolute_time_residual,normal,4,1,214,9065,2026-04-20T16:46:55Z,2026-04-20T17:26:02.085000Z,l2_obs_time_utc,2347.085,2347.085,30.0,30.0,,0.0,,0.0,80.0,50.0,88.786,58.786,OBJ_MP_1411_0274.fits,/raw1/20260420/OBJ/OBJ_MP_1411_0274.fits,0274,36275,matched,OBJ_MP_1411_0274_cat.fits.gz,/processed1/20260420/L2/OBJ_MP_1411_0274_cat.fits.gz,35605,910.4558,26.5535,19.7839,20.34,3.5631,3.0843,26.8686,0.0333,0.0,22267.0,4489.0,4488.0,935.0,2424.0,0.14575540615428279,142.43761455786006,219.01043996290468,-6.6009385878311715,near_sun_solar_separation_sort_overwritten_by_ra_sort;scheduler_history_ingestion_stalled_after_20260330_server_audit,a6a11f498afd43f99b5add50f0c61e7005c7dcbcab19c1c7b4ab62776daf32bc
20260420,True,True,False,False,1675,20260420:1675:plan:0000,planned_not_acquired,monotonic_minimum_total_absolute_time_residual,normal,4,1,215,9066,2026-04-20T16:48:15Z,,,,,30.0,,,0.0,,,80.0,50.0,,,,,,,not_applicable,,,,,,,,,,,,,,,,,,0.14583366963963645,139.12553926221426,219.27328968641064,-1.0516938208366535,near_sun_solar_separation_sort_overwritten_by_ra_sort;scheduler_history_ingestion_stalled_after_20260330_server_audit,a6a11f498afd43f99b5add50f0c61e7005c7dcbcab19c1c7b4ab62776daf32bc
20260420,True,True,False,False,1544,20260420:1544:plan:0000,planned_not_acquired,monotonic_minimum_total_absolute_time_residual,normal,4,1,216,9067,2026-04-20T16:49:35Z,,,,,30.0,,,0.0,,,80.0,50.0,,,,,,,not_applicable,,,,,,,,,,,,,,,,,,0.1459119496882899,141.84115031782503,220.19272713947205,-4.171233588413453,near_sun_solar_separation_sort_overwritten_by_ra_sort;scheduler_history_ingestion_stalled_after_20260330_server_audit,a6a11f498afd43f99b5add50f0c61e7005c7dcbcab19c1c7b4ab62776daf32bc
20260420,True,True,True,False,1278,20260420:1278:0001,matched,monotonic_minimum_total_absolute_time_residual,normal,4,1,217,9068,2026-04-20T16:50:55Z,2026-04-20T17:30:02.918000Z,l2_obs_time_utc,2347.918,2347.918,30.0,30.0,,0.0,,0.0,80.0,50.0,82.771,52.771,OBJ_MP_1278_0277.fits,/raw1/20260420/OBJ/OBJ_MP_1278_0277.fits,0277,36230,matched,OBJ_MP_1278_0277_cat.fits.gz,/processed1/20260420/L2/OBJ_MP_1278_0277_cat.fits.gz,35560,999.6964,27.8752,19.6678,20.28,3.6202,3.1334,26.8539,0.0386,0.0,24696.0,4460.0,4790.0,1077.0,2178.0,0.14599024629308366,145.8296837068592,220.84904445471855,-9.999554519524446,near_sun_solar_separation_sort_overwritten_by_ra_sort;scheduler_history_ingestion_stalled_after_20260330_server_audit,a6a11f498afd43f99b5add50f0c61e7005c7dcbcab19c1c7b4ab62776daf32bc
20260420,True,True,False,False,1805,20260420:1805:plan:0000,planned_not_acquired,monotonic_minimum_total_absolute_time_residual,normal,4,1,218,9069,2026-04-20T16:52:15Z,,,,,30.0,,,0.0,,,80.0,50.0,,,,,,,not_applicable,,,,,,,,,,,,,,,,,,0.14606855944994906,139.10721426733724,221.33175309737288,1.0853050757738696,near_sun_solar_separation_sort_overwritten_by_ra_sort;scheduler_history_ingestion_stalled_after_20260330_server_audit,a6a11f498afd43f99b5add50f0c61e7005c7dcbcab19c1c7b4ab62776daf32bc
20260420,True,True,True,False,1412,20260420:1412:0001,matched,monotonic_minimum_total_absolute_time_residual,normal,4,1,219,9070,2026-04-20T16:53:35Z,2026-04-20T17:33:07.074000Z,l2_obs_time_utc,2372.074,2372.074,30.0,30.0,,0.0,,0.0,80.0,50.0,89.517,59.516999999999996,OBJ_MP_1412_0279.fits,/raw1/20260420/OBJ/OBJ_MP_1412_0279.fits,0279,36281,matched,OBJ_MP_1412_0279_cat.fits.gz,/processed1/20260420/L2/OBJ_MP_1412_0279_cat.fits.gz,35611,966.7401,27.4,19.7137,20.24,3.8283,3.3137,26.8634,0.0338,0.0,24364.0,4404.0,4663.0,1005.0,2506.0,0.14614688914740148,144.88953692484282,221.5738057129596,-7.420324184039061,near_sun_solar_separation_sort_overwritten_by_ra_sort;scheduler_history_ingestion_stalled_after_20260330_server_audit,a6a11f498afd43f99b5add50f0c61e7005c7dcbcab19c1c7b4ab62776daf32bc
20260420,True,True,True,False,1801,20260420:1801:0001,matched,monotonic_minimum_total_absolute_time_residual,normal,4,2,220,9071,2026-04-20T16:55:35Z,2026-04-20T17:03:13.534000Z,l2_obs_time_utc,458.534,458.534,30.0,30.0,1800.0,1800.0,,0.0,120.0,90.0,109.552,79.552,OBJ_MP_1801_0258.fits,/raw1/20260420/OBJ/OBJ_MP_1801_0258.fits,0258,36381,matched,OBJ_MP_1801_0258_cat.fits.gz,/processed1/20260420/L2/OBJ_MP_1801_0258_cat.fits.gz,35711,766.3683,25.0925,19.999,20.6,3.0344,2.627,26.8969,0.0344,0.0,18608.0,3232.0,3655.0,589.0,1748.0,0.14626441472289464,129.24777461572035,211.2398896898021,4.6522860440999665,near_sun_solar_separation_sort_overwritten_by_ra_sort;scheduler_history_ingestion_stalled_after_20260330_server_audit,a6a11f498afd43f99b5add50f0c61e7005c7dcbcab19c1c7b4ab62776daf32bc
20260420,True,True,True,False,1408,20260420:1408:0002,matched,monotonic_minimum_total_absolute_time_residual,normal,4,2,221,9072,2026-04-20T16:56:55Z,2026-04-20T17:36:12.410000Z,l2_obs_time_utc,2357.41,2357.41,30.0,30.0,1800.0,1800.0,1889.296,1889.296,80.0,50.0,89.575,59.575,OBJ_MP_1408_0281.fits,/raw1/20260420/OBJ/OBJ_MP_1408_0281.fits,0281,36258,matched,OBJ_MP_1408_0281_cat.fits.gz,/processed1/20260420/L2/OBJ_MP_1408_0281_cat.fits.gz,35588,925.3918,26.8618,19.7631,20.37,3.4623,2.9971,26.8655,0.0322,0.0,19110.0,3874.0,3845.0,682.0,1881.0,0.14634278576554127,134.6167580994764,211.40304767922993,-3.9691679898971914,near_sun_solar_separation_sort_overwritten_by_ra_sort;scheduler_history_ingestion_stalled_after_20260330_server_audit,a6a11f498afd43f99b5add50f0c61e7005c7dcbcab19c1c7b4ab62776daf32bc
20260420,True,True,True,False,1672,20260420:1672:0001,matched,monotonic_minimum_total_absolute_time_residual,normal,4,2,222,9073,2026-04-20T16:58:15Z,2026-04-20T17:06:05.837000Z,l2_obs_time_utc,470.837,470.837,30.0,30.0,1800.0,1800.0,,0.0,80.0,50.0,82.723,52.723,OBJ_MP_1672_0260.fits,/raw1/20260420/OBJ/OBJ_MP_1672_0260.fits,0260,36341,matched,OBJ_MP_1672_0260_cat.fits.gz,/processed1/20260420/L2/OBJ_MP_1672_0260_cat.fits.gz,35671,792.2462,25.1594,19.9473,20.56,3.0774,2.6641,26.8813,0.0325,0.0,18816.0,3502.0,3709.0,612.0,1708.0,0.1464211733347358,131.51570247944127,211.71188764427023,1.618417872987434,near_sun_solar_separation_sort_overwritten_by_ra_sort;scheduler_history_ingestion_stalled_after_20260330_server_audit,a6a11f498afd43f99b5add50f0c61e7005c7dcbcab19c1c7b4ab62776daf32bc
20260420,True,True,True,False,1541,20260420:1541:0002,matched,monotonic_minimum_total_absolute_time_residual,normal,4,2,223,9074,2026-04-20T16:59:35Z,2026-04-20T17:38:52.158000Z,l2_obs_time_utc,2357.158,2357.158,30.0,30.0,1800.0,1800.0,1890.612,1890.612,80.0,50.0,75.936,45.93600000000001,OBJ_MP_1541_0283.fits,/raw1/20260420/OBJ/OBJ_MP_1541_0283.fits,0283,36303,matched,OBJ_MP_1541_0283_cat.fits.gz,/processed1/20260420/L2/OBJ_MP_1541_0283_cat.fits.gz,35633,902.3912,26.9442,19.7993,20.46,3.2251,2.7918,26.8745,0.0302,0.0,18975.0,3249.0,3753.0,655.0,1709.0,0.14649957743265496,134.15228291454724,212.60191056852602,-1.5581127712648366,near_sun_solar_separation_sort_overwritten_by_ra_sort;scheduler_history_ingestion_stalled_after_20260330_server_audit,a6a11f498afd43f99b5add50f0c61e7005c7dcbcab19c1c7b4ab62776daf32bc
20260420,True,True,True,False,1275,20260420:1275:0002,matched,monotonic_minimum_total_absolute_time_residual,normal,4,2,224,9075,2026-04-20T17:00:55Z,2026-04-20T17:40:16.430000Z,l2_obs_time_utc,2361.43,2361.43,30.0,30.0,1800.0,1800.0,1891.207,1891.207,80.0,50.0,84.272,54.272000000000006,OBJ_MP_1275_0284.fits,/raw1/20260420/OBJ/OBJ_MP_1275_0284.fits,0284,36213,matched,OBJ_MP_1275_0284_cat.fits.gz,/processed1/20260420/L2/OBJ_MP_1275_0284_cat.fits.gz,35543,986.7906,27.4236,19.6716,20.34,3.4085,2.9503,26.8437,0.0345,0.0,21040.0,4106.0,4094.0,732.0,1995.0,0.14657799804883642,137.9357085294057,213.15964355154716,-7.441794470313718,near_sun_solar_separation_sort_overwritten_by_ra_sort;scheduler_history_ingestion_stalled_after_20260330_server_audit,a6a11f498afd43f99b5add50f0c61e7005c7dcbcab19c1c7b4ab62776daf32bc
20260420,True,True,True,False,1802,20260420:1802:0001,matched,monotonic_minimum_total_absolute_time_residual,normal,4,2,225,9076,2026-04-20T17:02:15Z,2026-04-20T17:10:20.334000Z,l2_obs_time_utc,485.334,485.334,30.0,30.0,1800.0,1800.0,,0.0,80.0,50.0,95.111,65.111,OBJ_MP_1802_0263.fits,/raw1/20260420/OBJ/OBJ_MP_1802_0263.fits,0263,36388,matched,OBJ_MP_1802_0263_cat.fits.gz,/processed1/20260420/L2/OBJ_MP_1802_0263_cat.fits.gz,35718,752.2505,24.8394,20.0295,20.62,3.0174,2.6122,26.9073,0.0328,0.0,19536.0,3795.0,3750.0,578.0,1817.0,0.1466564351810133,131.6775680525562,213.75095301775676,3.7182081355361936,near_sun_solar_separation_sort_overwritten_by_ra_sort;scheduler_history_ingestion_stalled_after_20260330_server_audit,a6a11f498afd43f99b5add50f0c61e7005c7dcbcab19c1c7b4ab62776daf32bc
20260420,True,True,True,False,1409,20260420:1409:0002,matched,monotonic_minimum_total_absolute_time_residual,normal,4,2,226,9077,2026-04-20T17:03:35Z,2026-04-20T17:43:21.981000Z,l2_obs_time_utc,2386.981,2386.981,30.0,30.0,1800.0,1800.0,1890.799,1890.799,80.0,50.0,90.114,60.114000000000004,OBJ_MP_1409_0286.fits,/raw1/20260420/OBJ/OBJ_MP_1409_0286.fits,0286,36264,matched,OBJ_MP_1409_0286_cat.fits.gz,/processed1/20260420/L2/OBJ_MP_1409_0286_cat.fits.gz,35594,960.8469,27.8883,19.716,20.35,3.4502,2.9867,26.8593,0.0326,0.0,20354.0,3970.0,3931.0,700.0,1794.0,0.14673488881622504,137.1200011197089,213.92583110329812,-4.873509254770945,near_sun_solar_separation_sort_overwritten_by_ra_sort;scheduler_history_ingestion_stalled_after_20260330_server_audit,a6a11f498afd43f99b5add50f0c61e7005c7dcbcab19c1c7b4ab62776daf32bc
20260420,True,True,True,False,1673,20260420:1673:0001,matched,monotonic_minimum_total_absolute_time_residual,normal,4,2,227,9078,2026-04-20T17:04:55Z,2026-04-20T17:13:13.677000Z,l2_obs_time_utc,498.677,498.677,30.0,30.0,1800.0,1800.0,,0.0,80.0,50.0,82.495,52.495000000000005,OBJ_MP_1673_0265.fits,/raw1/20260420/OBJ/OBJ_MP_1673_0265.fits,0265,36348,matched,OBJ_MP_1673_0265_cat.fits.gz,/processed1/20260420/L2/OBJ_MP_1673_0265_cat.fits.gz,35678,775.2607,24.6671,19.9791,20.52,3.2372,2.8024,26.8895,0.0328,0.0,20901.0,3851.0,3924.0,606.0,1772.0,0.14681335895989822,133.96562930197308,214.22283979422,0.7007660047076938,near_sun_solar_separation_sort_overwritten_by_ra_sort;scheduler_history_ingestion_stalled_after_20260330_server_audit,a6a11f498afd43f99b5add50f0c61e7005c7dcbcab19c1c7b4ab62776daf32bc
20260420,True,True,True,False,1542,20260420:1542:0002,matched,monotonic_minimum_total_absolute_time_residual,normal,4,2,228,9079,2026-04-20T17:06:15Z,2026-04-20T17:45:59.329000Z,l2_obs_time_utc,2384.329,2384.329,30.0,30.0,1800.0,1800.0,1890.999,1890.999,80.0,50.0,74.501,44.501000000000005,OBJ_MP_1542_0288.fits,/raw1/20260420/OBJ/OBJ_MP_1542_0288.fits,0288,36309,matched,OBJ_MP_1542_0288_cat.fits.gz,/processed1/20260420/L2/OBJ_MP_1542_0288_cat.fits.gz,35639,917.6074,26.4693,19.7734,20.32,3.6233,3.1365,26.8668,0.0316,0.0,19097.0,3834.0,3825.0,668.0,1807.0,0.14689184559527263,136.62183896272197,215.12060536546414,-2.457204555381106,near_sun_solar_separation_sort_overwritten_by_ra_sort;scheduler_history_ingestion_stalled_after_20260330_server_audit,a6a11f498afd43f99b5add50f0c61e7005c7dcbcab19c1c7b4ab62776daf32bc
20260420,True,True,True,False,1276,20260420:1276:0002,matched,monotonic_minimum_total_absolute_time_residual,normal,4,2,229,9080,2026-04-20T17:07:35Z,2026-04-20T17:47:23.483000Z,l2_obs_time_utc,2388.483,2388.483,30.0,30.0,1800.0,1800.0,1891.375,1891.375,80.0,50.0,84.154,54.153999999999996,OBJ_MP_1276_0289.fits,/raw1/20260420/OBJ/OBJ_MP_1276_0289.fits,0289,36219,matched,OBJ_MP_1276_0289_cat.fits.gz,/processed1/20260420/L2/OBJ_MP_1276_0289_cat.fits.gz,35549,1049.4131,28.2146,19.6012,20.21,3.7662,3.2598,26.84,0.0361,0.0,21145.0,4049.0,4231.0,860.0,2102.0,0.14697034873033915,140.45726297854424,215.70725519534972,-8.322811925131921,near_sun_solar_separation_sort_overwritten_by_ra_sort;scheduler_history_ingestion_stalled_after_20260330_server_audit,a6a11f498afd43f99b5add50f0c61e7005c7dcbcab19c1c7b4ab62776daf32bc
20260420,True,True,True,False,1803,20260420:1803:0001,matched,monotonic_minimum_total_absolute_time_residual,normal,4,2,230,9081,2026-04-20T17:08:55Z,2026-04-20T17:17:25.471000Z,l2_obs_time_utc,510.471,510.471,30.0,30.0,1800.0,1800.0,,0.0,80.0,50.0,93.363,63.363,OBJ_MP_1803_0268.fits,/raw1/20260420/OBJ/OBJ_MP_1803_0268.fits,0268,36395,matched,OBJ_MP_1803_0268_cat.fits.gz,/processed1/20260420/L2/OBJ_MP_1803_0268_cat.fits.gz,35725,743.9205,24.6071,20.0374,20.6,3.0738,2.6609,26.903,0.0313,0.0,20683.0,3981.0,3958.0,607.0,1737.0,0.14704886834773695,134.08115627737774,216.26930611071086,2.8111307926507645,near_sun_solar_separation_sort_overwritten_by_ra_sort;scheduler_history_ingestion_stalled_after_20260330_server_audit,a6a11f498afd43f99b5add50f0c61e7005c7dcbcab19c1c7b4ab62776daf32bc
20260420,True,True,True,False,1410,20260420:1410:0002,matched,monotonic_minimum_total_absolute_time_residual,normal,4,2,231,9082,2026-04-20T17:10:15Z,2026-04-20T17:50:27.767000Z,l2_obs_time_utc,2412.767,2412.767,30.0,30.0,1800.0,1800.0,1892.519,1892.519,80.0,50.0,89.709,59.709,OBJ_MP_1410_0291.fits,/raw1/20260420/OBJ/OBJ_MP_1410_0291.fits,0291,36270,matched,OBJ_MP_1410_0291_cat.fits.gz,/processed1/20260420/L2/OBJ_MP_1410_0291_cat.fits.gz,35600,982.3618,27.5149,19.6828,20.24,3.759,3.2537,26.8501,0.0321,0.0,20630.0,3663.0,4091.0,828.0,2055.0,0.1471274044529125,139.60975049005435,216.46135051205002,-5.751386542041468,near_sun_solar_separation_sort_overwritten_by_ra_sort;scheduler_history_ingestion_stalled_after_20260330_server_audit,a6a11f498afd43f99b5add50f0c61e7005c7dcbcab19c1c7b4ab62776daf32bc
20260420,True,True,True,False,1674,20260420:1674:0001,matched,monotonic_minimum_total_absolute_time_residual,normal,4,2,232,9083,2026-04-20T17:11:35Z,2026-04-20T17:20:19.072000Z,l2_obs_time_utc,524.072,524.072,30.0,30.0,1800.0,1800.0,,0.0,80.0,50.0,83.824,53.824,OBJ_MP_1674_0270.fits,/raw1/20260420/OBJ/OBJ_MP_1674_0270.fits,0270,36355,matched,OBJ_MP_1674_0270_cat.fits.gz,/processed1/20260420/L2/OBJ_MP_1674_0270_cat.fits.gz,35685,815.1205,25.5152,19.9284,20.41,3.5472,3.0707,26.8932,0.0342,0.0,21070.0,3998.0,4025.0,668.0,1815.0,0.14720595703313916,136.3929411200102,216.74300353407423,-0.18988132052024426,near_sun_solar_separation_sort_overwritten_by_ra_sort;scheduler_history_ingestion_stalled_after_20260330_server_audit,a6a11f498afd43f99b5add50f0c61e7005c7dcbcab19c1c7b4ab62776daf32bc
20260420,True,True,True,False,1543,20260420:1543:0001,matched,monotonic_minimum_total_absolute_time_residual,normal,4,2,233,9084,2026-04-20T17:12:55Z,2026-04-20T17:21:35.181000Z,l2_obs_time_utc,520.181,520.181,30.0,30.0,1800.0,1800.0,,0.0,80.0,50.0,76.109,46.108999999999995,OBJ_MP_1543_0271.fits,/raw1/20260420/OBJ/OBJ_MP_1543_0271.fits,0271,36314,matched,OBJ_MP_1543_0271_cat.fits.gz,/processed1/20260420/L2/OBJ_MP_1543_0271_cat.fits.gz,35644,854.932,26.0174,19.872,20.42,3.444,2.9813,26.8886,0.0356,0.0,20723.0,4097.0,4041.0,816.0,1839.0,0.14728452608930687,139.07207392173018,217.6506059270272,-3.328855105387527,near_sun_solar_separation_sort_overwritten_by_ra_sort;scheduler_history_ingestion_stalled_after_20260330_server_audit,a6a11f498afd43f99b5add50f0c61e7005c7dcbcab19c1c7b4ab62776daf32bc
20260420,True,True,True,False,1277,20260420:1277:0002,matched,monotonic_minimum_total_absolute_time_residual,normal,4,2,234,9085,2026-04-20T17:14:15Z,2026-04-20T17:54:27.939000Z,l2_obs_time_utc,2412.939,2412.939,30.0,30.0,1800.0,1800.0,1888.721,1888.721,80.0,50.0,82.66,52.66,OBJ_MP_1277_0294.fits,/raw1/20260420/OBJ/OBJ_MP_1277_0294.fits,0294,36225,matched,OBJ_MP_1277_0294_cat.fits.gz,/processed1/20260420/L2/OBJ_MP_1277_0294_cat.fits.gz,35555,1047.0145,28.347,19.5981,20.18,3.8427,3.3262,26.8345,0.0377,0.0,21855.0,4266.0,4370.0,933.0,2187.0,0.14736311160746612,142.96825125765875,218.27015054001185,-9.176026094429773,near_sun_solar_separation_sort_overwritten_by_ra_sort;scheduler_history_ingestion_stalled_after_20260330_server_audit,a6a11f498afd43f99b5add50f0c61e7005c7dcbcab19c1c7b4ab62776daf32bc
20260420,True,True,True,False,1804,20260420:1804:0001,matched,monotonic_minimum_total_absolute_time_residual,normal,4,2,235,9086,2026-04-20T17:15:35Z,2026-04-20T17:24:33.299000Z,l2_obs_time_utc,538.299,538.299,30.0,30.0,1800.0,1800.0,,0.0,80.0,50.0,94.081,64.081,OBJ_MP_1804_0273.fits,/raw1/20260420/OBJ/OBJ_MP_1804_0273.fits,0273,36402,matched,OBJ_MP_1804_0273_cat.fits.gz,/processed1/20260420/L2/OBJ_MP_1804_0273_cat.fits.gz,35732,812.5201,25.3705,19.9418,20.46,3.4247,2.9647,26.9033,0.03,0.0,20687.0,4021.0,3978.0,655.0,1908.0,0.14744171359081198,136.45417777010243,218.79594846736506,1.9328928927293747,near_sun_solar_separation_sort_overwritten_by_ra_sort;scheduler_history_ingestion_stalled_after_20260330_server_audit,a6a11f498afd43f99b5add50f0c61e7005c7dcbcab19c1c7b4ab62776daf32bc
20260420,True,True,True,False,1411,20260420:1411:0002,matched,monotonic_minimum_total_absolute_time_residual,normal,4,2,236,9087,2026-04-20T17:16:55Z,2026-04-20T17:57:31.482000Z,l2_obs_time_utc,2436.482,2436.482,30.0,30.0,1800.0,1800.0,1889.397,1889.397,80.0,50.0,89.966,59.965999999999994,OBJ_MP_1411_0296.fits,/raw1/20260420/OBJ/OBJ_MP_1411_0296.fits,0296,36276,matched,OBJ_MP_1411_0296_cat.fits.gz,/processed1/20260420/L2/OBJ_MP_1411_0296_cat.fits.gz,35606,985.0132,27.367,19.6834,20.34,3.4535,2.9894,26.8537,0.0336,0.0,21950.0,4405.0,4415.0,937.0,1983.0,0.1475203320316007,142.0834156274596,219.01043996290468,-6.6009385878311715,near_sun_solar_separation_sort_overwritten_by_ra_sort;scheduler_history_ingestion_stalled_after_20260330_server_audit,a6a11f498afd43f99b5add50f0c61e7005c7dcbcab19c1c7b4ab62776daf32bc
20260420,True,True,True,False,1675,20260420:1675:0001,matched,monotonic_minimum_total_absolute_time_residual,normal,4,2,237,9088,2026-04-20T17:18:15Z,2026-04-20T17:27:24.617000Z,l2_obs_time_utc,549.617,549.617,30.0,30.0,1800.0,1800.0,,0.0,80.0,50.0,82.532,52.532,OBJ_MP_1675_0275.fits,/raw1/20260420/OBJ/OBJ_MP_1675_0275.fits,0275,36362,matched,OBJ_MP_1675_0275_cat.fits.gz,/processed1/20260420/L2/OBJ_MP_1675_0275_cat.fits.gz,35692,854.3077,25.941,19.8784,20.46,3.3385,2.8901,26.8943,0.0322,0.0,22262.0,4294.0,4249.0,678.0,1724.0,0.14759896693013252,138.79365947551682,219.27328968641064,-1.0516938208366535,near_sun_solar_separation_sort_overwritten_by_ra_sort;scheduler_history_ingestion_stalled_after_20260330_server_audit,a6a11f498afd43f99b5add50f0c61e7005c7dcbcab19c1c7b4ab62776daf32bc
20260420,True,True,True,False,1544,20260420:1544:0001,matched,monotonic_minimum_total_absolute_time_residual,normal,4,2,238,9089,2026-04-20T17:19:35Z,2026-04-20T17:28:40.147000Z,l2_obs_time_utc,545.147,545.147,30.0,30.0,1800.0,1800.0,,0.0,80.0,50.0,75.53,45.53,OBJ_MP_1544_0276.fits,/raw1/20260420/OBJ/OBJ_MP_1544_0276.fits,0276,36321,matched,OBJ_MP_1544_0276_cat.fits.gz,/processed1/20260420/L2/OBJ_MP_1544_0276_cat.fits.gz,35651,887.8658,26.6027,19.8319,20.43,3.3858,2.9306,26.8892,0.0367,0.0,22538.0,3875.0,4350.0,933.0,1958.0,0.14767761827128278,141.49934772064051,220.19272713947205,-4.171233588413453,near_sun_solar_separation_sort_overwritten_by_ra_sort;scheduler_history_ingestion_stalled_after_20260330_server_audit,a6a11f498afd43f99b5add50f0c61e7005c7dcbcab19c1c7b4ab62776daf32bc
20260420,True,True,True,False,1278,20260420:1278:0002,matched,monotonic_minimum_total_absolute_time_residual,normal,4,2,239,9090,2026-04-20T17:20:55Z,2026-04-20T18:01:30.971000Z,l2_obs_time_utc,2435.971,2435.971,30.0,30.0,1800.0,1800.0,1888.053,1888.053,80.0,50.0,82.857,52.857,OBJ_MP_1278_0299.fits,/raw1/20260420/OBJ/OBJ_MP_1278_0299.fits,0299,36231,matched,OBJ_MP_1278_0299_cat.fits.gz,/processed1/20260420/L2/OBJ_MP_1278_0299_cat.fits.gz,35561,1060.314,28.4096,19.58,20.11,4.0768,3.5286,26.83,0.038,0.0,22916.0,4254.0,4567.0,1088.0,2206.0,0.14775628605387658,145.46644929992175,220.84904445471855,-9.999554519524446,near_sun_solar_separation_sort_overwritten_by_ra_sort;scheduler_history_ingestion_stalled_after_20260330_server_audit,a6a11f498afd43f99b5add50f0c61e7005c7dcbcab19c1c7b4ab62776daf32bc
20260420,True,True,True,False,1805,20260420:1805:0001,matched,monotonic_minimum_total_absolute_time_residual,normal,4,2,240,9091,2026-04-20T17:22:15Z,2026-04-20T17:31:37.557000Z,l2_obs_time_utc,562.557,562.557,30.0,30.0,1800.0,1800.0,,0.0,80.0,50.0,94.639,64.639,OBJ_MP_1805_0278.fits,/raw1/20260420/OBJ/OBJ_MP_1805_0278.fits,0278,36409,matched,OBJ_MP_1805_0278_cat.fits.gz,/processed1/20260420/L2/OBJ_MP_1805_0278_cat.fits.gz,35739,829.3828,25.6917,19.924,20.47,3.3867,2.9318,26.9076,0.0337,0.0,21227.0,4200.0,4145.0,752.0,1981.0,0.14783497027097925,138.79133444626552,221.33175309737288,1.0853050757738696,near_sun_solar_separation_sort_overwritten_by_ra_sort;scheduler_history_ingestion_stalled_after_20260330_server_audit,a6a11f498afd43f99b5add50f0c61e7005c7dcbcab19c1c7b4ab62776daf32bc
20260420,True,True,True,False,1412,20260420:1412:0002,matched,monotonic_minimum_total_absolute_time_residual,normal,4,2,241,9092,2026-04-20T17:23:35Z,2026-04-20T18:04:34.749000Z,l2_obs_time_utc,2459.749,2459.749,30.0,30.0,1800.0,1800.0,1887.675,1887.675,80.0,50.0,89.244,59.244,OBJ_MP_1412_0301.fits,/raw1/20260420/OBJ/OBJ_MP_1412_0301.fits,0301,36282,matched,OBJ_MP_1412_0301_cat.fits.gz,/processed1/20260420/L2/OBJ_MP_1412_0301_cat.fits.gz,35612,991.4427,27.484,19.6672,20.25,3.7021,3.2045,26.8444,0.0356,0.0,24064.0,4452.0,4610.0,1023.0,2344.0,0.14791367092872476,144.53770040892257,221.5738057129596,-7.420324184039061,near_sun_solar_separation_sort_overwritten_by_ra_sort;scheduler_history_ingestion_stalled_after_20260330_server_audit,a6a11f498afd43f99b5add50f0c61e7005c7dcbcab19c1c7b4ab62776daf32bc
20260420,True,True,True,False,1801,20260420:1801:0002,matched,monotonic_minimum_total_absolute_time_residual,normal,4,3,242,9093,2026-04-20T17:25:35Z,2026-04-20T17:34:42.835000Z,l2_obs_time_utc,547.835,547.835,30.0,30.0,1800.0,3600.0,1889.301,1889.301,120.0,90.0,95.761,65.761,OBJ_MP_1801_0280.fits,/raw1/20260420/OBJ/OBJ_MP_1801_0280.fits,0280,36382,matched,OBJ_MP_1801_0280_cat.fits.gz,/processed1/20260420/L2/OBJ_MP_1801_0280_cat.fits.gz,35712,852.9084,25.9822,19.8849,20.47,3.3162,2.8709,26.899,0.0346,0.0,17564.0,3113.0,3523.0,591.0,1618.0,0.1480317527060545,128.909129251816,211.2398896898021,4.6522860440999665,near_sun_solar_separation_sort_overwritten_by_ra_sort;scheduler_history_ingestion_stalled_after_20260330_server_audit,a6a11f498afd43f99b5add50f0c61e7005c7dcbcab19c1c7b4ab62776daf32bc
20260420,True,True,True,False,1408,20260420:1408:0003,matched,monotonic_minimum_total_absolute_time_residual,normal,4,3,243,9094,2026-04-20T17:26:55Z,2026-04-20T18:07:39.951000Z,l2_obs_time_utc,2444.951,2444.951,30.0,30.0,1800.0,3600.0,1887.541,3776.837,80.0,50.0,89.707,59.706999999999994,OBJ_MP_1408_0303.fits,/raw1/20260420/OBJ/OBJ_MP_1408_0303.fits,0303,36259,matched,OBJ_MP_1408_0303_cat.fits.gz,/processed1/20260420/L2/OBJ_MP_1408_0303_cat.fits.gz,35589,988.7677,27.597,19.6612,20.22,3.7678,3.2614,26.8356,0.0326,0.0,17752.0,3658.0,3635.0,692.0,1957.0,0.1481104944162605,134.25106654330574,211.40304767922993,-3.9691679898971914,near_sun_solar_separation_sort_overwritten_by_ra_sort;scheduler_history_ingestion_stalled_after_20260330_server_audit,a6a11f498afd43f99b5add50f0c61e7005c7dcbcab19c1c7b4ab62776daf32bc
20260420,True,True,True,False,1672,20260420:1672:0002,matched,monotonic_minimum_total_absolute_time_residual,normal,4,3,244,9095,2026-04-20T17:28:15Z,2026-04-20T17:37:36.222000Z,l2_obs_time_utc,561.222,561.222,30.0,30.0,1800.0,3600.0,1890.385,1890.385,80.0,50.0,83.812,53.812,OBJ_MP_1672_0282.fits,/raw1/20260420/OBJ/OBJ_MP_1672_0282.fits,0282,36342,matched,OBJ_MP_1672_0282_cat.fits.gz,/processed1/20260420/L2/OBJ_MP_1672_0282_cat.fits.gz,35672,872.3841,26.1556,19.8518,20.54,3.0676,2.6556,26.8904,0.034,0.0,18422.0,3411.0,3618.0,616.0,1647.0,0.1481892525406442,131.16755609410797,211.71188764427023,1.618417872987434,near_sun_solar_separation_sort_overwritten_by_ra_sort;scheduler_history_ingestion_stalled_after_20260330_server_audit,a6a11f498afd43f99b5add50f0c61e7005c7dcbcab19c1c7b4ab62776daf32bc
20260420,True,True,True,False,1541,20260420:1541:0003,matched,monotonic_minimum_total_absolute_time_residual,normal,4,3,245,9096,2026-04-20T17:29:35Z,2026-04-20T18:10:19.210000Z,l2_obs_time_utc,2444.21,2444.21,30.0,30.0,1800.0,3600.0,1887.052,3777.664,80.0,50.0,76.464,46.464,OBJ_MP_1541_0305.fits,/raw1/20260420/OBJ/OBJ_MP_1541_0305.fits,0305,36304,matched,OBJ_MP_1541_0305_cat.fits.gz,/processed1/20260420/L2/OBJ_MP_1541_0305_cat.fits.gz,35634,943.7191,26.9949,19.7261,20.27,3.7123,3.2134,26.8499,0.0325,0.0,17778.0,3114.0,3603.0,668.0,1782.0,0.14826802707659303,133.79575835981558,212.60191056852602,-1.5581127712648366,near_sun_solar_separation_sort_overwritten_by_ra_sort;scheduler_history_ingestion_stalled_after_20260330_server_audit,a6a11f498afd43f99b5add50f0c61e7005c7dcbcab19c1c7b4ab62776daf32bc
20260420,True,True,True,False,1275,20260420:1275:0003,matched,monotonic_minimum_total_absolute_time_residual,normal,4,3,246,9097,2026-04-20T17:30:55Z,2026-04-20T18:11:42.513000Z,l2_obs_time_utc,2447.513,2447.513,30.0,30.0,1800.0,3600.0,1886.083,3777.29,80.0,50.0,83.303,53.303,OBJ_MP_1275_0306.fits,/raw1/20260420/OBJ/OBJ_MP_1275_0306.fits,0306,36214,matched,OBJ_MP_1275_0306_cat.fits.gz,/processed1/20260420/L2/OBJ_MP_1275_0306_cat.fits.gz,35544,1076.821,28.4138,19.549,20.19,3.7062,3.208,26.8159,0.0365,0.0,19279.0,3858.0,3840.0,748.0,1946.0,0.148346818017341,137.56259481358256,213.15964355154716,-7.441794470313718,near_sun_solar_separation_sort_overwritten_by_ra_sort;scheduler_history_ingestion_stalled_after_20260330_server_audit,a6a11f498afd43f99b5add50f0c61e7005c7dcbcab19c1c7b4ab62776daf32bc
20260420,True,True,True,False,1802,20260420:1802:0002,matched,monotonic_minimum_total_absolute_time_residual,normal,4,3,247,9098,2026-04-20T17:32:15Z,2026-04-20T17:41:51.867000Z,l2_obs_time_utc,576.867,576.867,30.0,30.0,1800.0,3600.0,1891.533,1891.533,80.0,50.0,95.437,65.437,OBJ_MP_1802_0285.fits,/raw1/20260420/OBJ/OBJ_MP_1802_0285.fits,0285,36389,matched,OBJ_MP_1802_0285_cat.fits.gz,/processed1/20260420/L2/OBJ_MP_1802_0285_cat.fits.gz,35719,840.976,25.7837,19.9029,20.55,3.1116,2.6937,26.9016,0.0321,0.0,18529.0,3662.0,3616.0,575.0,1677.0,0.1484256253541953,131.34138141522035,213.75095301775676,3.7182081355361936,near_sun_solar_separation_sort_overwritten_by_ra_sort;scheduler_history_ingestion_stalled_after_20260330_server_audit,a6a11f498afd43f99b5add50f0c61e7005c7dcbcab19c1c7b4ab62776daf32bc
20260420,True,True,True,False,1409,20260420:1409:0003,matched,monotonic_minimum_total_absolute_time_residual,normal,4,3,248,9099,2026-04-20T17:33:35Z,2026-04-20T18:14:47.086000Z,l2_obs_time_utc,2472.086,2472.086,30.0,30.0,1800.0,3600.0,1885.105,3775.904,80.0,50.0,89.667,59.667,OBJ_MP_1409_0308.fits,/raw1/20260420/OBJ/OBJ_MP_1409_0308.fits,0308,36265,matched,OBJ_MP_1409_0308_cat.fits.gz,/processed1/20260420/L2/OBJ_MP_1409_0308_cat.fits.gz,35595,1035.0842,28.2275,19.6097,20.25,3.6234,3.1364,26.8337,0.0342,0.0,19639.0,3922.0,3892.0,710.0,1929.0,0.14850444908495336,136.75508534795082,213.92583110329812,-4.873509254770945,near_sun_solar_separation_sort_overwritten_by_ra_sort;scheduler_history_ingestion_stalled_after_20260330_server_audit,a6a11f498afd43f99b5add50f0c61e7005c7dcbcab19c1c7b4ab62776daf32bc
20260420,True,True,True,False,1673,20260420:1673:0002,matched,monotonic_minimum_total_absolute_time_residual,normal,4,3,249,9100,2026-04-20T17:34:55Z,2026-04-20T17:44:44.828000Z,l2_obs_time_utc,589.828,589.828,30.0,30.0,1800.0,3600.0,1891.151,1891.151,80.0,50.0,82.847,52.846999999999994,OBJ_MP_1673_0287.fits,/raw1/20260420/OBJ/OBJ_MP_1673_0287.fits,0287,36349,matched,OBJ_MP_1673_0287_cat.fits.gz,/processed1/20260420/L2/OBJ_MP_1673_0287_cat.fits.gz,35679,871.9054,25.9331,19.8452,20.39,3.5064,3.0354,26.8832,0.0321,0.0,19455.0,3685.0,3740.0,619.0,1776.0,0.1485832892071704,133.619512274915,214.22283979422,0.7007660047076938,near_sun_solar_separation_sort_overwritten_by_ra_sort;scheduler_history_ingestion_stalled_after_20260330_server_audit,a6a11f498afd43f99b5add50f0c61e7005c7dcbcab19c1c7b4ab62776daf32bc
20260420,True,True,True,False,1542,20260420:1542:0003,matched,monotonic_minimum_total_absolute_time_residual,normal,4,3,250,9101,2026-04-20T17:36:15Z,2026-04-20T18:17:25.860000Z,l2_obs_time_utc,2470.86,2470.86,30.0,30.0,1800.0,3600.0,1886.531,3777.53,80.0,50.0,76.477,46.477000000000004,OBJ_MP_1542_0310.fits,/raw1/20260420/OBJ/OBJ_MP_1542_0310.fits,0310,36310,matched,OBJ_MP_1542_0310_cat.fits.gz,/processed1/20260420/L2/OBJ_MP_1542_0310_cat.fits.gz,35640,942.5367,26.9848,19.7217,20.28,3.6666,3.174,26.8441,0.0331,0.0,18497.0,3724.0,3725.0,678.0,1741.0,0.14866214571392383,136.2669313785447,215.12060536546414,-2.457204555381106,near_sun_solar_separation_sort_overwritten_by_ra_sort;scheduler_history_ingestion_stalled_after_20260330_server_audit,a6a11f498afd43f99b5add50f0c61e7005c7dcbcab19c1c7b4ab62776daf32bc
20260420,True,True,True,False,1276,20260420:1276:0003,matched,monotonic_minimum_total_absolute_time_residual,normal,4,3,251,9102,2026-04-20T17:37:35Z,2026-04-20T18:18:49.027000Z,l2_obs_time_utc,2474.027,2474.027,30.0,30.0,1800.0,3600.0,1885.544,3776.919,80.0,50.0,83.167,53.167,OBJ_MP_1276_0311.fits,/raw1/20260420/OBJ/OBJ_MP_1276_0311.fits,0311,36220,matched,OBJ_MP_1276_0311_cat.fits.gz,/processed1/20260420/L2/OBJ_MP_1276_0311_cat.fits.gz,35550,1076.4211,28.7503,19.5511,20.28,3.4077,2.9494,26.8174,0.0375,0.0,21600.0,4073.0,4263.0,856.0,2099.0,0.14874101859877337,140.0845542240998,215.70725519534972,-8.322811925131921,near_sun_solar_separation_sort_overwritten_by_ra_sort;scheduler_history_ingestion_stalled_after_20260330_server_audit,a6a11f498afd43f99b5add50f0c61e7005c7dcbcab19c1c7b4ab62776daf32bc
20260420,True,True,True,False,1803,20260420:1803:0002,matched,monotonic_minimum_total_absolute_time_residual,normal,4,3,252,9103,2026-04-20T17:38:55Z,2026-04-20T17:48:58.058000Z,l2_obs_time_utc,603.058,603.058,30.0,30.0,1800.0,3600.0,1892.587,1892.587,80.0,50.0,94.575,64.575,OBJ_MP_1803_0290.fits,/raw1/20260420/OBJ/OBJ_MP_1803_0290.fits,0290,36396,matched,OBJ_MP_1803_0290_cat.fits.gz,/processed1/20260420/L2/OBJ_MP_1803_0290_cat.fits.gz,35726,878.6643,26.4194,19.8444,20.36,3.6197,3.1333,26.8906,0.0321,0.0,18133.0,3484.0,3641.0,647.0,1760.0,0.14881990785474314,133.74809886541223,216.26930611071086,2.8111307926507645,near_sun_solar_separation_sort_overwritten_by_ra_sort;scheduler_history_ingestion_stalled_after_20260330_server_audit,a6a11f498afd43f99b5add50f0c61e7005c7dcbcab19c1c7b4ab62776daf32bc
20260420,True,True,True,False,1410,20260420:1410:0003,matched,monotonic_minimum_total_absolute_time_residual,normal,4,3,253,9104,2026-04-20T17:40:15Z,2026-04-20T18:21:53.530000Z,l2_obs_time_utc,2498.53,2498.53,30.0,30.0,1800.0,3600.0,1885.763,3778.282,80.0,50.0,90.344,60.343999999999994,OBJ_MP_1410_0313.fits,/raw1/20260420/OBJ/OBJ_MP_1410_0313.fits,0313,36271,matched,OBJ_MP_1410_0313_cat.fits.gz,/processed1/20260420/L2/OBJ_MP_1410_0313_cat.fits.gz,35601,1015.4846,28.0767,19.6262,20.24,3.646,3.1558,26.8294,0.0333,0.0,20263.0,3630.0,4045.0,825.0,1950.0,0.14889881348407952,139.24605122361936,216.46135051205002,-5.751386542041468,near_sun_solar_separation_sort_overwritten_by_ra_sort;scheduler_history_ingestion_stalled_after_20260330_server_audit,a6a11f498afd43f99b5add50f0c61e7005c7dcbcab19c1c7b4ab62776daf32bc
20260420,True,True,True,False,1674,20260420:1674:0002,matched,monotonic_minimum_total_absolute_time_residual,normal,4,3,254,9105,2026-04-20T17:41:35Z,2026-04-20T17:51:49.874000Z,l2_obs_time_utc,614.874,614.874,30.0,30.0,1800.0,3600.0,1890.802,1890.802,80.0,50.0,82.107,52.107,OBJ_MP_1674_0292.fits,/raw1/20260420/OBJ/OBJ_MP_1674_0292.fits,0292,36356,matched,OBJ_MP_1674_0292_cat.fits.gz,/processed1/20260420/L2/OBJ_MP_1674_0292_cat.fits.gz,35686,888.8071,26.1535,19.8216,20.38,3.5018,3.0313,26.8803,0.0344,0.0,20035.0,3915.0,3926.0,679.0,1811.0,0.14897773547179033,136.0494778257242,216.74300353407423,-0.18988132052024426,near_sun_solar_separation_sort_overwritten_by_ra_sort;scheduler_history_ingestion_stalled_after_20260330_server_audit,a6a11f498afd43f99b5add50f0c61e7005c7dcbcab19c1c7b4ab62776daf32bc
20260420,True,True,True,False,1543,20260420:1543:0002,matched,monotonic_minimum_total_absolute_time_residual,normal,4,3,255,9106,2026-04-20T17:42:55Z,2026-04-20T17:53:05.279000Z,l2_obs_time_utc,610.279,610.279,30.0,30.0,1800.0,3600.0,1890.098,1890.098,80.0,50.0,75.405,45.405,OBJ_MP_1543_0293.fits,/raw1/20260420/OBJ/OBJ_MP_1543_0293.fits,0293,36315,matched,OBJ_MP_1543_0293_cat.fits.gz,/processed1/20260420/L2/OBJ_MP_1543_0293_cat.fits.gz,35645,942.6504,26.9476,19.7506,20.35,3.5185,3.0457,26.8732,0.0362,0.0,19884.0,3972.0,3918.0,824.0,1968.0,0.14905667382109555,138.71936586685834,217.6506059270272,-3.328855105387527,near_sun_solar_separation_sort_overwritten_by_ra_sort;scheduler_history_ingestion_stalled_after_20260330_server_audit,a6a11f498afd43f99b5add50f0c61e7005c7dcbcab19c1c7b4ab62776daf32bc
20260420,True,True,True,False,1277,20260420:1277:0003,matched,monotonic_minimum_total_absolute_time_residual,normal,4,3,256,9107,2026-04-20T17:44:15Z,2026-04-20T18:25:52.726000Z,l2_obs_time_utc,2497.726,2497.726,30.0,30.0,1800.0,3600.0,1884.787,3773.508,80.0,50.0,82.677,52.67700000000001,OBJ_MP_1277_0316.fits,/raw1/20260420/OBJ/OBJ_MP_1277_0316.fits,0316,36226,matched,OBJ_MP_1277_0316_cat.fits.gz,/processed1/20260420/L2/OBJ_MP_1277_0316_cat.fits.gz,35556,1102.9463,29.2429,19.5205,20.2,3.6441,3.154,26.8133,0.0394,0.0,22042.0,4271.0,4369.0,938.0,2118.0,0.14913562852032736,142.59633901680473,218.27015054001185,-9.176026094429773,near_sun_solar_separation_sort_overwritten_by_ra_sort;scheduler_history_ingestion_stalled_after_20260330_server_audit,a6a11f498afd43f99b5add50f0c61e7005c7dcbcab19c1c7b4ab62776daf32bc
20260420,True,True,True,False,1804,20260420:1804:0002,matched,monotonic_minimum_total_absolute_time_residual,normal,4,3,257,9108,2026-04-20T17:45:35Z,2026-04-20T17:56:01.516000Z,l2_obs_time_utc,626.516,626.516,30.0,30.0,1800.0,3600.0,1888.217,1888.217,80.0,50.0,93.577,63.577,OBJ_MP_1804_0295.fits,/raw1/20260420/OBJ/OBJ_MP_1804_0295.fits,0295,36403,matched,OBJ_MP_1804_0295_cat.fits.gz,/processed1/20260420/L2/OBJ_MP_1804_0295_cat.fits.gz,35733,824.6533,25.4808,19.9117,20.44,3.4271,2.9668,26.8892,0.0304,0.0,20502.0,4012.0,3972.0,655.0,1918.0,0.14921459957049926,136.1250453767923,218.79594846736506,1.9328928927293747,near_sun_solar_separation_sort_overwritten_by_ra_sort;scheduler_history_ingestion_stalled_after_20260330_server_audit,a6a11f498afd43f99b5add50f0c61e7005c7dcbcab19c1c7b4ab62776daf32bc
20260420,True,True,True,False,1411,20260420:1411:0003,matched,monotonic_minimum_total_absolute_time_residual,normal,4,3,258,9109,2026-04-20T17:46:55Z,2026-04-20T18:28:55.999000Z,l2_obs_time_utc,2520.999,2520.999,30.0,30.0,1800.0,3600.0,1884.517,3773.914,80.0,50.0,89.593,59.593,OBJ_MP_1411_0318.fits,/raw1/20260420/OBJ/OBJ_MP_1411_0318.fits,0318,36277,matched,OBJ_MP_1411_0318_cat.fits.gz,/processed1/20260420/L2/OBJ_MP_1411_0318_cat.fits.gz,35607,1019.03,27.7731,19.6276,20.28,3.5429,3.0666,26.8345,0.0354,0.0,21134.0,4297.0,4300.0,953.0,2061.0,0.14929358696399836,141.72147079596172,219.01043996290468,-6.6009385878311715,near_sun_solar_separation_sort_overwritten_by_ra_sort;scheduler_history_ingestion_stalled_after_20260330_server_audit,a6a11f498afd43f99b5add50f0c61e7005c7dcbcab19c1c7b4ab62776daf32bc
20260420,True,True,True,False,1675,20260420:1675:0002,matched,monotonic_minimum_total_absolute_time_residual,normal,4,3,259,9110,2026-04-20T17:48:15Z,2026-04-20T17:58:53.241000Z,l2_obs_time_utc,638.241,638.241,30.0,30.0,1800.0,3600.0,1888.624,1888.624,80.0,50.0,81.759,51.759,OBJ_MP_1675_0297.fits,/raw1/20260420/OBJ/OBJ_MP_1675_0297.fits,0297,36363,matched,OBJ_MP_1675_0297_cat.fits.gz,/processed1/20260420/L2/OBJ_MP_1675_0297_cat.fits.gz,35693,898.6099,26.4543,19.8054,20.34,3.5989,3.1154,26.8761,0.0318,0.0,21018.0,4134.0,4099.0,687.0,2043.0,0.14937259069506909,138.45359994073434,219.27328968641064,-1.0516938208366535,near_sun_solar_separation_sort_overwritten_by_ra_sort;scheduler_history_ingestion_stalled_after_20260330_server_audit,a6a11f498afd43f99b5add50f0c61e7005c7dcbcab19c1c7b4ab62776daf32bc
20260420,True,True,True,False,1544,20260420:1544:0002,matched,monotonic_minimum_total_absolute_time_residual,normal,4,3,260,9111,2026-04-20T17:49:35Z,2026-04-20T18:00:08.114000Z,l2_obs_time_utc,633.114,633.114,30.0,30.0,1800.0,3600.0,1887.967,1887.967,80.0,50.0,74.873,44.873000000000005,OBJ_MP_1544_0298.fits,/raw1/20260420/OBJ/OBJ_MP_1544_0298.fits,0298,36322,matched,OBJ_MP_1544_0298_cat.fits.gz,/processed1/20260420/L2/OBJ_MP_1544_0298_cat.fits.gz,35652,947.0485,27.1569,19.7427,20.29,3.6878,3.1923,26.8703,0.0375,0.0,20962.0,3901.0,4179.0,966.0,1977.0,0.14945161075908125,141.14954916729639,220.19272713947205,-4.171233588413453,near_sun_solar_separation_sort_overwritten_by_ra_sort;scheduler_history_ingestion_stalled_after_20260330_server_audit,a6a11f498afd43f99b5add50f0c61e7005c7dcbcab19c1c7b4ab62776daf32bc
20260420,True,True,True,False,1278,20260420:1278:0003,matched,monotonic_minimum_total_absolute_time_residual,normal,4,3,261,9112,2026-04-20T17:50:55Z,2026-04-20T18:32:57.638000Z,l2_obs_time_utc,2522.638,2522.638,30.0,30.0,1800.0,3600.0,1886.667,3774.72,80.0,50.0,84.259,54.259,OBJ_MP_1278_0321.fits,/raw1/20260420/OBJ/OBJ_MP_1278_0321.fits,0321,36232,matched,OBJ_MP_1278_0321_cat.fits.gz,/processed1/20260420/L2/OBJ_MP_1278_0321_cat.fits.gz,35562,1082.7654,28.517,19.5388,20.16,3.7848,3.2757,26.8115,0.0399,0.0,23609.0,4306.0,4633.0,1087.0,2221.0,0.14953064715161923,145.0958194942958,220.84904445471855,-9.999554519524446,near_sun_solar_separation_sort_overwritten_by_ra_sort;scheduler_history_ingestion_stalled_after_20260330_server_audit,a6a11f498afd43f99b5add50f0c61e7005c7dcbcab19c1c7b4ab62776daf32bc
20260420,True,True,True,False,1805,20260420:1805:0002,matched,monotonic_minimum_total_absolute_time_residual,normal,4,3,262,9113,2026-04-20T17:52:15Z,2026-04-20T18:03:05.505000Z,l2_obs_time_utc,650.505,650.505,30.0,30.0,1800.0,3600.0,1887.948,1887.948,80.0,50.0,94.534,64.534,OBJ_MP_1805_0300.fits,/raw1/20260420/OBJ/OBJ_MP_1805_0300.fits,0300,36410,matched,OBJ_MP_1805_0300_cat.fits.gz,/processed1/20260420/L2/OBJ_MP_1805_0300_cat.fits.gz,35740,841.4661,25.7982,19.8941,20.44,3.4028,2.9457,26.8934,0.034,0.0,21107.0,4185.0,4131.0,747.0,2035.0,0.1496096998602235,138.46707921817347,221.33175309737288,1.0853050757738696,near_sun_solar_separation_sort_overwritten_by_ra_sort;scheduler_history_ingestion_stalled_after_20260330_server_audit,a6a11f498afd43f99b5add50f0c61e7005c7dcbcab19c1c7b4ab62776daf32bc
20260420,True,True,True,False,1412,20260420:1412:0003,matched,monotonic_minimum_total_absolute_time_residual,normal,4,3,263,9114,2026-04-20T17:53:35Z,2026-04-20T18:36:03.153000Z,l2_obs_time_utc,2548.153,2548.153,30.0,30.0,1800.0,3600.0,1888.404,3776.079,80.0,50.0,90.084,60.084,OBJ_MP_1412_0323.fits,/raw1/20260420/OBJ/OBJ_MP_1412_0323.fits,0323,36283,matched,OBJ_MP_1412_0323_cat.fits.gz,/processed1/20260420/L2/OBJ_MP_1412_0323_cat.fits.gz,35613,1079.8625,28.946,19.5571,20.27,3.4862,3.0174,26.8269,0.0356,0.0,23702.0,4290.0,4550.0,1015.0,2306.0,0.1496887688926135,144.17817704399693,221.5738057129596,-7.420324184039061,near_sun_solar_separation_sort_overwritten_by_ra_sort;scheduler_history_ingestion_stalled_after_20260330_server_audit,a6a11f498afd43f99b5add50f0c61e7005c7dcbcab19c1c7b4ab62776daf32bc
20260420,True,True,True,False,1801,20260420:1801:0003,matched,monotonic_minimum_total_absolute_time_residual,normal,5,1,264,9115,2026-04-20T17:54:55Z,2026-04-20T18:06:10.244000Z,l2_obs_time_utc,675.244,675.244,30.0,30.0,,0.0,,0.0,80.0,50.0,95.495,65.495,OBJ_MP_1801_0302.fits,/raw1/20260420/OBJ/OBJ_MP_1801_0302.fits,0302,36383,matched,OBJ_MP_1801_0302_cat.fits.gz,/processed1/20260420/L2/OBJ_MP_1801_0302_cat.fits.gz,35713,847.3557,26.266,19.8708,20.42,3.4209,2.9613,26.8777,0.0343,0.0,16715.0,3402.0,3420.0,606.0,1607.0,0.149767854237558,128.57063925075818,211.2398896898021,4.6522860440999665,near_sun_solar_separation_sort_overwritten_by_ra_sort;scheduler_history_ingestion_stalled_after_20260330_server_audit,a6a11f498afd43f99b5add50f0c61e7005c7dcbcab19c1c7b4ab62776daf32bc
20260420,True,True,True,False,1408,20260420:1408:0004,matched,monotonic_minimum_total_absolute_time_residual,normal,5,1,265,9116,2026-04-20T17:56:15Z,2026-04-20T18:39:08.268000Z,l2_obs_time_utc,2573.268,2573.268,30.0,30.0,,0.0,,0.0,80.0,50.0,90.404,60.403999999999996,OBJ_MP_1408_0325.fits,/raw1/20260420/OBJ/OBJ_MP_1408_0325.fits,0325,36260,matched,OBJ_MP_1408_0325_cat.fits.gz,/processed1/20260420/L2/OBJ_MP_1408_0325_cat.fits.gz,35590,1145.8885,29.1509,19.4752,20.25,3.4216,2.9615,26.8095,0.0344,0.0,17522.0,3267.0,3565.0,695.0,1666.0,0.1498469558896025,133.88675324520116,211.40304767922993,-3.9691679898971914,near_sun_solar_separation_sort_overwritten_by_ra_sort;scheduler_history_ingestion_stalled_after_20260330_server_audit,a6a11f498afd43f99b5add50f0c61e7005c7dcbcab19c1c7b4ab62776daf32bc
20260420,True,True,True,False,1672,20260420:1672:0003,matched,monotonic_minimum_total_absolute_time_residual,normal,5,1,266,9117,2026-04-20T17:57:35Z,2026-04-20T18:09:02.746000Z,l2_obs_time_utc,687.746,687.746,30.0,30.0,,0.0,,0.0,80.0,50.0,82.795,52.795,OBJ_MP_1672_0304.fits,/raw1/20260420/OBJ/OBJ_MP_1672_0304.fits,0304,36343,matched,OBJ_MP_1672_0304_cat.fits.gz,/processed1/20260420/L2/OBJ_MP_1672_0304_cat.fits.gz,35673,905.5881,26.2767,19.786,20.33,3.5967,3.1136,26.8651,0.0345,0.0,17203.0,3280.0,3458.0,634.0,1726.0,0.14992607384317969,130.82000569358624,211.71188764427023,1.618417872987434,near_sun_solar_separation_sort_overwritten_by_ra_sort;scheduler_history_ingestion_stalled_after_20260330_server_audit,a6a11f498afd43f99b5add50f0c61e7005c7dcbcab19c1c7b4ab62776daf32bc
20260420,True,True,True,False,1541,20260420:1541:0004,matched,monotonic_minimum_total_absolute_time_residual,normal,5,1,267,9118,2026-04-20T17:58:55Z,2026-04-20T18:41:47.640000Z,l2_obs_time_utc,2572.64,2572.64,30.0,30.0,,0.0,,0.0,80.0,50.0,76.475,46.474999999999994,OBJ_MP_1541_0327.fits,/raw1/20260420/OBJ/OBJ_MP_1541_0327.fits,0327,36305,matched,OBJ_MP_1541_0327_cat.fits.gz,/processed1/20260420/L2/OBJ_MP_1541_0327_cat.fits.gz,35635,1087.3367,28.4695,19.5478,20.3,3.3649,2.9126,26.8253,0.0327,0.0,17412.0,3527.0,3494.0,677.0,1577.0,0.1500052080982674,133.44022066208916,212.60191056852602,-1.5581127712648366,near_sun_solar_separation_sort_overwritten_by_ra_sort;scheduler_history_ingestion_stalled_after_20260330_server_audit,a6a11f498afd43f99b5add50f0c61e7005c7dcbcab19c1c7b4ab62776daf32bc
20260420,True,True,True,False,1275,20260420:1275:0004,matched,monotonic_minimum_total_absolute_time_residual,normal,5,1,268,9119,2026-04-20T18:00:15Z,2026-04-20T18:43:10.321000Z,l2_obs_time_utc,2575.321,2575.321,30.0,30.0,,0.0,,0.0,80.0,50.0,82.681,52.681,OBJ_MP_1275_0328.fits,/raw1/20260420/OBJ/OBJ_MP_1275_0328.fits,0328,36215,matched,OBJ_MP_1275_0328_cat.fits.gz,/processed1/20260420/L2/OBJ_MP_1275_0328_cat.fits.gz,35545,1180.5782,29.648,19.3867,20.17,3.4644,2.9985,26.7533,0.0367,0.0,18492.0,3634.0,3754.0,766.0,2042.0,0.150084358644678,137.19137890502193,213.15964355154716,-7.441794470313718,near_sun_solar_separation_sort_overwritten_by_ra_sort;scheduler_history_ingestion_stalled_after_20260330_server_audit,a6a11f498afd43f99b5add50f0c61e7005c7dcbcab19c1c7b4ab62776daf32bc
20260420,True,True,True,False,1802,20260420:1802:0003,matched,monotonic_minimum_total_absolute_time_residual,normal,5,1,269,9120,2026-04-20T18:01:35Z,2026-04-20T18:13:17.419000Z,l2_obs_time_utc,702.419,702.419,30.0,30.0,,0.0,,0.0,80.0,50.0,94.906,64.906,OBJ_MP_1802_0307.fits,/raw1/20260420/OBJ/OBJ_MP_1802_0307.fits,0307,36390,matched,OBJ_MP_1802_0307_cat.fits.gz,/processed1/20260420/L2/OBJ_MP_1802_0307_cat.fits.gz,35720,875.2518,26.2905,19.8373,20.43,3.368,2.9156,26.8794,0.0328,0.0,17309.0,3469.0,3428.0,604.0,1544.0,0.15016352547270967,131.00538551369974,213.75095301775676,3.7182081355361936,near_sun_solar_separation_sort_overwritten_by_ra_sort;scheduler_history_ingestion_stalled_after_20260330_server_audit,a6a11f498afd43f99b5add50f0c61e7005c7dcbcab19c1c7b4ab62776daf32bc
20260420,True,True,True,False,1409,20260420:1409:0004,matched,monotonic_minimum_total_absolute_time_residual,normal,5,1,270,9121,2026-04-20T18:02:55Z,2026-04-20T18:46:14.414000Z,l2_obs_time_utc,2599.414,2599.414,30.0,30.0,,0.0,,0.0,80.0,50.0,90.447,60.447,OBJ_MP_1409_0330.fits,/raw1/20260420/OBJ/OBJ_MP_1409_0330.fits,0330,36266,matched,OBJ_MP_1409_0330_cat.fits.gz,/processed1/20260420/L2/OBJ_MP_1409_0330_cat.fits.gz,35596,1151.5411,29.6959,19.456,20.2,3.5092,3.0373,26.7957,0.0345,0.0,18932.0,3788.0,3750.0,713.0,1737.0,0.15024270858796684,136.39167226686192,213.92583110329812,-4.873509254770945,near_sun_solar_separation_sort_overwritten_by_ra_sort;scheduler_history_ingestion_stalled_after_20260330_server_audit,a6a11f498afd43f99b5add50f0c61e7005c7dcbcab19c1c7b4ab62776daf32bc
20260420,True,True,True,False,1673,20260420:1673:0003,matched,monotonic_minimum_total_absolute_time_residual,normal,5,1,271,9122,2026-04-20T18:04:15Z,2026-04-20T18:16:09.383000Z,l2_obs_time_utc,714.383,714.383,30.0,30.0,,0.0,,0.0,80.0,50.0,82.297,52.297,OBJ_MP_1673_0309.fits,/raw1/20260420/OBJ/OBJ_MP_1673_0309.fits,0309,36350,matched,OBJ_MP_1673_0309_cat.fits.gz,/processed1/20260420/L2/OBJ_MP_1673_0309_cat.fits.gz,35680,912.31,26.542,19.7742,20.36,3.4813,3.0136,26.8612,0.0328,0.0,19081.0,3603.0,3649.0,622.0,1653.0,0.15032190797451017,133.2740469185005,214.22283979422,0.7007660047076938,near_sun_solar_separation_sort_overwritten_by_ra_sort;scheduler_history_ingestion_stalled_after_20260330_server_audit,a6a11f498afd43f99b5add50f0c61e7005c7dcbcab19c1c7b4ab62776daf32bc
20260420,True,True,True,False,1542,20260420:1542:0004,matched,monotonic_minimum_total_absolute_time_residual,normal,5,1,272,9123,2026-04-20T18:05:35Z,2026-04-20T18:48:53.087000Z,l2_obs_time_utc,2598.087,2598.087,30.0,30.0,,0.0,,0.0,80.0,50.0,75.721,45.721000000000004,OBJ_MP_1542_0332.fits,/raw1/20260420/OBJ/OBJ_MP_1542_0332.fits,0332,36311,matched,OBJ_MP_1542_0332_cat.fits.gz,/processed1/20260420/L2/OBJ_MP_1542_0332_cat.fits.gz,35641,1072.8732,28.3758,19.5221,20.13,3.796,3.2858,26.7851,0.0346,0.0,17533.0,3602.0,3604.0,694.0,1737.0,0.15040112363552116,135.91308584481843,215.12060536546414,-2.457204555381106,near_sun_solar_separation_sort_overwritten_by_ra_sort;scheduler_history_ingestion_stalled_after_20260330_server_audit,a6a11f498afd43f99b5add50f0c61e7005c7dcbcab19c1c7b4ab62776daf32bc
20260420,True,True,True,False,1276,20260420:1276:0004,matched,monotonic_minimum_total_absolute_time_residual,normal,5,1,273,9124,2026-04-20T18:06:55Z,2026-04-20T18:50:15.762000Z,l2_obs_time_utc,2600.762,2600.762,30.0,30.0,,0.0,,0.0,80.0,50.0,82.675,52.675,OBJ_MP_1276_0333.fits,/raw1/20260420/OBJ/OBJ_MP_1276_0333.fits,0333,36221,matched,OBJ_MP_1276_0333_cat.fits.gz,/processed1/20260420/L2/OBJ_MP_1276_0333_cat.fits.gz,35551,1270.0468,30.8076,19.2811,20.1,3.5038,3.0324,26.7269,0.0387,0.0,19311.0,3776.0,3959.0,879.0,1746.0,0.15048035556259326,139.71389062394505,215.70725519534972,-8.322811925131921,near_sun_solar_separation_sort_overwritten_by_ra_sort;scheduler_history_ingestion_stalled_after_20260330_server_audit,a6a11f498afd43f99b5add50f0c61e7005c7dcbcab19c1c7b4ab62776daf32bc
20260420,True,True,True,False,1803,20260420:1803:0003,matched,monotonic_minimum_total_absolute_time_residual,normal,5,1,274,9125,2026-04-20T18:08:15Z,2026-04-20T18:20:23.186000Z,l2_obs_time_utc,728.186,728.186,30.0,30.0,,0.0,,0.0,80.0,50.0,94.159,64.159,OBJ_MP_1803_0312.fits,/raw1/20260420/OBJ/OBJ_MP_1803_0312.fits,0312,36397,matched,OBJ_MP_1803_0312_cat.fits.gz,/processed1/20260420/L2/OBJ_MP_1803_0312_cat.fits.gz,35727,880.0591,26.3529,19.8241,20.47,3.2062,2.7754,26.872,0.0323,0.0,18437.0,3528.0,3676.0,634.0,1597.0,0.15055960375460264,133.41523098461332,216.26930611071086,2.8111307926507645,near_sun_solar_separation_sort_overwritten_by_ra_sort;scheduler_history_ingestion_stalled_after_20260330_server_audit,a6a11f498afd43f99b5add50f0c61e7005c7dcbcab19c1c7b4ab62776daf32bc
20260420,True,True,True,False,1410,20260420:1410:0004,matched,monotonic_minimum_total_absolute_time_residual,normal,5,1,275,9126,2026-04-20T18:09:35Z,2026-04-20T18:53:19.437000Z,l2_obs_time_utc,2624.437,2624.437,30.0,30.0,,0.0,,0.0,80.0,50.0,89.936,59.93600000000001,OBJ_MP_1410_0335.fits,/raw1/20260420/OBJ/OBJ_MP_1410_0335.fits,0335,36272,matched,OBJ_MP_1410_0335_cat.fits.gz,/processed1/20260420/L2/OBJ_MP_1410_0335_cat.fits.gz,35602,1202.7622,29.9061,19.3261,20.14,3.3997,2.9425,26.7129,0.0348,0.0,18887.0,3380.0,3794.0,846.0,1653.0,0.15063886819721894,138.88395083835746,216.46135051205002,-5.751386542041468,near_sun_solar_separation_sort_overwritten_by_ra_sort;scheduler_history_ingestion_stalled_after_20260330_server_audit,a6a11f498afd43f99b5add50f0c61e7005c7dcbcab19c1c7b4ab62776daf32bc
20260420,True,True,True,False,1674,20260420:1674:0003,matched,monotonic_minimum_total_absolute_time_residual,normal,5,1,276,9127,2026-04-20T18:10:55Z,2026-04-20T18:23:15.063000Z,l2_obs_time_utc,740.063,740.063,30.0,30.0,,0.0,,0.0,80.0,50.0,81.533,51.533,OBJ_MP_1674_0314.fits,/raw1/20260420/OBJ/OBJ_MP_1674_0314.fits,0314,36357,matched,OBJ_MP_1674_0314_cat.fits.gz,/processed1/20260420/L2/OBJ_MP_1674_0314_cat.fits.gz,35687,912.9402,26.625,19.7726,20.32,3.6162,3.1302,26.8603,0.0348,0.0,19647.0,3819.0,3851.0,680.0,1718.0,0.1507181488991336,135.70668557326874,216.74300353407423,-0.18988132052024426,near_sun_solar_separation_sort_overwritten_by_ra_sort;scheduler_history_ingestion_stalled_after_20260330_server_audit,a6a11f498afd43f99b5add50f0c61e7005c7dcbcab19c1c7b4ab62776daf32bc
20260420,True,True,True,False,1543,20260420:1543:0003,matched,monotonic_minimum_total_absolute_time_residual,normal,5,1,277,9128,2026-04-20T18:12:15Z,2026-04-20T18:24:30.049000Z,l2_obs_time_utc,735.049,735.049,30.0,30.0,,0.0,,0.0,80.0,50.0,74.986,44.986000000000004,OBJ_MP_1543_0315.fits,/raw1/20260420/OBJ/OBJ_MP_1543_0315.fits,0315,36316,matched,OBJ_MP_1543_0315_cat.fits.gz,/processed1/20260420/L2/OBJ_MP_1543_0315_cat.fits.gz,35646,949.9166,26.9523,19.7218,20.29,3.6302,3.1424,26.8527,0.0366,0.0,19155.0,3861.0,3813.0,843.0,1753.0,0.15079744583912985,138.36775884064065,217.6506059270272,-3.328855105387527,near_sun_solar_separation_sort_overwritten_by_ra_sort;scheduler_history_ingestion_stalled_after_20260330_server_audit,a6a11f498afd43f99b5add50f0c61e7005c7dcbcab19c1c7b4ab62776daf32bc
20260420,True,True,True,False,1277,20260420:1277:0004,matched,monotonic_minimum_total_absolute_time_residual,normal,5,1,278,9129,2026-04-20T18:13:35Z,2026-04-20T18:57:18.504000Z,l2_obs_time_utc,2623.504,2623.504,30.0,30.0,,0.0,,0.0,80.0,50.0,82.51,52.510000000000005,OBJ_MP_1277_0338.fits,/raw1/20260420/OBJ/OBJ_MP_1277_0338.fits,0338,36227,matched,OBJ_MP_1277_0338_cat.fits.gz,/processed1/20260420/L2/OBJ_MP_1277_0338_cat.fits.gz,35557,1273.1248,30.8502,19.2423,20.05,3.5379,3.0619,26.6907,0.0442,0.0,20095.0,3960.0,4026.0,958.0,1761.0,0.15087675902272102,142.22659196602567,218.27015054001185,-9.176026094429773,near_sun_solar_separation_sort_overwritten_by_ra_sort;scheduler_history_ingestion_stalled_after_20260330_server_audit,a6a11f498afd43f99b5add50f0c61e7005c7dcbcab19c1c7b4ab62776daf32bc
20260420,True,True,True,False,1804,20260420:1804:0003,matched,monotonic_minimum_total_absolute_time_residual,normal,5,1,279,9130,2026-04-20T18:14:55Z,2026-04-20T18:27:26.406000Z,l2_obs_time_utc,751.406,751.406,30.0,30.0,,0.0,,0.0,80.0,50.0,93.68,63.68000000000001,OBJ_MP_1804_0317.fits,/raw1/20260420/OBJ/OBJ_MP_1804_0317.fits,0317,36404,matched,OBJ_MP_1804_0317_cat.fits.gz,/processed1/20260420/L2/OBJ_MP_1804_0317_cat.fits.gz,35734,914.1659,26.9091,19.784,20.43,3.3035,2.8598,26.8733,0.0315,0.0,19699.0,3857.0,3819.0,657.0,1721.0,0.1509560884448669,135.79605653677623,218.79594846736506,1.9328928927293747,near_sun_solar_separation_sort_overwritten_by_ra_sort;scheduler_history_ingestion_stalled_after_20260330_server_audit,a6a11f498afd43f99b5add50f0c61e7005c7dcbcab19c1c7b4ab62776daf32bc
20260420,True,True,True,False,1411,20260420:1411:0004,matched,monotonic_minimum_total_absolute_time_residual,normal,5,1,280,9131,2026-04-20T18:16:15Z,2026-04-20T19:00:22.393000Z,l2_obs_time_utc,2647.393,2647.393,30.0,30.0,,0.0,,0.0,80.0,50.0,89.225,59.224999999999994,OBJ_MP_1411_0340.fits,/raw1/20260420/OBJ/OBJ_MP_1411_0340.fits,0340,36278,matched,OBJ_MP_1411_0340_cat.fits.gz,/processed1/20260420/L2/OBJ_MP_1411_0340_cat.fits.gz,35608,1171.6244,29.2193,19.3701,20.22,3.2358,2.8007,26.7284,0.0359,0.0,20327.0,4113.0,4115.0,945.0,1636.0,0.15103543409548703,141.36118477002609,219.01043996290468,-6.6009385878311715,near_sun_solar_separation_sort_overwritten_by_ra_sort;scheduler_history_ingestion_stalled_after_20260330_server_audit,a6a11f498afd43f99b5add50f0c61e7005c7dcbcab19c1c7b4ab62776daf32bc
20260420,True,True,True,False,1675,20260420:1675:0003,matched,monotonic_minimum_total_absolute_time_residual,normal,5,1,281,9132,2026-04-20T18:17:35Z,2026-04-20T18:30:18.801000Z,l2_obs_time_utc,763.801,763.801,30.0,30.0,,0.0,,0.0,80.0,50.0,82.802,52.80200000000001,OBJ_MP_1675_0319.fits,/raw1/20260420/OBJ/OBJ_MP_1675_0319.fits,0319,36364,matched,OBJ_MP_1675_0319_cat.fits.gz,/processed1/20260420/L2/OBJ_MP_1675_0319_cat.fits.gz,35694,962.6293,27.1165,19.7139,20.38,3.367,2.9146,26.8592,0.0337,0.0,20733.0,4047.0,4017.0,696.0,1767.0,0.15111479597179306,138.11418567891786,219.27328968641064,-1.0516938208366535,near_sun_solar_separation_sort_overwritten_by_ra_sort;scheduler_history_ingestion_stalled_after_20260330_server_audit,a6a11f498afd43f99b5add50f0c61e7005c7dcbcab19c1c7b4ab62776daf32bc
20260420,True,True,True,False,1544,20260420:1544:0003,matched,monotonic_minimum_total_absolute_time_residual,normal,5,1,282,9133,2026-04-20T18:18:55Z,2026-04-20T18:31:33.379000Z,l2_obs_time_utc,758.379,758.379,30.0,30.0,,0.0,,0.0,80.0,50.0,74.578,44.578,OBJ_MP_1544_0320.fits,/raw1/20260420/OBJ/OBJ_MP_1544_0320.fits,0320,36323,matched,OBJ_MP_1544_0320_cat.fits.gz,/processed1/20260420/L2/OBJ_MP_1544_0320_cat.fits.gz,35653,974.995,27.5145,19.6946,20.41,3.2447,2.8083,26.8534,0.0384,0.0,21331.0,3707.0,4174.0,957.0,1722.0,0.15119417407094948,140.80084476437153,220.19272713947205,-4.171233588413453,near_sun_solar_separation_sort_overwritten_by_ra_sort;scheduler_history_ingestion_stalled_after_20260330_server_audit,a6a11f498afd43f99b5add50f0c61e7005c7dcbcab19c1c7b4ab62776daf32bc
20260420,True,True,True,False,1278,20260420:1278:0004,matched,monotonic_minimum_total_absolute_time_residual,normal,5,1,283,9134,2026-04-20T18:20:15Z,2026-04-20T19:04:23.460000Z,l2_obs_time_utc,2648.46,2648.46,30.0,30.0,,0.0,,0.0,80.0,50.0,83.846,53.846000000000004,OBJ_MP_1278_0343.fits,/raw1/20260420/OBJ/OBJ_MP_1278_0343.fits,0343,36233,matched,OBJ_MP_1278_0343_cat.fits.gz,/processed1/20260420/L2/OBJ_MP_1278_0343_cat.fits.gz,35563,1301.5038,30.8663,19.1908,20.03,3.5102,3.0378,26.6631,0.0486,0.0,21319.0,3946.0,4247.0,1150.0,1828.0,0.15127356838324496,144.72743898465018,220.84904445471855,-9.999554519524446,near_sun_solar_separation_sort_overwritten_by_ra_sort;scheduler_history_ingestion_stalled_after_20260330_server_audit,a6a11f498afd43f99b5add50f0c61e7005c7dcbcab19c1c7b4ab62776daf32bc
20260420,True,True,True,False,1805,20260420:1805:0003,matched,monotonic_minimum_total_absolute_time_residual,normal,5,1,284,9135,2026-04-20T18:21:35Z,2026-04-20T18:34:33.069000Z,l2_obs_time_utc,778.069,778.069,30.0,30.0,,0.0,,0.0,80.0,50.0,95.431,65.431,OBJ_MP_1805_0322.fits,/raw1/20260420/OBJ/OBJ_MP_1805_0322.fits,0322,36411,matched,OBJ_MP_1805_0322_cat.fits.gz,/processed1/20260420/L2/OBJ_MP_1805_0322_cat.fits.gz,35741,913.3661,26.8854,19.7892,20.42,3.3525,2.902,26.8775,0.0335,0.0,20496.0,3864.0,4066.0,751.0,1832.0,0.15135297890878274,138.14286666994587,221.33175309737288,1.0853050757738696,near_sun_solar_separation_sort_overwritten_by_ra_sort;scheduler_history_ingestion_stalled_after_20260330_server_audit,a6a11f498afd43f99b5add50f0c61e7005c7dcbcab19c1c7b4ab62776daf32bc
20260420,True,True,True,False,1412,20260420:1412:0004,matched,monotonic_minimum_total_absolute_time_residual,normal,5,1,285,9136,2026-04-20T18:22:55Z,2026-04-20T19:07:28.211000Z,l2_obs_time_utc,2673.211,2673.211,30.0,30.0,,0.0,,0.0,80.0,50.0,89.718,59.718,OBJ_MP_1412_0345.fits,/raw1/20260420/OBJ/OBJ_MP_1412_0345.fits,0345,36284,matched,OBJ_MP_1412_0345_cat.fits.gz,/processed1/20260420/L2/OBJ_MP_1412_0345_cat.fits.gz,35614,1241.8713,30.4741,19.2112,20.05,3.3788,2.9243,26.6327,0.0425,0.0,20907.0,3893.0,4136.0,1099.0,1963.0,0.1514324056388031,143.8203254685977,221.5738057129596,-7.420324184039061,near_sun_solar_separation_sort_overwritten_by_ra_sort;scheduler_history_ingestion_stalled_after_20260330_server_audit,a6a11f498afd43f99b5add50f0c61e7005c7dcbcab19c1c7b4ab62776daf32bc
20260420,True,True,True,False,1801,20260420:1801:0004,matched,monotonic_minimum_total_absolute_time_residual,normal,5,2,286,9137,2026-04-20T18:24:55Z,2026-04-20T18:37:37.864000Z,l2_obs_time_utc,762.864,762.864,30.0,30.0,1800.0,1800.0,1887.62,1887.62,120.0,90.0,94.711,64.711,OBJ_MP_1801_0324.fits,/raw1/20260420/OBJ/OBJ_MP_1801_0324.fits,0324,36384,matched,OBJ_MP_1801_0324_cat.fits.gz,/processed1/20260420/L2/OBJ_MP_1801_0324_cat.fits.gz,35714,960.7831,27.4419,19.7133,20.37,3.3725,2.9194,26.8566,0.0345,0.0,16078.0,2903.0,3286.0,598.0,1492.0,0.1515515761055956,128.21797184599876,211.2398896898021,4.6522860440999665,near_sun_solar_separation_sort_overwritten_by_ra_sort;scheduler_history_ingestion_stalled_after_20260330_server_audit,a6a11f498afd43f99b5add50f0c61e7005c7dcbcab19c1c7b4ab62776daf32bc
20260420,True,True,True,False,1408,20260420:1408:0005,matched,monotonic_minimum_total_absolute_time_residual,normal,5,2,287,9138,2026-04-20T18:26:15Z,2026-04-20T19:10:32.226000Z,l2_obs_time_utc,2657.226,2657.226,30.0,30.0,1800.0,1800.0,1883.958,1883.958,80.0,50.0,89.392,59.391999999999996,OBJ_MP_1408_0347.fits,/raw1/20260420/OBJ/OBJ_MP_1408_0347.fits,0347,36261,matched,OBJ_MP_1408_0347_cat.fits.gz,/processed1/20260420/L2/OBJ_MP_1408_0347_cat.fits.gz,35591,1359.8763,31.5879,19.1134,20.1,3.144,2.721,26.6334,0.0438,0.0,15809.0,2941.0,3223.0,733.0,1353.0,0.1516310433235573,133.5084531976042,211.40304767922993,-3.9691679898971914,near_sun_solar_separation_sort_overwritten_by_ra_sort;scheduler_history_ingestion_stalled_after_20260330_server_audit,a6a11f498afd43f99b5add50f0c61e7005c7dcbcab19c1c7b4ab62776daf32bc
20260420,True,True,True,False,1672,20260420:1672:0004,matched,monotonic_minimum_total_absolute_time_residual,normal,5,2,288,9139,2026-04-20T18:27:35Z,2026-04-20T18:40:31.165000Z,l2_obs_time_utc,776.165,776.165,30.0,30.0,1800.0,1800.0,1888.419,1888.419,80.0,50.0,82.897,52.897000000000006,OBJ_MP_1672_0326.fits,/raw1/20260420/OBJ/OBJ_MP_1672_0326.fits,0326,36344,matched,OBJ_MP_1672_0326_cat.fits.gz,/processed1/20260420/L2/OBJ_MP_1672_0326_cat.fits.gz,35674,1033.1935,28.0878,19.6213,20.38,3.2242,2.7909,26.8435,0.0362,0.0,16712.0,3187.0,3352.0,644.0,1541.0,0.1517105267267288,130.45836090471343,211.71188764427023,1.618417872987434,near_sun_solar_separation_sort_overwritten_by_ra_sort;scheduler_history_ingestion_stalled_after_20260330_server_audit,a6a11f498afd43f99b5add50f0c61e7005c7dcbcab19c1c7b4ab62776daf32bc
20260420,True,True,True,False,1541,20260420:1541:0005,matched,monotonic_minimum_total_absolute_time_residual,normal,5,2,289,9140,2026-04-20T18:28:55Z,2026-04-20T19:13:09.292000Z,l2_obs_time_utc,2654.292,2654.292,30.0,30.0,1800.0,1800.0,1881.652,1881.652,80.0,50.0,74.589,44.589,OBJ_MP_1541_0349.fits,/raw1/20260420/OBJ/OBJ_MP_1541_0349.fits,0349,36306,matched,OBJ_MP_1541_0349_cat.fits.gz,/processed1/20260420/L2/OBJ_MP_1541_0349_cat.fits.gz,35636,1233.0405,30.0874,19.2691,19.97,3.8331,3.3175,26.6829,0.0366,0.0,14759.0,2679.0,3084.0,692.0,1531.0,0.1517900263199376,133.07066319155723,212.60191056852602,-1.5581127712648366,near_sun_solar_separation_sort_overwritten_by_ra_sort;scheduler_history_ingestion_stalled_after_20260330_server_audit,a6a11f498afd43f99b5add50f0c61e7005c7dcbcab19c1c7b4ab62776daf32bc
20260420,True,True,True,False,1275,20260420:1275:0005,matched,monotonic_minimum_total_absolute_time_residual,normal,5,2,290,9141,2026-04-20T18:30:15Z,2026-04-20T19:14:33.191000Z,l2_obs_time_utc,2658.191,2658.191,30.0,30.0,1800.0,1800.0,1882.87,1882.87,80.0,50.0,83.899,53.899,OBJ_MP_1275_0350.fits,/raw1/20260420/OBJ/OBJ_MP_1275_0350.fits,0350,36216,matched,OBJ_MP_1275_0350_cat.fits.gz,/processed1/20260420/L2/OBJ_MP_1275_0350_cat.fits.gz,35546,1487.5774,32.8773,18.9393,19.71,4.0475,3.5028,26.5566,0.0445,0.0,15145.0,3257.0,3211.0,810.0,1573.0,0.15186954208533454,136.80643116163824,213.15964355154716,-7.441794470313718,near_sun_solar_separation_sort_overwritten_by_ra_sort;scheduler_history_ingestion_stalled_after_20260330_server_audit,a6a11f498afd43f99b5add50f0c61e7005c7dcbcab19c1c7b4ab62776daf32bc
20260420,True,True,True,False,1802,20260420:1802:0004,matched,monotonic_minimum_total_absolute_time_residual,normal,5,2,291,9142,2026-04-20T18:31:35Z,2026-04-20T18:44:43.967000Z,l2_obs_time_utc,788.967,788.967,30.0,30.0,1800.0,1800.0,1886.548,1886.548,80.0,50.0,93.646,63.646,OBJ_MP_1802_0329.fits,/raw1/20260420/OBJ/OBJ_MP_1802_0329.fits,0329,36391,matched,OBJ_MP_1802_0329_cat.fits.gz,/processed1/20260420/L2/OBJ_MP_1802_0329_cat.fits.gz,35721,978.5086,27.5738,19.6956,20.43,3.1921,2.7633,26.8587,0.0343,0.0,17027.0,3446.0,3393.0,602.0,1485.0,0.15194907402526192,130.6553682973408,213.75095301775676,3.7182081355361936,near_sun_solar_separation_sort_overwritten_by_ra_sort;scheduler_history_ingestion_stalled_after_20260330_server_audit,a6a11f498afd43f99b5add50f0c61e7005c7dcbcab19c1c7b4ab62776daf32bc
20260420,True,True,True,False,1409,20260420:1409:0005,matched,monotonic_minimum_total_absolute_time_residual,normal,5,2,292,9143,2026-04-20T18:32:55Z,2026-04-20T19:17:35.911000Z,l2_obs_time_utc,2680.911,2680.911,30.0,30.0,1800.0,1800.0,1881.497,1881.497,80.0,50.0,88.568,58.568,OBJ_MP_1409_0352.fits,/raw1/20260420/OBJ/OBJ_MP_1409_0352.fits,0352,36267,matched,OBJ_MP_1409_0352_cat.fits.gz,/processed1/20260420/L2/OBJ_MP_1409_0352_cat.fits.gz,35597,1384.0621,32.0504,19.044,19.84,3.7862,3.2768,26.5832,0.0591,0.0,15275.0,3187.0,3154.0,786.0,1464.0,0.1520286221290134,136.01445017118863,213.92583110329812,-4.873509254770945,near_sun_solar_separation_sort_overwritten_by_ra_sort;scheduler_history_ingestion_stalled_after_20260330_server_audit,a6a11f498afd43f99b5add50f0c61e7005c7dcbcab19c1c7b4ab62776daf32bc
20260420,True,True,True,False,1673,20260420:1673:0004,matched,monotonic_minimum_total_absolute_time_residual,normal,5,2,293,9144,2026-04-20T18:34:15Z,2026-04-20T18:47:37.366000Z,l2_obs_time_utc,802.366,802.366,30.0,30.0,1800.0,1800.0,1887.983,1887.983,80.0,50.0,82.952,52.952,OBJ_MP_1673_0331.fits,/raw1/20260420/OBJ/OBJ_MP_1673_0331.fits,0331,36351,matched,OBJ_MP_1673_0331_cat.fits.gz,/processed1/20260420/L2/OBJ_MP_1673_0331_cat.fits.gz,35681,1007.5769,27.7882,19.6252,20.41,3.1091,2.6913,26.82,0.0357,0.0,18751.0,3521.0,3555.0,624.0,1873.0,0.15210818639977391,132.91464635420948,214.22283979422,0.7007660047076938,near_sun_solar_separation_sort_overwritten_by_ra_sort;scheduler_history_ingestion_stalled_after_20260330_server_audit,a6a11f498afd43f99b5add50f0c61e7005c7dcbcab19c1c7b4ab62776daf32bc
20260420,True,True,True,False,1542,20260420:1542:0005,matched,monotonic_minimum_total_absolute_time_residual,normal,5,2,294,9145,2026-04-20T18:35:35Z,2026-04-20T19:20:13.761000Z,l2_obs_time_utc,2678.761,2678.761,30.0,30.0,1800.0,1800.0,1880.674,1880.674,80.0,50.0,75.758,45.757999999999996,OBJ_MP_1542_0354.fits,/raw1/20260420/OBJ/OBJ_MP_1542_0354.fits,0354,36312,matched,OBJ_MP_1542_0354_cat.fits.gz,/processed1/20260420/L2/OBJ_MP_1542_0354_cat.fits.gz,35642,1310.3577,30.8386,19.1221,19.82,4.0174,3.4771,26.602,0.0398,0.0,14639.0,3119.0,3115.0,733.0,1703.0,0.15218776682196167,135.5453827184464,215.12060536546414,-2.457204555381106,near_sun_solar_separation_sort_overwritten_by_ra_sort;scheduler_history_ingestion_stalled_after_20260330_server_audit,a6a11f498afd43f99b5add50f0c61e7005c7dcbcab19c1c7b4ab62776daf32bc
20260420,True,True,True,False,1276,20260420:1276:0005,matched,monotonic_minimum_total_absolute_time_residual,normal,5,2,295,9146,2026-04-20T18:36:55Z,2026-04-20T19:21:36.330000Z,l2_obs_time_utc,2681.33,2681.33,30.0,30.0,1800.0,1800.0,1880.568,1880.568,80.0,50.0,82.569,52.569,OBJ_MP_1276_0355.fits,/raw1/20260420/OBJ/OBJ_MP_1276_0355.fits,0355,36222,matched,OBJ_MP_1276_0355_cat.fits.gz,/processed1/20260420/L2/OBJ_MP_1276_0355_cat.fits.gz,35552,1558.9688,33.8089,18.8116,19.75,3.5845,3.1018,26.4796,0.0469,0.0,16379.0,3432.0,3395.0,916.0,1575.0,0.15226736339791247,139.32968092821955,215.70725519534972,-8.322811925131921,near_sun_solar_separation_sort_overwritten_by_ra_sort;scheduler_history_ingestion_stalled_after_20260330_server_audit,a6a11f498afd43f99b5add50f0c61e7005c7dcbcab19c1c7b4ab62776daf32bc
20260420,True,True,True,False,1803,20260420:1803:0004,matched,monotonic_minimum_total_absolute_time_residual,normal,5,2,296,9147,2026-04-20T18:38:15Z,2026-04-20T18:51:49.501000Z,l2_obs_time_utc,814.501,814.501,30.0,30.0,1800.0,1800.0,1886.315,1886.315,80.0,50.0,93.739,63.739000000000004,OBJ_MP_1803_0334.fits,/raw1/20260420/OBJ/OBJ_MP_1803_0334.fits,0334,36398,matched,OBJ_MP_1803_0334_cat.fits.gz,/processed1/20260420/L2/OBJ_MP_1803_0334_cat.fits.gz,35728,996.0336,27.5433,19.6446,20.38,3.2155,2.7835,26.8269,0.0331,0.0,17885.0,3575.0,3555.0,645.0,1543.0,0.15234697611785875,133.06848806366187,216.26930611071086,2.8111307926507645,near_sun_solar_separation_sort_overwritten_by_ra_sort;scheduler_history_ingestion_stalled_after_20260330_server_audit,a6a11f498afd43f99b5add50f0c61e7005c7dcbcab19c1c7b4ab62776daf32bc
20260420,True,True,True,False,1410,20260420:1410:0005,matched,monotonic_minimum_total_absolute_time_residual,normal,5,2,297,9148,2026-04-20T18:39:35Z,2026-04-20T19:24:38.994000Z,l2_obs_time_utc,2703.994,2703.994,30.0,30.0,1800.0,1800.0,1879.557,1879.557,80.0,50.0,89.056,59.056,OBJ_MP_1410_0357.fits,/raw1/20260420/OBJ/OBJ_MP_1410_0357.fits,0357,36273,matched,OBJ_MP_1410_0357_cat.fits.gz,/processed1/20260420/L2/OBJ_MP_1410_0357_cat.fits.gz,35603,1529.5524,33.1768,18.6952,19.6,3.6526,3.1612,26.3429,0.0501,0.0,14279.0,3032.0,2992.0,920.0,1647.0,0.1524266049819244,138.5082085742646,216.46135051205002,-5.751386542041468,near_sun_solar_separation_sort_overwritten_by_ra_sort;scheduler_history_ingestion_stalled_after_20260330_server_audit,a6a11f498afd43f99b5add50f0c61e7005c7dcbcab19c1c7b4ab62776daf32bc
20260420,True,True,True,False,1674,20260420:1674:0004,matched,monotonic_minimum_total_absolute_time_residual,normal,5,2,298,9149,2026-04-20T18:40:55Z,2026-04-20T18:54:41.130000Z,l2_obs_time_utc,826.13,826.13,30.0,30.0,1800.0,1800.0,1886.067,1886.067,80.0,50.0,81.693,51.693,OBJ_MP_1674_0336.fits,/raw1/20260420/OBJ/OBJ_MP_1674_0336.fits,0336,36358,matched,OBJ_MP_1674_0336_cat.fits.gz,/processed1/20260420/L2/OBJ_MP_1674_0336_cat.fits.gz,35688,1053.9515,28.5561,19.5297,20.23,3.4446,2.9817,26.7734,0.0354,0.0,18092.0,3630.0,3596.0,687.0,1521.0,0.15250624998482082,135.35010594934758,216.74300353407423,-0.18988132052024426,near_sun_solar_separation_sort_overwritten_by_ra_sort;scheduler_history_ingestion_stalled_after_20260330_server_audit,a6a11f498afd43f99b5add50f0c61e7005c7dcbcab19c1c7b4ab62776daf32bc
20260420,True,True,True,False,1543,20260420:1543:0004,matched,monotonic_minimum_total_absolute_time_residual,normal,5,2,299,9150,2026-04-20T18:42:15Z,2026-04-20T18:55:55.994000Z,l2_obs_time_utc,820.994,820.994,30.0,30.0,1800.0,1800.0,1885.945,1885.945,80.0,50.0,74.864,44.864000000000004,OBJ_MP_1543_0337.fits,/raw1/20260420/OBJ/OBJ_MP_1543_0337.fits,0337,36317,matched,OBJ_MP_1543_0337_cat.fits.gz,/processed1/20260420/L2/OBJ_MP_1543_0337_cat.fits.gz,35647,1127.332,28.5775,19.4476,20.18,3.5134,3.0411,26.7643,0.0396,0.0,17679.0,3625.0,3592.0,861.0,1717.0,0.15258591111296338,138.0024435555306,217.6506059270272,-3.328855105387527,near_sun_solar_separation_sort_overwritten_by_ra_sort;scheduler_history_ingestion_stalled_after_20260330_server_audit,a6a11f498afd43f99b5add50f0c61e7005c7dcbcab19c1c7b4ab62776daf32bc
20260420,True,True,True,False,1277,20260420:1277:0005,matched,monotonic_minimum_total_absolute_time_residual,normal,5,2,300,9151,2026-04-20T18:43:35Z,2026-04-20T19:28:38.937000Z,l2_obs_time_utc,2703.937,2703.937,30.0,30.0,1800.0,1800.0,1880.433,1880.433,80.0,50.0,82.73,52.730000000000004,OBJ_MP_1277_0360.fits,/raw1/20260420/OBJ/OBJ_MP_1277_0360.fits,0360,36228,matched,OBJ_MP_1277_0360_cat.fits.gz,/processed1/20260420/L2/OBJ_MP_1277_0360_cat.fits.gz,35558,1732.2045,35.3469,18.2852,19.13,4.1698,3.6085,26.0677,0.0569,0.0,12486.0,2728.0,2695.0,1071.0,1168.0,0.15266558836966787,141.84347302882188,218.27015054001185,-9.176026094429773,near_sun_solar_separation_sort_overwritten_by_ra_sort;scheduler_history_ingestion_stalled_after_20260330_server_audit,a6a11f498afd43f99b5add50f0c61e7005c7dcbcab19c1c7b4ab62776daf32bc
20260420,True,True,True,False,1804,20260420:1804:0004,matched,monotonic_minimum_total_absolute_time_residual,normal,5,2,301,9152,2026-04-20T18:44:55Z,2026-04-20T18:58:53.168000Z,l2_obs_time_utc,838.168,838.168,30.0,30.0,1800.0,1800.0,1886.762,1886.762,80.0,50.0,94.664,64.664,OBJ_MP_1804_0339.fits,/raw1/20260420/OBJ/OBJ_MP_1804_0339.fits,0339,36405,matched,OBJ_MP_1804_0339_cat.fits.gz,/processed1/20260420/L2/OBJ_MP_1804_0339_cat.fits.gz,35735,1029.8986,27.97,19.5824,20.3,3.3434,2.8942,26.8011,0.032,0.0,18383.0,3673.0,3628.0,660.0,1504.0,0.1527452817446558,135.45332602388999,218.79594846736506,1.9328928927293747,near_sun_solar_separation_sort_overwritten_by_ra_sort;scheduler_history_ingestion_stalled_after_20260330_server_audit,a6a11f498afd43f99b5add50f0c61e7005c7dcbcab19c1c7b4ab62776daf32bc
20260420,True,True,True,False,1411,20260420:1411:0005,matched,monotonic_minimum_total_absolute_time_residual,normal,5,2,302,9153,2026-04-20T18:46:15Z,2026-04-20T19:31:42.489000Z,l2_obs_time_utc,2727.489,2727.489,30.0,30.0,1800.0,1800.0,1880.096,1880.096,80.0,50.0,89.758,59.757999999999996,OBJ_MP_1411_0362.fits,/raw1/20260420/OBJ/OBJ_MP_1411_0362.fits,0362,36279,matched,OBJ_MP_1411_0362_cat.fits.gz,/processed1/20260420/L2/OBJ_MP_1411_0362_cat.fits.gz,35609,1608.8198,33.7647,18.4903,19.48,3.4738,3.0063,26.1927,0.0548,0.0,14284.0,2981.0,2983.0,1057.0,1239.0,0.1528249912377292,140.98740943942502,219.01043996290468,-6.6009385878311715,near_sun_solar_separation_sort_overwritten_by_ra_sort;scheduler_history_ingestion_stalled_after_20260330_server_audit,a6a11f498afd43f99b5add50f0c61e7005c7dcbcab19c1c7b4ab62776daf32bc
20260420,True,True,True,False,1675,20260420:1675:0004,matched,monotonic_minimum_total_absolute_time_residual,normal,5,2,303,9154,2026-04-20T18:47:35Z,2026-04-20T19:01:45.080000Z,l2_obs_time_utc,850.08,850.08,30.0,30.0,1800.0,1800.0,1886.279,1886.279,80.0,50.0,82.687,52.687,OBJ_MP_1675_0341.fits,/raw1/20260420/OBJ/OBJ_MP_1675_0341.fits,0341,36365,matched,OBJ_MP_1675_0341_cat.fits.gz,/processed1/20260420/L2/OBJ_MP_1675_0341_cat.fits.gz,35695,1115.79,28.588,19.4086,20.2,3.3077,2.8632,26.7142,0.0375,0.0,18506.0,3744.0,3721.0,722.0,1443.0,0.1529047168383953,137.76111686182466,219.27328968641064,-1.0516938208366535,near_sun_solar_separation_sort_overwritten_by_ra_sort;scheduler_history_ingestion_stalled_after_20260330_server_audit,a6a11f498afd43f99b5add50f0c61e7005c7dcbcab19c1c7b4ab62776daf32bc
20260420,True,True,True,False,1544,20260420:1544:0004,matched,monotonic_minimum_total_absolute_time_residual,normal,5,2,304,9155,2026-04-20T18:48:55Z,2026-04-20T19:02:59.614000Z,l2_obs_time_utc,844.614,844.614,30.0,30.0,1800.0,1800.0,1886.235,1886.235,80.0,50.0,74.534,44.534000000000006,OBJ_MP_1544_0342.fits,/raw1/20260420/OBJ/OBJ_MP_1544_0342.fits,0342,36324,matched,OBJ_MP_1544_0342_cat.fits.gz,/processed1/20260420/L2/OBJ_MP_1544_0342_cat.fits.gz,35654,1193.4963,30.1332,19.3065,20.21,3.1082,2.69,26.6848,0.0442,0.0,18829.0,3347.0,3779.0,1006.0,1503.0,0.1529844585498764,140.438564216311,220.19272713947205,-4.171233588413453,near_sun_solar_separation_sort_overwritten_by_ra_sort;scheduler_history_ingestion_stalled_after_20260330_server_audit,a6a11f498afd43f99b5add50f0c61e7005c7dcbcab19c1c7b4ab62776daf32bc
20260420,True,True,True,False,1278,20260420:1278:0005,matched,monotonic_minimum_total_absolute_time_residual,normal,5,2,305,9156,2026-04-20T18:50:15Z,2026-04-20T19:35:41.611000Z,l2_obs_time_utc,2726.611,2726.611,30.0,30.0,1800.0,1800.0,1878.151,1878.151,80.0,50.0,82.489,52.489000000000004,OBJ_MP_1278_0365.fits,/raw1/20260420/OBJ/OBJ_MP_1278_0365.fits,0365,36234,matched,OBJ_MP_1278_0365_cat.fits.gz,/processed1/20260420/L2/OBJ_MP_1278_0365_cat.fits.gz,35564,1737.0908,35.2585,18.1898,19.07,4.0611,3.5144,25.9755,0.0516,0.0,13097.0,2773.0,2750.0,1215.0,1189.0,0.15306421635908607,144.34584465930237,220.84904445471855,-9.999554519524446,near_sun_solar_separation_sort_overwritten_by_ra_sort;scheduler_history_ingestion_stalled_after_20260330_server_audit,a6a11f498afd43f99b5add50f0c61e7005c7dcbcab19c1c7b4ab62776daf32bc
20260420,True,True,True,False,1805,20260420:1805:0004,matched,monotonic_minimum_total_absolute_time_residual,normal,5,2,306,9157,2026-04-20T18:51:35Z,2026-04-20T19:05:58.493000Z,l2_obs_time_utc,863.493,863.493,30.0,30.0,1800.0,1800.0,1885.424,1885.424,80.0,50.0,95.033,65.033,OBJ_MP_1805_0344.fits,/raw1/20260420/OBJ/OBJ_MP_1805_0344.fits,0344,36412,matched,OBJ_MP_1805_0344_cat.fits.gz,/processed1/20260420/L2/OBJ_MP_1805_0344_cat.fits.gz,35742,1048.7789,28.0849,19.5334,20.27,3.3358,2.8875,26.7717,0.0383,0.0,18971.0,3874.0,3833.0,781.0,1644.0,0.15314399026298925,137.80502915563716,221.33175309737288,1.0853050757738696,near_sun_solar_separation_sort_overwritten_by_ra_sort;scheduler_history_ingestion_stalled_after_20260330_server_audit,a6a11f498afd43f99b5add50f0c61e7005c7dcbcab19c1c7b4ab62776daf32bc
20260420,True,True,True,False,1412,20260420:1412:0005,matched,monotonic_minimum_total_absolute_time_residual,normal,5,2,307,9158,2026-04-20T18:52:55Z,2026-04-20T19:38:44.747000Z,l2_obs_time_utc,2749.747,2749.747,30.0,30.0,1800.0,1800.0,1876.536,1876.536,80.0,50.0,89.541,59.541,OBJ_MP_1412_0367.fits,/raw1/20260420/OBJ/OBJ_MP_1412_0367.fits,0367,36285,matched,OBJ_MP_1412_0367_cat.fits.gz,/processed1/20260420/L2/OBJ_MP_1412_0367_cat.fits.gz,35615,1614.7974,34.1522,18.4097,19.4,3.5049,3.0333,26.1162,0.0491,0.0,14639.0,2931.0,3039.0,1196.0,1264.0,0.15322378025718691,143.4491173340239,221.5738057129596,-7.420324184039061,near_sun_solar_separation_sort_overwritten_by_ra_sort;scheduler_history_ingestion_stalled_after_20260330_server_audit,a6a11f498afd43f99b5add50f0c61e7005c7dcbcab19c1c7b4ab62776daf32bc
20260420,True,True,True,False,1801,20260420:1801:0005,matched,monotonic_minimum_total_absolute_time_residual,normal,5,3,308,9159,2026-04-20T18:54:55Z,2026-04-20T19:09:02.834000Z,l2_obs_time_utc,847.834,847.834,30.0,30.0,1800.0,3600.0,1884.97,3772.59,120.0,90.0,94.623,64.623,OBJ_MP_1801_0346.fits,/raw1/20260420/OBJ/OBJ_MP_1801_0346.fits,0346,36385,matched,OBJ_MP_1801_0346_cat.fits.gz,/processed1/20260420/L2/OBJ_MP_1801_0346_cat.fits.gz,35715,1097.6523,28.7344,19.4639,20.29,3.1585,2.7338,26.7515,0.0391,0.0,15159.0,3115.0,3107.0,616.0,1329.0,0.15334349540622666,127.85991160855096,211.2398896898021,4.6522860440999665,near_sun_solar_separation_sort_overwritten_by_ra_sort;scheduler_history_ingestion_stalled_after_20260330_server_audit,a6a11f498afd43f99b5add50f0c61e7005c7dcbcab19c1c7b4ab62776daf32bc
20260420,True,True,True,False,1408,20260420:1408:0006,matched,monotonic_minimum_total_absolute_time_residual,normal,5,3,309,9160,2026-04-20T18:56:15Z,2026-04-20T19:41:50.091000Z,l2_obs_time_utc,2735.091,2735.091,30.0,30.0,1800.0,3600.0,1877.865,3761.823,80.0,50.0,90.573,60.57299999999999,OBJ_MP_1408_0369.fits,/raw1/20260420/OBJ/OBJ_MP_1408_0369.fits,0369,36262,matched,OBJ_MP_1408_0369_cat.fits.gz,/processed1/20260420/L2/OBJ_MP_1408_0369_cat.fits.gz,35592,1830.769,36.1746,18.2695,19.2,3.9708,3.436,26.112,0.0519,0.0,10432.0,2033.0,2235.0,784.0,1077.0,0.15342332560498678,133.1256761749535,211.40304767922993,-3.9691679898971914,near_sun_solar_separation_sort_overwritten_by_ra_sort;scheduler_history_ingestion_stalled_after_20260330_server_audit,a6a11f498afd43f99b5add50f0c61e7005c7dcbcab19c1c7b4ab62776daf32bc
20260420,True,True,True,False,1672,20260420:1672:0005,matched,monotonic_minimum_total_absolute_time_residual,normal,5,3,310,9161,2026-04-20T18:57:35Z,2026-04-20T19:11:54.703000Z,l2_obs_time_utc,859.703,859.703,30.0,30.0,1800.0,3600.0,1883.538,3771.957,80.0,50.0,82.477,52.477000000000004,OBJ_MP_1672_0348.fits,/raw1/20260420/OBJ/OBJ_MP_1672_0348.fits,0348,36345,matched,OBJ_MP_1672_0348_cat.fits.gz,/processed1/20260420/L2/OBJ_MP_1672_0348_cat.fits.gz,35675,1191.2363,29.7827,19.3815,20.25,3.2155,2.7832,26.758,0.0377,0.0,15627.0,2992.0,3158.0,645.0,1353.0,0.1535031718707266,130.09166545536578,211.71188764427023,1.618417872987434,near_sun_solar_separation_sort_overwritten_by_ra_sort;scheduler_history_ingestion_stalled_after_20260330_server_audit,a6a11f498afd43f99b5add50f0c61e7005c7dcbcab19c1c7b4ab62776daf32bc
20260420,True,True,True,False,1541,20260420:1541:0006,matched,monotonic_minimum_total_absolute_time_residual,normal,5,3,311,9162,2026-04-20T18:58:55Z,2026-04-20T19:44:29.817000Z,l2_obs_time_utc,2734.817,2734.817,30.0,30.0,1800.0,3600.0,1880.525,3762.177,80.0,50.0,76.735,46.735,OBJ_MP_1541_0371.fits,/raw1/20260420/OBJ/OBJ_MP_1541_0371.fits,0371,36307,matched,OBJ_MP_1541_0371_cat.fits.gz,/processed1/20260420/L2/OBJ_MP_1541_0371_cat.fits.gz,35637,1754.441,34.8677,18.1245,19.15,3.5575,3.0786,25.921,0.0453,0.0,9471.0,2032.0,2003.0,745.0,892.0,0.15358303420866443,132.69635701734157,212.60191056852602,-1.5581127712648366,near_sun_solar_separation_sort_overwritten_by_ra_sort;scheduler_history_ingestion_stalled_after_20260330_server_audit,a6a11f498afd43f99b5add50f0c61e7005c7dcbcab19c1c7b4ab62776daf32bc
20260420,True,True,True,False,1275,20260420:1275:0006,matched,monotonic_minimum_total_absolute_time_residual,normal,5,3,312,9163,2026-04-20T19:00:15Z,2026-04-20T19:45:52.462000Z,l2_obs_time_utc,2737.462,2737.462,30.0,30.0,1800.0,3600.0,1879.271,3762.141,80.0,50.0,82.645,52.644999999999996,OBJ_MP_1275_0372.fits,/raw1/20260420/OBJ/OBJ_MP_1275_0372.fits,0372,36217,matched,OBJ_MP_1275_0372_cat.fits.gz,/processed1/20260420/L2/OBJ_MP_1275_0372_cat.fits.gz,35547,2169.6089,39.2665,17.59,18.48,4.5865,3.9683,25.6166,0.0736,0.0,8971.0,1885.0,1870.0,884.0,859.0,0.15366291260305587,136.41746566998188,213.15964355154716,-7.441794470313718,near_sun_solar_separation_sort_overwritten_by_ra_sort;scheduler_history_ingestion_stalled_after_20260330_server_audit,a6a11f498afd43f99b5add50f0c61e7005c7dcbcab19c1c7b4ab62776daf32bc
20260420,True,True,False,False,1802,20260420:1802:plan:0005,planned_not_acquired,monotonic_minimum_total_absolute_time_residual,normal,5,3,313,9164,2026-04-20T19:01:35Z,,,,,30.0,,1800.0,3600.0,,,80.0,50.0,,,,,,,not_applicable,,,,,,,,,,,,,,,,,,0.15374280705937848,130.3000650107993,213.75095301775676,3.7182081355361936,near_sun_solar_separation_sort_overwritten_by_ra_sort;scheduler_history_ingestion_stalled_after_20260330_server_audit,a6a11f498afd43f99b5add50f0c61e7005c7dcbcab19c1c7b4ab62776daf32bc
20260420,True,True,True,False,1409,20260420:1409:0006,matched,monotonic_minimum_total_absolute_time_residual,normal,5,3,314,9165,2026-04-20T19:02:55Z,2026-04-20T19:48:55.470000Z,l2_obs_time_utc,2760.47,2760.47,30.0,30.0,1800.0,3600.0,1879.559,3761.056,80.0,50.0,89.288,59.288,OBJ_MP_1409_0374.fits,/raw1/20260420/OBJ/OBJ_MP_1409_0374.fits,0374,36268,matched,OBJ_MP_1409_0374_cat.fits.gz,/processed1/20260420/L2/OBJ_MP_1409_0374_cat.fits.gz,35598,2001.6215,37.5728,17.8259,18.97,3.4516,2.9867,25.7652,0.0704,0.0,9907.0,2033.0,2017.0,825.0,789.0,0.15382271756132576,135.63292049848363,213.92583110329812,-4.873509254770945,near_sun_solar_separation_sort_overwritten_by_ra_sort;scheduler_history_ingestion_stalled_after_20260330_server_audit,a6a11f498afd43f99b5add50f0c61e7005c7dcbcab19c1c7b4ab62776daf32bc
20260420,True,True,False,False,1673,20260420:1673:plan:0005,planned_not_acquired,monotonic_minimum_total_absolute_time_residual,normal,5,3,315,9166,2026-04-20T19:04:15Z,,,,,30.0,,1800.0,3600.0,,,80.0,50.0,,,,,,,not_applicable,,,,,,,,,,,,,,,,,,0.15390264411506205,132.55031558611398,214.22283979422,0.7007660047076938,near_sun_solar_separation_sort_overwritten_by_ra_sort;scheduler_history_ingestion_stalled_after_20260330_server_audit,a6a11f498afd43f99b5add50f0c61e7005c7dcbcab19c1c7b4ab62776daf32bc
20260420,True,True,True,False,1542,20260420:1542:0006,matched,monotonic_minimum_total_absolute_time_residual,normal,5,3,316,9167,2026-04-20T19:05:35Z,2026-04-20T19:51:31.847000Z,l2_obs_time_utc,2756.847,2756.847,30.0,30.0,1800.0,3600.0,1878.086,3758.76,80.0,50.0,74.686,44.68600000000001,OBJ_MP_1542_0376.fits,/raw1/20260420/OBJ/OBJ_MP_1542_0376.fits,0376,36313,matched,OBJ_MP_1542_0376_cat.fits.gz,/processed1/20260420/L2/OBJ_MP_1542_0376_cat.fits.gz,35643,1775.8092,35.4134,18.0739,18.9,4.3123,3.7319,25.8835,0.0711,0.0,9284.0,2032.0,2022.0,837.0,890.0,0.15398258670746434,135.17306455368671,215.12060536546414,-2.457204555381106,near_sun_solar_separation_sort_overwritten_by_ra_sort;scheduler_history_ingestion_stalled_after_20260330_server_audit,a6a11f498afd43f99b5add50f0c61e7005c7dcbcab19c1c7b4ab62776daf32bc
20260420,True,True,True,False,1276,20260420:1276:0006,matched,monotonic_minimum_total_absolute_time_residual,normal,5,3,317,9168,2026-04-20T19:06:55Z,2026-04-20T19:52:54.614000Z,l2_obs_time_utc,2759.614,2759.614,30.0,30.0,1800.0,3600.0,1878.284,3758.852,80.0,50.0,82.767,52.766999999999996,OBJ_MP_1276_0377.fits,/raw1/20260420/OBJ/OBJ_MP_1276_0377.fits,0377,36223,matched,OBJ_MP_1276_0377_cat.fits.gz,/processed1/20260420/L2/OBJ_MP_1276_0377_cat.fits.gz,35553,2477.6543,41.7649,17.0802,18.28,3.7296,3.2267,25.2507,0.2681,0.0,7391.0,1593.0,1588.0,955.0,666.0,0.1540625453357456,138.9416395893414,215.70725519534972,-8.322811925131921,near_sun_solar_separation_sort_overwritten_by_ra_sort;scheduler_history_ingestion_stalled_after_20260330_server_audit,a6a11f498afd43f99b5add50f0c61e7005c7dcbcab19c1c7b4ab62776daf32bc
20260420,True,True,False,False,1803,20260420:1803:plan:0005,planned_not_acquired,monotonic_minimum_total_absolute_time_residual,normal,5,3,318,9169,2026-04-20T19:08:15Z,,,,,30.0,,1800.0,3600.0,,,80.0,50.0,,,,,,,not_applicable,,,,,,,,,,,,,,,,,,0.15414251999767176,132.7165396129866,216.26930611071086,2.8111307926507645,near_sun_solar_separation_sort_overwritten_by_ra_sort;scheduler_history_ingestion_stalled_after_20260330_server_audit,a6a11f498afd43f99b5add50f0c61e7005c7dcbcab19c1c7b4ab62776daf32bc
20260420,True,True,True,False,1410,20260420:1410:0006,matched,monotonic_minimum_total_absolute_time_residual,normal,5,3,319,9170,2026-04-20T19:09:35Z,2026-04-20T19:55:58.511000Z,l2_obs_time_utc,2783.511,2783.511,30.0,30.0,1800.0,3600.0,1879.517,3759.074,80.0,50.0,90.504,60.504000000000005,OBJ_MP_1410_0379.fits,/raw1/20260420/OBJ/OBJ_MP_1410_0379.fits,0379,36274,matched,OBJ_MP_1410_0379_cat.fits.gz,/processed1/20260420/L2/OBJ_MP_1410_0379_cat.fits.gz,35604,2098.7126,39.2197,17.6886,18.86,3.4759,3.0078,25.6794,0.1569,0.0,9765.0,2020.0,1998.0,1046.0,802.0,0.15422251067958526,138.12830708313942,216.46135051205002,-5.751386542041468,near_sun_solar_separation_sort_overwritten_by_ra_sort;scheduler_history_ingestion_stalled_after_20260330_server_audit,a6a11f498afd43f99b5add50f0c61e7005c7dcbcab19c1c7b4ab62776daf32bc
20260420,True,True,False,False,1674,20260420:1674:plan:0005,planned_not_acquired,monotonic_minimum_total_absolute_time_residual,normal,5,3,320,9171,2026-04-20T19:10:55Z,,,,,30.0,,1800.0,3600.0,,,80.0,50.0,,,,,,,not_applicable,,,,,,,,,,,,,,,,,,0.1543025173871978,134.9886901542031,216.74300353407423,-0.18988132052024426,near_sun_solar_separation_sort_overwritten_by_ra_sort;scheduler_history_ingestion_stalled_after_20260330_server_audit,a6a11f498afd43f99b5add50f0c61e7005c7dcbcab19c1c7b4ab62776daf32bc
20260420,True,True,False,False,1543,20260420:1543:plan:0005,planned_not_acquired,monotonic_minimum_total_absolute_time_residual,normal,5,3,321,9172,2026-04-20T19:12:15Z,,,,,30.0,,1800.0,3600.0,,,80.0,50.0,,,,,,,not_applicable,,,,,,,,,,,,,,,,,,0.15438254011087188,137.63262020832641,217.6506059270272,-3.328855105387527,near_sun_solar_separation_sort_overwritten_by_ra_sort;scheduler_history_ingestion_stalled_after_20260330_server_audit,a6a11f498afd43f99b5add50f0c61e7005c7dcbcab19c1c7b4ab62776daf32bc
20260420,True,True,True,False,1277,20260420:1277:0006,matched,monotonic_minimum_total_absolute_time_residual,normal,5,3,322,9173,2026-04-20T19:13:35Z,2026-04-20T20:00:00.017000Z,l2_obs_time_utc,2785.017,2785.017,30.0,30.0,1800.0,3600.0,1881.08,3761.513,80.0,50.0,82.52,52.519999999999996,OBJ_MP_1277_0382.fits,/raw1/20260420/OBJ/OBJ_MP_1277_0382.fits,0382,36229,matched,OBJ_MP_1277_0382_cat.fits.gz,/processed1/20260420/L2/OBJ_MP_1277_0382_cat.fits.gz,35559,2246.3811,40.4678,17.6622,18.73,3.9626,3.4284,25.7265,0.0946,0.0,10466.0,2213.0,2172.0,1127.0,896.0,0.15446257884515185,141.45668797667585,218.27015054001185,-9.176026094429773,near_sun_solar_separation_sort_overwritten_by_ra_sort;scheduler_history_ingestion_stalled_after_20260330_server_audit,a6a11f498afd43f99b5add50f0c61e7005c7dcbcab19c1c7b4ab62776daf32bc
20260420,True,True,False,False,1804,20260420:1804:plan:0005,planned_not_acquired,monotonic_minimum_total_absolute_time_residual,normal,5,3,323,9174,2026-04-20T19:14:55Z,,,,,30.0,,1800.0,3600.0,,,80.0,50.0,,,,,,,not_applicable,,,,,,,,,,,,,,,,,,0.154542633578362,135.10543833936748,218.79594846736506,1.9328928927293747,near_sun_solar_separation_sort_overwritten_by_ra_sort;scheduler_history_ingestion_stalled_after_20260330_server_audit,a6a11f498afd43f99b5add50f0c61e7005c7dcbcab19c1c7b4ab62776daf32bc
20260420,True,True,True,False,1411,20260420:1411:0006,matched,monotonic_minimum_total_absolute_time_residual,normal,5,3,324,9175,2026-04-20T19:16:15Z,2026-04-20T20:03:04.038000Z,l2_obs_time_utc,2809.038,2809.038,30.0,30.0,1800.0,3600.0,1881.549,3761.645,80.0,50.0,90.098,60.098,OBJ_MP_1411_0384.fits,/raw1/20260420/OBJ/OBJ_MP_1411_0384.fits,0384,36280,matched,OBJ_MP_1411_0384_cat.fits.gz,/processed1/20260420/L2/OBJ_MP_1411_0384_cat.fits.gz,35610,2229.3335,39.2332,17.4326,18.45,4.1553,3.5955,25.4889,0.1499,0.0,9564.0,1954.0,1961.0,1160.0,799.0,0.15462270431737352,140.60959620093342,219.01043996290468,-6.6009385878311715,near_sun_solar_separation_sort_overwritten_by_ra_sort;scheduler_history_ingestion_stalled_after_20260330_server_audit,a6a11f498afd43f99b5add50f0c61e7005c7dcbcab19c1c7b4ab62776daf32bc
20260420,True,True,False,False,1675,20260420:1675:plan:0005,planned_not_acquired,monotonic_minimum_total_absolute_time_residual,normal,5,3,325,9176,2026-04-20T19:17:35Z,,,,,30.0,,1800.0,3600.0,,,80.0,50.0,,,,,,,not_applicable,,,,,,,,,,,,,,,,,,0.1547027910487302,137.4032730072061,219.27328968641064,-1.0516938208366535,near_sun_solar_separation_sort_overwritten_by_ra_sort;scheduler_history_ingestion_stalled_after_20260330_server_audit,a6a11f498afd43f99b5add50f0c61e7005c7dcbcab19c1c7b4ab62776daf32bc
20260420,True,True,False,False,1544,20260420:1544:plan:0005,planned_not_acquired,monotonic_minimum_total_absolute_time_residual,normal,5,3,326,9177,2026-04-20T19:18:55Z,,,,,30.0,,1800.0,3600.0,,,80.0,50.0,,,,,,,not_applicable,,,,,,,,,,,,,,,,,,0.1547828937745649,140.0718487662283,220.19272713947205,-4.171233588413453,near_sun_solar_separation_sort_overwritten_by_ra_sort;scheduler_history_ingestion_stalled_after_20260330_server_audit,a6a11f498afd43f99b5add50f0c61e7005c7dcbcab19c1c7b4ab62776daf32bc
20260420,True,True,True,False,1278,20260420:1278:0006,matched,monotonic_minimum_total_absolute_time_residual,normal,5,3,327,9178,2026-04-20T19:20:15Z,2026-04-20T20:07:03.984000Z,l2_obs_time_utc,2808.984,2808.984,30.0,30.0,1800.0,3600.0,1882.373,3760.524,80.0,50.0,82.864,52.864000000000004,OBJ_MP_1278_0387.fits,/raw1/20260420/OBJ/OBJ_MP_1278_0387.fits,0387,36235,matched,OBJ_MP_1278_0387_cat.fits.gz,/processed1/20260420/L2/OBJ_MP_1278_0387_cat.fits.gz,35565,2493.1177,45.4662,17.5921,18.79,3.7615,3.2544,25.7695,0.0749,0.0,11219.0,2293.0,2266.0,1272.0,920.0,0.15486301247978845,143.96072272346638,220.84904445471855,-9.999554519524446,near_sun_solar_separation_sort_overwritten_by_ra_sort;scheduler_history_ingestion_stalled_after_20260330_server_audit,a6a11f498afd43f99b5add50f0c61e7005c7dcbcab19c1c7b4ab62776daf32bc
20260420,True,True,False,False,1805,20260420:1805:plan:0005,planned_not_acquired,monotonic_minimum_total_absolute_time_residual,normal,5,3,328,9179,2026-04-20T19:21:35Z,,,,,30.0,,1800.0,3600.0,,,80.0,50.0,,,,,,,not_applicable,,,,,,,,,,,,,,,,,,0.15494314716462498,137.4620433037038,221.33175309737288,1.0853050757738696,near_sun_solar_separation_sort_overwritten_by_ra_sort;scheduler_history_ingestion_stalled_after_20260330_server_audit,a6a11f498afd43f99b5add50f0c61e7005c7dcbcab19c1c7b4ab62776daf32bc
20260420,True,True,True,False,1412,20260420:1412:0006,matched,monotonic_minimum_total_absolute_time_residual,normal,5,3,329,9180,2026-04-20T19:22:55Z,2026-04-20T20:10:07.113000Z,l2_obs_time_utc,2832.113,2832.113,30.0,30.0,1800.0,3600.0,1882.366,3758.902,80.0,50.0,89.466,59.465999999999994,OBJ_MP_1412_0389.fits,/raw1/20260420/OBJ/OBJ_MP_1412_0389.fits,0389,36286,matched,OBJ_MP_1412_0389_cat.fits.gz,/processed1/20260420/L2/OBJ_MP_1412_0389_cat.fits.gz,35616,2411.2393,41.333,17.9375,19.24,3.3467,2.8957,26.0788,0.0827,0.0,13485.0,2610.0,2686.0,1261.0,1111.0,0.15502329782331897,143.07395764040638,221.5738057129596,-7.420324184039061,near_sun_solar_separation_sort_overwritten_by_ra_sort;scheduler_history_ingestion_stalled_after_20260330_server_audit,a6a11f498afd43f99b5add50f0c61e7005c7dcbcab19c1c7b4ab62776daf32bc
20260420,True,True,False,False,1800,20260420:1800:plan:0000,planned_not_acquired,monotonic_minimum_total_absolute_time_residual,near_sun,6,1,330,9181,2026-04-20T19:24:15Z,,,,,30.0,,,0.0,,,80.0,50.0,,,,,,,not_applicable,,,,,,,,,,,,,,,,,,0.15510346445671075,124.96142886297365,208.73499515263123,5.611500337046251,near_sun_solar_separation_sort_overwritten_by_ra_sort;scheduler_history_ingestion_stalled_after_20260330_server_audit,a6a11f498afd43f99b5add50f0c61e7005c7dcbcab19c1c7b4ab62776daf32bc
20260420,True,True,False,False,1801,20260420:1801:plan:0006,planned_not_acquired,monotonic_minimum_total_absolute_time_residual,near_sun,6,1,331,9182,2026-04-20T19:25:35Z,,,,,30.0,,,0.0,,,80.0,50.0,,,,,,,not_applicable,,,,,,,,,,,,,,,,,,0.15518364704584425,127.4896286846724,211.2398896898021,4.6522860440999665,near_sun_solar_separation_sort_overwritten_by_ra_sort;scheduler_history_ingestion_stalled_after_20260330_server_audit,a6a11f498afd43f99b5add50f0c61e7005c7dcbcab19c1c7b4ab62776daf32bc
20260420,True,True,False,False,1672,20260420:1672:plan:0006,planned_not_acquired,monotonic_minimum_total_absolute_time_residual,near_sun,6,1,332,9183,2026-04-20T19:26:55Z,,,,,30.0,,,0.0,,,80.0,50.0,,,,,,,not_applicable,,,,,,,,,,,,,,,,,,0.1552638456021851,129.7294832613145,211.71188764427023,1.618417872987434,near_sun_solar_separation_sort_overwritten_by_ra_sort;scheduler_history_ingestion_stalled_after_20260330_server_audit,a6a11f498afd43f99b5add50f0c61e7005c7dcbcab19c1c7b4ab62776daf32bc
20260420,True,True,True,False,1802,20260420:1802:0005,matched,monotonic_minimum_total_absolute_time_residual,near_sun,6,1,333,9184,2026-04-20T19:28:15Z,2026-04-20T19:16:07.343000Z,l2_obs_time_utc,-727.657,727.657,30.0,30.0,,0.0,,0.0,80.0,50.0,94.152,64.152,OBJ_MP_1802_0351.fits,/raw1/20260420/OBJ/OBJ_MP_1802_0351.fits,0351,36392,matched,OBJ_MP_1802_0351_cat.fits.gz,/processed1/20260420/L2/OBJ_MP_1802_0351_cat.fits.gz,35722,1124.141,28.7143,19.415,20.04,3.8818,3.3601,26.7286,0.0368,0.0,14550.0,3064.0,3023.0,633.0,1469.0,0.1553440601066451,129.9808199458563,213.75095301775676,3.7182081355361936,near_sun_solar_separation_sort_overwritten_by_ra_sort;scheduler_history_ingestion_stalled_after_20260330_server_audit,a6a11f498afd43f99b5add50f0c61e7005c7dcbcab19c1c7b4ab62776daf32bc
20260420,True,True,True,False,1673,20260420:1673:0005,matched,monotonic_minimum_total_absolute_time_residual,near_sun,6,1,334,9185,2026-04-20T19:29:35Z,2026-04-20T19:18:58.003000Z,l2_obs_time_utc,-636.997,636.997,30.0,30.0,,0.0,,0.0,80.0,50.0,82.092,52.092,OBJ_MP_1673_0353.fits,/raw1/20260420/OBJ/OBJ_MP_1673_0353.fits,0353,36352,matched,OBJ_MP_1673_0353_cat.fits.gz,/processed1/20260420/L2/OBJ_MP_1673_0353_cat.fits.gz,35682,1240.6201,30.488,19.1573,19.97,3.4802,3.0123,26.5779,0.0426,0.0,14777.0,2970.0,3004.0,679.0,1379.0,0.15542429056230928,132.239781982108,214.22283979422,0.7007660047076938,near_sun_solar_separation_sort_overwritten_by_ra_sort;scheduler_history_ingestion_stalled_after_20260330_server_audit,a6a11f498afd43f99b5add50f0c61e7005c7dcbcab19c1c7b4ab62776daf32bc
20260420,True,True,True,False,1803,20260420:1803:0005,matched,monotonic_minimum_total_absolute_time_residual,near_sun,6,1,335,9186,2026-04-20T19:30:55Z,2026-04-20T19:23:09.938000Z,l2_obs_time_utc,-465.062,465.062,30.0,30.0,,0.0,,0.0,80.0,50.0,93.608,63.608000000000004,OBJ_MP_1803_0356.fits,/raw1/20260420/OBJ/OBJ_MP_1803_0356.fits,0356,36399,matched,OBJ_MP_1803_0356_cat.fits.gz,/processed1/20260420/L2/OBJ_MP_1803_0356_cat.fits.gz,35729,1200.3185,29.7974,19.2007,20.01,3.4124,2.9535,26.5853,0.0413,0.0,14299.0,2851.0,2978.0,685.0,1321.0,0.15550453695828098,132.44793836482694,216.26930611071086,2.8111307926507645,near_sun_solar_separation_sort_overwritten_by_ra_sort;scheduler_history_ingestion_stalled_after_20260330_server_audit,a6a11f498afd43f99b5add50f0c61e7005c7dcbcab19c1c7b4ab62776daf32bc
20260420,True,True,True,False,1674,20260420:1674:0005,matched,monotonic_minimum_total_absolute_time_residual,near_sun,6,1,336,9187,2026-04-20T19:32:15Z,2026-04-20T19:26:00.987000Z,l2_obs_time_utc,-374.013,374.013,30.0,30.0,,0.0,,0.0,80.0,50.0,81.993,51.992999999999995,OBJ_MP_1674_0358.fits,/raw1/20260420/OBJ/OBJ_MP_1674_0358.fits,0358,36359,matched,OBJ_MP_1674_0358_cat.fits.gz,/processed1/20260420/L2/OBJ_MP_1674_0358_cat.fits.gz,35689,1328.8606,31.0083,18.9592,19.86,3.3386,2.8896,26.4543,0.047,0.0,14730.0,3006.0,3024.0,734.0,1278.0,0.15558479929579,134.7294596067581,216.74300353407423,-0.18988132052024426,near_sun_solar_separation_sort_overwritten_by_ra_sort;scheduler_history_ingestion_stalled_after_20260330_server_audit,a6a11f498afd43f99b5add50f0c61e7005c7dcbcab19c1c7b4ab62776daf32bc
20260420,True,True,True,False,1543,20260420:1543:0005,matched,monotonic_minimum_total_absolute_time_residual,near_sun,6,1,337,9188,2026-04-20T19:33:35Z,2026-04-20T19:27:16.207000Z,l2_obs_time_utc,-378.793,378.793,30.0,30.0,,0.0,,0.0,80.0,50.0,75.22,45.22,OBJ_MP_1543_0359.fits,/raw1/20260420/OBJ/OBJ_MP_1543_0359.fits,0359,36318,matched,OBJ_MP_1543_0359_cat.fits.gz,/processed1/20260420/L2/OBJ_MP_1543_0359_cat.fits.gz,35648,1441.7006,32.2027,18.7711,19.48,4.2037,3.6383,26.3546,0.0456,0.0,12890.0,2774.0,2741.0,914.0,1324.0,0.15566507756561204,137.3676329782325,217.6506059270272,-3.328855105387527,near_sun_solar_separation_sort_overwritten_by_ra_sort;scheduler_history_ingestion_stalled_after_20260330_server_audit,a6a11f498afd43f99b5add50f0c61e7005c7dcbcab19c1c7b4ab62776daf32bc
20260420,True,True,True,False,1804,20260420:1804:0005,matched,monotonic_minimum_total_absolute_time_residual,near_sun,6,1,338,9189,2026-04-20T19:34:55Z,2026-04-20T19:30:12.731000Z,l2_obs_time_utc,-282.269,282.269,30.0,30.0,,0.0,,0.0,80.0,50.0,93.794,63.794,OBJ_MP_1804_0361.fits,/raw1/20260420/OBJ/OBJ_MP_1804_0361.fits,0361,36406,matched,OBJ_MP_1804_0361_cat.fits.gz,/processed1/20260420/L2/OBJ_MP_1804_0361_cat.fits.gz,35736,1294.8359,31.07,18.9332,19.85,3.2509,2.814,26.4003,0.0396,0.0,14075.0,2973.0,2931.0,707.0,1228.0,0.15574537176342945,134.87127076905028,218.79594846736506,1.9328928927293747,near_sun_solar_separation_sort_overwritten_by_ra_sort;scheduler_history_ingestion_stalled_after_20260330_server_audit,a6a11f498afd43f99b5add50f0c61e7005c7dcbcab19c1c7b4ab62776daf32bc
20260420,True,True,True,False,1675,20260420:1675:0005,matched,monotonic_minimum_total_absolute_time_residual,near_sun,6,1,339,9190,2026-04-20T19:36:15Z,2026-04-20T19:33:04.160000Z,l2_obs_time_utc,-190.84,190.84,30.0,30.0,,0.0,,0.0,80.0,50.0,81.671,51.67100000000001,OBJ_MP_1675_0363.fits,/raw1/20260420/OBJ/OBJ_MP_1675_0363.fits,0363,36366,matched,OBJ_MP_1675_0363_cat.fits.gz,/processed1/20260420/L2/OBJ_MP_1675_0363_cat.fits.gz,35696,1372.0973,31.5547,18.8139,19.62,3.7219,3.2214,26.3437,0.0484,0.0,13894.0,2941.0,2920.0,780.0,1211.0,0.15582568188136708,137.17878224251228,219.27328968641064,-1.0516938208366535,near_sun_solar_separation_sort_overwritten_by_ra_sort;scheduler_history_ingestion_stalled_after_20260330_server_audit,a6a11f498afd43f99b5add50f0c61e7005c7dcbcab19c1c7b4ab62776daf32bc
20260420,True,True,True,False,1544,20260420:1544:0005,matched,monotonic_minimum_total_absolute_time_residual,near_sun,6,1,340,9191,2026-04-20T19:37:35Z,2026-04-20T19:34:19.122000Z,l2_obs_time_utc,-195.878,195.878,30.0,30.0,,0.0,,0.0,80.0,50.0,74.962,44.962,OBJ_MP_1544_0364.fits,/raw1/20260420/OBJ/OBJ_MP_1544_0364.fits,0364,36325,matched,OBJ_MP_1544_0364_cat.fits.gz,/processed1/20260420/L2/OBJ_MP_1544_0364_cat.fits.gz,35655,1511.707,33.2181,18.5133,19.42,3.6169,3.13,26.148,0.0532,0.0,12847.0,2395.0,2711.0,1075.0,1171.0,0.15590600791711667,139.84202829589947,220.19272713947205,-4.171233588413453,near_sun_solar_separation_sort_overwritten_by_ra_sort;scheduler_history_ingestion_stalled_after_20260330_server_audit,a6a11f498afd43f99b5add50f0c61e7005c7dcbcab19c1c7b4ab62776daf32bc
20260420,True,True,True,False,1805,20260420:1805:0005,matched,monotonic_minimum_total_absolute_time_residual,near_sun,6,1,341,9192,2026-04-20T19:38:55Z,2026-04-20T19:37:15.206000Z,l2_obs_time_utc,-99.794,99.794,30.0,30.0,,0.0,,0.0,80.0,50.0,93.595,63.595,OBJ_MP_1805_0366.fits,/raw1/20260420/OBJ/OBJ_MP_1805_0366.fits,0366,36413,matched,OBJ_MP_1805_0366_cat.fits.gz,/processed1/20260420/L2/OBJ_MP_1805_0366_cat.fits.gz,35743,1343.3583,31.0434,18.7864,19.74,3.2256,2.7921,26.2935,0.046,0.0,14076.0,3001.0,2984.0,854.0,1169.0,0.15598634987018306,137.26202050601995,221.33175309737288,1.0853050757738696,near_sun_solar_separation_sort_overwritten_by_ra_sort;scheduler_history_ingestion_stalled_after_20260330_server_audit,a6a11f498afd43f99b5add50f0c61e7005c7dcbcab19c1c7b4ab62776daf32bc
20260420,True,True,False,False,1676,20260420:1676:plan:0000,planned_not_acquired,monotonic_minimum_total_absolute_time_residual,near_sun,6,1,342,9193,2026-04-20T19:40:15Z,,,,,30.0,,,0.0,,,80.0,50.0,,,,,,,not_applicable,,,,,,,,,,,,,,,,,,0.1560667077277525,139.59972968497058,221.8144833280951,-1.882867172536276,near_sun_solar_separation_sort_overwritten_by_ra_sort;scheduler_history_ingestion_stalled_after_20260330_server_audit,a6a11f498afd43f99b5add50f0c61e7005c7dcbcab19c1c7b4ab62776daf32bc
20260420,True,True,False,False,1545,20260420:1545:plan:0000,planned_not_acquired,monotonic_minimum_total_absolute_time_residual,near_sun,6,1,343,9194,2026-04-20T19:41:35Z,,,,,30.0,,,0.0,,,80.0,50.0,,,,,,,not_applicable,,,,,,,,,,,,,,,,,,0.1561470814851148,142.29192162551254,222.74765527744333,-4.982533881603597,near_sun_solar_separation_sort_overwritten_by_ra_sort;scheduler_history_ingestion_stalled_after_20260330_server_audit,a6a11f498afd43f99b5add50f0c61e7005c7dcbcab19c1c7b4ab62776daf32bc
20260420,True,True,True,False,1800,20260420:1800:0001,matched,monotonic_minimum_total_absolute_time_residual,near_sun,6,2,344,9195,2026-04-20T19:42:55Z,2026-04-20T20:11:44.746000Z,l2_obs_time_utc,1729.746,1729.746,30.0,30.0,1120.0,1120.0,,0.0,80.0,50.0,97.633,67.633,OBJ_MP_1800_0390.fits,/raw1/20260420/OBJ/OBJ_MP_1800_0390.fits,0390,36379,matched,OBJ_MP_1800_0390_cat.fits.gz,/processed1/20260420/L2/OBJ_MP_1800_0390_cat.fits.gz,35709,2532.3057,43.2633,17.9661,19.3,3.3422,2.892,26.1607,0.0805,0.0,8472.0,1744.0,1738.0,632.0,783.0,0.15622747114212032,124.7327046710914,208.73499515263123,5.611500337046251,near_sun_solar_separation_sort_overwritten_by_ra_sort;scheduler_history_ingestion_stalled_after_20260330_server_audit,a6a11f498afd43f99b5add50f0c61e7005c7dcbcab19c1c7b4ab62776daf32bc
20260420,True,True,True,False,1801,20260420:1801:0006,matched,monotonic_minimum_total_absolute_time_residual,near_sun,6,2,345,9196,2026-04-20T19:44:15Z,2026-04-20T19:40:19.518000Z,l2_obs_time_utc,-235.482,235.482,30.0,30.0,1120.0,1120.0,,0.0,80.0,50.0,94.771,64.771,OBJ_MP_1801_0368.fits,/raw1/20260420/OBJ/OBJ_MP_1801_0368.fits,0368,36386,matched,OBJ_MP_1801_0368_cat.fits.gz,/processed1/20260420/L2/OBJ_MP_1801_0368_cat.fits.gz,35716,1447.5715,32.0354,18.6649,19.66,3.2371,2.8018,26.2529,0.0526,0.0,10698.0,2336.0,2316.0,668.0,992.0,0.15630787669323293,127.26272125276999,211.2398896898021,4.6522860440999665,near_sun_solar_separation_sort_overwritten_by_ra_sort;scheduler_history_ingestion_stalled_after_20260330_server_audit,a6a11f498afd43f99b5add50f0c61e7005c7dcbcab19c1c7b4ab62776daf32bc
20260420,True,True,True,False,1672,20260420:1672:0006,matched,monotonic_minimum_total_absolute_time_residual,near_sun,6,2,346,9197,2026-04-20T19:45:35Z,2026-04-20T19:43:13.082000Z,l2_obs_time_utc,-141.918,141.918,30.0,30.0,1120.0,1120.0,,0.0,80.0,50.0,82.991,52.991,OBJ_MP_1672_0370.fits,/raw1/20260420/OBJ/OBJ_MP_1672_0370.fits,0370,36346,matched,OBJ_MP_1672_0370_cat.fits.gz,/processed1/20260420/L2/OBJ_MP_1672_0370_cat.fits.gz,35676,1549.6,33.2233,18.5624,19.45,3.7339,3.2315,26.2241,0.0521,0.0,10576.0,2184.0,2315.0,722.0,1079.0,0.15638829812513882,129.49771638839405,211.71188764427023,1.618417872987434,near_sun_solar_separation_sort_overwritten_by_ra_sort;scheduler_history_ingestion_stalled_after_20260330_server_audit,a6a11f498afd43f99b5add50f0c61e7005c7dcbcab19c1c7b4ab62776daf32bc
20260420,True,True,True,False,1802,20260420:1802:0006,matched,monotonic_minimum_total_absolute_time_residual,near_sun,6,2,347,9198,2026-04-20T19:46:55Z,2026-04-20T19:47:26.182000Z,l2_obs_time_utc,31.182,31.182,30.0,30.0,1120.0,1120.0,1878.839,1878.839,80.0,50.0,93.72,63.72,OBJ_MP_1802_0373.fits,/raw1/20260420/OBJ/OBJ_MP_1802_0373.fits,0373,36393,matched,OBJ_MP_1802_0373_cat.fits.gz,/processed1/20260420/L2/OBJ_MP_1802_0373_cat.fits.gz,35723,1433.0693,32.0452,18.6956,19.49,3.8824,3.3602,26.2726,0.0428,0.0,11487.0,2490.0,2441.0,665.0,1161.0,0.15646873544220075,129.7559512599179,213.75095301775676,3.7182081355361936,near_sun_solar_separation_sort_overwritten_by_ra_sort;scheduler_history_ingestion_stalled_after_20260330_server_audit,a6a11f498afd43f99b5add50f0c61e7005c7dcbcab19c1c7b4ab62776daf32bc
20260420,True,True,True,False,1673,20260420:1673:0006,matched,monotonic_minimum_total_absolute_time_residual,near_sun,6,2,348,9199,2026-04-20T19:48:15Z,2026-04-20T19:50:17.161000Z,l2_obs_time_utc,122.161,122.161,30.0,30.0,1120.0,1120.0,1879.158,1879.158,80.0,50.0,81.691,51.691,OBJ_MP_1673_0375.fits,/raw1/20260420/OBJ/OBJ_MP_1673_0375.fits,0375,36353,matched,OBJ_MP_1673_0375_cat.fits.gz,/processed1/20260420/L2/OBJ_MP_1673_0375_cat.fits.gz,35683,1582.8296,33.64,18.5105,19.41,3.751,3.2463,26.1952,0.1019,0.0,10937.0,2298.0,2323.0,768.0,1129.0,0.15654918863774836,132.0097909113161,214.22283979422,0.7007660047076938,near_sun_solar_separation_sort_overwritten_by_ra_sort;scheduler_history_ingestion_stalled_after_20260330_server_audit,a6a11f498afd43f99b5add50f0c61e7005c7dcbcab19c1c7b4ab62776daf32bc
20260420,True,True,True,False,1803,20260420:1803:0006,matched,monotonic_minimum_total_absolute_time_residual,near_sun,6,2,349,9200,2026-04-20T19:49:35Z,2026-04-20T19:54:28.007000Z,l2_obs_time_utc,293.007,293.007,30.0,30.0,1120.0,1120.0,1878.069,1878.069,80.0,50.0,93.393,63.393,OBJ_MP_1803_0378.fits,/raw1/20260420/OBJ/OBJ_MP_1803_0378.fits,0378,36400,matched,OBJ_MP_1803_0378_cat.fits.gz,/processed1/20260420/L2/OBJ_MP_1803_0378_cat.fits.gz,35730,1421.0443,31.9273,18.8711,19.88,3.1699,2.7434,26.4389,0.0484,0.0,13195.0,2625.0,2742.0,694.0,1133.0,0.15662965769889148,132.22544909289684,216.26930611071086,2.8111307926507645,near_sun_solar_separation_sort_overwritten_by_ra_sort;scheduler_history_ingestion_stalled_after_20260330_server_audit,a6a11f498afd43f99b5add50f0c61e7005c7dcbcab19c1c7b4ab62776daf32bc
20260420,True,True,True,False,1674,20260420:1674:0006,matched,monotonic_minimum_total_absolute_time_residual,near_sun,6,2,350,9201,2026-04-20T19:50:55Z,2026-04-20T19:57:21.649000Z,l2_obs_time_utc,386.649,386.649,30.0,30.0,1120.0,1120.0,1880.662,1880.662,80.0,50.0,83.138,53.138000000000005,OBJ_MP_1674_0380.fits,/raw1/20260420/OBJ/OBJ_MP_1674_0380.fits,0380,36360,matched,OBJ_MP_1674_0380_cat.fits.gz,/processed1/20260420/L2/OBJ_MP_1674_0380_cat.fits.gz,35690,1702.6736,35.3106,18.3545,19.45,3.2702,2.8302,26.1186,0.1115,0.0,11681.0,2425.0,2403.0,817.0,951.0,0.1567101426257,134.50155416151821,216.74300353407423,-0.18988132052024426,near_sun_solar_separation_sort_overwritten_by_ra_sort;scheduler_history_ingestion_stalled_after_20260330_server_audit,a6a11f498afd43f99b5add50f0c61e7005c7dcbcab19c1c7b4ab62776daf32bc
20260420,True,True,True,False,1543,20260420:1543:0006,matched,monotonic_minimum_total_absolute_time_residual,near_sun,6,2,351,9202,2026-04-20T19:52:15Z,2026-04-20T19:58:37.497000Z,l2_obs_time_utc,382.497,382.497,30.0,30.0,1120.0,1120.0,1881.29,1881.29,80.0,50.0,75.848,45.848,OBJ_MP_1543_0381.fits,/raw1/20260420/OBJ/OBJ_MP_1543_0381.fits,0381,36319,matched,OBJ_MP_1543_0381_cat.fits.gz,/processed1/20260420/L2/OBJ_MP_1543_0381_cat.fits.gz,35649,1903.151,36.4924,17.948,19.0,3.6364,3.1469,25.8328,0.1571,0.0,9808.0,2113.0,2097.0,1019.0,935.0,0.156790643421594,137.1348533275745,217.6506059270272,-3.328855105387527,near_sun_solar_separation_sort_overwritten_by_ra_sort;scheduler_history_ingestion_stalled_after_20260330_server_audit,a6a11f498afd43f99b5add50f0c61e7005c7dcbcab19c1c7b4ab62776daf32bc
20260420,True,True,True,False,1804,20260420:1804:0006,matched,monotonic_minimum_total_absolute_time_residual,near_sun,6,2,352,9203,2026-04-20T19:53:35Z,2026-04-20T20:01:33.940000Z,l2_obs_time_utc,478.94,478.94,30.0,30.0,1120.0,1120.0,1881.209,1881.209,80.0,50.0,93.923,63.923,OBJ_MP_1804_0383.fits,/raw1/20260420/OBJ/OBJ_MP_1804_0383.fits,0383,36407,matched,OBJ_MP_1804_0383_cat.fits.gz,/processed1/20260420/L2/OBJ_MP_1804_0383_cat.fits.gz,35737,1506.6394,32.5903,18.8597,19.85,3.337,2.8882,26.491,0.1287,0.0,14034.0,2924.0,2872.0,802.0,1216.0,0.15687116006496765,134.6514979540603,218.79594846736506,1.9328928927293747,near_sun_solar_separation_sort_overwritten_by_ra_sort;scheduler_history_ingestion_stalled_after_20260330_server_audit,a6a11f498afd43f99b5add50f0c61e7005c7dcbcab19c1c7b4ab62776daf32bc
20260420,True,True,True,False,1675,20260420:1675:0006,matched,monotonic_minimum_total_absolute_time_residual,near_sun,6,2,353,9204,2026-04-20T19:54:55Z,2026-04-20T20:04:26.638000Z,l2_obs_time_utc,571.638,571.638,30.0,30.0,1120.0,1120.0,1882.478,1882.478,80.0,50.0,82.6,52.599999999999994,OBJ_MP_1675_0385.fits,/raw1/20260420/OBJ/OBJ_MP_1675_0385.fits,0385,36367,matched,OBJ_MP_1675_0385_cat.fits.gz,/processed1/20260420/L2/OBJ_MP_1675_0385_cat.fits.gz,35697,1701.0237,34.8171,18.6254,19.66,3.475,3.0074,26.3884,0.091,0.0,14120.0,2898.0,2875.0,817.0,1158.0,0.15695169256429153,136.95327880153027,219.27328968641064,-1.0516938208366535,near_sun_solar_separation_sort_overwritten_by_ra_sort;scheduler_history_ingestion_stalled_after_20260330_server_audit,a6a11f498afd43f99b5add50f0c61e7005c7dcbcab19c1c7b4ab62776daf32bc
20260420,True,True,True,False,1544,20260420:1544:0006,matched,monotonic_minimum_total_absolute_time_residual,near_sun,6,2,354,9205,2026-04-20T19:56:15Z,2026-04-20T20:05:41.120000Z,l2_obs_time_utc,566.12,566.12,30.0,30.0,1120.0,1120.0,1881.998,1881.998,80.0,50.0,74.482,44.482,OBJ_MP_1544_0386.fits,/raw1/20260420/OBJ/OBJ_MP_1544_0386.fits,0386,36326,matched,OBJ_MP_1544_0386_cat.fits.gz,/processed1/20260420/L2/OBJ_MP_1544_0386_cat.fits.gz,35656,1871.3289,36.5743,18.3822,19.21,4.4464,3.8477,26.2486,0.0609,0.0,12451.0,2477.0,2658.0,1091.0,1371.0,0.15703224090946566,139.6113520191675,220.19272713947205,-4.171233588413453,near_sun_solar_separation_sort_overwritten_by_ra_sort;scheduler_history_ingestion_stalled_after_20260330_server_audit,a6a11f498afd43f99b5add50f0c61e7005c7dcbcab19c1c7b4ab62776daf32bc
20260420,True,True,True,False,1805,20260420:1805:0006,matched,monotonic_minimum_total_absolute_time_residual,near_sun,6,2,355,9206,2026-04-20T19:57:35Z,2026-04-20T20:08:37.647000Z,l2_obs_time_utc,662.647,662.647,30.0,30.0,1120.0,1120.0,1882.441,1882.441,80.0,50.0,93.663,63.663,OBJ_MP_1805_0388.fits,/raw1/20260420/OBJ/OBJ_MP_1805_0388.fits,0388,36414,matched,OBJ_MP_1805_0388_cat.fits.gz,/processed1/20260420/L2/OBJ_MP_1805_0388_cat.fits.gz,35744,1773.2332,35.6417,18.5398,19.35,4.3586,3.7724,26.3481,0.0506,0.0,13264.0,2874.0,2840.0,872.0,1144.0,0.15711280509116343,137.0454527258557,221.33175309737288,1.0853050757738696,near_sun_solar_separation_sort_overwritten_by_ra_sort;scheduler_history_ingestion_stalled_after_20260330_server_audit,a6a11f498afd43f99b5add50f0c61e7005c7dcbcab19c1c7b4ab62776daf32bc
20260420,True,True,False,False,1676,20260420:1676:plan:0001,planned_not_acquired,monotonic_minimum_total_absolute_time_residual,near_sun,6,2,356,9207,2026-04-20T19:58:55Z,,,,,30.0,,1120.0,1120.0,,,80.0,50.0,,,,,,,not_applicable,,,,,,,,,,,,,,,,,,0.15719338510545983,139.37708575456247,221.8144833280951,-1.882867172536276,near_sun_solar_separation_sort_overwritten_by_ra_sort;scheduler_history_ingestion_stalled_after_20260330_server_audit,a6a11f498afd43f99b5add50f0c61e7005c7dcbcab19c1c7b4ab62776daf32bc
20260420,True,True,False,False,1545,20260420:1545:plan:0001,planned_not_acquired,monotonic_minimum_total_absolute_time_residual,near_sun,6,2,357,9208,2026-04-20T20:00:15Z,,,,,30.0,,1120.0,1120.0,,,80.0,50.0,,,,,,,not_applicable,,,,,,,,,,,,,,,,,,0.15727398095502476,142.06377795547286,222.74765527744333,-4.982533881603597,near_sun_solar_separation_sort_overwritten_by_ra_sort;scheduler_history_ingestion_stalled_after_20260330_server_audit,a6a11f498afd43f99b5add50f0c61e7005c7dcbcab19c1c7b4ab62776daf32bc
20260420,True,True,True,False,1800,20260420:1800:0002,matched,monotonic_minimum_total_absolute_time_residual,near_sun,6,3,358,9209,2026-04-20T20:01:35Z,2026-04-20T20:29:52.785000Z,l2_obs_time_utc,1697.785,1697.785,30.0,30.0,1120.0,2240.0,1088.039,1088.039,80.0,50.0,97.697,67.697,OBJ_MP_1800_0404.fits,/raw1/20260420/OBJ/OBJ_MP_1800_0404.fits,0404,36380,matched,OBJ_MP_1800_0404_cat.fits.gz,/processed1/20260420/L2/OBJ_MP_1800_0404_cat.fits.gz,35710,15802.2402,110.8064,16.3257,18.38,4.673,4.0429,26.5079,0.0676,0.0,5903.0,2273.0,1874.0,642.0,425.0,0.1573545926259567,124.50326888770188,208.73499515263123,5.611500337046251,near_sun_solar_separation_sort_overwritten_by_ra_sort;scheduler_history_ingestion_stalled_after_20260330_server_audit,a6a11f498afd43f99b5add50f0c61e7005c7dcbcab19c1c7b4ab62776daf32bc
20260420,True,True,True,False,1801,20260420:1801:0007,matched,monotonic_minimum_total_absolute_time_residual,near_sun,6,3,359,9210,2026-04-20T20:02:55Z,2026-04-20T20:12:58.023000Z,l2_obs_time_utc,603.023,603.023,30.0,30.0,1120.0,2240.0,1958.505,1958.505,80.0,50.0,73.277,43.277,OBJ_MP_1801_0391.fits,/raw1/20260420/OBJ/OBJ_MP_1801_0391.fits,0391,36387,matched,OBJ_MP_1801_0391_cat.fits.gz,/processed1/20260420/L2/OBJ_MP_1801_0391_cat.fits.gz,35717,2763.4656,44.1448,16.5413,17.48,5.0432,4.3642,24.8309,0.1257,0.0,10473.0,1528.0,1250.0,692.0,5.0,0.1574352201196746,127.03506210485243,211.2398896898021,4.6522860440999665,near_sun_solar_separation_sort_overwritten_by_ra_sort;scheduler_history_ingestion_stalled_after_20260330_server_audit,a6a11f498afd43f99b5add50f0c61e7005c7dcbcab19c1c7b4ab62776daf32bc
20260420,True,True,True,False,1672,20260420:1672:0007,matched,monotonic_minimum_total_absolute_time_residual,near_sun,6,3,360,9211,2026-04-20T20:04:15Z,2026-04-20T20:14:13.322000Z,l2_obs_time_utc,598.322,598.322,30.0,30.0,1120.0,2240.0,1860.24,1860.24,80.0,50.0,75.299,45.29900000000001,OBJ_MP_1672_0392.fits,/raw1/20260420/OBJ/OBJ_MP_1672_0392.fits,0392,36347,matched,OBJ_MP_1672_0392_cat.fits.gz,/processed1/20260420/L2/OBJ_MP_1672_0392_cat.fits.gz,35677,3105.7209,46.3808,17.331,18.62,3.9319,3.4022,25.7472,0.0737,0.0,7204.0,1409.0,1465.0,747.0,640.0,0.1575158634241497,129.26534673436328,211.71188764427023,1.618417872987434,near_sun_solar_separation_sort_overwritten_by_ra_sort;scheduler_history_ingestion_stalled_after_20260330_server_audit,a6a11f498afd43f99b5add50f0c61e7005c7dcbcab19c1c7b4ab62776daf32bc
20260420,True,True,True,False,1802,20260420:1802:0007,matched,monotonic_minimum_total_absolute_time_residual,near_sun,6,3,361,9212,2026-04-20T20:05:35Z,2026-04-20T20:15:32.125000Z,l2_obs_time_utc,597.125,597.125,30.0,30.0,1120.0,2240.0,1685.943,3564.782,80.0,50.0,78.803,48.803,OBJ_MP_1802_0393.fits,/raw1/20260420/OBJ/OBJ_MP_1802_0393.fits,0393,36394,matched,OBJ_MP_1802_0393_cat.fits.gz,/processed1/20260420/L2/OBJ_MP_1802_0393_cat.fits.gz,35724,3070.2756,45.6059,17.5729,18.81,4.103,3.5506,25.9769,0.0848,0.0,7477.0,1623.0,1598.0,760.0,710.0,0.1575965225380606,129.53030505073787,213.75095301775676,3.7182081355361936,near_sun_solar_separation_sort_overwritten_by_ra_sort;scheduler_history_ingestion_stalled_after_20260330_server_audit,a6a11f498afd43f99b5add50f0c61e7005c7dcbcab19c1c7b4ab62776daf32bc
20260420,True,True,True,False,1673,20260420:1673:0007,matched,monotonic_minimum_total_absolute_time_residual,near_sun,6,3,362,9213,2026-04-20T20:06:55Z,2026-04-20T20:16:47.012000Z,l2_obs_time_utc,592.012,592.012,30.0,30.0,1120.0,2240.0,1589.851,3469.009,80.0,50.0,74.887,44.887,OBJ_MP_1673_0394.fits,/raw1/20260420/OBJ/OBJ_MP_1673_0394.fits,0394,36354,matched,OBJ_MP_1673_0394_cat.fits.gz,/processed1/20260420/L2/OBJ_MP_1673_0394_cat.fits.gz,35684,3315.6587,48.0935,17.7292,19.01,4.1069,3.5536,26.2164,0.0563,0.0,9071.0,1941.0,1919.0,737.0,905.0,0.15767719745891107,131.77917568593858,214.22283979422,0.7007660047076938,near_sun_solar_separation_sort_overwritten_by_ra_sort;scheduler_history_ingestion_stalled_after_20260330_server_audit,a6a11f498afd43f99b5add50f0c61e7005c7dcbcab19c1c7b4ab62776daf32bc
20260420,True,True,True,False,1803,20260420:1803:0007,matched,monotonic_minimum_total_absolute_time_residual,near_sun,6,3,363,9214,2026-04-20T20:08:15Z,2026-04-20T20:18:03.640000Z,l2_obs_time_utc,588.64,588.64,30.0,30.0,1120.0,2240.0,1415.633,3293.702,80.0,50.0,76.628,46.628,OBJ_MP_1803_0395.fits,/raw1/20260420/OBJ/OBJ_MP_1803_0395.fits,0395,36401,matched,OBJ_MP_1803_0395_cat.fits.gz,/processed1/20260420/L2/OBJ_MP_1803_0395_cat.fits.gz,35731,3363.9092,47.9714,17.8229,19.26,3.5915,3.1079,26.326,0.0565,0.0,9719.0,1976.0,2067.0,731.0,793.0,0.1577578881752823,132.0021453379711,216.26930611071086,2.8111307926507645,near_sun_solar_separation_sort_overwritten_by_ra_sort;scheduler_history_ingestion_stalled_after_20260330_server_audit,a6a11f498afd43f99b5add50f0c61e7005c7dcbcab19c1c7b4ab62776daf32bc
20260420,True,True,True,False,1674,20260420:1674:0007,matched,monotonic_minimum_total_absolute_time_residual,near_sun,6,3,364,9215,2026-04-20T20:09:35Z,2026-04-20T20:19:18.125000Z,l2_obs_time_utc,583.125,583.125,30.0,30.0,1120.0,2240.0,1316.476,3197.138,80.0,50.0,74.485,44.485,OBJ_MP_1674_0396.fits,/raw1/20260420/OBJ/OBJ_MP_1674_0396.fits,0396,36361,matched,OBJ_MP_1674_0396_cat.fits.gz,/processed1/20260420/L2/OBJ_MP_1674_0396_cat.fits.gz,35691,3944.4883,51.919,17.7249,19.29,3.4812,3.0124,26.4008,0.0662,0.0,10571.0,2176.0,2148.0,782.0,914.0,0.15783859468778205,134.27299212540123,216.74300353407423,-0.18988132052024426,near_sun_solar_separation_sort_overwritten_by_ra_sort;scheduler_history_ingestion_stalled_after_20260330_server_audit,a6a11f498afd43f99b5add50f0c61e7005c7dcbcab19c1c7b4ab62776daf32bc
20260420,True,True,True,False,1543,20260420:1543:0007,matched,monotonic_minimum_total_absolute_time_residual,near_sun,6,3,365,9216,2026-04-20T20:10:55Z,2026-04-20T20:20:31.816000Z,l2_obs_time_utc,576.816,576.816,30.0,30.0,1120.0,2240.0,1314.319,3195.609,80.0,50.0,73.691,43.691,OBJ_MP_1543_0397.fits,/raw1/20260420/OBJ/OBJ_MP_1543_0397.fits,0397,36320,matched,OBJ_MP_1543_0397_cat.fits.gz,/processed1/20260420/L2/OBJ_MP_1543_0397_cat.fits.gz,35650,4650.8765,63.098,17.4598,18.81,4.6502,4.0235,26.3143,0.0606,0.0,8954.0,1921.0,1899.0,965.0,985.0,0.1579193169889621,136.90157692658426,217.6506059270272,-3.328855105387527,near_sun_solar_separation_sort_overwritten_by_ra_sort;scheduler_history_ingestion_stalled_after_20260330_server_audit,a6a11f498afd43f99b5add50f0c61e7005c7dcbcab19c1c7b4ab62776daf32bc
20260420,True,True,True,False,1804,20260420:1804:0007,matched,monotonic_minimum_total_absolute_time_residual,near_sun,6,3,366,9217,2026-04-20T20:12:15Z,2026-04-20T20:21:52.346000Z,l2_obs_time_utc,577.346,577.346,30.0,30.0,1120.0,2240.0,1218.406,3099.615,80.0,50.0,80.53,50.53,OBJ_MP_1804_0398.fits,/raw1/20260420/OBJ/OBJ_MP_1804_0398.fits,0398,36408,matched,OBJ_MP_1804_0398_cat.fits.gz,/processed1/20260420/L2/OBJ_MP_1804_0398_cat.fits.gz,35738,4842.4233,59.4323,17.5785,19.16,3.8388,3.3221,26.4772,0.0499,0.0,9887.0,2080.0,2051.0,757.0,956.0,0.15800005507059034,134.4308837574396,218.79594846736506,1.9328928927293747,near_sun_solar_separation_sort_overwritten_by_ra_sort;scheduler_history_ingestion_stalled_after_20260330_server_audit,a6a11f498afd43f99b5add50f0c61e7005c7dcbcab19c1c7b4ab62776daf32bc
20260420,True,True,True,False,1675,20260420:1675:0007,matched,monotonic_minimum_total_absolute_time_residual,near_sun,6,3,367,9218,2026-04-20T20:13:35Z,2026-04-20T20:23:07.249000Z,l2_obs_time_utc,572.249,572.249,30.0,30.0,1120.0,2240.0,1120.611,3003.089,80.0,50.0,74.903,44.903000000000006,OBJ_MP_1675_0399.fits,/raw1/20260420/OBJ/OBJ_MP_1675_0399.fits,0399,36368,matched,OBJ_MP_1675_0399_cat.fits.gz,/processed1/20260420/L2/OBJ_MP_1675_0399_cat.fits.gz,35698,6213.0469,68.3232,17.1089,18.74,4.1983,3.633,26.278,0.0683,0.0,8681.0,1788.0,1773.0,813.0,815.0,0.15808080892716825,136.72709689187806,219.27328968641064,-1.0516938208366535,near_sun_solar_separation_sort_overwritten_by_ra_sort;scheduler_history_ingestion_stalled_after_20260330_server_audit,a6a11f498afd43f99b5add50f0c61e7005c7dcbcab19c1c7b4ab62776daf32bc
20260420,True,True,True,False,1544,20260420:1544:0007,matched,monotonic_minimum_total_absolute_time_residual,near_sun,6,3,368,9219,2026-04-20T20:14:55Z,2026-04-20T20:24:21.828000Z,l2_obs_time_utc,566.828,566.828,30.0,30.0,1120.0,2240.0,1120.708,3002.706,80.0,50.0,74.579,44.57899999999999,OBJ_MP_1544_0400.fits,/raw1/20260420/OBJ/OBJ_MP_1544_0400.fits,0400,36327,matched,OBJ_MP_1544_0400_cat.fits.gz,/processed1/20260420/L2/OBJ_MP_1544_0400_cat.fits.gz,35657,7831.1772,78.8182,16.87,18.85,3.4684,3.0007,26.29,0.1145,0.0,9146.0,1592.0,1820.0,1179.0,773.0,0.15816157855974267,139.3801619777046,220.19272713947205,-4.171233588413453,near_sun_solar_separation_sort_overwritten_by_ra_sort;scheduler_history_ingestion_stalled_after_20260330_server_audit,a6a11f498afd43f99b5add50f0c61e7005c7dcbcab19c1c7b4ab62776daf32bc
20260420,True,True,True,False,1805,20260420:1805:0007,matched,monotonic_minimum_total_absolute_time_residual,near_sun,6,3,369,9220,2026-04-20T20:16:15Z,2026-04-20T20:25:44.653000Z,l2_obs_time_utc,569.653,569.653,30.0,30.0,1120.0,2240.0,1027.006,2909.447,80.0,50.0,82.825,52.825,OBJ_MP_1805_0401.fits,/raw1/20260420/OBJ/OBJ_MP_1805_0401.fits,0401,36415,matched,OBJ_MP_1805_0401_cat.fits.gz,/processed1/20260420/L2/OBJ_MP_1805_0401_cat.fits.gz,35745,8037.1558,84.6373,17.0377,19.03,3.47,3.003,26.4866,0.0528,0.0,9523.0,1941.0,1936.0,904.0,801.0,0.15824236396246227,136.8280003620991,221.33175309737288,1.0853050757738696,near_sun_solar_separation_sort_overwritten_by_ra_sort;scheduler_history_ingestion_stalled_after_20260330_server_audit,a6a11f498afd43f99b5add50f0c61e7005c7dcbcab19c1c7b4ab62776daf32bc
20260420,True,True,True,False,1676,20260420:1676:0001,matched,monotonic_minimum_total_absolute_time_residual,near_sun,6,3,370,9221,2026-04-20T20:17:35Z,2026-04-20T20:27:00.349000Z,l2_obs_time_utc,565.349,565.349,30.0,30.0,1120.0,2240.0,,0.0,80.0,50.0,75.696,45.696,OBJ_MP_1676_0402.fits,/raw1/20260420/OBJ/OBJ_MP_1676_0402.fits,0402,36369,matched,OBJ_MP_1676_0402_cat.fits.gz,/processed1/20260420/L2/OBJ_MP_1676_0402_cat.fits.gz,35699,9503.4141,82.5946,16.8769,18.97,3.4503,2.9855,26.5074,0.052,0.0,9433.0,1829.0,1843.0,970.0,710.0,0.1583231651279307,139.15372484669953,221.8144833280951,-1.882867172536276,near_sun_solar_separation_sort_overwritten_by_ra_sort;scheduler_history_ingestion_stalled_after_20260330_server_audit,a6a11f498afd43f99b5add50f0c61e7005c7dcbcab19c1c7b4ab62776daf32bc
20260420,True,True,True,False,1545,20260420:1545:0001,matched,monotonic_minimum_total_absolute_time_residual,near_sun,6,3,371,9222,2026-04-20T20:18:55Z,2026-04-20T20:28:15.088000Z,l2_obs_time_utc,560.088,560.088,30.0,30.0,1120.0,2240.0,,0.0,80.0,50.0,74.739,44.739000000000004,OBJ_MP_1545_0403.fits,/raw1/20260420/OBJ/OBJ_MP_1545_0403.fits,0403,36328,matched,OBJ_MP_1545_0403_cat.fits.gz,/processed1/20260420/L2/OBJ_MP_1545_0403_cat.fits.gz,35658,11517.8613,93.6346,16.7104,18.84,3.6951,3.1972,26.5496,0.0596,0.0,10080.0,1892.0,1900.0,1195.0,739.0,0.158403982050288,141.8350863952363,222.74765527744333,-4.982533881603597,near_sun_solar_separation_sort_overwritten_by_ra_sort;scheduler_history_ingestion_stalled_after_20260330_server_audit,a6a11f498afd43f99b5add50f0c61e7005c7dcbcab19c1c7b4ab62776daf32bc
