night,plan_archive_available,plan_active_acquired_cohort,plan_exposure_n,acquired_strict_frame_n,plan_active_acquired_frame_denominator_n,plan_active_cohort_matched_frame_n,plan_active_acquired_not_matched_n,full_interval_acquired_without_plan_archive_n,multiset_matched_frame_n,planned_not_acquired_n,acquired_not_planned_n,acquired_frame_plan_compliance,planned_frame_realization,planned_unique_field_n,acquired_unique_field_n,actual_time_available_n,matched_pair_with_two_times_n,abs_time_residual_median_s,abs_time_residual_p90_s,planned_revisit_interval_n,planned_revisit_interval_median_s,actual_revisit_interval_n,actual_revisit_interval_median_s,planned_revisit_baseline_n,planned_revisit_baseline_median_s,actual_revisit_baseline_n,actual_revisit_baseline_median_s,actual_gap_proxy_n,actual_gap_proxy_median_s,actual_gap_proxy_p90_s,matched_with_l2_n,normal_planned_n,normal_matched_n,normal_planned_realization,near_sun_planned_n,near_sun_matched_n,near_sun_planned_realization,followup_planned_n,followup_matched_n,followup_planned_realization,quality_code,quality_reason,primary_science_included,near_sun_selection_status,history_feedback_status,attribution_limit,input_manifest_hash
20251115,False,False,0,292,0,0,0,292,0,0,292,,,0,94,291,0,,,0,,0,,0,,0,,290,46.3045,56.796600000000005,0,0,0,,0,0,,0,0,,quality_ok,,True,mode_label_is_end_of_night_block; current code does not retain minimum-solar-elongation ordering because the candidate list is re-sorted by RA,production history feedback was observed stalled after 20260330; recent-night cooldown and current coverage feedback must not be assumed active,plan realization and wall-clock gap diagnostics only; do not attribute unmatched frames or gaps to weather or equipment efficiency,a6a11f498afd43f99b5add50f0c61e7005c7dcbcab19c1c7b4ab62776daf32bc
20251116,False,False,0,291,0,0,0,291,0,0,291,,,0,94,290,0,,,0,,0,,0,,0,,289,47.022999999999996,57.495400000000004,0,0,0,,0,0,,0,0,,quality_ok,,True,mode_label_is_end_of_night_block; current code does not retain minimum-solar-elongation ordering because the candidate list is re-sorted by RA,production history feedback was observed stalled after 20260330; recent-night cooldown and current coverage feedback must not be assumed active,plan realization and wall-clock gap diagnostics only; do not attribute unmatched frames or gaps to weather or equipment efficiency,a6a11f498afd43f99b5add50f0c61e7005c7dcbcab19c1c7b4ab62776daf32bc
20251117,False,False,0,0,0,0,0,0,0,0,0,,,0,0,0,0,,,0,,0,,0,,0,,0,,,0,0,0,,0,0,,0,0,,no_strict_raw,,True,mode_label_is_end_of_night_block; current code does not retain minimum-solar-elongation ordering because the candidate list is re-sorted by RA,production history feedback was observed stalled after 20260330; recent-night cooldown and current coverage feedback must not be assumed active,plan realization and wall-clock gap diagnostics only; do not attribute unmatched frames or gaps to weather or equipment efficiency,a6a11f498afd43f99b5add50f0c61e7005c7dcbcab19c1c7b4ab62776daf32bc
20251118,False,False,0,294,0,0,0,294,0,0,294,,,0,94,293,0,,,0,,0,,0,,0,,292,46.385000000000005,57.234399999999994,0,0,0,,0,0,,0,0,,quality_ok,,True,mode_label_is_end_of_night_block; current code does not retain minimum-solar-elongation ordering because the candidate list is re-sorted by RA,production history feedback was observed stalled after 20260330; recent-night cooldown and current coverage feedback must not be assumed active,plan realization and wall-clock gap diagnostics only; do not attribute unmatched frames or gaps to weather or equipment efficiency,a6a11f498afd43f99b5add50f0c61e7005c7dcbcab19c1c7b4ab62776daf32bc
20251119,False,False,0,389,0,0,0,389,0,0,389,,,0,129,389,0,,,0,,0,,0,,0,,388,47.325,67.10080000000002,0,0,0,,0,0,,0,0,,quality_ok,,True,mode_label_is_end_of_night_block; current code does not retain minimum-solar-elongation ordering because the candidate list is re-sorted by RA,production history feedback was observed stalled after 20260330; recent-night cooldown and current coverage feedback must not be assumed active,plan realization and wall-clock gap diagnostics only; do not attribute unmatched frames or gaps to weather or equipment efficiency,a6a11f498afd43f99b5add50f0c61e7005c7dcbcab19c1c7b4ab62776daf32bc
20251120,False,False,0,420,0,0,0,420,0,0,420,,,0,140,419,0,,,0,,0,,0,,0,,418,47.0385,100.08860000000003,0,0,0,,0,0,,0,0,,quality_ok,,True,mode_label_is_end_of_night_block; current code does not retain minimum-solar-elongation ordering because the candidate list is re-sorted by RA,production history feedback was observed stalled after 20260330; recent-night cooldown and current coverage feedback must not be assumed active,plan realization and wall-clock gap diagnostics only; do not attribute unmatched frames or gaps to weather or equipment efficiency,a6a11f498afd43f99b5add50f0c61e7005c7dcbcab19c1c7b4ab62776daf32bc
20251121,False,False,0,475,0,0,0,475,0,0,475,,,0,156,475,0,,,0,,0,,0,,0,,474,48.571,79.4560999999999,0,0,0,,0,0,,0,0,,quality_ok,,True,mode_label_is_end_of_night_block; current code does not retain minimum-solar-elongation ordering because the candidate list is re-sorted by RA,production history feedback was observed stalled after 20260330; recent-night cooldown and current coverage feedback must not be assumed active,plan realization and wall-clock gap diagnostics only; do not attribute unmatched frames or gaps to weather or equipment efficiency,a6a11f498afd43f99b5add50f0c61e7005c7dcbcab19c1c7b4ab62776daf32bc
20251122,False,False,0,227,0,0,0,227,0,0,227,,,0,80,227,0,,,0,,0,,0,,0,,226,49.5905,61.8485,0,0,0,,0,0,,0,0,,quality_ok,,True,mode_label_is_end_of_night_block; current code does not retain minimum-solar-elongation ordering because the candidate list is re-sorted by RA,production history feedback was observed stalled after 20260330; recent-night cooldown and current coverage feedback must not be assumed active,plan realization and wall-clock gap diagnostics only; do not attribute unmatched frames or gaps to weather or equipment efficiency,a6a11f498afd43f99b5add50f0c61e7005c7dcbcab19c1c7b4ab62776daf32bc
20251123,False,False,0,170,0,0,0,170,0,0,170,,,0,56,170,0,,,0,,0,,0,,0,,169,44.538,56.95620000000001,0,0,0,,0,0,,0,0,,quality_ok,,True,mode_label_is_end_of_night_block; current code does not retain minimum-solar-elongation ordering because the candidate list is re-sorted by RA,production history feedback was observed stalled after 20260330; recent-night cooldown and current coverage feedback must not be assumed active,plan realization and wall-clock gap diagnostics only; do not attribute unmatched frames or gaps to weather or equipment efficiency,a6a11f498afd43f99b5add50f0c61e7005c7dcbcab19c1c7b4ab62776daf32bc
20251124,False,False,0,138,0,0,0,138,0,0,138,,,0,63,138,0,,,0,,0,,0,,0,,137,48.437,136.66500000000008,0,0,0,,0,0,,0,0,,quality_ok,,True,mode_label_is_end_of_night_block; current code does not retain minimum-solar-elongation ordering because the candidate list is re-sorted by RA,production history feedback was observed stalled after 20260330; recent-night cooldown and current coverage feedback must not be assumed active,plan realization and wall-clock gap diagnostics only; do not attribute unmatched frames or gaps to weather or equipment efficiency,a6a11f498afd43f99b5add50f0c61e7005c7dcbcab19c1c7b4ab62776daf32bc
20251125,False,False,0,164,0,0,0,164,0,0,164,,,0,71,164,0,,,0,,0,,0,,0,,163,54.09,74.60460000000003,0,0,0,,0,0,,0,0,,quality_ok,,True,mode_label_is_end_of_night_block; current code does not retain minimum-solar-elongation ordering because the candidate list is re-sorted by RA,production history feedback was observed stalled after 20260330; recent-night cooldown and current coverage feedback must not be assumed active,plan realization and wall-clock gap diagnostics only; do not attribute unmatched frames or gaps to weather or equipment efficiency,a6a11f498afd43f99b5add50f0c61e7005c7dcbcab19c1c7b4ab62776daf32bc
20251126,False,False,0,0,0,0,0,0,0,0,0,,,0,0,0,0,,,0,,0,,0,,0,,0,,,0,0,0,,0,0,,0,0,,no_strict_raw,,True,mode_label_is_end_of_night_block; current code does not retain minimum-solar-elongation ordering because the candidate list is re-sorted by RA,production history feedback was observed stalled after 20260330; recent-night cooldown and current coverage feedback must not be assumed active,plan realization and wall-clock gap diagnostics only; do not attribute unmatched frames or gaps to weather or equipment efficiency,a6a11f498afd43f99b5add50f0c61e7005c7dcbcab19c1c7b4ab62776daf32bc
20251127,False,False,0,224,0,0,0,224,0,0,224,,,0,100,224,0,,,0,,0,,0,,0,,223,51.05800000000001,62.11559999999999,0,0,0,,0,0,,0,0,,quality_ok,,True,mode_label_is_end_of_night_block; current code does not retain minimum-solar-elongation ordering because the candidate list is re-sorted by RA,production history feedback was observed stalled after 20260330; recent-night cooldown and current coverage feedback must not be assumed active,plan realization and wall-clock gap diagnostics only; do not attribute unmatched frames or gaps to weather or equipment efficiency,a6a11f498afd43f99b5add50f0c61e7005c7dcbcab19c1c7b4ab62776daf32bc
20251128,False,False,0,111,0,0,0,111,0,0,111,,,0,57,110,0,,,0,,0,,0,,0,,109,53.543000000000006,70.09700000000001,0,0,0,,0,0,,0,0,,quality_ok,,True,mode_label_is_end_of_night_block; current code does not retain minimum-solar-elongation ordering because the candidate list is re-sorted by RA,production history feedback was observed stalled after 20260330; recent-night cooldown and current coverage feedback must not be assumed active,plan realization and wall-clock gap diagnostics only; do not attribute unmatched frames or gaps to weather or equipment efficiency,a6a11f498afd43f99b5add50f0c61e7005c7dcbcab19c1c7b4ab62776daf32bc
20251129,False,False,0,140,0,0,0,140,0,0,140,,,0,49,139,0,,,0,,0,,0,,0,,138,51.3565,65.65979999999999,0,0,0,,0,0,,0,0,,quality_ok,,True,mode_label_is_end_of_night_block; current code does not retain minimum-solar-elongation ordering because the candidate list is re-sorted by RA,production history feedback was observed stalled after 20260330; recent-night cooldown and current coverage feedback must not be assumed active,plan realization and wall-clock gap diagnostics only; do not attribute unmatched frames or gaps to weather or equipment efficiency,a6a11f498afd43f99b5add50f0c61e7005c7dcbcab19c1c7b4ab62776daf32bc
20251130,False,False,0,157,0,0,0,157,0,0,157,,,0,50,157,0,,,0,,0,,0,,0,,156,55.705,67.82300000000001,0,0,0,,0,0,,0,0,,quality_ok,,True,mode_label_is_end_of_night_block; current code does not retain minimum-solar-elongation ordering because the candidate list is re-sorted by RA,production history feedback was observed stalled after 20260330; recent-night cooldown and current coverage feedback must not be assumed active,plan realization and wall-clock gap diagnostics only; do not attribute unmatched frames or gaps to weather or equipment efficiency,a6a11f498afd43f99b5add50f0c61e7005c7dcbcab19c1c7b4ab62776daf32bc
20251201,False,False,0,39,0,0,0,39,0,0,39,,,0,39,39,0,,,0,,0,,0,,0,,38,55.873000000000005,81.56030000000001,0,0,0,,0,0,,0,0,,quality_ok,,True,mode_label_is_end_of_night_block; current code does not retain minimum-solar-elongation ordering because the candidate list is re-sorted by RA,production history feedback was observed stalled after 20260330; recent-night cooldown and current coverage feedback must not be assumed active,plan realization and wall-clock gap diagnostics only; do not attribute unmatched frames or gaps to weather or equipment efficiency,a6a11f498afd43f99b5add50f0c61e7005c7dcbcab19c1c7b4ab62776daf32bc
20251202,False,False,0,156,0,0,0,156,0,0,156,,,0,50,156,0,,,0,,0,,0,,0,,155,49.857,97.48659999999977,0,0,0,,0,0,,0,0,,quality_ok,,True,mode_label_is_end_of_night_block; current code does not retain minimum-solar-elongation ordering because the candidate list is re-sorted by RA,production history feedback was observed stalled after 20260330; recent-night cooldown and current coverage feedback must not be assumed active,plan realization and wall-clock gap diagnostics only; do not attribute unmatched frames or gaps to weather or equipment efficiency,a6a11f498afd43f99b5add50f0c61e7005c7dcbcab19c1c7b4ab62776daf32bc
20251203,False,False,0,424,0,0,0,424,0,0,424,,,0,150,424,0,,,0,,0,,0,,0,,423,52.179,66.5888,0,0,0,,0,0,,0,0,,quality_ok,,True,mode_label_is_end_of_night_block; current code does not retain minimum-solar-elongation ordering because the candidate list is re-sorted by RA,production history feedback was observed stalled after 20260330; recent-night cooldown and current coverage feedback must not be assumed active,plan realization and wall-clock gap diagnostics only; do not attribute unmatched frames or gaps to weather or equipment efficiency,a6a11f498afd43f99b5add50f0c61e7005c7dcbcab19c1c7b4ab62776daf32bc
20251204,False,False,0,448,0,0,0,448,0,0,448,,,0,163,448,0,,,0,,0,,0,,0,,447,52.578,70.8322,0,0,0,,0,0,,0,0,,quality_ok,,True,mode_label_is_end_of_night_block; current code does not retain minimum-solar-elongation ordering because the candidate list is re-sorted by RA,production history feedback was observed stalled after 20260330; recent-night cooldown and current coverage feedback must not be assumed active,plan realization and wall-clock gap diagnostics only; do not attribute unmatched frames or gaps to weather or equipment efficiency,a6a11f498afd43f99b5add50f0c61e7005c7dcbcab19c1c7b4ab62776daf32bc
20251205,False,False,0,462,0,0,0,462,0,0,462,,,0,156,462,0,,,0,,0,,0,,0,,461,51.790000000000006,69.72,0,0,0,,0,0,,0,0,,quality_ok,,True,mode_label_is_end_of_night_block; current code does not retain minimum-solar-elongation ordering because the candidate list is re-sorted by RA,production history feedback was observed stalled after 20260330; recent-night cooldown and current coverage feedback must not be assumed active,plan realization and wall-clock gap diagnostics only; do not attribute unmatched frames or gaps to weather or equipment efficiency,a6a11f498afd43f99b5add50f0c61e7005c7dcbcab19c1c7b4ab62776daf32bc
20251206,False,False,0,371,0,0,0,371,0,0,371,,,0,138,360,0,,,0,,0,,0,,0,,359,53.428,72.59419999999997,0,0,0,,0,0,,0,0,,quality_ok,,True,mode_label_is_end_of_night_block; current code does not retain minimum-solar-elongation ordering because the candidate list is re-sorted by RA,production history feedback was observed stalled after 20260330; recent-night cooldown and current coverage feedback must not be assumed active,plan realization and wall-clock gap diagnostics only; do not attribute unmatched frames or gaps to weather or equipment efficiency,a6a11f498afd43f99b5add50f0c61e7005c7dcbcab19c1c7b4ab62776daf32bc
20251207,False,False,0,493,0,0,0,493,0,0,493,,,0,167,468,0,,,0,,0,,0,,0,,467,56.574,87.21279999999999,0,0,0,,0,0,,0,0,,quality_ok,,True,mode_label_is_end_of_night_block; current code does not retain minimum-solar-elongation ordering because the candidate list is re-sorted by RA,production history feedback was observed stalled after 20260330; recent-night cooldown and current coverage feedback must not be assumed active,plan realization and wall-clock gap diagnostics only; do not attribute unmatched frames or gaps to weather or equipment efficiency,a6a11f498afd43f99b5add50f0c61e7005c7dcbcab19c1c7b4ab62776daf32bc
20251208,False,False,0,382,0,0,0,382,0,0,382,,,0,175,382,0,,,0,,0,,0,,0,,381,56.985,78.47,0,0,0,,0,0,,0,0,,quality_ok,,True,mode_label_is_end_of_night_block; current code does not retain minimum-solar-elongation ordering because the candidate list is re-sorted by RA,production history feedback was observed stalled after 20260330; recent-night cooldown and current coverage feedback must not be assumed active,plan realization and wall-clock gap diagnostics only; do not attribute unmatched frames or gaps to weather or equipment efficiency,a6a11f498afd43f99b5add50f0c61e7005c7dcbcab19c1c7b4ab62776daf32bc
20251209,False,False,0,484,0,0,0,484,0,0,484,,,0,164,474,0,,,0,,0,,0,,0,,473,53.150999999999996,69.578,0,0,0,,0,0,,0,0,,quality_ok,,True,mode_label_is_end_of_night_block; current code does not retain minimum-solar-elongation ordering because the candidate list is re-sorted by RA,production history feedback was observed stalled after 20260330; recent-night cooldown and current coverage feedback must not be assumed active,plan realization and wall-clock gap diagnostics only; do not attribute unmatched frames or gaps to weather or equipment efficiency,a6a11f498afd43f99b5add50f0c61e7005c7dcbcab19c1c7b4ab62776daf32bc
20251210,False,False,0,418,0,0,0,418,0,0,418,,,0,151,417,0,,,0,,0,,0,,0,,416,54.6195,77.845,0,0,0,,0,0,,0,0,,quality_ok,,True,mode_label_is_end_of_night_block; current code does not retain minimum-solar-elongation ordering because the candidate list is re-sorted by RA,production history feedback was observed stalled after 20260330; recent-night cooldown and current coverage feedback must not be assumed active,plan realization and wall-clock gap diagnostics only; do not attribute unmatched frames or gaps to weather or equipment efficiency,a6a11f498afd43f99b5add50f0c61e7005c7dcbcab19c1c7b4ab62776daf32bc
20251211,False,False,0,0,0,0,0,0,0,0,0,,,0,0,0,0,,,0,,0,,0,,0,,0,,,0,0,0,,0,0,,0,0,,no_strict_raw,,True,mode_label_is_end_of_night_block; current code does not retain minimum-solar-elongation ordering because the candidate list is re-sorted by RA,production history feedback was observed stalled after 20260330; recent-night cooldown and current coverage feedback must not be assumed active,plan realization and wall-clock gap diagnostics only; do not attribute unmatched frames or gaps to weather or equipment efficiency,a6a11f498afd43f99b5add50f0c61e7005c7dcbcab19c1c7b4ab62776daf32bc
20251212,False,False,0,0,0,0,0,0,0,0,0,,,0,0,0,0,,,0,,0,,0,,0,,0,,,0,0,0,,0,0,,0,0,,no_strict_raw,,True,mode_label_is_end_of_night_block; current code does not retain minimum-solar-elongation ordering because the candidate list is re-sorted by RA,production history feedback was observed stalled after 20260330; recent-night cooldown and current coverage feedback must not be assumed active,plan realization and wall-clock gap diagnostics only; do not attribute unmatched frames or gaps to weather or equipment efficiency,a6a11f498afd43f99b5add50f0c61e7005c7dcbcab19c1c7b4ab62776daf32bc
20251213,False,False,0,441,0,0,0,441,0,0,441,,,0,183,375,0,,,0,,0,,0,,0,,374,55.599000000000004,83.69839999999999,0,0,0,,0,0,,0,0,,quality_ok,,True,mode_label_is_end_of_night_block; current code does not retain minimum-solar-elongation ordering because the candidate list is re-sorted by RA,production history feedback was observed stalled after 20260330; recent-night cooldown and current coverage feedback must not be assumed active,plan realization and wall-clock gap diagnostics only; do not attribute unmatched frames or gaps to weather or equipment efficiency,a6a11f498afd43f99b5add50f0c61e7005c7dcbcab19c1c7b4ab62776daf32bc
20251214,False,False,0,268,0,0,0,268,0,0,268,,,0,94,268,0,,,0,,0,,0,,0,,267,53.69799999999999,82.57820000000001,0,0,0,,0,0,,0,0,,quality_ok,,True,mode_label_is_end_of_night_block; current code does not retain minimum-solar-elongation ordering because the candidate list is re-sorted by RA,production history feedback was observed stalled after 20260330; recent-night cooldown and current coverage feedback must not be assumed active,plan realization and wall-clock gap diagnostics only; do not attribute unmatched frames or gaps to weather or equipment efficiency,a6a11f498afd43f99b5add50f0c61e7005c7dcbcab19c1c7b4ab62776daf32bc
20251215,False,False,0,444,0,0,0,444,0,0,444,,,0,154,444,0,,,0,,0,,0,,0,,443,55.67,97.1342,0,0,0,,0,0,,0,0,,quality_ok,,True,mode_label_is_end_of_night_block; current code does not retain minimum-solar-elongation ordering because the candidate list is re-sorted by RA,production history feedback was observed stalled after 20260330; recent-night cooldown and current coverage feedback must not be assumed active,plan realization and wall-clock gap diagnostics only; do not attribute unmatched frames or gaps to weather or equipment efficiency,a6a11f498afd43f99b5add50f0c61e7005c7dcbcab19c1c7b4ab62776daf32bc
20251216,False,False,0,431,0,0,0,431,0,0,431,,,0,164,431,0,,,0,,0,,0,,0,,430,56.3805,97.53640000000001,0,0,0,,0,0,,0,0,,quality_ok,,True,mode_label_is_end_of_night_block; current code does not retain minimum-solar-elongation ordering because the candidate list is re-sorted by RA,production history feedback was observed stalled after 20260330; recent-night cooldown and current coverage feedback must not be assumed active,plan realization and wall-clock gap diagnostics only; do not attribute unmatched frames or gaps to weather or equipment efficiency,a6a11f498afd43f99b5add50f0c61e7005c7dcbcab19c1c7b4ab62776daf32bc
20251217,False,False,0,443,0,0,0,443,0,0,443,,,0,143,436,0,,,0,,0,,0,,0,,435,53.646,99.48980000000007,0,0,0,,0,0,,0,0,,quality_ok,,True,mode_label_is_end_of_night_block; current code does not retain minimum-solar-elongation ordering because the candidate list is re-sorted by RA,production history feedback was observed stalled after 20260330; recent-night cooldown and current coverage feedback must not be assumed active,plan realization and wall-clock gap diagnostics only; do not attribute unmatched frames or gaps to weather or equipment efficiency,a6a11f498afd43f99b5add50f0c61e7005c7dcbcab19c1c7b4ab62776daf32bc
20251218,False,False,0,0,0,0,0,0,0,0,0,,,0,0,0,0,,,0,,0,,0,,0,,0,,,0,0,0,,0,0,,0,0,,no_strict_raw,,True,mode_label_is_end_of_night_block; current code does not retain minimum-solar-elongation ordering because the candidate list is re-sorted by RA,production history feedback was observed stalled after 20260330; recent-night cooldown and current coverage feedback must not be assumed active,plan realization and wall-clock gap diagnostics only; do not attribute unmatched frames or gaps to weather or equipment efficiency,a6a11f498afd43f99b5add50f0c61e7005c7dcbcab19c1c7b4ab62776daf32bc
20251219,False,False,0,0,0,0,0,0,0,0,0,,,0,0,0,0,,,0,,0,,0,,0,,0,,,0,0,0,,0,0,,0,0,,no_strict_raw,,True,mode_label_is_end_of_night_block; current code does not retain minimum-solar-elongation ordering because the candidate list is re-sorted by RA,production history feedback was observed stalled after 20260330; recent-night cooldown and current coverage feedback must not be assumed active,plan realization and wall-clock gap diagnostics only; do not attribute unmatched frames or gaps to weather or equipment efficiency,a6a11f498afd43f99b5add50f0c61e7005c7dcbcab19c1c7b4ab62776daf32bc
20251220,False,False,0,506,0,0,0,506,0,0,506,,,0,175,506,0,,,0,,0,,0,,0,,505,52.509,70.8216,0,0,0,,0,0,,0,0,,quality_ok,,True,mode_label_is_end_of_night_block; current code does not retain minimum-solar-elongation ordering because the candidate list is re-sorted by RA,production history feedback was observed stalled after 20260330; recent-night cooldown and current coverage feedback must not be assumed active,plan realization and wall-clock gap diagnostics only; do not attribute unmatched frames or gaps to weather or equipment efficiency,a6a11f498afd43f99b5add50f0c61e7005c7dcbcab19c1c7b4ab62776daf32bc
20251221,False,False,0,293,0,0,0,293,0,0,293,,,0,117,284,0,,,0,,0,,0,,0,,283,51.870000000000005,67.82719999999999,0,0,0,,0,0,,0,0,,quality_ok,,True,mode_label_is_end_of_night_block; current code does not retain minimum-solar-elongation ordering because the candidate list is re-sorted by RA,production history feedback was observed stalled after 20260330; recent-night cooldown and current coverage feedback must not be assumed active,plan realization and wall-clock gap diagnostics only; do not attribute unmatched frames or gaps to weather or equipment efficiency,a6a11f498afd43f99b5add50f0c61e7005c7dcbcab19c1c7b4ab62776daf32bc
20251222,False,False,0,0,0,0,0,0,0,0,0,,,0,0,0,0,,,0,,0,,0,,0,,0,,,0,0,0,,0,0,,0,0,,no_strict_raw,,True,mode_label_is_end_of_night_block; current code does not retain minimum-solar-elongation ordering because the candidate list is re-sorted by RA,production history feedback was observed stalled after 20260330; recent-night cooldown and current coverage feedback must not be assumed active,plan realization and wall-clock gap diagnostics only; do not attribute unmatched frames or gaps to weather or equipment efficiency,a6a11f498afd43f99b5add50f0c61e7005c7dcbcab19c1c7b4ab62776daf32bc
20251223,False,False,0,306,0,0,0,306,0,0,306,,,0,102,306,0,,,0,,0,,0,,0,,305,53.57299999999999,80.0562,0,0,0,,0,0,,0,0,,quality_ok,,True,mode_label_is_end_of_night_block; current code does not retain minimum-solar-elongation ordering because the candidate list is re-sorted by RA,production history feedback was observed stalled after 20260330; recent-night cooldown and current coverage feedback must not be assumed active,plan realization and wall-clock gap diagnostics only; do not attribute unmatched frames or gaps to weather or equipment efficiency,a6a11f498afd43f99b5add50f0c61e7005c7dcbcab19c1c7b4ab62776daf32bc
20251224,False,False,0,0,0,0,0,0,0,0,0,,,0,0,0,0,,,0,,0,,0,,0,,0,,,0,0,0,,0,0,,0,0,,no_strict_raw,,True,mode_label_is_end_of_night_block; current code does not retain minimum-solar-elongation ordering because the candidate list is re-sorted by RA,production history feedback was observed stalled after 20260330; recent-night cooldown and current coverage feedback must not be assumed active,plan realization and wall-clock gap diagnostics only; do not attribute unmatched frames or gaps to weather or equipment efficiency,a6a11f498afd43f99b5add50f0c61e7005c7dcbcab19c1c7b4ab62776daf32bc
20251225,False,False,0,328,0,0,0,328,0,0,328,,,0,108,328,0,,,0,,0,,0,,0,,327,53.315,70.835,0,0,0,,0,0,,0,0,,quality_ok,,True,mode_label_is_end_of_night_block; current code does not retain minimum-solar-elongation ordering because the candidate list is re-sorted by RA,production history feedback was observed stalled after 20260330; recent-night cooldown and current coverage feedback must not be assumed active,plan realization and wall-clock gap diagnostics only; do not attribute unmatched frames or gaps to weather or equipment efficiency,a6a11f498afd43f99b5add50f0c61e7005c7dcbcab19c1c7b4ab62776daf32bc
20251226,False,False,0,627,0,0,0,627,0,0,627,,,0,183,627,0,,,0,,0,,0,,0,,626,52.091499999999996,70.7645,0,0,0,,0,0,,0,0,,quarantine_unknown,high_candidate_count_366,True,mode_label_is_end_of_night_block; current code does not retain minimum-solar-elongation ordering because the candidate list is re-sorted by RA,production history feedback was observed stalled after 20260330; recent-night cooldown and current coverage feedback must not be assumed active,plan realization and wall-clock gap diagnostics only; do not attribute unmatched frames or gaps to weather or equipment efficiency,a6a11f498afd43f99b5add50f0c61e7005c7dcbcab19c1c7b4ab62776daf32bc
20251227,False,False,0,474,0,0,0,474,0,0,474,,,0,171,474,0,,,0,,0,,0,,0,,473,53.539,73.81060000000001,0,0,0,,0,0,,0,0,,quality_ok,,True,mode_label_is_end_of_night_block; current code does not retain minimum-solar-elongation ordering because the candidate list is re-sorted by RA,production history feedback was observed stalled after 20260330; recent-night cooldown and current coverage feedback must not be assumed active,plan realization and wall-clock gap diagnostics only; do not attribute unmatched frames or gaps to weather or equipment efficiency,a6a11f498afd43f99b5add50f0c61e7005c7dcbcab19c1c7b4ab62776daf32bc
20251228,False,False,0,498,0,0,0,498,0,0,498,,,0,128,498,0,,,0,,0,,0,,0,,497,53.400999999999996,73.37360000000004,0,0,0,,0,0,,0,0,,quality_ok,,True,mode_label_is_end_of_night_block; current code does not retain minimum-solar-elongation ordering because the candidate list is re-sorted by RA,production history feedback was observed stalled after 20260330; recent-night cooldown and current coverage feedback must not be assumed active,plan realization and wall-clock gap diagnostics only; do not attribute unmatched frames or gaps to weather or equipment efficiency,a6a11f498afd43f99b5add50f0c61e7005c7dcbcab19c1c7b4ab62776daf32bc
20251229,False,False,0,471,0,0,0,471,0,0,471,,,0,148,471,0,,,0,,0,,0,,0,,470,53.498,72.9925,0,0,0,,0,0,,0,0,,quality_ok,,True,mode_label_is_end_of_night_block; current code does not retain minimum-solar-elongation ordering because the candidate list is re-sorted by RA,production history feedback was observed stalled after 20260330; recent-night cooldown and current coverage feedback must not be assumed active,plan realization and wall-clock gap diagnostics only; do not attribute unmatched frames or gaps to weather or equipment efficiency,a6a11f498afd43f99b5add50f0c61e7005c7dcbcab19c1c7b4ab62776daf32bc
20251230,False,False,0,436,0,0,0,436,0,0,436,,,0,166,427,0,,,0,,0,,0,,0,,426,52.949,70.995,0,0,0,,0,0,,0,0,,quality_ok,,True,mode_label_is_end_of_night_block; current code does not retain minimum-solar-elongation ordering because the candidate list is re-sorted by RA,production history feedback was observed stalled after 20260330; recent-night cooldown and current coverage feedback must not be assumed active,plan realization and wall-clock gap diagnostics only; do not attribute unmatched frames or gaps to weather or equipment efficiency,a6a11f498afd43f99b5add50f0c61e7005c7dcbcab19c1c7b4ab62776daf32bc
20251231,False,False,0,451,0,0,0,451,0,0,451,,,0,170,451,0,,,0,,0,,0,,0,,450,54.4855,73.4783,0,0,0,,0,0,,0,0,,quality_ok,,True,mode_label_is_end_of_night_block; current code does not retain minimum-solar-elongation ordering because the candidate list is re-sorted by RA,production history feedback was observed stalled after 20260330; recent-night cooldown and current coverage feedback must not be assumed active,plan realization and wall-clock gap diagnostics only; do not attribute unmatched frames or gaps to weather or equipment efficiency,a6a11f498afd43f99b5add50f0c61e7005c7dcbcab19c1c7b4ab62776daf32bc
20260101,False,False,0,444,0,0,0,444,0,0,444,,,0,182,441,0,,,0,,0,,0,,0,,440,51.624500000000005,113.80190000000003,0,0,0,,0,0,,0,0,,quality_ok,,True,mode_label_is_end_of_night_block; current code does not retain minimum-solar-elongation ordering because the candidate list is re-sorted by RA,production history feedback was observed stalled after 20260330; recent-night cooldown and current coverage feedback must not be assumed active,plan realization and wall-clock gap diagnostics only; do not attribute unmatched frames or gaps to weather or equipment efficiency,a6a11f498afd43f99b5add50f0c61e7005c7dcbcab19c1c7b4ab62776daf32bc
20260102,False,False,0,518,0,0,0,518,0,0,518,,,0,197,518,0,,,0,,0,,0,,0,,517,53.128,67.45960000000001,0,0,0,,0,0,,0,0,,quality_ok,,True,mode_label_is_end_of_night_block; current code does not retain minimum-solar-elongation ordering because the candidate list is re-sorted by RA,production history feedback was observed stalled after 20260330; recent-night cooldown and current coverage feedback must not be assumed active,plan realization and wall-clock gap diagnostics only; do not attribute unmatched frames or gaps to weather or equipment efficiency,a6a11f498afd43f99b5add50f0c61e7005c7dcbcab19c1c7b4ab62776daf32bc
20260103,False,False,0,118,0,0,0,118,0,0,118,,,0,54,118,0,,,0,,0,,0,,0,,117,52.702,67.7584,0,0,0,,0,0,,0,0,,quality_ok,,True,mode_label_is_end_of_night_block; current code does not retain minimum-solar-elongation ordering because the candidate list is re-sorted by RA,production history feedback was observed stalled after 20260330; recent-night cooldown and current coverage feedback must not be assumed active,plan realization and wall-clock gap diagnostics only; do not attribute unmatched frames or gaps to weather or equipment efficiency,a6a11f498afd43f99b5add50f0c61e7005c7dcbcab19c1c7b4ab62776daf32bc
20260104,False,False,0,497,0,0,0,497,0,0,497,,,0,162,497,0,,,0,,0,,0,,0,,496,52.533500000000004,70.56649999999999,0,0,0,,0,0,,0,0,,quality_ok,,True,mode_label_is_end_of_night_block; current code does not retain minimum-solar-elongation ordering because the candidate list is re-sorted by RA,production history feedback was observed stalled after 20260330; recent-night cooldown and current coverage feedback must not be assumed active,plan realization and wall-clock gap diagnostics only; do not attribute unmatched frames or gaps to weather or equipment efficiency,a6a11f498afd43f99b5add50f0c61e7005c7dcbcab19c1c7b4ab62776daf32bc
20260105,False,False,0,508,0,0,0,508,0,0,508,,,0,190,488,0,,,0,,0,,0,,0,,487,52.812,70.4482,0,0,0,,0,0,,0,0,,quality_ok,,True,mode_label_is_end_of_night_block; current code does not retain minimum-solar-elongation ordering because the candidate list is re-sorted by RA,production history feedback was observed stalled after 20260330; recent-night cooldown and current coverage feedback must not be assumed active,plan realization and wall-clock gap diagnostics only; do not attribute unmatched frames or gaps to weather or equipment efficiency,a6a11f498afd43f99b5add50f0c61e7005c7dcbcab19c1c7b4ab62776daf32bc
20260106,False,False,0,435,0,0,0,435,0,0,435,,,0,158,432,0,,,0,,0,,0,,0,,431,57.116,79.95,0,0,0,,0,0,,0,0,,quality_ok,,True,mode_label_is_end_of_night_block; current code does not retain minimum-solar-elongation ordering because the candidate list is re-sorted by RA,production history feedback was observed stalled after 20260330; recent-night cooldown and current coverage feedback must not be assumed active,plan realization and wall-clock gap diagnostics only; do not attribute unmatched frames or gaps to weather or equipment efficiency,a6a11f498afd43f99b5add50f0c61e7005c7dcbcab19c1c7b4ab62776daf32bc
20260107,False,False,0,464,0,0,0,464,0,0,464,,,0,161,464,0,,,0,,0,,0,,0,,463,53.67,74.385,0,0,0,,0,0,,0,0,,quality_ok,,True,mode_label_is_end_of_night_block; current code does not retain minimum-solar-elongation ordering because the candidate list is re-sorted by RA,production history feedback was observed stalled after 20260330; recent-night cooldown and current coverage feedback must not be assumed active,plan realization and wall-clock gap diagnostics only; do not attribute unmatched frames or gaps to weather or equipment efficiency,a6a11f498afd43f99b5add50f0c61e7005c7dcbcab19c1c7b4ab62776daf32bc
20260108,False,False,0,226,0,0,0,226,0,0,226,,,0,73,226,0,,,0,,0,,0,,0,,225,58.063,72.7358,0,0,0,,0,0,,0,0,,quality_ok,,True,mode_label_is_end_of_night_block; current code does not retain minimum-solar-elongation ordering because the candidate list is re-sorted by RA,production history feedback was observed stalled after 20260330; recent-night cooldown and current coverage feedback must not be assumed active,plan realization and wall-clock gap diagnostics only; do not attribute unmatched frames or gaps to weather or equipment efficiency,a6a11f498afd43f99b5add50f0c61e7005c7dcbcab19c1c7b4ab62776daf32bc
20260109,False,False,0,271,0,0,0,271,0,0,271,,,0,99,271,0,,,0,,0,,0,,0,,270,55.8785,74.86379999999996,0,0,0,,0,0,,0,0,,quality_ok,,True,mode_label_is_end_of_night_block; current code does not retain minimum-solar-elongation ordering because the candidate list is re-sorted by RA,production history feedback was observed stalled after 20260330; recent-night cooldown and current coverage feedback must not be assumed active,plan realization and wall-clock gap diagnostics only; do not attribute unmatched frames or gaps to weather or equipment efficiency,a6a11f498afd43f99b5add50f0c61e7005c7dcbcab19c1c7b4ab62776daf32bc
20260110,False,False,0,392,0,0,0,392,0,0,392,,,0,135,392,0,,,0,,0,,0,,0,,391,55.742000000000004,98.21000000000001,0,0,0,,0,0,,0,0,,quality_ok,,True,mode_label_is_end_of_night_block; current code does not retain minimum-solar-elongation ordering because the candidate list is re-sorted by RA,production history feedback was observed stalled after 20260330; recent-night cooldown and current coverage feedback must not be assumed active,plan realization and wall-clock gap diagnostics only; do not attribute unmatched frames or gaps to weather or equipment efficiency,a6a11f498afd43f99b5add50f0c61e7005c7dcbcab19c1c7b4ab62776daf32bc
20260111,False,False,0,347,0,0,0,347,0,0,347,,,0,125,347,0,,,0,,0,,0,,0,,346,53.122,74.1805,0,0,0,,0,0,,0,0,,excluded_primary,upstream_wcs_failure_8_to_11_arcsec,False,mode_label_is_end_of_night_block; current code does not retain minimum-solar-elongation ordering because the candidate list is re-sorted by RA,production history feedback was observed stalled after 20260330; recent-night cooldown and current coverage feedback must not be assumed active,plan realization and wall-clock gap diagnostics only; do not attribute unmatched frames or gaps to weather or equipment efficiency,a6a11f498afd43f99b5add50f0c61e7005c7dcbcab19c1c7b4ab62776daf32bc
20260112,False,False,0,271,0,0,0,271,0,0,271,,,0,93,271,0,,,0,,0,,0,,0,,270,52.975500000000004,73.6033,0,0,0,,0,0,,0,0,,quality_ok,,True,mode_label_is_end_of_night_block; current code does not retain minimum-solar-elongation ordering because the candidate list is re-sorted by RA,production history feedback was observed stalled after 20260330; recent-night cooldown and current coverage feedback must not be assumed active,plan realization and wall-clock gap diagnostics only; do not attribute unmatched frames or gaps to weather or equipment efficiency,a6a11f498afd43f99b5add50f0c61e7005c7dcbcab19c1c7b4ab62776daf32bc
20260113,False,False,0,0,0,0,0,0,0,0,0,,,0,0,0,0,,,0,,0,,0,,0,,0,,,0,0,0,,0,0,,0,0,,no_strict_raw,,True,mode_label_is_end_of_night_block; current code does not retain minimum-solar-elongation ordering because the candidate list is re-sorted by RA,production history feedback was observed stalled after 20260330; recent-night cooldown and current coverage feedback must not be assumed active,plan realization and wall-clock gap diagnostics only; do not attribute unmatched frames or gaps to weather or equipment efficiency,a6a11f498afd43f99b5add50f0c61e7005c7dcbcab19c1c7b4ab62776daf32bc
20260114,False,False,0,405,0,0,0,405,0,0,405,,,0,155,405,0,,,0,,0,,0,,0,,404,53.928000000000004,76.8939,0,0,0,,0,0,,0,0,,quality_ok,,True,mode_label_is_end_of_night_block; current code does not retain minimum-solar-elongation ordering because the candidate list is re-sorted by RA,production history feedback was observed stalled after 20260330; recent-night cooldown and current coverage feedback must not be assumed active,plan realization and wall-clock gap diagnostics only; do not attribute unmatched frames or gaps to weather or equipment efficiency,a6a11f498afd43f99b5add50f0c61e7005c7dcbcab19c1c7b4ab62776daf32bc
20260115,False,False,0,413,0,0,0,413,0,0,413,,,0,169,413,0,,,0,,0,,0,,0,,412,54.8705,76.11050000000002,0,0,0,,0,0,,0,0,,quality_ok,,True,mode_label_is_end_of_night_block; current code does not retain minimum-solar-elongation ordering because the candidate list is re-sorted by RA,production history feedback was observed stalled after 20260330; recent-night cooldown and current coverage feedback must not be assumed active,plan realization and wall-clock gap diagnostics only; do not attribute unmatched frames or gaps to weather or equipment efficiency,a6a11f498afd43f99b5add50f0c61e7005c7dcbcab19c1c7b4ab62776daf32bc
20260116,False,False,0,393,0,0,0,393,0,0,393,,,0,159,393,0,,,0,,0,,0,,0,,392,52.6755,70.0352,0,0,0,,0,0,,0,0,,quality_ok,,True,mode_label_is_end_of_night_block; current code does not retain minimum-solar-elongation ordering because the candidate list is re-sorted by RA,production history feedback was observed stalled after 20260330; recent-night cooldown and current coverage feedback must not be assumed active,plan realization and wall-clock gap diagnostics only; do not attribute unmatched frames or gaps to weather or equipment efficiency,a6a11f498afd43f99b5add50f0c61e7005c7dcbcab19c1c7b4ab62776daf32bc
20260117,False,False,0,245,0,0,0,245,0,0,245,,,0,78,245,0,,,0,,0,,0,,0,,244,54.8765,70.65980000000002,0,0,0,,0,0,,0,0,,quality_ok,,True,mode_label_is_end_of_night_block; current code does not retain minimum-solar-elongation ordering because the candidate list is re-sorted by RA,production history feedback was observed stalled after 20260330; recent-night cooldown and current coverage feedback must not be assumed active,plan realization and wall-clock gap diagnostics only; do not attribute unmatched frames or gaps to weather or equipment efficiency,a6a11f498afd43f99b5add50f0c61e7005c7dcbcab19c1c7b4ab62776daf32bc
20260118,False,False,0,0,0,0,0,0,0,0,0,,,0,0,0,0,,,0,,0,,0,,0,,0,,,0,0,0,,0,0,,0,0,,no_strict_raw,,True,mode_label_is_end_of_night_block; current code does not retain minimum-solar-elongation ordering because the candidate list is re-sorted by RA,production history feedback was observed stalled after 20260330; recent-night cooldown and current coverage feedback must not be assumed active,plan realization and wall-clock gap diagnostics only; do not attribute unmatched frames or gaps to weather or equipment efficiency,a6a11f498afd43f99b5add50f0c61e7005c7dcbcab19c1c7b4ab62776daf32bc
20260119,False,False,0,456,0,0,0,456,0,0,456,,,0,213,456,0,,,0,,0,,0,,0,,455,54.55,101.05660000000002,0,0,0,,0,0,,0,0,,quality_ok,,True,mode_label_is_end_of_night_block; current code does not retain minimum-solar-elongation ordering because the candidate list is re-sorted by RA,production history feedback was observed stalled after 20260330; recent-night cooldown and current coverage feedback must not be assumed active,plan realization and wall-clock gap diagnostics only; do not attribute unmatched frames or gaps to weather or equipment efficiency,a6a11f498afd43f99b5add50f0c61e7005c7dcbcab19c1c7b4ab62776daf32bc
20260120,False,False,0,508,0,0,0,508,0,0,508,,,0,194,508,0,,,0,,0,,0,,0,,507,52.971999999999994,69.6642,0,0,0,,0,0,,0,0,,quality_ok,,True,mode_label_is_end_of_night_block; current code does not retain minimum-solar-elongation ordering because the candidate list is re-sorted by RA,production history feedback was observed stalled after 20260330; recent-night cooldown and current coverage feedback must not be assumed active,plan realization and wall-clock gap diagnostics only; do not attribute unmatched frames or gaps to weather or equipment efficiency,a6a11f498afd43f99b5add50f0c61e7005c7dcbcab19c1c7b4ab62776daf32bc
20260121,False,False,0,492,0,0,0,492,0,0,492,,,0,181,492,0,,,0,,0,,0,,0,,491,52.553,67.346,0,0,0,,0,0,,0,0,,quality_ok,,True,mode_label_is_end_of_night_block; current code does not retain minimum-solar-elongation ordering because the candidate list is re-sorted by RA,production history feedback was observed stalled after 20260330; recent-night cooldown and current coverage feedback must not be assumed active,plan realization and wall-clock gap diagnostics only; do not attribute unmatched frames or gaps to weather or equipment efficiency,a6a11f498afd43f99b5add50f0c61e7005c7dcbcab19c1c7b4ab62776daf32bc
20260122,False,False,0,501,0,0,0,501,0,0,501,,,0,188,501,0,,,0,,0,,0,,0,,500,52.69,67.7775,0,0,0,,0,0,,0,0,,quality_ok,,True,mode_label_is_end_of_night_block; current code does not retain minimum-solar-elongation ordering because the candidate list is re-sorted by RA,production history feedback was observed stalled after 20260330; recent-night cooldown and current coverage feedback must not be assumed active,plan realization and wall-clock gap diagnostics only; do not attribute unmatched frames or gaps to weather or equipment efficiency,a6a11f498afd43f99b5add50f0c61e7005c7dcbcab19c1c7b4ab62776daf32bc
20260123,False,False,0,486,0,0,0,486,0,0,486,,,0,200,486,0,,,0,,0,,0,,0,,485,53.512,70.588,0,0,0,,0,0,,0,0,,quality_ok,,True,mode_label_is_end_of_night_block; current code does not retain minimum-solar-elongation ordering because the candidate list is re-sorted by RA,production history feedback was observed stalled after 20260330; recent-night cooldown and current coverage feedback must not be assumed active,plan realization and wall-clock gap diagnostics only; do not attribute unmatched frames or gaps to weather or equipment efficiency,a6a11f498afd43f99b5add50f0c61e7005c7dcbcab19c1c7b4ab62776daf32bc
20260124,False,False,0,482,0,0,0,482,0,0,482,,,0,159,482,0,,,0,,0,,0,,0,,481,54.918000000000006,73.346,0,0,0,,0,0,,0,0,,quality_ok,,True,mode_label_is_end_of_night_block; current code does not retain minimum-solar-elongation ordering because the candidate list is re-sorted by RA,production history feedback was observed stalled after 20260330; recent-night cooldown and current coverage feedback must not be assumed active,plan realization and wall-clock gap diagnostics only; do not attribute unmatched frames or gaps to weather or equipment efficiency,a6a11f498afd43f99b5add50f0c61e7005c7dcbcab19c1c7b4ab62776daf32bc
20260125,False,False,0,0,0,0,0,0,0,0,0,,,0,0,0,0,,,0,,0,,0,,0,,0,,,0,0,0,,0,0,,0,0,,no_strict_raw,,True,mode_label_is_end_of_night_block; current code does not retain minimum-solar-elongation ordering because the candidate list is re-sorted by RA,production history feedback was observed stalled after 20260330; recent-night cooldown and current coverage feedback must not be assumed active,plan realization and wall-clock gap diagnostics only; do not attribute unmatched frames or gaps to weather or equipment efficiency,a6a11f498afd43f99b5add50f0c61e7005c7dcbcab19c1c7b4ab62776daf32bc
20260126,False,False,0,496,0,0,0,496,0,0,496,,,0,171,496,0,,,0,,0,,0,,0,,495,51.908,67.902,0,0,0,,0,0,,0,0,,quality_ok,,True,mode_label_is_end_of_night_block; current code does not retain minimum-solar-elongation ordering because the candidate list is re-sorted by RA,production history feedback was observed stalled after 20260330; recent-night cooldown and current coverage feedback must not be assumed active,plan realization and wall-clock gap diagnostics only; do not attribute unmatched frames or gaps to weather or equipment efficiency,a6a11f498afd43f99b5add50f0c61e7005c7dcbcab19c1c7b4ab62776daf32bc
20260127,False,False,0,374,0,0,0,374,0,0,374,,,0,162,362,0,,,0,,0,,0,,0,,361,53.965,142.935,0,0,0,,0,0,,0,0,,quality_ok,,True,mode_label_is_end_of_night_block; current code does not retain minimum-solar-elongation ordering because the candidate list is re-sorted by RA,production history feedback was observed stalled after 20260330; recent-night cooldown and current coverage feedback must not be assumed active,plan realization and wall-clock gap diagnostics only; do not attribute unmatched frames or gaps to weather or equipment efficiency,a6a11f498afd43f99b5add50f0c61e7005c7dcbcab19c1c7b4ab62776daf32bc
20260128,False,False,0,34,0,0,0,34,0,0,34,,,0,29,34,0,,,0,,0,,0,,0,,33,51.081,64.3924,0,0,0,,0,0,,0,0,,quality_ok,,True,mode_label_is_end_of_night_block; current code does not retain minimum-solar-elongation ordering because the candidate list is re-sorted by RA,production history feedback was observed stalled after 20260330; recent-night cooldown and current coverage feedback must not be assumed active,plan realization and wall-clock gap diagnostics only; do not attribute unmatched frames or gaps to weather or equipment efficiency,a6a11f498afd43f99b5add50f0c61e7005c7dcbcab19c1c7b4ab62776daf32bc
20260129,False,False,0,319,0,0,0,319,0,0,319,,,0,123,313,0,,,0,,0,,0,,0,,312,54.5745,72.34400000000001,0,0,0,,0,0,,0,0,,quality_ok,,True,mode_label_is_end_of_night_block; current code does not retain minimum-solar-elongation ordering because the candidate list is re-sorted by RA,production history feedback was observed stalled after 20260330; recent-night cooldown and current coverage feedback must not be assumed active,plan realization and wall-clock gap diagnostics only; do not attribute unmatched frames or gaps to weather or equipment efficiency,a6a11f498afd43f99b5add50f0c61e7005c7dcbcab19c1c7b4ab62776daf32bc
20260130,False,False,0,0,0,0,0,0,0,0,0,,,0,0,0,0,,,0,,0,,0,,0,,0,,,0,0,0,,0,0,,0,0,,no_strict_raw,,True,mode_label_is_end_of_night_block; current code does not retain minimum-solar-elongation ordering because the candidate list is re-sorted by RA,production history feedback was observed stalled after 20260330; recent-night cooldown and current coverage feedback must not be assumed active,plan realization and wall-clock gap diagnostics only; do not attribute unmatched frames or gaps to weather or equipment efficiency,a6a11f498afd43f99b5add50f0c61e7005c7dcbcab19c1c7b4ab62776daf32bc
20260131,False,False,0,317,0,0,0,317,0,0,317,,,0,149,315,0,,,0,,0,,0,,0,,314,52.295,74.32839999999999,0,0,0,,0,0,,0,0,,quality_ok,,True,mode_label_is_end_of_night_block; current code does not retain minimum-solar-elongation ordering because the candidate list is re-sorted by RA,production history feedback was observed stalled after 20260330; recent-night cooldown and current coverage feedback must not be assumed active,plan realization and wall-clock gap diagnostics only; do not attribute unmatched frames or gaps to weather or equipment efficiency,a6a11f498afd43f99b5add50f0c61e7005c7dcbcab19c1c7b4ab62776daf32bc
20260201,False,False,0,292,0,0,0,292,0,0,292,,,0,128,285,0,,,0,,0,,0,,0,,284,51.7195,68.8518,0,0,0,,0,0,,0,0,,quality_ok,,True,mode_label_is_end_of_night_block; current code does not retain minimum-solar-elongation ordering because the candidate list is re-sorted by RA,production history feedback was observed stalled after 20260330; recent-night cooldown and current coverage feedback must not be assumed active,plan realization and wall-clock gap diagnostics only; do not attribute unmatched frames or gaps to weather or equipment efficiency,a6a11f498afd43f99b5add50f0c61e7005c7dcbcab19c1c7b4ab62776daf32bc
20260202,False,False,0,493,0,0,0,493,0,0,493,,,0,173,493,0,,,0,,0,,0,,0,,492,53.5315,67.2801,0,0,0,,0,0,,0,0,,quality_ok,,True,mode_label_is_end_of_night_block; current code does not retain minimum-solar-elongation ordering because the candidate list is re-sorted by RA,production history feedback was observed stalled after 20260330; recent-night cooldown and current coverage feedback must not be assumed active,plan realization and wall-clock gap diagnostics only; do not attribute unmatched frames or gaps to weather or equipment efficiency,a6a11f498afd43f99b5add50f0c61e7005c7dcbcab19c1c7b4ab62776daf32bc
20260203,False,False,0,0,0,0,0,0,0,0,0,,,0,0,0,0,,,0,,0,,0,,0,,0,,,0,0,0,,0,0,,0,0,,no_strict_raw,,True,mode_label_is_end_of_night_block; current code does not retain minimum-solar-elongation ordering because the candidate list is re-sorted by RA,production history feedback was observed stalled after 20260330; recent-night cooldown and current coverage feedback must not be assumed active,plan realization and wall-clock gap diagnostics only; do not attribute unmatched frames or gaps to weather or equipment efficiency,a6a11f498afd43f99b5add50f0c61e7005c7dcbcab19c1c7b4ab62776daf32bc
20260204,False,False,0,0,0,0,0,0,0,0,0,,,0,0,0,0,,,0,,0,,0,,0,,0,,,0,0,0,,0,0,,0,0,,no_strict_raw,,True,mode_label_is_end_of_night_block; current code does not retain minimum-solar-elongation ordering because the candidate list is re-sorted by RA,production history feedback was observed stalled after 20260330; recent-night cooldown and current coverage feedback must not be assumed active,plan realization and wall-clock gap diagnostics only; do not attribute unmatched frames or gaps to weather or equipment efficiency,a6a11f498afd43f99b5add50f0c61e7005c7dcbcab19c1c7b4ab62776daf32bc
20260205,False,False,0,287,0,0,0,287,0,0,287,,,0,97,286,0,,,0,,0,,0,,0,,285,53.979,72.59219999999999,0,0,0,,0,0,,0,0,,quality_ok,,True,mode_label_is_end_of_night_block; current code does not retain minimum-solar-elongation ordering because the candidate list is re-sorted by RA,production history feedback was observed stalled after 20260330; recent-night cooldown and current coverage feedback must not be assumed active,plan realization and wall-clock gap diagnostics only; do not attribute unmatched frames or gaps to weather or equipment efficiency,a6a11f498afd43f99b5add50f0c61e7005c7dcbcab19c1c7b4ab62776daf32bc
20260206,False,False,0,240,0,0,0,240,0,0,240,,,0,81,240,0,,,0,,0,,0,,0,,239,51.804,72.7576,0,0,0,,0,0,,0,0,,quality_ok,,True,mode_label_is_end_of_night_block; current code does not retain minimum-solar-elongation ordering because the candidate list is re-sorted by RA,production history feedback was observed stalled after 20260330; recent-night cooldown and current coverage feedback must not be assumed active,plan realization and wall-clock gap diagnostics only; do not attribute unmatched frames or gaps to weather or equipment efficiency,a6a11f498afd43f99b5add50f0c61e7005c7dcbcab19c1c7b4ab62776daf32bc
20260207,False,False,0,495,0,0,0,495,0,0,495,,,0,167,495,0,,,0,,0,,0,,0,,494,52.43150000000001,71.90639999999999,0,0,0,,0,0,,0,0,,quality_ok,,True,mode_label_is_end_of_night_block; current code does not retain minimum-solar-elongation ordering because the candidate list is re-sorted by RA,production history feedback was observed stalled after 20260330; recent-night cooldown and current coverage feedback must not be assumed active,plan realization and wall-clock gap diagnostics only; do not attribute unmatched frames or gaps to weather or equipment efficiency,a6a11f498afd43f99b5add50f0c61e7005c7dcbcab19c1c7b4ab62776daf32bc
20260208,False,False,0,489,0,0,0,489,0,0,489,,,0,176,489,0,,,0,,0,,0,,0,,488,52.456,73.5149,0,0,0,,0,0,,0,0,,quality_ok,,True,mode_label_is_end_of_night_block; current code does not retain minimum-solar-elongation ordering because the candidate list is re-sorted by RA,production history feedback was observed stalled after 20260330; recent-night cooldown and current coverage feedback must not be assumed active,plan realization and wall-clock gap diagnostics only; do not attribute unmatched frames or gaps to weather or equipment efficiency,a6a11f498afd43f99b5add50f0c61e7005c7dcbcab19c1c7b4ab62776daf32bc
20260209,False,False,0,1,0,0,0,1,0,0,1,,,0,1,0,0,,,0,,0,,0,,0,,0,,,0,0,0,,0,0,,0,0,,raw_without_l2;l2_missing,missing_l2,True,mode_label_is_end_of_night_block; current code does not retain minimum-solar-elongation ordering because the candidate list is re-sorted by RA,production history feedback was observed stalled after 20260330; recent-night cooldown and current coverage feedback must not be assumed active,plan realization and wall-clock gap diagnostics only; do not attribute unmatched frames or gaps to weather or equipment efficiency,a6a11f498afd43f99b5add50f0c61e7005c7dcbcab19c1c7b4ab62776daf32bc
20260210,False,False,0,140,0,0,0,140,0,0,140,,,0,55,140,0,,,0,,0,,0,,0,,139,51.56,66.53460000000001,0,0,0,,0,0,,0,0,,quality_ok,,True,mode_label_is_end_of_night_block; current code does not retain minimum-solar-elongation ordering because the candidate list is re-sorted by RA,production history feedback was observed stalled after 20260330; recent-night cooldown and current coverage feedback must not be assumed active,plan realization and wall-clock gap diagnostics only; do not attribute unmatched frames or gaps to weather or equipment efficiency,a6a11f498afd43f99b5add50f0c61e7005c7dcbcab19c1c7b4ab62776daf32bc
20260211,False,False,0,416,0,0,0,416,0,0,416,,,0,153,416,0,,,0,,0,,0,,0,,415,51.92,74.2824,0,0,0,,0,0,,0,0,,quality_ok,,True,mode_label_is_end_of_night_block; current code does not retain minimum-solar-elongation ordering because the candidate list is re-sorted by RA,production history feedback was observed stalled after 20260330; recent-night cooldown and current coverage feedback must not be assumed active,plan realization and wall-clock gap diagnostics only; do not attribute unmatched frames or gaps to weather or equipment efficiency,a6a11f498afd43f99b5add50f0c61e7005c7dcbcab19c1c7b4ab62776daf32bc
20260212,False,False,0,289,0,0,0,289,0,0,289,,,0,113,289,0,,,0,,0,,0,,0,,288,49.868500000000004,64.032,0,0,0,,0,0,,0,0,,quality_ok,,True,mode_label_is_end_of_night_block; current code does not retain minimum-solar-elongation ordering because the candidate list is re-sorted by RA,production history feedback was observed stalled after 20260330; recent-night cooldown and current coverage feedback must not be assumed active,plan realization and wall-clock gap diagnostics only; do not attribute unmatched frames or gaps to weather or equipment efficiency,a6a11f498afd43f99b5add50f0c61e7005c7dcbcab19c1c7b4ab62776daf32bc
20260213,False,False,0,394,0,0,0,394,0,0,394,,,0,142,394,0,,,0,,0,,0,,0,,393,54.59,75.01540000000003,0,0,0,,0,0,,0,0,,quality_ok,,True,mode_label_is_end_of_night_block; current code does not retain minimum-solar-elongation ordering because the candidate list is re-sorted by RA,production history feedback was observed stalled after 20260330; recent-night cooldown and current coverage feedback must not be assumed active,plan realization and wall-clock gap diagnostics only; do not attribute unmatched frames or gaps to weather or equipment efficiency,a6a11f498afd43f99b5add50f0c61e7005c7dcbcab19c1c7b4ab62776daf32bc
20260214,False,False,0,0,0,0,0,0,0,0,0,,,0,0,0,0,,,0,,0,,0,,0,,0,,,0,0,0,,0,0,,0,0,,no_strict_raw,,True,mode_label_is_end_of_night_block; current code does not retain minimum-solar-elongation ordering because the candidate list is re-sorted by RA,production history feedback was observed stalled after 20260330; recent-night cooldown and current coverage feedback must not be assumed active,plan realization and wall-clock gap diagnostics only; do not attribute unmatched frames or gaps to weather or equipment efficiency,a6a11f498afd43f99b5add50f0c61e7005c7dcbcab19c1c7b4ab62776daf32bc
20260215,False,False,0,461,0,0,0,461,0,0,461,,,0,196,461,0,,,0,,0,,0,,0,,460,51.769,68.42740000000002,0,0,0,,0,0,,0,0,,quality_ok,,True,mode_label_is_end_of_night_block; current code does not retain minimum-solar-elongation ordering because the candidate list is re-sorted by RA,production history feedback was observed stalled after 20260330; recent-night cooldown and current coverage feedback must not be assumed active,plan realization and wall-clock gap diagnostics only; do not attribute unmatched frames or gaps to weather or equipment efficiency,a6a11f498afd43f99b5add50f0c61e7005c7dcbcab19c1c7b4ab62776daf32bc
20260216,False,False,0,482,0,0,0,482,0,0,482,,,0,178,482,0,,,0,,0,,0,,0,,481,51.620999999999995,75.474,0,0,0,,0,0,,0,0,,quality_ok,,True,mode_label_is_end_of_night_block; current code does not retain minimum-solar-elongation ordering because the candidate list is re-sorted by RA,production history feedback was observed stalled after 20260330; recent-night cooldown and current coverage feedback must not be assumed active,plan realization and wall-clock gap diagnostics only; do not attribute unmatched frames or gaps to weather or equipment efficiency,a6a11f498afd43f99b5add50f0c61e7005c7dcbcab19c1c7b4ab62776daf32bc
20260217,False,False,0,486,0,0,0,486,0,0,486,,,0,175,486,0,,,0,,0,,0,,0,,485,52.92700000000001,69.3282,0,0,0,,0,0,,0,0,,quality_ok,,True,mode_label_is_end_of_night_block; current code does not retain minimum-solar-elongation ordering because the candidate list is re-sorted by RA,production history feedback was observed stalled after 20260330; recent-night cooldown and current coverage feedback must not be assumed active,plan realization and wall-clock gap diagnostics only; do not attribute unmatched frames or gaps to weather or equipment efficiency,a6a11f498afd43f99b5add50f0c61e7005c7dcbcab19c1c7b4ab62776daf32bc
20260218,False,False,0,497,0,0,0,497,0,0,497,,,0,191,497,0,,,0,,0,,0,,0,,496,51.8765,64.72749999999999,0,0,0,,0,0,,0,0,,quality_ok,,True,mode_label_is_end_of_night_block; current code does not retain minimum-solar-elongation ordering because the candidate list is re-sorted by RA,production history feedback was observed stalled after 20260330; recent-night cooldown and current coverage feedback must not be assumed active,plan realization and wall-clock gap diagnostics only; do not attribute unmatched frames or gaps to weather or equipment efficiency,a6a11f498afd43f99b5add50f0c61e7005c7dcbcab19c1c7b4ab62776daf32bc
20260219,False,False,0,278,0,0,0,278,0,0,278,,,0,117,278,0,,,0,,0,,0,,0,,277,50.980999999999995,65.9928,0,0,0,,0,0,,0,0,,quality_ok,,True,mode_label_is_end_of_night_block; current code does not retain minimum-solar-elongation ordering because the candidate list is re-sorted by RA,production history feedback was observed stalled after 20260330; recent-night cooldown and current coverage feedback must not be assumed active,plan realization and wall-clock gap diagnostics only; do not attribute unmatched frames or gaps to weather or equipment efficiency,a6a11f498afd43f99b5add50f0c61e7005c7dcbcab19c1c7b4ab62776daf32bc
20260220,False,False,0,462,0,0,0,462,0,0,462,,,0,188,462,0,,,0,,0,,0,,0,,461,50.623000000000005,66.691,0,0,0,,0,0,,0,0,,quality_ok,,True,mode_label_is_end_of_night_block; current code does not retain minimum-solar-elongation ordering because the candidate list is re-sorted by RA,production history feedback was observed stalled after 20260330; recent-night cooldown and current coverage feedback must not be assumed active,plan realization and wall-clock gap diagnostics only; do not attribute unmatched frames or gaps to weather or equipment efficiency,a6a11f498afd43f99b5add50f0c61e7005c7dcbcab19c1c7b4ab62776daf32bc
20260221,False,False,0,0,0,0,0,0,0,0,0,,,0,0,0,0,,,0,,0,,0,,0,,0,,,0,0,0,,0,0,,0,0,,no_strict_raw,,True,mode_label_is_end_of_night_block; current code does not retain minimum-solar-elongation ordering because the candidate list is re-sorted by RA,production history feedback was observed stalled after 20260330; recent-night cooldown and current coverage feedback must not be assumed active,plan realization and wall-clock gap diagnostics only; do not attribute unmatched frames or gaps to weather or equipment efficiency,a6a11f498afd43f99b5add50f0c61e7005c7dcbcab19c1c7b4ab62776daf32bc
20260222,False,False,0,429,0,0,0,429,0,0,429,,,0,191,429,0,,,0,,0,,0,,0,,428,51.994,64.8036,0,0,0,,0,0,,0,0,,quality_ok,,True,mode_label_is_end_of_night_block; current code does not retain minimum-solar-elongation ordering because the candidate list is re-sorted by RA,production history feedback was observed stalled after 20260330; recent-night cooldown and current coverage feedback must not be assumed active,plan realization and wall-clock gap diagnostics only; do not attribute unmatched frames or gaps to weather or equipment efficiency,a6a11f498afd43f99b5add50f0c61e7005c7dcbcab19c1c7b4ab62776daf32bc
20260223,False,False,0,84,0,0,0,84,0,0,84,,,0,57,84,0,,,0,,0,,0,,0,,83,51.783,71.10839999999999,0,0,0,,0,0,,0,0,,quality_ok,,True,mode_label_is_end_of_night_block; current code does not retain minimum-solar-elongation ordering because the candidate list is re-sorted by RA,production history feedback was observed stalled after 20260330; recent-night cooldown and current coverage feedback must not be assumed active,plan realization and wall-clock gap diagnostics only; do not attribute unmatched frames or gaps to weather or equipment efficiency,a6a11f498afd43f99b5add50f0c61e7005c7dcbcab19c1c7b4ab62776daf32bc
20260224,False,False,0,47,0,0,0,47,0,0,47,,,0,28,47,0,,,0,,0,,0,,0,,46,52.646,64.45,0,0,0,,0,0,,0,0,,quality_ok,,True,mode_label_is_end_of_night_block; current code does not retain minimum-solar-elongation ordering because the candidate list is re-sorted by RA,production history feedback was observed stalled after 20260330; recent-night cooldown and current coverage feedback must not be assumed active,plan realization and wall-clock gap diagnostics only; do not attribute unmatched frames or gaps to weather or equipment efficiency,a6a11f498afd43f99b5add50f0c61e7005c7dcbcab19c1c7b4ab62776daf32bc
20260225,False,False,0,0,0,0,0,0,0,0,0,,,0,0,0,0,,,0,,0,,0,,0,,0,,,0,0,0,,0,0,,0,0,,no_strict_raw,,True,mode_label_is_end_of_night_block; current code does not retain minimum-solar-elongation ordering because the candidate list is re-sorted by RA,production history feedback was observed stalled after 20260330; recent-night cooldown and current coverage feedback must not be assumed active,plan realization and wall-clock gap diagnostics only; do not attribute unmatched frames or gaps to weather or equipment efficiency,a6a11f498afd43f99b5add50f0c61e7005c7dcbcab19c1c7b4ab62776daf32bc
20260226,False,False,0,0,0,0,0,0,0,0,0,,,0,0,0,0,,,0,,0,,0,,0,,0,,,0,0,0,,0,0,,0,0,,no_strict_raw,,True,mode_label_is_end_of_night_block; current code does not retain minimum-solar-elongation ordering because the candidate list is re-sorted by RA,production history feedback was observed stalled after 20260330; recent-night cooldown and current coverage feedback must not be assumed active,plan realization and wall-clock gap diagnostics only; do not attribute unmatched frames or gaps to weather or equipment efficiency,a6a11f498afd43f99b5add50f0c61e7005c7dcbcab19c1c7b4ab62776daf32bc
20260227,False,False,0,0,0,0,0,0,0,0,0,,,0,0,0,0,,,0,,0,,0,,0,,0,,,0,0,0,,0,0,,0,0,,no_strict_raw,,True,mode_label_is_end_of_night_block; current code does not retain minimum-solar-elongation ordering because the candidate list is re-sorted by RA,production history feedback was observed stalled after 20260330; recent-night cooldown and current coverage feedback must not be assumed active,plan realization and wall-clock gap diagnostics only; do not attribute unmatched frames or gaps to weather or equipment efficiency,a6a11f498afd43f99b5add50f0c61e7005c7dcbcab19c1c7b4ab62776daf32bc
20260228,False,False,0,0,0,0,0,0,0,0,0,,,0,0,0,0,,,0,,0,,0,,0,,0,,,0,0,0,,0,0,,0,0,,no_strict_raw,,True,mode_label_is_end_of_night_block; current code does not retain minimum-solar-elongation ordering because the candidate list is re-sorted by RA,production history feedback was observed stalled after 20260330; recent-night cooldown and current coverage feedback must not be assumed active,plan realization and wall-clock gap diagnostics only; do not attribute unmatched frames or gaps to weather or equipment efficiency,a6a11f498afd43f99b5add50f0c61e7005c7dcbcab19c1c7b4ab62776daf32bc
20260301,False,False,0,0,0,0,0,0,0,0,0,,,0,0,0,0,,,0,,0,,0,,0,,0,,,0,0,0,,0,0,,0,0,,no_strict_raw,,True,mode_label_is_end_of_night_block; current code does not retain minimum-solar-elongation ordering because the candidate list is re-sorted by RA,production history feedback was observed stalled after 20260330; recent-night cooldown and current coverage feedback must not be assumed active,plan realization and wall-clock gap diagnostics only; do not attribute unmatched frames or gaps to weather or equipment efficiency,a6a11f498afd43f99b5add50f0c61e7005c7dcbcab19c1c7b4ab62776daf32bc
20260302,False,False,0,0,0,0,0,0,0,0,0,,,0,0,0,0,,,0,,0,,0,,0,,0,,,0,0,0,,0,0,,0,0,,no_strict_raw,,True,mode_label_is_end_of_night_block; current code does not retain minimum-solar-elongation ordering because the candidate list is re-sorted by RA,production history feedback was observed stalled after 20260330; recent-night cooldown and current coverage feedback must not be assumed active,plan realization and wall-clock gap diagnostics only; do not attribute unmatched frames or gaps to weather or equipment efficiency,a6a11f498afd43f99b5add50f0c61e7005c7dcbcab19c1c7b4ab62776daf32bc
20260303,False,False,0,185,0,0,0,185,0,0,185,,,0,66,184,0,,,0,,0,,0,,0,,183,60.666,74.7114,0,0,0,,0,0,,0,0,,quality_ok,,True,mode_label_is_end_of_night_block; current code does not retain minimum-solar-elongation ordering because the candidate list is re-sorted by RA,production history feedback was observed stalled after 20260330; recent-night cooldown and current coverage feedback must not be assumed active,plan realization and wall-clock gap diagnostics only; do not attribute unmatched frames or gaps to weather or equipment efficiency,a6a11f498afd43f99b5add50f0c61e7005c7dcbcab19c1c7b4ab62776daf32bc
20260304,False,False,0,0,0,0,0,0,0,0,0,,,0,0,0,0,,,0,,0,,0,,0,,0,,,0,0,0,,0,0,,0,0,,no_strict_raw,,True,mode_label_is_end_of_night_block; current code does not retain minimum-solar-elongation ordering because the candidate list is re-sorted by RA,production history feedback was observed stalled after 20260330; recent-night cooldown and current coverage feedback must not be assumed active,plan realization and wall-clock gap diagnostics only; do not attribute unmatched frames or gaps to weather or equipment efficiency,a6a11f498afd43f99b5add50f0c61e7005c7dcbcab19c1c7b4ab62776daf32bc
20260305,False,False,0,0,0,0,0,0,0,0,0,,,0,0,0,0,,,0,,0,,0,,0,,0,,,0,0,0,,0,0,,0,0,,no_strict_raw,,True,mode_label_is_end_of_night_block; current code does not retain minimum-solar-elongation ordering because the candidate list is re-sorted by RA,production history feedback was observed stalled after 20260330; recent-night cooldown and current coverage feedback must not be assumed active,plan realization and wall-clock gap diagnostics only; do not attribute unmatched frames or gaps to weather or equipment efficiency,a6a11f498afd43f99b5add50f0c61e7005c7dcbcab19c1c7b4ab62776daf32bc
20260306,False,False,0,313,0,0,0,313,0,0,313,,,0,138,313,0,,,0,,0,,0,,0,,312,53.099999999999994,73.66300000000001,0,0,0,,0,0,,0,0,,quality_ok,,True,mode_label_is_end_of_night_block; current code does not retain minimum-solar-elongation ordering because the candidate list is re-sorted by RA,production history feedback was observed stalled after 20260330; recent-night cooldown and current coverage feedback must not be assumed active,plan realization and wall-clock gap diagnostics only; do not attribute unmatched frames or gaps to weather or equipment efficiency,a6a11f498afd43f99b5add50f0c61e7005c7dcbcab19c1c7b4ab62776daf32bc
20260307,False,False,0,0,0,0,0,0,0,0,0,,,0,0,0,0,,,0,,0,,0,,0,,0,,,0,0,0,,0,0,,0,0,,no_strict_raw,,True,mode_label_is_end_of_night_block; current code does not retain minimum-solar-elongation ordering because the candidate list is re-sorted by RA,production history feedback was observed stalled after 20260330; recent-night cooldown and current coverage feedback must not be assumed active,plan realization and wall-clock gap diagnostics only; do not attribute unmatched frames or gaps to weather or equipment efficiency,a6a11f498afd43f99b5add50f0c61e7005c7dcbcab19c1c7b4ab62776daf32bc
20260308,False,False,0,235,0,0,0,235,0,0,235,,,0,94,234,0,,,0,,0,,0,,0,,233,52.056,73.52040000000001,0,0,0,,0,0,,0,0,,quality_ok,,True,mode_label_is_end_of_night_block; current code does not retain minimum-solar-elongation ordering because the candidate list is re-sorted by RA,production history feedback was observed stalled after 20260330; recent-night cooldown and current coverage feedback must not be assumed active,plan realization and wall-clock gap diagnostics only; do not attribute unmatched frames or gaps to weather or equipment efficiency,a6a11f498afd43f99b5add50f0c61e7005c7dcbcab19c1c7b4ab62776daf32bc
20260309,False,False,0,182,0,0,0,182,0,0,182,,,0,49,182,0,,,0,,0,,0,,0,,181,50.742000000000004,62.61,0,0,0,,0,0,,0,0,,quality_ok,,True,mode_label_is_end_of_night_block; current code does not retain minimum-solar-elongation ordering because the candidate list is re-sorted by RA,production history feedback was observed stalled after 20260330; recent-night cooldown and current coverage feedback must not be assumed active,plan realization and wall-clock gap diagnostics only; do not attribute unmatched frames or gaps to weather or equipment efficiency,a6a11f498afd43f99b5add50f0c61e7005c7dcbcab19c1c7b4ab62776daf32bc
20260310,False,False,0,457,0,0,0,457,0,0,457,,,0,153,457,0,,,0,,0,,0,,0,,456,52.015,71.659,0,0,0,,0,0,,0,0,,quality_ok,,True,mode_label_is_end_of_night_block; current code does not retain minimum-solar-elongation ordering because the candidate list is re-sorted by RA,production history feedback was observed stalled after 20260330; recent-night cooldown and current coverage feedback must not be assumed active,plan realization and wall-clock gap diagnostics only; do not attribute unmatched frames or gaps to weather or equipment efficiency,a6a11f498afd43f99b5add50f0c61e7005c7dcbcab19c1c7b4ab62776daf32bc
20260311,False,False,0,408,0,0,0,408,0,0,408,,,0,135,408,0,,,0,,0,,0,,0,,407,51.128,66.62040000000002,0,0,0,,0,0,,0,0,,quality_ok,,True,mode_label_is_end_of_night_block; current code does not retain minimum-solar-elongation ordering because the candidate list is re-sorted by RA,production history feedback was observed stalled after 20260330; recent-night cooldown and current coverage feedback must not be assumed active,plan realization and wall-clock gap diagnostics only; do not attribute unmatched frames or gaps to weather or equipment efficiency,a6a11f498afd43f99b5add50f0c61e7005c7dcbcab19c1c7b4ab62776daf32bc
20260312,False,False,0,335,0,0,0,335,0,0,335,,,0,115,0,0,,,0,,0,,0,,0,,0,,,0,0,0,,0,0,,0,0,,raw_without_l2;l2_missing,missing_l2,True,mode_label_is_end_of_night_block; current code does not retain minimum-solar-elongation ordering because the candidate list is re-sorted by RA,production history feedback was observed stalled after 20260330; recent-night cooldown and current coverage feedback must not be assumed active,plan realization and wall-clock gap diagnostics only; do not attribute unmatched frames or gaps to weather or equipment efficiency,a6a11f498afd43f99b5add50f0c61e7005c7dcbcab19c1c7b4ab62776daf32bc
20260313,False,False,0,0,0,0,0,0,0,0,0,,,0,0,0,0,,,0,,0,,0,,0,,0,,,0,0,0,,0,0,,0,0,,no_strict_raw,,True,mode_label_is_end_of_night_block; current code does not retain minimum-solar-elongation ordering because the candidate list is re-sorted by RA,production history feedback was observed stalled after 20260330; recent-night cooldown and current coverage feedback must not be assumed active,plan realization and wall-clock gap diagnostics only; do not attribute unmatched frames or gaps to weather or equipment efficiency,a6a11f498afd43f99b5add50f0c61e7005c7dcbcab19c1c7b4ab62776daf32bc
20260314,False,False,0,0,0,0,0,0,0,0,0,,,0,0,0,0,,,0,,0,,0,,0,,0,,,0,0,0,,0,0,,0,0,,no_strict_raw,,True,mode_label_is_end_of_night_block; current code does not retain minimum-solar-elongation ordering because the candidate list is re-sorted by RA,production history feedback was observed stalled after 20260330; recent-night cooldown and current coverage feedback must not be assumed active,plan realization and wall-clock gap diagnostics only; do not attribute unmatched frames or gaps to weather or equipment efficiency,a6a11f498afd43f99b5add50f0c61e7005c7dcbcab19c1c7b4ab62776daf32bc
20260315,False,False,0,127,0,0,0,127,0,0,127,,,0,53,127,0,,,0,,0,,0,,0,,126,52.829,65.65350000000001,0,0,0,,0,0,,0,0,,quality_ok,,True,mode_label_is_end_of_night_block; current code does not retain minimum-solar-elongation ordering because the candidate list is re-sorted by RA,production history feedback was observed stalled after 20260330; recent-night cooldown and current coverage feedback must not be assumed active,plan realization and wall-clock gap diagnostics only; do not attribute unmatched frames or gaps to weather or equipment efficiency,a6a11f498afd43f99b5add50f0c61e7005c7dcbcab19c1c7b4ab62776daf32bc
20260316,False,False,0,140,0,0,0,140,0,0,140,,,0,65,140,0,,,0,,0,,0,,0,,139,54.995999999999995,68.0912,0,0,0,,0,0,,0,0,,quality_ok,,True,mode_label_is_end_of_night_block; current code does not retain minimum-solar-elongation ordering because the candidate list is re-sorted by RA,production history feedback was observed stalled after 20260330; recent-night cooldown and current coverage feedback must not be assumed active,plan realization and wall-clock gap diagnostics only; do not attribute unmatched frames or gaps to weather or equipment efficiency,a6a11f498afd43f99b5add50f0c61e7005c7dcbcab19c1c7b4ab62776daf32bc
20260317,False,False,0,0,0,0,0,0,0,0,0,,,0,0,0,0,,,0,,0,,0,,0,,0,,,0,0,0,,0,0,,0,0,,no_strict_raw,,True,mode_label_is_end_of_night_block; current code does not retain minimum-solar-elongation ordering because the candidate list is re-sorted by RA,production history feedback was observed stalled after 20260330; recent-night cooldown and current coverage feedback must not be assumed active,plan realization and wall-clock gap diagnostics only; do not attribute unmatched frames or gaps to weather or equipment efficiency,a6a11f498afd43f99b5add50f0c61e7005c7dcbcab19c1c7b4ab62776daf32bc
20260318,False,False,0,99,0,0,0,99,0,0,99,,,0,44,93,0,,,0,,0,,0,,0,,92,51.7595,65.80400000000002,0,0,0,,0,0,,0,0,,quality_ok,,True,mode_label_is_end_of_night_block; current code does not retain minimum-solar-elongation ordering because the candidate list is re-sorted by RA,production history feedback was observed stalled after 20260330; recent-night cooldown and current coverage feedback must not be assumed active,plan realization and wall-clock gap diagnostics only; do not attribute unmatched frames or gaps to weather or equipment efficiency,a6a11f498afd43f99b5add50f0c61e7005c7dcbcab19c1c7b4ab62776daf32bc
20260319,False,False,0,0,0,0,0,0,0,0,0,,,0,0,0,0,,,0,,0,,0,,0,,0,,,0,0,0,,0,0,,0,0,,no_strict_raw,,True,mode_label_is_end_of_night_block; current code does not retain minimum-solar-elongation ordering because the candidate list is re-sorted by RA,production history feedback was observed stalled after 20260330; recent-night cooldown and current coverage feedback must not be assumed active,plan realization and wall-clock gap diagnostics only; do not attribute unmatched frames or gaps to weather or equipment efficiency,a6a11f498afd43f99b5add50f0c61e7005c7dcbcab19c1c7b4ab62776daf32bc
20260320,False,False,0,0,0,0,0,0,0,0,0,,,0,0,0,0,,,0,,0,,0,,0,,0,,,0,0,0,,0,0,,0,0,,no_strict_raw,,True,mode_label_is_end_of_night_block; current code does not retain minimum-solar-elongation ordering because the candidate list is re-sorted by RA,production history feedback was observed stalled after 20260330; recent-night cooldown and current coverage feedback must not be assumed active,plan realization and wall-clock gap diagnostics only; do not attribute unmatched frames or gaps to weather or equipment efficiency,a6a11f498afd43f99b5add50f0c61e7005c7dcbcab19c1c7b4ab62776daf32bc
20260321,False,False,0,0,0,0,0,0,0,0,0,,,0,0,0,0,,,0,,0,,0,,0,,0,,,0,0,0,,0,0,,0,0,,no_strict_raw,,True,mode_label_is_end_of_night_block; current code does not retain minimum-solar-elongation ordering because the candidate list is re-sorted by RA,production history feedback was observed stalled after 20260330; recent-night cooldown and current coverage feedback must not be assumed active,plan realization and wall-clock gap diagnostics only; do not attribute unmatched frames or gaps to weather or equipment efficiency,a6a11f498afd43f99b5add50f0c61e7005c7dcbcab19c1c7b4ab62776daf32bc
20260322,False,False,0,0,0,0,0,0,0,0,0,,,0,0,0,0,,,0,,0,,0,,0,,0,,,0,0,0,,0,0,,0,0,,no_strict_raw,,True,mode_label_is_end_of_night_block; current code does not retain minimum-solar-elongation ordering because the candidate list is re-sorted by RA,production history feedback was observed stalled after 20260330; recent-night cooldown and current coverage feedback must not be assumed active,plan realization and wall-clock gap diagnostics only; do not attribute unmatched frames or gaps to weather or equipment efficiency,a6a11f498afd43f99b5add50f0c61e7005c7dcbcab19c1c7b4ab62776daf32bc
20260323,False,False,0,0,0,0,0,0,0,0,0,,,0,0,0,0,,,0,,0,,0,,0,,0,,,0,0,0,,0,0,,0,0,,no_strict_raw,,True,mode_label_is_end_of_night_block; current code does not retain minimum-solar-elongation ordering because the candidate list is re-sorted by RA,production history feedback was observed stalled after 20260330; recent-night cooldown and current coverage feedback must not be assumed active,plan realization and wall-clock gap diagnostics only; do not attribute unmatched frames or gaps to weather or equipment efficiency,a6a11f498afd43f99b5add50f0c61e7005c7dcbcab19c1c7b4ab62776daf32bc
20260324,False,False,0,0,0,0,0,0,0,0,0,,,0,0,0,0,,,0,,0,,0,,0,,0,,,0,0,0,,0,0,,0,0,,no_strict_raw,,True,mode_label_is_end_of_night_block; current code does not retain minimum-solar-elongation ordering because the candidate list is re-sorted by RA,production history feedback was observed stalled after 20260330; recent-night cooldown and current coverage feedback must not be assumed active,plan realization and wall-clock gap diagnostics only; do not attribute unmatched frames or gaps to weather or equipment efficiency,a6a11f498afd43f99b5add50f0c61e7005c7dcbcab19c1c7b4ab62776daf32bc
20260325,False,False,0,0,0,0,0,0,0,0,0,,,0,0,0,0,,,0,,0,,0,,0,,0,,,0,0,0,,0,0,,0,0,,no_strict_raw,,True,mode_label_is_end_of_night_block; current code does not retain minimum-solar-elongation ordering because the candidate list is re-sorted by RA,production history feedback was observed stalled after 20260330; recent-night cooldown and current coverage feedback must not be assumed active,plan realization and wall-clock gap diagnostics only; do not attribute unmatched frames or gaps to weather or equipment efficiency,a6a11f498afd43f99b5add50f0c61e7005c7dcbcab19c1c7b4ab62776daf32bc
20260326,False,False,0,0,0,0,0,0,0,0,0,,,0,0,0,0,,,0,,0,,0,,0,,0,,,0,0,0,,0,0,,0,0,,no_strict_raw,,True,mode_label_is_end_of_night_block; current code does not retain minimum-solar-elongation ordering because the candidate list is re-sorted by RA,production history feedback was observed stalled after 20260330; recent-night cooldown and current coverage feedback must not be assumed active,plan realization and wall-clock gap diagnostics only; do not attribute unmatched frames or gaps to weather or equipment efficiency,a6a11f498afd43f99b5add50f0c61e7005c7dcbcab19c1c7b4ab62776daf32bc
20260327,False,False,0,0,0,0,0,0,0,0,0,,,0,0,0,0,,,0,,0,,0,,0,,0,,,0,0,0,,0,0,,0,0,,no_strict_raw,,True,mode_label_is_end_of_night_block; current code does not retain minimum-solar-elongation ordering because the candidate list is re-sorted by RA,production history feedback was observed stalled after 20260330; recent-night cooldown and current coverage feedback must not be assumed active,plan realization and wall-clock gap diagnostics only; do not attribute unmatched frames or gaps to weather or equipment efficiency,a6a11f498afd43f99b5add50f0c61e7005c7dcbcab19c1c7b4ab62776daf32bc
20260328,False,False,0,0,0,0,0,0,0,0,0,,,0,0,0,0,,,0,,0,,0,,0,,0,,,0,0,0,,0,0,,0,0,,no_strict_raw,,True,mode_label_is_end_of_night_block; current code does not retain minimum-solar-elongation ordering because the candidate list is re-sorted by RA,production history feedback was observed stalled after 20260330; recent-night cooldown and current coverage feedback must not be assumed active,plan realization and wall-clock gap diagnostics only; do not attribute unmatched frames or gaps to weather or equipment efficiency,a6a11f498afd43f99b5add50f0c61e7005c7dcbcab19c1c7b4ab62776daf32bc
20260329,True,False,579,0,0,0,0,0,0,579,0,,0.0,121,0,0,0,,,386,1812.4375,0,,193,3629.876,0,,0,,,0,561,0,0.0,18,0,0.0,0,0,,no_strict_raw,,True,mode_label_is_end_of_night_block; current code does not retain minimum-solar-elongation ordering because the candidate list is re-sorted by RA,production history feedback was observed stalled after 20260330; recent-night cooldown and current coverage feedback must not be assumed active,plan realization and wall-clock gap diagnostics only; do not attribute unmatched frames or gaps to weather or equipment efficiency,a6a11f498afd43f99b5add50f0c61e7005c7dcbcab19c1c7b4ab62776daf32bc
20260330,True,True,414,308,308,243,65,0,243,171,65,0.788961038961039,0.5869565217391305,71,105,304,243,557.059,821.9784,276,1800.0,145,1883.48,138,3600.0,92,3743.872,303,58.063,68.3074,243,396,243,0.6136363636363636,18,0,0.0,0,0,,quality_ok,,True,mode_label_is_end_of_night_block; current code does not retain minimum-solar-elongation ordering because the candidate list is re-sorted by RA,production history feedback was observed stalled after 20260330; recent-night cooldown and current coverage feedback must not be assumed active,plan realization and wall-clock gap diagnostics only; do not attribute unmatched frames or gaps to weather or equipment efficiency,a6a11f498afd43f99b5add50f0c61e7005c7dcbcab19c1c7b4ab62776daf32bc
20260331,True,True,414,342,342,306,36,0,306,108,36,0.8947368421052632,0.7391304347826086,64,64,342,306,934.3845,3325.443,276,1800.0,188,1872.982,138,3600.0,96,3763.5725,341,53.608999999999995,64.48,306,396,288,0.7272727272727273,18,18,1.0,0,0,,quality_ok,,True,mode_label_is_end_of_night_block; current code does not retain minimum-solar-elongation ordering because the candidate list is re-sorted by RA,production history feedback was observed stalled after 20260330; recent-night cooldown and current coverage feedback must not be assumed active,plan realization and wall-clock gap diagnostics only; do not attribute unmatched frames or gaps to weather or equipment efficiency,a6a11f498afd43f99b5add50f0c61e7005c7dcbcab19c1c7b4ab62776daf32bc
20260401,True,True,411,365,365,326,39,0,326,85,39,0.8931506849315068,0.7931873479318735,91,76,363,324,956.6525,2539.5903999999996,274,1800.0,202,1885.865,137,3600.0,113,3703.381,362,57.4975,68.72170000000003,324,396,311,0.7853535353535354,15,15,1.0,0,0,,quality_ok,,True,mode_label_is_end_of_night_block; current code does not retain minimum-solar-elongation ordering because the candidate list is re-sorted by RA,production history feedback was observed stalled after 20260330; recent-night cooldown and current coverage feedback must not be assumed active,plan realization and wall-clock gap diagnostics only; do not attribute unmatched frames or gaps to weather or equipment efficiency,a6a11f498afd43f99b5add50f0c61e7005c7dcbcab19c1c7b4ab62776daf32bc
20260402,True,False,408,0,0,0,0,0,0,408,0,,0.0,85,0,0,0,,,272,1800.0,0,,136,3600.0,0,,0,,,0,396,0,0.0,12,0,0.0,0,0,,no_strict_raw,,True,mode_label_is_end_of_night_block; current code does not retain minimum-solar-elongation ordering because the candidate list is re-sorted by RA,production history feedback was observed stalled after 20260330; recent-night cooldown and current coverage feedback must not be assumed active,plan realization and wall-clock gap diagnostics only; do not attribute unmatched frames or gaps to weather or equipment efficiency,a6a11f498afd43f99b5add50f0c61e7005c7dcbcab19c1c7b4ab62776daf32bc
20260403,True,True,405,232,232,185,47,0,185,220,47,0.7974137931034483,0.4567901234567901,108,71,232,185,689.212,1068.3124,270,1800.0,100,1956.296,135,3600.0,53,3684.568,231,52.138999999999996,69.666,185,396,176,0.4444444444444444,9,9,1.0,0,0,,quality_ok,,True,mode_label_is_end_of_night_block; current code does not retain minimum-solar-elongation ordering because the candidate list is re-sorted by RA,production history feedback was observed stalled after 20260330; recent-night cooldown and current coverage feedback must not be assumed active,plan realization and wall-clock gap diagnostics only; do not attribute unmatched frames or gaps to weather or equipment efficiency,a6a11f498afd43f99b5add50f0c61e7005c7dcbcab19c1c7b4ab62776daf32bc
20260404,True,True,405,74,74,74,0,0,74,331,0,1.0,0.18271604938271604,92,26,74,74,667.2325,772.5332000000001,270,1800.0,44,1849.9125,135,3600.0,26,3698.3914999999997,73,52.748999999999995,65.39939999999999,74,396,74,0.18686868686868688,9,0,0.0,0,0,,quality_ok,,True,mode_label_is_end_of_night_block; current code does not retain minimum-solar-elongation ordering because the candidate list is re-sorted by RA,production history feedback was observed stalled after 20260330; recent-night cooldown and current coverage feedback must not be assumed active,plan realization and wall-clock gap diagnostics only; do not attribute unmatched frames or gaps to weather or equipment efficiency,a6a11f498afd43f99b5add50f0c61e7005c7dcbcab19c1c7b4ab62776daf32bc
20260405,True,True,402,115,115,115,0,0,115,287,0,1.0,0.2860696517412935,105,40,114,114,1769.23,1899.8147999999999,268,1800.0,70,1854.1640000000002,134,3600.0,44,3704.5935,113,52.784000000000006,66.4228,114,396,115,0.2904040404040404,6,0,0.0,0,0,,quality_ok,,True,mode_label_is_end_of_night_block; current code does not retain minimum-solar-elongation ordering because the candidate list is re-sorted by RA,production history feedback was observed stalled after 20260330; recent-night cooldown and current coverage feedback must not be assumed active,plan realization and wall-clock gap diagnostics only; do not attribute unmatched frames or gaps to weather or equipment efficiency,a6a11f498afd43f99b5add50f0c61e7005c7dcbcab19c1c7b4ab62776daf32bc
20260406,True,True,399,387,387,387,0,0,387,12,0,1.0,0.9699248120300752,105,105,387,387,1340.737,1871.6264,266,1800.0,254,1856.809,133,3600.0,133,3713.084,386,53.12,65.086,387,396,385,0.9722222222222222,3,2,0.6666666666666666,0,0,,quality_ok,,True,mode_label_is_end_of_night_block; current code does not retain minimum-solar-elongation ordering because the candidate list is re-sorted by RA,production history feedback was observed stalled after 20260330; recent-night cooldown and current coverage feedback must not be assumed active,plan realization and wall-clock gap diagnostics only; do not attribute unmatched frames or gaps to weather or equipment efficiency,a6a11f498afd43f99b5add50f0c61e7005c7dcbcab19c1c7b4ab62776daf32bc
20260407,True,True,399,380,380,380,0,0,380,19,0,1.0,0.9523809523809523,94,93,380,380,1669.249,2386.3182,266,1800.0,248,1860.491,133,3600.0,132,3716.1324999999997,379,53.82599999999999,65.1088,380,396,380,0.9595959595959596,3,0,0.0,0,0,,quality_ok,,True,mode_label_is_end_of_night_block; current code does not retain minimum-solar-elongation ordering because the candidate list is re-sorted by RA,production history feedback was observed stalled after 20260330; recent-night cooldown and current coverage feedback must not be assumed active,plan realization and wall-clock gap diagnostics only; do not attribute unmatched frames or gaps to weather or equipment efficiency,a6a11f498afd43f99b5add50f0c61e7005c7dcbcab19c1c7b4ab62776daf32bc
20260408,True,False,397,0,0,0,0,0,0,397,0,,0.0,94,0,0,0,,,264,1800.0,0,,132,3600.0,0,,0,,,0,396,0,0.0,1,0,0.0,0,0,,no_strict_raw,,True,mode_label_is_end_of_night_block; current code does not retain minimum-solar-elongation ordering because the candidate list is re-sorted by RA,production history feedback was observed stalled after 20260330; recent-night cooldown and current coverage feedback must not be assumed active,plan realization and wall-clock gap diagnostics only; do not attribute unmatched frames or gaps to weather or equipment efficiency,a6a11f498afd43f99b5add50f0c61e7005c7dcbcab19c1c7b4ab62776daf32bc
20260409,True,False,394,0,0,0,0,0,0,394,0,,0.0,113,0,0,0,,,262,1800.0,0,,132,3600.0,0,,0,,,0,394,0,0.0,0,0,,0,0,,no_strict_raw,,True,mode_label_is_end_of_night_block; current code does not retain minimum-solar-elongation ordering because the candidate list is re-sorted by RA,production history feedback was observed stalled after 20260330; recent-night cooldown and current coverage feedback must not be assumed active,plan realization and wall-clock gap diagnostics only; do not attribute unmatched frames or gaps to weather or equipment efficiency,a6a11f498afd43f99b5add50f0c61e7005c7dcbcab19c1c7b4ab62776daf32bc
20260410,True,True,392,235,235,235,0,0,235,157,0,1.0,0.5994897959183674,105,83,235,235,993.097,1393.0382,260,1800.0,134,1867.3395,132,3600.0,84,3717.5564999999997,234,53.6635,64.4306,235,392,235,0.5994897959183674,0,0,,0,0,,quality_ok,,True,mode_label_is_end_of_night_block; current code does not retain minimum-solar-elongation ordering because the candidate list is re-sorted by RA,production history feedback was observed stalled after 20260330; recent-night cooldown and current coverage feedback must not be assumed active,plan realization and wall-clock gap diagnostics only; do not attribute unmatched frames or gaps to weather or equipment efficiency,a6a11f498afd43f99b5add50f0c61e7005c7dcbcab19c1c7b4ab62776daf32bc
20260411,True,True,390,149,149,149,0,0,149,241,0,1.0,0.382051282051282,105,52,137,137,1722.675,1855.0868,258,1800.0,88,1845.879,132,3600.0,44,3691.6335,136,53.004999999999995,65.228,137,390,149,0.382051282051282,0,0,,0,0,,quality_ok,,True,mode_label_is_end_of_night_block; current code does not retain minimum-solar-elongation ordering because the candidate list is re-sorted by RA,production history feedback was observed stalled after 20260330; recent-night cooldown and current coverage feedback must not be assumed active,plan realization and wall-clock gap diagnostics only; do not attribute unmatched frames or gaps to weather or equipment efficiency,a6a11f498afd43f99b5add50f0c61e7005c7dcbcab19c1c7b4ab62776daf32bc
20260412,True,True,388,27,27,27,0,0,27,361,0,1.0,0.06958762886597938,101,22,27,27,6781.887,6828.6538,256,1800.0,5,1876.989,132,3600.0,5,1876.989,26,52.6725,63.908500000000004,27,388,27,0.06958762886597938,0,0,,0,0,,quality_ok,,True,mode_label_is_end_of_night_block; current code does not retain minimum-solar-elongation ordering because the candidate list is re-sorted by RA,production history feedback was observed stalled after 20260330; recent-night cooldown and current coverage feedback must not be assumed active,plan realization and wall-clock gap diagnostics only; do not attribute unmatched frames or gaps to weather or equipment efficiency,a6a11f498afd43f99b5add50f0c61e7005c7dcbcab19c1c7b4ab62776daf32bc
20260413,True,True,386,107,107,107,0,0,107,279,0,1.0,0.2772020725388601,106,44,0,0,,,254,1800.0,0,,132,3600.0,0,,0,,,0,386,107,0.2772020725388601,0,0,,0,0,,raw_without_l2;l2_missing,missing_l2,True,mode_label_is_end_of_night_block; current code does not retain minimum-solar-elongation ordering because the candidate list is re-sorted by RA,production history feedback was observed stalled after 20260330; recent-night cooldown and current coverage feedback must not be assumed active,plan realization and wall-clock gap diagnostics only; do not attribute unmatched frames or gaps to weather or equipment efficiency,a6a11f498afd43f99b5add50f0c61e7005c7dcbcab19c1c7b4ab62776daf32bc
20260414,True,True,383,107,107,97,10,0,97,286,10,0.9065420560747663,0.25326370757180156,106,44,105,95,90920.843,91061.3456,251,1800.0,56,1883.558,132,3600.0,34,3767.4995,104,53.4815,64.0986,95,383,97,0.25326370757180156,0,0,,0,0,,quality_ok,,True,mode_label_is_end_of_night_block; current code does not retain minimum-solar-elongation ordering because the candidate list is re-sorted by RA,production history feedback was observed stalled after 20260330; recent-night cooldown and current coverage feedback must not be assumed active,plan realization and wall-clock gap diagnostics only; do not attribute unmatched frames or gaps to weather or equipment efficiency,a6a11f498afd43f99b5add50f0c61e7005c7dcbcab19c1c7b4ab62776daf32bc
20260415,True,False,381,0,0,0,0,0,0,381,0,,0.0,101,0,0,0,,,249,1800.0,0,,132,3600.0,0,,0,,,0,381,0,0.0,0,0,,0,0,,no_strict_raw,,True,mode_label_is_end_of_night_block; current code does not retain minimum-solar-elongation ordering because the candidate list is re-sorted by RA,production history feedback was observed stalled after 20260330; recent-night cooldown and current coverage feedback must not be assumed active,plan realization and wall-clock gap diagnostics only; do not attribute unmatched frames or gaps to weather or equipment efficiency,a6a11f498afd43f99b5add50f0c61e7005c7dcbcab19c1c7b4ab62776daf32bc
20260416,True,False,379,0,0,0,0,0,0,379,0,,0.0,101,0,0,0,,,247,1800.0,0,,132,3600.0,0,,0,,,0,379,0,0.0,0,0,,0,0,,no_strict_raw,,True,mode_label_is_end_of_night_block; current code does not retain minimum-solar-elongation ordering because the candidate list is re-sorted by RA,production history feedback was observed stalled after 20260330; recent-night cooldown and current coverage feedback must not be assumed active,plan realization and wall-clock gap diagnostics only; do not attribute unmatched frames or gaps to weather or equipment efficiency,a6a11f498afd43f99b5add50f0c61e7005c7dcbcab19c1c7b4ab62776daf32bc
20260417,True,False,377,0,0,0,0,0,0,377,0,,0.0,108,0,0,0,,,245,1800.0,0,,132,3600.0,0,,0,,,0,377,0,0.0,0,0,,0,0,,no_strict_raw,,True,mode_label_is_end_of_night_block; current code does not retain minimum-solar-elongation ordering because the candidate list is re-sorted by RA,production history feedback was observed stalled after 20260330; recent-night cooldown and current coverage feedback must not be assumed active,plan realization and wall-clock gap diagnostics only; do not attribute unmatched frames or gaps to weather or equipment efficiency,a6a11f498afd43f99b5add50f0c61e7005c7dcbcab19c1c7b4ab62776daf32bc
20260418,True,False,374,0,0,0,0,0,0,374,0,,0.0,108,0,0,0,,,242,1800.0,0,,132,3600.0,0,,0,,,0,374,0,0.0,0,0,,0,0,,no_strict_raw,,True,mode_label_is_end_of_night_block; current code does not retain minimum-solar-elongation ordering because the candidate list is re-sorted by RA,production history feedback was observed stalled after 20260330; recent-night cooldown and current coverage feedback must not be assumed active,plan realization and wall-clock gap diagnostics only; do not attribute unmatched frames or gaps to weather or equipment efficiency,a6a11f498afd43f99b5add50f0c61e7005c7dcbcab19c1c7b4ab62776daf32bc
20260419,True,False,372,0,0,0,0,0,0,372,0,,0.0,90,0,0,0,,,248,1800.0,0,,124,3600.0,0,,0,,,0,330,0,0.0,42,0,0.0,0,0,,no_strict_raw,,True,mode_label_is_end_of_night_block; current code does not retain minimum-solar-elongation ordering because the candidate list is re-sorted by RA,production history feedback was observed stalled after 20260330; recent-night cooldown and current coverage feedback must not be assumed active,plan realization and wall-clock gap diagnostics only; do not attribute unmatched frames or gaps to weather or equipment efficiency,a6a11f498afd43f99b5add50f0c61e7005c7dcbcab19c1c7b4ab62776daf32bc
20260420,True,True,372,345,345,345,0,0,345,27,0,1.0,0.9274193548387096,91,91,345,345,1752.765,2521.9824,248,1800.0,221,1882.629,124,3600.0,122,3761.5789999999997,344,53.835,64.8853,345,330,310,0.9393939393939394,42,35,0.8333333333333334,0,0,,quality_ok,,True,mode_label_is_end_of_night_block; current code does not retain minimum-solar-elongation ordering because the candidate list is re-sorted by RA,production history feedback was observed stalled after 20260330; recent-night cooldown and current coverage feedback must not be assumed active,plan realization and wall-clock gap diagnostics only; do not attribute unmatched frames or gaps to weather or equipment efficiency,a6a11f498afd43f99b5add50f0c61e7005c7dcbcab19c1c7b4ab62776daf32bc
20260421,True,False,369,0,0,0,0,0,0,369,0,,0.0,80,0,0,0,,,246,1800.0,0,,123,3600.0,0,,0,,,0,330,0,0.0,39,0,0.0,0,0,,no_strict_raw,,True,mode_label_is_end_of_night_block; current code does not retain minimum-solar-elongation ordering because the candidate list is re-sorted by RA,production history feedback was observed stalled after 20260330; recent-night cooldown and current coverage feedback must not be assumed active,plan realization and wall-clock gap diagnostics only; do not attribute unmatched frames or gaps to weather or equipment efficiency,a6a11f498afd43f99b5add50f0c61e7005c7dcbcab19c1c7b4ab62776daf32bc
20260422,True,True,366,90,90,90,0,0,90,276,0,1.0,0.2459016393442623,81,32,90,90,452.93600000000004,616.3314000000001,244,1800.0,46,1900.4475,122,3600.0,24,3799.6665000000003,89,54.397000000000006,65.19059999999999,90,330,90,0.2727272727272727,36,0,0.0,0,0,,quality_ok,,True,mode_label_is_end_of_night_block; current code does not retain minimum-solar-elongation ordering because the candidate list is re-sorted by RA,production history feedback was observed stalled after 20260330; recent-night cooldown and current coverage feedback must not be assumed active,plan realization and wall-clock gap diagnostics only; do not attribute unmatched frames or gaps to weather or equipment efficiency,a6a11f498afd43f99b5add50f0c61e7005c7dcbcab19c1c7b4ab62776daf32bc
20260423,True,True,363,92,92,92,0,0,92,271,0,1.0,0.2534435261707989,82,44,91,91,244.927,462.099,242,1800.0,44,1895.0430000000001,121,3600.0,22,3790.5874999999996,90,53.7575,65.01530000000001,91,330,92,0.2787878787878788,33,0,0.0,0,0,,quality_ok,,True,mode_label_is_end_of_night_block; current code does not retain minimum-solar-elongation ordering because the candidate list is re-sorted by RA,production history feedback was observed stalled after 20260330; recent-night cooldown and current coverage feedback must not be assumed active,plan realization and wall-clock gap diagnostics only; do not attribute unmatched frames or gaps to weather or equipment efficiency,a6a11f498afd43f99b5add50f0c61e7005c7dcbcab19c1c7b4ab62776daf32bc
20260424,True,False,363,0,0,0,0,0,0,363,0,,0.0,87,0,0,0,,,242,1800.0,0,,121,3600.0,0,,0,,,0,330,0,0.0,33,0,0.0,0,0,,no_strict_raw,,True,mode_label_is_end_of_night_block; current code does not retain minimum-solar-elongation ordering because the candidate list is re-sorted by RA,production history feedback was observed stalled after 20260330; recent-night cooldown and current coverage feedback must not be assumed active,plan realization and wall-clock gap diagnostics only; do not attribute unmatched frames or gaps to weather or equipment efficiency,a6a11f498afd43f99b5add50f0c61e7005c7dcbcab19c1c7b4ab62776daf32bc
20260425,True,True,360,104,104,104,0,0,104,256,0,1.0,0.28888888888888886,80,34,104,104,1180.106,1281.4608,240,1800.0,54,1860.5895,120,3600.0,32,3720.271,103,54.102999999999994,64.7384,104,330,104,0.3151515151515151,30,0,0.0,0,0,,quality_ok,,True,mode_label_is_end_of_night_block; current code does not retain minimum-solar-elongation ordering because the candidate list is re-sorted by RA,production history feedback was observed stalled after 20260330; recent-night cooldown and current coverage feedback must not be assumed active,plan realization and wall-clock gap diagnostics only; do not attribute unmatched frames or gaps to weather or equipment efficiency,a6a11f498afd43f99b5add50f0c61e7005c7dcbcab19c1c7b4ab62776daf32bc
20260426,True,True,357,143,143,143,0,0,143,214,0,1.0,0.4005602240896359,90,46,142,142,737.566,1117.9304,238,1800.0,83,1886.262,119,3600.0,53,3767.137,141,57.584,66.335,142,330,143,0.43333333333333335,27,0,0.0,0,0,,quality_ok,,True,mode_label_is_end_of_night_block; current code does not retain minimum-solar-elongation ordering because the candidate list is re-sorted by RA,production history feedback was observed stalled after 20260330; recent-night cooldown and current coverage feedback must not be assumed active,plan realization and wall-clock gap diagnostics only; do not attribute unmatched frames or gaps to weather or equipment efficiency,a6a11f498afd43f99b5add50f0c61e7005c7dcbcab19c1c7b4ab62776daf32bc
20260427,True,True,354,224,224,224,0,0,224,130,0,1.0,0.632768361581921,82,64,224,224,1469.0729999999999,1844.96,236,1800.0,132,1882.0085,118,3600.0,66,3765.1465,223,52.989999999999995,64.0008,224,330,224,0.6787878787878788,24,0,0.0,0,0,,quality_ok,,True,mode_label_is_end_of_night_block; current code does not retain minimum-solar-elongation ordering because the candidate list is re-sorted by RA,production history feedback was observed stalled after 20260330; recent-night cooldown and current coverage feedback must not be assumed active,plan realization and wall-clock gap diagnostics only; do not attribute unmatched frames or gaps to weather or equipment efficiency,a6a11f498afd43f99b5add50f0c61e7005c7dcbcab19c1c7b4ab62776daf32bc
20260428,True,True,354,329,329,329,0,0,329,25,0,1.0,0.9293785310734464,70,70,329,329,727.676,1480.4541999999997,236,1800.0,211,1861.356,118,3600.0,117,3712.215,328,52.8255,64.9889,329,330,305,0.9242424242424242,24,24,1.0,0,0,,quality_ok,,True,mode_label_is_end_of_night_block; current code does not retain minimum-solar-elongation ordering because the candidate list is re-sorted by RA,production history feedback was observed stalled after 20260330; recent-night cooldown and current coverage feedback must not be assumed active,plan realization and wall-clock gap diagnostics only; do not attribute unmatched frames or gaps to weather or equipment efficiency,a6a11f498afd43f99b5add50f0c61e7005c7dcbcab19c1c7b4ab62776daf32bc
20260429,True,True,351,298,298,298,0,0,298,53,0,1.0,0.8490028490028491,68,59,298,298,1845.788,2124.5573,234,1800.0,190,1842.0335,117,3600.0,97,3674.458,297,52.165000000000006,65.4706,298,330,277,0.8393939393939394,21,21,1.0,0,0,,quality_ok,,True,mode_label_is_end_of_night_block; current code does not retain minimum-solar-elongation ordering because the candidate list is re-sorted by RA,production history feedback was observed stalled after 20260330; recent-night cooldown and current coverage feedback must not be assumed active,plan realization and wall-clock gap diagnostics only; do not attribute unmatched frames or gaps to weather or equipment efficiency,a6a11f498afd43f99b5add50f0c61e7005c7dcbcab19c1c7b4ab62776daf32bc
20260430,True,True,348,48,48,48,0,0,48,300,0,1.0,0.13793103448275862,88,30,48,48,560.5835,5989.4342,232,1800.0,17,1916.717,116,3600.0,13,1917.849,47,54.19199999999999,67.92439999999999,48,330,48,0.14545454545454545,18,0,0.0,0,0,,quality_ok,,True,mode_label_is_end_of_night_block; current code does not retain minimum-solar-elongation ordering because the candidate list is re-sorted by RA,production history feedback was observed stalled after 20260330; recent-night cooldown and current coverage feedback must not be assumed active,plan realization and wall-clock gap diagnostics only; do not attribute unmatched frames or gaps to weather or equipment efficiency,a6a11f498afd43f99b5add50f0c61e7005c7dcbcab19c1c7b4ab62776daf32bc
20260501,True,False,348,0,0,0,0,0,0,348,0,,0.0,83,0,0,0,,,232,1800.0,0,,116,3600.0,0,,0,,,0,330,0,0.0,18,0,0.0,0,0,,no_strict_raw,,True,mode_label_is_end_of_night_block; current code does not retain minimum-solar-elongation ordering because the candidate list is re-sorted by RA,production history feedback was observed stalled after 20260330; recent-night cooldown and current coverage feedback must not be assumed active,plan realization and wall-clock gap diagnostics only; do not attribute unmatched frames or gaps to weather or equipment efficiency,a6a11f498afd43f99b5add50f0c61e7005c7dcbcab19c1c7b4ab62776daf32bc
20260502,True,False,345,0,0,0,0,0,0,345,0,,0.0,75,0,0,0,,,230,1800.0,0,,115,3600.0,0,,0,,,0,330,0,0.0,15,0,0.0,0,0,,no_strict_raw,,True,mode_label_is_end_of_night_block; current code does not retain minimum-solar-elongation ordering because the candidate list is re-sorted by RA,production history feedback was observed stalled after 20260330; recent-night cooldown and current coverage feedback must not be assumed active,plan realization and wall-clock gap diagnostics only; do not attribute unmatched frames or gaps to weather or equipment efficiency,a6a11f498afd43f99b5add50f0c61e7005c7dcbcab19c1c7b4ab62776daf32bc
20260503,True,True,330,328,328,277,51,0,277,53,51,0.8445121951219512,0.8393939393939394,89,87,328,277,1462.182,1900.1018000000001,220,1800.0,169,1860.557,110,3600.0,86,3721.2945,327,52.453,64.88719999999999,277,312,259,0.8301282051282052,18,18,1.0,0,0,,quality_ok,,True,mode_label_is_end_of_night_block; current code does not retain minimum-solar-elongation ordering because the candidate list is re-sorted by RA,production history feedback was observed stalled after 20260330; recent-night cooldown and current coverage feedback must not be assumed active,plan realization and wall-clock gap diagnostics only; do not attribute unmatched frames or gaps to weather or equipment efficiency,a6a11f498afd43f99b5add50f0c61e7005c7dcbcab19c1c7b4ab62776daf32bc
20260504,True,True,333,327,327,303,24,0,303,30,24,0.926605504587156,0.9099099099099099,86,86,327,303,1280.241,1759.9176,222,1800.0,192,1859.85,111,3600.0,98,3718.8999999999996,326,52.711999999999996,64.6405,303,318,288,0.9056603773584906,15,15,1.0,0,0,,quality_ok,,True,mode_label_is_end_of_night_block; current code does not retain minimum-solar-elongation ordering because the candidate list is re-sorted by RA,production history feedback was observed stalled after 20260330; recent-night cooldown and current coverage feedback must not be assumed active,plan realization and wall-clock gap diagnostics only; do not attribute unmatched frames or gaps to weather or equipment efficiency,a6a11f498afd43f99b5add50f0c61e7005c7dcbcab19c1c7b4ab62776daf32bc
20260505,True,False,339,0,0,0,0,0,0,339,0,,0.0,81,0,0,0,,,226,1800.0,0,,113,3600.0,0,,0,,,0,330,0,0.0,9,0,0.0,0,0,,no_strict_raw,,True,mode_label_is_end_of_night_block; current code does not retain minimum-solar-elongation ordering because the candidate list is re-sorted by RA,production history feedback was observed stalled after 20260330; recent-night cooldown and current coverage feedback must not be assumed active,plan realization and wall-clock gap diagnostics only; do not attribute unmatched frames or gaps to weather or equipment efficiency,a6a11f498afd43f99b5add50f0c61e7005c7dcbcab19c1c7b4ab62776daf32bc
20260506,True,True,336,147,147,147,0,0,147,189,0,1.0,0.4375,86,42,147,147,1872.066,3560.8,224,1800.0,79,1886.22,112,3600.0,48,3535.4435,146,52.873,64.43299999999999,147,330,145,0.4393939393939394,6,2,0.3333333333333333,0,0,,quality_ok,,True,mode_label_is_end_of_night_block; current code does not retain minimum-solar-elongation ordering because the candidate list is re-sorted by RA,production history feedback was observed stalled after 20260330; recent-night cooldown and current coverage feedback must not be assumed active,plan realization and wall-clock gap diagnostics only; do not attribute unmatched frames or gaps to weather or equipment efficiency,a6a11f498afd43f99b5add50f0c61e7005c7dcbcab19c1c7b4ab62776daf32bc
20260507,True,True,336,142,142,142,0,0,142,194,0,1.0,0.4226190476190476,89,67,142,142,1695.894,1741.7121,224,1800.0,74,1804.2725,112,3600.0,50,1885.163,141,51.931,64.956,142,330,136,0.4121212121212121,6,6,1.0,0,0,,quality_ok,,True,mode_label_is_end_of_night_block; current code does not retain minimum-solar-elongation ordering because the candidate list is re-sorted by RA,production history feedback was observed stalled after 20260330; recent-night cooldown and current coverage feedback must not be assumed active,plan realization and wall-clock gap diagnostics only; do not attribute unmatched frames or gaps to weather or equipment efficiency,a6a11f498afd43f99b5add50f0c61e7005c7dcbcab19c1c7b4ab62776daf32bc
20260508,True,True,333,224,224,224,0,0,224,109,0,1.0,0.6726726726726727,76,54,222,222,1152.0645,1491.0818000000002,222,1800.0,134,1882.2635,111,3600.0,86,3716.7725,221,54.14,64.792,222,330,224,0.6787878787878788,3,0,0.0,0,0,,quality_ok,,True,mode_label_is_end_of_night_block; current code does not retain minimum-solar-elongation ordering because the candidate list is re-sorted by RA,production history feedback was observed stalled after 20260330; recent-night cooldown and current coverage feedback must not be assumed active,plan realization and wall-clock gap diagnostics only; do not attribute unmatched frames or gaps to weather or equipment efficiency,a6a11f498afd43f99b5add50f0c61e7005c7dcbcab19c1c7b4ab62776daf32bc
20260509,True,True,332,200,200,200,0,0,200,132,0,1.0,0.6024096385542169,76,44,200,200,1992.3245,3388.4948999999997,221,1800.0,133,1881.741,111,3600.0,67,3763.428,199,52.673,64.30160000000001,200,330,198,0.6,2,2,1.0,0,0,,quality_ok,,True,mode_label_is_end_of_night_block; current code does not retain minimum-solar-elongation ordering because the candidate list is re-sorted by RA,production history feedback was observed stalled after 20260330; recent-night cooldown and current coverage feedback must not be assumed active,plan realization and wall-clock gap diagnostics only; do not attribute unmatched frames or gaps to weather or equipment efficiency,a6a11f498afd43f99b5add50f0c61e7005c7dcbcab19c1c7b4ab62776daf32bc
20260510,True,False,330,0,0,0,0,0,0,330,0,,0.0,76,0,0,0,,,220,1800.0,0,,110,3600.0,0,,0,,,0,330,0,0.0,0,0,,0,0,,no_strict_raw,,True,mode_label_is_end_of_night_block; current code does not retain minimum-solar-elongation ordering because the candidate list is re-sorted by RA,production history feedback was observed stalled after 20260330; recent-night cooldown and current coverage feedback must not be assumed active,plan realization and wall-clock gap diagnostics only; do not attribute unmatched frames or gaps to weather or equipment efficiency,a6a11f498afd43f99b5add50f0c61e7005c7dcbcab19c1c7b4ab62776daf32bc
20260511,True,False,327,0,0,0,0,0,0,327,0,,0.0,81,0,0,0,,,217,1800.0,0,,110,3600.0,0,,0,,,0,327,0,0.0,0,0,,0,0,,no_strict_raw,,True,mode_label_is_end_of_night_block; current code does not retain minimum-solar-elongation ordering because the candidate list is re-sorted by RA,production history feedback was observed stalled after 20260330; recent-night cooldown and current coverage feedback must not be assumed active,plan realization and wall-clock gap diagnostics only; do not attribute unmatched frames or gaps to weather or equipment efficiency,a6a11f498afd43f99b5add50f0c61e7005c7dcbcab19c1c7b4ab62776daf32bc
20260512,True,True,326,240,240,240,0,0,240,86,0,1.0,0.7361963190184049,81,64,240,240,1614.8874999999998,2935.4916000000003,216,1800.0,147,1872.819,110,3600.0,81,3711.813,239,54.016000000000005,64.78559999999999,240,326,240,0.7361963190184049,0,0,,0,0,,quality_ok,,True,mode_label_is_end_of_night_block; current code does not retain minimum-solar-elongation ordering because the candidate list is re-sorted by RA,production history feedback was observed stalled after 20260330; recent-night cooldown and current coverage feedback must not be assumed active,plan realization and wall-clock gap diagnostics only; do not attribute unmatched frames or gaps to weather or equipment efficiency,a6a11f498afd43f99b5add50f0c61e7005c7dcbcab19c1c7b4ab62776daf32bc
20260513,True,False,324,0,0,0,0,0,0,324,0,,0.0,92,0,0,0,,,214,1800.0,0,,110,3600.0,0,,0,,,0,324,0,0.0,0,0,,0,0,,no_strict_raw,,True,mode_label_is_end_of_night_block; current code does not retain minimum-solar-elongation ordering because the candidate list is re-sorted by RA,production history feedback was observed stalled after 20260330; recent-night cooldown and current coverage feedback must not be assumed active,plan realization and wall-clock gap diagnostics only; do not attribute unmatched frames or gaps to weather or equipment efficiency,a6a11f498afd43f99b5add50f0c61e7005c7dcbcab19c1c7b4ab62776daf32bc
20260514,True,False,322,0,0,0,0,0,0,322,0,,0.0,92,0,0,0,,,212,1800.0,0,,110,3600.0,0,,0,,,0,322,0,0.0,0,0,,0,0,,no_strict_raw,,True,mode_label_is_end_of_night_block; current code does not retain minimum-solar-elongation ordering because the candidate list is re-sorted by RA,production history feedback was observed stalled after 20260330; recent-night cooldown and current coverage feedback must not be assumed active,plan realization and wall-clock gap diagnostics only; do not attribute unmatched frames or gaps to weather or equipment efficiency,a6a11f498afd43f99b5add50f0c61e7005c7dcbcab19c1c7b4ab62776daf32bc
20260515,True,False,321,0,0,0,0,0,0,321,0,,0.0,92,0,0,0,,,211,1800.0,0,,110,3600.0,0,,0,,,0,321,0,0.0,0,0,,0,0,,no_strict_raw,,True,mode_label_is_end_of_night_block; current code does not retain minimum-solar-elongation ordering because the candidate list is re-sorted by RA,production history feedback was observed stalled after 20260330; recent-night cooldown and current coverage feedback must not be assumed active,plan realization and wall-clock gap diagnostics only; do not attribute unmatched frames or gaps to weather or equipment efficiency,a6a11f498afd43f99b5add50f0c61e7005c7dcbcab19c1c7b4ab62776daf32bc
20260516,True,False,318,0,0,0,0,0,0,318,0,,0.0,88,0,0,0,,,208,1800.0,0,,110,3600.0,0,,0,,,0,318,0,0.0,0,0,,0,0,,no_strict_raw,,True,mode_label_is_end_of_night_block; current code does not retain minimum-solar-elongation ordering because the candidate list is re-sorted by RA,production history feedback was observed stalled after 20260330; recent-night cooldown and current coverage feedback must not be assumed active,plan realization and wall-clock gap diagnostics only; do not attribute unmatched frames or gaps to weather or equipment efficiency,a6a11f498afd43f99b5add50f0c61e7005c7dcbcab19c1c7b4ab62776daf32bc
20260517,False,False,0,0,0,0,0,0,0,0,0,,,0,0,0,0,,,0,,0,,0,,0,,0,,,0,0,0,,0,0,,0,0,,no_strict_raw,,True,mode_label_is_end_of_night_block; current code does not retain minimum-solar-elongation ordering because the candidate list is re-sorted by RA,production history feedback was observed stalled after 20260330; recent-night cooldown and current coverage feedback must not be assumed active,plan realization and wall-clock gap diagnostics only; do not attribute unmatched frames or gaps to weather or equipment efficiency,a6a11f498afd43f99b5add50f0c61e7005c7dcbcab19c1c7b4ab62776daf32bc
20260518,False,False,0,0,0,0,0,0,0,0,0,,,0,0,0,0,,,0,,0,,0,,0,,0,,,0,0,0,,0,0,,0,0,,no_strict_raw,,True,mode_label_is_end_of_night_block; current code does not retain minimum-solar-elongation ordering because the candidate list is re-sorted by RA,production history feedback was observed stalled after 20260330; recent-night cooldown and current coverage feedback must not be assumed active,plan realization and wall-clock gap diagnostics only; do not attribute unmatched frames or gaps to weather or equipment efficiency,a6a11f498afd43f99b5add50f0c61e7005c7dcbcab19c1c7b4ab62776daf32bc
20260519,False,False,0,0,0,0,0,0,0,0,0,,,0,0,0,0,,,0,,0,,0,,0,,0,,,0,0,0,,0,0,,0,0,,no_strict_raw,,True,mode_label_is_end_of_night_block; current code does not retain minimum-solar-elongation ordering because the candidate list is re-sorted by RA,production history feedback was observed stalled after 20260330; recent-night cooldown and current coverage feedback must not be assumed active,plan realization and wall-clock gap diagnostics only; do not attribute unmatched frames or gaps to weather or equipment efficiency,a6a11f498afd43f99b5add50f0c61e7005c7dcbcab19c1c7b4ab62776daf32bc
20260520,False,False,0,0,0,0,0,0,0,0,0,,,0,0,0,0,,,0,,0,,0,,0,,0,,,0,0,0,,0,0,,0,0,,no_strict_raw,,True,mode_label_is_end_of_night_block; current code does not retain minimum-solar-elongation ordering because the candidate list is re-sorted by RA,production history feedback was observed stalled after 20260330; recent-night cooldown and current coverage feedback must not be assumed active,plan realization and wall-clock gap diagnostics only; do not attribute unmatched frames or gaps to weather or equipment efficiency,a6a11f498afd43f99b5add50f0c61e7005c7dcbcab19c1c7b4ab62776daf32bc
20260521,False,False,0,0,0,0,0,0,0,0,0,,,0,0,0,0,,,0,,0,,0,,0,,0,,,0,0,0,,0,0,,0,0,,no_strict_raw,,True,mode_label_is_end_of_night_block; current code does not retain minimum-solar-elongation ordering because the candidate list is re-sorted by RA,production history feedback was observed stalled after 20260330; recent-night cooldown and current coverage feedback must not be assumed active,plan realization and wall-clock gap diagnostics only; do not attribute unmatched frames or gaps to weather or equipment efficiency,a6a11f498afd43f99b5add50f0c61e7005c7dcbcab19c1c7b4ab62776daf32bc
20260522,False,False,0,0,0,0,0,0,0,0,0,,,0,0,0,0,,,0,,0,,0,,0,,0,,,0,0,0,,0,0,,0,0,,no_strict_raw,,True,mode_label_is_end_of_night_block; current code does not retain minimum-solar-elongation ordering because the candidate list is re-sorted by RA,production history feedback was observed stalled after 20260330; recent-night cooldown and current coverage feedback must not be assumed active,plan realization and wall-clock gap diagnostics only; do not attribute unmatched frames or gaps to weather or equipment efficiency,a6a11f498afd43f99b5add50f0c61e7005c7dcbcab19c1c7b4ab62776daf32bc
20260523,True,False,306,0,0,0,0,0,0,306,0,,0.0,78,0,0,0,,,204,1800.0,0,,102,3600.0,0,,0,,,0,264,0,0.0,42,0,0.0,0,0,,no_strict_raw,,True,mode_label_is_end_of_night_block; current code does not retain minimum-solar-elongation ordering because the candidate list is re-sorted by RA,production history feedback was observed stalled after 20260330; recent-night cooldown and current coverage feedback must not be assumed active,plan realization and wall-clock gap diagnostics only; do not attribute unmatched frames or gaps to weather or equipment efficiency,a6a11f498afd43f99b5add50f0c61e7005c7dcbcab19c1c7b4ab62776daf32bc
20260524,True,False,306,0,0,0,0,0,0,306,0,,0.0,75,0,0,0,,,204,1800.0,0,,102,3600.0,0,,0,,,0,264,0,0.0,42,0,0.0,0,0,,no_strict_raw,,True,mode_label_is_end_of_night_block; current code does not retain minimum-solar-elongation ordering because the candidate list is re-sorted by RA,production history feedback was observed stalled after 20260330; recent-night cooldown and current coverage feedback must not be assumed active,plan realization and wall-clock gap diagnostics only; do not attribute unmatched frames or gaps to weather or equipment efficiency,a6a11f498afd43f99b5add50f0c61e7005c7dcbcab19c1c7b4ab62776daf32bc
20260525,True,False,303,0,0,0,0,0,0,303,0,,0.0,62,0,0,0,,,202,1800.0,0,,101,3600.0,0,,0,,,0,264,0,0.0,39,0,0.0,0,0,,no_strict_raw,,True,mode_label_is_end_of_night_block; current code does not retain minimum-solar-elongation ordering because the candidate list is re-sorted by RA,production history feedback was observed stalled after 20260330; recent-night cooldown and current coverage feedback must not be assumed active,plan realization and wall-clock gap diagnostics only; do not attribute unmatched frames or gaps to weather or equipment efficiency,a6a11f498afd43f99b5add50f0c61e7005c7dcbcab19c1c7b4ab62776daf32bc
20260526,True,False,303,0,0,0,0,0,0,303,0,,0.0,79,0,0,0,,,202,1800.0,0,,101,3600.0,0,,0,,,0,264,0,0.0,39,0,0.0,0,0,,no_strict_raw,,True,mode_label_is_end_of_night_block; current code does not retain minimum-solar-elongation ordering because the candidate list is re-sorted by RA,production history feedback was observed stalled after 20260330; recent-night cooldown and current coverage feedback must not be assumed active,plan realization and wall-clock gap diagnostics only; do not attribute unmatched frames or gaps to weather or equipment efficiency,a6a11f498afd43f99b5add50f0c61e7005c7dcbcab19c1c7b4ab62776daf32bc
20260527,True,False,300,0,0,0,0,0,0,300,0,,0.0,71,0,0,0,,,200,1800.0,0,,100,3600.0,0,,0,,,0,264,0,0.0,36,0,0.0,0,0,,no_strict_raw,,True,mode_label_is_end_of_night_block; current code does not retain minimum-solar-elongation ordering because the candidate list is re-sorted by RA,production history feedback was observed stalled after 20260330; recent-night cooldown and current coverage feedback must not be assumed active,plan realization and wall-clock gap diagnostics only; do not attribute unmatched frames or gaps to weather or equipment efficiency,a6a11f498afd43f99b5add50f0c61e7005c7dcbcab19c1c7b4ab62776daf32bc
20260528,True,True,300,279,279,235,44,0,235,65,44,0.8422939068100358,0.7833333333333333,55,52,279,235,795.907,2218.1242,200,1800.0,138,1796.566,100,3600.0,80,2999.9525000000003,278,50.757,65.9914,235,264,199,0.7537878787878788,36,36,1.0,0,0,,quarantine_unknown,high_candidate_count_926,True,mode_label_is_end_of_night_block; current code does not retain minimum-solar-elongation ordering because the candidate list is re-sorted by RA,production history feedback was observed stalled after 20260330; recent-night cooldown and current coverage feedback must not be assumed active,plan realization and wall-clock gap diagnostics only; do not attribute unmatched frames or gaps to weather or equipment efficiency,a6a11f498afd43f99b5add50f0c61e7005c7dcbcab19c1c7b4ab62776daf32bc
20260529,True,True,294,296,296,278,18,0,278,16,18,0.9391891891891891,0.9455782312925171,54,54,296,278,730.3775,995.0556,196,1800.0,180,1805.0790000000002,98,3600.0,90,3600.3635,295,46.138000000000005,65.4548,278,258,242,0.937984496124031,36,36,1.0,0,0,,quality_ok,,True,mode_label_is_end_of_night_block; current code does not retain minimum-solar-elongation ordering because the candidate list is re-sorted by RA,production history feedback was observed stalled after 20260330; recent-night cooldown and current coverage feedback must not be assumed active,plan realization and wall-clock gap diagnostics only; do not attribute unmatched frames or gaps to weather or equipment efficiency,a6a11f498afd43f99b5add50f0c61e7005c7dcbcab19c1c7b4ab62776daf32bc
20260530,True,True,294,275,275,257,18,0,257,37,18,0.9345454545454546,0.8741496598639455,78,78,275,257,1345.4,1986.7558000000001,196,1800.0,159,1858.151,98,3600.0,83,3452.011,274,51.245,64.52340000000001,257,258,221,0.8565891472868217,36,36,1.0,0,0,,quality_ok,,True,mode_label_is_end_of_night_block; current code does not retain minimum-solar-elongation ordering because the candidate list is re-sorted by RA,production history feedback was observed stalled after 20260330; recent-night cooldown and current coverage feedback must not be assumed active,plan realization and wall-clock gap diagnostics only; do not attribute unmatched frames or gaps to weather or equipment efficiency,a6a11f498afd43f99b5add50f0c61e7005c7dcbcab19c1c7b4ab62776daf32bc
20260531,True,False,291,0,0,0,0,0,0,291,0,,0.0,78,0,0,0,,,194,1800.0,0,,97,3600.0,0,,0,,,0,258,0,0.0,33,0,0.0,0,0,,no_strict_raw,,True,mode_label_is_end_of_night_block; current code does not retain minimum-solar-elongation ordering because the candidate list is re-sorted by RA,production history feedback was observed stalled after 20260330; recent-night cooldown and current coverage feedback must not be assumed active,plan realization and wall-clock gap diagnostics only; do not attribute unmatched frames or gaps to weather or equipment efficiency,a6a11f498afd43f99b5add50f0c61e7005c7dcbcab19c1c7b4ab62776daf32bc
20260601,True,True,276,298,298,272,26,0,272,4,26,0.912751677852349,0.9855072463768116,70,70,298,272,771.779,1015.0601999999999,184,1800.0,180,1834.5700000000002,92,3600.0,90,3616.6425,297,51.872,63.715599999999995,272,237,233,0.9831223628691983,39,39,1.0,0,0,,quality_ok,,True,mode_label_is_end_of_night_block; current code does not retain minimum-solar-elongation ordering because the candidate list is re-sorted by RA,production history feedback was observed stalled after 20260330; recent-night cooldown and current coverage feedback must not be assumed active,plan realization and wall-clock gap diagnostics only; do not attribute unmatched frames or gaps to weather or equipment efficiency,a6a11f498afd43f99b5add50f0c61e7005c7dcbcab19c1c7b4ab62776daf32bc
20260602,True,False,273,0,0,0,0,0,0,273,0,,0.0,79,0,0,0,,,182,1800.0,0,,91,3600.0,0,,0,,,0,234,0,0.0,39,0,0.0,0,0,,no_strict_raw,,True,mode_label_is_end_of_night_block; current code does not retain minimum-solar-elongation ordering because the candidate list is re-sorted by RA,production history feedback was observed stalled after 20260330; recent-night cooldown and current coverage feedback must not be assumed active,plan realization and wall-clock gap diagnostics only; do not attribute unmatched frames or gaps to weather or equipment efficiency,a6a11f498afd43f99b5add50f0c61e7005c7dcbcab19c1c7b4ab62776daf32bc
20260603,True,False,285,0,0,0,0,0,0,285,0,,0.0,88,0,0,0,,,190,1800.0,0,,95,3600.0,0,,0,,,0,252,0,0.0,33,0,0.0,0,0,,no_strict_raw,,True,mode_label_is_end_of_night_block; current code does not retain minimum-solar-elongation ordering because the candidate list is re-sorted by RA,production history feedback was observed stalled after 20260330; recent-night cooldown and current coverage feedback must not be assumed active,plan realization and wall-clock gap diagnostics only; do not attribute unmatched frames or gaps to weather or equipment efficiency,a6a11f498afd43f99b5add50f0c61e7005c7dcbcab19c1c7b4ab62776daf32bc
20260604,False,False,0,0,0,0,0,0,0,0,0,,,0,0,0,0,,,0,,0,,0,,0,,0,,,0,0,0,,0,0,,0,0,,no_strict_raw,,True,mode_label_is_end_of_night_block; current code does not retain minimum-solar-elongation ordering because the candidate list is re-sorted by RA,production history feedback was observed stalled after 20260330; recent-night cooldown and current coverage feedback must not be assumed active,plan realization and wall-clock gap diagnostics only; do not attribute unmatched frames or gaps to weather or equipment efficiency,a6a11f498afd43f99b5add50f0c61e7005c7dcbcab19c1c7b4ab62776daf32bc
20260605,True,True,291,2,2,2,0,0,2,289,0,1.0,0.006872852233676976,89,2,2,2,519.8205,521.2417,194,1800.0,0,,97,3600.0,0,,1,53.553,53.553,2,264,2,0.007575757575757576,27,0,0.0,0,0,,quality_ok,,True,mode_label_is_end_of_night_block; current code does not retain minimum-solar-elongation ordering because the candidate list is re-sorted by RA,production history feedback was observed stalled after 20260330; recent-night cooldown and current coverage feedback must not be assumed active,plan realization and wall-clock gap diagnostics only; do not attribute unmatched frames or gaps to weather or equipment efficiency,a6a11f498afd43f99b5add50f0c61e7005c7dcbcab19c1c7b4ab62776daf32bc
20260606,False,False,0,0,0,0,0,0,0,0,0,,,0,0,0,0,,,0,,0,,0,,0,,0,,,0,0,0,,0,0,,0,0,,no_strict_raw,,True,mode_label_is_end_of_night_block; current code does not retain minimum-solar-elongation ordering because the candidate list is re-sorted by RA,production history feedback was observed stalled after 20260330; recent-night cooldown and current coverage feedback must not be assumed active,plan realization and wall-clock gap diagnostics only; do not attribute unmatched frames or gaps to weather or equipment efficiency,a6a11f498afd43f99b5add50f0c61e7005c7dcbcab19c1c7b4ab62776daf32bc
20260607,False,False,0,0,0,0,0,0,0,0,0,,,0,0,0,0,,,0,,0,,0,,0,,0,,,0,0,0,,0,0,,0,0,,no_strict_raw,,True,mode_label_is_end_of_night_block; current code does not retain minimum-solar-elongation ordering because the candidate list is re-sorted by RA,production history feedback was observed stalled after 20260330; recent-night cooldown and current coverage feedback must not be assumed active,plan realization and wall-clock gap diagnostics only; do not attribute unmatched frames or gaps to weather or equipment efficiency,a6a11f498afd43f99b5add50f0c61e7005c7dcbcab19c1c7b4ab62776daf32bc
20260608,False,False,0,0,0,0,0,0,0,0,0,,,0,0,0,0,,,0,,0,,0,,0,,0,,,0,0,0,,0,0,,0,0,,no_strict_raw,,True,mode_label_is_end_of_night_block; current code does not retain minimum-solar-elongation ordering because the candidate list is re-sorted by RA,production history feedback was observed stalled after 20260330; recent-night cooldown and current coverage feedback must not be assumed active,plan realization and wall-clock gap diagnostics only; do not attribute unmatched frames or gaps to weather or equipment efficiency,a6a11f498afd43f99b5add50f0c61e7005c7dcbcab19c1c7b4ab62776daf32bc
20260609,False,False,0,0,0,0,0,0,0,0,0,,,0,0,0,0,,,0,,0,,0,,0,,0,,,0,0,0,,0,0,,0,0,,no_strict_raw,,True,mode_label_is_end_of_night_block; current code does not retain minimum-solar-elongation ordering because the candidate list is re-sorted by RA,production history feedback was observed stalled after 20260330; recent-night cooldown and current coverage feedback must not be assumed active,plan realization and wall-clock gap diagnostics only; do not attribute unmatched frames or gaps to weather or equipment efficiency,a6a11f498afd43f99b5add50f0c61e7005c7dcbcab19c1c7b4ab62776daf32bc
20260610,False,False,0,0,0,0,0,0,0,0,0,,,0,0,0,0,,,0,,0,,0,,0,,0,,,0,0,0,,0,0,,0,0,,no_strict_raw,,True,mode_label_is_end_of_night_block; current code does not retain minimum-solar-elongation ordering because the candidate list is re-sorted by RA,production history feedback was observed stalled after 20260330; recent-night cooldown and current coverage feedback must not be assumed active,plan realization and wall-clock gap diagnostics only; do not attribute unmatched frames or gaps to weather or equipment efficiency,a6a11f498afd43f99b5add50f0c61e7005c7dcbcab19c1c7b4ab62776daf32bc
20260611,True,True,285,270,270,270,0,0,270,15,0,1.0,0.9473684210526315,73,68,269,269,995.998,1147.556,190,1800.0,179,1839.344,95,3600.0,90,3671.7355,268,52.4875,64.1078,269,264,264,1.0,21,6,0.2857142857142857,0,0,,quarantine_unknown,high_candidate_count_653,True,mode_label_is_end_of_night_block; current code does not retain minimum-solar-elongation ordering because the candidate list is re-sorted by RA,production history feedback was observed stalled after 20260330; recent-night cooldown and current coverage feedback must not be assumed active,plan realization and wall-clock gap diagnostics only; do not attribute unmatched frames or gaps to weather or equipment efficiency,a6a11f498afd43f99b5add50f0c61e7005c7dcbcab19c1c7b4ab62776daf32bc
20260612,True,False,285,0,0,0,0,0,0,285,0,,0.0,73,0,0,0,,,190,1800.0,0,,95,3600.0,0,,0,,,0,264,0,0.0,21,0,0.0,0,0,,no_strict_raw,,True,mode_label_is_end_of_night_block; current code does not retain minimum-solar-elongation ordering because the candidate list is re-sorted by RA,production history feedback was observed stalled after 20260330; recent-night cooldown and current coverage feedback must not be assumed active,plan realization and wall-clock gap diagnostics only; do not attribute unmatched frames or gaps to weather or equipment efficiency,a6a11f498afd43f99b5add50f0c61e7005c7dcbcab19c1c7b4ab62776daf32bc
20260613,True,False,285,0,0,0,0,0,0,285,0,,0.0,73,0,0,0,,,190,1800.0,0,,95,3600.0,0,,0,,,0,264,0,0.0,21,0,0.0,0,0,,no_strict_raw,,True,mode_label_is_end_of_night_block; current code does not retain minimum-solar-elongation ordering because the candidate list is re-sorted by RA,production history feedback was observed stalled after 20260330; recent-night cooldown and current coverage feedback must not be assumed active,plan realization and wall-clock gap diagnostics only; do not attribute unmatched frames or gaps to weather or equipment efficiency,a6a11f498afd43f99b5add50f0c61e7005c7dcbcab19c1c7b4ab62776daf32bc
20260614,True,False,285,0,0,0,0,0,0,285,0,,0.0,73,0,0,0,,,190,1800.0,0,,95,3600.0,0,,0,,,0,264,0,0.0,21,0,0.0,0,0,,no_strict_raw,,True,mode_label_is_end_of_night_block; current code does not retain minimum-solar-elongation ordering because the candidate list is re-sorted by RA,production history feedback was observed stalled after 20260330; recent-night cooldown and current coverage feedback must not be assumed active,plan realization and wall-clock gap diagnostics only; do not attribute unmatched frames or gaps to weather or equipment efficiency,a6a11f498afd43f99b5add50f0c61e7005c7dcbcab19c1c7b4ab62776daf32bc
20260615,True,False,285,0,0,0,0,0,0,285,0,,0.0,73,0,0,0,,,190,1800.0,0,,95,3600.0,0,,0,,,0,264,0,0.0,21,0,0.0,0,0,,no_strict_raw,,True,mode_label_is_end_of_night_block; current code does not retain minimum-solar-elongation ordering because the candidate list is re-sorted by RA,production history feedback was observed stalled after 20260330; recent-night cooldown and current coverage feedback must not be assumed active,plan realization and wall-clock gap diagnostics only; do not attribute unmatched frames or gaps to weather or equipment efficiency,a6a11f498afd43f99b5add50f0c61e7005c7dcbcab19c1c7b4ab62776daf32bc
20260616,True,False,282,0,0,0,0,0,0,282,0,,0.0,77,0,0,0,,,188,1800.0,0,,94,3600.0,0,,0,,,0,264,0,0.0,18,0,0.0,0,0,,no_strict_raw,,True,mode_label_is_end_of_night_block; current code does not retain minimum-solar-elongation ordering because the candidate list is re-sorted by RA,production history feedback was observed stalled after 20260330; recent-night cooldown and current coverage feedback must not be assumed active,plan realization and wall-clock gap diagnostics only; do not attribute unmatched frames or gaps to weather or equipment efficiency,a6a11f498afd43f99b5add50f0c61e7005c7dcbcab19c1c7b4ab62776daf32bc
20260617,True,True,282,27,27,27,0,0,27,255,0,1.0,0.09574468085106383,77,22,27,27,102.05,152.8732,188,1800.0,5,1885.902,94,3600.0,5,1885.902,26,53.701,64.951,27,264,27,0.10227272727272728,18,0,0.0,0,0,,quality_ok,,True,mode_label_is_end_of_night_block; current code does not retain minimum-solar-elongation ordering because the candidate list is re-sorted by RA,production history feedback was observed stalled after 20260330; recent-night cooldown and current coverage feedback must not be assumed active,plan realization and wall-clock gap diagnostics only; do not attribute unmatched frames or gaps to weather or equipment efficiency,a6a11f498afd43f99b5add50f0c61e7005c7dcbcab19c1c7b4ab62776daf32bc
20260618,True,False,282,0,0,0,0,0,0,282,0,,0.0,77,0,0,0,,,188,1800.0,0,,94,3600.0,0,,0,,,0,264,0,0.0,18,0,0.0,0,0,,no_strict_raw,,True,mode_label_is_end_of_night_block; current code does not retain minimum-solar-elongation ordering because the candidate list is re-sorted by RA,production history feedback was observed stalled after 20260330; recent-night cooldown and current coverage feedback must not be assumed active,plan realization and wall-clock gap diagnostics only; do not attribute unmatched frames or gaps to weather or equipment efficiency,a6a11f498afd43f99b5add50f0c61e7005c7dcbcab19c1c7b4ab62776daf32bc
20260619,True,False,282,0,0,0,0,0,0,282,0,,0.0,88,0,0,0,,,188,1800.0,0,,94,3600.0,0,,0,,,0,264,0,0.0,18,0,0.0,0,0,,no_strict_raw,,True,mode_label_is_end_of_night_block; current code does not retain minimum-solar-elongation ordering because the candidate list is re-sorted by RA,production history feedback was observed stalled after 20260330; recent-night cooldown and current coverage feedback must not be assumed active,plan realization and wall-clock gap diagnostics only; do not attribute unmatched frames or gaps to weather or equipment efficiency,a6a11f498afd43f99b5add50f0c61e7005c7dcbcab19c1c7b4ab62776daf32bc
20260620,True,True,282,227,227,227,0,0,227,55,0,1.0,0.8049645390070922,88,77,227,227,1917.987,2030.4648,188,1800.0,144,1738.1644999999999,94,3600.0,78,3473.549,226,51.7855,63.643499999999996,227,264,209,0.7916666666666666,18,18,1.0,0,0,,quality_ok,,True,mode_label_is_end_of_night_block; current code does not retain minimum-solar-elongation ordering because the candidate list is re-sorted by RA,production history feedback was observed stalled after 20260330; recent-night cooldown and current coverage feedback must not be assumed active,plan realization and wall-clock gap diagnostics only; do not attribute unmatched frames or gaps to weather or equipment efficiency,a6a11f498afd43f99b5add50f0c61e7005c7dcbcab19c1c7b4ab62776daf32bc
20260621,True,False,282,0,0,0,0,0,0,282,0,,0.0,88,0,0,0,,,188,1800.0,0,,94,3600.0,0,,0,,,0,264,0,0.0,18,0,0.0,0,0,,no_strict_raw,,True,mode_label_is_end_of_night_block; current code does not retain minimum-solar-elongation ordering because the candidate list is re-sorted by RA,production history feedback was observed stalled after 20260330; recent-night cooldown and current coverage feedback must not be assumed active,plan realization and wall-clock gap diagnostics only; do not attribute unmatched frames or gaps to weather or equipment efficiency,a6a11f498afd43f99b5add50f0c61e7005c7dcbcab19c1c7b4ab62776daf32bc
20260622,True,False,282,0,0,0,0,0,0,282,0,,0.0,86,0,0,0,,,188,1800.0,0,,94,3600.0,0,,0,,,0,264,0,0.0,18,0,0.0,0,0,,no_strict_raw,,True,mode_label_is_end_of_night_block; current code does not retain minimum-solar-elongation ordering because the candidate list is re-sorted by RA,production history feedback was observed stalled after 20260330; recent-night cooldown and current coverage feedback must not be assumed active,plan realization and wall-clock gap diagnostics only; do not attribute unmatched frames or gaps to weather or equipment efficiency,a6a11f498afd43f99b5add50f0c61e7005c7dcbcab19c1c7b4ab62776daf32bc
20260623,True,False,285,0,0,0,0,0,0,285,0,,0.0,78,0,0,0,,,190,1800.0,0,,95,3600.0,0,,0,,,0,264,0,0.0,21,0,0.0,0,0,,no_strict_raw,,True,mode_label_is_end_of_night_block; current code does not retain minimum-solar-elongation ordering because the candidate list is re-sorted by RA,production history feedback was observed stalled after 20260330; recent-night cooldown and current coverage feedback must not be assumed active,plan realization and wall-clock gap diagnostics only; do not attribute unmatched frames or gaps to weather or equipment efficiency,a6a11f498afd43f99b5add50f0c61e7005c7dcbcab19c1c7b4ab62776daf32bc
20260624,True,False,282,0,0,0,0,0,0,282,0,,0.0,92,0,0,0,,,188,1800.0,0,,94,3600.0,0,,0,,,0,264,0,0.0,18,0,0.0,0,0,,no_strict_raw,,True,mode_label_is_end_of_night_block; current code does not retain minimum-solar-elongation ordering because the candidate list is re-sorted by RA,production history feedback was observed stalled after 20260330; recent-night cooldown and current coverage feedback must not be assumed active,plan realization and wall-clock gap diagnostics only; do not attribute unmatched frames or gaps to weather or equipment efficiency,a6a11f498afd43f99b5add50f0c61e7005c7dcbcab19c1c7b4ab62776daf32bc
20260625,True,False,282,0,0,0,0,0,0,282,0,,0.0,77,0,0,0,,,188,1800.0,0,,94,3600.0,0,,0,,,0,264,0,0.0,18,0,0.0,0,0,,no_strict_raw,,True,mode_label_is_end_of_night_block; current code does not retain minimum-solar-elongation ordering because the candidate list is re-sorted by RA,production history feedback was observed stalled after 20260330; recent-night cooldown and current coverage feedback must not be assumed active,plan realization and wall-clock gap diagnostics only; do not attribute unmatched frames or gaps to weather or equipment efficiency,a6a11f498afd43f99b5add50f0c61e7005c7dcbcab19c1c7b4ab62776daf32bc
20260626,True,False,279,0,0,0,0,0,0,279,0,,0.0,84,0,0,0,,,186,1800.0,0,,93,3600.0,0,,0,,,0,258,0,0.0,21,0,0.0,0,0,,no_strict_raw,,True,mode_label_is_end_of_night_block; current code does not retain minimum-solar-elongation ordering because the candidate list is re-sorted by RA,production history feedback was observed stalled after 20260330; recent-night cooldown and current coverage feedback must not be assumed active,plan realization and wall-clock gap diagnostics only; do not attribute unmatched frames or gaps to weather or equipment efficiency,a6a11f498afd43f99b5add50f0c61e7005c7dcbcab19c1c7b4ab62776daf32bc
20260627,True,False,273,0,0,0,0,0,0,273,0,,0.0,74,0,0,0,,,182,1800.0,0,,91,3600.0,0,,0,,,0,246,0,0.0,27,0,0.0,0,0,,no_strict_raw,,True,mode_label_is_end_of_night_block; current code does not retain minimum-solar-elongation ordering because the candidate list is re-sorted by RA,production history feedback was observed stalled after 20260330; recent-night cooldown and current coverage feedback must not be assumed active,plan realization and wall-clock gap diagnostics only; do not attribute unmatched frames or gaps to weather or equipment efficiency,a6a11f498afd43f99b5add50f0c61e7005c7dcbcab19c1c7b4ab62776daf32bc
20260628,True,False,282,0,0,0,0,0,0,282,0,,0.0,75,0,0,0,,,188,1800.0,0,,94,3600.0,0,,0,,,0,261,0,0.0,21,0,0.0,0,0,,no_strict_raw,,True,mode_label_is_end_of_night_block; current code does not retain minimum-solar-elongation ordering because the candidate list is re-sorted by RA,production history feedback was observed stalled after 20260330; recent-night cooldown and current coverage feedback must not be assumed active,plan realization and wall-clock gap diagnostics only; do not attribute unmatched frames or gaps to weather or equipment efficiency,a6a11f498afd43f99b5add50f0c61e7005c7dcbcab19c1c7b4ab62776daf32bc
20260629,True,False,276,0,0,0,0,0,0,276,0,,0.0,73,0,0,0,,,184,1800.0,0,,92,3600.0,0,,0,,,0,249,0,0.0,27,0,0.0,0,0,,no_strict_raw,,True,mode_label_is_end_of_night_block; current code does not retain minimum-solar-elongation ordering because the candidate list is re-sorted by RA,production history feedback was observed stalled after 20260330; recent-night cooldown and current coverage feedback must not be assumed active,plan realization and wall-clock gap diagnostics only; do not attribute unmatched frames or gaps to weather or equipment efficiency,a6a11f498afd43f99b5add50f0c61e7005c7dcbcab19c1c7b4ab62776daf32bc
20260630,True,False,267,0,0,0,0,0,0,267,0,,0.0,82,0,0,0,,,178,1800.0,0,,89,3600.0,0,,0,,,0,234,0,0.0,33,0,0.0,0,0,,no_strict_raw,,True,mode_label_is_end_of_night_block; current code does not retain minimum-solar-elongation ordering because the candidate list is re-sorted by RA,production history feedback was observed stalled after 20260330; recent-night cooldown and current coverage feedback must not be assumed active,plan realization and wall-clock gap diagnostics only; do not attribute unmatched frames or gaps to weather or equipment efficiency,a6a11f498afd43f99b5add50f0c61e7005c7dcbcab19c1c7b4ab62776daf32bc
20260701,True,False,273,0,0,0,0,0,0,273,0,,0.0,91,0,0,0,,,182,1800.0,0,,91,3600.0,0,,0,,,0,243,0,0.0,30,0,0.0,0,0,,no_strict_raw,,True,mode_label_is_end_of_night_block; current code does not retain minimum-solar-elongation ordering because the candidate list is re-sorted by RA,production history feedback was observed stalled after 20260330; recent-night cooldown and current coverage feedback must not be assumed active,plan realization and wall-clock gap diagnostics only; do not attribute unmatched frames or gaps to weather or equipment efficiency,a6a11f498afd43f99b5add50f0c61e7005c7dcbcab19c1c7b4ab62776daf32bc
20260702,True,False,288,0,0,0,0,0,0,288,0,,0.0,96,0,0,0,,,192,1800.0,0,,96,3600.0,0,,0,,,0,264,0,0.0,24,0,0.0,0,0,,no_strict_raw,,True,mode_label_is_end_of_night_block; current code does not retain minimum-solar-elongation ordering because the candidate list is re-sorted by RA,production history feedback was observed stalled after 20260330; recent-night cooldown and current coverage feedback must not be assumed active,plan realization and wall-clock gap diagnostics only; do not attribute unmatched frames or gaps to weather or equipment efficiency,a6a11f498afd43f99b5add50f0c61e7005c7dcbcab19c1c7b4ab62776daf32bc
20260703,True,False,288,0,0,0,0,0,0,288,0,,0.0,95,0,0,0,,,192,1800.0,0,,96,3600.0,0,,0,,,0,264,0,0.0,24,0,0.0,0,0,,no_strict_raw,,True,mode_label_is_end_of_night_block; current code does not retain minimum-solar-elongation ordering because the candidate list is re-sorted by RA,production history feedback was observed stalled after 20260330; recent-night cooldown and current coverage feedback must not be assumed active,plan realization and wall-clock gap diagnostics only; do not attribute unmatched frames or gaps to weather or equipment efficiency,a6a11f498afd43f99b5add50f0c61e7005c7dcbcab19c1c7b4ab62776daf32bc
20260704,False,False,0,0,0,0,0,0,0,0,0,,,0,0,0,0,,,0,,0,,0,,0,,0,,,0,0,0,,0,0,,0,0,,no_strict_raw,,True,mode_label_is_end_of_night_block; current code does not retain minimum-solar-elongation ordering because the candidate list is re-sorted by RA,production history feedback was observed stalled after 20260330; recent-night cooldown and current coverage feedback must not be assumed active,plan realization and wall-clock gap diagnostics only; do not attribute unmatched frames or gaps to weather or equipment efficiency,a6a11f498afd43f99b5add50f0c61e7005c7dcbcab19c1c7b4ab62776daf32bc
20260705,True,False,288,0,0,0,0,0,0,288,0,,0.0,96,0,0,0,,,192,1800.0,0,,96,3600.0,0,,0,,,0,264,0,0.0,24,0,0.0,0,0,,no_strict_raw,,True,mode_label_is_end_of_night_block; current code does not retain minimum-solar-elongation ordering because the candidate list is re-sorted by RA,production history feedback was observed stalled after 20260330; recent-night cooldown and current coverage feedback must not be assumed active,plan realization and wall-clock gap diagnostics only; do not attribute unmatched frames or gaps to weather or equipment efficiency,a6a11f498afd43f99b5add50f0c61e7005c7dcbcab19c1c7b4ab62776daf32bc
20260706,True,False,291,0,0,0,0,0,0,291,0,,0.0,97,0,0,0,,,194,1800.0,0,,97,3600.0,0,,0,,,0,264,0,0.0,27,0,0.0,0,0,,no_strict_raw,,True,mode_label_is_end_of_night_block; current code does not retain minimum-solar-elongation ordering because the candidate list is re-sorted by RA,production history feedback was observed stalled after 20260330; recent-night cooldown and current coverage feedback must not be assumed active,plan realization and wall-clock gap diagnostics only; do not attribute unmatched frames or gaps to weather or equipment efficiency,a6a11f498afd43f99b5add50f0c61e7005c7dcbcab19c1c7b4ab62776daf32bc
20260707,True,False,291,0,0,0,0,0,0,291,0,,0.0,97,0,0,0,,,194,1800.0,0,,97,3600.0,0,,0,,,0,264,0,0.0,27,0,0.0,0,0,,no_strict_raw,,True,mode_label_is_end_of_night_block; current code does not retain minimum-solar-elongation ordering because the candidate list is re-sorted by RA,production history feedback was observed stalled after 20260330; recent-night cooldown and current coverage feedback must not be assumed active,plan realization and wall-clock gap diagnostics only; do not attribute unmatched frames or gaps to weather or equipment efficiency,a6a11f498afd43f99b5add50f0c61e7005c7dcbcab19c1c7b4ab62776daf32bc
20260708,True,False,291,0,0,0,0,0,0,291,0,,0.0,97,0,0,0,,,194,1800.0,0,,97,3600.0,0,,0,,,0,264,0,0.0,27,0,0.0,0,0,,no_strict_raw,,True,mode_label_is_end_of_night_block; current code does not retain minimum-solar-elongation ordering because the candidate list is re-sorted by RA,production history feedback was observed stalled after 20260330; recent-night cooldown and current coverage feedback must not be assumed active,plan realization and wall-clock gap diagnostics only; do not attribute unmatched frames or gaps to weather or equipment efficiency,a6a11f498afd43f99b5add50f0c61e7005c7dcbcab19c1c7b4ab62776daf32bc
20260709,True,False,294,0,0,0,0,0,0,294,0,,0.0,98,0,0,0,,,196,1800.0,0,,98,3600.0,0,,0,,,0,264,0,0.0,30,0,0.0,0,0,,no_strict_raw,,True,mode_label_is_end_of_night_block; current code does not retain minimum-solar-elongation ordering because the candidate list is re-sorted by RA,production history feedback was observed stalled after 20260330; recent-night cooldown and current coverage feedback must not be assumed active,plan realization and wall-clock gap diagnostics only; do not attribute unmatched frames or gaps to weather or equipment efficiency,a6a11f498afd43f99b5add50f0c61e7005c7dcbcab19c1c7b4ab62776daf32bc
20260710,True,False,294,0,0,0,0,0,0,294,0,,0.0,98,0,0,0,,,196,1800.0,0,,98,3600.0,0,,0,,,0,264,0,0.0,30,0,0.0,0,0,,no_strict_raw,,True,mode_label_is_end_of_night_block; current code does not retain minimum-solar-elongation ordering because the candidate list is re-sorted by RA,production history feedback was observed stalled after 20260330; recent-night cooldown and current coverage feedback must not be assumed active,plan realization and wall-clock gap diagnostics only; do not attribute unmatched frames or gaps to weather or equipment efficiency,a6a11f498afd43f99b5add50f0c61e7005c7dcbcab19c1c7b4ab62776daf32bc
20260711,True,False,294,0,0,0,0,0,0,294,0,,0.0,96,0,0,0,,,196,1800.0,0,,98,3600.0,0,,0,,,0,264,0,0.0,30,0,0.0,0,0,,no_strict_raw,,True,mode_label_is_end_of_night_block; current code does not retain minimum-solar-elongation ordering because the candidate list is re-sorted by RA,production history feedback was observed stalled after 20260330; recent-night cooldown and current coverage feedback must not be assumed active,plan realization and wall-clock gap diagnostics only; do not attribute unmatched frames or gaps to weather or equipment efficiency,a6a11f498afd43f99b5add50f0c61e7005c7dcbcab19c1c7b4ab62776daf32bc
20260712,True,False,297,0,0,0,0,0,0,297,0,,0.0,97,0,0,0,,,198,1800.0,0,,99,3600.0,0,,0,,,0,264,0,0.0,33,0,0.0,0,0,,no_strict_raw,,True,mode_label_is_end_of_night_block; current code does not retain minimum-solar-elongation ordering because the candidate list is re-sorted by RA,production history feedback was observed stalled after 20260330; recent-night cooldown and current coverage feedback must not be assumed active,plan realization and wall-clock gap diagnostics only; do not attribute unmatched frames or gaps to weather or equipment efficiency,a6a11f498afd43f99b5add50f0c61e7005c7dcbcab19c1c7b4ab62776daf32bc
20260713,True,False,297,0,0,0,0,0,0,297,0,,0.0,88,0,0,0,,,198,1800.0,0,,99,3600.0,0,,0,,,0,264,0,0.0,33,0,0.0,0,0,,no_strict_raw,,True,mode_label_is_end_of_night_block; current code does not retain minimum-solar-elongation ordering because the candidate list is re-sorted by RA,production history feedback was observed stalled after 20260330; recent-night cooldown and current coverage feedback must not be assumed active,plan realization and wall-clock gap diagnostics only; do not attribute unmatched frames or gaps to weather or equipment efficiency,a6a11f498afd43f99b5add50f0c61e7005c7dcbcab19c1c7b4ab62776daf32bc
20260714,True,False,300,0,0,0,0,0,0,300,0,,0.0,89,0,0,0,,,200,1800.0,0,,100,3600.0,0,,0,,,0,264,0,0.0,36,0,0.0,0,0,,no_strict_raw,,True,mode_label_is_end_of_night_block; current code does not retain minimum-solar-elongation ordering because the candidate list is re-sorted by RA,production history feedback was observed stalled after 20260330; recent-night cooldown and current coverage feedback must not be assumed active,plan realization and wall-clock gap diagnostics only; do not attribute unmatched frames or gaps to weather or equipment efficiency,a6a11f498afd43f99b5add50f0c61e7005c7dcbcab19c1c7b4ab62776daf32bc
20260715,True,True,300,50,50,50,0,0,50,250,0,1.0,0.16666666666666666,83,22,50,50,423.35400000000004,2223.4322,200,1800.0,28,1864.7255,100,3600.0,22,1871.0405,49,53.531000000000006,63.8454,50,264,50,0.1893939393939394,36,0,0.0,0,0,,quality_ok,,True,mode_label_is_end_of_night_block; current code does not retain minimum-solar-elongation ordering because the candidate list is re-sorted by RA,production history feedback was observed stalled after 20260330; recent-night cooldown and current coverage feedback must not be assumed active,plan realization and wall-clock gap diagnostics only; do not attribute unmatched frames or gaps to weather or equipment efficiency,a6a11f498afd43f99b5add50f0c61e7005c7dcbcab19c1c7b4ab62776daf32bc
