night,product,path,exists,status,error_type,error,size_bytes,mtime_utc,mtime_ns,sha256,fits_checksum,fits_datasum,hdu,input_rows,rows_written,source_column,column_map,missing_required_columns,missing_optional_columns
20251115,known_all,/processed1/20251115/L4/20251115_all_asteroids.fits,True,ok_with_missing_optional,,,15586560,2026-03-29T07:49:55.236175+00:00,1774770595236174940,ea274f8e758c8bb554e4eb1617d9ceee6db7ef8b7dfe8924df4a6b28397e2504,,,1,79486,79486,source_file,"{""asteroid_name"": ""name"", ""asteroid_number"": ""number"", ""epoch_mjd"": ""epoch"", ""pred_dec_deg"": ""dec"", ""pred_geocentric_distance_au"": null, ""pred_heliocentric_distance_au"": null, ""pred_phase_angle_deg"": null, ""pred_ra_deg"": ""ra"", ""pred_solar_elongation_deg"": null, ""pred_v_mag"": ""mag""}",[],"[""pred_heliocentric_distance_au"", ""pred_geocentric_distance_au"", ""pred_solar_elongation_deg"", ""pred_phase_angle_deg""]"
20251115,known_matched,/processed1/20251115/L4/20251115_matched_asteroids.fits,True,ok_with_missing_optional,,,72000,2026-03-29T07:49:55.414171+00:00,1774770595414171064,c48ab8d702518ee4bebd448618daafe0405fbb06a1b59567a42ada43cd41d035,,,1,58,58,source_file,"{""asteroid_name"": ""name"", ""asteroid_number"": ""number"", ""epoch_mjd"": ""epoch"", ""flag"": ""Flag"", ""flag_iso_num"": ""Flag_ISO_Num"", ""flux_aper4"": ""Flux_Aper4"", ""fluxerr_aper4"": ""FluxErr_Aper4"", ""fwhm_px"": ""FWHM"", ""mag_aper4"": ""Mag_Aper4"", ""mag_aper8"": ""Mag_Aper8"", ""mag_kron"": ""Mag_Kron"", ""mag_psf"": ""Mag_PSF"", ""magerr_aper4"": ""MagErr_Aper4"", ""magerr_aper8"": ""MagErr_Aper8"", ""magerr_kron"": ""MagErr_Kron"", ""magerr_psf"": ""MagErr_PSF"", ""obj_id"": ""objID"", ""obs_dec_err_deg"": ""DECErr_Win"", ""obs_dec_psf_deg"": ""DEC_PSF"", ""obs_dec_win_deg"": ""DEC_Win"", ""obs_ra_err_deg"": ""RAErr_Win"", ""obs_ra_psf_deg"": ""RA_PSF"", ""obs_ra_win_deg"": ""RA_Win"", ""pred_dec_deg"": ""dec"", ""pred_geocentric_distance_au"": null, ""pred_heliocentric_distance_au"": null, ""pred_phase_angle_deg"": null, ""pred_ra_deg"": ""ra"", ""pred_solar_elongation_deg"": null, ""pred_v_mag"": ""mag"", ""x_win_px"": ""X_Win"", ""y_win_px"": ""Y_Win""}",[],"[""pred_heliocentric_distance_au"", ""pred_geocentric_distance_au"", ""pred_solar_elongation_deg"", ""pred_phase_angle_deg""]"
20251115,known_mask15,/processed1/20251115/L4/20251115_matched_asteroids_mask15.fits,False,missing,,,0,,0,,,,1,0,0,,{},[],[]
20251115,unknown_catalog,/processed1/20251115/L4/20251115_unknown_links.fits,False,missing,,,0,,0,,,,1,0,0,,{},[],[]
20251115,orbit_links,/home/admin/pipeline/xiaoyunao/data/heliolincrr/20251115/rr_links/orbit_confirm/orbit_links.fits,False,missing,,,0,,0,,,,1,0,0,,{},[],[]
20251115,orbit_obs_residuals,/home/admin/pipeline/xiaoyunao/data/heliolincrr/20251115/rr_links/orbit_confirm/orbit_obs_residuals.fits,False,missing,,,0,,0,,,,1,0,0,,{},[],[]
20251116,known_all,/processed1/20251116/L4/20251116_all_asteroids.fits,True,ok_with_missing_optional,,,16139520,2026-06-19T06:22:04.819276+00:00,1781850124819276413,59b025e7959ab3f2f76597d2161ba8fcfe7da74e63640c7f42b1abcdd27feccf,,,1,82312,82312,source_file,"{""asteroid_name"": ""name"", ""asteroid_number"": ""number"", ""epoch_mjd"": ""epoch"", ""pred_dec_deg"": ""dec"", ""pred_geocentric_distance_au"": null, ""pred_heliocentric_distance_au"": null, ""pred_phase_angle_deg"": null, ""pred_ra_deg"": ""ra"", ""pred_solar_elongation_deg"": null, ""pred_v_mag"": ""mag""}",[],"[""pred_heliocentric_distance_au"", ""pred_geocentric_distance_au"", ""pred_solar_elongation_deg"", ""pred_phase_angle_deg""]"
20251116,known_matched,/processed1/20251116/L4/20251116_matched_asteroids.fits,True,ok_with_missing_optional,,,2036160,2026-06-19T06:22:05.453264+00:00,1781850125453264300,04fcef43c3b93b3206c68ced71f74f7ecd2c3b83b59c4702338f4fc30c357ac1,,,1,2596,2596,source_file,"{""asteroid_name"": ""name"", ""asteroid_number"": ""number"", ""epoch_mjd"": ""epoch"", ""flag"": ""Flag"", ""flag_iso_num"": ""Flag_ISO_Num"", ""flux_aper4"": ""Flux_Aper4"", ""fluxerr_aper4"": ""FluxErr_Aper4"", ""fwhm_px"": ""FWHM"", ""mag_aper4"": ""Mag_Aper4"", ""mag_aper8"": ""Mag_Aper8"", ""mag_kron"": ""Mag_Kron"", ""mag_psf"": ""Mag_PSF"", ""magerr_aper4"": ""MagErr_Aper4"", ""magerr_aper8"": ""MagErr_Aper8"", ""magerr_kron"": ""MagErr_Kron"", ""magerr_psf"": ""MagErr_PSF"", ""obj_id"": ""objID"", ""obs_dec_err_deg"": ""DECErr_Win"", ""obs_dec_psf_deg"": ""DEC_PSF"", ""obs_dec_win_deg"": ""DEC_Win"", ""obs_ra_err_deg"": ""RAErr_Win"", ""obs_ra_psf_deg"": ""RA_PSF"", ""obs_ra_win_deg"": ""RA_Win"", ""pred_dec_deg"": ""dec"", ""pred_geocentric_distance_au"": null, ""pred_heliocentric_distance_au"": null, ""pred_phase_angle_deg"": null, ""pred_ra_deg"": ""ra"", ""pred_solar_elongation_deg"": null, ""pred_v_mag"": ""mag"", ""x_win_px"": ""X_Win"", ""y_win_px"": ""Y_Win""}",[],"[""pred_heliocentric_distance_au"", ""pred_geocentric_distance_au"", ""pred_solar_elongation_deg"", ""pred_phase_angle_deg""]"
20251116,known_mask15,/processed1/20251116/L4/20251116_matched_asteroids_mask15.fits,True,ok_with_missing_optional,,,2260800,2026-06-19T06:22:06.070252+00:00,1781850126070252512,23a71f7805d3f74e8203dd387f43bff813ca7852dbbf8814aca99992a620613f,,,1,2885,2885,source_file,"{""asteroid_name"": ""name"", ""asteroid_number"": ""number"", ""epoch_mjd"": ""epoch"", ""flag"": ""Flag"", ""flag_iso_num"": ""Flag_ISO_Num"", ""flux_aper4"": ""Flux_Aper4"", ""fluxerr_aper4"": ""FluxErr_Aper4"", ""fwhm_px"": ""FWHM"", ""mag_aper4"": ""Mag_Aper4"", ""mag_aper8"": ""Mag_Aper8"", ""mag_kron"": ""Mag_Kron"", ""mag_psf"": ""Mag_PSF"", ""magerr_aper4"": ""MagErr_Aper4"", ""magerr_aper8"": ""MagErr_Aper8"", ""magerr_kron"": ""MagErr_Kron"", ""magerr_psf"": ""MagErr_PSF"", ""obj_id"": ""objID"", ""obs_dec_err_deg"": ""DECErr_Win"", ""obs_dec_psf_deg"": ""DEC_PSF"", ""obs_dec_win_deg"": ""DEC_Win"", ""obs_ra_err_deg"": ""RAErr_Win"", ""obs_ra_psf_deg"": ""RA_PSF"", ""obs_ra_win_deg"": ""RA_Win"", ""pred_dec_deg"": ""dec"", ""pred_geocentric_distance_au"": null, ""pred_heliocentric_distance_au"": null, ""pred_phase_angle_deg"": null, ""pred_ra_deg"": ""ra"", ""pred_solar_elongation_deg"": null, ""pred_v_mag"": ""mag"", ""x_win_px"": ""X_Win"", ""y_win_px"": ""Y_Win""}",[],"[""pred_heliocentric_distance_au"", ""pred_geocentric_distance_au"", ""pred_solar_elongation_deg"", ""pred_phase_angle_deg""]"
20251116,unknown_catalog,/processed1/20251116/L4/20251116_unknown_links.fits,True,ok,,,14400,2026-06-19T19:46:46.688212+00:00,1781898406688212324,dd23a3eeeb34d10b59528b3067dc7b12ab3563271517f488fec1e27d4ec0cf77,,,1,11,11,image_names,"{""a_au"": ""a_au"", ""argp_deg"": ""argp_deg"", ""best_v1_kms"": ""best_v1_kms"", ""decs_deg"": ""decs_deg"", ""ecc"": ""ecc"", ""exp_pairs"": ""exp_pairs"", ""fit_ok"": ""fit_ok"", ""groups"": ""groups"", ""image_names"": ""image_names"", ""inc_deg"": ""inc_deg"", ""is_good"": ""is_good"", ""lin_dir_deg"": ""lin_dir_deg"", ""lin_rms_arcsec"": ""lin_rms_arcsec"", ""lin_speed_arcsec_per_day"": ""lin_speed_arcsec_per_day"", ""linkage_id"": ""linkage_id"", ""max_arcsec"": ""max_arcsec"", ""med_arcsec"": ""med_arcsec"", ""mjds"": ""mjds"", ""n_obs"": ""n_obs"", ""n_tracklets"": ""n_tracklets"", ""nu_deg"": ""nu_deg"", ""objids"": ""objids"", ""raan_deg"": ""raan_deg"", ""ras_deg"": ""ras_deg"", ""rms_arcsec"": ""rms_arcsec"", ""tracklet_ids"": ""tracklet_ids"", ""trk_sub"": ""trk_sub""}",[],[]
20251116,orbit_links,/home/admin/pipeline/xiaoyunao/data/heliolincrr/20251116/rr_links/orbit_confirm/orbit_links.fits,True,ok,,,120960,2026-05-14T08:35:43.345286+00:00,1778747743345286388,08ad66a6d0c1324912a16ace6061d91dd7451d14d93692da4c071ff6959d86d0,,,1,383,383,,"{""a_au"": ""a_au"", ""argp_deg"": ""argp_deg"", ""best_rejected_max_v_kms"": ""best_rejected_max_v_kms"", ""best_v1_kms"": ""best_v1_kms"", ""ecc"": ""ecc"", ""fail_counts"": ""fail_counts"", ""fail_reason"": ""fail_reason"", ""final_max_v_kms"": ""final_max_v_kms"", ""fit_ok"": ""fit_ok"", ""hypo_r_au"": ""hypo_r_au"", ""hypo_rdd_au_day2"": ""hypo_rdd_au_day2"", ""hypo_rdot_au_day"": ""hypo_rdot_au_day"", ""inc_deg"": ""inc_deg"", ""inlier_tracklets"": ""inlier_tracklets"", ""is_good"": ""is_good"", ""lin_dir_deg"": ""lin_dir_deg"", ""lin_rms_arcsec"": ""lin_rms_arcsec"", ""lin_speed_arcsec_per_day"": ""lin_speed_arcsec_per_day"", ""linkage_id"": ""linkage_id"", ""max_arcsec"": ""max_arcsec"", ""med_arcsec"": ""med_arcsec"", ""min_rejected_max_v_kms"": ""min_rejected_max_v_kms"", ""n_nights"": ""n_nights"", ""n_obs"": ""n_obs"", ""n_tracklets"": ""n_tracklets"", ""nu_deg"": ""nu_deg"", ""pred_dec_deg"": ""pred_dec_deg"", ""pred_ra_deg"": ""pred_ra_deg"", ""raan_deg"": ""raan_deg"", ""rejected_tracklets"": ""rejected_tracklets"", ""rms_arcsec"": ""rms_arcsec"", ""seed_max_v_kms"": ""seed_max_v_kms"", ""seed_tracklets"": ""seed_tracklets""}",[],[]
20251116,orbit_obs_residuals,/home/admin/pipeline/xiaoyunao/data/heliolincrr/20251116/rr_links/orbit_confirm/orbit_obs_residuals.fits,True,ok,,,115200,2026-05-14T08:35:43.354012+00:00,1778747743354011440,3a1ce69cd25cd794670d42e7ccd0daebb3bd0c65473d93281620114d2ab3f3e4,,,1,1150,1150,,"{""dec_deg"": ""dec_deg"", ""linkage_id"": ""linkage_id"", ""mjd"": ""mjd"", ""obs_key"": ""obs_key"", ""ra_deg"": ""ra_deg"", ""resid_arcsec"": ""resid_arcsec"", ""tracklet_id"": ""tracklet_id"", ""used"": ""used""}",[],[]
20251117,known_all,/processed1/20251117/L4/20251117_all_asteroids.fits,False,missing,,,0,,0,,,,1,0,0,,{},[],[]
20251117,known_matched,/processed1/20251117/L4/20251117_matched_asteroids.fits,False,missing,,,0,,0,,,,1,0,0,,{},[],[]
20251117,known_mask15,/processed1/20251117/L4/20251117_matched_asteroids_mask15.fits,False,missing,,,0,,0,,,,1,0,0,,{},[],[]
20251117,unknown_catalog,/processed1/20251117/L4/20251117_unknown_links.fits,False,missing,,,0,,0,,,,1,0,0,,{},[],[]
20251117,orbit_links,/home/admin/pipeline/xiaoyunao/data/heliolincrr/20251117/rr_links/orbit_confirm/orbit_links.fits,False,missing,,,0,,0,,,,1,0,0,,{},[],[]
20251117,orbit_obs_residuals,/home/admin/pipeline/xiaoyunao/data/heliolincrr/20251117/rr_links/orbit_confirm/orbit_obs_residuals.fits,False,missing,,,0,,0,,,,1,0,0,,{},[],[]
20251118,known_all,/processed1/20251118/L4/20251118_all_asteroids.fits,True,ok_with_missing_optional,,,16223040,2026-06-19T06:22:53.036355+00:00,1781850173036355195,eab2981d4c55fe84589c2a7915be41e64900cf5edf3e69ed4695915d1c0ff1b2,,,1,82741,82741,source_file,"{""asteroid_name"": ""name"", ""asteroid_number"": ""number"", ""epoch_mjd"": ""epoch"", ""pred_dec_deg"": ""dec"", ""pred_geocentric_distance_au"": null, ""pred_heliocentric_distance_au"": null, ""pred_phase_angle_deg"": null, ""pred_ra_deg"": ""ra"", ""pred_solar_elongation_deg"": null, ""pred_v_mag"": ""mag""}",[],"[""pred_heliocentric_distance_au"", ""pred_geocentric_distance_au"", ""pred_solar_elongation_deg"", ""pred_phase_angle_deg""]"
20251118,known_matched,/processed1/20251118/L4/20251118_matched_asteroids.fits,True,ok_with_missing_optional,,,4127040,2026-06-19T06:22:53.737342+00:00,1781850173737341802,02a137932b9017f5fa0d04eae5e0ad4d770fd2df01c68a9c2835a03762be7957,,,1,5297,5297,source_file,"{""asteroid_name"": ""name"", ""asteroid_number"": ""number"", ""epoch_mjd"": ""epoch"", ""flag"": ""Flag"", ""flag_iso_num"": ""Flag_ISO_Num"", ""flux_aper4"": ""Flux_Aper4"", ""fluxerr_aper4"": ""FluxErr_Aper4"", ""fwhm_px"": ""FWHM"", ""mag_aper4"": ""Mag_Aper4"", ""mag_aper8"": ""Mag_Aper8"", ""mag_kron"": ""Mag_Kron"", ""mag_psf"": ""Mag_PSF"", ""magerr_aper4"": ""MagErr_Aper4"", ""magerr_aper8"": ""MagErr_Aper8"", ""magerr_kron"": ""MagErr_Kron"", ""magerr_psf"": ""MagErr_PSF"", ""obj_id"": ""objID"", ""obs_dec_err_deg"": ""DECErr_Win"", ""obs_dec_psf_deg"": ""DEC_PSF"", ""obs_dec_win_deg"": ""DEC_Win"", ""obs_ra_err_deg"": ""RAErr_Win"", ""obs_ra_psf_deg"": ""RA_PSF"", ""obs_ra_win_deg"": ""RA_Win"", ""pred_dec_deg"": ""dec"", ""pred_geocentric_distance_au"": null, ""pred_heliocentric_distance_au"": null, ""pred_phase_angle_deg"": null, ""pred_ra_deg"": ""ra"", ""pred_solar_elongation_deg"": null, ""pred_v_mag"": ""mag"", ""x_win_px"": ""X_Win"", ""y_win_px"": ""Y_Win""}",[],"[""pred_heliocentric_distance_au"", ""pred_geocentric_distance_au"", ""pred_solar_elongation_deg"", ""pred_phase_angle_deg""]"
20251118,known_mask15,/processed1/20251118/L4/20251118_matched_asteroids_mask15.fits,True,ok_with_missing_optional,,,4366080,2026-06-19T06:22:54.442328+00:00,1781850174442328333,f2ab48fc3f80f28de83c5179cfe7c4a182e33aa278d567be69a619a2416ac2f3,,,1,5604,5604,source_file,"{""asteroid_name"": ""name"", ""asteroid_number"": ""number"", ""epoch_mjd"": ""epoch"", ""flag"": ""Flag"", ""flag_iso_num"": ""Flag_ISO_Num"", ""flux_aper4"": ""Flux_Aper4"", ""fluxerr_aper4"": ""FluxErr_Aper4"", ""fwhm_px"": ""FWHM"", ""mag_aper4"": ""Mag_Aper4"", ""mag_aper8"": ""Mag_Aper8"", ""mag_kron"": ""Mag_Kron"", ""mag_psf"": ""Mag_PSF"", ""magerr_aper4"": ""MagErr_Aper4"", ""magerr_aper8"": ""MagErr_Aper8"", ""magerr_kron"": ""MagErr_Kron"", ""magerr_psf"": ""MagErr_PSF"", ""obj_id"": ""objID"", ""obs_dec_err_deg"": ""DECErr_Win"", ""obs_dec_psf_deg"": ""DEC_PSF"", ""obs_dec_win_deg"": ""DEC_Win"", ""obs_ra_err_deg"": ""RAErr_Win"", ""obs_ra_psf_deg"": ""RA_PSF"", ""obs_ra_win_deg"": ""RA_Win"", ""pred_dec_deg"": ""dec"", ""pred_geocentric_distance_au"": null, ""pred_heliocentric_distance_au"": null, ""pred_phase_angle_deg"": null, ""pred_ra_deg"": ""ra"", ""pred_solar_elongation_deg"": null, ""pred_v_mag"": ""mag"", ""x_win_px"": ""X_Win"", ""y_win_px"": ""Y_Win""}",[],"[""pred_heliocentric_distance_au"", ""pred_geocentric_distance_au"", ""pred_solar_elongation_deg"", ""pred_phase_angle_deg""]"
20251118,unknown_catalog,/processed1/20251118/L4/20251118_unknown_links.fits,True,ok,,,40320,2026-06-19T19:49:58.342552+00:00,1781898598342552243,e3485ff46bea2f05eb191700ba8f492910696e68aacf6e7c25d3a51934508776,,,1,72,72,image_names,"{""a_au"": ""a_au"", ""argp_deg"": ""argp_deg"", ""best_v1_kms"": ""best_v1_kms"", ""decs_deg"": ""decs_deg"", ""ecc"": ""ecc"", ""exp_pairs"": ""exp_pairs"", ""fit_ok"": ""fit_ok"", ""groups"": ""groups"", ""image_names"": ""image_names"", ""inc_deg"": ""inc_deg"", ""is_good"": ""is_good"", ""lin_dir_deg"": ""lin_dir_deg"", ""lin_rms_arcsec"": ""lin_rms_arcsec"", ""lin_speed_arcsec_per_day"": ""lin_speed_arcsec_per_day"", ""linkage_id"": ""linkage_id"", ""max_arcsec"": ""max_arcsec"", ""med_arcsec"": ""med_arcsec"", ""mjds"": ""mjds"", ""n_obs"": ""n_obs"", ""n_tracklets"": ""n_tracklets"", ""nu_deg"": ""nu_deg"", ""objids"": ""objids"", ""raan_deg"": ""raan_deg"", ""ras_deg"": ""ras_deg"", ""rms_arcsec"": ""rms_arcsec"", ""tracklet_ids"": ""tracklet_ids"", ""trk_sub"": ""trk_sub""}",[],[]
20251118,orbit_links,/home/admin/pipeline/xiaoyunao/data/heliolincrr/20251118/rr_links/orbit_confirm/orbit_links.fits,True,ok,,,288000,2026-05-14T08:40:45.979464+00:00,1778748045979464355,fe4b0d1d026cbad53a0d8fa4cfe3d803dec4638198514de8fca69bdb3dd31f61,,,1,967,967,,"{""a_au"": ""a_au"", ""argp_deg"": ""argp_deg"", ""best_rejected_max_v_kms"": ""best_rejected_max_v_kms"", ""best_v1_kms"": ""best_v1_kms"", ""ecc"": ""ecc"", ""fail_counts"": ""fail_counts"", ""fail_reason"": ""fail_reason"", ""final_max_v_kms"": ""final_max_v_kms"", ""fit_ok"": ""fit_ok"", ""hypo_r_au"": ""hypo_r_au"", ""hypo_rdd_au_day2"": ""hypo_rdd_au_day2"", ""hypo_rdot_au_day"": ""hypo_rdot_au_day"", ""inc_deg"": ""inc_deg"", ""inlier_tracklets"": ""inlier_tracklets"", ""is_good"": ""is_good"", ""lin_dir_deg"": ""lin_dir_deg"", ""lin_rms_arcsec"": ""lin_rms_arcsec"", ""lin_speed_arcsec_per_day"": ""lin_speed_arcsec_per_day"", ""linkage_id"": ""linkage_id"", ""max_arcsec"": ""max_arcsec"", ""med_arcsec"": ""med_arcsec"", ""min_rejected_max_v_kms"": ""min_rejected_max_v_kms"", ""n_nights"": ""n_nights"", ""n_obs"": ""n_obs"", ""n_tracklets"": ""n_tracklets"", ""nu_deg"": ""nu_deg"", ""pred_dec_deg"": ""pred_dec_deg"", ""pred_ra_deg"": ""pred_ra_deg"", ""raan_deg"": ""raan_deg"", ""rejected_tracklets"": ""rejected_tracklets"", ""rms_arcsec"": ""rms_arcsec"", ""seed_max_v_kms"": ""seed_max_v_kms"", ""seed_tracklets"": ""seed_tracklets""}",[],[]
20251118,orbit_obs_residuals,/home/admin/pipeline/xiaoyunao/data/heliolincrr/20251118/rr_links/orbit_confirm/orbit_obs_residuals.fits,True,ok,,,290880,2026-05-14T08:40:45.991651+00:00,1778748045991650538,3b6171f34e422a32d46636d18f852abd57e99ba7f6123c6aa39f91bc7e5552cc,,,1,2910,2910,,"{""dec_deg"": ""dec_deg"", ""linkage_id"": ""linkage_id"", ""mjd"": ""mjd"", ""obs_key"": ""obs_key"", ""ra_deg"": ""ra_deg"", ""resid_arcsec"": ""resid_arcsec"", ""tracklet_id"": ""tracklet_id"", ""used"": ""used""}",[],[]
20251119,known_all,/processed1/20251119/L4/20251119_all_asteroids.fits,True,ok_with_missing_optional,,,29174400,2026-06-19T06:23:46.712330+00:00,1781850226712329682,2d8850622e6ea5f5baa021708e0e8f162750098cc9387c484bd7858ea90e9cfb,,,1,148809,148809,source_file,"{""asteroid_name"": ""name"", ""asteroid_number"": ""number"", ""epoch_mjd"": ""epoch"", ""pred_dec_deg"": ""dec"", ""pred_geocentric_distance_au"": null, ""pred_heliocentric_distance_au"": null, ""pred_phase_angle_deg"": null, ""pred_ra_deg"": ""ra"", ""pred_solar_elongation_deg"": null, ""pred_v_mag"": ""mag""}",[],"[""pred_heliocentric_distance_au"", ""pred_geocentric_distance_au"", ""pred_solar_elongation_deg"", ""pred_phase_angle_deg""]"
20251119,known_matched,/processed1/20251119/L4/20251119_matched_asteroids.fits,True,ok_with_missing_optional,,,6459840,2026-06-19T06:23:48.089303+00:00,1781850228089303374,006025825c25ff7c98c42170c9b6974ec2c62173b2f185728fc29ddc6c1de27e,,,1,8311,8311,source_file,"{""asteroid_name"": ""name"", ""asteroid_number"": ""number"", ""epoch_mjd"": ""epoch"", ""flag"": ""Flag"", ""flag_iso_num"": ""Flag_ISO_Num"", ""flux_aper4"": ""Flux_Aper4"", ""fluxerr_aper4"": ""FluxErr_Aper4"", ""fwhm_px"": ""FWHM"", ""mag_aper4"": ""Mag_Aper4"", ""mag_aper8"": ""Mag_Aper8"", ""mag_kron"": ""Mag_Kron"", ""mag_psf"": ""Mag_PSF"", ""magerr_aper4"": ""MagErr_Aper4"", ""magerr_aper8"": ""MagErr_Aper8"", ""magerr_kron"": ""MagErr_Kron"", ""magerr_psf"": ""MagErr_PSF"", ""obj_id"": ""objID"", ""obs_dec_err_deg"": ""DECErr_Win"", ""obs_dec_psf_deg"": ""DEC_PSF"", ""obs_dec_win_deg"": ""DEC_Win"", ""obs_ra_err_deg"": ""RAErr_Win"", ""obs_ra_psf_deg"": ""RA_PSF"", ""obs_ra_win_deg"": ""RA_Win"", ""pred_dec_deg"": ""dec"", ""pred_geocentric_distance_au"": null, ""pred_heliocentric_distance_au"": null, ""pred_phase_angle_deg"": null, ""pred_ra_deg"": ""ra"", ""pred_solar_elongation_deg"": null, ""pred_v_mag"": ""mag"", ""x_win_px"": ""X_Win"", ""y_win_px"": ""Y_Win""}",[],"[""pred_heliocentric_distance_au"", ""pred_geocentric_distance_au"", ""pred_solar_elongation_deg"", ""pred_phase_angle_deg""]"
20251119,known_mask15,/processed1/20251119/L4/20251119_matched_asteroids_mask15.fits,True,ok_with_missing_optional,,,6825600,2026-06-19T06:23:49.741272+00:00,1781850229741271812,c5d69ecb02d989dea5f3a2627eb3bece29bd0fa0e12855994b8acfae4fea58ee,,,1,8783,8783,source_file,"{""asteroid_name"": ""name"", ""asteroid_number"": ""number"", ""epoch_mjd"": ""epoch"", ""flag"": ""Flag"", ""flag_iso_num"": ""Flag_ISO_Num"", ""flux_aper4"": ""Flux_Aper4"", ""fluxerr_aper4"": ""FluxErr_Aper4"", ""fwhm_px"": ""FWHM"", ""mag_aper4"": ""Mag_Aper4"", ""mag_aper8"": ""Mag_Aper8"", ""mag_kron"": ""Mag_Kron"", ""mag_psf"": ""Mag_PSF"", ""magerr_aper4"": ""MagErr_Aper4"", ""magerr_aper8"": ""MagErr_Aper8"", ""magerr_kron"": ""MagErr_Kron"", ""magerr_psf"": ""MagErr_PSF"", ""obj_id"": ""objID"", ""obs_dec_err_deg"": ""DECErr_Win"", ""obs_dec_psf_deg"": ""DEC_PSF"", ""obs_dec_win_deg"": ""DEC_Win"", ""obs_ra_err_deg"": ""RAErr_Win"", ""obs_ra_psf_deg"": ""RA_PSF"", ""obs_ra_win_deg"": ""RA_Win"", ""pred_dec_deg"": ""dec"", ""pred_geocentric_distance_au"": null, ""pred_heliocentric_distance_au"": null, ""pred_phase_angle_deg"": null, ""pred_ra_deg"": ""ra"", ""pred_solar_elongation_deg"": null, ""pred_v_mag"": ""mag"", ""x_win_px"": ""X_Win"", ""y_win_px"": ""Y_Win""}",[],"[""pred_heliocentric_distance_au"", ""pred_geocentric_distance_au"", ""pred_solar_elongation_deg"", ""pred_phase_angle_deg""]"
20251119,unknown_catalog,/processed1/20251119/L4/20251119_unknown_links.fits,True,ok,,,37440,2026-06-19T20:07:37.394327+00:00,1781899657394327450,0b162ee82855cb4d28489621c520b4c4f8a00c544502f1560d0c515d34571061,,,1,64,64,image_names,"{""a_au"": ""a_au"", ""argp_deg"": ""argp_deg"", ""best_v1_kms"": ""best_v1_kms"", ""decs_deg"": ""decs_deg"", ""ecc"": ""ecc"", ""exp_pairs"": ""exp_pairs"", ""fit_ok"": ""fit_ok"", ""groups"": ""groups"", ""image_names"": ""image_names"", ""inc_deg"": ""inc_deg"", ""is_good"": ""is_good"", ""lin_dir_deg"": ""lin_dir_deg"", ""lin_rms_arcsec"": ""lin_rms_arcsec"", ""lin_speed_arcsec_per_day"": ""lin_speed_arcsec_per_day"", ""linkage_id"": ""linkage_id"", ""max_arcsec"": ""max_arcsec"", ""med_arcsec"": ""med_arcsec"", ""mjds"": ""mjds"", ""n_obs"": ""n_obs"", ""n_tracklets"": ""n_tracklets"", ""nu_deg"": ""nu_deg"", ""objids"": ""objids"", ""raan_deg"": ""raan_deg"", ""ras_deg"": ""ras_deg"", ""rms_arcsec"": ""rms_arcsec"", ""tracklet_ids"": ""tracklet_ids"", ""trk_sub"": ""trk_sub""}",[],[]
20251119,orbit_links,/home/admin/pipeline/xiaoyunao/data/heliolincrr/20251119/rr_links/orbit_confirm/orbit_links.fits,True,ok,,,443520,2026-05-14T09:18:39.860455+00:00,1778750319860455115,bf18930cc5eb85c0b5ff5917c41c0c4ef30e012b089d47421eb002629abdd2f7,,,1,1493,1493,,"{""a_au"": ""a_au"", ""argp_deg"": ""argp_deg"", ""best_rejected_max_v_kms"": ""best_rejected_max_v_kms"", ""best_v1_kms"": ""best_v1_kms"", ""ecc"": ""ecc"", ""fail_counts"": ""fail_counts"", ""fail_reason"": ""fail_reason"", ""final_max_v_kms"": ""final_max_v_kms"", ""fit_ok"": ""fit_ok"", ""hypo_r_au"": ""hypo_r_au"", ""hypo_rdd_au_day2"": ""hypo_rdd_au_day2"", ""hypo_rdot_au_day"": ""hypo_rdot_au_day"", ""inc_deg"": ""inc_deg"", ""inlier_tracklets"": ""inlier_tracklets"", ""is_good"": ""is_good"", ""lin_dir_deg"": ""lin_dir_deg"", ""lin_rms_arcsec"": ""lin_rms_arcsec"", ""lin_speed_arcsec_per_day"": ""lin_speed_arcsec_per_day"", ""linkage_id"": ""linkage_id"", ""max_arcsec"": ""max_arcsec"", ""med_arcsec"": ""med_arcsec"", ""min_rejected_max_v_kms"": ""min_rejected_max_v_kms"", ""n_nights"": ""n_nights"", ""n_obs"": ""n_obs"", ""n_tracklets"": ""n_tracklets"", ""nu_deg"": ""nu_deg"", ""pred_dec_deg"": ""pred_dec_deg"", ""pred_ra_deg"": ""pred_ra_deg"", ""raan_deg"": ""raan_deg"", ""rejected_tracklets"": ""rejected_tracklets"", ""rms_arcsec"": ""rms_arcsec"", ""seed_max_v_kms"": ""seed_max_v_kms"", ""seed_tracklets"": ""seed_tracklets""}",[],[]
20251119,orbit_obs_residuals,/home/admin/pipeline/xiaoyunao/data/heliolincrr/20251119/rr_links/orbit_confirm/orbit_obs_residuals.fits,True,ok,,,429120,2026-05-14T09:18:39.875102+00:00,1778750319875102012,0b4f4211b4c136639916a736c4c3a971892b718173bfeade548963274924e274,,,1,4456,4456,,"{""dec_deg"": ""dec_deg"", ""linkage_id"": ""linkage_id"", ""mjd"": ""mjd"", ""obs_key"": ""obs_key"", ""ra_deg"": ""ra_deg"", ""resid_arcsec"": ""resid_arcsec"", ""tracklet_id"": ""tracklet_id"", ""used"": ""used""}",[],[]
20251120,known_all,/processed1/20251120/L4/20251120_all_asteroids.fits,True,ok_with_missing_optional,,,19105920,2026-06-19T06:24:52.952064+00:00,1781850292952064130,7489811a0ae2ccbf01851ee5b8843109c3cf04cecb0ee0fa5d1be577b96c24d7,,,1,97437,97437,source_file,"{""asteroid_name"": ""name"", ""asteroid_number"": ""number"", ""epoch_mjd"": ""epoch"", ""pred_dec_deg"": ""dec"", ""pred_geocentric_distance_au"": null, ""pred_heliocentric_distance_au"": null, ""pred_phase_angle_deg"": null, ""pred_ra_deg"": ""ra"", ""pred_solar_elongation_deg"": null, ""pred_v_mag"": ""mag""}",[],"[""pred_heliocentric_distance_au"", ""pred_geocentric_distance_au"", ""pred_solar_elongation_deg"", ""pred_phase_angle_deg""]"
20251120,known_matched,/processed1/20251120/L4/20251120_matched_asteroids.fits,True,ok_with_missing_optional,,,5126400,2026-06-19T06:24:54.128042+00:00,1781850294128041662,b5bba15ae83077e1f4c5dd513b0ee8846523df7edb5e13fcbc640f1d6c58014a,,,1,6587,6587,source_file,"{""asteroid_name"": ""name"", ""asteroid_number"": ""number"", ""epoch_mjd"": ""epoch"", ""flag"": ""Flag"", ""flag_iso_num"": ""Flag_ISO_Num"", ""flux_aper4"": ""Flux_Aper4"", ""fluxerr_aper4"": ""FluxErr_Aper4"", ""fwhm_px"": ""FWHM"", ""mag_aper4"": ""Mag_Aper4"", ""mag_aper8"": ""Mag_Aper8"", ""mag_kron"": ""Mag_Kron"", ""mag_psf"": ""Mag_PSF"", ""magerr_aper4"": ""MagErr_Aper4"", ""magerr_aper8"": ""MagErr_Aper8"", ""magerr_kron"": ""MagErr_Kron"", ""magerr_psf"": ""MagErr_PSF"", ""obj_id"": ""objID"", ""obs_dec_err_deg"": ""DECErr_Win"", ""obs_dec_psf_deg"": ""DEC_PSF"", ""obs_dec_win_deg"": ""DEC_Win"", ""obs_ra_err_deg"": ""RAErr_Win"", ""obs_ra_psf_deg"": ""RA_PSF"", ""obs_ra_win_deg"": ""RA_Win"", ""pred_dec_deg"": ""dec"", ""pred_geocentric_distance_au"": null, ""pred_heliocentric_distance_au"": null, ""pred_phase_angle_deg"": null, ""pred_ra_deg"": ""ra"", ""pred_solar_elongation_deg"": null, ""pred_v_mag"": ""mag"", ""x_win_px"": ""X_Win"", ""y_win_px"": ""Y_Win""}",[],"[""pred_heliocentric_distance_au"", ""pred_geocentric_distance_au"", ""pred_solar_elongation_deg"", ""pred_phase_angle_deg""]"
20251120,known_mask15,/processed1/20251120/L4/20251120_matched_asteroids_mask15.fits,True,ok_with_missing_optional,,,5417280,2026-06-19T06:24:55.042024+00:00,1781850295042024200,c742e82e9430d63dfac592d62b71d9fa29ebac9d3edc69072acb414a9f464692,,,1,6962,6962,source_file,"{""asteroid_name"": ""name"", ""asteroid_number"": ""number"", ""epoch_mjd"": ""epoch"", ""flag"": ""Flag"", ""flag_iso_num"": ""Flag_ISO_Num"", ""flux_aper4"": ""Flux_Aper4"", ""fluxerr_aper4"": ""FluxErr_Aper4"", ""fwhm_px"": ""FWHM"", ""mag_aper4"": ""Mag_Aper4"", ""mag_aper8"": ""Mag_Aper8"", ""mag_kron"": ""Mag_Kron"", ""mag_psf"": ""Mag_PSF"", ""magerr_aper4"": ""MagErr_Aper4"", ""magerr_aper8"": ""MagErr_Aper8"", ""magerr_kron"": ""MagErr_Kron"", ""magerr_psf"": ""MagErr_PSF"", ""obj_id"": ""objID"", ""obs_dec_err_deg"": ""DECErr_Win"", ""obs_dec_psf_deg"": ""DEC_PSF"", ""obs_dec_win_deg"": ""DEC_Win"", ""obs_ra_err_deg"": ""RAErr_Win"", ""obs_ra_psf_deg"": ""RA_PSF"", ""obs_ra_win_deg"": ""RA_Win"", ""pred_dec_deg"": ""dec"", ""pred_geocentric_distance_au"": null, ""pred_heliocentric_distance_au"": null, ""pred_phase_angle_deg"": null, ""pred_ra_deg"": ""ra"", ""pred_solar_elongation_deg"": null, ""pred_v_mag"": ""mag"", ""x_win_px"": ""X_Win"", ""y_win_px"": ""Y_Win""}",[],"[""pred_heliocentric_distance_au"", ""pred_geocentric_distance_au"", ""pred_solar_elongation_deg"", ""pred_phase_angle_deg""]"
20251120,unknown_catalog,/processed1/20251120/L4/20251120_unknown_links.fits,True,ok,,,34560,2026-06-19T20:22:14.603580+00:00,1781900534603579930,2196754a367eba20ce936f72343818c7c37f8a63c9bad3317d423e0a5a51edda,,,1,63,63,image_names,"{""a_au"": ""a_au"", ""argp_deg"": ""argp_deg"", ""best_v1_kms"": ""best_v1_kms"", ""decs_deg"": ""decs_deg"", ""ecc"": ""ecc"", ""exp_pairs"": ""exp_pairs"", ""fit_ok"": ""fit_ok"", ""groups"": ""groups"", ""image_names"": ""image_names"", ""inc_deg"": ""inc_deg"", ""is_good"": ""is_good"", ""lin_dir_deg"": ""lin_dir_deg"", ""lin_rms_arcsec"": ""lin_rms_arcsec"", ""lin_speed_arcsec_per_day"": ""lin_speed_arcsec_per_day"", ""linkage_id"": ""linkage_id"", ""max_arcsec"": ""max_arcsec"", ""med_arcsec"": ""med_arcsec"", ""mjds"": ""mjds"", ""n_obs"": ""n_obs"", ""n_tracklets"": ""n_tracklets"", ""nu_deg"": ""nu_deg"", ""objids"": ""objids"", ""raan_deg"": ""raan_deg"", ""ras_deg"": ""ras_deg"", ""rms_arcsec"": ""rms_arcsec"", ""tracklet_ids"": ""tracklet_ids"", ""trk_sub"": ""trk_sub""}",[],[]
20251120,orbit_links,/home/admin/pipeline/xiaoyunao/data/heliolincrr/20251120/rr_links/orbit_confirm/orbit_links.fits,True,ok,,,334080,2026-05-14T09:36:18.837384+00:00,1778751378837384405,eced912b37fb2956f427984f1b9b848bd19a8313c20924ed21a688d530a95577,,,1,1120,1120,,"{""a_au"": ""a_au"", ""argp_deg"": ""argp_deg"", ""best_rejected_max_v_kms"": ""best_rejected_max_v_kms"", ""best_v1_kms"": ""best_v1_kms"", ""ecc"": ""ecc"", ""fail_counts"": ""fail_counts"", ""fail_reason"": ""fail_reason"", ""final_max_v_kms"": ""final_max_v_kms"", ""fit_ok"": ""fit_ok"", ""hypo_r_au"": ""hypo_r_au"", ""hypo_rdd_au_day2"": ""hypo_rdd_au_day2"", ""hypo_rdot_au_day"": ""hypo_rdot_au_day"", ""inc_deg"": ""inc_deg"", ""inlier_tracklets"": ""inlier_tracklets"", ""is_good"": ""is_good"", ""lin_dir_deg"": ""lin_dir_deg"", ""lin_rms_arcsec"": ""lin_rms_arcsec"", ""lin_speed_arcsec_per_day"": ""lin_speed_arcsec_per_day"", ""linkage_id"": ""linkage_id"", ""max_arcsec"": ""max_arcsec"", ""med_arcsec"": ""med_arcsec"", ""min_rejected_max_v_kms"": ""min_rejected_max_v_kms"", ""n_nights"": ""n_nights"", ""n_obs"": ""n_obs"", ""n_tracklets"": ""n_tracklets"", ""nu_deg"": ""nu_deg"", ""pred_dec_deg"": ""pred_dec_deg"", ""pred_ra_deg"": ""pred_ra_deg"", ""raan_deg"": ""raan_deg"", ""rejected_tracklets"": ""rejected_tracklets"", ""rms_arcsec"": ""rms_arcsec"", ""seed_max_v_kms"": ""seed_max_v_kms"", ""seed_tracklets"": ""seed_tracklets""}",[],[]
20251120,orbit_obs_residuals,/home/admin/pipeline/xiaoyunao/data/heliolincrr/20251120/rr_links/orbit_confirm/orbit_obs_residuals.fits,True,ok,,,322560,2026-05-14T09:36:18.850132+00:00,1778751378850131662,3e296b9ca528e1d741205a6c86bebdb1a9152d3fd278d97b92a5ce9c7c6e6b60,,,1,3299,3299,,"{""dec_deg"": ""dec_deg"", ""linkage_id"": ""linkage_id"", ""mjd"": ""mjd"", ""obs_key"": ""obs_key"", ""ra_deg"": ""ra_deg"", ""resid_arcsec"": ""resid_arcsec"", ""tracklet_id"": ""tracklet_id"", ""used"": ""used""}",[],[]
20251121,known_all,/processed1/20251121/L4/20251121_all_asteroids.fits,True,ok_with_missing_optional,,,30859200,2026-06-19T06:26:01.585753+00:00,1781850361585752841,1e112571d9fe518b1c50a32ffd7b4241ffb67be3428051ebff2ce40a332a22ff,,,1,157413,157413,source_file,"{""asteroid_name"": ""name"", ""asteroid_number"": ""number"", ""epoch_mjd"": ""epoch"", ""pred_dec_deg"": ""dec"", ""pred_geocentric_distance_au"": null, ""pred_heliocentric_distance_au"": null, ""pred_phase_angle_deg"": null, ""pred_ra_deg"": ""ra"", ""pred_solar_elongation_deg"": null, ""pred_v_mag"": ""mag""}",[],"[""pred_heliocentric_distance_au"", ""pred_geocentric_distance_au"", ""pred_solar_elongation_deg"", ""pred_phase_angle_deg""]"
20251121,known_matched,/processed1/20251121/L4/20251121_matched_asteroids.fits,True,ok_with_missing_optional,,,9895680,2026-06-19T06:26:02.724731+00:00,1781850362724731080,5243e3c435d625708361fd5c863d76f29e153ddb4d42cf92b9b597e3f0585be9,,,1,12749,12749,source_file,"{""asteroid_name"": ""name"", ""asteroid_number"": ""number"", ""epoch_mjd"": ""epoch"", ""flag"": ""Flag"", ""flag_iso_num"": ""Flag_ISO_Num"", ""flux_aper4"": ""Flux_Aper4"", ""fluxerr_aper4"": ""FluxErr_Aper4"", ""fwhm_px"": ""FWHM"", ""mag_aper4"": ""Mag_Aper4"", ""mag_aper8"": ""Mag_Aper8"", ""mag_kron"": ""Mag_Kron"", ""mag_psf"": ""Mag_PSF"", ""magerr_aper4"": ""MagErr_Aper4"", ""magerr_aper8"": ""MagErr_Aper8"", ""magerr_kron"": ""MagErr_Kron"", ""magerr_psf"": ""MagErr_PSF"", ""obj_id"": ""objID"", ""obs_dec_err_deg"": ""DECErr_Win"", ""obs_dec_psf_deg"": ""DEC_PSF"", ""obs_dec_win_deg"": ""DEC_Win"", ""obs_ra_err_deg"": ""RAErr_Win"", ""obs_ra_psf_deg"": ""RA_PSF"", ""obs_ra_win_deg"": ""RA_Win"", ""pred_dec_deg"": ""dec"", ""pred_geocentric_distance_au"": null, ""pred_heliocentric_distance_au"": null, ""pred_phase_angle_deg"": null, ""pred_ra_deg"": ""ra"", ""pred_solar_elongation_deg"": null, ""pred_v_mag"": ""mag"", ""x_win_px"": ""X_Win"", ""y_win_px"": ""Y_Win""}",[],"[""pred_heliocentric_distance_au"", ""pred_geocentric_distance_au"", ""pred_solar_elongation_deg"", ""pred_phase_angle_deg""]"
20251121,known_mask15,/processed1/20251121/L4/20251121_matched_asteroids_mask15.fits,True,ok_with_missing_optional,,,10347840,2026-06-19T06:26:03.842710+00:00,1781850363842709720,761cc1037343336a48dc5e5e301b9fad9f9a09f03d1a2d4cc533b90eb109f7cb,,,1,13333,13333,source_file,"{""asteroid_name"": ""name"", ""asteroid_number"": ""number"", ""epoch_mjd"": ""epoch"", ""flag"": ""Flag"", ""flag_iso_num"": ""Flag_ISO_Num"", ""flux_aper4"": ""Flux_Aper4"", ""fluxerr_aper4"": ""FluxErr_Aper4"", ""fwhm_px"": ""FWHM"", ""mag_aper4"": ""Mag_Aper4"", ""mag_aper8"": ""Mag_Aper8"", ""mag_kron"": ""Mag_Kron"", ""mag_psf"": ""Mag_PSF"", ""magerr_aper4"": ""MagErr_Aper4"", ""magerr_aper8"": ""MagErr_Aper8"", ""magerr_kron"": ""MagErr_Kron"", ""magerr_psf"": ""MagErr_PSF"", ""obj_id"": ""objID"", ""obs_dec_err_deg"": ""DECErr_Win"", ""obs_dec_psf_deg"": ""DEC_PSF"", ""obs_dec_win_deg"": ""DEC_Win"", ""obs_ra_err_deg"": ""RAErr_Win"", ""obs_ra_psf_deg"": ""RA_PSF"", ""obs_ra_win_deg"": ""RA_Win"", ""pred_dec_deg"": ""dec"", ""pred_geocentric_distance_au"": null, ""pred_heliocentric_distance_au"": null, ""pred_phase_angle_deg"": null, ""pred_ra_deg"": ""ra"", ""pred_solar_elongation_deg"": null, ""pred_v_mag"": ""mag"", ""x_win_px"": ""X_Win"", ""y_win_px"": ""Y_Win""}",[],"[""pred_heliocentric_distance_au"", ""pred_geocentric_distance_au"", ""pred_solar_elongation_deg"", ""pred_phase_angle_deg""]"
20251121,unknown_catalog,/processed1/20251121/L4/20251121_unknown_links.fits,True,ok,,,51840,2026-06-19T20:37:59.957527+00:00,1781901479957526773,c5bb83103210f3db9249fed8ae022cdeaac61b73b05f1194309ecd143cd41804,,,1,104,104,image_names,"{""a_au"": ""a_au"", ""argp_deg"": ""argp_deg"", ""best_v1_kms"": ""best_v1_kms"", ""decs_deg"": ""decs_deg"", ""ecc"": ""ecc"", ""exp_pairs"": ""exp_pairs"", ""fit_ok"": ""fit_ok"", ""groups"": ""groups"", ""image_names"": ""image_names"", ""inc_deg"": ""inc_deg"", ""is_good"": ""is_good"", ""lin_dir_deg"": ""lin_dir_deg"", ""lin_rms_arcsec"": ""lin_rms_arcsec"", ""lin_speed_arcsec_per_day"": ""lin_speed_arcsec_per_day"", ""linkage_id"": ""linkage_id"", ""max_arcsec"": ""max_arcsec"", ""med_arcsec"": ""med_arcsec"", ""mjds"": ""mjds"", ""n_obs"": ""n_obs"", ""n_tracklets"": ""n_tracklets"", ""nu_deg"": ""nu_deg"", ""objids"": ""objids"", ""raan_deg"": ""raan_deg"", ""ras_deg"": ""ras_deg"", ""rms_arcsec"": ""rms_arcsec"", ""tracklet_ids"": ""tracklet_ids"", ""trk_sub"": ""trk_sub""}",[],[]
20251121,orbit_links,/home/admin/pipeline/xiaoyunao/data/heliolincrr/20251121/rr_links/orbit_confirm/orbit_links.fits,True,ok,,,679680,2026-05-14T09:56:33.150991+00:00,1778752593150991559,a0e13f0d726403062770475e9f45a4fd546c3c1afd5bf101538ff412acc3b7dc,,,1,2042,2042,,"{""a_au"": ""a_au"", ""argp_deg"": ""argp_deg"", ""best_rejected_max_v_kms"": ""best_rejected_max_v_kms"", ""best_v1_kms"": ""best_v1_kms"", ""ecc"": ""ecc"", ""fail_counts"": ""fail_counts"", ""fail_reason"": ""fail_reason"", ""final_max_v_kms"": ""final_max_v_kms"", ""fit_ok"": ""fit_ok"", ""hypo_r_au"": ""hypo_r_au"", ""hypo_rdd_au_day2"": ""hypo_rdd_au_day2"", ""hypo_rdot_au_day"": ""hypo_rdot_au_day"", ""inc_deg"": ""inc_deg"", ""inlier_tracklets"": ""inlier_tracklets"", ""is_good"": ""is_good"", ""lin_dir_deg"": ""lin_dir_deg"", ""lin_rms_arcsec"": ""lin_rms_arcsec"", ""lin_speed_arcsec_per_day"": ""lin_speed_arcsec_per_day"", ""linkage_id"": ""linkage_id"", ""max_arcsec"": ""max_arcsec"", ""med_arcsec"": ""med_arcsec"", ""min_rejected_max_v_kms"": ""min_rejected_max_v_kms"", ""n_nights"": ""n_nights"", ""n_obs"": ""n_obs"", ""n_tracklets"": ""n_tracklets"", ""nu_deg"": ""nu_deg"", ""pred_dec_deg"": ""pred_dec_deg"", ""pred_ra_deg"": ""pred_ra_deg"", ""raan_deg"": ""raan_deg"", ""rejected_tracklets"": ""rejected_tracklets"", ""rms_arcsec"": ""rms_arcsec"", ""seed_max_v_kms"": ""seed_max_v_kms"", ""seed_tracklets"": ""seed_tracklets""}",[],[]
20251121,orbit_obs_residuals,/home/admin/pipeline/xiaoyunao/data/heliolincrr/20251121/rr_links/orbit_confirm/orbit_obs_residuals.fits,True,ok,,,599040,2026-05-14T09:56:33.167181+00:00,1778752593167181246,16d3c407541602e7170f9f54fd7eda2ba5ae22571c9dcf8f73be06fe1a410b03,,,1,6164,6164,,"{""dec_deg"": ""dec_deg"", ""linkage_id"": ""linkage_id"", ""mjd"": ""mjd"", ""obs_key"": ""obs_key"", ""ra_deg"": ""ra_deg"", ""resid_arcsec"": ""resid_arcsec"", ""tracklet_id"": ""tracklet_id"", ""used"": ""used""}",[],[]
20251122,known_all,/processed1/20251122/L4/20251122_all_asteroids.fits,True,ok_with_missing_optional,,,10154880,2026-06-19T06:26:47.804870+00:00,1781850407804869795,5a4886881cae78325e6209827a0d2a6ccc87776e7721e9edcdbb7111bfcaed7e,,,1,51778,51778,source_file,"{""asteroid_name"": ""name"", ""asteroid_number"": ""number"", ""epoch_mjd"": ""epoch"", ""pred_dec_deg"": ""dec"", ""pred_geocentric_distance_au"": null, ""pred_heliocentric_distance_au"": null, ""pred_phase_angle_deg"": null, ""pred_ra_deg"": ""ra"", ""pred_solar_elongation_deg"": null, ""pred_v_mag"": ""mag""}",[],"[""pred_heliocentric_distance_au"", ""pred_geocentric_distance_au"", ""pred_solar_elongation_deg"", ""pred_phase_angle_deg""]"
20251122,known_matched,/processed1/20251122/L4/20251122_matched_asteroids.fits,True,ok_with_missing_optional,,,878400,2026-06-19T06:26:48.793851+00:00,1781850408793850900,697e0d59b21c85ad8eaa681542d0acaa2835f5dafb1615b145707c5447df3e2f,,,1,1100,1100,source_file,"{""asteroid_name"": ""name"", ""asteroid_number"": ""number"", ""epoch_mjd"": ""epoch"", ""flag"": ""Flag"", ""flag_iso_num"": ""Flag_ISO_Num"", ""flux_aper4"": ""Flux_Aper4"", ""fluxerr_aper4"": ""FluxErr_Aper4"", ""fwhm_px"": ""FWHM"", ""mag_aper4"": ""Mag_Aper4"", ""mag_aper8"": ""Mag_Aper8"", ""mag_kron"": ""Mag_Kron"", ""mag_psf"": ""Mag_PSF"", ""magerr_aper4"": ""MagErr_Aper4"", ""magerr_aper8"": ""MagErr_Aper8"", ""magerr_kron"": ""MagErr_Kron"", ""magerr_psf"": ""MagErr_PSF"", ""obj_id"": ""objID"", ""obs_dec_err_deg"": ""DECErr_Win"", ""obs_dec_psf_deg"": ""DEC_PSF"", ""obs_dec_win_deg"": ""DEC_Win"", ""obs_ra_err_deg"": ""RAErr_Win"", ""obs_ra_psf_deg"": ""RA_PSF"", ""obs_ra_win_deg"": ""RA_Win"", ""pred_dec_deg"": ""dec"", ""pred_geocentric_distance_au"": null, ""pred_heliocentric_distance_au"": null, ""pred_phase_angle_deg"": null, ""pred_ra_deg"": ""ra"", ""pred_solar_elongation_deg"": null, ""pred_v_mag"": ""mag"", ""x_win_px"": ""X_Win"", ""y_win_px"": ""Y_Win""}",[],"[""pred_heliocentric_distance_au"", ""pred_geocentric_distance_au"", ""pred_solar_elongation_deg"", ""pred_phase_angle_deg""]"
20251122,known_mask15,/processed1/20251122/L4/20251122_matched_asteroids_mask15.fits,True,ok_with_missing_optional,,,953280,2026-06-19T06:26:49.823831+00:00,1781850409823831222,4b816e7453c46041c7d3d8083f19b37dfcd22f0df7bbdfc9e84bfcd173667537,,,1,1195,1195,source_file,"{""asteroid_name"": ""name"", ""asteroid_number"": ""number"", ""epoch_mjd"": ""epoch"", ""flag"": ""Flag"", ""flag_iso_num"": ""Flag_ISO_Num"", ""flux_aper4"": ""Flux_Aper4"", ""fluxerr_aper4"": ""FluxErr_Aper4"", ""fwhm_px"": ""FWHM"", ""mag_aper4"": ""Mag_Aper4"", ""mag_aper8"": ""Mag_Aper8"", ""mag_kron"": ""Mag_Kron"", ""mag_psf"": ""Mag_PSF"", ""magerr_aper4"": ""MagErr_Aper4"", ""magerr_aper8"": ""MagErr_Aper8"", ""magerr_kron"": ""MagErr_Kron"", ""magerr_psf"": ""MagErr_PSF"", ""obj_id"": ""objID"", ""obs_dec_err_deg"": ""DECErr_Win"", ""obs_dec_psf_deg"": ""DEC_PSF"", ""obs_dec_win_deg"": ""DEC_Win"", ""obs_ra_err_deg"": ""RAErr_Win"", ""obs_ra_psf_deg"": ""RA_PSF"", ""obs_ra_win_deg"": ""RA_Win"", ""pred_dec_deg"": ""dec"", ""pred_geocentric_distance_au"": null, ""pred_heliocentric_distance_au"": null, ""pred_phase_angle_deg"": null, ""pred_ra_deg"": ""ra"", ""pred_solar_elongation_deg"": null, ""pred_v_mag"": ""mag"", ""x_win_px"": ""X_Win"", ""y_win_px"": ""Y_Win""}",[],"[""pred_heliocentric_distance_au"", ""pred_geocentric_distance_au"", ""pred_solar_elongation_deg"", ""pred_phase_angle_deg""]"
20251122,unknown_catalog,/processed1/20251122/L4/20251122_unknown_links.fits,True,ok,,,14400,2026-06-19T21:02:12.754825+00:00,1781902932754825375,5b3d8e298d3adf6a3c5d977389cbdd002f10b075591c3cccf47f0c04f73d8bd7,,,1,11,11,image_names,"{""a_au"": ""a_au"", ""argp_deg"": ""argp_deg"", ""best_v1_kms"": ""best_v1_kms"", ""decs_deg"": ""decs_deg"", ""ecc"": ""ecc"", ""exp_pairs"": ""exp_pairs"", ""fit_ok"": ""fit_ok"", ""groups"": ""groups"", ""image_names"": ""image_names"", ""inc_deg"": ""inc_deg"", ""is_good"": ""is_good"", ""lin_dir_deg"": ""lin_dir_deg"", ""lin_rms_arcsec"": ""lin_rms_arcsec"", ""lin_speed_arcsec_per_day"": ""lin_speed_arcsec_per_day"", ""linkage_id"": ""linkage_id"", ""max_arcsec"": ""max_arcsec"", ""med_arcsec"": ""med_arcsec"", ""mjds"": ""mjds"", ""n_obs"": ""n_obs"", ""n_tracklets"": ""n_tracklets"", ""nu_deg"": ""nu_deg"", ""objids"": ""objids"", ""raan_deg"": ""raan_deg"", ""ras_deg"": ""ras_deg"", ""rms_arcsec"": ""rms_arcsec"", ""tracklet_ids"": ""tracklet_ids"", ""trk_sub"": ""trk_sub""}",[],[]
20251122,orbit_links,/home/admin/pipeline/xiaoyunao/data/heliolincrr/20251122/rr_links/orbit_confirm/orbit_links.fits,True,ok,,,69120,2026-05-14T10:24:23.023653+00:00,1778754263023653131,6ebb836bf49e37826d86310e8cb0067caf2a9bb071452164f2ed72f2e761fe79,,,1,181,181,,"{""a_au"": ""a_au"", ""argp_deg"": ""argp_deg"", ""best_rejected_max_v_kms"": ""best_rejected_max_v_kms"", ""best_v1_kms"": ""best_v1_kms"", ""ecc"": ""ecc"", ""fail_counts"": ""fail_counts"", ""fail_reason"": ""fail_reason"", ""final_max_v_kms"": ""final_max_v_kms"", ""fit_ok"": ""fit_ok"", ""hypo_r_au"": ""hypo_r_au"", ""hypo_rdd_au_day2"": ""hypo_rdd_au_day2"", ""hypo_rdot_au_day"": ""hypo_rdot_au_day"", ""inc_deg"": ""inc_deg"", ""inlier_tracklets"": ""inlier_tracklets"", ""is_good"": ""is_good"", ""lin_dir_deg"": ""lin_dir_deg"", ""lin_rms_arcsec"": ""lin_rms_arcsec"", ""lin_speed_arcsec_per_day"": ""lin_speed_arcsec_per_day"", ""linkage_id"": ""linkage_id"", ""max_arcsec"": ""max_arcsec"", ""med_arcsec"": ""med_arcsec"", ""min_rejected_max_v_kms"": ""min_rejected_max_v_kms"", ""n_nights"": ""n_nights"", ""n_obs"": ""n_obs"", ""n_tracklets"": ""n_tracklets"", ""nu_deg"": ""nu_deg"", ""pred_dec_deg"": ""pred_dec_deg"", ""pred_ra_deg"": ""pred_ra_deg"", ""raan_deg"": ""raan_deg"", ""rejected_tracklets"": ""rejected_tracklets"", ""rms_arcsec"": ""rms_arcsec"", ""seed_max_v_kms"": ""seed_max_v_kms"", ""seed_tracklets"": ""seed_tracklets""}",[],[]
20251122,orbit_obs_residuals,/home/admin/pipeline/xiaoyunao/data/heliolincrr/20251122/rr_links/orbit_confirm/orbit_obs_residuals.fits,True,ok,,,51840,2026-05-14T10:24:23.031653+00:00,1778754263031653454,b011c06e3634c06df0391b17162092ed74bba060c1decd7aea123eec9577c084,,,1,482,482,,"{""dec_deg"": ""dec_deg"", ""linkage_id"": ""linkage_id"", ""mjd"": ""mjd"", ""obs_key"": ""obs_key"", ""ra_deg"": ""ra_deg"", ""resid_arcsec"": ""resid_arcsec"", ""tracklet_id"": ""tracklet_id"", ""used"": ""used""}",[],[]
20251123,known_all,/processed1/20251123/L4/20251123_all_asteroids.fits,True,ok_with_missing_optional,,,7865280,2026-06-19T06:27:08.463475+00:00,1781850428463475100,dc8cdaf1e1670810317c463f1f3e7e4408c3e765daf3b06a1ef06c7fc5c19ef9,,,1,40088,40088,source_file,"{""asteroid_name"": ""name"", ""asteroid_number"": ""number"", ""epoch_mjd"": ""epoch"", ""pred_dec_deg"": ""dec"", ""pred_geocentric_distance_au"": null, ""pred_heliocentric_distance_au"": null, ""pred_phase_angle_deg"": null, ""pred_ra_deg"": ""ra"", ""pred_solar_elongation_deg"": null, ""pred_v_mag"": ""mag""}",[],"[""pred_heliocentric_distance_au"", ""pred_geocentric_distance_au"", ""pred_solar_elongation_deg"", ""pred_phase_angle_deg""]"
20251123,known_matched,/processed1/20251123/L4/20251123_matched_asteroids.fits,True,ok_with_missing_optional,,,1440000,2026-06-19T06:27:08.875467+00:00,1781850428875467228,7582cbb811d3afbe242c17a03a35bd21d49dbde915788b318c65f62dbecb9b0f,,,1,1825,1825,source_file,"{""asteroid_name"": ""name"", ""asteroid_number"": ""number"", ""epoch_mjd"": ""epoch"", ""flag"": ""Flag"", ""flag_iso_num"": ""Flag_ISO_Num"", ""flux_aper4"": ""Flux_Aper4"", ""fluxerr_aper4"": ""FluxErr_Aper4"", ""fwhm_px"": ""FWHM"", ""mag_aper4"": ""Mag_Aper4"", ""mag_aper8"": ""Mag_Aper8"", ""mag_kron"": ""Mag_Kron"", ""mag_psf"": ""Mag_PSF"", ""magerr_aper4"": ""MagErr_Aper4"", ""magerr_aper8"": ""MagErr_Aper8"", ""magerr_kron"": ""MagErr_Kron"", ""magerr_psf"": ""MagErr_PSF"", ""obj_id"": ""objID"", ""obs_dec_err_deg"": ""DECErr_Win"", ""obs_dec_psf_deg"": ""DEC_PSF"", ""obs_dec_win_deg"": ""DEC_Win"", ""obs_ra_err_deg"": ""RAErr_Win"", ""obs_ra_psf_deg"": ""RA_PSF"", ""obs_ra_win_deg"": ""RA_Win"", ""pred_dec_deg"": ""dec"", ""pred_geocentric_distance_au"": null, ""pred_heliocentric_distance_au"": null, ""pred_phase_angle_deg"": null, ""pred_ra_deg"": ""ra"", ""pred_solar_elongation_deg"": null, ""pred_v_mag"": ""mag"", ""x_win_px"": ""X_Win"", ""y_win_px"": ""Y_Win""}",[],"[""pred_heliocentric_distance_au"", ""pred_geocentric_distance_au"", ""pred_solar_elongation_deg"", ""pred_phase_angle_deg""]"
20251123,known_mask15,/processed1/20251123/L4/20251123_matched_asteroids_mask15.fits,True,ok_with_missing_optional,,,1480320,2026-06-19T06:27:09.280459+00:00,1781850429280459491,8bb38046422c994cf69cfd6f89a2f1d4213ec15d72dc53e31684a5a4165ef57b,,,1,1879,1879,source_file,"{""asteroid_name"": ""name"", ""asteroid_number"": ""number"", ""epoch_mjd"": ""epoch"", ""flag"": ""Flag"", ""flag_iso_num"": ""Flag_ISO_Num"", ""flux_aper4"": ""Flux_Aper4"", ""fluxerr_aper4"": ""FluxErr_Aper4"", ""fwhm_px"": ""FWHM"", ""mag_aper4"": ""Mag_Aper4"", ""mag_aper8"": ""Mag_Aper8"", ""mag_kron"": ""Mag_Kron"", ""mag_psf"": ""Mag_PSF"", ""magerr_aper4"": ""MagErr_Aper4"", ""magerr_aper8"": ""MagErr_Aper8"", ""magerr_kron"": ""MagErr_Kron"", ""magerr_psf"": ""MagErr_PSF"", ""obj_id"": ""objID"", ""obs_dec_err_deg"": ""DECErr_Win"", ""obs_dec_psf_deg"": ""DEC_PSF"", ""obs_dec_win_deg"": ""DEC_Win"", ""obs_ra_err_deg"": ""RAErr_Win"", ""obs_ra_psf_deg"": ""RA_PSF"", ""obs_ra_win_deg"": ""RA_Win"", ""pred_dec_deg"": ""dec"", ""pred_geocentric_distance_au"": null, ""pred_heliocentric_distance_au"": null, ""pred_phase_angle_deg"": null, ""pred_ra_deg"": ""ra"", ""pred_solar_elongation_deg"": null, ""pred_v_mag"": ""mag"", ""x_win_px"": ""X_Win"", ""y_win_px"": ""Y_Win""}",[],"[""pred_heliocentric_distance_au"", ""pred_geocentric_distance_au"", ""pred_solar_elongation_deg"", ""pred_phase_angle_deg""]"
20251123,unknown_catalog,/processed1/20251123/L4/20251123_unknown_links.fits,True,ok,,,34560,2026-06-19T21:05:10.132440+00:00,1781903110132440154,339c0374aa327995b1bf7c72e4fbffc0905790e1897cd19ec0f75c0560b13030,,,1,63,63,image_names,"{""a_au"": ""a_au"", ""argp_deg"": ""argp_deg"", ""best_v1_kms"": ""best_v1_kms"", ""decs_deg"": ""decs_deg"", ""ecc"": ""ecc"", ""exp_pairs"": ""exp_pairs"", ""fit_ok"": ""fit_ok"", ""groups"": ""groups"", ""image_names"": ""image_names"", ""inc_deg"": ""inc_deg"", ""is_good"": ""is_good"", ""lin_dir_deg"": ""lin_dir_deg"", ""lin_rms_arcsec"": ""lin_rms_arcsec"", ""lin_speed_arcsec_per_day"": ""lin_speed_arcsec_per_day"", ""linkage_id"": ""linkage_id"", ""max_arcsec"": ""max_arcsec"", ""med_arcsec"": ""med_arcsec"", ""mjds"": ""mjds"", ""n_obs"": ""n_obs"", ""n_tracklets"": ""n_tracklets"", ""nu_deg"": ""nu_deg"", ""objids"": ""objids"", ""raan_deg"": ""raan_deg"", ""ras_deg"": ""ras_deg"", ""rms_arcsec"": ""rms_arcsec"", ""tracklet_ids"": ""tracklet_ids"", ""trk_sub"": ""trk_sub""}",[],[]
20251123,orbit_links,/home/admin/pipeline/xiaoyunao/data/heliolincrr/20251123/rr_links/orbit_confirm/orbit_links.fits,True,ok,,,109440,2026-05-14T10:27:54.142253+00:00,1778754474142253479,d85e61b04d619d9d18d99814bb476c69c2aff85f0a43de9622c1bca5f1c66180,,,1,365,365,,"{""a_au"": ""a_au"", ""argp_deg"": ""argp_deg"", ""best_rejected_max_v_kms"": ""best_rejected_max_v_kms"", ""best_v1_kms"": ""best_v1_kms"", ""ecc"": ""ecc"", ""fail_counts"": ""fail_counts"", ""fail_reason"": ""fail_reason"", ""final_max_v_kms"": ""final_max_v_kms"", ""fit_ok"": ""fit_ok"", ""hypo_r_au"": ""hypo_r_au"", ""hypo_rdd_au_day2"": ""hypo_rdd_au_day2"", ""hypo_rdot_au_day"": ""hypo_rdot_au_day"", ""inc_deg"": ""inc_deg"", ""inlier_tracklets"": ""inlier_tracklets"", ""is_good"": ""is_good"", ""lin_dir_deg"": ""lin_dir_deg"", ""lin_rms_arcsec"": ""lin_rms_arcsec"", ""lin_speed_arcsec_per_day"": ""lin_speed_arcsec_per_day"", ""linkage_id"": ""linkage_id"", ""max_arcsec"": ""max_arcsec"", ""med_arcsec"": ""med_arcsec"", ""min_rejected_max_v_kms"": ""min_rejected_max_v_kms"", ""n_nights"": ""n_nights"", ""n_obs"": ""n_obs"", ""n_tracklets"": ""n_tracklets"", ""nu_deg"": ""nu_deg"", ""pred_dec_deg"": ""pred_dec_deg"", ""pred_ra_deg"": ""pred_ra_deg"", ""raan_deg"": ""raan_deg"", ""rejected_tracklets"": ""rejected_tracklets"", ""rms_arcsec"": ""rms_arcsec"", ""seed_max_v_kms"": ""seed_max_v_kms"", ""seed_tracklets"": ""seed_tracklets""}",[],[]
20251123,orbit_obs_residuals,/home/admin/pipeline/xiaoyunao/data/heliolincrr/20251123/rr_links/orbit_confirm/orbit_obs_residuals.fits,True,ok,,,112320,2026-05-14T10:27:54.152874+00:00,1778754474152874173,6c807740d8e51408178f124ec589e68ea07d83f461259f468169a2c0ea3ee40b,,,1,1096,1096,,"{""dec_deg"": ""dec_deg"", ""linkage_id"": ""linkage_id"", ""mjd"": ""mjd"", ""obs_key"": ""obs_key"", ""ra_deg"": ""ra_deg"", ""resid_arcsec"": ""resid_arcsec"", ""tracklet_id"": ""tracklet_id"", ""used"": ""used""}",[],[]
20251124,known_all,/processed1/20251124/L4/20251124_all_asteroids.fits,True,ok_with_missing_optional,,,8752320,2026-06-19T06:27:51.343656+00:00,1781850471343655847,ccb35d66fac150cf5cccaf9ed21b3e95b485fd904abdd3ea0531a49b99719a7e,,,1,44622,44622,source_file,"{""asteroid_name"": ""name"", ""asteroid_number"": ""number"", ""epoch_mjd"": ""epoch"", ""pred_dec_deg"": ""dec"", ""pred_geocentric_distance_au"": null, ""pred_heliocentric_distance_au"": null, ""pred_phase_angle_deg"": null, ""pred_ra_deg"": ""ra"", ""pred_solar_elongation_deg"": null, ""pred_v_mag"": ""mag""}",[],"[""pred_heliocentric_distance_au"", ""pred_geocentric_distance_au"", ""pred_solar_elongation_deg"", ""pred_phase_angle_deg""]"
20251124,known_matched,/processed1/20251124/L4/20251124_matched_asteroids.fits,True,ok_with_missing_optional,,,806400,2026-06-19T06:27:51.706649+00:00,1781850471706648912,11cbc26c90779bdccaaa66f7e460c840f96dc86fc87cc20f0f7436bc0a161d0a,,,1,1008,1008,source_file,"{""asteroid_name"": ""name"", ""asteroid_number"": ""number"", ""epoch_mjd"": ""epoch"", ""flag"": ""Flag"", ""flag_iso_num"": ""Flag_ISO_Num"", ""flux_aper4"": ""Flux_Aper4"", ""fluxerr_aper4"": ""FluxErr_Aper4"", ""fwhm_px"": ""FWHM"", ""mag_aper4"": ""Mag_Aper4"", ""mag_aper8"": ""Mag_Aper8"", ""mag_kron"": ""Mag_Kron"", ""mag_psf"": ""Mag_PSF"", ""magerr_aper4"": ""MagErr_Aper4"", ""magerr_aper8"": ""MagErr_Aper8"", ""magerr_kron"": ""MagErr_Kron"", ""magerr_psf"": ""MagErr_PSF"", ""obj_id"": ""objID"", ""obs_dec_err_deg"": ""DECErr_Win"", ""obs_dec_psf_deg"": ""DEC_PSF"", ""obs_dec_win_deg"": ""DEC_Win"", ""obs_ra_err_deg"": ""RAErr_Win"", ""obs_ra_psf_deg"": ""RA_PSF"", ""obs_ra_win_deg"": ""RA_Win"", ""pred_dec_deg"": ""dec"", ""pred_geocentric_distance_au"": null, ""pred_heliocentric_distance_au"": null, ""pred_phase_angle_deg"": null, ""pred_ra_deg"": ""ra"", ""pred_solar_elongation_deg"": null, ""pred_v_mag"": ""mag"", ""x_win_px"": ""X_Win"", ""y_win_px"": ""Y_Win""}",[],"[""pred_heliocentric_distance_au"", ""pred_geocentric_distance_au"", ""pred_solar_elongation_deg"", ""pred_phase_angle_deg""]"
20251124,known_mask15,/processed1/20251124/L4/20251124_matched_asteroids_mask15.fits,True,ok_with_missing_optional,,,901440,2026-06-19T06:27:52.177640+00:00,1781850472177639913,a98a9db5f125b6cb4d70433bb050011d7b23a3376e7660c8b5fc81e025f6bf72,,,1,1128,1128,source_file,"{""asteroid_name"": ""name"", ""asteroid_number"": ""number"", ""epoch_mjd"": ""epoch"", ""flag"": ""Flag"", ""flag_iso_num"": ""Flag_ISO_Num"", ""flux_aper4"": ""Flux_Aper4"", ""fluxerr_aper4"": ""FluxErr_Aper4"", ""fwhm_px"": ""FWHM"", ""mag_aper4"": ""Mag_Aper4"", ""mag_aper8"": ""Mag_Aper8"", ""mag_kron"": ""Mag_Kron"", ""mag_psf"": ""Mag_PSF"", ""magerr_aper4"": ""MagErr_Aper4"", ""magerr_aper8"": ""MagErr_Aper8"", ""magerr_kron"": ""MagErr_Kron"", ""magerr_psf"": ""MagErr_PSF"", ""obj_id"": ""objID"", ""obs_dec_err_deg"": ""DECErr_Win"", ""obs_dec_psf_deg"": ""DEC_PSF"", ""obs_dec_win_deg"": ""DEC_Win"", ""obs_ra_err_deg"": ""RAErr_Win"", ""obs_ra_psf_deg"": ""RA_PSF"", ""obs_ra_win_deg"": ""RA_Win"", ""pred_dec_deg"": ""dec"", ""pred_geocentric_distance_au"": null, ""pred_heliocentric_distance_au"": null, ""pred_phase_angle_deg"": null, ""pred_ra_deg"": ""ra"", ""pred_solar_elongation_deg"": null, ""pred_v_mag"": ""mag"", ""x_win_px"": ""X_Win"", ""y_win_px"": ""Y_Win""}",[],"[""pred_heliocentric_distance_au"", ""pred_geocentric_distance_au"", ""pred_solar_elongation_deg"", ""pred_phase_angle_deg""]"
20251124,unknown_catalog,/processed1/20251124/L4/20251124_unknown_links.fits,True,ok,,,14400,2026-06-19T21:19:45.007746+00:00,1781903985007745803,07f7af3a9244b98069135d153288940b8e5a080e45546fcbcd9c835051baf8ef,,,1,14,14,image_names,"{""a_au"": ""a_au"", ""argp_deg"": ""argp_deg"", ""best_v1_kms"": ""best_v1_kms"", ""decs_deg"": ""decs_deg"", ""ecc"": ""ecc"", ""exp_pairs"": ""exp_pairs"", ""fit_ok"": ""fit_ok"", ""groups"": ""groups"", ""image_names"": ""image_names"", ""inc_deg"": ""inc_deg"", ""is_good"": ""is_good"", ""lin_dir_deg"": ""lin_dir_deg"", ""lin_rms_arcsec"": ""lin_rms_arcsec"", ""lin_speed_arcsec_per_day"": ""lin_speed_arcsec_per_day"", ""linkage_id"": ""linkage_id"", ""max_arcsec"": ""max_arcsec"", ""med_arcsec"": ""med_arcsec"", ""mjds"": ""mjds"", ""n_obs"": ""n_obs"", ""n_tracklets"": ""n_tracklets"", ""nu_deg"": ""nu_deg"", ""objids"": ""objids"", ""raan_deg"": ""raan_deg"", ""ras_deg"": ""ras_deg"", ""rms_arcsec"": ""rms_arcsec"", ""tracklet_ids"": ""tracklet_ids"", ""trk_sub"": ""trk_sub""}",[],[]
20251124,orbit_links,/home/admin/pipeline/xiaoyunao/data/heliolincrr/20251124/rr_links/orbit_confirm/orbit_links.fits,True,ok,,,48960,2026-05-14T10:42:44.625956+00:00,1778755364625956278,aa0968d672f9a99cc2189760af13e1efe6eb651a59fa021dc34b65dd4f5b6993,,,1,133,133,,"{""a_au"": ""a_au"", ""argp_deg"": ""argp_deg"", ""best_rejected_max_v_kms"": ""best_rejected_max_v_kms"", ""best_v1_kms"": ""best_v1_kms"", ""ecc"": ""ecc"", ""fail_counts"": ""fail_counts"", ""fail_reason"": ""fail_reason"", ""final_max_v_kms"": ""final_max_v_kms"", ""fit_ok"": ""fit_ok"", ""hypo_r_au"": ""hypo_r_au"", ""hypo_rdd_au_day2"": ""hypo_rdd_au_day2"", ""hypo_rdot_au_day"": ""hypo_rdot_au_day"", ""inc_deg"": ""inc_deg"", ""inlier_tracklets"": ""inlier_tracklets"", ""is_good"": ""is_good"", ""lin_dir_deg"": ""lin_dir_deg"", ""lin_rms_arcsec"": ""lin_rms_arcsec"", ""lin_speed_arcsec_per_day"": ""lin_speed_arcsec_per_day"", ""linkage_id"": ""linkage_id"", ""max_arcsec"": ""max_arcsec"", ""med_arcsec"": ""med_arcsec"", ""min_rejected_max_v_kms"": ""min_rejected_max_v_kms"", ""n_nights"": ""n_nights"", ""n_obs"": ""n_obs"", ""n_tracklets"": ""n_tracklets"", ""nu_deg"": ""nu_deg"", ""pred_dec_deg"": ""pred_dec_deg"", ""pred_ra_deg"": ""pred_ra_deg"", ""raan_deg"": ""raan_deg"", ""rejected_tracklets"": ""rejected_tracklets"", ""rms_arcsec"": ""rms_arcsec"", ""seed_max_v_kms"": ""seed_max_v_kms"", ""seed_tracklets"": ""seed_tracklets""}",[],[]
20251124,orbit_obs_residuals,/home/admin/pipeline/xiaoyunao/data/heliolincrr/20251124/rr_links/orbit_confirm/orbit_obs_residuals.fits,True,ok,,,46080,2026-05-14T10:42:44.633129+00:00,1778755364633128976,49f5ee85f5c4cf406338807fea70a6361f7e8e15eaffaa8f6b7c0a000f12aebb,,,1,396,396,,"{""dec_deg"": ""dec_deg"", ""linkage_id"": ""linkage_id"", ""mjd"": ""mjd"", ""obs_key"": ""obs_key"", ""ra_deg"": ""ra_deg"", ""resid_arcsec"": ""resid_arcsec"", ""tracklet_id"": ""tracklet_id"", ""used"": ""used""}",[],[]
20251125,known_all,/processed1/20251125/L4/20251125_all_asteroids.fits,True,ok_with_missing_optional,,,12392640,2026-06-19T06:28:17.453157+00:00,1781850497453157008,05228631e3f4045fb8c1b5f3e55b51848a31347fcf02ccdd1474c6abd99d652a,,,1,63197,63197,source_file,"{""asteroid_name"": ""name"", ""asteroid_number"": ""number"", ""epoch_mjd"": ""epoch"", ""pred_dec_deg"": ""dec"", ""pred_geocentric_distance_au"": null, ""pred_heliocentric_distance_au"": null, ""pred_phase_angle_deg"": null, ""pred_ra_deg"": ""ra"", ""pred_solar_elongation_deg"": null, ""pred_v_mag"": ""mag""}",[],"[""pred_heliocentric_distance_au"", ""pred_geocentric_distance_au"", ""pred_solar_elongation_deg"", ""pred_phase_angle_deg""]"
20251125,known_matched,/processed1/20251125/L4/20251125_matched_asteroids.fits,True,ok_with_missing_optional,,,1261440,2026-06-19T06:28:18.168143+00:00,1781850498168143348,076a4b9decd2b95c2be207be36475e91dd1a69c02658d973f817227e5192153c,,,1,1595,1595,source_file,"{""asteroid_name"": ""name"", ""asteroid_number"": ""number"", ""epoch_mjd"": ""epoch"", ""flag"": ""Flag"", ""flag_iso_num"": ""Flag_ISO_Num"", ""flux_aper4"": ""Flux_Aper4"", ""fluxerr_aper4"": ""FluxErr_Aper4"", ""fwhm_px"": ""FWHM"", ""mag_aper4"": ""Mag_Aper4"", ""mag_aper8"": ""Mag_Aper8"", ""mag_kron"": ""Mag_Kron"", ""mag_psf"": ""Mag_PSF"", ""magerr_aper4"": ""MagErr_Aper4"", ""magerr_aper8"": ""MagErr_Aper8"", ""magerr_kron"": ""MagErr_Kron"", ""magerr_psf"": ""MagErr_PSF"", ""obj_id"": ""objID"", ""obs_dec_err_deg"": ""DECErr_Win"", ""obs_dec_psf_deg"": ""DEC_PSF"", ""obs_dec_win_deg"": ""DEC_Win"", ""obs_ra_err_deg"": ""RAErr_Win"", ""obs_ra_psf_deg"": ""RA_PSF"", ""obs_ra_win_deg"": ""RA_Win"", ""pred_dec_deg"": ""dec"", ""pred_geocentric_distance_au"": null, ""pred_heliocentric_distance_au"": null, ""pred_phase_angle_deg"": null, ""pred_ra_deg"": ""ra"", ""pred_solar_elongation_deg"": null, ""pred_v_mag"": ""mag"", ""x_win_px"": ""X_Win"", ""y_win_px"": ""Y_Win""}",[],"[""pred_heliocentric_distance_au"", ""pred_geocentric_distance_au"", ""pred_solar_elongation_deg"", ""pred_phase_angle_deg""]"
20251125,known_mask15,/processed1/20251125/L4/20251125_matched_asteroids_mask15.fits,True,ok_with_missing_optional,,,1373760,2026-06-19T06:28:18.885130+00:00,1781850498885129650,bb9a3a290f50d9c9e69fff699a18bee843701813cef8fa245d2dd091ff559c0f,,,1,1741,1741,source_file,"{""asteroid_name"": ""name"", ""asteroid_number"": ""number"", ""epoch_mjd"": ""epoch"", ""flag"": ""Flag"", ""flag_iso_num"": ""Flag_ISO_Num"", ""flux_aper4"": ""Flux_Aper4"", ""fluxerr_aper4"": ""FluxErr_Aper4"", ""fwhm_px"": ""FWHM"", ""mag_aper4"": ""Mag_Aper4"", ""mag_aper8"": ""Mag_Aper8"", ""mag_kron"": ""Mag_Kron"", ""mag_psf"": ""Mag_PSF"", ""magerr_aper4"": ""MagErr_Aper4"", ""magerr_aper8"": ""MagErr_Aper8"", ""magerr_kron"": ""MagErr_Kron"", ""magerr_psf"": ""MagErr_PSF"", ""obj_id"": ""objID"", ""obs_dec_err_deg"": ""DECErr_Win"", ""obs_dec_psf_deg"": ""DEC_PSF"", ""obs_dec_win_deg"": ""DEC_Win"", ""obs_ra_err_deg"": ""RAErr_Win"", ""obs_ra_psf_deg"": ""RA_PSF"", ""obs_ra_win_deg"": ""RA_Win"", ""pred_dec_deg"": ""dec"", ""pred_geocentric_distance_au"": null, ""pred_heliocentric_distance_au"": null, ""pred_phase_angle_deg"": null, ""pred_ra_deg"": ""ra"", ""pred_solar_elongation_deg"": null, ""pred_v_mag"": ""mag"", ""x_win_px"": ""X_Win"", ""y_win_px"": ""Y_Win""}",[],"[""pred_heliocentric_distance_au"", ""pred_geocentric_distance_au"", ""pred_solar_elongation_deg"", ""pred_phase_angle_deg""]"
20251125,unknown_catalog,/processed1/20251125/L4/20251125_unknown_links.fits,True,ok,,,17280,2026-06-19T21:23:21.865609+00:00,1781904201865609487,ee335d6e86c77e091628c11dbf32c9b7d993a6de6a1d92a4dccab89b2ead4198,,,1,20,20,image_names,"{""a_au"": ""a_au"", ""argp_deg"": ""argp_deg"", ""best_v1_kms"": ""best_v1_kms"", ""decs_deg"": ""decs_deg"", ""ecc"": ""ecc"", ""exp_pairs"": ""exp_pairs"", ""fit_ok"": ""fit_ok"", ""groups"": ""groups"", ""image_names"": ""image_names"", ""inc_deg"": ""inc_deg"", ""is_good"": ""is_good"", ""lin_dir_deg"": ""lin_dir_deg"", ""lin_rms_arcsec"": ""lin_rms_arcsec"", ""lin_speed_arcsec_per_day"": ""lin_speed_arcsec_per_day"", ""linkage_id"": ""linkage_id"", ""max_arcsec"": ""max_arcsec"", ""med_arcsec"": ""med_arcsec"", ""mjds"": ""mjds"", ""n_obs"": ""n_obs"", ""n_tracklets"": ""n_tracklets"", ""nu_deg"": ""nu_deg"", ""objids"": ""objids"", ""raan_deg"": ""raan_deg"", ""ras_deg"": ""ras_deg"", ""rms_arcsec"": ""rms_arcsec"", ""tracklet_ids"": ""tracklet_ids"", ""trk_sub"": ""trk_sub""}",[],[]
20251125,orbit_links,/home/admin/pipeline/xiaoyunao/data/heliolincrr/20251125/rr_links/orbit_confirm/orbit_links.fits,True,ok,,,77760,2026-05-14T10:46:45.269413+00:00,1778755605269413353,56937c3af2161db9d274c7da079c31b0dd663f8962feb57632c23c5bb4f5ef9d,,,1,241,241,,"{""a_au"": ""a_au"", ""argp_deg"": ""argp_deg"", ""best_rejected_max_v_kms"": ""best_rejected_max_v_kms"", ""best_v1_kms"": ""best_v1_kms"", ""ecc"": ""ecc"", ""fail_counts"": ""fail_counts"", ""fail_reason"": ""fail_reason"", ""final_max_v_kms"": ""final_max_v_kms"", ""fit_ok"": ""fit_ok"", ""hypo_r_au"": ""hypo_r_au"", ""hypo_rdd_au_day2"": ""hypo_rdd_au_day2"", ""hypo_rdot_au_day"": ""hypo_rdot_au_day"", ""inc_deg"": ""inc_deg"", ""inlier_tracklets"": ""inlier_tracklets"", ""is_good"": ""is_good"", ""lin_dir_deg"": ""lin_dir_deg"", ""lin_rms_arcsec"": ""lin_rms_arcsec"", ""lin_speed_arcsec_per_day"": ""lin_speed_arcsec_per_day"", ""linkage_id"": ""linkage_id"", ""max_arcsec"": ""max_arcsec"", ""med_arcsec"": ""med_arcsec"", ""min_rejected_max_v_kms"": ""min_rejected_max_v_kms"", ""n_nights"": ""n_nights"", ""n_obs"": ""n_obs"", ""n_tracklets"": ""n_tracklets"", ""nu_deg"": ""nu_deg"", ""pred_dec_deg"": ""pred_dec_deg"", ""pred_ra_deg"": ""pred_ra_deg"", ""raan_deg"": ""raan_deg"", ""rejected_tracklets"": ""rejected_tracklets"", ""rms_arcsec"": ""rms_arcsec"", ""seed_max_v_kms"": ""seed_max_v_kms"", ""seed_tracklets"": ""seed_tracklets""}",[],[]
20251125,orbit_obs_residuals,/home/admin/pipeline/xiaoyunao/data/heliolincrr/20251125/rr_links/orbit_confirm/orbit_obs_residuals.fits,True,ok,,,74880,2026-05-14T10:46:45.278561+00:00,1778755605278560901,2d4a17ab501b0e9157ec7264b6d69238a72957c64ec104e8052790959763aeb9,,,1,714,714,,"{""dec_deg"": ""dec_deg"", ""linkage_id"": ""linkage_id"", ""mjd"": ""mjd"", ""obs_key"": ""obs_key"", ""ra_deg"": ""ra_deg"", ""resid_arcsec"": ""resid_arcsec"", ""tracklet_id"": ""tracklet_id"", ""used"": ""used""}",[],[]
20251126,known_all,/processed1/20251126/L4/20251126_all_asteroids.fits,False,missing,,,0,,0,,,,1,0,0,,{},[],[]
20251126,known_matched,/processed1/20251126/L4/20251126_matched_asteroids.fits,False,missing,,,0,,0,,,,1,0,0,,{},[],[]
20251126,known_mask15,/processed1/20251126/L4/20251126_matched_asteroids_mask15.fits,False,missing,,,0,,0,,,,1,0,0,,{},[],[]
20251126,unknown_catalog,/processed1/20251126/L4/20251126_unknown_links.fits,False,missing,,,0,,0,,,,1,0,0,,{},[],[]
20251126,orbit_links,/home/admin/pipeline/xiaoyunao/data/heliolincrr/20251126/rr_links/orbit_confirm/orbit_links.fits,False,missing,,,0,,0,,,,1,0,0,,{},[],[]
20251126,orbit_obs_residuals,/home/admin/pipeline/xiaoyunao/data/heliolincrr/20251126/rr_links/orbit_confirm/orbit_obs_residuals.fits,False,missing,,,0,,0,,,,1,0,0,,{},[],[]
20251127,known_all,/processed1/20251127/L4/20251127_all_asteroids.fits,True,ok_with_missing_optional,,,15687360,2026-06-19T06:28:57.024401+00:00,1781850537024400975,9b5ce8b4dbec7419ebd2aa8ff0482b4ac4e253b5462ade29769fbcc8904d2662,,,1,80006,80006,source_file,"{""asteroid_name"": ""name"", ""asteroid_number"": ""number"", ""epoch_mjd"": ""epoch"", ""pred_dec_deg"": ""dec"", ""pred_geocentric_distance_au"": null, ""pred_heliocentric_distance_au"": null, ""pred_phase_angle_deg"": null, ""pred_ra_deg"": ""ra"", ""pred_solar_elongation_deg"": null, ""pred_v_mag"": ""mag""}",[],"[""pred_heliocentric_distance_au"", ""pred_geocentric_distance_au"", ""pred_solar_elongation_deg"", ""pred_phase_angle_deg""]"
20251127,known_matched,/processed1/20251127/L4/20251127_matched_asteroids.fits,True,ok_with_missing_optional,,,2232000,2026-06-19T06:28:57.552391+00:00,1781850537552390887,b9403d6fde51879d04890dcd1451dbe4c668a99ed14d07869352670e1ce022ed,,,1,2849,2849,source_file,"{""asteroid_name"": ""name"", ""asteroid_number"": ""number"", ""epoch_mjd"": ""epoch"", ""flag"": ""Flag"", ""flag_iso_num"": ""Flag_ISO_Num"", ""flux_aper4"": ""Flux_Aper4"", ""fluxerr_aper4"": ""FluxErr_Aper4"", ""fwhm_px"": ""FWHM"", ""mag_aper4"": ""Mag_Aper4"", ""mag_aper8"": ""Mag_Aper8"", ""mag_kron"": ""Mag_Kron"", ""mag_psf"": ""Mag_PSF"", ""magerr_aper4"": ""MagErr_Aper4"", ""magerr_aper8"": ""MagErr_Aper8"", ""magerr_kron"": ""MagErr_Kron"", ""magerr_psf"": ""MagErr_PSF"", ""obj_id"": ""objID"", ""obs_dec_err_deg"": ""DECErr_Win"", ""obs_dec_psf_deg"": ""DEC_PSF"", ""obs_dec_win_deg"": ""DEC_Win"", ""obs_ra_err_deg"": ""RAErr_Win"", ""obs_ra_psf_deg"": ""RA_PSF"", ""obs_ra_win_deg"": ""RA_Win"", ""pred_dec_deg"": ""dec"", ""pred_geocentric_distance_au"": null, ""pred_heliocentric_distance_au"": null, ""pred_phase_angle_deg"": null, ""pred_ra_deg"": ""ra"", ""pred_solar_elongation_deg"": null, ""pred_v_mag"": ""mag"", ""x_win_px"": ""X_Win"", ""y_win_px"": ""Y_Win""}",[],"[""pred_heliocentric_distance_au"", ""pred_geocentric_distance_au"", ""pred_solar_elongation_deg"", ""pred_phase_angle_deg""]"
20251127,known_mask15,/processed1/20251127/L4/20251127_matched_asteroids_mask15.fits,True,ok_with_missing_optional,,,2373120,2026-06-19T06:28:58.057381+00:00,1781850538057381239,662523f576c4a3e046f15435166831acf28548feef2f27fe7e104e3e5bc3a9d9,,,1,3032,3032,source_file,"{""asteroid_name"": ""name"", ""asteroid_number"": ""number"", ""epoch_mjd"": ""epoch"", ""flag"": ""Flag"", ""flag_iso_num"": ""Flag_ISO_Num"", ""flux_aper4"": ""Flux_Aper4"", ""fluxerr_aper4"": ""FluxErr_Aper4"", ""fwhm_px"": ""FWHM"", ""mag_aper4"": ""Mag_Aper4"", ""mag_aper8"": ""Mag_Aper8"", ""mag_kron"": ""Mag_Kron"", ""mag_psf"": ""Mag_PSF"", ""magerr_aper4"": ""MagErr_Aper4"", ""magerr_aper8"": ""MagErr_Aper8"", ""magerr_kron"": ""MagErr_Kron"", ""magerr_psf"": ""MagErr_PSF"", ""obj_id"": ""objID"", ""obs_dec_err_deg"": ""DECErr_Win"", ""obs_dec_psf_deg"": ""DEC_PSF"", ""obs_dec_win_deg"": ""DEC_Win"", ""obs_ra_err_deg"": ""RAErr_Win"", ""obs_ra_psf_deg"": ""RA_PSF"", ""obs_ra_win_deg"": ""RA_Win"", ""pred_dec_deg"": ""dec"", ""pred_geocentric_distance_au"": null, ""pred_heliocentric_distance_au"": null, ""pred_phase_angle_deg"": null, ""pred_ra_deg"": ""ra"", ""pred_solar_elongation_deg"": null, ""pred_v_mag"": ""mag"", ""x_win_px"": ""X_Win"", ""y_win_px"": ""Y_Win""}",[],"[""pred_heliocentric_distance_au"", ""pred_geocentric_distance_au"", ""pred_solar_elongation_deg"", ""pred_phase_angle_deg""]"
20251127,unknown_catalog,/processed1/20251127/L4/20251127_unknown_links.fits,True,ok,,,11520,2026-06-19T21:28:36.593606+00:00,1781904516593606410,b6af5196e894f2aed24e13548e6be247c2d298471015a5f2da74e8e61905deb3,,,1,5,5,image_names,"{""a_au"": ""a_au"", ""argp_deg"": ""argp_deg"", ""best_v1_kms"": ""best_v1_kms"", ""decs_deg"": ""decs_deg"", ""ecc"": ""ecc"", ""exp_pairs"": ""exp_pairs"", ""fit_ok"": ""fit_ok"", ""groups"": ""groups"", ""image_names"": ""image_names"", ""inc_deg"": ""inc_deg"", ""is_good"": ""is_good"", ""lin_dir_deg"": ""lin_dir_deg"", ""lin_rms_arcsec"": ""lin_rms_arcsec"", ""lin_speed_arcsec_per_day"": ""lin_speed_arcsec_per_day"", ""linkage_id"": ""linkage_id"", ""max_arcsec"": ""max_arcsec"", ""med_arcsec"": ""med_arcsec"", ""mjds"": ""mjds"", ""n_obs"": ""n_obs"", ""n_tracklets"": ""n_tracklets"", ""nu_deg"": ""nu_deg"", ""objids"": ""objids"", ""raan_deg"": ""raan_deg"", ""ras_deg"": ""ras_deg"", ""rms_arcsec"": ""rms_arcsec"", ""tracklet_ids"": ""tracklet_ids"", ""trk_sub"": ""trk_sub""}",[],[]
20251127,orbit_links,/home/admin/pipeline/xiaoyunao/data/heliolincrr/20251127/rr_links/orbit_confirm/orbit_links.fits,True,ok,,,86400,2026-05-14T10:52:50.386320+00:00,1778755970386319770,f00a65cfe6a0e6b82b56872bc213bb70f886b12dafeb8817df14c3aa3283942f,,,1,256,256,,"{""a_au"": ""a_au"", ""argp_deg"": ""argp_deg"", ""best_rejected_max_v_kms"": ""best_rejected_max_v_kms"", ""best_v1_kms"": ""best_v1_kms"", ""ecc"": ""ecc"", ""fail_counts"": ""fail_counts"", ""fail_reason"": ""fail_reason"", ""final_max_v_kms"": ""final_max_v_kms"", ""fit_ok"": ""fit_ok"", ""hypo_r_au"": ""hypo_r_au"", ""hypo_rdd_au_day2"": ""hypo_rdd_au_day2"", ""hypo_rdot_au_day"": ""hypo_rdot_au_day"", ""inc_deg"": ""inc_deg"", ""inlier_tracklets"": ""inlier_tracklets"", ""is_good"": ""is_good"", ""lin_dir_deg"": ""lin_dir_deg"", ""lin_rms_arcsec"": ""lin_rms_arcsec"", ""lin_speed_arcsec_per_day"": ""lin_speed_arcsec_per_day"", ""linkage_id"": ""linkage_id"", ""max_arcsec"": ""max_arcsec"", ""med_arcsec"": ""med_arcsec"", ""min_rejected_max_v_kms"": ""min_rejected_max_v_kms"", ""n_nights"": ""n_nights"", ""n_obs"": ""n_obs"", ""n_tracklets"": ""n_tracklets"", ""nu_deg"": ""nu_deg"", ""pred_dec_deg"": ""pred_dec_deg"", ""pred_ra_deg"": ""pred_ra_deg"", ""raan_deg"": ""raan_deg"", ""rejected_tracklets"": ""rejected_tracklets"", ""rms_arcsec"": ""rms_arcsec"", ""seed_max_v_kms"": ""seed_max_v_kms"", ""seed_tracklets"": ""seed_tracklets""}",[],[]
20251127,orbit_obs_residuals,/home/admin/pipeline/xiaoyunao/data/heliolincrr/20251127/rr_links/orbit_confirm/orbit_obs_residuals.fits,True,ok,,,80640,2026-05-14T10:52:50.394276+00:00,1778755970394275822,4dafb3aa815e6c9ddff7b5de4d1e78bdf67161b216f822b5a0801076c297875c,,,1,769,769,,"{""dec_deg"": ""dec_deg"", ""linkage_id"": ""linkage_id"", ""mjd"": ""mjd"", ""obs_key"": ""obs_key"", ""ra_deg"": ""ra_deg"", ""resid_arcsec"": ""resid_arcsec"", ""tracklet_id"": ""tracklet_id"", ""used"": ""used""}",[],[]
20251128,known_all,/processed1/20251128/L4/20251128_all_asteroids.fits,True,ok_with_missing_optional,,,10160640,2026-06-19T06:29:20.924944+00:00,1781850560924944340,a19735f87b73a05451d54c81f29664e71c6a9e716d07f7238f10f9c7c0a9efaf,,,1,51802,51802,source_file,"{""asteroid_name"": ""name"", ""asteroid_number"": ""number"", ""epoch_mjd"": ""epoch"", ""pred_dec_deg"": ""dec"", ""pred_geocentric_distance_au"": null, ""pred_heliocentric_distance_au"": null, ""pred_phase_angle_deg"": null, ""pred_ra_deg"": ""ra"", ""pred_solar_elongation_deg"": null, ""pred_v_mag"": ""mag""}",[],"[""pred_heliocentric_distance_au"", ""pred_geocentric_distance_au"", ""pred_solar_elongation_deg"", ""pred_phase_angle_deg""]"
20251128,known_matched,/processed1/20251128/L4/20251128_matched_asteroids.fits,True,ok_with_missing_optional,,,1146240,2026-06-19T06:29:21.440934+00:00,1781850561440934482,6e8974cb42409ba678f019910af51fcc1f3c2c1a91e104838b714f4d40f5244a,,,1,1446,1446,source_file,"{""asteroid_name"": ""name"", ""asteroid_number"": ""number"", ""epoch_mjd"": ""epoch"", ""flag"": ""Flag"", ""flag_iso_num"": ""Flag_ISO_Num"", ""flux_aper4"": ""Flux_Aper4"", ""fluxerr_aper4"": ""FluxErr_Aper4"", ""fwhm_px"": ""FWHM"", ""mag_aper4"": ""Mag_Aper4"", ""mag_aper8"": ""Mag_Aper8"", ""mag_kron"": ""Mag_Kron"", ""mag_psf"": ""Mag_PSF"", ""magerr_aper4"": ""MagErr_Aper4"", ""magerr_aper8"": ""MagErr_Aper8"", ""magerr_kron"": ""MagErr_Kron"", ""magerr_psf"": ""MagErr_PSF"", ""obj_id"": ""objID"", ""obs_dec_err_deg"": ""DECErr_Win"", ""obs_dec_psf_deg"": ""DEC_PSF"", ""obs_dec_win_deg"": ""DEC_Win"", ""obs_ra_err_deg"": ""RAErr_Win"", ""obs_ra_psf_deg"": ""RA_PSF"", ""obs_ra_win_deg"": ""RA_Win"", ""pred_dec_deg"": ""dec"", ""pred_geocentric_distance_au"": null, ""pred_heliocentric_distance_au"": null, ""pred_phase_angle_deg"": null, ""pred_ra_deg"": ""ra"", ""pred_solar_elongation_deg"": null, ""pred_v_mag"": ""mag"", ""x_win_px"": ""X_Win"", ""y_win_px"": ""Y_Win""}",[],"[""pred_heliocentric_distance_au"", ""pred_geocentric_distance_au"", ""pred_solar_elongation_deg"", ""pred_phase_angle_deg""]"
20251128,known_mask15,/processed1/20251128/L4/20251128_matched_asteroids_mask15.fits,True,ok_with_missing_optional,,,1209600,2026-06-19T06:29:21.956925+00:00,1781850561956924623,e05b8f5ac940f18e51dd018af050f80f76dafb6003690fd8a824d7920b2e2561,,,1,1527,1527,source_file,"{""asteroid_name"": ""name"", ""asteroid_number"": ""number"", ""epoch_mjd"": ""epoch"", ""flag"": ""Flag"", ""flag_iso_num"": ""Flag_ISO_Num"", ""flux_aper4"": ""Flux_Aper4"", ""fluxerr_aper4"": ""FluxErr_Aper4"", ""fwhm_px"": ""FWHM"", ""mag_aper4"": ""Mag_Aper4"", ""mag_aper8"": ""Mag_Aper8"", ""mag_kron"": ""Mag_Kron"", ""mag_psf"": ""Mag_PSF"", ""magerr_aper4"": ""MagErr_Aper4"", ""magerr_aper8"": ""MagErr_Aper8"", ""magerr_kron"": ""MagErr_Kron"", ""magerr_psf"": ""MagErr_PSF"", ""obj_id"": ""objID"", ""obs_dec_err_deg"": ""DECErr_Win"", ""obs_dec_psf_deg"": ""DEC_PSF"", ""obs_dec_win_deg"": ""DEC_Win"", ""obs_ra_err_deg"": ""RAErr_Win"", ""obs_ra_psf_deg"": ""RA_PSF"", ""obs_ra_win_deg"": ""RA_Win"", ""pred_dec_deg"": ""dec"", ""pred_geocentric_distance_au"": null, ""pred_heliocentric_distance_au"": null, ""pred_phase_angle_deg"": null, ""pred_ra_deg"": ""ra"", ""pred_solar_elongation_deg"": null, ""pred_v_mag"": ""mag"", ""x_win_px"": ""X_Win"", ""y_win_px"": ""Y_Win""}",[],"[""pred_heliocentric_distance_au"", ""pred_geocentric_distance_au"", ""pred_solar_elongation_deg"", ""pred_phase_angle_deg""]"
20251128,unknown_catalog,/processed1/20251128/L4/20251128_unknown_links.fits,True,ok,,,8640,2026-06-19T21:30:07.416874+00:00,1781904607416874060,ae49cc5e768ea74f2b9233e8e4b56e4db77dd4c3219b06a6ce6ae1d2f558cb89,,,1,0,0,image_names,"{""a_au"": ""a_au"", ""argp_deg"": ""argp_deg"", ""best_v1_kms"": ""best_v1_kms"", ""decs_deg"": ""decs_deg"", ""ecc"": ""ecc"", ""exp_pairs"": ""exp_pairs"", ""fit_ok"": ""fit_ok"", ""groups"": ""groups"", ""image_names"": ""image_names"", ""inc_deg"": ""inc_deg"", ""is_good"": ""is_good"", ""lin_dir_deg"": ""lin_dir_deg"", ""lin_rms_arcsec"": ""lin_rms_arcsec"", ""lin_speed_arcsec_per_day"": ""lin_speed_arcsec_per_day"", ""linkage_id"": ""linkage_id"", ""max_arcsec"": ""max_arcsec"", ""med_arcsec"": ""med_arcsec"", ""mjds"": ""mjds"", ""n_obs"": ""n_obs"", ""n_tracklets"": ""n_tracklets"", ""nu_deg"": ""nu_deg"", ""objids"": ""objids"", ""raan_deg"": ""raan_deg"", ""ras_deg"": ""ras_deg"", ""rms_arcsec"": ""rms_arcsec"", ""tracklet_ids"": ""tracklet_ids"", ""trk_sub"": ""trk_sub""}",[],[]
20251128,orbit_links,/home/admin/pipeline/xiaoyunao/data/heliolincrr/20251128/rr_links/orbit_confirm/orbit_links.fits,True,ok,,,20160,2026-05-14T10:55:58.075933+00:00,1778756158075932493,72e505ace85bec174d3b00241fb31ba3c0c244710c2dda5c89f4e7cf66d29da7,,,1,33,33,,"{""a_au"": ""a_au"", ""argp_deg"": ""argp_deg"", ""best_rejected_max_v_kms"": ""best_rejected_max_v_kms"", ""best_v1_kms"": ""best_v1_kms"", ""ecc"": ""ecc"", ""fail_counts"": ""fail_counts"", ""fail_reason"": ""fail_reason"", ""final_max_v_kms"": ""final_max_v_kms"", ""fit_ok"": ""fit_ok"", ""hypo_r_au"": ""hypo_r_au"", ""hypo_rdd_au_day2"": ""hypo_rdd_au_day2"", ""hypo_rdot_au_day"": ""hypo_rdot_au_day"", ""inc_deg"": ""inc_deg"", ""inlier_tracklets"": ""inlier_tracklets"", ""is_good"": ""is_good"", ""lin_dir_deg"": ""lin_dir_deg"", ""lin_rms_arcsec"": ""lin_rms_arcsec"", ""lin_speed_arcsec_per_day"": ""lin_speed_arcsec_per_day"", ""linkage_id"": ""linkage_id"", ""max_arcsec"": ""max_arcsec"", ""med_arcsec"": ""med_arcsec"", ""min_rejected_max_v_kms"": ""min_rejected_max_v_kms"", ""n_nights"": ""n_nights"", ""n_obs"": ""n_obs"", ""n_tracklets"": ""n_tracklets"", ""nu_deg"": ""nu_deg"", ""pred_dec_deg"": ""pred_dec_deg"", ""pred_ra_deg"": ""pred_ra_deg"", ""raan_deg"": ""raan_deg"", ""rejected_tracklets"": ""rejected_tracklets"", ""rms_arcsec"": ""rms_arcsec"", ""seed_max_v_kms"": ""seed_max_v_kms"", ""seed_tracklets"": ""seed_tracklets""}",[],[]
20251128,orbit_obs_residuals,/home/admin/pipeline/xiaoyunao/data/heliolincrr/20251128/rr_links/orbit_confirm/orbit_obs_residuals.fits,True,ok,,,17280,2026-05-14T10:55:58.082655+00:00,1778756158082654705,8fbaeb364db3db4e111ec79a4ccd20b816b802948adad04a0abc956d2671c88b,,,1,99,99,,"{""dec_deg"": ""dec_deg"", ""linkage_id"": ""linkage_id"", ""mjd"": ""mjd"", ""obs_key"": ""obs_key"", ""ra_deg"": ""ra_deg"", ""resid_arcsec"": ""resid_arcsec"", ""tracklet_id"": ""tracklet_id"", ""used"": ""used""}",[],[]
20251129,known_all,/processed1/20251129/L4/20251129_all_asteroids.fits,True,ok_with_missing_optional,,,10195200,2026-06-19T06:29:52.836335+00:00,1781850592836334653,a91823bc27c43d7f1b6056b17cfbde1f22f07afb22fbba63b561c6bf9bf10237,,,1,51977,51977,source_file,"{""asteroid_name"": ""name"", ""asteroid_number"": ""number"", ""epoch_mjd"": ""epoch"", ""pred_dec_deg"": ""dec"", ""pred_geocentric_distance_au"": null, ""pred_heliocentric_distance_au"": null, ""pred_phase_angle_deg"": null, ""pred_ra_deg"": ""ra"", ""pred_solar_elongation_deg"": null, ""pred_v_mag"": ""mag""}",[],"[""pred_heliocentric_distance_au"", ""pred_geocentric_distance_au"", ""pred_solar_elongation_deg"", ""pred_phase_angle_deg""]"
20251129,known_matched,/processed1/20251129/L4/20251129_matched_asteroids.fits,True,ok_with_missing_optional,,,1298880,2026-06-19T06:29:53.194328+00:00,1781850593194327813,0ae4808e539209cd9ff2b0829d0f8251dc5c0ae884335064c92d2c8a1f400785,,,1,1643,1643,source_file,"{""asteroid_name"": ""name"", ""asteroid_number"": ""number"", ""epoch_mjd"": ""epoch"", ""flag"": ""Flag"", ""flag_iso_num"": ""Flag_ISO_Num"", ""flux_aper4"": ""Flux_Aper4"", ""fluxerr_aper4"": ""FluxErr_Aper4"", ""fwhm_px"": ""FWHM"", ""mag_aper4"": ""Mag_Aper4"", ""mag_aper8"": ""Mag_Aper8"", ""mag_kron"": ""Mag_Kron"", ""mag_psf"": ""Mag_PSF"", ""magerr_aper4"": ""MagErr_Aper4"", ""magerr_aper8"": ""MagErr_Aper8"", ""magerr_kron"": ""MagErr_Kron"", ""magerr_psf"": ""MagErr_PSF"", ""obj_id"": ""objID"", ""obs_dec_err_deg"": ""DECErr_Win"", ""obs_dec_psf_deg"": ""DEC_PSF"", ""obs_dec_win_deg"": ""DEC_Win"", ""obs_ra_err_deg"": ""RAErr_Win"", ""obs_ra_psf_deg"": ""RA_PSF"", ""obs_ra_win_deg"": ""RA_Win"", ""pred_dec_deg"": ""dec"", ""pred_geocentric_distance_au"": null, ""pred_heliocentric_distance_au"": null, ""pred_phase_angle_deg"": null, ""pred_ra_deg"": ""ra"", ""pred_solar_elongation_deg"": null, ""pred_v_mag"": ""mag"", ""x_win_px"": ""X_Win"", ""y_win_px"": ""Y_Win""}",[],"[""pred_heliocentric_distance_au"", ""pred_geocentric_distance_au"", ""pred_solar_elongation_deg"", ""pred_phase_angle_deg""]"
20251129,known_mask15,/processed1/20251129/L4/20251129_matched_asteroids_mask15.fits,True,ok_with_missing_optional,,,1330560,2026-06-19T06:29:53.624320+00:00,1781850593624319598,0398263a05113c63aa2b0b0e515981b1c851313398da7ed9d74767c6322ec0e3,,,1,1682,1682,source_file,"{""asteroid_name"": ""name"", ""asteroid_number"": ""number"", ""epoch_mjd"": ""epoch"", ""flag"": ""Flag"", ""flag_iso_num"": ""Flag_ISO_Num"", ""flux_aper4"": ""Flux_Aper4"", ""fluxerr_aper4"": ""FluxErr_Aper4"", ""fwhm_px"": ""FWHM"", ""mag_aper4"": ""Mag_Aper4"", ""mag_aper8"": ""Mag_Aper8"", ""mag_kron"": ""Mag_Kron"", ""mag_psf"": ""Mag_PSF"", ""magerr_aper4"": ""MagErr_Aper4"", ""magerr_aper8"": ""MagErr_Aper8"", ""magerr_kron"": ""MagErr_Kron"", ""magerr_psf"": ""MagErr_PSF"", ""obj_id"": ""objID"", ""obs_dec_err_deg"": ""DECErr_Win"", ""obs_dec_psf_deg"": ""DEC_PSF"", ""obs_dec_win_deg"": ""DEC_Win"", ""obs_ra_err_deg"": ""RAErr_Win"", ""obs_ra_psf_deg"": ""RA_PSF"", ""obs_ra_win_deg"": ""RA_Win"", ""pred_dec_deg"": ""dec"", ""pred_geocentric_distance_au"": null, ""pred_heliocentric_distance_au"": null, ""pred_phase_angle_deg"": null, ""pred_ra_deg"": ""ra"", ""pred_solar_elongation_deg"": null, ""pred_v_mag"": ""mag"", ""x_win_px"": ""X_Win"", ""y_win_px"": ""Y_Win""}",[],"[""pred_heliocentric_distance_au"", ""pred_geocentric_distance_au"", ""pred_solar_elongation_deg"", ""pred_phase_angle_deg""]"
20251129,unknown_catalog,/processed1/20251129/L4/20251129_unknown_links.fits,True,ok,,,17280,2026-06-19T21:30:18.908655+00:00,1781904618908654867,3a61085822b761e70704a8ee44eb949211480a02859c27c9aa1d4d4d7fc315c9,,,1,16,16,image_names,"{""a_au"": ""a_au"", ""argp_deg"": ""argp_deg"", ""best_v1_kms"": ""best_v1_kms"", ""decs_deg"": ""decs_deg"", ""ecc"": ""ecc"", ""exp_pairs"": ""exp_pairs"", ""fit_ok"": ""fit_ok"", ""groups"": ""groups"", ""image_names"": ""image_names"", ""inc_deg"": ""inc_deg"", ""is_good"": ""is_good"", ""lin_dir_deg"": ""lin_dir_deg"", ""lin_rms_arcsec"": ""lin_rms_arcsec"", ""lin_speed_arcsec_per_day"": ""lin_speed_arcsec_per_day"", ""linkage_id"": ""linkage_id"", ""max_arcsec"": ""max_arcsec"", ""med_arcsec"": ""med_arcsec"", ""mjds"": ""mjds"", ""n_obs"": ""n_obs"", ""n_tracklets"": ""n_tracklets"", ""nu_deg"": ""nu_deg"", ""objids"": ""objids"", ""raan_deg"": ""raan_deg"", ""ras_deg"": ""ras_deg"", ""rms_arcsec"": ""rms_arcsec"", ""tracklet_ids"": ""tracklet_ids"", ""trk_sub"": ""trk_sub""}",[],[]
20251129,orbit_links,/home/admin/pipeline/xiaoyunao/data/heliolincrr/20251129/rr_links/orbit_confirm/orbit_links.fits,True,ok,,,97920,2026-05-14T10:56:43.851822+00:00,1778756203851821906,c7f9f676629d445fc5b6bd5e4a4215f7d66de708231fe46e1ce93c08bd67c02e,,,1,304,304,,"{""a_au"": ""a_au"", ""argp_deg"": ""argp_deg"", ""best_rejected_max_v_kms"": ""best_rejected_max_v_kms"", ""best_v1_kms"": ""best_v1_kms"", ""ecc"": ""ecc"", ""fail_counts"": ""fail_counts"", ""fail_reason"": ""fail_reason"", ""final_max_v_kms"": ""final_max_v_kms"", ""fit_ok"": ""fit_ok"", ""hypo_r_au"": ""hypo_r_au"", ""hypo_rdd_au_day2"": ""hypo_rdd_au_day2"", ""hypo_rdot_au_day"": ""hypo_rdot_au_day"", ""inc_deg"": ""inc_deg"", ""inlier_tracklets"": ""inlier_tracklets"", ""is_good"": ""is_good"", ""lin_dir_deg"": ""lin_dir_deg"", ""lin_rms_arcsec"": ""lin_rms_arcsec"", ""lin_speed_arcsec_per_day"": ""lin_speed_arcsec_per_day"", ""linkage_id"": ""linkage_id"", ""max_arcsec"": ""max_arcsec"", ""med_arcsec"": ""med_arcsec"", ""min_rejected_max_v_kms"": ""min_rejected_max_v_kms"", ""n_nights"": ""n_nights"", ""n_obs"": ""n_obs"", ""n_tracklets"": ""n_tracklets"", ""nu_deg"": ""nu_deg"", ""pred_dec_deg"": ""pred_dec_deg"", ""pred_ra_deg"": ""pred_ra_deg"", ""raan_deg"": ""raan_deg"", ""rejected_tracklets"": ""rejected_tracklets"", ""rms_arcsec"": ""rms_arcsec"", ""seed_max_v_kms"": ""seed_max_v_kms"", ""seed_tracklets"": ""seed_tracklets""}",[],[]
20251129,orbit_obs_residuals,/home/admin/pipeline/xiaoyunao/data/heliolincrr/20251129/rr_links/orbit_confirm/orbit_obs_residuals.fits,True,ok,,,97920,2026-05-14T10:56:43.862624+00:00,1778756203862624016,9b50fc18e16a067bde1dc8ea41242279bc4e5cf576c99653aaf3a1bca86f4503,,,1,955,955,,"{""dec_deg"": ""dec_deg"", ""linkage_id"": ""linkage_id"", ""mjd"": ""mjd"", ""obs_key"": ""obs_key"", ""ra_deg"": ""ra_deg"", ""resid_arcsec"": ""resid_arcsec"", ""tracklet_id"": ""tracklet_id"", ""used"": ""used""}",[],[]
20251130,known_all,/processed1/20251130/L4/20251130_all_asteroids.fits,True,ok_with_missing_optional,,,11629440,2026-06-19T06:30:09.806010+00:00,1781850609806010437,5221e59157e7dcf19b279e8efc0472ac0265d04f7f04769488f8bed365f21071,,,1,59293,59293,source_file,"{""asteroid_name"": ""name"", ""asteroid_number"": ""number"", ""epoch_mjd"": ""epoch"", ""pred_dec_deg"": ""dec"", ""pred_geocentric_distance_au"": null, ""pred_heliocentric_distance_au"": null, ""pred_phase_angle_deg"": null, ""pred_ra_deg"": ""ra"", ""pred_solar_elongation_deg"": null, ""pred_v_mag"": ""mag""}",[],"[""pred_heliocentric_distance_au"", ""pred_geocentric_distance_au"", ""pred_solar_elongation_deg"", ""pred_phase_angle_deg""]"
20251130,known_matched,/processed1/20251130/L4/20251130_matched_asteroids.fits,True,ok_with_missing_optional,,,432000,2026-06-19T06:30:10.154004+00:00,1781850610154003788,f1a55b5a5067b07aa1c7447c21501b6fb1ab5f8b3897123846e8d20c81db51ae,,,1,524,524,source_file,"{""asteroid_name"": ""name"", ""asteroid_number"": ""number"", ""epoch_mjd"": ""epoch"", ""flag"": ""Flag"", ""flag_iso_num"": ""Flag_ISO_Num"", ""flux_aper4"": ""Flux_Aper4"", ""fluxerr_aper4"": ""FluxErr_Aper4"", ""fwhm_px"": ""FWHM"", ""mag_aper4"": ""Mag_Aper4"", ""mag_aper8"": ""Mag_Aper8"", ""mag_kron"": ""Mag_Kron"", ""mag_psf"": ""Mag_PSF"", ""magerr_aper4"": ""MagErr_Aper4"", ""magerr_aper8"": ""MagErr_Aper8"", ""magerr_kron"": ""MagErr_Kron"", ""magerr_psf"": ""MagErr_PSF"", ""obj_id"": ""objID"", ""obs_dec_err_deg"": ""DECErr_Win"", ""obs_dec_psf_deg"": ""DEC_PSF"", ""obs_dec_win_deg"": ""DEC_Win"", ""obs_ra_err_deg"": ""RAErr_Win"", ""obs_ra_psf_deg"": ""RA_PSF"", ""obs_ra_win_deg"": ""RA_Win"", ""pred_dec_deg"": ""dec"", ""pred_geocentric_distance_au"": null, ""pred_heliocentric_distance_au"": null, ""pred_phase_angle_deg"": null, ""pred_ra_deg"": ""ra"", ""pred_solar_elongation_deg"": null, ""pred_v_mag"": ""mag"", ""x_win_px"": ""X_Win"", ""y_win_px"": ""Y_Win""}",[],"[""pred_heliocentric_distance_au"", ""pred_geocentric_distance_au"", ""pred_solar_elongation_deg"", ""pred_phase_angle_deg""]"
20251130,known_mask15,/processed1/20251130/L4/20251130_matched_asteroids_mask15.fits,True,ok_with_missing_optional,,,466560,2026-06-19T06:30:10.484998+00:00,1781850610484997464,a5ed4bd64687463084e310d005a97b6df12724df4165b86e4ca14bf228a95555,,,1,569,569,source_file,"{""asteroid_name"": ""name"", ""asteroid_number"": ""number"", ""epoch_mjd"": ""epoch"", ""flag"": ""Flag"", ""flag_iso_num"": ""Flag_ISO_Num"", ""flux_aper4"": ""Flux_Aper4"", ""fluxerr_aper4"": ""FluxErr_Aper4"", ""fwhm_px"": ""FWHM"", ""mag_aper4"": ""Mag_Aper4"", ""mag_aper8"": ""Mag_Aper8"", ""mag_kron"": ""Mag_Kron"", ""mag_psf"": ""Mag_PSF"", ""magerr_aper4"": ""MagErr_Aper4"", ""magerr_aper8"": ""MagErr_Aper8"", ""magerr_kron"": ""MagErr_Kron"", ""magerr_psf"": ""MagErr_PSF"", ""obj_id"": ""objID"", ""obs_dec_err_deg"": ""DECErr_Win"", ""obs_dec_psf_deg"": ""DEC_PSF"", ""obs_dec_win_deg"": ""DEC_Win"", ""obs_ra_err_deg"": ""RAErr_Win"", ""obs_ra_psf_deg"": ""RA_PSF"", ""obs_ra_win_deg"": ""RA_Win"", ""pred_dec_deg"": ""dec"", ""pred_geocentric_distance_au"": null, ""pred_heliocentric_distance_au"": null, ""pred_phase_angle_deg"": null, ""pred_ra_deg"": ""ra"", ""pred_solar_elongation_deg"": null, ""pred_v_mag"": ""mag"", ""x_win_px"": ""X_Win"", ""y_win_px"": ""Y_Win""}",[],"[""pred_heliocentric_distance_au"", ""pred_geocentric_distance_au"", ""pred_solar_elongation_deg"", ""pred_phase_angle_deg""]"
20251130,unknown_catalog,/processed1/20251130/L4/20251130_unknown_links.fits,True,ok,,,11520,2026-06-19T21:34:26.363934+00:00,1781904866363934037,49e5078291d65c4c4c5ebabe83e01e802b7eeb3726668cf175880321665e74c0,,,1,1,1,image_names,"{""a_au"": ""a_au"", ""argp_deg"": ""argp_deg"", ""best_v1_kms"": ""best_v1_kms"", ""decs_deg"": ""decs_deg"", ""ecc"": ""ecc"", ""exp_pairs"": ""exp_pairs"", ""fit_ok"": ""fit_ok"", ""groups"": ""groups"", ""image_names"": ""image_names"", ""inc_deg"": ""inc_deg"", ""is_good"": ""is_good"", ""lin_dir_deg"": ""lin_dir_deg"", ""lin_rms_arcsec"": ""lin_rms_arcsec"", ""lin_speed_arcsec_per_day"": ""lin_speed_arcsec_per_day"", ""linkage_id"": ""linkage_id"", ""max_arcsec"": ""max_arcsec"", ""med_arcsec"": ""med_arcsec"", ""mjds"": ""mjds"", ""n_obs"": ""n_obs"", ""n_tracklets"": ""n_tracklets"", ""nu_deg"": ""nu_deg"", ""objids"": ""objids"", ""raan_deg"": ""raan_deg"", ""ras_deg"": ""ras_deg"", ""rms_arcsec"": ""rms_arcsec"", ""tracklet_ids"": ""tracklet_ids"", ""trk_sub"": ""trk_sub""}",[],[]
20251130,orbit_links,/home/admin/pipeline/xiaoyunao/data/heliolincrr/20251130/rr_links/orbit_confirm/orbit_links.fits,True,ok,,,31680,2026-05-14T11:01:15.581654+00:00,1778756475581653654,1b8e45ed594210991142d4d41610f0f2dd0544e303ee611222e60065cb97fed1,,,1,56,56,,"{""a_au"": ""a_au"", ""argp_deg"": ""argp_deg"", ""best_rejected_max_v_kms"": ""best_rejected_max_v_kms"", ""best_v1_kms"": ""best_v1_kms"", ""ecc"": ""ecc"", ""fail_counts"": ""fail_counts"", ""fail_reason"": ""fail_reason"", ""final_max_v_kms"": ""final_max_v_kms"", ""fit_ok"": ""fit_ok"", ""hypo_r_au"": ""hypo_r_au"", ""hypo_rdd_au_day2"": ""hypo_rdd_au_day2"", ""hypo_rdot_au_day"": ""hypo_rdot_au_day"", ""inc_deg"": ""inc_deg"", ""inlier_tracklets"": ""inlier_tracklets"", ""is_good"": ""is_good"", ""lin_dir_deg"": ""lin_dir_deg"", ""lin_rms_arcsec"": ""lin_rms_arcsec"", ""lin_speed_arcsec_per_day"": ""lin_speed_arcsec_per_day"", ""linkage_id"": ""linkage_id"", ""max_arcsec"": ""max_arcsec"", ""med_arcsec"": ""med_arcsec"", ""min_rejected_max_v_kms"": ""min_rejected_max_v_kms"", ""n_nights"": ""n_nights"", ""n_obs"": ""n_obs"", ""n_tracklets"": ""n_tracklets"", ""nu_deg"": ""nu_deg"", ""pred_dec_deg"": ""pred_dec_deg"", ""pred_ra_deg"": ""pred_ra_deg"", ""raan_deg"": ""raan_deg"", ""rejected_tracklets"": ""rejected_tracklets"", ""rms_arcsec"": ""rms_arcsec"", ""seed_max_v_kms"": ""seed_max_v_kms"", ""seed_tracklets"": ""seed_tracklets""}",[],[]
20251130,orbit_obs_residuals,/home/admin/pipeline/xiaoyunao/data/heliolincrr/20251130/rr_links/orbit_confirm/orbit_obs_residuals.fits,True,ok,,,25920,2026-05-14T11:01:15.589641+00:00,1778756475589640928,7e74f23a1ac303ade3a54b823f7a71c4fa1f2d42425fc5a134e56d99da867b12,,,1,187,187,,"{""dec_deg"": ""dec_deg"", ""linkage_id"": ""linkage_id"", ""mjd"": ""mjd"", ""obs_key"": ""obs_key"", ""ra_deg"": ""ra_deg"", ""resid_arcsec"": ""resid_arcsec"", ""tracklet_id"": ""tracklet_id"", ""used"": ""used""}",[],[]
20251201,known_all,/processed1/20251201/L4/20251201_all_asteroids.fits,True,ok_with_missing_optional,,,2131200,2026-06-19T06:30:24.528729+00:00,1781850624528729150,5efd2abe364f31a2c47aa444adbb87932663a8126c3c2f5af47a1eef1284fe25,,,1,10843,10843,source_file,"{""asteroid_name"": ""name"", ""asteroid_number"": ""number"", ""epoch_mjd"": ""epoch"", ""pred_dec_deg"": ""dec"", ""pred_geocentric_distance_au"": null, ""pred_heliocentric_distance_au"": null, ""pred_phase_angle_deg"": null, ""pred_ra_deg"": ""ra"", ""pred_solar_elongation_deg"": null, ""pred_v_mag"": ""mag""}",[],"[""pred_heliocentric_distance_au"", ""pred_geocentric_distance_au"", ""pred_solar_elongation_deg"", ""pred_phase_angle_deg""]"
20251201,known_matched,/processed1/20251201/L4/20251201_matched_asteroids.fits,True,ok_with_missing_optional,,,371520,2026-06-19T06:30:24.781724+00:00,1781850624781724316,f1c527e0f53588582dc8f15f09172148107c97655e509f8ab1d2b87068f115ef,,,1,443,443,source_file,"{""asteroid_name"": ""name"", ""asteroid_number"": ""number"", ""epoch_mjd"": ""epoch"", ""flag"": ""Flag"", ""flag_iso_num"": ""Flag_ISO_Num"", ""flux_aper4"": ""Flux_Aper4"", ""fluxerr_aper4"": ""FluxErr_Aper4"", ""fwhm_px"": ""FWHM"", ""mag_aper4"": ""Mag_Aper4"", ""mag_aper8"": ""Mag_Aper8"", ""mag_kron"": ""Mag_Kron"", ""mag_psf"": ""Mag_PSF"", ""magerr_aper4"": ""MagErr_Aper4"", ""magerr_aper8"": ""MagErr_Aper8"", ""magerr_kron"": ""MagErr_Kron"", ""magerr_psf"": ""MagErr_PSF"", ""obj_id"": ""objID"", ""obs_dec_err_deg"": ""DECErr_Win"", ""obs_dec_psf_deg"": ""DEC_PSF"", ""obs_dec_win_deg"": ""DEC_Win"", ""obs_ra_err_deg"": ""RAErr_Win"", ""obs_ra_psf_deg"": ""RA_PSF"", ""obs_ra_win_deg"": ""RA_Win"", ""pred_dec_deg"": ""dec"", ""pred_geocentric_distance_au"": null, ""pred_heliocentric_distance_au"": null, ""pred_phase_angle_deg"": null, ""pred_ra_deg"": ""ra"", ""pred_solar_elongation_deg"": null, ""pred_v_mag"": ""mag"", ""x_win_px"": ""X_Win"", ""y_win_px"": ""Y_Win""}",[],"[""pred_heliocentric_distance_au"", ""pred_geocentric_distance_au"", ""pred_solar_elongation_deg"", ""pred_phase_angle_deg""]"
20251201,known_mask15,/processed1/20251201/L4/20251201_matched_asteroids_mask15.fits,True,ok_with_missing_optional,,,394560,2026-06-19T06:30:25.037719+00:00,1781850625037719425,4f9efa358f7abd9ef34e2f7316d0d57129c366e90cdd101d0abbbd620135fe47,,,1,473,473,source_file,"{""asteroid_name"": ""name"", ""asteroid_number"": ""number"", ""epoch_mjd"": ""epoch"", ""flag"": ""Flag"", ""flag_iso_num"": ""Flag_ISO_Num"", ""flux_aper4"": ""Flux_Aper4"", ""fluxerr_aper4"": ""FluxErr_Aper4"", ""fwhm_px"": ""FWHM"", ""mag_aper4"": ""Mag_Aper4"", ""mag_aper8"": ""Mag_Aper8"", ""mag_kron"": ""Mag_Kron"", ""mag_psf"": ""Mag_PSF"", ""magerr_aper4"": ""MagErr_Aper4"", ""magerr_aper8"": ""MagErr_Aper8"", ""magerr_kron"": ""MagErr_Kron"", ""magerr_psf"": ""MagErr_PSF"", ""obj_id"": ""objID"", ""obs_dec_err_deg"": ""DECErr_Win"", ""obs_dec_psf_deg"": ""DEC_PSF"", ""obs_dec_win_deg"": ""DEC_Win"", ""obs_ra_err_deg"": ""RAErr_Win"", ""obs_ra_psf_deg"": ""RA_PSF"", ""obs_ra_win_deg"": ""RA_Win"", ""pred_dec_deg"": ""dec"", ""pred_geocentric_distance_au"": null, ""pred_heliocentric_distance_au"": null, ""pred_phase_angle_deg"": null, ""pred_ra_deg"": ""ra"", ""pred_solar_elongation_deg"": null, ""pred_v_mag"": ""mag"", ""x_win_px"": ""X_Win"", ""y_win_px"": ""Y_Win""}",[],"[""pred_heliocentric_distance_au"", ""pred_geocentric_distance_au"", ""pred_solar_elongation_deg"", ""pred_phase_angle_deg""]"
20251201,unknown_catalog,/processed1/20251201/L4/20251201_unknown_links.fits,True,ok,,,8640,2026-06-19T21:34:47.294535+00:00,1781904887294534582,ae49cc5e768ea74f2b9233e8e4b56e4db77dd4c3219b06a6ce6ae1d2f558cb89,,,1,0,0,image_names,"{""a_au"": ""a_au"", ""argp_deg"": ""argp_deg"", ""best_v1_kms"": ""best_v1_kms"", ""decs_deg"": ""decs_deg"", ""ecc"": ""ecc"", ""exp_pairs"": ""exp_pairs"", ""fit_ok"": ""fit_ok"", ""groups"": ""groups"", ""image_names"": ""image_names"", ""inc_deg"": ""inc_deg"", ""is_good"": ""is_good"", ""lin_dir_deg"": ""lin_dir_deg"", ""lin_rms_arcsec"": ""lin_rms_arcsec"", ""lin_speed_arcsec_per_day"": ""lin_speed_arcsec_per_day"", ""linkage_id"": ""linkage_id"", ""max_arcsec"": ""max_arcsec"", ""med_arcsec"": ""med_arcsec"", ""mjds"": ""mjds"", ""n_obs"": ""n_obs"", ""n_tracklets"": ""n_tracklets"", ""nu_deg"": ""nu_deg"", ""objids"": ""objids"", ""raan_deg"": ""raan_deg"", ""ras_deg"": ""ras_deg"", ""rms_arcsec"": ""rms_arcsec"", ""tracklet_ids"": ""tracklet_ids"", ""trk_sub"": ""trk_sub""}",[],[]
20251201,orbit_links,/home/admin/pipeline/xiaoyunao/data/heliolincrr/20251201/rr_links/orbit_confirm/orbit_links.fits,True,ok,,,11520,2026-05-14T11:01:54.194632+00:00,1778756514194632160,52b35ba0a2fc0fd011b40745ffb68dbd5ffb3bc5b5f8a89ab36b33fa8a2e591b,,,1,0,0,,"{""a_au"": ""a_au"", ""argp_deg"": ""argp_deg"", ""best_rejected_max_v_kms"": ""best_rejected_max_v_kms"", ""best_v1_kms"": ""best_v1_kms"", ""ecc"": ""ecc"", ""fail_counts"": ""fail_counts"", ""fail_reason"": ""fail_reason"", ""final_max_v_kms"": ""final_max_v_kms"", ""fit_ok"": ""fit_ok"", ""hypo_r_au"": ""hypo_r_au"", ""hypo_rdd_au_day2"": ""hypo_rdd_au_day2"", ""hypo_rdot_au_day"": ""hypo_rdot_au_day"", ""inc_deg"": ""inc_deg"", ""inlier_tracklets"": ""inlier_tracklets"", ""is_good"": ""is_good"", ""lin_dir_deg"": ""lin_dir_deg"", ""lin_rms_arcsec"": ""lin_rms_arcsec"", ""lin_speed_arcsec_per_day"": ""lin_speed_arcsec_per_day"", ""linkage_id"": ""linkage_id"", ""max_arcsec"": ""max_arcsec"", ""med_arcsec"": ""med_arcsec"", ""min_rejected_max_v_kms"": ""min_rejected_max_v_kms"", ""n_nights"": ""n_nights"", ""n_obs"": ""n_obs"", ""n_tracklets"": ""n_tracklets"", ""nu_deg"": ""nu_deg"", ""pred_dec_deg"": ""pred_dec_deg"", ""pred_ra_deg"": ""pred_ra_deg"", ""raan_deg"": ""raan_deg"", ""rejected_tracklets"": ""rejected_tracklets"", ""rms_arcsec"": ""rms_arcsec"", ""seed_max_v_kms"": ""seed_max_v_kms"", ""seed_tracklets"": ""seed_tracklets""}",[],[]
20251201,orbit_obs_residuals,/home/admin/pipeline/xiaoyunao/data/heliolincrr/20251201/rr_links/orbit_confirm/orbit_obs_residuals.fits,True,ok,,,5760,2026-05-14T11:01:54.201502+00:00,1778756514201502084,8cb9bc87ba4df7002239bfc6d8a94042f298c42b20abaf56814238a5bf926e3f,,,1,0,0,,"{""dec_deg"": ""dec_deg"", ""linkage_id"": ""linkage_id"", ""mjd"": ""mjd"", ""obs_key"": ""obs_key"", ""ra_deg"": ""ra_deg"", ""resid_arcsec"": ""resid_arcsec"", ""tracklet_id"": ""tracklet_id"", ""used"": ""used""}",[],[]
20251202,known_all,/processed1/20251202/L4/20251202_all_asteroids.fits,True,ok_with_missing_optional,,,7058880,2026-06-19T06:30:53.930167+00:00,1781850653930167417,7e69fc8a1bfdd12e50b482f95b0b4a7294682863dfa0326e75682005922178fd,,,1,35984,35984,source_file,"{""asteroid_name"": ""name"", ""asteroid_number"": ""number"", ""epoch_mjd"": ""epoch"", ""pred_dec_deg"": ""dec"", ""pred_geocentric_distance_au"": null, ""pred_heliocentric_distance_au"": null, ""pred_phase_angle_deg"": null, ""pred_ra_deg"": ""ra"", ""pred_solar_elongation_deg"": null, ""pred_v_mag"": ""mag""}",[],"[""pred_heliocentric_distance_au"", ""pred_geocentric_distance_au"", ""pred_solar_elongation_deg"", ""pred_phase_angle_deg""]"
20251202,known_matched,/processed1/20251202/L4/20251202_matched_asteroids.fits,True,ok_with_missing_optional,,,555840,2026-06-19T06:30:54.287161+00:00,1781850654287160596,5314922111a1ab731cc6204a57c1b2d3039362814e8b2eff0085a228f64373ec,,,1,682,682,source_file,"{""asteroid_name"": ""name"", ""asteroid_number"": ""number"", ""epoch_mjd"": ""epoch"", ""flag"": ""Flag"", ""flag_iso_num"": ""Flag_ISO_Num"", ""flux_aper4"": ""Flux_Aper4"", ""fluxerr_aper4"": ""FluxErr_Aper4"", ""fwhm_px"": ""FWHM"", ""mag_aper4"": ""Mag_Aper4"", ""mag_aper8"": ""Mag_Aper8"", ""mag_kron"": ""Mag_Kron"", ""mag_psf"": ""Mag_PSF"", ""magerr_aper4"": ""MagErr_Aper4"", ""magerr_aper8"": ""MagErr_Aper8"", ""magerr_kron"": ""MagErr_Kron"", ""magerr_psf"": ""MagErr_PSF"", ""obj_id"": ""objID"", ""obs_dec_err_deg"": ""DECErr_Win"", ""obs_dec_psf_deg"": ""DEC_PSF"", ""obs_dec_win_deg"": ""DEC_Win"", ""obs_ra_err_deg"": ""RAErr_Win"", ""obs_ra_psf_deg"": ""RA_PSF"", ""obs_ra_win_deg"": ""RA_Win"", ""pred_dec_deg"": ""dec"", ""pred_geocentric_distance_au"": null, ""pred_heliocentric_distance_au"": null, ""pred_phase_angle_deg"": null, ""pred_ra_deg"": ""ra"", ""pred_solar_elongation_deg"": null, ""pred_v_mag"": ""mag"", ""x_win_px"": ""X_Win"", ""y_win_px"": ""Y_Win""}",[],"[""pred_heliocentric_distance_au"", ""pred_geocentric_distance_au"", ""pred_solar_elongation_deg"", ""pred_phase_angle_deg""]"
20251202,known_mask15,/processed1/20251202/L4/20251202_matched_asteroids_mask15.fits,True,ok_with_missing_optional,,,587520,2026-06-19T06:30:54.636154+00:00,1781850654636153929,59ccd7d1e1ebf7f491a4396c281d5934e843b0763482c4e0a10b67b705c714bd,,,1,725,725,source_file,"{""asteroid_name"": ""name"", ""asteroid_number"": ""number"", ""epoch_mjd"": ""epoch"", ""flag"": ""Flag"", ""flag_iso_num"": ""Flag_ISO_Num"", ""flux_aper4"": ""Flux_Aper4"", ""fluxerr_aper4"": ""FluxErr_Aper4"", ""fwhm_px"": ""FWHM"", ""mag_aper4"": ""Mag_Aper4"", ""mag_aper8"": ""Mag_Aper8"", ""mag_kron"": ""Mag_Kron"", ""mag_psf"": ""Mag_PSF"", ""magerr_aper4"": ""MagErr_Aper4"", ""magerr_aper8"": ""MagErr_Aper8"", ""magerr_kron"": ""MagErr_Kron"", ""magerr_psf"": ""MagErr_PSF"", ""obj_id"": ""objID"", ""obs_dec_err_deg"": ""DECErr_Win"", ""obs_dec_psf_deg"": ""DEC_PSF"", ""obs_dec_win_deg"": ""DEC_Win"", ""obs_ra_err_deg"": ""RAErr_Win"", ""obs_ra_psf_deg"": ""RA_PSF"", ""obs_ra_win_deg"": ""RA_Win"", ""pred_dec_deg"": ""dec"", ""pred_geocentric_distance_au"": null, ""pred_heliocentric_distance_au"": null, ""pred_phase_angle_deg"": null, ""pred_ra_deg"": ""ra"", ""pred_solar_elongation_deg"": null, ""pred_v_mag"": ""mag"", ""x_win_px"": ""X_Win"", ""y_win_px"": ""Y_Win""}",[],"[""pred_heliocentric_distance_au"", ""pred_geocentric_distance_au"", ""pred_solar_elongation_deg"", ""pred_phase_angle_deg""]"
20251202,unknown_catalog,/processed1/20251202/L4/20251202_unknown_links.fits,True,ok,,,14400,2026-06-19T21:34:59.693298+00:00,1781904899693297955,b5f254267ca16b33d33700e956c50f10b018cdccaad07c46bd63a6580d62b95c,,,1,13,13,image_names,"{""a_au"": ""a_au"", ""argp_deg"": ""argp_deg"", ""best_v1_kms"": ""best_v1_kms"", ""decs_deg"": ""decs_deg"", ""ecc"": ""ecc"", ""exp_pairs"": ""exp_pairs"", ""fit_ok"": ""fit_ok"", ""groups"": ""groups"", ""image_names"": ""image_names"", ""inc_deg"": ""inc_deg"", ""is_good"": ""is_good"", ""lin_dir_deg"": ""lin_dir_deg"", ""lin_rms_arcsec"": ""lin_rms_arcsec"", ""lin_speed_arcsec_per_day"": ""lin_speed_arcsec_per_day"", ""linkage_id"": ""linkage_id"", ""max_arcsec"": ""max_arcsec"", ""med_arcsec"": ""med_arcsec"", ""mjds"": ""mjds"", ""n_obs"": ""n_obs"", ""n_tracklets"": ""n_tracklets"", ""nu_deg"": ""nu_deg"", ""objids"": ""objids"", ""raan_deg"": ""raan_deg"", ""ras_deg"": ""ras_deg"", ""rms_arcsec"": ""rms_arcsec"", ""tracklet_ids"": ""tracklet_ids"", ""trk_sub"": ""trk_sub""}",[],[]
20251202,orbit_links,/home/admin/pipeline/xiaoyunao/data/heliolincrr/20251202/rr_links/orbit_confirm/orbit_links.fits,True,ok,,,51840,2026-05-14T11:02:30.377550+00:00,1778756550377550463,70c559e800f2cde9de3d5e59c1693cd5e8421331d2d370bc2253baa84eeab491,,,1,151,151,,"{""a_au"": ""a_au"", ""argp_deg"": ""argp_deg"", ""best_rejected_max_v_kms"": ""best_rejected_max_v_kms"", ""best_v1_kms"": ""best_v1_kms"", ""ecc"": ""ecc"", ""fail_counts"": ""fail_counts"", ""fail_reason"": ""fail_reason"", ""final_max_v_kms"": ""final_max_v_kms"", ""fit_ok"": ""fit_ok"", ""hypo_r_au"": ""hypo_r_au"", ""hypo_rdd_au_day2"": ""hypo_rdd_au_day2"", ""hypo_rdot_au_day"": ""hypo_rdot_au_day"", ""inc_deg"": ""inc_deg"", ""inlier_tracklets"": ""inlier_tracklets"", ""is_good"": ""is_good"", ""lin_dir_deg"": ""lin_dir_deg"", ""lin_rms_arcsec"": ""lin_rms_arcsec"", ""lin_speed_arcsec_per_day"": ""lin_speed_arcsec_per_day"", ""linkage_id"": ""linkage_id"", ""max_arcsec"": ""max_arcsec"", ""med_arcsec"": ""med_arcsec"", ""min_rejected_max_v_kms"": ""min_rejected_max_v_kms"", ""n_nights"": ""n_nights"", ""n_obs"": ""n_obs"", ""n_tracklets"": ""n_tracklets"", ""nu_deg"": ""nu_deg"", ""pred_dec_deg"": ""pred_dec_deg"", ""pred_ra_deg"": ""pred_ra_deg"", ""raan_deg"": ""raan_deg"", ""rejected_tracklets"": ""rejected_tracklets"", ""rms_arcsec"": ""rms_arcsec"", ""seed_max_v_kms"": ""seed_max_v_kms"", ""seed_tracklets"": ""seed_tracklets""}",[],[]
20251202,orbit_obs_residuals,/home/admin/pipeline/xiaoyunao/data/heliolincrr/20251202/rr_links/orbit_confirm/orbit_obs_residuals.fits,True,ok,,,48960,2026-05-14T11:02:30.385971+00:00,1778756550385970577,f21b6fc0e055b431686f866e6c7d1cc44bc243e8a6c3787704d09f6ad7b9b7c1,,,1,453,453,,"{""dec_deg"": ""dec_deg"", ""linkage_id"": ""linkage_id"", ""mjd"": ""mjd"", ""obs_key"": ""obs_key"", ""ra_deg"": ""ra_deg"", ""resid_arcsec"": ""resid_arcsec"", ""tracklet_id"": ""tracklet_id"", ""used"": ""used""}",[],[]
20251203,known_all,/processed1/20251203/L4/20251203_all_asteroids.fits,True,ok_with_missing_optional,,,27414720,2026-06-19T06:31:55.924983+00:00,1781850715924982967,ce6e2223bbac835c1238f0ccb4cb6531855e693ed03d3b88f6582cee022376e7,,,1,139830,139830,source_file,"{""asteroid_name"": ""name"", ""asteroid_number"": ""number"", ""epoch_mjd"": ""epoch"", ""pred_dec_deg"": ""dec"", ""pred_geocentric_distance_au"": null, ""pred_heliocentric_distance_au"": null, ""pred_phase_angle_deg"": null, ""pred_ra_deg"": ""ra"", ""pred_solar_elongation_deg"": null, ""pred_v_mag"": ""mag""}",[],"[""pred_heliocentric_distance_au"", ""pred_geocentric_distance_au"", ""pred_solar_elongation_deg"", ""pred_phase_angle_deg""]"
20251203,known_matched,/processed1/20251203/L4/20251203_matched_asteroids.fits,True,ok_with_missing_optional,,,2612160,2026-06-19T06:31:56.834965+00:00,1781850716834965581,c9a2e93f3422a298f21535fb77230566a7b52d0f6ead151f5539b6242696fba4,,,1,3339,3339,source_file,"{""asteroid_name"": ""name"", ""asteroid_number"": ""number"", ""epoch_mjd"": ""epoch"", ""flag"": ""Flag"", ""flag_iso_num"": ""Flag_ISO_Num"", ""flux_aper4"": ""Flux_Aper4"", ""fluxerr_aper4"": ""FluxErr_Aper4"", ""fwhm_px"": ""FWHM"", ""mag_aper4"": ""Mag_Aper4"", ""mag_aper8"": ""Mag_Aper8"", ""mag_kron"": ""Mag_Kron"", ""mag_psf"": ""Mag_PSF"", ""magerr_aper4"": ""MagErr_Aper4"", ""magerr_aper8"": ""MagErr_Aper8"", ""magerr_kron"": ""MagErr_Kron"", ""magerr_psf"": ""MagErr_PSF"", ""obj_id"": ""objID"", ""obs_dec_err_deg"": ""DECErr_Win"", ""obs_dec_psf_deg"": ""DEC_PSF"", ""obs_dec_win_deg"": ""DEC_Win"", ""obs_ra_err_deg"": ""RAErr_Win"", ""obs_ra_psf_deg"": ""RA_PSF"", ""obs_ra_win_deg"": ""RA_Win"", ""pred_dec_deg"": ""dec"", ""pred_geocentric_distance_au"": null, ""pred_heliocentric_distance_au"": null, ""pred_phase_angle_deg"": null, ""pred_ra_deg"": ""ra"", ""pred_solar_elongation_deg"": null, ""pred_v_mag"": ""mag"", ""x_win_px"": ""X_Win"", ""y_win_px"": ""Y_Win""}",[],"[""pred_heliocentric_distance_au"", ""pred_geocentric_distance_au"", ""pred_solar_elongation_deg"", ""pred_phase_angle_deg""]"
20251203,known_mask15,/processed1/20251203/L4/20251203_matched_asteroids_mask15.fits,True,ok_with_missing_optional,,,2756160,2026-06-19T06:31:57.721949+00:00,1781850717721948635,1766253bd7170a8794dbbed875667efd89e753e3846398b33ebc0bf201297d8c,,,1,3526,3526,source_file,"{""asteroid_name"": ""name"", ""asteroid_number"": ""number"", ""epoch_mjd"": ""epoch"", ""flag"": ""Flag"", ""flag_iso_num"": ""Flag_ISO_Num"", ""flux_aper4"": ""Flux_Aper4"", ""fluxerr_aper4"": ""FluxErr_Aper4"", ""fwhm_px"": ""FWHM"", ""mag_aper4"": ""Mag_Aper4"", ""mag_aper8"": ""Mag_Aper8"", ""mag_kron"": ""Mag_Kron"", ""mag_psf"": ""Mag_PSF"", ""magerr_aper4"": ""MagErr_Aper4"", ""magerr_aper8"": ""MagErr_Aper8"", ""magerr_kron"": ""MagErr_Kron"", ""magerr_psf"": ""MagErr_PSF"", ""obj_id"": ""objID"", ""obs_dec_err_deg"": ""DECErr_Win"", ""obs_dec_psf_deg"": ""DEC_PSF"", ""obs_dec_win_deg"": ""DEC_Win"", ""obs_ra_err_deg"": ""RAErr_Win"", ""obs_ra_psf_deg"": ""RA_PSF"", ""obs_ra_win_deg"": ""RA_Win"", ""pred_dec_deg"": ""dec"", ""pred_geocentric_distance_au"": null, ""pred_heliocentric_distance_au"": null, ""pred_phase_angle_deg"": null, ""pred_ra_deg"": ""ra"", ""pred_solar_elongation_deg"": null, ""pred_v_mag"": ""mag"", ""x_win_px"": ""X_Win"", ""y_win_px"": ""Y_Win""}",[],"[""pred_heliocentric_distance_au"", ""pred_geocentric_distance_au"", ""pred_solar_elongation_deg"", ""pred_phase_angle_deg""]"
20251203,unknown_catalog,/processed1/20251203/L4/20251203_unknown_links.fits,True,ok,,,40320,2026-06-19T21:38:43.202032+00:00,1781905123202032349,91107cd09e5020f7aebe0cf5b2bba2b63fc97f81bc6afd516f7a948b11183229,,,1,74,74,image_names,"{""a_au"": ""a_au"", ""argp_deg"": ""argp_deg"", ""best_v1_kms"": ""best_v1_kms"", ""decs_deg"": ""decs_deg"", ""ecc"": ""ecc"", ""exp_pairs"": ""exp_pairs"", ""fit_ok"": ""fit_ok"", ""groups"": ""groups"", ""image_names"": ""image_names"", ""inc_deg"": ""inc_deg"", ""is_good"": ""is_good"", ""lin_dir_deg"": ""lin_dir_deg"", ""lin_rms_arcsec"": ""lin_rms_arcsec"", ""lin_speed_arcsec_per_day"": ""lin_speed_arcsec_per_day"", ""linkage_id"": ""linkage_id"", ""max_arcsec"": ""max_arcsec"", ""med_arcsec"": ""med_arcsec"", ""mjds"": ""mjds"", ""n_obs"": ""n_obs"", ""n_tracklets"": ""n_tracklets"", ""nu_deg"": ""nu_deg"", ""objids"": ""objids"", ""raan_deg"": ""raan_deg"", ""ras_deg"": ""ras_deg"", ""rms_arcsec"": ""rms_arcsec"", ""tracklet_ids"": ""tracklet_ids"", ""trk_sub"": ""trk_sub""}",[],[]
20251203,orbit_links,/home/admin/pipeline/xiaoyunao/data/heliolincrr/20251203/rr_links/orbit_confirm/orbit_links.fits,True,ok,,,192960,2026-05-14T11:07:33.659913+00:00,1778756853659912875,c4fdd468bfbee8686d1ee744bd8d9607d07d37498fce976bebaa6ae194e5fa31,,,1,631,631,,"{""a_au"": ""a_au"", ""argp_deg"": ""argp_deg"", ""best_rejected_max_v_kms"": ""best_rejected_max_v_kms"", ""best_v1_kms"": ""best_v1_kms"", ""ecc"": ""ecc"", ""fail_counts"": ""fail_counts"", ""fail_reason"": ""fail_reason"", ""final_max_v_kms"": ""final_max_v_kms"", ""fit_ok"": ""fit_ok"", ""hypo_r_au"": ""hypo_r_au"", ""hypo_rdd_au_day2"": ""hypo_rdd_au_day2"", ""hypo_rdot_au_day"": ""hypo_rdot_au_day"", ""inc_deg"": ""inc_deg"", ""inlier_tracklets"": ""inlier_tracklets"", ""is_good"": ""is_good"", ""lin_dir_deg"": ""lin_dir_deg"", ""lin_rms_arcsec"": ""lin_rms_arcsec"", ""lin_speed_arcsec_per_day"": ""lin_speed_arcsec_per_day"", ""linkage_id"": ""linkage_id"", ""max_arcsec"": ""max_arcsec"", ""med_arcsec"": ""med_arcsec"", ""min_rejected_max_v_kms"": ""min_rejected_max_v_kms"", ""n_nights"": ""n_nights"", ""n_obs"": ""n_obs"", ""n_tracklets"": ""n_tracklets"", ""nu_deg"": ""nu_deg"", ""pred_dec_deg"": ""pred_dec_deg"", ""pred_ra_deg"": ""pred_ra_deg"", ""raan_deg"": ""raan_deg"", ""rejected_tracklets"": ""rejected_tracklets"", ""rms_arcsec"": ""rms_arcsec"", ""seed_max_v_kms"": ""seed_max_v_kms"", ""seed_tracklets"": ""seed_tracklets""}",[],[]
20251203,orbit_obs_residuals,/home/admin/pipeline/xiaoyunao/data/heliolincrr/20251203/rr_links/orbit_confirm/orbit_obs_residuals.fits,True,ok,,,187200,2026-05-14T11:07:33.670259+00:00,1778756853670258411,96b2db893b798b2d58a421e662e3a6a71c79b292dab6f0bbb1a803fe797c9bc4,,,1,1894,1894,,"{""dec_deg"": ""dec_deg"", ""linkage_id"": ""linkage_id"", ""mjd"": ""mjd"", ""obs_key"": ""obs_key"", ""ra_deg"": ""ra_deg"", ""resid_arcsec"": ""resid_arcsec"", ""tracklet_id"": ""tracklet_id"", ""used"": ""used""}",[],[]
20251204,known_all,/processed1/20251204/L4/20251204_all_asteroids.fits,True,ok_with_missing_optional,,,27227520,2026-06-19T06:32:59.571767+00:00,1781850779571766955,ca0cf492022f4ca417e5f3dc84045e163c57038d719968e4507ee3496116119b,,,1,138880,138880,source_file,"{""asteroid_name"": ""name"", ""asteroid_number"": ""number"", ""epoch_mjd"": ""epoch"", ""pred_dec_deg"": ""dec"", ""pred_geocentric_distance_au"": null, ""pred_heliocentric_distance_au"": null, ""pred_phase_angle_deg"": null, ""pred_ra_deg"": ""ra"", ""pred_solar_elongation_deg"": null, ""pred_v_mag"": ""mag""}",[],"[""pred_heliocentric_distance_au"", ""pred_geocentric_distance_au"", ""pred_solar_elongation_deg"", ""pred_phase_angle_deg""]"
20251204,known_matched,/processed1/20251204/L4/20251204_matched_asteroids.fits,True,ok_with_missing_optional,,,2200320,2026-06-19T06:33:00.468750+00:00,1781850780468749818,90c296a5af5298496104bd0e2f69cf2b5f9163565b44c3591ef9a4cae871f869,,,1,2806,2806,source_file,"{""asteroid_name"": ""name"", ""asteroid_number"": ""number"", ""epoch_mjd"": ""epoch"", ""flag"": ""Flag"", ""flag_iso_num"": ""Flag_ISO_Num"", ""flux_aper4"": ""Flux_Aper4"", ""fluxerr_aper4"": ""FluxErr_Aper4"", ""fwhm_px"": ""FWHM"", ""mag_aper4"": ""Mag_Aper4"", ""mag_aper8"": ""Mag_Aper8"", ""mag_kron"": ""Mag_Kron"", ""mag_psf"": ""Mag_PSF"", ""magerr_aper4"": ""MagErr_Aper4"", ""magerr_aper8"": ""MagErr_Aper8"", ""magerr_kron"": ""MagErr_Kron"", ""magerr_psf"": ""MagErr_PSF"", ""obj_id"": ""objID"", ""obs_dec_err_deg"": ""DECErr_Win"", ""obs_dec_psf_deg"": ""DEC_PSF"", ""obs_dec_win_deg"": ""DEC_Win"", ""obs_ra_err_deg"": ""RAErr_Win"", ""obs_ra_psf_deg"": ""RA_PSF"", ""obs_ra_win_deg"": ""RA_Win"", ""pred_dec_deg"": ""dec"", ""pred_geocentric_distance_au"": null, ""pred_heliocentric_distance_au"": null, ""pred_phase_angle_deg"": null, ""pred_ra_deg"": ""ra"", ""pred_solar_elongation_deg"": null, ""pred_v_mag"": ""mag"", ""x_win_px"": ""X_Win"", ""y_win_px"": ""Y_Win""}",[],"[""pred_heliocentric_distance_au"", ""pred_geocentric_distance_au"", ""pred_solar_elongation_deg"", ""pred_phase_angle_deg""]"
20251204,known_mask15,/processed1/20251204/L4/20251204_matched_asteroids_mask15.fits,True,ok_with_missing_optional,,,2376000,2026-06-19T06:33:01.342733+00:00,1781850781342733120,88441d4452e0e21a29261c2bf3c92c2c7270be4fb666124199ff4e2c6ae81917,,,1,3036,3036,source_file,"{""asteroid_name"": ""name"", ""asteroid_number"": ""number"", ""epoch_mjd"": ""epoch"", ""flag"": ""Flag"", ""flag_iso_num"": ""Flag_ISO_Num"", ""flux_aper4"": ""Flux_Aper4"", ""fluxerr_aper4"": ""FluxErr_Aper4"", ""fwhm_px"": ""FWHM"", ""mag_aper4"": ""Mag_Aper4"", ""mag_aper8"": ""Mag_Aper8"", ""mag_kron"": ""Mag_Kron"", ""mag_psf"": ""Mag_PSF"", ""magerr_aper4"": ""MagErr_Aper4"", ""magerr_aper8"": ""MagErr_Aper8"", ""magerr_kron"": ""MagErr_Kron"", ""magerr_psf"": ""MagErr_PSF"", ""obj_id"": ""objID"", ""obs_dec_err_deg"": ""DECErr_Win"", ""obs_dec_psf_deg"": ""DEC_PSF"", ""obs_dec_win_deg"": ""DEC_Win"", ""obs_ra_err_deg"": ""RAErr_Win"", ""obs_ra_psf_deg"": ""RA_PSF"", ""obs_ra_win_deg"": ""RA_Win"", ""pred_dec_deg"": ""dec"", ""pred_geocentric_distance_au"": null, ""pred_heliocentric_distance_au"": null, ""pred_phase_angle_deg"": null, ""pred_ra_deg"": ""ra"", ""pred_solar_elongation_deg"": null, ""pred_v_mag"": ""mag"", ""x_win_px"": ""X_Win"", ""y_win_px"": ""Y_Win""}",[],"[""pred_heliocentric_distance_au"", ""pred_geocentric_distance_au"", ""pred_solar_elongation_deg"", ""pred_phase_angle_deg""]"
20251204,unknown_catalog,/processed1/20251204/L4/20251204_unknown_links.fits,True,ok,,,23040,2026-06-19T21:57:39.832334+00:00,1781906259832333944,67ff59cd2582fe9b25e20d36b7d76f556e9be25d4908b44c63fe8ec3de059d15,,,1,32,32,image_names,"{""a_au"": ""a_au"", ""argp_deg"": ""argp_deg"", ""best_v1_kms"": ""best_v1_kms"", ""decs_deg"": ""decs_deg"", ""ecc"": ""ecc"", ""exp_pairs"": ""exp_pairs"", ""fit_ok"": ""fit_ok"", ""groups"": ""groups"", ""image_names"": ""image_names"", ""inc_deg"": ""inc_deg"", ""is_good"": ""is_good"", ""lin_dir_deg"": ""lin_dir_deg"", ""lin_rms_arcsec"": ""lin_rms_arcsec"", ""lin_speed_arcsec_per_day"": ""lin_speed_arcsec_per_day"", ""linkage_id"": ""linkage_id"", ""max_arcsec"": ""max_arcsec"", ""med_arcsec"": ""med_arcsec"", ""mjds"": ""mjds"", ""n_obs"": ""n_obs"", ""n_tracklets"": ""n_tracklets"", ""nu_deg"": ""nu_deg"", ""objids"": ""objids"", ""raan_deg"": ""raan_deg"", ""ras_deg"": ""ras_deg"", ""rms_arcsec"": ""rms_arcsec"", ""tracklet_ids"": ""tracklet_ids"", ""trk_sub"": ""trk_sub""}",[],[]
20251204,orbit_links,/home/admin/pipeline/xiaoyunao/data/heliolincrr/20251204/rr_links/orbit_confirm/orbit_links.fits,True,ok,,,106560,2026-05-14T11:28:26.505996+00:00,1778758106505996527,6b11c76d71e3419e102630f587c266037aa59717494f452177f5b2255b87b556,,,1,352,352,,"{""a_au"": ""a_au"", ""argp_deg"": ""argp_deg"", ""best_rejected_max_v_kms"": ""best_rejected_max_v_kms"", ""best_v1_kms"": ""best_v1_kms"", ""ecc"": ""ecc"", ""fail_counts"": ""fail_counts"", ""fail_reason"": ""fail_reason"", ""final_max_v_kms"": ""final_max_v_kms"", ""fit_ok"": ""fit_ok"", ""hypo_r_au"": ""hypo_r_au"", ""hypo_rdd_au_day2"": ""hypo_rdd_au_day2"", ""hypo_rdot_au_day"": ""hypo_rdot_au_day"", ""inc_deg"": ""inc_deg"", ""inlier_tracklets"": ""inlier_tracklets"", ""is_good"": ""is_good"", ""lin_dir_deg"": ""lin_dir_deg"", ""lin_rms_arcsec"": ""lin_rms_arcsec"", ""lin_speed_arcsec_per_day"": ""lin_speed_arcsec_per_day"", ""linkage_id"": ""linkage_id"", ""max_arcsec"": ""max_arcsec"", ""med_arcsec"": ""med_arcsec"", ""min_rejected_max_v_kms"": ""min_rejected_max_v_kms"", ""n_nights"": ""n_nights"", ""n_obs"": ""n_obs"", ""n_tracklets"": ""n_tracklets"", ""nu_deg"": ""nu_deg"", ""pred_dec_deg"": ""pred_dec_deg"", ""pred_ra_deg"": ""pred_ra_deg"", ""raan_deg"": ""raan_deg"", ""rejected_tracklets"": ""rejected_tracklets"", ""rms_arcsec"": ""rms_arcsec"", ""seed_max_v_kms"": ""seed_max_v_kms"", ""seed_tracklets"": ""seed_tracklets""}",[],[]
20251204,orbit_obs_residuals,/home/admin/pipeline/xiaoyunao/data/heliolincrr/20251204/rr_links/orbit_confirm/orbit_obs_residuals.fits,True,ok,,,106560,2026-05-14T11:28:26.513608+00:00,1778758106513607940,3ce557156cf064cf7a3fee3b54769354c6a03fa206c3212f37f000df0c6286a0,,,1,1052,1052,,"{""dec_deg"": ""dec_deg"", ""linkage_id"": ""linkage_id"", ""mjd"": ""mjd"", ""obs_key"": ""obs_key"", ""ra_deg"": ""ra_deg"", ""resid_arcsec"": ""resid_arcsec"", ""tracklet_id"": ""tracklet_id"", ""used"": ""used""}",[],[]
20251205,known_all,/processed1/20251205/L4/20251205_all_asteroids.fits,True,ok_with_missing_optional,,,21749760,2026-06-19T06:33:55.668695+00:00,1781850835668695188,8a4838b9f0804fad7450aa2570a2592c9597017f128e74774d521a208e34118d,,,1,110931,110931,source_file,"{""asteroid_name"": ""name"", ""asteroid_number"": ""number"", ""epoch_mjd"": ""epoch"", ""pred_dec_deg"": ""dec"", ""pred_geocentric_distance_au"": null, ""pred_heliocentric_distance_au"": null, ""pred_phase_angle_deg"": null, ""pred_ra_deg"": ""ra"", ""pred_solar_elongation_deg"": null, ""pred_v_mag"": ""mag""}",[],"[""pred_heliocentric_distance_au"", ""pred_geocentric_distance_au"", ""pred_solar_elongation_deg"", ""pred_phase_angle_deg""]"
20251205,known_matched,/processed1/20251205/L4/20251205_matched_asteroids.fits,True,ok_with_missing_optional,,,861120,2026-06-19T06:33:56.469680+00:00,1781850836469679885,d3280ef5a8b91325913f6b2f2c6f72622efba6e644c1e5a848eebbb470004f30,,,1,1077,1077,source_file,"{""asteroid_name"": ""name"", ""asteroid_number"": ""number"", ""epoch_mjd"": ""epoch"", ""flag"": ""Flag"", ""flag_iso_num"": ""Flag_ISO_Num"", ""flux_aper4"": ""Flux_Aper4"", ""fluxerr_aper4"": ""FluxErr_Aper4"", ""fwhm_px"": ""FWHM"", ""mag_aper4"": ""Mag_Aper4"", ""mag_aper8"": ""Mag_Aper8"", ""mag_kron"": ""Mag_Kron"", ""mag_psf"": ""Mag_PSF"", ""magerr_aper4"": ""MagErr_Aper4"", ""magerr_aper8"": ""MagErr_Aper8"", ""magerr_kron"": ""MagErr_Kron"", ""magerr_psf"": ""MagErr_PSF"", ""obj_id"": ""objID"", ""obs_dec_err_deg"": ""DECErr_Win"", ""obs_dec_psf_deg"": ""DEC_PSF"", ""obs_dec_win_deg"": ""DEC_Win"", ""obs_ra_err_deg"": ""RAErr_Win"", ""obs_ra_psf_deg"": ""RA_PSF"", ""obs_ra_win_deg"": ""RA_Win"", ""pred_dec_deg"": ""dec"", ""pred_geocentric_distance_au"": null, ""pred_heliocentric_distance_au"": null, ""pred_phase_angle_deg"": null, ""pred_ra_deg"": ""ra"", ""pred_solar_elongation_deg"": null, ""pred_v_mag"": ""mag"", ""x_win_px"": ""X_Win"", ""y_win_px"": ""Y_Win""}",[],"[""pred_heliocentric_distance_au"", ""pred_geocentric_distance_au"", ""pred_solar_elongation_deg"", ""pred_phase_angle_deg""]"
20251205,known_mask15,/processed1/20251205/L4/20251205_matched_asteroids_mask15.fits,True,ok_with_missing_optional,,,933120,2026-06-19T06:33:57.273664+00:00,1781850837273664524,8575f64b78f9c9814c11344234e151a48e7df33217383697d41d93f33144884b,,,1,1171,1171,source_file,"{""asteroid_name"": ""name"", ""asteroid_number"": ""number"", ""epoch_mjd"": ""epoch"", ""flag"": ""Flag"", ""flag_iso_num"": ""Flag_ISO_Num"", ""flux_aper4"": ""Flux_Aper4"", ""fluxerr_aper4"": ""FluxErr_Aper4"", ""fwhm_px"": ""FWHM"", ""mag_aper4"": ""Mag_Aper4"", ""mag_aper8"": ""Mag_Aper8"", ""mag_kron"": ""Mag_Kron"", ""mag_psf"": ""Mag_PSF"", ""magerr_aper4"": ""MagErr_Aper4"", ""magerr_aper8"": ""MagErr_Aper8"", ""magerr_kron"": ""MagErr_Kron"", ""magerr_psf"": ""MagErr_PSF"", ""obj_id"": ""objID"", ""obs_dec_err_deg"": ""DECErr_Win"", ""obs_dec_psf_deg"": ""DEC_PSF"", ""obs_dec_win_deg"": ""DEC_Win"", ""obs_ra_err_deg"": ""RAErr_Win"", ""obs_ra_psf_deg"": ""RA_PSF"", ""obs_ra_win_deg"": ""RA_Win"", ""pred_dec_deg"": ""dec"", ""pred_geocentric_distance_au"": null, ""pred_heliocentric_distance_au"": null, ""pred_phase_angle_deg"": null, ""pred_ra_deg"": ""ra"", ""pred_solar_elongation_deg"": null, ""pred_v_mag"": ""mag"", ""x_win_px"": ""X_Win"", ""y_win_px"": ""Y_Win""}",[],"[""pred_heliocentric_distance_au"", ""pred_geocentric_distance_au"", ""pred_solar_elongation_deg"", ""pred_phase_angle_deg""]"
20251205,unknown_catalog,/processed1/20251205/L4/20251205_unknown_links.fits,True,ok,,,17280,2026-06-19T22:06:36.178091+00:00,1781906796178090592,17c28e2c084e80793c085daae026f98fb5c5d4b337fd49d3eefa7886817a1d6a,,,1,19,19,image_names,"{""a_au"": ""a_au"", ""argp_deg"": ""argp_deg"", ""best_v1_kms"": ""best_v1_kms"", ""decs_deg"": ""decs_deg"", ""ecc"": ""ecc"", ""exp_pairs"": ""exp_pairs"", ""fit_ok"": ""fit_ok"", ""groups"": ""groups"", ""image_names"": ""image_names"", ""inc_deg"": ""inc_deg"", ""is_good"": ""is_good"", ""lin_dir_deg"": ""lin_dir_deg"", ""lin_rms_arcsec"": ""lin_rms_arcsec"", ""lin_speed_arcsec_per_day"": ""lin_speed_arcsec_per_day"", ""linkage_id"": ""linkage_id"", ""max_arcsec"": ""max_arcsec"", ""med_arcsec"": ""med_arcsec"", ""mjds"": ""mjds"", ""n_obs"": ""n_obs"", ""n_tracklets"": ""n_tracklets"", ""nu_deg"": ""nu_deg"", ""objids"": ""objids"", ""raan_deg"": ""raan_deg"", ""ras_deg"": ""ras_deg"", ""rms_arcsec"": ""rms_arcsec"", ""tracklet_ids"": ""tracklet_ids"", ""trk_sub"": ""trk_sub""}",[],[]
20251205,orbit_links,/home/admin/pipeline/xiaoyunao/data/heliolincrr/20251205/rr_links/orbit_confirm/orbit_links.fits,True,ok,,,69120,2026-05-14T11:39:13.812904+00:00,1778758753812904287,69c8ff7c8f6804e4ba64c064daf05d4391328e27782cc15dbf4dd39a7a5c698a,,,1,195,195,,"{""a_au"": ""a_au"", ""argp_deg"": ""argp_deg"", ""best_rejected_max_v_kms"": ""best_rejected_max_v_kms"", ""best_v1_kms"": ""best_v1_kms"", ""ecc"": ""ecc"", ""fail_counts"": ""fail_counts"", ""fail_reason"": ""fail_reason"", ""final_max_v_kms"": ""final_max_v_kms"", ""fit_ok"": ""fit_ok"", ""hypo_r_au"": ""hypo_r_au"", ""hypo_rdd_au_day2"": ""hypo_rdd_au_day2"", ""hypo_rdot_au_day"": ""hypo_rdot_au_day"", ""inc_deg"": ""inc_deg"", ""inlier_tracklets"": ""inlier_tracklets"", ""is_good"": ""is_good"", ""lin_dir_deg"": ""lin_dir_deg"", ""lin_rms_arcsec"": ""lin_rms_arcsec"", ""lin_speed_arcsec_per_day"": ""lin_speed_arcsec_per_day"", ""linkage_id"": ""linkage_id"", ""max_arcsec"": ""max_arcsec"", ""med_arcsec"": ""med_arcsec"", ""min_rejected_max_v_kms"": ""min_rejected_max_v_kms"", ""n_nights"": ""n_nights"", ""n_obs"": ""n_obs"", ""n_tracklets"": ""n_tracklets"", ""nu_deg"": ""nu_deg"", ""pred_dec_deg"": ""pred_dec_deg"", ""pred_ra_deg"": ""pred_ra_deg"", ""raan_deg"": ""raan_deg"", ""rejected_tracklets"": ""rejected_tracklets"", ""rms_arcsec"": ""rms_arcsec"", ""seed_max_v_kms"": ""seed_max_v_kms"", ""seed_tracklets"": ""seed_tracklets""}",[],[]
20251205,orbit_obs_residuals,/home/admin/pipeline/xiaoyunao/data/heliolincrr/20251205/rr_links/orbit_confirm/orbit_obs_residuals.fits,True,ok,,,60480,2026-05-14T11:39:13.821905+00:00,1778758753821904882,24c1e422efc260b2ff6b8d9a36240d148dfe3f2bfaee9c4caa1db6c36a2d69bf,,,1,571,571,,"{""dec_deg"": ""dec_deg"", ""linkage_id"": ""linkage_id"", ""mjd"": ""mjd"", ""obs_key"": ""obs_key"", ""ra_deg"": ""ra_deg"", ""resid_arcsec"": ""resid_arcsec"", ""tracklet_id"": ""tracklet_id"", ""used"": ""used""}",[],[]
20251206,known_all,/processed1/20251206/L4/20251206_all_asteroids.fits,True,ok_with_missing_optional,,,26968320,2026-06-19T06:35:04.268384+00:00,1781850904268384548,724e880528513a3509f81fecffc301b14282d4bcf58114b097691fe66c34192c,,,1,137564,137564,source_file,"{""asteroid_name"": ""name"", ""asteroid_number"": ""number"", ""epoch_mjd"": ""epoch"", ""pred_dec_deg"": ""dec"", ""pred_geocentric_distance_au"": null, ""pred_heliocentric_distance_au"": null, ""pred_phase_angle_deg"": null, ""pred_ra_deg"": ""ra"", ""pred_solar_elongation_deg"": null, ""pred_v_mag"": ""mag""}",[],"[""pred_heliocentric_distance_au"", ""pred_geocentric_distance_au"", ""pred_solar_elongation_deg"", ""pred_phase_angle_deg""]"
20251206,known_matched,/processed1/20251206/L4/20251206_matched_asteroids.fits,True,ok_with_missing_optional,,,3234240,2026-06-19T06:35:05.059369+00:00,1781850905059369435,da4fc665d2df819ffeb4e86464a2ed1bf0967c996e41c8486c057a2c96e95f82,,,1,4144,4144,source_file,"{""asteroid_name"": ""name"", ""asteroid_number"": ""number"", ""epoch_mjd"": ""epoch"", ""flag"": ""Flag"", ""flag_iso_num"": ""Flag_ISO_Num"", ""flux_aper4"": ""Flux_Aper4"", ""fluxerr_aper4"": ""FluxErr_Aper4"", ""fwhm_px"": ""FWHM"", ""mag_aper4"": ""Mag_Aper4"", ""mag_aper8"": ""Mag_Aper8"", ""mag_kron"": ""Mag_Kron"", ""mag_psf"": ""Mag_PSF"", ""magerr_aper4"": ""MagErr_Aper4"", ""magerr_aper8"": ""MagErr_Aper8"", ""magerr_kron"": ""MagErr_Kron"", ""magerr_psf"": ""MagErr_PSF"", ""obj_id"": ""objID"", ""obs_dec_err_deg"": ""DECErr_Win"", ""obs_dec_psf_deg"": ""DEC_PSF"", ""obs_dec_win_deg"": ""DEC_Win"", ""obs_ra_err_deg"": ""RAErr_Win"", ""obs_ra_psf_deg"": ""RA_PSF"", ""obs_ra_win_deg"": ""RA_Win"", ""pred_dec_deg"": ""dec"", ""pred_geocentric_distance_au"": null, ""pred_heliocentric_distance_au"": null, ""pred_phase_angle_deg"": null, ""pred_ra_deg"": ""ra"", ""pred_solar_elongation_deg"": null, ""pred_v_mag"": ""mag"", ""x_win_px"": ""X_Win"", ""y_win_px"": ""Y_Win""}",[],"[""pred_heliocentric_distance_au"", ""pred_geocentric_distance_au"", ""pred_solar_elongation_deg"", ""pred_phase_angle_deg""]"
20251206,known_mask15,/processed1/20251206/L4/20251206_matched_asteroids_mask15.fits,True,ok_with_missing_optional,,,3317760,2026-06-19T06:35:05.829355+00:00,1781850905829354725,e3cac99fa37784c830511e9b11ac0074835339dfdd96c6cc13d6d355bbfe1a84,,,1,4253,4253,source_file,"{""asteroid_name"": ""name"", ""asteroid_number"": ""number"", ""epoch_mjd"": ""epoch"", ""flag"": ""Flag"", ""flag_iso_num"": ""Flag_ISO_Num"", ""flux_aper4"": ""Flux_Aper4"", ""fluxerr_aper4"": ""FluxErr_Aper4"", ""fwhm_px"": ""FWHM"", ""mag_aper4"": ""Mag_Aper4"", ""mag_aper8"": ""Mag_Aper8"", ""mag_kron"": ""Mag_Kron"", ""mag_psf"": ""Mag_PSF"", ""magerr_aper4"": ""MagErr_Aper4"", ""magerr_aper8"": ""MagErr_Aper8"", ""magerr_kron"": ""MagErr_Kron"", ""magerr_psf"": ""MagErr_PSF"", ""obj_id"": ""objID"", ""obs_dec_err_deg"": ""DECErr_Win"", ""obs_dec_psf_deg"": ""DEC_PSF"", ""obs_dec_win_deg"": ""DEC_Win"", ""obs_ra_err_deg"": ""RAErr_Win"", ""obs_ra_psf_deg"": ""RA_PSF"", ""obs_ra_win_deg"": ""RA_Win"", ""pred_dec_deg"": ""dec"", ""pred_geocentric_distance_au"": null, ""pred_heliocentric_distance_au"": null, ""pred_phase_angle_deg"": null, ""pred_ra_deg"": ""ra"", ""pred_solar_elongation_deg"": null, ""pred_v_mag"": ""mag"", ""x_win_px"": ""X_Win"", ""y_win_px"": ""Y_Win""}",[],"[""pred_heliocentric_distance_au"", ""pred_geocentric_distance_au"", ""pred_solar_elongation_deg"", ""pred_phase_angle_deg""]"
20251206,unknown_catalog,/processed1/20251206/L4/20251206_unknown_links.fits,True,ok,,,25920,2026-06-19T22:12:02.270861+00:00,1781907122270860874,fe2531946d1f8b3608e98a4850265974bf8978bd7e15f7cf57e69c8fdaca866c,,,1,41,41,image_names,"{""a_au"": ""a_au"", ""argp_deg"": ""argp_deg"", ""best_v1_kms"": ""best_v1_kms"", ""decs_deg"": ""decs_deg"", ""ecc"": ""ecc"", ""exp_pairs"": ""exp_pairs"", ""fit_ok"": ""fit_ok"", ""groups"": ""groups"", ""image_names"": ""image_names"", ""inc_deg"": ""inc_deg"", ""is_good"": ""is_good"", ""lin_dir_deg"": ""lin_dir_deg"", ""lin_rms_arcsec"": ""lin_rms_arcsec"", ""lin_speed_arcsec_per_day"": ""lin_speed_arcsec_per_day"", ""linkage_id"": ""linkage_id"", ""max_arcsec"": ""max_arcsec"", ""med_arcsec"": ""med_arcsec"", ""mjds"": ""mjds"", ""n_obs"": ""n_obs"", ""n_tracklets"": ""n_tracklets"", ""nu_deg"": ""nu_deg"", ""objids"": ""objids"", ""raan_deg"": ""raan_deg"", ""ras_deg"": ""ras_deg"", ""rms_arcsec"": ""rms_arcsec"", ""tracklet_ids"": ""tracklet_ids"", ""trk_sub"": ""trk_sub""}",[],[]
20251206,orbit_links,/home/admin/pipeline/xiaoyunao/data/heliolincrr/20251206/rr_links/orbit_confirm/orbit_links.fits,True,ok,,,227520,2026-05-14T11:45:36.474167+00:00,1778759136474167444,cdda85ae50d867ff1f9d843ed8956a38227dc40dd461bb8389cb0a491ccc5f0c,,,1,759,759,,"{""a_au"": ""a_au"", ""argp_deg"": ""argp_deg"", ""best_rejected_max_v_kms"": ""best_rejected_max_v_kms"", ""best_v1_kms"": ""best_v1_kms"", ""ecc"": ""ecc"", ""fail_counts"": ""fail_counts"", ""fail_reason"": ""fail_reason"", ""final_max_v_kms"": ""final_max_v_kms"", ""fit_ok"": ""fit_ok"", ""hypo_r_au"": ""hypo_r_au"", ""hypo_rdd_au_day2"": ""hypo_rdd_au_day2"", ""hypo_rdot_au_day"": ""hypo_rdot_au_day"", ""inc_deg"": ""inc_deg"", ""inlier_tracklets"": ""inlier_tracklets"", ""is_good"": ""is_good"", ""lin_dir_deg"": ""lin_dir_deg"", ""lin_rms_arcsec"": ""lin_rms_arcsec"", ""lin_speed_arcsec_per_day"": ""lin_speed_arcsec_per_day"", ""linkage_id"": ""linkage_id"", ""max_arcsec"": ""max_arcsec"", ""med_arcsec"": ""med_arcsec"", ""min_rejected_max_v_kms"": ""min_rejected_max_v_kms"", ""n_nights"": ""n_nights"", ""n_obs"": ""n_obs"", ""n_tracklets"": ""n_tracklets"", ""nu_deg"": ""nu_deg"", ""pred_dec_deg"": ""pred_dec_deg"", ""pred_ra_deg"": ""pred_ra_deg"", ""raan_deg"": ""raan_deg"", ""rejected_tracklets"": ""rejected_tracklets"", ""rms_arcsec"": ""rms_arcsec"", ""seed_max_v_kms"": ""seed_max_v_kms"", ""seed_tracklets"": ""seed_tracklets""}",[],[]
20251206,orbit_obs_residuals,/home/admin/pipeline/xiaoyunao/data/heliolincrr/20251206/rr_links/orbit_confirm/orbit_obs_residuals.fits,True,ok,,,224640,2026-05-14T11:45:36.484726+00:00,1778759136484725786,e398b9b1f2c5055edf1c38997eb3604e1d445a07b29744406d9b79f0c867df71,,,1,2285,2285,,"{""dec_deg"": ""dec_deg"", ""linkage_id"": ""linkage_id"", ""mjd"": ""mjd"", ""obs_key"": ""obs_key"", ""ra_deg"": ""ra_deg"", ""resid_arcsec"": ""resid_arcsec"", ""tracklet_id"": ""tracklet_id"", ""used"": ""used""}",[],[]
20251207,known_all,/processed1/20251207/L4/20251207_all_asteroids.fits,True,ok_with_missing_optional,,,35758080,2026-06-19T06:37:24.566704+00:00,1781851044566704365,89adfd233046c68fd13680108f6d0d6ec2445aad3a6c9e97c73cd697365f7a5c,,,1,182408,182408,source_file,"{""asteroid_name"": ""name"", ""asteroid_number"": ""number"", ""epoch_mjd"": ""epoch"", ""pred_dec_deg"": ""dec"", ""pred_geocentric_distance_au"": null, ""pred_heliocentric_distance_au"": null, ""pred_phase_angle_deg"": null, ""pred_ra_deg"": ""ra"", ""pred_solar_elongation_deg"": null, ""pred_v_mag"": ""mag""}",[],"[""pred_heliocentric_distance_au"", ""pred_geocentric_distance_au"", ""pred_solar_elongation_deg"", ""pred_phase_angle_deg""]"
20251207,known_matched,/processed1/20251207/L4/20251207_matched_asteroids.fits,True,ok_with_missing_optional,,,4924800,2026-06-19T06:37:26.961659+00:00,1781851046961658635,c17502f4f483beb3651b4aee03f5012f3cd38d5df74614306621583b8e7c08ec,,,1,6328,6328,source_file,"{""asteroid_name"": ""name"", ""asteroid_number"": ""number"", ""epoch_mjd"": ""epoch"", ""flag"": ""Flag"", ""flag_iso_num"": ""Flag_ISO_Num"", ""flux_aper4"": ""Flux_Aper4"", ""fluxerr_aper4"": ""FluxErr_Aper4"", ""fwhm_px"": ""FWHM"", ""mag_aper4"": ""Mag_Aper4"", ""mag_aper8"": ""Mag_Aper8"", ""mag_kron"": ""Mag_Kron"", ""mag_psf"": ""Mag_PSF"", ""magerr_aper4"": ""MagErr_Aper4"", ""magerr_aper8"": ""MagErr_Aper8"", ""magerr_kron"": ""MagErr_Kron"", ""magerr_psf"": ""MagErr_PSF"", ""obj_id"": ""objID"", ""obs_dec_err_deg"": ""DECErr_Win"", ""obs_dec_psf_deg"": ""DEC_PSF"", ""obs_dec_win_deg"": ""DEC_Win"", ""obs_ra_err_deg"": ""RAErr_Win"", ""obs_ra_psf_deg"": ""RA_PSF"", ""obs_ra_win_deg"": ""RA_Win"", ""pred_dec_deg"": ""dec"", ""pred_geocentric_distance_au"": null, ""pred_heliocentric_distance_au"": null, ""pred_phase_angle_deg"": null, ""pred_ra_deg"": ""ra"", ""pred_solar_elongation_deg"": null, ""pred_v_mag"": ""mag"", ""x_win_px"": ""X_Win"", ""y_win_px"": ""Y_Win""}",[],"[""pred_heliocentric_distance_au"", ""pred_geocentric_distance_au"", ""pred_solar_elongation_deg"", ""pred_phase_angle_deg""]"
20251207,known_mask15,/processed1/20251207/L4/20251207_matched_asteroids_mask15.fits,True,ok_with_missing_optional,,,5106240,2026-06-19T06:37:29.773605+00:00,1781851049773604942,6e0af8487210620268dff9dd3678a5d76cc40338da0ea2731054ad98a5c4617f,,,1,6561,6561,source_file,"{""asteroid_name"": ""name"", ""asteroid_number"": ""number"", ""epoch_mjd"": ""epoch"", ""flag"": ""Flag"", ""flag_iso_num"": ""Flag_ISO_Num"", ""flux_aper4"": ""Flux_Aper4"", ""fluxerr_aper4"": ""FluxErr_Aper4"", ""fwhm_px"": ""FWHM"", ""mag_aper4"": ""Mag_Aper4"", ""mag_aper8"": ""Mag_Aper8"", ""mag_kron"": ""Mag_Kron"", ""mag_psf"": ""Mag_PSF"", ""magerr_aper4"": ""MagErr_Aper4"", ""magerr_aper8"": ""MagErr_Aper8"", ""magerr_kron"": ""MagErr_Kron"", ""magerr_psf"": ""MagErr_PSF"", ""obj_id"": ""objID"", ""obs_dec_err_deg"": ""DECErr_Win"", ""obs_dec_psf_deg"": ""DEC_PSF"", ""obs_dec_win_deg"": ""DEC_Win"", ""obs_ra_err_deg"": ""RAErr_Win"", ""obs_ra_psf_deg"": ""RA_PSF"", ""obs_ra_win_deg"": ""RA_Win"", ""pred_dec_deg"": ""dec"", ""pred_geocentric_distance_au"": null, ""pred_heliocentric_distance_au"": null, ""pred_phase_angle_deg"": null, ""pred_ra_deg"": ""ra"", ""pred_solar_elongation_deg"": null, ""pred_v_mag"": ""mag"", ""x_win_px"": ""X_Win"", ""y_win_px"": ""Y_Win""}",[],"[""pred_heliocentric_distance_au"", ""pred_geocentric_distance_au"", ""pred_solar_elongation_deg"", ""pred_phase_angle_deg""]"
20251207,unknown_catalog,/processed1/20251207/L4/20251207_unknown_links.fits,True,ok,,,54720,2026-06-19T22:22:38.942697+00:00,1781907758942697072,94a3ed26d5805354409c4bdaabfeba0eb3f1d60934b9b451689cdec9e959af33,,,1,111,111,image_names,"{""a_au"": ""a_au"", ""argp_deg"": ""argp_deg"", ""best_v1_kms"": ""best_v1_kms"", ""decs_deg"": ""decs_deg"", ""ecc"": ""ecc"", ""exp_pairs"": ""exp_pairs"", ""fit_ok"": ""fit_ok"", ""groups"": ""groups"", ""image_names"": ""image_names"", ""inc_deg"": ""inc_deg"", ""is_good"": ""is_good"", ""lin_dir_deg"": ""lin_dir_deg"", ""lin_rms_arcsec"": ""lin_rms_arcsec"", ""lin_speed_arcsec_per_day"": ""lin_speed_arcsec_per_day"", ""linkage_id"": ""linkage_id"", ""max_arcsec"": ""max_arcsec"", ""med_arcsec"": ""med_arcsec"", ""mjds"": ""mjds"", ""n_obs"": ""n_obs"", ""n_tracklets"": ""n_tracklets"", ""nu_deg"": ""nu_deg"", ""objids"": ""objids"", ""raan_deg"": ""raan_deg"", ""ras_deg"": ""ras_deg"", ""rms_arcsec"": ""rms_arcsec"", ""tracklet_ids"": ""tracklet_ids"", ""trk_sub"": ""trk_sub""}",[],[]
20251207,orbit_links,/home/admin/pipeline/xiaoyunao/data/heliolincrr/20251207/rr_links/orbit_confirm/orbit_links.fits,True,ok,,,564480,2026-05-14T11:57:50.499087+00:00,1778759870499087053,5fe49955206fe2a42fcc58af5492071ce48a4c76d79040d4b2c2ecc9e81419a3,,,1,1367,1367,,"{""a_au"": ""a_au"", ""argp_deg"": ""argp_deg"", ""best_rejected_max_v_kms"": ""best_rejected_max_v_kms"", ""best_v1_kms"": ""best_v1_kms"", ""ecc"": ""ecc"", ""fail_counts"": ""fail_counts"", ""fail_reason"": ""fail_reason"", ""final_max_v_kms"": ""final_max_v_kms"", ""fit_ok"": ""fit_ok"", ""hypo_r_au"": ""hypo_r_au"", ""hypo_rdd_au_day2"": ""hypo_rdd_au_day2"", ""hypo_rdot_au_day"": ""hypo_rdot_au_day"", ""inc_deg"": ""inc_deg"", ""inlier_tracklets"": ""inlier_tracklets"", ""is_good"": ""is_good"", ""lin_dir_deg"": ""lin_dir_deg"", ""lin_rms_arcsec"": ""lin_rms_arcsec"", ""lin_speed_arcsec_per_day"": ""lin_speed_arcsec_per_day"", ""linkage_id"": ""linkage_id"", ""max_arcsec"": ""max_arcsec"", ""med_arcsec"": ""med_arcsec"", ""min_rejected_max_v_kms"": ""min_rejected_max_v_kms"", ""n_nights"": ""n_nights"", ""n_obs"": ""n_obs"", ""n_tracklets"": ""n_tracklets"", ""nu_deg"": ""nu_deg"", ""pred_dec_deg"": ""pred_dec_deg"", ""pred_ra_deg"": ""pred_ra_deg"", ""raan_deg"": ""raan_deg"", ""rejected_tracklets"": ""rejected_tracklets"", ""rms_arcsec"": ""rms_arcsec"", ""seed_max_v_kms"": ""seed_max_v_kms"", ""seed_tracklets"": ""seed_tracklets""}",[],[]
20251207,orbit_obs_residuals,/home/admin/pipeline/xiaoyunao/data/heliolincrr/20251207/rr_links/orbit_confirm/orbit_obs_residuals.fits,True,ok,,,406080,2026-05-14T11:57:50.511929+00:00,1778759870511928558,edf0729fb7ae3aae0c443da647f4e43ac44b4d2f6d27e434d8ce11f8c50bb13d,,,1,4205,4205,,"{""dec_deg"": ""dec_deg"", ""linkage_id"": ""linkage_id"", ""mjd"": ""mjd"", ""obs_key"": ""obs_key"", ""ra_deg"": ""ra_deg"", ""resid_arcsec"": ""resid_arcsec"", ""tracklet_id"": ""tracklet_id"", ""used"": ""used""}",[],[]
20251208,known_all,/processed1/20251208/L4/20251208_all_asteroids.fits,True,ok_with_missing_optional,,,26121600,2026-06-19T06:41:20.282203+00:00,1781851280282203495,efac003d837c6427823c4fe7938bbf1c010507b3316d4e6c785aa85e24295559,,,1,133243,133243,source_file,"{""asteroid_name"": ""name"", ""asteroid_number"": ""number"", ""epoch_mjd"": ""epoch"", ""pred_dec_deg"": ""dec"", ""pred_geocentric_distance_au"": null, ""pred_heliocentric_distance_au"": null, ""pred_phase_angle_deg"": null, ""pred_ra_deg"": ""ra"", ""pred_solar_elongation_deg"": null, ""pred_v_mag"": ""mag""}",[],"[""pred_heliocentric_distance_au"", ""pred_geocentric_distance_au"", ""pred_solar_elongation_deg"", ""pred_phase_angle_deg""]"
20251208,known_matched,/processed1/20251208/L4/20251208_matched_asteroids.fits,True,ok_with_missing_optional,,,4688640,2026-06-19T06:41:22.242166+00:00,1781851282242166070,60a35bb0d2be18ba6d651e75c7ba8ae8cd1f66a39667c86a82c407b1f2e709fd,,,1,6022,6022,source_file,"{""asteroid_name"": ""name"", ""asteroid_number"": ""number"", ""epoch_mjd"": ""epoch"", ""flag"": ""Flag"", ""flag_iso_num"": ""Flag_ISO_Num"", ""flux_aper4"": ""Flux_Aper4"", ""fluxerr_aper4"": ""FluxErr_Aper4"", ""fwhm_px"": ""FWHM"", ""mag_aper4"": ""Mag_Aper4"", ""mag_aper8"": ""Mag_Aper8"", ""mag_kron"": ""Mag_Kron"", ""mag_psf"": ""Mag_PSF"", ""magerr_aper4"": ""MagErr_Aper4"", ""magerr_aper8"": ""MagErr_Aper8"", ""magerr_kron"": ""MagErr_Kron"", ""magerr_psf"": ""MagErr_PSF"", ""obj_id"": ""objID"", ""obs_dec_err_deg"": ""DECErr_Win"", ""obs_dec_psf_deg"": ""DEC_PSF"", ""obs_dec_win_deg"": ""DEC_Win"", ""obs_ra_err_deg"": ""RAErr_Win"", ""obs_ra_psf_deg"": ""RA_PSF"", ""obs_ra_win_deg"": ""RA_Win"", ""pred_dec_deg"": ""dec"", ""pred_geocentric_distance_au"": null, ""pred_heliocentric_distance_au"": null, ""pred_phase_angle_deg"": null, ""pred_ra_deg"": ""ra"", ""pred_solar_elongation_deg"": null, ""pred_v_mag"": ""mag"", ""x_win_px"": ""X_Win"", ""y_win_px"": ""Y_Win""}",[],"[""pred_heliocentric_distance_au"", ""pred_geocentric_distance_au"", ""pred_solar_elongation_deg"", ""pred_phase_angle_deg""]"
20251208,known_mask15,/processed1/20251208/L4/20251208_matched_asteroids_mask15.fits,True,ok_with_missing_optional,,,4812480,2026-06-19T06:41:24.199129+00:00,1781851284199128703,3f021ff4ed12c7b1d72acb6b4deb35426af161dd038a19783eccd54d937e49e5,,,1,6183,6183,source_file,"{""asteroid_name"": ""name"", ""asteroid_number"": ""number"", ""epoch_mjd"": ""epoch"", ""flag"": ""Flag"", ""flag_iso_num"": ""Flag_ISO_Num"", ""flux_aper4"": ""Flux_Aper4"", ""fluxerr_aper4"": ""FluxErr_Aper4"", ""fwhm_px"": ""FWHM"", ""mag_aper4"": ""Mag_Aper4"", ""mag_aper8"": ""Mag_Aper8"", ""mag_kron"": ""Mag_Kron"", ""mag_psf"": ""Mag_PSF"", ""magerr_aper4"": ""MagErr_Aper4"", ""magerr_aper8"": ""MagErr_Aper8"", ""magerr_kron"": ""MagErr_Kron"", ""magerr_psf"": ""MagErr_PSF"", ""obj_id"": ""objID"", ""obs_dec_err_deg"": ""DECErr_Win"", ""obs_dec_psf_deg"": ""DEC_PSF"", ""obs_dec_win_deg"": ""DEC_Win"", ""obs_ra_err_deg"": ""RAErr_Win"", ""obs_ra_psf_deg"": ""RA_PSF"", ""obs_ra_win_deg"": ""RA_Win"", ""pred_dec_deg"": ""dec"", ""pred_geocentric_distance_au"": null, ""pred_heliocentric_distance_au"": null, ""pred_phase_angle_deg"": null, ""pred_ra_deg"": ""ra"", ""pred_solar_elongation_deg"": null, ""pred_v_mag"": ""mag"", ""x_win_px"": ""X_Win"", ""y_win_px"": ""Y_Win""}",[],"[""pred_heliocentric_distance_au"", ""pred_geocentric_distance_au"", ""pred_solar_elongation_deg"", ""pred_phase_angle_deg""]"
20251208,unknown_catalog,/processed1/20251208/L4/20251208_unknown_links.fits,True,ok,,,28800,2026-06-19T22:49:39.118710+00:00,1781909379118709481,16d54b95ad6fb050aec3ad01025bda63c65b7481040bfd71581ddcebb7691706,,,1,46,46,image_names,"{""a_au"": ""a_au"", ""argp_deg"": ""argp_deg"", ""best_v1_kms"": ""best_v1_kms"", ""decs_deg"": ""decs_deg"", ""ecc"": ""ecc"", ""exp_pairs"": ""exp_pairs"", ""fit_ok"": ""fit_ok"", ""groups"": ""groups"", ""image_names"": ""image_names"", ""inc_deg"": ""inc_deg"", ""is_good"": ""is_good"", ""lin_dir_deg"": ""lin_dir_deg"", ""lin_rms_arcsec"": ""lin_rms_arcsec"", ""lin_speed_arcsec_per_day"": ""lin_speed_arcsec_per_day"", ""linkage_id"": ""linkage_id"", ""max_arcsec"": ""max_arcsec"", ""med_arcsec"": ""med_arcsec"", ""mjds"": ""mjds"", ""n_obs"": ""n_obs"", ""n_tracklets"": ""n_tracklets"", ""nu_deg"": ""nu_deg"", ""objids"": ""objids"", ""raan_deg"": ""raan_deg"", ""ras_deg"": ""ras_deg"", ""rms_arcsec"": ""rms_arcsec"", ""tracklet_ids"": ""tracklet_ids"", ""trk_sub"": ""trk_sub""}",[],[]
20251208,orbit_links,/home/admin/pipeline/xiaoyunao/data/heliolincrr/20251208/rr_links/orbit_confirm/orbit_links.fits,True,ok,,,423360,2026-05-14T12:26:08.139939+00:00,1778761568139939168,8dafc6fcb6a83357f5f9d5d98c18b066fd4315b8423056cf576941aa6cb997c5,,,1,1185,1185,,"{""a_au"": ""a_au"", ""argp_deg"": ""argp_deg"", ""best_rejected_max_v_kms"": ""best_rejected_max_v_kms"", ""best_v1_kms"": ""best_v1_kms"", ""ecc"": ""ecc"", ""fail_counts"": ""fail_counts"", ""fail_reason"": ""fail_reason"", ""final_max_v_kms"": ""final_max_v_kms"", ""fit_ok"": ""fit_ok"", ""hypo_r_au"": ""hypo_r_au"", ""hypo_rdd_au_day2"": ""hypo_rdd_au_day2"", ""hypo_rdot_au_day"": ""hypo_rdot_au_day"", ""inc_deg"": ""inc_deg"", ""inlier_tracklets"": ""inlier_tracklets"", ""is_good"": ""is_good"", ""lin_dir_deg"": ""lin_dir_deg"", ""lin_rms_arcsec"": ""lin_rms_arcsec"", ""lin_speed_arcsec_per_day"": ""lin_speed_arcsec_per_day"", ""linkage_id"": ""linkage_id"", ""max_arcsec"": ""max_arcsec"", ""med_arcsec"": ""med_arcsec"", ""min_rejected_max_v_kms"": ""min_rejected_max_v_kms"", ""n_nights"": ""n_nights"", ""n_obs"": ""n_obs"", ""n_tracklets"": ""n_tracklets"", ""nu_deg"": ""nu_deg"", ""pred_dec_deg"": ""pred_dec_deg"", ""pred_ra_deg"": ""pred_ra_deg"", ""raan_deg"": ""raan_deg"", ""rejected_tracklets"": ""rejected_tracklets"", ""rms_arcsec"": ""rms_arcsec"", ""seed_max_v_kms"": ""seed_max_v_kms"", ""seed_tracklets"": ""seed_tracklets""}",[],[]
20251208,orbit_obs_residuals,/home/admin/pipeline/xiaoyunao/data/heliolincrr/20251208/rr_links/orbit_confirm/orbit_obs_residuals.fits,True,ok,,,348480,2026-05-14T12:26:08.152553+00:00,1778761568152552765,dd8921ad5b8968f1acf9a6de9c98105bfa55a81a6e6d80174ea3880a48dc25e0,,,1,3598,3598,,"{""dec_deg"": ""dec_deg"", ""linkage_id"": ""linkage_id"", ""mjd"": ""mjd"", ""obs_key"": ""obs_key"", ""ra_deg"": ""ra_deg"", ""resid_arcsec"": ""resid_arcsec"", ""tracklet_id"": ""tracklet_id"", ""used"": ""used""}",[],[]
20251209,known_all,/processed1/20251209/L4/20251209_all_asteroids.fits,True,ok_with_missing_optional,,,34522560,2026-06-19T07:03:03.411316+00:00,1781852583411316455,8e8fd1c48c8291faffd1069ce5c2594c2c3f3748f344acd215108cadba3d73dc,,,1,176099,176099,source_file,"{""asteroid_name"": ""name"", ""asteroid_number"": ""number"", ""epoch_mjd"": ""epoch"", ""pred_dec_deg"": ""dec"", ""pred_geocentric_distance_au"": null, ""pred_heliocentric_distance_au"": null, ""pred_phase_angle_deg"": null, ""pred_ra_deg"": ""ra"", ""pred_solar_elongation_deg"": null, ""pred_v_mag"": ""mag""}",[],"[""pred_heliocentric_distance_au"", ""pred_geocentric_distance_au"", ""pred_solar_elongation_deg"", ""pred_phase_angle_deg""]"
20251209,known_matched,/processed1/20251209/L4/20251209_matched_asteroids.fits,True,ok_with_missing_optional,,,5123520,2026-06-19T07:03:04.461296+00:00,1781852584461296398,e97dfb501eaacab8e2c430d7c0f2542b67d2b8ab5f0f66b637387b30ca4ed2c5,,,1,6585,6585,source_file,"{""asteroid_name"": ""name"", ""asteroid_number"": ""number"", ""epoch_mjd"": ""epoch"", ""flag"": ""Flag"", ""flag_iso_num"": ""Flag_ISO_Num"", ""flux_aper4"": ""Flux_Aper4"", ""fluxerr_aper4"": ""FluxErr_Aper4"", ""fwhm_px"": ""FWHM"", ""mag_aper4"": ""Mag_Aper4"", ""mag_aper8"": ""Mag_Aper8"", ""mag_kron"": ""Mag_Kron"", ""mag_psf"": ""Mag_PSF"", ""magerr_aper4"": ""MagErr_Aper4"", ""magerr_aper8"": ""MagErr_Aper8"", ""magerr_kron"": ""MagErr_Kron"", ""magerr_psf"": ""MagErr_PSF"", ""obj_id"": ""objID"", ""obs_dec_err_deg"": ""DECErr_Win"", ""obs_dec_psf_deg"": ""DEC_PSF"", ""obs_dec_win_deg"": ""DEC_Win"", ""obs_ra_err_deg"": ""RAErr_Win"", ""obs_ra_psf_deg"": ""RA_PSF"", ""obs_ra_win_deg"": ""RA_Win"", ""pred_dec_deg"": ""dec"", ""pred_geocentric_distance_au"": null, ""pred_heliocentric_distance_au"": null, ""pred_phase_angle_deg"": null, ""pred_ra_deg"": ""ra"", ""pred_solar_elongation_deg"": null, ""pred_v_mag"": ""mag"", ""x_win_px"": ""X_Win"", ""y_win_px"": ""Y_Win""}",[],"[""pred_heliocentric_distance_au"", ""pred_geocentric_distance_au"", ""pred_solar_elongation_deg"", ""pred_phase_angle_deg""]"
20251209,known_mask15,/processed1/20251209/L4/20251209_matched_asteroids_mask15.fits,True,ok_with_missing_optional,,,5379840,2026-06-19T07:03:05.483277+00:00,1781852585483276875,a86f96bfa9301286d8a231600531c6a8f1b7d13e7624b01e17dc29d1afb9d771,,,1,6914,6914,source_file,"{""asteroid_name"": ""name"", ""asteroid_number"": ""number"", ""epoch_mjd"": ""epoch"", ""flag"": ""Flag"", ""flag_iso_num"": ""Flag_ISO_Num"", ""flux_aper4"": ""Flux_Aper4"", ""fluxerr_aper4"": ""FluxErr_Aper4"", ""fwhm_px"": ""FWHM"", ""mag_aper4"": ""Mag_Aper4"", ""mag_aper8"": ""Mag_Aper8"", ""mag_kron"": ""Mag_Kron"", ""mag_psf"": ""Mag_PSF"", ""magerr_aper4"": ""MagErr_Aper4"", ""magerr_aper8"": ""MagErr_Aper8"", ""magerr_kron"": ""MagErr_Kron"", ""magerr_psf"": ""MagErr_PSF"", ""obj_id"": ""objID"", ""obs_dec_err_deg"": ""DECErr_Win"", ""obs_dec_psf_deg"": ""DEC_PSF"", ""obs_dec_win_deg"": ""DEC_Win"", ""obs_ra_err_deg"": ""RAErr_Win"", ""obs_ra_psf_deg"": ""RA_PSF"", ""obs_ra_win_deg"": ""RA_Win"", ""pred_dec_deg"": ""dec"", ""pred_geocentric_distance_au"": null, ""pred_heliocentric_distance_au"": null, ""pred_phase_angle_deg"": null, ""pred_ra_deg"": ""ra"", ""pred_solar_elongation_deg"": null, ""pred_v_mag"": ""mag"", ""x_win_px"": ""X_Win"", ""y_win_px"": ""Y_Win""}",[],"[""pred_heliocentric_distance_au"", ""pred_geocentric_distance_au"", ""pred_solar_elongation_deg"", ""pred_phase_angle_deg""]"
20251209,unknown_catalog,/processed1/20251209/L4/20251209_unknown_links.fits,True,ok,,,43200,2026-06-19T23:01:31.771083+00:00,1781910091771083351,94e3033ff78f16612505e97cb0862f8d6e3f8bbdfb2b26dcdd46523a6db13aa8,,,1,82,82,image_names,"{""a_au"": ""a_au"", ""argp_deg"": ""argp_deg"", ""best_v1_kms"": ""best_v1_kms"", ""decs_deg"": ""decs_deg"", ""ecc"": ""ecc"", ""exp_pairs"": ""exp_pairs"", ""fit_ok"": ""fit_ok"", ""groups"": ""groups"", ""image_names"": ""image_names"", ""inc_deg"": ""inc_deg"", ""is_good"": ""is_good"", ""lin_dir_deg"": ""lin_dir_deg"", ""lin_rms_arcsec"": ""lin_rms_arcsec"", ""lin_speed_arcsec_per_day"": ""lin_speed_arcsec_per_day"", ""linkage_id"": ""linkage_id"", ""max_arcsec"": ""max_arcsec"", ""med_arcsec"": ""med_arcsec"", ""mjds"": ""mjds"", ""n_obs"": ""n_obs"", ""n_tracklets"": ""n_tracklets"", ""nu_deg"": ""nu_deg"", ""objids"": ""objids"", ""raan_deg"": ""raan_deg"", ""ras_deg"": ""ras_deg"", ""rms_arcsec"": ""rms_arcsec"", ""tracklet_ids"": ""tracklet_ids"", ""trk_sub"": ""trk_sub""}",[],[]
20251209,orbit_links,/home/admin/pipeline/xiaoyunao/data/heliolincrr/20251209/rr_links/orbit_confirm/orbit_links.fits,True,ok,,,501120,2026-05-14T12:40:42.593088+00:00,1778762442593087637,4d3091179a2b5ac0aa1ca77fa83e8e70eac56b87600502f515aa6cc80140b201,,,1,1257,1257,,"{""a_au"": ""a_au"", ""argp_deg"": ""argp_deg"", ""best_rejected_max_v_kms"": ""best_rejected_max_v_kms"", ""best_v1_kms"": ""best_v1_kms"", ""ecc"": ""ecc"", ""fail_counts"": ""fail_counts"", ""fail_reason"": ""fail_reason"", ""final_max_v_kms"": ""final_max_v_kms"", ""fit_ok"": ""fit_ok"", ""hypo_r_au"": ""hypo_r_au"", ""hypo_rdd_au_day2"": ""hypo_rdd_au_day2"", ""hypo_rdot_au_day"": ""hypo_rdot_au_day"", ""inc_deg"": ""inc_deg"", ""inlier_tracklets"": ""inlier_tracklets"", ""is_good"": ""is_good"", ""lin_dir_deg"": ""lin_dir_deg"", ""lin_rms_arcsec"": ""lin_rms_arcsec"", ""lin_speed_arcsec_per_day"": ""lin_speed_arcsec_per_day"", ""linkage_id"": ""linkage_id"", ""max_arcsec"": ""max_arcsec"", ""med_arcsec"": ""med_arcsec"", ""min_rejected_max_v_kms"": ""min_rejected_max_v_kms"", ""n_nights"": ""n_nights"", ""n_obs"": ""n_obs"", ""n_tracklets"": ""n_tracklets"", ""nu_deg"": ""nu_deg"", ""pred_dec_deg"": ""pred_dec_deg"", ""pred_ra_deg"": ""pred_ra_deg"", ""raan_deg"": ""raan_deg"", ""rejected_tracklets"": ""rejected_tracklets"", ""rms_arcsec"": ""rms_arcsec"", ""seed_max_v_kms"": ""seed_max_v_kms"", ""seed_tracklets"": ""seed_tracklets""}",[],[]
20251209,orbit_obs_residuals,/home/admin/pipeline/xiaoyunao/data/heliolincrr/20251209/rr_links/orbit_confirm/orbit_obs_residuals.fits,True,ok,,,371520,2026-05-14T12:40:42.605278+00:00,1778762442605278556,06feff96e02734f4b191c39c7895cb4b1334e067bea022e16d1996e945e9a0ba,,,1,3801,3801,,"{""dec_deg"": ""dec_deg"", ""linkage_id"": ""linkage_id"", ""mjd"": ""mjd"", ""obs_key"": ""obs_key"", ""ra_deg"": ""ra_deg"", ""resid_arcsec"": ""resid_arcsec"", ""tracklet_id"": ""tracklet_id"", ""used"": ""used""}",[],[]
20251210,known_all,/processed1/20251210/L4/20251210_all_asteroids.fits,True,ok_with_missing_optional,,,26159040,2026-06-19T07:06:08.589779+00:00,1781852768589779033,940ea82413c6b80d6b8e4c2e4b343dcb562f63b22ec5f525895be724204db33a,,,1,133427,133427,source_file,"{""asteroid_name"": ""name"", ""asteroid_number"": ""number"", ""epoch_mjd"": ""epoch"", ""pred_dec_deg"": ""dec"", ""pred_geocentric_distance_au"": null, ""pred_heliocentric_distance_au"": null, ""pred_phase_angle_deg"": null, ""pred_ra_deg"": ""ra"", ""pred_solar_elongation_deg"": null, ""pred_v_mag"": ""mag""}",[],"[""pred_heliocentric_distance_au"", ""pred_geocentric_distance_au"", ""pred_solar_elongation_deg"", ""pred_phase_angle_deg""]"
20251210,known_matched,/processed1/20251210/L4/20251210_matched_asteroids.fits,True,ok_with_missing_optional,,,5736960,2026-06-19T07:06:09.524761+00:00,1781852769524761172,72d3b7f8b45544dabdb5d3605fbffebc7b0fb4335e4edc93af4ddaabbfb5c6fb,,,1,7375,7375,source_file,"{""asteroid_name"": ""name"", ""asteroid_number"": ""number"", ""epoch_mjd"": ""epoch"", ""flag"": ""Flag"", ""flag_iso_num"": ""Flag_ISO_Num"", ""flux_aper4"": ""Flux_Aper4"", ""fluxerr_aper4"": ""FluxErr_Aper4"", ""fwhm_px"": ""FWHM"", ""mag_aper4"": ""Mag_Aper4"", ""mag_aper8"": ""Mag_Aper8"", ""mag_kron"": ""Mag_Kron"", ""mag_psf"": ""Mag_PSF"", ""magerr_aper4"": ""MagErr_Aper4"", ""magerr_aper8"": ""MagErr_Aper8"", ""magerr_kron"": ""MagErr_Kron"", ""magerr_psf"": ""MagErr_PSF"", ""obj_id"": ""objID"", ""obs_dec_err_deg"": ""DECErr_Win"", ""obs_dec_psf_deg"": ""DEC_PSF"", ""obs_dec_win_deg"": ""DEC_Win"", ""obs_ra_err_deg"": ""RAErr_Win"", ""obs_ra_psf_deg"": ""RA_PSF"", ""obs_ra_win_deg"": ""RA_Win"", ""pred_dec_deg"": ""dec"", ""pred_geocentric_distance_au"": null, ""pred_heliocentric_distance_au"": null, ""pred_phase_angle_deg"": null, ""pred_ra_deg"": ""ra"", ""pred_solar_elongation_deg"": null, ""pred_v_mag"": ""mag"", ""x_win_px"": ""X_Win"", ""y_win_px"": ""Y_Win""}",[],"[""pred_heliocentric_distance_au"", ""pred_geocentric_distance_au"", ""pred_solar_elongation_deg"", ""pred_phase_angle_deg""]"
20251210,known_mask15,/processed1/20251210/L4/20251210_matched_asteroids_mask15.fits,True,ok_with_missing_optional,,,5987520,2026-06-19T07:06:10.441744+00:00,1781852770441743655,a21453d5e202062e8e093f1d09205c1480eeb578df7edc58ee79e95d21da1cb5,,,1,7701,7701,source_file,"{""asteroid_name"": ""name"", ""asteroid_number"": ""number"", ""epoch_mjd"": ""epoch"", ""flag"": ""Flag"", ""flag_iso_num"": ""Flag_ISO_Num"", ""flux_aper4"": ""Flux_Aper4"", ""fluxerr_aper4"": ""FluxErr_Aper4"", ""fwhm_px"": ""FWHM"", ""mag_aper4"": ""Mag_Aper4"", ""mag_aper8"": ""Mag_Aper8"", ""mag_kron"": ""Mag_Kron"", ""mag_psf"": ""Mag_PSF"", ""magerr_aper4"": ""MagErr_Aper4"", ""magerr_aper8"": ""MagErr_Aper8"", ""magerr_kron"": ""MagErr_Kron"", ""magerr_psf"": ""MagErr_PSF"", ""obj_id"": ""objID"", ""obs_dec_err_deg"": ""DECErr_Win"", ""obs_dec_psf_deg"": ""DEC_PSF"", ""obs_dec_win_deg"": ""DEC_Win"", ""obs_ra_err_deg"": ""RAErr_Win"", ""obs_ra_psf_deg"": ""RA_PSF"", ""obs_ra_win_deg"": ""RA_Win"", ""pred_dec_deg"": ""dec"", ""pred_geocentric_distance_au"": null, ""pred_heliocentric_distance_au"": null, ""pred_phase_angle_deg"": null, ""pred_ra_deg"": ""ra"", ""pred_solar_elongation_deg"": null, ""pred_v_mag"": ""mag"", ""x_win_px"": ""X_Win"", ""y_win_px"": ""Y_Win""}",[],"[""pred_heliocentric_distance_au"", ""pred_geocentric_distance_au"", ""pred_solar_elongation_deg"", ""pred_phase_angle_deg""]"
20251210,unknown_catalog,/processed1/20251210/L4/20251210_unknown_links.fits,True,ok,,,37440,2026-06-19T23:22:06.409462+00:00,1781911326409461985,0c3416ca79ed563b55a8a8ce5e54fb471bd8f52227c16b14ff41ff1108535040,,,1,69,69,image_names,"{""a_au"": ""a_au"", ""argp_deg"": ""argp_deg"", ""best_v1_kms"": ""best_v1_kms"", ""decs_deg"": ""decs_deg"", ""ecc"": ""ecc"", ""exp_pairs"": ""exp_pairs"", ""fit_ok"": ""fit_ok"", ""groups"": ""groups"", ""image_names"": ""image_names"", ""inc_deg"": ""inc_deg"", ""is_good"": ""is_good"", ""lin_dir_deg"": ""lin_dir_deg"", ""lin_rms_arcsec"": ""lin_rms_arcsec"", ""lin_speed_arcsec_per_day"": ""lin_speed_arcsec_per_day"", ""linkage_id"": ""linkage_id"", ""max_arcsec"": ""max_arcsec"", ""med_arcsec"": ""med_arcsec"", ""mjds"": ""mjds"", ""n_obs"": ""n_obs"", ""n_tracklets"": ""n_tracklets"", ""nu_deg"": ""nu_deg"", ""objids"": ""objids"", ""raan_deg"": ""raan_deg"", ""ras_deg"": ""ras_deg"", ""rms_arcsec"": ""rms_arcsec"", ""tracklet_ids"": ""tracklet_ids"", ""trk_sub"": ""trk_sub""}",[],[]
20251210,orbit_links,/home/admin/pipeline/xiaoyunao/data/heliolincrr/20251210/rr_links/orbit_confirm/orbit_links.fits,True,ok,,,567360,2026-05-14T13:03:56.670084+00:00,1778763836670084024,3deb104deb6ed58afac4fdcfef8c0c8a1362bdb63947848e16e2c6f74a4f0f60,,,1,1426,1426,,"{""a_au"": ""a_au"", ""argp_deg"": ""argp_deg"", ""best_rejected_max_v_kms"": ""best_rejected_max_v_kms"", ""best_v1_kms"": ""best_v1_kms"", ""ecc"": ""ecc"", ""fail_counts"": ""fail_counts"", ""fail_reason"": ""fail_reason"", ""final_max_v_kms"": ""final_max_v_kms"", ""fit_ok"": ""fit_ok"", ""hypo_r_au"": ""hypo_r_au"", ""hypo_rdd_au_day2"": ""hypo_rdd_au_day2"", ""hypo_rdot_au_day"": ""hypo_rdot_au_day"", ""inc_deg"": ""inc_deg"", ""inlier_tracklets"": ""inlier_tracklets"", ""is_good"": ""is_good"", ""lin_dir_deg"": ""lin_dir_deg"", ""lin_rms_arcsec"": ""lin_rms_arcsec"", ""lin_speed_arcsec_per_day"": ""lin_speed_arcsec_per_day"", ""linkage_id"": ""linkage_id"", ""max_arcsec"": ""max_arcsec"", ""med_arcsec"": ""med_arcsec"", ""min_rejected_max_v_kms"": ""min_rejected_max_v_kms"", ""n_nights"": ""n_nights"", ""n_obs"": ""n_obs"", ""n_tracklets"": ""n_tracklets"", ""nu_deg"": ""nu_deg"", ""pred_dec_deg"": ""pred_dec_deg"", ""pred_ra_deg"": ""pred_ra_deg"", ""raan_deg"": ""raan_deg"", ""rejected_tracklets"": ""rejected_tracklets"", ""rms_arcsec"": ""rms_arcsec"", ""seed_max_v_kms"": ""seed_max_v_kms"", ""seed_tracklets"": ""seed_tracklets""}",[],[]
20251210,orbit_obs_residuals,/home/admin/pipeline/xiaoyunao/data/heliolincrr/20251210/rr_links/orbit_confirm/orbit_obs_residuals.fits,True,ok,,,426240,2026-05-14T13:03:56.683084+00:00,1778763836683084021,482aea7b66a2665e653ad3d8b90e8e8266134c376d3c48e1d7827910f0c99bb2,,,1,4362,4362,,"{""dec_deg"": ""dec_deg"", ""linkage_id"": ""linkage_id"", ""mjd"": ""mjd"", ""obs_key"": ""obs_key"", ""ra_deg"": ""ra_deg"", ""resid_arcsec"": ""resid_arcsec"", ""tracklet_id"": ""tracklet_id"", ""used"": ""used""}",[],[]
20251211,known_all,/processed1/20251211/L4/20251211_all_asteroids.fits,False,missing,,,0,,0,,,,1,0,0,,{},[],[]
20251211,known_matched,/processed1/20251211/L4/20251211_matched_asteroids.fits,False,missing,,,0,,0,,,,1,0,0,,{},[],[]
20251211,known_mask15,/processed1/20251211/L4/20251211_matched_asteroids_mask15.fits,False,missing,,,0,,0,,,,1,0,0,,{},[],[]
20251211,unknown_catalog,/processed1/20251211/L4/20251211_unknown_links.fits,False,missing,,,0,,0,,,,1,0,0,,{},[],[]
20251211,orbit_links,/home/admin/pipeline/xiaoyunao/data/heliolincrr/20251211/rr_links/orbit_confirm/orbit_links.fits,False,missing,,,0,,0,,,,1,0,0,,{},[],[]
20251211,orbit_obs_residuals,/home/admin/pipeline/xiaoyunao/data/heliolincrr/20251211/rr_links/orbit_confirm/orbit_obs_residuals.fits,False,missing,,,0,,0,,,,1,0,0,,{},[],[]
20251212,known_all,/processed1/20251212/L4/20251212_all_asteroids.fits,False,missing,,,0,,0,,,,1,0,0,,{},[],[]
20251212,known_matched,/processed1/20251212/L4/20251212_matched_asteroids.fits,False,missing,,,0,,0,,,,1,0,0,,{},[],[]
20251212,known_mask15,/processed1/20251212/L4/20251212_matched_asteroids_mask15.fits,False,missing,,,0,,0,,,,1,0,0,,{},[],[]
20251212,unknown_catalog,/processed1/20251212/L4/20251212_unknown_links.fits,False,missing,,,0,,0,,,,1,0,0,,{},[],[]
20251212,orbit_links,/home/admin/pipeline/xiaoyunao/data/heliolincrr/20251212/rr_links/orbit_confirm/orbit_links.fits,False,missing,,,0,,0,,,,1,0,0,,{},[],[]
20251212,orbit_obs_residuals,/home/admin/pipeline/xiaoyunao/data/heliolincrr/20251212/rr_links/orbit_confirm/orbit_obs_residuals.fits,False,missing,,,0,,0,,,,1,0,0,,{},[],[]
20251213,known_all,/processed1/20251213/L4/20251213_all_asteroids.fits,True,ok_with_missing_optional,,,30807360,2026-06-19T07:08:49.184711+00:00,1781852929184711224,61ad0875b46e950197df9a8ef07829a181b1cdbeffc04b87bbddc99e25e6effd,,,1,157148,157148,source_file,"{""asteroid_name"": ""name"", ""asteroid_number"": ""number"", ""epoch_mjd"": ""epoch"", ""pred_dec_deg"": ""dec"", ""pred_geocentric_distance_au"": null, ""pred_heliocentric_distance_au"": null, ""pred_phase_angle_deg"": null, ""pred_ra_deg"": ""ra"", ""pred_solar_elongation_deg"": null, ""pred_v_mag"": ""mag""}",[],"[""pred_heliocentric_distance_au"", ""pred_geocentric_distance_au"", ""pred_solar_elongation_deg"", ""pred_phase_angle_deg""]"
20251213,known_matched,/processed1/20251213/L4/20251213_matched_asteroids.fits,True,ok_with_missing_optional,,,5711040,2026-06-19T07:08:50.043695+00:00,1781852930043694815,95aa7a2418e84c314626f62ff0a380854e4b20da543f484aa86338fe07a904dd,,,1,7344,7344,source_file,"{""asteroid_name"": ""name"", ""asteroid_number"": ""number"", ""epoch_mjd"": ""epoch"", ""flag"": ""Flag"", ""flag_iso_num"": ""Flag_ISO_Num"", ""flux_aper4"": ""Flux_Aper4"", ""fluxerr_aper4"": ""FluxErr_Aper4"", ""fwhm_px"": ""FWHM"", ""mag_aper4"": ""Mag_Aper4"", ""mag_aper8"": ""Mag_Aper8"", ""mag_kron"": ""Mag_Kron"", ""mag_psf"": ""Mag_PSF"", ""magerr_aper4"": ""MagErr_Aper4"", ""magerr_aper8"": ""MagErr_Aper8"", ""magerr_kron"": ""MagErr_Kron"", ""magerr_psf"": ""MagErr_PSF"", ""obj_id"": ""objID"", ""obs_dec_err_deg"": ""DECErr_Win"", ""obs_dec_psf_deg"": ""DEC_PSF"", ""obs_dec_win_deg"": ""DEC_Win"", ""obs_ra_err_deg"": ""RAErr_Win"", ""obs_ra_psf_deg"": ""RA_PSF"", ""obs_ra_win_deg"": ""RA_Win"", ""pred_dec_deg"": ""dec"", ""pred_geocentric_distance_au"": null, ""pred_heliocentric_distance_au"": null, ""pred_phase_angle_deg"": null, ""pred_ra_deg"": ""ra"", ""pred_solar_elongation_deg"": null, ""pred_v_mag"": ""mag"", ""x_win_px"": ""X_Win"", ""y_win_px"": ""Y_Win""}",[],"[""pred_heliocentric_distance_au"", ""pred_geocentric_distance_au"", ""pred_solar_elongation_deg"", ""pred_phase_angle_deg""]"
20251213,known_mask15,/processed1/20251213/L4/20251213_matched_asteroids_mask15.fits,True,ok_with_missing_optional,,,6076800,2026-06-19T07:08:50.878679+00:00,1781852930878678865,4e409a73dc962ed20e384df262303f3c30d856ce8eb94eb5b7233a5b246140e6,,,1,7816,7816,source_file,"{""asteroid_name"": ""name"", ""asteroid_number"": ""number"", ""epoch_mjd"": ""epoch"", ""flag"": ""Flag"", ""flag_iso_num"": ""Flag_ISO_Num"", ""flux_aper4"": ""Flux_Aper4"", ""fluxerr_aper4"": ""FluxErr_Aper4"", ""fwhm_px"": ""FWHM"", ""mag_aper4"": ""Mag_Aper4"", ""mag_aper8"": ""Mag_Aper8"", ""mag_kron"": ""Mag_Kron"", ""mag_psf"": ""Mag_PSF"", ""magerr_aper4"": ""MagErr_Aper4"", ""magerr_aper8"": ""MagErr_Aper8"", ""magerr_kron"": ""MagErr_Kron"", ""magerr_psf"": ""MagErr_PSF"", ""obj_id"": ""objID"", ""obs_dec_err_deg"": ""DECErr_Win"", ""obs_dec_psf_deg"": ""DEC_PSF"", ""obs_dec_win_deg"": ""DEC_Win"", ""obs_ra_err_deg"": ""RAErr_Win"", ""obs_ra_psf_deg"": ""RA_PSF"", ""obs_ra_win_deg"": ""RA_Win"", ""pred_dec_deg"": ""dec"", ""pred_geocentric_distance_au"": null, ""pred_heliocentric_distance_au"": null, ""pred_phase_angle_deg"": null, ""pred_ra_deg"": ""ra"", ""pred_solar_elongation_deg"": null, ""pred_v_mag"": ""mag"", ""x_win_px"": ""X_Win"", ""y_win_px"": ""Y_Win""}",[],"[""pred_heliocentric_distance_au"", ""pred_geocentric_distance_au"", ""pred_solar_elongation_deg"", ""pred_phase_angle_deg""]"
20251213,unknown_catalog,/processed1/20251213/L4/20251213_unknown_links.fits,True,ok,,,28800,2026-06-19T23:39:25.333577+00:00,1781912365333576664,892a484d5348dfc9584127341659cb99c4a7ef7c408eb59c5f0c8d2957885ad7,,,1,43,43,image_names,"{""a_au"": ""a_au"", ""argp_deg"": ""argp_deg"", ""best_v1_kms"": ""best_v1_kms"", ""decs_deg"": ""decs_deg"", ""ecc"": ""ecc"", ""exp_pairs"": ""exp_pairs"", ""fit_ok"": ""fit_ok"", ""groups"": ""groups"", ""image_names"": ""image_names"", ""inc_deg"": ""inc_deg"", ""is_good"": ""is_good"", ""lin_dir_deg"": ""lin_dir_deg"", ""lin_rms_arcsec"": ""lin_rms_arcsec"", ""lin_speed_arcsec_per_day"": ""lin_speed_arcsec_per_day"", ""linkage_id"": ""linkage_id"", ""max_arcsec"": ""max_arcsec"", ""med_arcsec"": ""med_arcsec"", ""mjds"": ""mjds"", ""n_obs"": ""n_obs"", ""n_tracklets"": ""n_tracklets"", ""nu_deg"": ""nu_deg"", ""objids"": ""objids"", ""raan_deg"": ""raan_deg"", ""ras_deg"": ""ras_deg"", ""rms_arcsec"": ""rms_arcsec"", ""tracklet_ids"": ""tracklet_ids"", ""trk_sub"": ""trk_sub""}",[],[]
20251213,orbit_links,/home/admin/pipeline/xiaoyunao/data/heliolincrr/20251213/rr_links/orbit_confirm/orbit_links.fits,True,ok,,,262080,2026-05-14T13:23:19.373112+00:00,1778764999373111654,1843fcfc5991137638b6e89459f04e3214b485518d61957e2f743a141b4b0ed9,,,1,730,730,,"{""a_au"": ""a_au"", ""argp_deg"": ""argp_deg"", ""best_rejected_max_v_kms"": ""best_rejected_max_v_kms"", ""best_v1_kms"": ""best_v1_kms"", ""ecc"": ""ecc"", ""fail_counts"": ""fail_counts"", ""fail_reason"": ""fail_reason"", ""final_max_v_kms"": ""final_max_v_kms"", ""fit_ok"": ""fit_ok"", ""hypo_r_au"": ""hypo_r_au"", ""hypo_rdd_au_day2"": ""hypo_rdd_au_day2"", ""hypo_rdot_au_day"": ""hypo_rdot_au_day"", ""inc_deg"": ""inc_deg"", ""inlier_tracklets"": ""inlier_tracklets"", ""is_good"": ""is_good"", ""lin_dir_deg"": ""lin_dir_deg"", ""lin_rms_arcsec"": ""lin_rms_arcsec"", ""lin_speed_arcsec_per_day"": ""lin_speed_arcsec_per_day"", ""linkage_id"": ""linkage_id"", ""max_arcsec"": ""max_arcsec"", ""med_arcsec"": ""med_arcsec"", ""min_rejected_max_v_kms"": ""min_rejected_max_v_kms"", ""n_nights"": ""n_nights"", ""n_obs"": ""n_obs"", ""n_tracklets"": ""n_tracklets"", ""nu_deg"": ""nu_deg"", ""pred_dec_deg"": ""pred_dec_deg"", ""pred_ra_deg"": ""pred_ra_deg"", ""raan_deg"": ""raan_deg"", ""rejected_tracklets"": ""rejected_tracklets"", ""rms_arcsec"": ""rms_arcsec"", ""seed_max_v_kms"": ""seed_max_v_kms"", ""seed_tracklets"": ""seed_tracklets""}",[],[]
20251213,orbit_obs_residuals,/home/admin/pipeline/xiaoyunao/data/heliolincrr/20251213/rr_links/orbit_confirm/orbit_obs_residuals.fits,True,ok,,,221760,2026-05-14T13:23:19.383264+00:00,1778764999383264044,316487a110ea95c7c39ffb15a6af188a407d831a8967f14e7a648d4e72d81d38,,,1,2250,2250,,"{""dec_deg"": ""dec_deg"", ""linkage_id"": ""linkage_id"", ""mjd"": ""mjd"", ""obs_key"": ""obs_key"", ""ra_deg"": ""ra_deg"", ""resid_arcsec"": ""resid_arcsec"", ""tracklet_id"": ""tracklet_id"", ""used"": ""used""}",[],[]
20251214,known_all,/processed1/20251214/L4/20251214_all_asteroids.fits,True,ok_with_missing_optional,,,21237120,2026-06-19T07:26:04.245949+00:00,1781853964245948569,1ddf9d5a7dbaf2d61da6bf0655c080958ac4b1f90c522745922ed6335d7ade36,,,1,108319,108319,source_file,"{""asteroid_name"": ""name"", ""asteroid_number"": ""number"", ""epoch_mjd"": ""epoch"", ""pred_dec_deg"": ""dec"", ""pred_geocentric_distance_au"": null, ""pred_heliocentric_distance_au"": null, ""pred_phase_angle_deg"": null, ""pred_ra_deg"": ""ra"", ""pred_solar_elongation_deg"": null, ""pred_v_mag"": ""mag""}",[],"[""pred_heliocentric_distance_au"", ""pred_geocentric_distance_au"", ""pred_solar_elongation_deg"", ""pred_phase_angle_deg""]"
20251214,known_matched,/processed1/20251214/L4/20251214_matched_asteroids.fits,True,ok_with_missing_optional,,,5512320,2026-06-19T07:26:04.889936+00:00,1781853964889936274,195a7100897a04021aabb92ba5943e1533c0fbd007c0d36d420248093944c5d9,,,1,7087,7087,source_file,"{""asteroid_name"": ""name"", ""asteroid_number"": ""number"", ""epoch_mjd"": ""epoch"", ""flag"": ""Flag"", ""flag_iso_num"": ""Flag_ISO_Num"", ""flux_aper4"": ""Flux_Aper4"", ""fluxerr_aper4"": ""FluxErr_Aper4"", ""fwhm_px"": ""FWHM"", ""mag_aper4"": ""Mag_Aper4"", ""mag_aper8"": ""Mag_Aper8"", ""mag_kron"": ""Mag_Kron"", ""mag_psf"": ""Mag_PSF"", ""magerr_aper4"": ""MagErr_Aper4"", ""magerr_aper8"": ""MagErr_Aper8"", ""magerr_kron"": ""MagErr_Kron"", ""magerr_psf"": ""MagErr_PSF"", ""obj_id"": ""objID"", ""obs_dec_err_deg"": ""DECErr_Win"", ""obs_dec_psf_deg"": ""DEC_PSF"", ""obs_dec_win_deg"": ""DEC_Win"", ""obs_ra_err_deg"": ""RAErr_Win"", ""obs_ra_psf_deg"": ""RA_PSF"", ""obs_ra_win_deg"": ""RA_Win"", ""pred_dec_deg"": ""dec"", ""pred_geocentric_distance_au"": null, ""pred_heliocentric_distance_au"": null, ""pred_phase_angle_deg"": null, ""pred_ra_deg"": ""ra"", ""pred_solar_elongation_deg"": null, ""pred_v_mag"": ""mag"", ""x_win_px"": ""X_Win"", ""y_win_px"": ""Y_Win""}",[],"[""pred_heliocentric_distance_au"", ""pred_geocentric_distance_au"", ""pred_solar_elongation_deg"", ""pred_phase_angle_deg""]"
20251214,known_mask15,/processed1/20251214/L4/20251214_matched_asteroids_mask15.fits,True,ok_with_missing_optional,,,5662080,2026-06-19T07:26:05.513924+00:00,1781853965513924361,fd9478f3ec0e585536a34ec7e8abe0c0362871daeeaf4b1ec04b73e000ed8b3e,,,1,7279,7279,source_file,"{""asteroid_name"": ""name"", ""asteroid_number"": ""number"", ""epoch_mjd"": ""epoch"", ""flag"": ""Flag"", ""flag_iso_num"": ""Flag_ISO_Num"", ""flux_aper4"": ""Flux_Aper4"", ""fluxerr_aper4"": ""FluxErr_Aper4"", ""fwhm_px"": ""FWHM"", ""mag_aper4"": ""Mag_Aper4"", ""mag_aper8"": ""Mag_Aper8"", ""mag_kron"": ""Mag_Kron"", ""mag_psf"": ""Mag_PSF"", ""magerr_aper4"": ""MagErr_Aper4"", ""magerr_aper8"": ""MagErr_Aper8"", ""magerr_kron"": ""MagErr_Kron"", ""magerr_psf"": ""MagErr_PSF"", ""obj_id"": ""objID"", ""obs_dec_err_deg"": ""DECErr_Win"", ""obs_dec_psf_deg"": ""DEC_PSF"", ""obs_dec_win_deg"": ""DEC_Win"", ""obs_ra_err_deg"": ""RAErr_Win"", ""obs_ra_psf_deg"": ""RA_PSF"", ""obs_ra_win_deg"": ""RA_Win"", ""pred_dec_deg"": ""dec"", ""pred_geocentric_distance_au"": null, ""pred_heliocentric_distance_au"": null, ""pred_phase_angle_deg"": null, ""pred_ra_deg"": ""ra"", ""pred_solar_elongation_deg"": null, ""pred_v_mag"": ""mag"", ""x_win_px"": ""X_Win"", ""y_win_px"": ""Y_Win""}",[],"[""pred_heliocentric_distance_au"", ""pred_geocentric_distance_au"", ""pred_solar_elongation_deg"", ""pred_phase_angle_deg""]"
20251214,unknown_catalog,/processed1/20251214/L4/20251214_unknown_links.fits,True,ok,,,31680,2026-06-19T23:50:27.884906+00:00,1781913027884905567,54602f150a6876ceb0d71bb905bbede3962341d2ff4bceb2999b31a393bf80e7,,,1,51,51,image_names,"{""a_au"": ""a_au"", ""argp_deg"": ""argp_deg"", ""best_v1_kms"": ""best_v1_kms"", ""decs_deg"": ""decs_deg"", ""ecc"": ""ecc"", ""exp_pairs"": ""exp_pairs"", ""fit_ok"": ""fit_ok"", ""groups"": ""groups"", ""image_names"": ""image_names"", ""inc_deg"": ""inc_deg"", ""is_good"": ""is_good"", ""lin_dir_deg"": ""lin_dir_deg"", ""lin_rms_arcsec"": ""lin_rms_arcsec"", ""lin_speed_arcsec_per_day"": ""lin_speed_arcsec_per_day"", ""linkage_id"": ""linkage_id"", ""max_arcsec"": ""max_arcsec"", ""med_arcsec"": ""med_arcsec"", ""mjds"": ""mjds"", ""n_obs"": ""n_obs"", ""n_tracklets"": ""n_tracklets"", ""nu_deg"": ""nu_deg"", ""objids"": ""objids"", ""raan_deg"": ""raan_deg"", ""ras_deg"": ""ras_deg"", ""rms_arcsec"": ""rms_arcsec"", ""tracklet_ids"": ""tracklet_ids"", ""trk_sub"": ""trk_sub""}",[],[]
20251214,orbit_links,/home/admin/pipeline/xiaoyunao/data/heliolincrr/20251214/rr_links/orbit_confirm/orbit_links.fits,True,ok,,,443520,2026-05-14T13:35:46.191539+00:00,1778765746191538497,81dfb7f3524c68bbd67828f1eceb512bd3efc9a9a429b37ea3666e9fc7d93a50,,,1,1317,1317,,"{""a_au"": ""a_au"", ""argp_deg"": ""argp_deg"", ""best_rejected_max_v_kms"": ""best_rejected_max_v_kms"", ""best_v1_kms"": ""best_v1_kms"", ""ecc"": ""ecc"", ""fail_counts"": ""fail_counts"", ""fail_reason"": ""fail_reason"", ""final_max_v_kms"": ""final_max_v_kms"", ""fit_ok"": ""fit_ok"", ""hypo_r_au"": ""hypo_r_au"", ""hypo_rdd_au_day2"": ""hypo_rdd_au_day2"", ""hypo_rdot_au_day"": ""hypo_rdot_au_day"", ""inc_deg"": ""inc_deg"", ""inlier_tracklets"": ""inlier_tracklets"", ""is_good"": ""is_good"", ""lin_dir_deg"": ""lin_dir_deg"", ""lin_rms_arcsec"": ""lin_rms_arcsec"", ""lin_speed_arcsec_per_day"": ""lin_speed_arcsec_per_day"", ""linkage_id"": ""linkage_id"", ""max_arcsec"": ""max_arcsec"", ""med_arcsec"": ""med_arcsec"", ""min_rejected_max_v_kms"": ""min_rejected_max_v_kms"", ""n_nights"": ""n_nights"", ""n_obs"": ""n_obs"", ""n_tracklets"": ""n_tracklets"", ""nu_deg"": ""nu_deg"", ""pred_dec_deg"": ""pred_dec_deg"", ""pred_ra_deg"": ""pred_ra_deg"", ""raan_deg"": ""raan_deg"", ""rejected_tracklets"": ""rejected_tracklets"", ""rms_arcsec"": ""rms_arcsec"", ""seed_max_v_kms"": ""seed_max_v_kms"", ""seed_tracklets"": ""seed_tracklets""}",[],[]
20251214,orbit_obs_residuals,/home/admin/pipeline/xiaoyunao/data/heliolincrr/20251214/rr_links/orbit_confirm/orbit_obs_residuals.fits,True,ok,,,388800,2026-05-14T13:35:46.205262+00:00,1778765746205261864,6cde6c0ae64cc4e0c7f30606a5e15f99eb8ac9113b8401e77e6a660de71e5488,,,1,4029,4029,,"{""dec_deg"": ""dec_deg"", ""linkage_id"": ""linkage_id"", ""mjd"": ""mjd"", ""obs_key"": ""obs_key"", ""ra_deg"": ""ra_deg"", ""resid_arcsec"": ""resid_arcsec"", ""tracklet_id"": ""tracklet_id"", ""used"": ""used""}",[],[]
20251215,known_all,/processed1/20251215/L4/20251215_all_asteroids.fits,True,ok_with_missing_optional,,,32480640,2026-06-19T08:39:26.999803+00:00,1781858366999802722,82c2f722d59f2e2009bfbbd9207759525b1909879a1c7cb269d4e2d8b5551178,,,1,165680,165680,source_file,"{""asteroid_name"": ""name"", ""asteroid_number"": ""number"", ""epoch_mjd"": ""epoch"", ""pred_dec_deg"": ""dec"", ""pred_geocentric_distance_au"": null, ""pred_heliocentric_distance_au"": null, ""pred_phase_angle_deg"": null, ""pred_ra_deg"": ""ra"", ""pred_solar_elongation_deg"": null, ""pred_v_mag"": ""mag""}",[],"[""pred_heliocentric_distance_au"", ""pred_geocentric_distance_au"", ""pred_solar_elongation_deg"", ""pred_phase_angle_deg""]"
20251215,known_matched,/processed1/20251215/L4/20251215_matched_asteroids.fits,True,ok_with_missing_optional,,,7588800,2026-06-19T08:39:28.033783+00:00,1781858368033782969,49ae99267d4c65dff05f166922837c9c3f80bb502c7505854cbf4587f4579c19,,,1,9771,9771,source_file,"{""asteroid_name"": ""name"", ""asteroid_number"": ""number"", ""epoch_mjd"": ""epoch"", ""flag"": ""Flag"", ""flag_iso_num"": ""Flag_ISO_Num"", ""flux_aper4"": ""Flux_Aper4"", ""fluxerr_aper4"": ""FluxErr_Aper4"", ""fwhm_px"": ""FWHM"", ""mag_aper4"": ""Mag_Aper4"", ""mag_aper8"": ""Mag_Aper8"", ""mag_kron"": ""Mag_Kron"", ""mag_psf"": ""Mag_PSF"", ""magerr_aper4"": ""MagErr_Aper4"", ""magerr_aper8"": ""MagErr_Aper8"", ""magerr_kron"": ""MagErr_Kron"", ""magerr_psf"": ""MagErr_PSF"", ""obj_id"": ""objID"", ""obs_dec_err_deg"": ""DECErr_Win"", ""obs_dec_psf_deg"": ""DEC_PSF"", ""obs_dec_win_deg"": ""DEC_Win"", ""obs_ra_err_deg"": ""RAErr_Win"", ""obs_ra_psf_deg"": ""RA_PSF"", ""obs_ra_win_deg"": ""RA_Win"", ""pred_dec_deg"": ""dec"", ""pred_geocentric_distance_au"": null, ""pred_heliocentric_distance_au"": null, ""pred_phase_angle_deg"": null, ""pred_ra_deg"": ""ra"", ""pred_solar_elongation_deg"": null, ""pred_v_mag"": ""mag"", ""x_win_px"": ""X_Win"", ""y_win_px"": ""Y_Win""}",[],"[""pred_heliocentric_distance_au"", ""pred_geocentric_distance_au"", ""pred_solar_elongation_deg"", ""pred_phase_angle_deg""]"
20251215,known_mask15,/processed1/20251215/L4/20251215_matched_asteroids_mask15.fits,True,ok_with_missing_optional,,,7882560,2026-06-19T08:39:29.046764+00:00,1781858369046763617,b652feb59167c756454db33f3e9b55075496727911c698752aed2a3794bf8dc0,,,1,10149,10149,source_file,"{""asteroid_name"": ""name"", ""asteroid_number"": ""number"", ""epoch_mjd"": ""epoch"", ""flag"": ""Flag"", ""flag_iso_num"": ""Flag_ISO_Num"", ""flux_aper4"": ""Flux_Aper4"", ""fluxerr_aper4"": ""FluxErr_Aper4"", ""fwhm_px"": ""FWHM"", ""mag_aper4"": ""Mag_Aper4"", ""mag_aper8"": ""Mag_Aper8"", ""mag_kron"": ""Mag_Kron"", ""mag_psf"": ""Mag_PSF"", ""magerr_aper4"": ""MagErr_Aper4"", ""magerr_aper8"": ""MagErr_Aper8"", ""magerr_kron"": ""MagErr_Kron"", ""magerr_psf"": ""MagErr_PSF"", ""obj_id"": ""objID"", ""obs_dec_err_deg"": ""DECErr_Win"", ""obs_dec_psf_deg"": ""DEC_PSF"", ""obs_dec_win_deg"": ""DEC_Win"", ""obs_ra_err_deg"": ""RAErr_Win"", ""obs_ra_psf_deg"": ""RA_PSF"", ""obs_ra_win_deg"": ""RA_Win"", ""pred_dec_deg"": ""dec"", ""pred_geocentric_distance_au"": null, ""pred_heliocentric_distance_au"": null, ""pred_phase_angle_deg"": null, ""pred_ra_deg"": ""ra"", ""pred_solar_elongation_deg"": null, ""pred_v_mag"": ""mag"", ""x_win_px"": ""X_Win"", ""y_win_px"": ""Y_Win""}",[],"[""pred_heliocentric_distance_au"", ""pred_geocentric_distance_au"", ""pred_solar_elongation_deg"", ""pred_phase_angle_deg""]"
20251215,unknown_catalog,/processed1/20251215/L4/20251215_unknown_links.fits,True,ok,,,63360,2026-06-20T00:03:40.532759+00:00,1781913820532759384,f778680fa8f19ba8544d563e14c61097dc4a055b4c0511aa8d13886702151972,,,1,128,128,image_names,"{""a_au"": ""a_au"", ""argp_deg"": ""argp_deg"", ""best_v1_kms"": ""best_v1_kms"", ""decs_deg"": ""decs_deg"", ""ecc"": ""ecc"", ""exp_pairs"": ""exp_pairs"", ""fit_ok"": ""fit_ok"", ""groups"": ""groups"", ""image_names"": ""image_names"", ""inc_deg"": ""inc_deg"", ""is_good"": ""is_good"", ""lin_dir_deg"": ""lin_dir_deg"", ""lin_rms_arcsec"": ""lin_rms_arcsec"", ""lin_speed_arcsec_per_day"": ""lin_speed_arcsec_per_day"", ""linkage_id"": ""linkage_id"", ""max_arcsec"": ""max_arcsec"", ""med_arcsec"": ""med_arcsec"", ""mjds"": ""mjds"", ""n_obs"": ""n_obs"", ""n_tracklets"": ""n_tracklets"", ""nu_deg"": ""nu_deg"", ""objids"": ""objids"", ""raan_deg"": ""raan_deg"", ""ras_deg"": ""ras_deg"", ""rms_arcsec"": ""rms_arcsec"", ""tracklet_ids"": ""tracklet_ids"", ""trk_sub"": ""trk_sub""}",[],[]
20251215,orbit_links,/home/admin/pipeline/xiaoyunao/data/heliolincrr/20251215/rr_links/orbit_confirm/orbit_links.fits,True,ok,,,936000,2026-05-14T13:51:51.330786+00:00,1778766711330785709,ebbc1bc06ea01b18cb388cc15594ad48b6dd8dc9a5f14a7bf99331b8efd38c41,,,1,1893,1893,,"{""a_au"": ""a_au"", ""argp_deg"": ""argp_deg"", ""best_rejected_max_v_kms"": ""best_rejected_max_v_kms"", ""best_v1_kms"": ""best_v1_kms"", ""ecc"": ""ecc"", ""fail_counts"": ""fail_counts"", ""fail_reason"": ""fail_reason"", ""final_max_v_kms"": ""final_max_v_kms"", ""fit_ok"": ""fit_ok"", ""hypo_r_au"": ""hypo_r_au"", ""hypo_rdd_au_day2"": ""hypo_rdd_au_day2"", ""hypo_rdot_au_day"": ""hypo_rdot_au_day"", ""inc_deg"": ""inc_deg"", ""inlier_tracklets"": ""inlier_tracklets"", ""is_good"": ""is_good"", ""lin_dir_deg"": ""lin_dir_deg"", ""lin_rms_arcsec"": ""lin_rms_arcsec"", ""lin_speed_arcsec_per_day"": ""lin_speed_arcsec_per_day"", ""linkage_id"": ""linkage_id"", ""max_arcsec"": ""max_arcsec"", ""med_arcsec"": ""med_arcsec"", ""min_rejected_max_v_kms"": ""min_rejected_max_v_kms"", ""n_nights"": ""n_nights"", ""n_obs"": ""n_obs"", ""n_tracklets"": ""n_tracklets"", ""nu_deg"": ""nu_deg"", ""pred_dec_deg"": ""pred_dec_deg"", ""pred_ra_deg"": ""pred_ra_deg"", ""raan_deg"": ""raan_deg"", ""rejected_tracklets"": ""rejected_tracklets"", ""rms_arcsec"": ""rms_arcsec"", ""seed_max_v_kms"": ""seed_max_v_kms"", ""seed_tracklets"": ""seed_tracklets""}",[],[]
20251215,orbit_obs_residuals,/home/admin/pipeline/xiaoyunao/data/heliolincrr/20251215/rr_links/orbit_confirm/orbit_obs_residuals.fits,True,ok,,,564480,2026-05-14T13:51:51.345718+00:00,1778766711345718038,f7ab801375921ef3eaf29a21cfbada45a3f52b4d3f78cedfb5e68a9665b71928,,,1,5805,5805,,"{""dec_deg"": ""dec_deg"", ""linkage_id"": ""linkage_id"", ""mjd"": ""mjd"", ""obs_key"": ""obs_key"", ""ra_deg"": ""ra_deg"", ""resid_arcsec"": ""resid_arcsec"", ""tracklet_id"": ""tracklet_id"", ""used"": ""used""}",[],[]
20251216,known_all,/processed1/20251216/L4/20251216_all_asteroids.fits,True,ok_with_missing_optional,,,30363840,2026-06-19T08:47:36.019461+00:00,1781858856019460590,9f2eb33abd17a485f29affc67fc6879da650d5b7e7838194afedf2cd3b17818c,,,1,154876,154876,source_file,"{""asteroid_name"": ""name"", ""asteroid_number"": ""number"", ""epoch_mjd"": ""epoch"", ""pred_dec_deg"": ""dec"", ""pred_geocentric_distance_au"": null, ""pred_heliocentric_distance_au"": null, ""pred_phase_angle_deg"": null, ""pred_ra_deg"": ""ra"", ""pred_solar_elongation_deg"": null, ""pred_v_mag"": ""mag""}",[],"[""pred_heliocentric_distance_au"", ""pred_geocentric_distance_au"", ""pred_solar_elongation_deg"", ""pred_phase_angle_deg""]"
20251216,known_matched,/processed1/20251216/L4/20251216_matched_asteroids.fits,True,ok_with_missing_optional,,,7485120,2026-06-19T08:47:37.040441+00:00,1781858857040441085,3476504557c9feb159a478f622b1953164db3a8b7cb9bb716f7864e5029b2d84,,,1,9635,9635,source_file,"{""asteroid_name"": ""name"", ""asteroid_number"": ""number"", ""epoch_mjd"": ""epoch"", ""flag"": ""Flag"", ""flag_iso_num"": ""Flag_ISO_Num"", ""flux_aper4"": ""Flux_Aper4"", ""fluxerr_aper4"": ""FluxErr_Aper4"", ""fwhm_px"": ""FWHM"", ""mag_aper4"": ""Mag_Aper4"", ""mag_aper8"": ""Mag_Aper8"", ""mag_kron"": ""Mag_Kron"", ""mag_psf"": ""Mag_PSF"", ""magerr_aper4"": ""MagErr_Aper4"", ""magerr_aper8"": ""MagErr_Aper8"", ""magerr_kron"": ""MagErr_Kron"", ""magerr_psf"": ""MagErr_PSF"", ""obj_id"": ""objID"", ""obs_dec_err_deg"": ""DECErr_Win"", ""obs_dec_psf_deg"": ""DEC_PSF"", ""obs_dec_win_deg"": ""DEC_Win"", ""obs_ra_err_deg"": ""RAErr_Win"", ""obs_ra_psf_deg"": ""RA_PSF"", ""obs_ra_win_deg"": ""RA_Win"", ""pred_dec_deg"": ""dec"", ""pred_geocentric_distance_au"": null, ""pred_heliocentric_distance_au"": null, ""pred_phase_angle_deg"": null, ""pred_ra_deg"": ""ra"", ""pred_solar_elongation_deg"": null, ""pred_v_mag"": ""mag"", ""x_win_px"": ""X_Win"", ""y_win_px"": ""Y_Win""}",[],"[""pred_heliocentric_distance_au"", ""pred_geocentric_distance_au"", ""pred_solar_elongation_deg"", ""pred_phase_angle_deg""]"
20251216,known_mask15,/processed1/20251216/L4/20251216_matched_asteroids_mask15.fits,True,ok_with_missing_optional,,,7830720,2026-06-19T08:47:38.037422+00:00,1781858858037422039,5d68f61f717313dec9ba43cb1bd4cf5db6731ad78a8ad170e389eb3f3131f987,,,1,10082,10082,source_file,"{""asteroid_name"": ""name"", ""asteroid_number"": ""number"", ""epoch_mjd"": ""epoch"", ""flag"": ""Flag"", ""flag_iso_num"": ""Flag_ISO_Num"", ""flux_aper4"": ""Flux_Aper4"", ""fluxerr_aper4"": ""FluxErr_Aper4"", ""fwhm_px"": ""FWHM"", ""mag_aper4"": ""Mag_Aper4"", ""mag_aper8"": ""Mag_Aper8"", ""mag_kron"": ""Mag_Kron"", ""mag_psf"": ""Mag_PSF"", ""magerr_aper4"": ""MagErr_Aper4"", ""magerr_aper8"": ""MagErr_Aper8"", ""magerr_kron"": ""MagErr_Kron"", ""magerr_psf"": ""MagErr_PSF"", ""obj_id"": ""objID"", ""obs_dec_err_deg"": ""DECErr_Win"", ""obs_dec_psf_deg"": ""DEC_PSF"", ""obs_dec_win_deg"": ""DEC_Win"", ""obs_ra_err_deg"": ""RAErr_Win"", ""obs_ra_psf_deg"": ""RA_PSF"", ""obs_ra_win_deg"": ""RA_Win"", ""pred_dec_deg"": ""dec"", ""pred_geocentric_distance_au"": null, ""pred_heliocentric_distance_au"": null, ""pred_phase_angle_deg"": null, ""pred_ra_deg"": ""ra"", ""pred_solar_elongation_deg"": null, ""pred_v_mag"": ""mag"", ""x_win_px"": ""X_Win"", ""y_win_px"": ""Y_Win""}",[],"[""pred_heliocentric_distance_au"", ""pred_geocentric_distance_au"", ""pred_solar_elongation_deg"", ""pred_phase_angle_deg""]"
20251216,unknown_catalog,/processed1/20251216/L4/20251216_unknown_links.fits,True,ok,,,54720,2026-06-20T00:34:23.893528+00:00,1781915663893527529,397fd3878acf71594ef6e813cbede868b8dc6004749655824ad4ddb5bd8ca1de,,,1,106,106,image_names,"{""a_au"": ""a_au"", ""argp_deg"": ""argp_deg"", ""best_v1_kms"": ""best_v1_kms"", ""decs_deg"": ""decs_deg"", ""ecc"": ""ecc"", ""exp_pairs"": ""exp_pairs"", ""fit_ok"": ""fit_ok"", ""groups"": ""groups"", ""image_names"": ""image_names"", ""inc_deg"": ""inc_deg"", ""is_good"": ""is_good"", ""lin_dir_deg"": ""lin_dir_deg"", ""lin_rms_arcsec"": ""lin_rms_arcsec"", ""lin_speed_arcsec_per_day"": ""lin_speed_arcsec_per_day"", ""linkage_id"": ""linkage_id"", ""max_arcsec"": ""max_arcsec"", ""med_arcsec"": ""med_arcsec"", ""mjds"": ""mjds"", ""n_obs"": ""n_obs"", ""n_tracklets"": ""n_tracklets"", ""nu_deg"": ""nu_deg"", ""objids"": ""objids"", ""raan_deg"": ""raan_deg"", ""ras_deg"": ""ras_deg"", ""rms_arcsec"": ""rms_arcsec"", ""tracklet_ids"": ""tracklet_ids"", ""trk_sub"": ""trk_sub""}",[],[]
20251216,orbit_links,/home/admin/pipeline/xiaoyunao/data/heliolincrr/20251216/rr_links/orbit_confirm/orbit_links.fits,True,ok,,,665280,2026-05-14T14:26:44.195267+00:00,1778768804195267425,bdef290e277aae511f0f770098745407e81678aba0b36e44526d494f57fda75e,,,1,1706,1706,,"{""a_au"": ""a_au"", ""argp_deg"": ""argp_deg"", ""best_rejected_max_v_kms"": ""best_rejected_max_v_kms"", ""best_v1_kms"": ""best_v1_kms"", ""ecc"": ""ecc"", ""fail_counts"": ""fail_counts"", ""fail_reason"": ""fail_reason"", ""final_max_v_kms"": ""final_max_v_kms"", ""fit_ok"": ""fit_ok"", ""hypo_r_au"": ""hypo_r_au"", ""hypo_rdd_au_day2"": ""hypo_rdd_au_day2"", ""hypo_rdot_au_day"": ""hypo_rdot_au_day"", ""inc_deg"": ""inc_deg"", ""inlier_tracklets"": ""inlier_tracklets"", ""is_good"": ""is_good"", ""lin_dir_deg"": ""lin_dir_deg"", ""lin_rms_arcsec"": ""lin_rms_arcsec"", ""lin_speed_arcsec_per_day"": ""lin_speed_arcsec_per_day"", ""linkage_id"": ""linkage_id"", ""max_arcsec"": ""max_arcsec"", ""med_arcsec"": ""med_arcsec"", ""min_rejected_max_v_kms"": ""min_rejected_max_v_kms"", ""n_nights"": ""n_nights"", ""n_obs"": ""n_obs"", ""n_tracklets"": ""n_tracklets"", ""nu_deg"": ""nu_deg"", ""pred_dec_deg"": ""pred_dec_deg"", ""pred_ra_deg"": ""pred_ra_deg"", ""raan_deg"": ""raan_deg"", ""rejected_tracklets"": ""rejected_tracklets"", ""rms_arcsec"": ""rms_arcsec"", ""seed_max_v_kms"": ""seed_max_v_kms"", ""seed_tracklets"": ""seed_tracklets""}",[],[]
20251216,orbit_obs_residuals,/home/admin/pipeline/xiaoyunao/data/heliolincrr/20251216/rr_links/orbit_confirm/orbit_obs_residuals.fits,True,ok,,,504000,2026-05-14T14:26:44.209268+00:00,1778768804209267528,d71810279c1d18d31ce7edc49868aadd894c610b657d2dcbf70d6501efb8d426,,,1,5183,5183,,"{""dec_deg"": ""dec_deg"", ""linkage_id"": ""linkage_id"", ""mjd"": ""mjd"", ""obs_key"": ""obs_key"", ""ra_deg"": ""ra_deg"", ""resid_arcsec"": ""resid_arcsec"", ""tracklet_id"": ""tracklet_id"", ""used"": ""used""}",[],[]
20251217,known_all,/processed1/20251217/L4/20251217_all_asteroids.fits,True,ok_with_missing_optional,,,30513600,2026-06-19T08:56:07.367693+00:00,1781859367367693269,960b0aae73f272cefdf799a1e1ee4eddb7253909be406adcccb30d4ae821845d,,,1,155643,155643,source_file,"{""asteroid_name"": ""name"", ""asteroid_number"": ""number"", ""epoch_mjd"": ""epoch"", ""pred_dec_deg"": ""dec"", ""pred_geocentric_distance_au"": null, ""pred_heliocentric_distance_au"": null, ""pred_phase_angle_deg"": null, ""pred_ra_deg"": ""ra"", ""pred_solar_elongation_deg"": null, ""pred_v_mag"": ""mag""}",[],"[""pred_heliocentric_distance_au"", ""pred_geocentric_distance_au"", ""pred_solar_elongation_deg"", ""pred_phase_angle_deg""]"
20251217,known_matched,/processed1/20251217/L4/20251217_matched_asteroids.fits,True,ok_with_missing_optional,,,5973120,2026-06-19T08:56:08.782666+00:00,1781859368782666259,979ae92107d88b2dcf6ff96e39d89f8939c41ead9d4523d7c4f3cf8e089f8316,,,1,7683,7683,source_file,"{""asteroid_name"": ""name"", ""asteroid_number"": ""number"", ""epoch_mjd"": ""epoch"", ""flag"": ""Flag"", ""flag_iso_num"": ""Flag_ISO_Num"", ""flux_aper4"": ""Flux_Aper4"", ""fluxerr_aper4"": ""FluxErr_Aper4"", ""fwhm_px"": ""FWHM"", ""mag_aper4"": ""Mag_Aper4"", ""mag_aper8"": ""Mag_Aper8"", ""mag_kron"": ""Mag_Kron"", ""mag_psf"": ""Mag_PSF"", ""magerr_aper4"": ""MagErr_Aper4"", ""magerr_aper8"": ""MagErr_Aper8"", ""magerr_kron"": ""MagErr_Kron"", ""magerr_psf"": ""MagErr_PSF"", ""obj_id"": ""objID"", ""obs_dec_err_deg"": ""DECErr_Win"", ""obs_dec_psf_deg"": ""DEC_PSF"", ""obs_dec_win_deg"": ""DEC_Win"", ""obs_ra_err_deg"": ""RAErr_Win"", ""obs_ra_psf_deg"": ""RA_PSF"", ""obs_ra_win_deg"": ""RA_Win"", ""pred_dec_deg"": ""dec"", ""pred_geocentric_distance_au"": null, ""pred_heliocentric_distance_au"": null, ""pred_phase_angle_deg"": null, ""pred_ra_deg"": ""ra"", ""pred_solar_elongation_deg"": null, ""pred_v_mag"": ""mag"", ""x_win_px"": ""X_Win"", ""y_win_px"": ""Y_Win""}",[],"[""pred_heliocentric_distance_au"", ""pred_geocentric_distance_au"", ""pred_solar_elongation_deg"", ""pred_phase_angle_deg""]"
20251217,known_mask15,/processed1/20251217/L4/20251217_matched_asteroids_mask15.fits,True,ok_with_missing_optional,,,6336000,2026-06-19T08:56:09.779647+00:00,1781859369779647227,4a203588332e15f57eb4eb8df1b95fc29e5252c2b20bb09b764af42f6e883c72,,,1,8151,8151,source_file,"{""asteroid_name"": ""name"", ""asteroid_number"": ""number"", ""epoch_mjd"": ""epoch"", ""flag"": ""Flag"", ""flag_iso_num"": ""Flag_ISO_Num"", ""flux_aper4"": ""Flux_Aper4"", ""fluxerr_aper4"": ""FluxErr_Aper4"", ""fwhm_px"": ""FWHM"", ""mag_aper4"": ""Mag_Aper4"", ""mag_aper8"": ""Mag_Aper8"", ""mag_kron"": ""Mag_Kron"", ""mag_psf"": ""Mag_PSF"", ""magerr_aper4"": ""MagErr_Aper4"", ""magerr_aper8"": ""MagErr_Aper8"", ""magerr_kron"": ""MagErr_Kron"", ""magerr_psf"": ""MagErr_PSF"", ""obj_id"": ""objID"", ""obs_dec_err_deg"": ""DECErr_Win"", ""obs_dec_psf_deg"": ""DEC_PSF"", ""obs_dec_win_deg"": ""DEC_Win"", ""obs_ra_err_deg"": ""RAErr_Win"", ""obs_ra_psf_deg"": ""RA_PSF"", ""obs_ra_win_deg"": ""RA_Win"", ""pred_dec_deg"": ""dec"", ""pred_geocentric_distance_au"": null, ""pred_heliocentric_distance_au"": null, ""pred_phase_angle_deg"": null, ""pred_ra_deg"": ""ra"", ""pred_solar_elongation_deg"": null, ""pred_v_mag"": ""mag"", ""x_win_px"": ""X_Win"", ""y_win_px"": ""Y_Win""}",[],"[""pred_heliocentric_distance_au"", ""pred_geocentric_distance_au"", ""pred_solar_elongation_deg"", ""pred_phase_angle_deg""]"
20251217,unknown_catalog,/processed1/20251217/L4/20251217_unknown_links.fits,True,ok,,,28800,2026-06-20T01:00:13.596855+00:00,1781917213596854722,07abb1837ac11d28994392c92668863264f0e76e586e73baa0a0da1e6aed0a50,,,1,47,47,image_names,"{""a_au"": ""a_au"", ""argp_deg"": ""argp_deg"", ""best_v1_kms"": ""best_v1_kms"", ""decs_deg"": ""decs_deg"", ""ecc"": ""ecc"", ""exp_pairs"": ""exp_pairs"", ""fit_ok"": ""fit_ok"", ""groups"": ""groups"", ""image_names"": ""image_names"", ""inc_deg"": ""inc_deg"", ""is_good"": ""is_good"", ""lin_dir_deg"": ""lin_dir_deg"", ""lin_rms_arcsec"": ""lin_rms_arcsec"", ""lin_speed_arcsec_per_day"": ""lin_speed_arcsec_per_day"", ""linkage_id"": ""linkage_id"", ""max_arcsec"": ""max_arcsec"", ""med_arcsec"": ""med_arcsec"", ""mjds"": ""mjds"", ""n_obs"": ""n_obs"", ""n_tracklets"": ""n_tracklets"", ""nu_deg"": ""nu_deg"", ""objids"": ""objids"", ""raan_deg"": ""raan_deg"", ""ras_deg"": ""ras_deg"", ""rms_arcsec"": ""rms_arcsec"", ""tracklet_ids"": ""tracklet_ids"", ""trk_sub"": ""trk_sub""}",[],[]
20251217,orbit_links,/home/admin/pipeline/xiaoyunao/data/heliolincrr/20251217/rr_links/orbit_confirm/orbit_links.fits,True,ok,,,478080,2026-05-14T14:55:36.921291+00:00,1778770536921290930,011d701ad10ba45e51df614f4ed6c29930bc766c8ac1260d52d11b739f8b50cf,,,1,1193,1193,,"{""a_au"": ""a_au"", ""argp_deg"": ""argp_deg"", ""best_rejected_max_v_kms"": ""best_rejected_max_v_kms"", ""best_v1_kms"": ""best_v1_kms"", ""ecc"": ""ecc"", ""fail_counts"": ""fail_counts"", ""fail_reason"": ""fail_reason"", ""final_max_v_kms"": ""final_max_v_kms"", ""fit_ok"": ""fit_ok"", ""hypo_r_au"": ""hypo_r_au"", ""hypo_rdd_au_day2"": ""hypo_rdd_au_day2"", ""hypo_rdot_au_day"": ""hypo_rdot_au_day"", ""inc_deg"": ""inc_deg"", ""inlier_tracklets"": ""inlier_tracklets"", ""is_good"": ""is_good"", ""lin_dir_deg"": ""lin_dir_deg"", ""lin_rms_arcsec"": ""lin_rms_arcsec"", ""lin_speed_arcsec_per_day"": ""lin_speed_arcsec_per_day"", ""linkage_id"": ""linkage_id"", ""max_arcsec"": ""max_arcsec"", ""med_arcsec"": ""med_arcsec"", ""min_rejected_max_v_kms"": ""min_rejected_max_v_kms"", ""n_nights"": ""n_nights"", ""n_obs"": ""n_obs"", ""n_tracklets"": ""n_tracklets"", ""nu_deg"": ""nu_deg"", ""pred_dec_deg"": ""pred_dec_deg"", ""pred_ra_deg"": ""pred_ra_deg"", ""raan_deg"": ""raan_deg"", ""rejected_tracklets"": ""rejected_tracklets"", ""rms_arcsec"": ""rms_arcsec"", ""seed_max_v_kms"": ""seed_max_v_kms"", ""seed_tracklets"": ""seed_tracklets""}",[],[]
20251217,orbit_obs_residuals,/home/admin/pipeline/xiaoyunao/data/heliolincrr/20251217/rr_links/orbit_confirm/orbit_obs_residuals.fits,True,ok,,,351360,2026-05-14T14:55:36.933544+00:00,1778770536933543838,ebc8e76c62ac049e86752884743e0e07026474b8c961b7b9ec35d92633f3fc89,,,1,3627,3627,,"{""dec_deg"": ""dec_deg"", ""linkage_id"": ""linkage_id"", ""mjd"": ""mjd"", ""obs_key"": ""obs_key"", ""ra_deg"": ""ra_deg"", ""resid_arcsec"": ""resid_arcsec"", ""tracklet_id"": ""tracklet_id"", ""used"": ""used""}",[],[]
20251218,known_all,/processed1/20251218/L4/20251218_all_asteroids.fits,False,missing,,,0,,0,,,,1,0,0,,{},[],[]
20251218,known_matched,/processed1/20251218/L4/20251218_matched_asteroids.fits,False,missing,,,0,,0,,,,1,0,0,,{},[],[]
20251218,known_mask15,/processed1/20251218/L4/20251218_matched_asteroids_mask15.fits,False,missing,,,0,,0,,,,1,0,0,,{},[],[]
20251218,unknown_catalog,/processed1/20251218/L4/20251218_unknown_links.fits,False,missing,,,0,,0,,,,1,0,0,,{},[],[]
20251218,orbit_links,/home/admin/pipeline/xiaoyunao/data/heliolincrr/20251218/rr_links/orbit_confirm/orbit_links.fits,False,missing,,,0,,0,,,,1,0,0,,{},[],[]
20251218,orbit_obs_residuals,/home/admin/pipeline/xiaoyunao/data/heliolincrr/20251218/rr_links/orbit_confirm/orbit_obs_residuals.fits,False,missing,,,0,,0,,,,1,0,0,,{},[],[]
20251219,known_all,/processed1/20251219/L4/20251219_all_asteroids.fits,False,missing,,,0,,0,,,,1,0,0,,{},[],[]
20251219,known_matched,/processed1/20251219/L4/20251219_matched_asteroids.fits,False,missing,,,0,,0,,,,1,0,0,,{},[],[]
20251219,known_mask15,/processed1/20251219/L4/20251219_matched_asteroids_mask15.fits,False,missing,,,0,,0,,,,1,0,0,,{},[],[]
20251219,unknown_catalog,/processed1/20251219/L4/20251219_unknown_links.fits,False,missing,,,0,,0,,,,1,0,0,,{},[],[]
20251219,orbit_links,/home/admin/pipeline/xiaoyunao/data/heliolincrr/20251219/rr_links/orbit_confirm/orbit_links.fits,False,missing,,,0,,0,,,,1,0,0,,{},[],[]
20251219,orbit_obs_residuals,/home/admin/pipeline/xiaoyunao/data/heliolincrr/20251219/rr_links/orbit_confirm/orbit_obs_residuals.fits,False,missing,,,0,,0,,,,1,0,0,,{},[],[]
20251220,known_all,/processed1/20251220/L4/20251220_all_asteroids.fits,True,ok_with_missing_optional,,,38963520,2026-06-19T09:08:01.121068+00:00,1781860081121068488,c7ed6675af94768600fbecf19501665938d57cd5e943df84c91312bb750e0a26,,,1,198759,198759,source_file,"{""asteroid_name"": ""name"", ""asteroid_number"": ""number"", ""epoch_mjd"": ""epoch"", ""pred_dec_deg"": ""dec"", ""pred_geocentric_distance_au"": null, ""pred_heliocentric_distance_au"": null, ""pred_phase_angle_deg"": null, ""pred_ra_deg"": ""ra"", ""pred_solar_elongation_deg"": null, ""pred_v_mag"": ""mag""}",[],"[""pred_heliocentric_distance_au"", ""pred_geocentric_distance_au"", ""pred_solar_elongation_deg"", ""pred_phase_angle_deg""]"
20251220,known_matched,/processed1/20251220/L4/20251220_matched_asteroids.fits,True,ok_with_missing_optional,,,9627840,2026-06-19T09:08:02.281046+00:00,1781860082281046345,f9d2712cf3995b8c36e3c759ada80ad00d6dd97c2652501884b25b5494bd3172,,,1,12405,12405,source_file,"{""asteroid_name"": ""name"", ""asteroid_number"": ""number"", ""epoch_mjd"": ""epoch"", ""flag"": ""Flag"", ""flag_iso_num"": ""Flag_ISO_Num"", ""flux_aper4"": ""Flux_Aper4"", ""fluxerr_aper4"": ""FluxErr_Aper4"", ""fwhm_px"": ""FWHM"", ""mag_aper4"": ""Mag_Aper4"", ""mag_aper8"": ""Mag_Aper8"", ""mag_kron"": ""Mag_Kron"", ""mag_psf"": ""Mag_PSF"", ""magerr_aper4"": ""MagErr_Aper4"", ""magerr_aper8"": ""MagErr_Aper8"", ""magerr_kron"": ""MagErr_Kron"", ""magerr_psf"": ""MagErr_PSF"", ""obj_id"": ""objID"", ""obs_dec_err_deg"": ""DECErr_Win"", ""obs_dec_psf_deg"": ""DEC_PSF"", ""obs_dec_win_deg"": ""DEC_Win"", ""obs_ra_err_deg"": ""RAErr_Win"", ""obs_ra_psf_deg"": ""RA_PSF"", ""obs_ra_win_deg"": ""RA_Win"", ""pred_dec_deg"": ""dec"", ""pred_geocentric_distance_au"": null, ""pred_heliocentric_distance_au"": null, ""pred_phase_angle_deg"": null, ""pred_ra_deg"": ""ra"", ""pred_solar_elongation_deg"": null, ""pred_v_mag"": ""mag"", ""x_win_px"": ""X_Win"", ""y_win_px"": ""Y_Win""}",[],"[""pred_heliocentric_distance_au"", ""pred_geocentric_distance_au"", ""pred_solar_elongation_deg"", ""pred_phase_angle_deg""]"
20251220,known_mask15,/processed1/20251220/L4/20251220_matched_asteroids_mask15.fits,True,ok_with_missing_optional,,,10117440,2026-06-19T09:08:03.463024+00:00,1781860083463023783,eb17a06c0f3b5a793fdf4615e67ff67ac0e794aaff29dc783824214947910a0c,,,1,13038,13038,source_file,"{""asteroid_name"": ""name"", ""asteroid_number"": ""number"", ""epoch_mjd"": ""epoch"", ""flag"": ""Flag"", ""flag_iso_num"": ""Flag_ISO_Num"", ""flux_aper4"": ""Flux_Aper4"", ""fluxerr_aper4"": ""FluxErr_Aper4"", ""fwhm_px"": ""FWHM"", ""mag_aper4"": ""Mag_Aper4"", ""mag_aper8"": ""Mag_Aper8"", ""mag_kron"": ""Mag_Kron"", ""mag_psf"": ""Mag_PSF"", ""magerr_aper4"": ""MagErr_Aper4"", ""magerr_aper8"": ""MagErr_Aper8"", ""magerr_kron"": ""MagErr_Kron"", ""magerr_psf"": ""MagErr_PSF"", ""obj_id"": ""objID"", ""obs_dec_err_deg"": ""DECErr_Win"", ""obs_dec_psf_deg"": ""DEC_PSF"", ""obs_dec_win_deg"": ""DEC_Win"", ""obs_ra_err_deg"": ""RAErr_Win"", ""obs_ra_psf_deg"": ""RA_PSF"", ""obs_ra_win_deg"": ""RA_Win"", ""pred_dec_deg"": ""dec"", ""pred_geocentric_distance_au"": null, ""pred_heliocentric_distance_au"": null, ""pred_phase_angle_deg"": null, ""pred_ra_deg"": ""ra"", ""pred_solar_elongation_deg"": null, ""pred_v_mag"": ""mag"", ""x_win_px"": ""X_Win"", ""y_win_px"": ""Y_Win""}",[],"[""pred_heliocentric_distance_au"", ""pred_geocentric_distance_au"", ""pred_solar_elongation_deg"", ""pred_phase_angle_deg""]"
20251220,unknown_catalog,/processed1/20251220/L4/20251220_unknown_links.fits,True,ok,,,17280,2026-06-20T01:22:03.328729+00:00,1781918523328729191,2e34eac19bd3a9def0a928266f374ed98c3d75caed234e196cc264b49bb7e561,,,1,20,20,image_names,"{""a_au"": ""a_au"", ""argp_deg"": ""argp_deg"", ""best_v1_kms"": ""best_v1_kms"", ""decs_deg"": ""decs_deg"", ""ecc"": ""ecc"", ""exp_pairs"": ""exp_pairs"", ""fit_ok"": ""fit_ok"", ""groups"": ""groups"", ""image_names"": ""image_names"", ""inc_deg"": ""inc_deg"", ""is_good"": ""is_good"", ""lin_dir_deg"": ""lin_dir_deg"", ""lin_rms_arcsec"": ""lin_rms_arcsec"", ""lin_speed_arcsec_per_day"": ""lin_speed_arcsec_per_day"", ""linkage_id"": ""linkage_id"", ""max_arcsec"": ""max_arcsec"", ""med_arcsec"": ""med_arcsec"", ""mjds"": ""mjds"", ""n_obs"": ""n_obs"", ""n_tracklets"": ""n_tracklets"", ""nu_deg"": ""nu_deg"", ""objids"": ""objids"", ""raan_deg"": ""raan_deg"", ""ras_deg"": ""ras_deg"", ""rms_arcsec"": ""rms_arcsec"", ""tracklet_ids"": ""tracklet_ids"", ""trk_sub"": ""trk_sub""}",[],[]
20251220,orbit_links,/home/admin/pipeline/xiaoyunao/data/heliolincrr/20251220/rr_links/orbit_confirm/orbit_links.fits,True,ok,,,394560,2026-05-14T15:13:20.291823+00:00,1778771600291822989,293832ecc28ee2dacc34c3d3ad2275b73b08b62eed832b971cab67a6704ceb3a,,,1,1252,1252,,"{""a_au"": ""a_au"", ""argp_deg"": ""argp_deg"", ""best_rejected_max_v_kms"": ""best_rejected_max_v_kms"", ""best_v1_kms"": ""best_v1_kms"", ""ecc"": ""ecc"", ""fail_counts"": ""fail_counts"", ""fail_reason"": ""fail_reason"", ""final_max_v_kms"": ""final_max_v_kms"", ""fit_ok"": ""fit_ok"", ""hypo_r_au"": ""hypo_r_au"", ""hypo_rdd_au_day2"": ""hypo_rdd_au_day2"", ""hypo_rdot_au_day"": ""hypo_rdot_au_day"", ""inc_deg"": ""inc_deg"", ""inlier_tracklets"": ""inlier_tracklets"", ""is_good"": ""is_good"", ""lin_dir_deg"": ""lin_dir_deg"", ""lin_rms_arcsec"": ""lin_rms_arcsec"", ""lin_speed_arcsec_per_day"": ""lin_speed_arcsec_per_day"", ""linkage_id"": ""linkage_id"", ""max_arcsec"": ""max_arcsec"", ""med_arcsec"": ""med_arcsec"", ""min_rejected_max_v_kms"": ""min_rejected_max_v_kms"", ""n_nights"": ""n_nights"", ""n_obs"": ""n_obs"", ""n_tracklets"": ""n_tracklets"", ""nu_deg"": ""nu_deg"", ""pred_dec_deg"": ""pred_dec_deg"", ""pred_ra_deg"": ""pred_ra_deg"", ""raan_deg"": ""raan_deg"", ""rejected_tracklets"": ""rejected_tracklets"", ""rms_arcsec"": ""rms_arcsec"", ""seed_max_v_kms"": ""seed_max_v_kms"", ""seed_tracklets"": ""seed_tracklets""}",[],[]
20251220,orbit_obs_residuals,/home/admin/pipeline/xiaoyunao/data/heliolincrr/20251220/rr_links/orbit_confirm/orbit_obs_residuals.fits,True,ok,,,368640,2026-05-14T15:13:20.305047+00:00,1778771600305046776,1d26e32bad62c75a88bb94628a4d70c2542389af82bba519d2dbaf2ba7d9868c,,,1,3765,3765,,"{""dec_deg"": ""dec_deg"", ""linkage_id"": ""linkage_id"", ""mjd"": ""mjd"", ""obs_key"": ""obs_key"", ""ra_deg"": ""ra_deg"", ""resid_arcsec"": ""resid_arcsec"", ""tracklet_id"": ""tracklet_id"", ""used"": ""used""}",[],[]
20251221,known_all,/processed1/20251221/L4/20251221_all_asteroids.fits,True,ok_with_missing_optional,,,13835520,2026-06-19T09:13:41.772563+00:00,1781860421772562808,7819d53b7c3ce63d2103a157a13cee9161e9fc57e1cf3c89ab090f16cc4a4b82,,,1,70546,70546,source_file,"{""asteroid_name"": ""name"", ""asteroid_number"": ""number"", ""epoch_mjd"": ""epoch"", ""pred_dec_deg"": ""dec"", ""pred_geocentric_distance_au"": null, ""pred_heliocentric_distance_au"": null, ""pred_phase_angle_deg"": null, ""pred_ra_deg"": ""ra"", ""pred_solar_elongation_deg"": null, ""pred_v_mag"": ""mag""}",[],"[""pred_heliocentric_distance_au"", ""pred_geocentric_distance_au"", ""pred_solar_elongation_deg"", ""pred_phase_angle_deg""]"
20251221,known_matched,/processed1/20251221/L4/20251221_matched_asteroids.fits,True,ok_with_missing_optional,,,1612800,2026-06-19T09:13:42.382551+00:00,1781860422382551147,4bc4dc8829b11e787f19c3a14fff449db3cb388b471a8f6f484e97effba93c21,,,1,2049,2049,source_file,"{""asteroid_name"": ""name"", ""asteroid_number"": ""number"", ""epoch_mjd"": ""epoch"", ""flag"": ""Flag"", ""flag_iso_num"": ""Flag_ISO_Num"", ""flux_aper4"": ""Flux_Aper4"", ""fluxerr_aper4"": ""FluxErr_Aper4"", ""fwhm_px"": ""FWHM"", ""mag_aper4"": ""Mag_Aper4"", ""mag_aper8"": ""Mag_Aper8"", ""mag_kron"": ""Mag_Kron"", ""mag_psf"": ""Mag_PSF"", ""magerr_aper4"": ""MagErr_Aper4"", ""magerr_aper8"": ""MagErr_Aper8"", ""magerr_kron"": ""MagErr_Kron"", ""magerr_psf"": ""MagErr_PSF"", ""obj_id"": ""objID"", ""obs_dec_err_deg"": ""DECErr_Win"", ""obs_dec_psf_deg"": ""DEC_PSF"", ""obs_dec_win_deg"": ""DEC_Win"", ""obs_ra_err_deg"": ""RAErr_Win"", ""obs_ra_psf_deg"": ""RA_PSF"", ""obs_ra_win_deg"": ""RA_Win"", ""pred_dec_deg"": ""dec"", ""pred_geocentric_distance_au"": null, ""pred_heliocentric_distance_au"": null, ""pred_phase_angle_deg"": null, ""pred_ra_deg"": ""ra"", ""pred_solar_elongation_deg"": null, ""pred_v_mag"": ""mag"", ""x_win_px"": ""X_Win"", ""y_win_px"": ""Y_Win""}",[],"[""pred_heliocentric_distance_au"", ""pred_geocentric_distance_au"", ""pred_solar_elongation_deg"", ""pred_phase_angle_deg""]"
20251221,known_mask15,/processed1/20251221/L4/20251221_matched_asteroids_mask15.fits,True,ok_with_missing_optional,,,1681920,2026-06-19T09:13:42.969540+00:00,1781860422969539926,3cfec9fc97811a2ed70ed63e7a80b170a0591b8fb688fa87d66275fb3564afe5,,,1,2136,2136,source_file,"{""asteroid_name"": ""name"", ""asteroid_number"": ""number"", ""epoch_mjd"": ""epoch"", ""flag"": ""Flag"", ""flag_iso_num"": ""Flag_ISO_Num"", ""flux_aper4"": ""Flux_Aper4"", ""fluxerr_aper4"": ""FluxErr_Aper4"", ""fwhm_px"": ""FWHM"", ""mag_aper4"": ""Mag_Aper4"", ""mag_aper8"": ""Mag_Aper8"", ""mag_kron"": ""Mag_Kron"", ""mag_psf"": ""Mag_PSF"", ""magerr_aper4"": ""MagErr_Aper4"", ""magerr_aper8"": ""MagErr_Aper8"", ""magerr_kron"": ""MagErr_Kron"", ""magerr_psf"": ""MagErr_PSF"", ""obj_id"": ""objID"", ""obs_dec_err_deg"": ""DECErr_Win"", ""obs_dec_psf_deg"": ""DEC_PSF"", ""obs_dec_win_deg"": ""DEC_Win"", ""obs_ra_err_deg"": ""RAErr_Win"", ""obs_ra_psf_deg"": ""RA_PSF"", ""obs_ra_win_deg"": ""RA_Win"", ""pred_dec_deg"": ""dec"", ""pred_geocentric_distance_au"": null, ""pred_heliocentric_distance_au"": null, ""pred_phase_angle_deg"": null, ""pred_ra_deg"": ""ra"", ""pred_solar_elongation_deg"": null, ""pred_v_mag"": ""mag"", ""x_win_px"": ""X_Win"", ""y_win_px"": ""Y_Win""}",[],"[""pred_heliocentric_distance_au"", ""pred_geocentric_distance_au"", ""pred_solar_elongation_deg"", ""pred_phase_angle_deg""]"
20251221,unknown_catalog,/processed1/20251221/L4/20251221_unknown_links.fits,True,ok,,,25920,2026-06-20T01:23:16.924322+00:00,1781918596924322046,523ad4f05869f6cc2400e3e141304f0867222cb1959b9ba196c0430c7f213c96,,,1,38,38,image_names,"{""a_au"": ""a_au"", ""argp_deg"": ""argp_deg"", ""best_v1_kms"": ""best_v1_kms"", ""decs_deg"": ""decs_deg"", ""ecc"": ""ecc"", ""exp_pairs"": ""exp_pairs"", ""fit_ok"": ""fit_ok"", ""groups"": ""groups"", ""image_names"": ""image_names"", ""inc_deg"": ""inc_deg"", ""is_good"": ""is_good"", ""lin_dir_deg"": ""lin_dir_deg"", ""lin_rms_arcsec"": ""lin_rms_arcsec"", ""lin_speed_arcsec_per_day"": ""lin_speed_arcsec_per_day"", ""linkage_id"": ""linkage_id"", ""max_arcsec"": ""max_arcsec"", ""med_arcsec"": ""med_arcsec"", ""mjds"": ""mjds"", ""n_obs"": ""n_obs"", ""n_tracklets"": ""n_tracklets"", ""nu_deg"": ""nu_deg"", ""objids"": ""objids"", ""raan_deg"": ""raan_deg"", ""ras_deg"": ""ras_deg"", ""rms_arcsec"": ""rms_arcsec"", ""tracklet_ids"": ""tracklet_ids"", ""trk_sub"": ""trk_sub""}",[],[]
20251221,orbit_links,/home/admin/pipeline/xiaoyunao/data/heliolincrr/20251221/rr_links/orbit_confirm/orbit_links.fits,True,ok,,,95040,2026-05-14T15:20:08.764168+00:00,1778772008764167684,b8d135d74df32a3eb7fa7339fe133c6a5ded19a2734ad5e3fb32692c8915ba61,,,1,316,316,,"{""a_au"": ""a_au"", ""argp_deg"": ""argp_deg"", ""best_rejected_max_v_kms"": ""best_rejected_max_v_kms"", ""best_v1_kms"": ""best_v1_kms"", ""ecc"": ""ecc"", ""fail_counts"": ""fail_counts"", ""fail_reason"": ""fail_reason"", ""final_max_v_kms"": ""final_max_v_kms"", ""fit_ok"": ""fit_ok"", ""hypo_r_au"": ""hypo_r_au"", ""hypo_rdd_au_day2"": ""hypo_rdd_au_day2"", ""hypo_rdot_au_day"": ""hypo_rdot_au_day"", ""inc_deg"": ""inc_deg"", ""inlier_tracklets"": ""inlier_tracklets"", ""is_good"": ""is_good"", ""lin_dir_deg"": ""lin_dir_deg"", ""lin_rms_arcsec"": ""lin_rms_arcsec"", ""lin_speed_arcsec_per_day"": ""lin_speed_arcsec_per_day"", ""linkage_id"": ""linkage_id"", ""max_arcsec"": ""max_arcsec"", ""med_arcsec"": ""med_arcsec"", ""min_rejected_max_v_kms"": ""min_rejected_max_v_kms"", ""n_nights"": ""n_nights"", ""n_obs"": ""n_obs"", ""n_tracklets"": ""n_tracklets"", ""nu_deg"": ""nu_deg"", ""pred_dec_deg"": ""pred_dec_deg"", ""pred_ra_deg"": ""pred_ra_deg"", ""raan_deg"": ""raan_deg"", ""rejected_tracklets"": ""rejected_tracklets"", ""rms_arcsec"": ""rms_arcsec"", ""seed_max_v_kms"": ""seed_max_v_kms"", ""seed_tracklets"": ""seed_tracklets""}",[],[]
20251221,orbit_obs_residuals,/home/admin/pipeline/xiaoyunao/data/heliolincrr/20251221/rr_links/orbit_confirm/orbit_obs_residuals.fits,True,ok,,,97920,2026-05-14T15:20:08.771612+00:00,1778772008771611782,b341e4aad5a9a8972f58b5d4a6c36f1985b87b2c1735aa316730dfd46d2ef290,,,1,948,948,,"{""dec_deg"": ""dec_deg"", ""linkage_id"": ""linkage_id"", ""mjd"": ""mjd"", ""obs_key"": ""obs_key"", ""ra_deg"": ""ra_deg"", ""resid_arcsec"": ""resid_arcsec"", ""tracklet_id"": ""tracklet_id"", ""used"": ""used""}",[],[]
20251222,known_all,/processed1/20251222/L4/20251222_all_asteroids.fits,False,missing,,,0,,0,,,,1,0,0,,{},[],[]
20251222,known_matched,/processed1/20251222/L4/20251222_matched_asteroids.fits,False,missing,,,0,,0,,,,1,0,0,,{},[],[]
20251222,known_mask15,/processed1/20251222/L4/20251222_matched_asteroids_mask15.fits,False,missing,,,0,,0,,,,1,0,0,,{},[],[]
20251222,unknown_catalog,/processed1/20251222/L4/20251222_unknown_links.fits,False,missing,,,0,,0,,,,1,0,0,,{},[],[]
20251222,orbit_links,/home/admin/pipeline/xiaoyunao/data/heliolincrr/20251222/rr_links/orbit_confirm/orbit_links.fits,False,missing,,,0,,0,,,,1,0,0,,{},[],[]
20251222,orbit_obs_residuals,/home/admin/pipeline/xiaoyunao/data/heliolincrr/20251222/rr_links/orbit_confirm/orbit_obs_residuals.fits,False,missing,,,0,,0,,,,1,0,0,,{},[],[]
20251223,known_all,/processed1/20251223/L4/20251223_all_asteroids.fits,True,ok_with_missing_optional,,,27391680,2026-06-19T09:20:38.433598+00:00,1781860838433597621,e24fad7f7989c60125826043d732bd0a3a8f3fd1499d3025f68e9a0c151e8386,,,1,139713,139713,source_file,"{""asteroid_name"": ""name"", ""asteroid_number"": ""number"", ""epoch_mjd"": ""epoch"", ""pred_dec_deg"": ""dec"", ""pred_geocentric_distance_au"": null, ""pred_heliocentric_distance_au"": null, ""pred_phase_angle_deg"": null, ""pred_ra_deg"": ""ra"", ""pred_solar_elongation_deg"": null, ""pred_v_mag"": ""mag""}",[],"[""pred_heliocentric_distance_au"", ""pred_geocentric_distance_au"", ""pred_solar_elongation_deg"", ""pred_phase_angle_deg""]"
20251223,known_matched,/processed1/20251223/L4/20251223_matched_asteroids.fits,True,ok_with_missing_optional,,,7871040,2026-06-19T09:20:39.249582+00:00,1781860839249582022,20b5adafd24bbc2bf83a9f6edf20b9222553f8406dc08bd7e1218c294badf76d,,,1,10134,10134,source_file,"{""asteroid_name"": ""name"", ""asteroid_number"": ""number"", ""epoch_mjd"": ""epoch"", ""flag"": ""Flag"", ""flag_iso_num"": ""Flag_ISO_Num"", ""flux_aper4"": ""Flux_Aper4"", ""fluxerr_aper4"": ""FluxErr_Aper4"", ""fwhm_px"": ""FWHM"", ""mag_aper4"": ""Mag_Aper4"", ""mag_aper8"": ""Mag_Aper8"", ""mag_kron"": ""Mag_Kron"", ""mag_psf"": ""Mag_PSF"", ""magerr_aper4"": ""MagErr_Aper4"", ""magerr_aper8"": ""MagErr_Aper8"", ""magerr_kron"": ""MagErr_Kron"", ""magerr_psf"": ""MagErr_PSF"", ""obj_id"": ""objID"", ""obs_dec_err_deg"": ""DECErr_Win"", ""obs_dec_psf_deg"": ""DEC_PSF"", ""obs_dec_win_deg"": ""DEC_Win"", ""obs_ra_err_deg"": ""RAErr_Win"", ""obs_ra_psf_deg"": ""RA_PSF"", ""obs_ra_win_deg"": ""RA_Win"", ""pred_dec_deg"": ""dec"", ""pred_geocentric_distance_au"": null, ""pred_heliocentric_distance_au"": null, ""pred_phase_angle_deg"": null, ""pred_ra_deg"": ""ra"", ""pred_solar_elongation_deg"": null, ""pred_v_mag"": ""mag"", ""x_win_px"": ""X_Win"", ""y_win_px"": ""Y_Win""}",[],"[""pred_heliocentric_distance_au"", ""pred_geocentric_distance_au"", ""pred_solar_elongation_deg"", ""pred_phase_angle_deg""]"
20251223,known_mask15,/processed1/20251223/L4/20251223_matched_asteroids_mask15.fits,True,ok_with_missing_optional,,,8210880,2026-06-19T09:20:40.033567+00:00,1781860840033567035,57ba57fcdcf2b4e59fbe8ce6974c7139c12166a1c6a26b3fa0a8e0ca907c2d0b,,,1,10573,10573,source_file,"{""asteroid_name"": ""name"", ""asteroid_number"": ""number"", ""epoch_mjd"": ""epoch"", ""flag"": ""Flag"", ""flag_iso_num"": ""Flag_ISO_Num"", ""flux_aper4"": ""Flux_Aper4"", ""fluxerr_aper4"": ""FluxErr_Aper4"", ""fwhm_px"": ""FWHM"", ""mag_aper4"": ""Mag_Aper4"", ""mag_aper8"": ""Mag_Aper8"", ""mag_kron"": ""Mag_Kron"", ""mag_psf"": ""Mag_PSF"", ""magerr_aper4"": ""MagErr_Aper4"", ""magerr_aper8"": ""MagErr_Aper8"", ""magerr_kron"": ""MagErr_Kron"", ""magerr_psf"": ""MagErr_PSF"", ""obj_id"": ""objID"", ""obs_dec_err_deg"": ""DECErr_Win"", ""obs_dec_psf_deg"": ""DEC_PSF"", ""obs_dec_win_deg"": ""DEC_Win"", ""obs_ra_err_deg"": ""RAErr_Win"", ""obs_ra_psf_deg"": ""RA_PSF"", ""obs_ra_win_deg"": ""RA_Win"", ""pred_dec_deg"": ""dec"", ""pred_geocentric_distance_au"": null, ""pred_heliocentric_distance_au"": null, ""pred_phase_angle_deg"": null, ""pred_ra_deg"": ""ra"", ""pred_solar_elongation_deg"": null, ""pred_v_mag"": ""mag"", ""x_win_px"": ""X_Win"", ""y_win_px"": ""Y_Win""}",[],"[""pred_heliocentric_distance_au"", ""pred_geocentric_distance_au"", ""pred_solar_elongation_deg"", ""pred_phase_angle_deg""]"
20251223,unknown_catalog,/processed1/20251223/L4/20251223_unknown_links.fits,True,ok,,,31680,2026-06-20T01:31:35.302793+00:00,1781919095302793063,192359dab302954cada7c583721b74c98f6e6ca1243c6a083fa1e23bdb94a162,,,1,53,53,image_names,"{""a_au"": ""a_au"", ""argp_deg"": ""argp_deg"", ""best_v1_kms"": ""best_v1_kms"", ""decs_deg"": ""decs_deg"", ""ecc"": ""ecc"", ""exp_pairs"": ""exp_pairs"", ""fit_ok"": ""fit_ok"", ""groups"": ""groups"", ""image_names"": ""image_names"", ""inc_deg"": ""inc_deg"", ""is_good"": ""is_good"", ""lin_dir_deg"": ""lin_dir_deg"", ""lin_rms_arcsec"": ""lin_rms_arcsec"", ""lin_speed_arcsec_per_day"": ""lin_speed_arcsec_per_day"", ""linkage_id"": ""linkage_id"", ""max_arcsec"": ""max_arcsec"", ""med_arcsec"": ""med_arcsec"", ""mjds"": ""mjds"", ""n_obs"": ""n_obs"", ""n_tracklets"": ""n_tracklets"", ""nu_deg"": ""nu_deg"", ""objids"": ""objids"", ""raan_deg"": ""raan_deg"", ""ras_deg"": ""ras_deg"", ""rms_arcsec"": ""rms_arcsec"", ""tracklet_ids"": ""tracklet_ids"", ""trk_sub"": ""trk_sub""}",[],[]
20251223,orbit_links,/home/admin/pipeline/xiaoyunao/data/heliolincrr/20251223/rr_links/orbit_confirm/orbit_links.fits,True,ok,,,400320,2026-05-14T15:31:12.527231+00:00,1778772672527230775,218c413a783f9cdf35dc1bd441a61af087110aaca21ea1eec96e85bf4c00b970,,,1,1470,1470,,"{""a_au"": ""a_au"", ""argp_deg"": ""argp_deg"", ""best_rejected_max_v_kms"": ""best_rejected_max_v_kms"", ""best_v1_kms"": ""best_v1_kms"", ""ecc"": ""ecc"", ""fail_counts"": ""fail_counts"", ""fail_reason"": ""fail_reason"", ""final_max_v_kms"": ""final_max_v_kms"", ""fit_ok"": ""fit_ok"", ""hypo_r_au"": ""hypo_r_au"", ""hypo_rdd_au_day2"": ""hypo_rdd_au_day2"", ""hypo_rdot_au_day"": ""hypo_rdot_au_day"", ""inc_deg"": ""inc_deg"", ""inlier_tracklets"": ""inlier_tracklets"", ""is_good"": ""is_good"", ""lin_dir_deg"": ""lin_dir_deg"", ""lin_rms_arcsec"": ""lin_rms_arcsec"", ""lin_speed_arcsec_per_day"": ""lin_speed_arcsec_per_day"", ""linkage_id"": ""linkage_id"", ""max_arcsec"": ""max_arcsec"", ""med_arcsec"": ""med_arcsec"", ""min_rejected_max_v_kms"": ""min_rejected_max_v_kms"", ""n_nights"": ""n_nights"", ""n_obs"": ""n_obs"", ""n_tracklets"": ""n_tracklets"", ""nu_deg"": ""nu_deg"", ""pred_dec_deg"": ""pred_dec_deg"", ""pred_ra_deg"": ""pred_ra_deg"", ""raan_deg"": ""raan_deg"", ""rejected_tracklets"": ""rejected_tracklets"", ""rms_arcsec"": ""rms_arcsec"", ""seed_max_v_kms"": ""seed_max_v_kms"", ""seed_tracklets"": ""seed_tracklets""}",[],[]
20251223,orbit_obs_residuals,/home/admin/pipeline/xiaoyunao/data/heliolincrr/20251223/rr_links/orbit_confirm/orbit_obs_residuals.fits,True,ok,,,426240,2026-05-14T15:31:12.541231+00:00,1778772672541230657,7d9e8d5463c25e5a9254d71b41221d597fed433578f298285cb09016a49e20b8,,,1,4414,4414,,"{""dec_deg"": ""dec_deg"", ""linkage_id"": ""linkage_id"", ""mjd"": ""mjd"", ""obs_key"": ""obs_key"", ""ra_deg"": ""ra_deg"", ""resid_arcsec"": ""resid_arcsec"", ""tracklet_id"": ""tracklet_id"", ""used"": ""used""}",[],[]
20251224,known_all,/processed1/20251224/L4/20251224_all_asteroids.fits,False,missing,,,0,,0,,,,1,0,0,,{},[],[]
20251224,known_matched,/processed1/20251224/L4/20251224_matched_asteroids.fits,False,missing,,,0,,0,,,,1,0,0,,{},[],[]
20251224,known_mask15,/processed1/20251224/L4/20251224_matched_asteroids_mask15.fits,False,missing,,,0,,0,,,,1,0,0,,{},[],[]
20251224,unknown_catalog,/processed1/20251224/L4/20251224_unknown_links.fits,False,missing,,,0,,0,,,,1,0,0,,{},[],[]
20251224,orbit_links,/home/admin/pipeline/xiaoyunao/data/heliolincrr/20251224/rr_links/orbit_confirm/orbit_links.fits,False,missing,,,0,,0,,,,1,0,0,,{},[],[]
20251224,orbit_obs_residuals,/home/admin/pipeline/xiaoyunao/data/heliolincrr/20251224/rr_links/orbit_confirm/orbit_obs_residuals.fits,False,missing,,,0,,0,,,,1,0,0,,{},[],[]
20251225,known_all,/processed1/20251225/L4/20251225_all_asteroids.fits,True,ok_with_missing_optional,,,15937920,2026-06-19T09:27:50.525337+00:00,1781861270525337450,6ecccf337dd2fac08766204b5f0c8325065471f22630c654266efd960de57da6,,,1,81282,81282,source_file,"{""asteroid_name"": ""name"", ""asteroid_number"": ""number"", ""epoch_mjd"": ""epoch"", ""pred_dec_deg"": ""dec"", ""pred_geocentric_distance_au"": null, ""pred_heliocentric_distance_au"": null, ""pred_phase_angle_deg"": null, ""pred_ra_deg"": ""ra"", ""pred_solar_elongation_deg"": null, ""pred_v_mag"": ""mag""}",[],"[""pred_heliocentric_distance_au"", ""pred_geocentric_distance_au"", ""pred_solar_elongation_deg"", ""pred_phase_angle_deg""]"
20251225,known_matched,/processed1/20251225/L4/20251225_matched_asteroids.fits,True,ok_with_missing_optional,,,4242240,2026-06-19T09:27:51.272323+00:00,1781861271272323170,336d4912dbea8aacd9ae5cf63c13b0988795527ddf28a6cf9fb1ae369ad7aa4e,,,1,5444,5444,source_file,"{""asteroid_name"": ""name"", ""asteroid_number"": ""number"", ""epoch_mjd"": ""epoch"", ""flag"": ""Flag"", ""flag_iso_num"": ""Flag_ISO_Num"", ""flux_aper4"": ""Flux_Aper4"", ""fluxerr_aper4"": ""FluxErr_Aper4"", ""fwhm_px"": ""FWHM"", ""mag_aper4"": ""Mag_Aper4"", ""mag_aper8"": ""Mag_Aper8"", ""mag_kron"": ""Mag_Kron"", ""mag_psf"": ""Mag_PSF"", ""magerr_aper4"": ""MagErr_Aper4"", ""magerr_aper8"": ""MagErr_Aper8"", ""magerr_kron"": ""MagErr_Kron"", ""magerr_psf"": ""MagErr_PSF"", ""obj_id"": ""objID"", ""obs_dec_err_deg"": ""DECErr_Win"", ""obs_dec_psf_deg"": ""DEC_PSF"", ""obs_dec_win_deg"": ""DEC_Win"", ""obs_ra_err_deg"": ""RAErr_Win"", ""obs_ra_psf_deg"": ""RA_PSF"", ""obs_ra_win_deg"": ""RA_Win"", ""pred_dec_deg"": ""dec"", ""pred_geocentric_distance_au"": null, ""pred_heliocentric_distance_au"": null, ""pred_phase_angle_deg"": null, ""pred_ra_deg"": ""ra"", ""pred_solar_elongation_deg"": null, ""pred_v_mag"": ""mag"", ""x_win_px"": ""X_Win"", ""y_win_px"": ""Y_Win""}",[],"[""pred_heliocentric_distance_au"", ""pred_geocentric_distance_au"", ""pred_solar_elongation_deg"", ""pred_phase_angle_deg""]"
20251225,known_mask15,/processed1/20251225/L4/20251225_matched_asteroids_mask15.fits,True,ok_with_missing_optional,,,4417920,2026-06-19T09:27:52.018309+00:00,1781861272018308909,4c91225054426b0bd14704d56053fa5e85e1bcb2c737379cd3301091890c141c,,,1,5673,5673,source_file,"{""asteroid_name"": ""name"", ""asteroid_number"": ""number"", ""epoch_mjd"": ""epoch"", ""flag"": ""Flag"", ""flag_iso_num"": ""Flag_ISO_Num"", ""flux_aper4"": ""Flux_Aper4"", ""fluxerr_aper4"": ""FluxErr_Aper4"", ""fwhm_px"": ""FWHM"", ""mag_aper4"": ""Mag_Aper4"", ""mag_aper8"": ""Mag_Aper8"", ""mag_kron"": ""Mag_Kron"", ""mag_psf"": ""Mag_PSF"", ""magerr_aper4"": ""MagErr_Aper4"", ""magerr_aper8"": ""MagErr_Aper8"", ""magerr_kron"": ""MagErr_Kron"", ""magerr_psf"": ""MagErr_PSF"", ""obj_id"": ""objID"", ""obs_dec_err_deg"": ""DECErr_Win"", ""obs_dec_psf_deg"": ""DEC_PSF"", ""obs_dec_win_deg"": ""DEC_Win"", ""obs_ra_err_deg"": ""RAErr_Win"", ""obs_ra_psf_deg"": ""RA_PSF"", ""obs_ra_win_deg"": ""RA_Win"", ""pred_dec_deg"": ""dec"", ""pred_geocentric_distance_au"": null, ""pred_heliocentric_distance_au"": null, ""pred_phase_angle_deg"": null, ""pred_ra_deg"": ""ra"", ""pred_solar_elongation_deg"": null, ""pred_v_mag"": ""mag"", ""x_win_px"": ""X_Win"", ""y_win_px"": ""Y_Win""}",[],"[""pred_heliocentric_distance_au"", ""pred_geocentric_distance_au"", ""pred_solar_elongation_deg"", ""pred_phase_angle_deg""]"
20251225,unknown_catalog,/processed1/20251225/L4/20251225_unknown_links.fits,True,ok,,,37440,2026-06-20T01:33:30.627588+00:00,1781919210627588056,2ff828783b4521422c8692da72cfd32d41662c5f2980da7b6b883dcbdcc1b845,,,1,67,67,image_names,"{""a_au"": ""a_au"", ""argp_deg"": ""argp_deg"", ""best_v1_kms"": ""best_v1_kms"", ""decs_deg"": ""decs_deg"", ""ecc"": ""ecc"", ""exp_pairs"": ""exp_pairs"", ""fit_ok"": ""fit_ok"", ""groups"": ""groups"", ""image_names"": ""image_names"", ""inc_deg"": ""inc_deg"", ""is_good"": ""is_good"", ""lin_dir_deg"": ""lin_dir_deg"", ""lin_rms_arcsec"": ""lin_rms_arcsec"", ""lin_speed_arcsec_per_day"": ""lin_speed_arcsec_per_day"", ""linkage_id"": ""linkage_id"", ""max_arcsec"": ""max_arcsec"", ""med_arcsec"": ""med_arcsec"", ""mjds"": ""mjds"", ""n_obs"": ""n_obs"", ""n_tracklets"": ""n_tracklets"", ""nu_deg"": ""nu_deg"", ""objids"": ""objids"", ""raan_deg"": ""raan_deg"", ""ras_deg"": ""ras_deg"", ""rms_arcsec"": ""rms_arcsec"", ""tracklet_ids"": ""tracklet_ids"", ""trk_sub"": ""trk_sub""}",[],[]
20251225,orbit_links,/home/admin/pipeline/xiaoyunao/data/heliolincrr/20251225/rr_links/orbit_confirm/orbit_links.fits,True,ok,,,233280,2026-05-14T15:47:05.538485+00:00,1778773625538484467,1b8647ad9179a44c96505fcb1b95c95577a48a400ac9d5a32c8dfdba56fa7d5a,,,1,841,841,,"{""a_au"": ""a_au"", ""argp_deg"": ""argp_deg"", ""best_rejected_max_v_kms"": ""best_rejected_max_v_kms"", ""best_v1_kms"": ""best_v1_kms"", ""ecc"": ""ecc"", ""fail_counts"": ""fail_counts"", ""fail_reason"": ""fail_reason"", ""final_max_v_kms"": ""final_max_v_kms"", ""fit_ok"": ""fit_ok"", ""hypo_r_au"": ""hypo_r_au"", ""hypo_rdd_au_day2"": ""hypo_rdd_au_day2"", ""hypo_rdot_au_day"": ""hypo_rdot_au_day"", ""inc_deg"": ""inc_deg"", ""inlier_tracklets"": ""inlier_tracklets"", ""is_good"": ""is_good"", ""lin_dir_deg"": ""lin_dir_deg"", ""lin_rms_arcsec"": ""lin_rms_arcsec"", ""lin_speed_arcsec_per_day"": ""lin_speed_arcsec_per_day"", ""linkage_id"": ""linkage_id"", ""max_arcsec"": ""max_arcsec"", ""med_arcsec"": ""med_arcsec"", ""min_rejected_max_v_kms"": ""min_rejected_max_v_kms"", ""n_nights"": ""n_nights"", ""n_obs"": ""n_obs"", ""n_tracklets"": ""n_tracklets"", ""nu_deg"": ""nu_deg"", ""pred_dec_deg"": ""pred_dec_deg"", ""pred_ra_deg"": ""pred_ra_deg"", ""raan_deg"": ""raan_deg"", ""rejected_tracklets"": ""rejected_tracklets"", ""rms_arcsec"": ""rms_arcsec"", ""seed_max_v_kms"": ""seed_max_v_kms"", ""seed_tracklets"": ""seed_tracklets""}",[],[]
20251225,orbit_obs_residuals,/home/admin/pipeline/xiaoyunao/data/heliolincrr/20251225/rr_links/orbit_confirm/orbit_obs_residuals.fits,True,ok,,,250560,2026-05-14T15:47:05.549485+00:00,1778773625549484670,19f4067549ec2e4793f93296f46cfebcf66ab8cb26687cd315dfb4d872e41606,,,1,2523,2523,,"{""dec_deg"": ""dec_deg"", ""linkage_id"": ""linkage_id"", ""mjd"": ""mjd"", ""obs_key"": ""obs_key"", ""ra_deg"": ""ra_deg"", ""resid_arcsec"": ""resid_arcsec"", ""tracklet_id"": ""tracklet_id"", ""used"": ""used""}",[],[]
20251226,known_all,/processed1/20251226/L4/20251226_all_asteroids.fits,True,ok_with_missing_optional,,,30971520,2026-06-19T19:40:53.742953+00:00,1781898053742952624,995073ac6b481a9e061d43b26fa62dc223ed9e04d5071a269c6969419f1ca9ef,,,1,157974,157974,source_file,"{""asteroid_name"": ""name"", ""asteroid_number"": ""number"", ""epoch_mjd"": ""epoch"", ""pred_dec_deg"": ""dec"", ""pred_geocentric_distance_au"": null, ""pred_heliocentric_distance_au"": null, ""pred_phase_angle_deg"": null, ""pred_ra_deg"": ""ra"", ""pred_solar_elongation_deg"": null, ""pred_v_mag"": ""mag""}",[],"[""pred_heliocentric_distance_au"", ""pred_geocentric_distance_au"", ""pred_solar_elongation_deg"", ""pred_phase_angle_deg""]"
20251226,known_matched,/processed1/20251226/L4/20251226_matched_asteroids.fits,True,ok_with_missing_optional,,,7096320,2026-06-19T19:40:55.141926+00:00,1781898055141925907,f449788fa8a0d4d21b99397ea5d3935adb763429f00ae2e81f06a2c1e8cfe8c9,,,1,9133,9133,source_file,"{""asteroid_name"": ""name"", ""asteroid_number"": ""number"", ""epoch_mjd"": ""epoch"", ""flag"": ""Flag"", ""flag_iso_num"": ""Flag_ISO_Num"", ""flux_aper4"": ""Flux_Aper4"", ""fluxerr_aper4"": ""FluxErr_Aper4"", ""fwhm_px"": ""FWHM"", ""mag_aper4"": ""Mag_Aper4"", ""mag_aper8"": ""Mag_Aper8"", ""mag_kron"": ""Mag_Kron"", ""mag_psf"": ""Mag_PSF"", ""magerr_aper4"": ""MagErr_Aper4"", ""magerr_aper8"": ""MagErr_Aper8"", ""magerr_kron"": ""MagErr_Kron"", ""magerr_psf"": ""MagErr_PSF"", ""obj_id"": ""objID"", ""obs_dec_err_deg"": ""DECErr_Win"", ""obs_dec_psf_deg"": ""DEC_PSF"", ""obs_dec_win_deg"": ""DEC_Win"", ""obs_ra_err_deg"": ""RAErr_Win"", ""obs_ra_psf_deg"": ""RA_PSF"", ""obs_ra_win_deg"": ""RA_Win"", ""pred_dec_deg"": ""dec"", ""pred_geocentric_distance_au"": null, ""pred_heliocentric_distance_au"": null, ""pred_phase_angle_deg"": null, ""pred_ra_deg"": ""ra"", ""pred_solar_elongation_deg"": null, ""pred_v_mag"": ""mag"", ""x_win_px"": ""X_Win"", ""y_win_px"": ""Y_Win""}",[],"[""pred_heliocentric_distance_au"", ""pred_geocentric_distance_au"", ""pred_solar_elongation_deg"", ""pred_phase_angle_deg""]"
20251226,known_mask15,/processed1/20251226/L4/20251226_matched_asteroids_mask15.fits,True,ok_with_missing_optional,,,7410240,2026-06-19T19:40:56.512900+00:00,1781898056512899726,09abc3a474de96f037b50c84e5ec5346c0d04cb6af82846297cb1c88c93ec66b,,,1,9540,9540,source_file,"{""asteroid_name"": ""name"", ""asteroid_number"": ""number"", ""epoch_mjd"": ""epoch"", ""flag"": ""Flag"", ""flag_iso_num"": ""Flag_ISO_Num"", ""flux_aper4"": ""Flux_Aper4"", ""fluxerr_aper4"": ""FluxErr_Aper4"", ""fwhm_px"": ""FWHM"", ""mag_aper4"": ""Mag_Aper4"", ""mag_aper8"": ""Mag_Aper8"", ""mag_kron"": ""Mag_Kron"", ""mag_psf"": ""Mag_PSF"", ""magerr_aper4"": ""MagErr_Aper4"", ""magerr_aper8"": ""MagErr_Aper8"", ""magerr_kron"": ""MagErr_Kron"", ""magerr_psf"": ""MagErr_PSF"", ""obj_id"": ""objID"", ""obs_dec_err_deg"": ""DECErr_Win"", ""obs_dec_psf_deg"": ""DEC_PSF"", ""obs_dec_win_deg"": ""DEC_Win"", ""obs_ra_err_deg"": ""RAErr_Win"", ""obs_ra_psf_deg"": ""RA_PSF"", ""obs_ra_win_deg"": ""RA_Win"", ""pred_dec_deg"": ""dec"", ""pred_geocentric_distance_au"": null, ""pred_heliocentric_distance_au"": null, ""pred_phase_angle_deg"": null, ""pred_ra_deg"": ""ra"", ""pred_solar_elongation_deg"": null, ""pred_v_mag"": ""mag"", ""x_win_px"": ""X_Win"", ""y_win_px"": ""Y_Win""}",[],"[""pred_heliocentric_distance_au"", ""pred_geocentric_distance_au"", ""pred_solar_elongation_deg"", ""pred_phase_angle_deg""]"
20251226,unknown_catalog,/processed1/20251226/L4/20251226_unknown_links.fits,False,missing,,,0,,0,,,,1,0,0,,{},[],[]
20251226,orbit_links,/home/admin/pipeline/xiaoyunao/data/heliolincrr/20251226/rr_links/orbit_confirm/orbit_links.fits,True,ok,,,573120,2026-05-14T16:06:57.106090+00:00,1778774817106089499,7ba1badc961727302f4990be34d59df790e9b64ba9323d48dd14c2f5641121e2,,,1,1807,1807,,"{""a_au"": ""a_au"", ""argp_deg"": ""argp_deg"", ""best_rejected_max_v_kms"": ""best_rejected_max_v_kms"", ""best_v1_kms"": ""best_v1_kms"", ""ecc"": ""ecc"", ""fail_counts"": ""fail_counts"", ""fail_reason"": ""fail_reason"", ""final_max_v_kms"": ""final_max_v_kms"", ""fit_ok"": ""fit_ok"", ""hypo_r_au"": ""hypo_r_au"", ""hypo_rdd_au_day2"": ""hypo_rdd_au_day2"", ""hypo_rdot_au_day"": ""hypo_rdot_au_day"", ""inc_deg"": ""inc_deg"", ""inlier_tracklets"": ""inlier_tracklets"", ""is_good"": ""is_good"", ""lin_dir_deg"": ""lin_dir_deg"", ""lin_rms_arcsec"": ""lin_rms_arcsec"", ""lin_speed_arcsec_per_day"": ""lin_speed_arcsec_per_day"", ""linkage_id"": ""linkage_id"", ""max_arcsec"": ""max_arcsec"", ""med_arcsec"": ""med_arcsec"", ""min_rejected_max_v_kms"": ""min_rejected_max_v_kms"", ""n_nights"": ""n_nights"", ""n_obs"": ""n_obs"", ""n_tracklets"": ""n_tracklets"", ""nu_deg"": ""nu_deg"", ""pred_dec_deg"": ""pred_dec_deg"", ""pred_ra_deg"": ""pred_ra_deg"", ""raan_deg"": ""raan_deg"", ""rejected_tracklets"": ""rejected_tracklets"", ""rms_arcsec"": ""rms_arcsec"", ""seed_max_v_kms"": ""seed_max_v_kms"", ""seed_tracklets"": ""seed_tracklets""}",[],[]
20251226,orbit_obs_residuals,/home/admin/pipeline/xiaoyunao/data/heliolincrr/20251226/rr_links/orbit_confirm/orbit_obs_residuals.fits,True,ok,,,564480,2026-05-14T16:06:57.121818+00:00,1778774817121817473,a5b7b9b86a0fa52d13424345919f44f6c537c7b1d4deb6584ceefdafa4157748,,,1,5806,5806,,"{""dec_deg"": ""dec_deg"", ""linkage_id"": ""linkage_id"", ""mjd"": ""mjd"", ""obs_key"": ""obs_key"", ""ra_deg"": ""ra_deg"", ""resid_arcsec"": ""resid_arcsec"", ""tracklet_id"": ""tracklet_id"", ""used"": ""used""}",[],[]
20251227,known_all,/processed1/20251227/L4/20251227_all_asteroids.fits,True,ok_with_missing_optional,,,24543360,2026-06-19T09:48:17.885874+00:00,1781862497885873483,70363cd0bcaafcf98d8782320d7e76e8aededaa0d1901bda639f96e0c2398931,,,1,125182,125182,source_file,"{""asteroid_name"": ""name"", ""asteroid_number"": ""number"", ""epoch_mjd"": ""epoch"", ""pred_dec_deg"": ""dec"", ""pred_geocentric_distance_au"": null, ""pred_heliocentric_distance_au"": null, ""pred_phase_angle_deg"": null, ""pred_ra_deg"": ""ra"", ""pred_solar_elongation_deg"": null, ""pred_v_mag"": ""mag""}",[],"[""pred_heliocentric_distance_au"", ""pred_geocentric_distance_au"", ""pred_solar_elongation_deg"", ""pred_phase_angle_deg""]"
20251227,known_matched,/processed1/20251227/L4/20251227_matched_asteroids.fits,True,ok_with_missing_optional,,,5238720,2026-06-19T09:48:18.929853+00:00,1781862498929853531,ffea4e1a5a2993343f442fdee483e72030bab559d6212f95ac37eaa62a8fb850,,,1,6732,6732,source_file,"{""asteroid_name"": ""name"", ""asteroid_number"": ""number"", ""epoch_mjd"": ""epoch"", ""flag"": ""Flag"", ""flag_iso_num"": ""Flag_ISO_Num"", ""flux_aper4"": ""Flux_Aper4"", ""fluxerr_aper4"": ""FluxErr_Aper4"", ""fwhm_px"": ""FWHM"", ""mag_aper4"": ""Mag_Aper4"", ""mag_aper8"": ""Mag_Aper8"", ""mag_kron"": ""Mag_Kron"", ""mag_psf"": ""Mag_PSF"", ""magerr_aper4"": ""MagErr_Aper4"", ""magerr_aper8"": ""MagErr_Aper8"", ""magerr_kron"": ""MagErr_Kron"", ""magerr_psf"": ""MagErr_PSF"", ""obj_id"": ""objID"", ""obs_dec_err_deg"": ""DECErr_Win"", ""obs_dec_psf_deg"": ""DEC_PSF"", ""obs_dec_win_deg"": ""DEC_Win"", ""obs_ra_err_deg"": ""RAErr_Win"", ""obs_ra_psf_deg"": ""RA_PSF"", ""obs_ra_win_deg"": ""RA_Win"", ""pred_dec_deg"": ""dec"", ""pred_geocentric_distance_au"": null, ""pred_heliocentric_distance_au"": null, ""pred_phase_angle_deg"": null, ""pred_ra_deg"": ""ra"", ""pred_solar_elongation_deg"": null, ""pred_v_mag"": ""mag"", ""x_win_px"": ""X_Win"", ""y_win_px"": ""Y_Win""}",[],"[""pred_heliocentric_distance_au"", ""pred_geocentric_distance_au"", ""pred_solar_elongation_deg"", ""pred_phase_angle_deg""]"
20251227,known_mask15,/processed1/20251227/L4/20251227_matched_asteroids_mask15.fits,True,ok_with_missing_optional,,,5448960,2026-06-19T09:48:20.104831+00:00,1781862500104831075,86ee5651e237477853c91c6bb38d877602ac276dfede6e89729b9b4c1e2809ff,,,1,7006,7006,source_file,"{""asteroid_name"": ""name"", ""asteroid_number"": ""number"", ""epoch_mjd"": ""epoch"", ""flag"": ""Flag"", ""flag_iso_num"": ""Flag_ISO_Num"", ""flux_aper4"": ""Flux_Aper4"", ""fluxerr_aper4"": ""FluxErr_Aper4"", ""fwhm_px"": ""FWHM"", ""mag_aper4"": ""Mag_Aper4"", ""mag_aper8"": ""Mag_Aper8"", ""mag_kron"": ""Mag_Kron"", ""mag_psf"": ""Mag_PSF"", ""magerr_aper4"": ""MagErr_Aper4"", ""magerr_aper8"": ""MagErr_Aper8"", ""magerr_kron"": ""MagErr_Kron"", ""magerr_psf"": ""MagErr_PSF"", ""obj_id"": ""objID"", ""obs_dec_err_deg"": ""DECErr_Win"", ""obs_dec_psf_deg"": ""DEC_PSF"", ""obs_dec_win_deg"": ""DEC_Win"", ""obs_ra_err_deg"": ""RAErr_Win"", ""obs_ra_psf_deg"": ""RA_PSF"", ""obs_ra_win_deg"": ""RA_Win"", ""pred_dec_deg"": ""dec"", ""pred_geocentric_distance_au"": null, ""pred_heliocentric_distance_au"": null, ""pred_phase_angle_deg"": null, ""pred_ra_deg"": ""ra"", ""pred_solar_elongation_deg"": null, ""pred_v_mag"": ""mag"", ""x_win_px"": ""X_Win"", ""y_win_px"": ""Y_Win""}",[],"[""pred_heliocentric_distance_au"", ""pred_geocentric_distance_au"", ""pred_solar_elongation_deg"", ""pred_phase_angle_deg""]"
20251227,unknown_catalog,/processed1/20251227/L4/20251227_unknown_links.fits,True,ok,,,25920,2026-06-20T01:36:37.144017+00:00,1781919397144017268,f5ed9fe9830b620d1d531b572486d83f98294ef4969b9563f84d353749ddeb1c,,,1,38,38,image_names,"{""a_au"": ""a_au"", ""argp_deg"": ""argp_deg"", ""best_v1_kms"": ""best_v1_kms"", ""decs_deg"": ""decs_deg"", ""ecc"": ""ecc"", ""exp_pairs"": ""exp_pairs"", ""fit_ok"": ""fit_ok"", ""groups"": ""groups"", ""image_names"": ""image_names"", ""inc_deg"": ""inc_deg"", ""is_good"": ""is_good"", ""lin_dir_deg"": ""lin_dir_deg"", ""lin_rms_arcsec"": ""lin_rms_arcsec"", ""lin_speed_arcsec_per_day"": ""lin_speed_arcsec_per_day"", ""linkage_id"": ""linkage_id"", ""max_arcsec"": ""max_arcsec"", ""med_arcsec"": ""med_arcsec"", ""mjds"": ""mjds"", ""n_obs"": ""n_obs"", ""n_tracklets"": ""n_tracklets"", ""nu_deg"": ""nu_deg"", ""objids"": ""objids"", ""raan_deg"": ""raan_deg"", ""ras_deg"": ""ras_deg"", ""rms_arcsec"": ""rms_arcsec"", ""tracklet_ids"": ""tracklet_ids"", ""trk_sub"": ""trk_sub""}",[],[]
20251227,orbit_links,/home/admin/pipeline/xiaoyunao/data/heliolincrr/20251227/rr_links/orbit_confirm/orbit_links.fits,True,ok,,,478080,2026-05-14T16:09:49.868589+00:00,1778774989868588646,e489d2de515bd0d30349dc8a77c209b40723490e445b17d9919c8ac07240b3e2,,,1,1184,1184,,"{""a_au"": ""a_au"", ""argp_deg"": ""argp_deg"", ""best_rejected_max_v_kms"": ""best_rejected_max_v_kms"", ""best_v1_kms"": ""best_v1_kms"", ""ecc"": ""ecc"", ""fail_counts"": ""fail_counts"", ""fail_reason"": ""fail_reason"", ""final_max_v_kms"": ""final_max_v_kms"", ""fit_ok"": ""fit_ok"", ""hypo_r_au"": ""hypo_r_au"", ""hypo_rdd_au_day2"": ""hypo_rdd_au_day2"", ""hypo_rdot_au_day"": ""hypo_rdot_au_day"", ""inc_deg"": ""inc_deg"", ""inlier_tracklets"": ""inlier_tracklets"", ""is_good"": ""is_good"", ""lin_dir_deg"": ""lin_dir_deg"", ""lin_rms_arcsec"": ""lin_rms_arcsec"", ""lin_speed_arcsec_per_day"": ""lin_speed_arcsec_per_day"", ""linkage_id"": ""linkage_id"", ""max_arcsec"": ""max_arcsec"", ""med_arcsec"": ""med_arcsec"", ""min_rejected_max_v_kms"": ""min_rejected_max_v_kms"", ""n_nights"": ""n_nights"", ""n_obs"": ""n_obs"", ""n_tracklets"": ""n_tracklets"", ""nu_deg"": ""nu_deg"", ""pred_dec_deg"": ""pred_dec_deg"", ""pred_ra_deg"": ""pred_ra_deg"", ""raan_deg"": ""raan_deg"", ""rejected_tracklets"": ""rejected_tracklets"", ""rms_arcsec"": ""rms_arcsec"", ""seed_max_v_kms"": ""seed_max_v_kms"", ""seed_tracklets"": ""seed_tracklets""}",[],[]
20251227,orbit_obs_residuals,/home/admin/pipeline/xiaoyunao/data/heliolincrr/20251227/rr_links/orbit_confirm/orbit_obs_residuals.fits,True,ok,,,345600,2026-05-14T16:09:49.881548+00:00,1778774989881547942,14c45922f9d769d8d77bab003f703453dd03f6dc132dc52b139963709a069569,,,1,3568,3568,,"{""dec_deg"": ""dec_deg"", ""linkage_id"": ""linkage_id"", ""mjd"": ""mjd"", ""obs_key"": ""obs_key"", ""ra_deg"": ""ra_deg"", ""resid_arcsec"": ""resid_arcsec"", ""tracklet_id"": ""tracklet_id"", ""used"": ""used""}",[],[]
20251228,known_all,/processed1/20251228/L4/20251228_all_asteroids.fits,True,ok_with_missing_optional,,,35847360,2026-06-19T09:58:21.984328+00:00,1781863101984328023,80d8c2356b32cba91395e2d509c6c2624498eae7ab1bb027a4276dd045514c3d,,,1,182851,182851,source_file,"{""asteroid_name"": ""name"", ""asteroid_number"": ""number"", ""epoch_mjd"": ""epoch"", ""pred_dec_deg"": ""dec"", ""pred_geocentric_distance_au"": null, ""pred_heliocentric_distance_au"": null, ""pred_phase_angle_deg"": null, ""pred_ra_deg"": ""ra"", ""pred_solar_elongation_deg"": null, ""pred_v_mag"": ""mag""}",[],"[""pred_heliocentric_distance_au"", ""pred_geocentric_distance_au"", ""pred_solar_elongation_deg"", ""pred_phase_angle_deg""]"
20251228,known_matched,/processed1/20251228/L4/20251228_matched_asteroids.fits,True,ok_with_missing_optional,,,7862400,2026-06-19T09:58:23.128306+00:00,1781863103128306159,ed31289e0978a233083922c8e277bd004bf025accd1231456d28e8568c08676f,,,1,10122,10122,source_file,"{""asteroid_name"": ""name"", ""asteroid_number"": ""number"", ""epoch_mjd"": ""epoch"", ""flag"": ""Flag"", ""flag_iso_num"": ""Flag_ISO_Num"", ""flux_aper4"": ""Flux_Aper4"", ""fluxerr_aper4"": ""FluxErr_Aper4"", ""fwhm_px"": ""FWHM"", ""mag_aper4"": ""Mag_Aper4"", ""mag_aper8"": ""Mag_Aper8"", ""mag_kron"": ""Mag_Kron"", ""mag_psf"": ""Mag_PSF"", ""magerr_aper4"": ""MagErr_Aper4"", ""magerr_aper8"": ""MagErr_Aper8"", ""magerr_kron"": ""MagErr_Kron"", ""magerr_psf"": ""MagErr_PSF"", ""obj_id"": ""objID"", ""obs_dec_err_deg"": ""DECErr_Win"", ""obs_dec_psf_deg"": ""DEC_PSF"", ""obs_dec_win_deg"": ""DEC_Win"", ""obs_ra_err_deg"": ""RAErr_Win"", ""obs_ra_psf_deg"": ""RA_PSF"", ""obs_ra_win_deg"": ""RA_Win"", ""pred_dec_deg"": ""dec"", ""pred_geocentric_distance_au"": null, ""pred_heliocentric_distance_au"": null, ""pred_phase_angle_deg"": null, ""pred_ra_deg"": ""ra"", ""pred_solar_elongation_deg"": null, ""pred_v_mag"": ""mag"", ""x_win_px"": ""X_Win"", ""y_win_px"": ""Y_Win""}",[],"[""pred_heliocentric_distance_au"", ""pred_geocentric_distance_au"", ""pred_solar_elongation_deg"", ""pred_phase_angle_deg""]"
20251228,known_mask15,/processed1/20251228/L4/20251228_matched_asteroids_mask15.fits,True,ok_with_missing_optional,,,8187840,2026-06-19T09:58:24.248285+00:00,1781863104248284755,43dbafdc09c567086048a5aab96f75a149e2e82c8c0c7a564f3eb4df0e39e5fc,,,1,10545,10545,source_file,"{""asteroid_name"": ""name"", ""asteroid_number"": ""number"", ""epoch_mjd"": ""epoch"", ""flag"": ""Flag"", ""flag_iso_num"": ""Flag_ISO_Num"", ""flux_aper4"": ""Flux_Aper4"", ""fluxerr_aper4"": ""FluxErr_Aper4"", ""fwhm_px"": ""FWHM"", ""mag_aper4"": ""Mag_Aper4"", ""mag_aper8"": ""Mag_Aper8"", ""mag_kron"": ""Mag_Kron"", ""mag_psf"": ""Mag_PSF"", ""magerr_aper4"": ""MagErr_Aper4"", ""magerr_aper8"": ""MagErr_Aper8"", ""magerr_kron"": ""MagErr_Kron"", ""magerr_psf"": ""MagErr_PSF"", ""obj_id"": ""objID"", ""obs_dec_err_deg"": ""DECErr_Win"", ""obs_dec_psf_deg"": ""DEC_PSF"", ""obs_dec_win_deg"": ""DEC_Win"", ""obs_ra_err_deg"": ""RAErr_Win"", ""obs_ra_psf_deg"": ""RA_PSF"", ""obs_ra_win_deg"": ""RA_Win"", ""pred_dec_deg"": ""dec"", ""pred_geocentric_distance_au"": null, ""pred_heliocentric_distance_au"": null, ""pred_phase_angle_deg"": null, ""pred_ra_deg"": ""ra"", ""pred_solar_elongation_deg"": null, ""pred_v_mag"": ""mag"", ""x_win_px"": ""X_Win"", ""y_win_px"": ""Y_Win""}",[],"[""pred_heliocentric_distance_au"", ""pred_geocentric_distance_au"", ""pred_solar_elongation_deg"", ""pred_phase_angle_deg""]"
20251228,unknown_catalog,/processed1/20251228/L4/20251228_unknown_links.fits,True,ok,,,100800,2026-06-20T01:37:59.677436+00:00,1781919479677436375,4f34f5f622c93bba052c98f5bee741adac9dadf5dd684d37a89f2bcda4c577c1,,,1,181,181,image_names,"{""a_au"": ""a_au"", ""argp_deg"": ""argp_deg"", ""best_v1_kms"": ""best_v1_kms"", ""decs_deg"": ""decs_deg"", ""ecc"": ""ecc"", ""exp_pairs"": ""exp_pairs"", ""fit_ok"": ""fit_ok"", ""groups"": ""groups"", ""image_names"": ""image_names"", ""inc_deg"": ""inc_deg"", ""is_good"": ""is_good"", ""lin_dir_deg"": ""lin_dir_deg"", ""lin_rms_arcsec"": ""lin_rms_arcsec"", ""lin_speed_arcsec_per_day"": ""lin_speed_arcsec_per_day"", ""linkage_id"": ""linkage_id"", ""max_arcsec"": ""max_arcsec"", ""med_arcsec"": ""med_arcsec"", ""mjds"": ""mjds"", ""n_obs"": ""n_obs"", ""n_tracklets"": ""n_tracklets"", ""nu_deg"": ""nu_deg"", ""objids"": ""objids"", ""raan_deg"": ""raan_deg"", ""ras_deg"": ""ras_deg"", ""rms_arcsec"": ""rms_arcsec"", ""tracklet_ids"": ""tracklet_ids"", ""trk_sub"": ""trk_sub""}",[],[]
20251228,orbit_links,/home/admin/pipeline/xiaoyunao/data/heliolincrr/20251228/rr_links/orbit_confirm/orbit_links.fits,True,ok,,,823680,2026-05-14T16:22:12.518109+00:00,1778775732518109340,3495747d0c37a44a9f29adb4e85cae6ffcd937f499792d984ff32ff75bd29b27,,,1,1977,1977,,"{""a_au"": ""a_au"", ""argp_deg"": ""argp_deg"", ""best_rejected_max_v_kms"": ""best_rejected_max_v_kms"", ""best_v1_kms"": ""best_v1_kms"", ""ecc"": ""ecc"", ""fail_counts"": ""fail_counts"", ""fail_reason"": ""fail_reason"", ""final_max_v_kms"": ""final_max_v_kms"", ""fit_ok"": ""fit_ok"", ""hypo_r_au"": ""hypo_r_au"", ""hypo_rdd_au_day2"": ""hypo_rdd_au_day2"", ""hypo_rdot_au_day"": ""hypo_rdot_au_day"", ""inc_deg"": ""inc_deg"", ""inlier_tracklets"": ""inlier_tracklets"", ""is_good"": ""is_good"", ""lin_dir_deg"": ""lin_dir_deg"", ""lin_rms_arcsec"": ""lin_rms_arcsec"", ""lin_speed_arcsec_per_day"": ""lin_speed_arcsec_per_day"", ""linkage_id"": ""linkage_id"", ""max_arcsec"": ""max_arcsec"", ""med_arcsec"": ""med_arcsec"", ""min_rejected_max_v_kms"": ""min_rejected_max_v_kms"", ""n_nights"": ""n_nights"", ""n_obs"": ""n_obs"", ""n_tracklets"": ""n_tracklets"", ""nu_deg"": ""nu_deg"", ""pred_dec_deg"": ""pred_dec_deg"", ""pred_ra_deg"": ""pred_ra_deg"", ""raan_deg"": ""raan_deg"", ""rejected_tracklets"": ""rejected_tracklets"", ""rms_arcsec"": ""rms_arcsec"", ""seed_max_v_kms"": ""seed_max_v_kms"", ""seed_tracklets"": ""seed_tracklets""}",[],[]
20251228,orbit_obs_residuals,/home/admin/pipeline/xiaoyunao/data/heliolincrr/20251228/rr_links/orbit_confirm/orbit_obs_residuals.fits,True,ok,,,679680,2026-05-14T16:22:12.535742+00:00,1778775732535741960,f031cead8e93e820e40d69fa98f0d29bd4979c5a5b07144be3b2c783fd8d2643,,,1,7013,7013,,"{""dec_deg"": ""dec_deg"", ""linkage_id"": ""linkage_id"", ""mjd"": ""mjd"", ""obs_key"": ""obs_key"", ""ra_deg"": ""ra_deg"", ""resid_arcsec"": ""resid_arcsec"", ""tracklet_id"": ""tracklet_id"", ""used"": ""used""}",[],[]
20251229,known_all,/processed1/20251229/L4/20251229_all_asteroids.fits,True,ok_with_missing_optional,,,35510400,2026-06-19T10:08:13.411033+00:00,1781863693411032689,1e303764e07fb1f12a5b721ff1c022cfdf154e596c83cf2beefdb1269c028ea0,,,1,181142,181142,source_file,"{""asteroid_name"": ""name"", ""asteroid_number"": ""number"", ""epoch_mjd"": ""epoch"", ""pred_dec_deg"": ""dec"", ""pred_geocentric_distance_au"": null, ""pred_heliocentric_distance_au"": null, ""pred_phase_angle_deg"": null, ""pred_ra_deg"": ""ra"", ""pred_solar_elongation_deg"": null, ""pred_v_mag"": ""mag""}",[],"[""pred_heliocentric_distance_au"", ""pred_geocentric_distance_au"", ""pred_solar_elongation_deg"", ""pred_phase_angle_deg""]"
20251229,known_matched,/processed1/20251229/L4/20251229_matched_asteroids.fits,True,ok_with_missing_optional,,,7280640,2026-06-19T10:08:14.497012+00:00,1781863694497011966,122eb08e29d1c54bd1e6400453f50b691fc381ae18ccba18c886e0f47372fc25,,,1,9371,9371,source_file,"{""asteroid_name"": ""name"", ""asteroid_number"": ""number"", ""epoch_mjd"": ""epoch"", ""flag"": ""Flag"", ""flag_iso_num"": ""Flag_ISO_Num"", ""flux_aper4"": ""Flux_Aper4"", ""fluxerr_aper4"": ""FluxErr_Aper4"", ""fwhm_px"": ""FWHM"", ""mag_aper4"": ""Mag_Aper4"", ""mag_aper8"": ""Mag_Aper8"", ""mag_kron"": ""Mag_Kron"", ""mag_psf"": ""Mag_PSF"", ""magerr_aper4"": ""MagErr_Aper4"", ""magerr_aper8"": ""MagErr_Aper8"", ""magerr_kron"": ""MagErr_Kron"", ""magerr_psf"": ""MagErr_PSF"", ""obj_id"": ""objID"", ""obs_dec_err_deg"": ""DECErr_Win"", ""obs_dec_psf_deg"": ""DEC_PSF"", ""obs_dec_win_deg"": ""DEC_Win"", ""obs_ra_err_deg"": ""RAErr_Win"", ""obs_ra_psf_deg"": ""RA_PSF"", ""obs_ra_win_deg"": ""RA_Win"", ""pred_dec_deg"": ""dec"", ""pred_geocentric_distance_au"": null, ""pred_heliocentric_distance_au"": null, ""pred_phase_angle_deg"": null, ""pred_ra_deg"": ""ra"", ""pred_solar_elongation_deg"": null, ""pred_v_mag"": ""mag"", ""x_win_px"": ""X_Win"", ""y_win_px"": ""Y_Win""}",[],"[""pred_heliocentric_distance_au"", ""pred_geocentric_distance_au"", ""pred_solar_elongation_deg"", ""pred_phase_angle_deg""]"
20251229,known_mask15,/processed1/20251229/L4/20251229_matched_asteroids_mask15.fits,True,ok_with_missing_optional,,,7542720,2026-06-19T10:08:15.566992+00:00,1781863695566991547,a5341182f46efabd83602027c0fd30c0f2c6cd7d8107b7617bba2b94c65d2ae2,,,1,9710,9710,source_file,"{""asteroid_name"": ""name"", ""asteroid_number"": ""number"", ""epoch_mjd"": ""epoch"", ""flag"": ""Flag"", ""flag_iso_num"": ""Flag_ISO_Num"", ""flux_aper4"": ""Flux_Aper4"", ""fluxerr_aper4"": ""FluxErr_Aper4"", ""fwhm_px"": ""FWHM"", ""mag_aper4"": ""Mag_Aper4"", ""mag_aper8"": ""Mag_Aper8"", ""mag_kron"": ""Mag_Kron"", ""mag_psf"": ""Mag_PSF"", ""magerr_aper4"": ""MagErr_Aper4"", ""magerr_aper8"": ""MagErr_Aper8"", ""magerr_kron"": ""MagErr_Kron"", ""magerr_psf"": ""MagErr_PSF"", ""obj_id"": ""objID"", ""obs_dec_err_deg"": ""DECErr_Win"", ""obs_dec_psf_deg"": ""DEC_PSF"", ""obs_dec_win_deg"": ""DEC_Win"", ""obs_ra_err_deg"": ""RAErr_Win"", ""obs_ra_psf_deg"": ""RA_PSF"", ""obs_ra_win_deg"": ""RA_Win"", ""pred_dec_deg"": ""dec"", ""pred_geocentric_distance_au"": null, ""pred_heliocentric_distance_au"": null, ""pred_phase_angle_deg"": null, ""pred_ra_deg"": ""ra"", ""pred_solar_elongation_deg"": null, ""pred_v_mag"": ""mag"", ""x_win_px"": ""X_Win"", ""y_win_px"": ""Y_Win""}",[],"[""pred_heliocentric_distance_au"", ""pred_geocentric_distance_au"", ""pred_solar_elongation_deg"", ""pred_phase_angle_deg""]"
20251229,unknown_catalog,/processed1/20251229/L4/20251229_unknown_links.fits,True,ok,,,40320,2026-06-20T01:42:27.426308+00:00,1781919747426307762,1907cc17bc420c8596d4bb6e83a4c34146be0608e7d852106a31fea0d028d489,,,1,75,75,image_names,"{""a_au"": ""a_au"", ""argp_deg"": ""argp_deg"", ""best_v1_kms"": ""best_v1_kms"", ""decs_deg"": ""decs_deg"", ""ecc"": ""ecc"", ""exp_pairs"": ""exp_pairs"", ""fit_ok"": ""fit_ok"", ""groups"": ""groups"", ""image_names"": ""image_names"", ""inc_deg"": ""inc_deg"", ""is_good"": ""is_good"", ""lin_dir_deg"": ""lin_dir_deg"", ""lin_rms_arcsec"": ""lin_rms_arcsec"", ""lin_speed_arcsec_per_day"": ""lin_speed_arcsec_per_day"", ""linkage_id"": ""linkage_id"", ""max_arcsec"": ""max_arcsec"", ""med_arcsec"": ""med_arcsec"", ""mjds"": ""mjds"", ""n_obs"": ""n_obs"", ""n_tracklets"": ""n_tracklets"", ""nu_deg"": ""nu_deg"", ""objids"": ""objids"", ""raan_deg"": ""raan_deg"", ""ras_deg"": ""ras_deg"", ""rms_arcsec"": ""rms_arcsec"", ""tracklet_ids"": ""tracklet_ids"", ""trk_sub"": ""trk_sub""}",[],[]
20251229,orbit_links,/home/admin/pipeline/xiaoyunao/data/heliolincrr/20251229/rr_links/orbit_confirm/orbit_links.fits,True,ok,,,607680,2026-05-14T17:09:36.117822+00:00,1778778576117821616,1f5eaa8982b6bb0a119b47811acbe7a0361c9c3f0459b1ae3007bceb1a1dbf9d,,,1,1929,1929,,"{""a_au"": ""a_au"", ""argp_deg"": ""argp_deg"", ""best_rejected_max_v_kms"": ""best_rejected_max_v_kms"", ""best_v1_kms"": ""best_v1_kms"", ""ecc"": ""ecc"", ""fail_counts"": ""fail_counts"", ""fail_reason"": ""fail_reason"", ""final_max_v_kms"": ""final_max_v_kms"", ""fit_ok"": ""fit_ok"", ""hypo_r_au"": ""hypo_r_au"", ""hypo_rdd_au_day2"": ""hypo_rdd_au_day2"", ""hypo_rdot_au_day"": ""hypo_rdot_au_day"", ""inc_deg"": ""inc_deg"", ""inlier_tracklets"": ""inlier_tracklets"", ""is_good"": ""is_good"", ""lin_dir_deg"": ""lin_dir_deg"", ""lin_rms_arcsec"": ""lin_rms_arcsec"", ""lin_speed_arcsec_per_day"": ""lin_speed_arcsec_per_day"", ""linkage_id"": ""linkage_id"", ""max_arcsec"": ""max_arcsec"", ""med_arcsec"": ""med_arcsec"", ""min_rejected_max_v_kms"": ""min_rejected_max_v_kms"", ""n_nights"": ""n_nights"", ""n_obs"": ""n_obs"", ""n_tracklets"": ""n_tracklets"", ""nu_deg"": ""nu_deg"", ""pred_dec_deg"": ""pred_dec_deg"", ""pred_ra_deg"": ""pred_ra_deg"", ""raan_deg"": ""raan_deg"", ""rejected_tracklets"": ""rejected_tracklets"", ""rms_arcsec"": ""rms_arcsec"", ""seed_max_v_kms"": ""seed_max_v_kms"", ""seed_tracklets"": ""seed_tracklets""}",[],[]
20251229,orbit_obs_residuals,/home/admin/pipeline/xiaoyunao/data/heliolincrr/20251229/rr_links/orbit_confirm/orbit_obs_residuals.fits,True,ok,,,552960,2026-05-14T17:09:36.134242+00:00,1778778576134242066,6c49ddc708585b3bc310542723107faa9f723d4d0ba63f33831c531eb76e6699,,,1,5759,5759,,"{""dec_deg"": ""dec_deg"", ""linkage_id"": ""linkage_id"", ""mjd"": ""mjd"", ""obs_key"": ""obs_key"", ""ra_deg"": ""ra_deg"", ""resid_arcsec"": ""resid_arcsec"", ""tracklet_id"": ""tracklet_id"", ""used"": ""used""}",[],[]
20251230,known_all,/processed1/20251230/L4/20251230_all_asteroids.fits,True,ok_with_missing_optional,,,25813440,2026-06-19T10:16:23.299684+00:00,1781864183299684175,caaf48b4cab9dc644b5ef26f5bc29c7d611665c7761ec7e64808e555f9a6d10f,,,1,131670,131670,source_file,"{""asteroid_name"": ""name"", ""asteroid_number"": ""number"", ""epoch_mjd"": ""epoch"", ""pred_dec_deg"": ""dec"", ""pred_geocentric_distance_au"": null, ""pred_heliocentric_distance_au"": null, ""pred_phase_angle_deg"": null, ""pred_ra_deg"": ""ra"", ""pred_solar_elongation_deg"": null, ""pred_v_mag"": ""mag""}",[],"[""pred_heliocentric_distance_au"", ""pred_geocentric_distance_au"", ""pred_solar_elongation_deg"", ""pred_phase_angle_deg""]"
20251230,known_matched,/processed1/20251230/L4/20251230_matched_asteroids.fits,True,ok_with_missing_optional,,,2540160,2026-06-19T10:16:24.210667+00:00,1781864184210666790,d864fbb25d65acd78bac1005cbf5abe4e66617395c2d387e7a2282c9cc1686c9,,,1,3245,3245,source_file,"{""asteroid_name"": ""name"", ""asteroid_number"": ""number"", ""epoch_mjd"": ""epoch"", ""flag"": ""Flag"", ""flag_iso_num"": ""Flag_ISO_Num"", ""flux_aper4"": ""Flux_Aper4"", ""fluxerr_aper4"": ""FluxErr_Aper4"", ""fwhm_px"": ""FWHM"", ""mag_aper4"": ""Mag_Aper4"", ""mag_aper8"": ""Mag_Aper8"", ""mag_kron"": ""Mag_Kron"", ""mag_psf"": ""Mag_PSF"", ""magerr_aper4"": ""MagErr_Aper4"", ""magerr_aper8"": ""MagErr_Aper8"", ""magerr_kron"": ""MagErr_Kron"", ""magerr_psf"": ""MagErr_PSF"", ""obj_id"": ""objID"", ""obs_dec_err_deg"": ""DECErr_Win"", ""obs_dec_psf_deg"": ""DEC_PSF"", ""obs_dec_win_deg"": ""DEC_Win"", ""obs_ra_err_deg"": ""RAErr_Win"", ""obs_ra_psf_deg"": ""RA_PSF"", ""obs_ra_win_deg"": ""RA_Win"", ""pred_dec_deg"": ""dec"", ""pred_geocentric_distance_au"": null, ""pred_heliocentric_distance_au"": null, ""pred_phase_angle_deg"": null, ""pred_ra_deg"": ""ra"", ""pred_solar_elongation_deg"": null, ""pred_v_mag"": ""mag"", ""x_win_px"": ""X_Win"", ""y_win_px"": ""Y_Win""}",[],"[""pred_heliocentric_distance_au"", ""pred_geocentric_distance_au"", ""pred_solar_elongation_deg"", ""pred_phase_angle_deg""]"
20251230,known_mask15,/processed1/20251230/L4/20251230_matched_asteroids_mask15.fits,True,ok_with_missing_optional,,,2707200,2026-06-19T10:16:25.090650+00:00,1781864185090649998,27e7f22be682e509490410e5a4d1cbd3bda2a2277dc3e1151e0cf8e379e64ec9,,,1,3461,3461,source_file,"{""asteroid_name"": ""name"", ""asteroid_number"": ""number"", ""epoch_mjd"": ""epoch"", ""flag"": ""Flag"", ""flag_iso_num"": ""Flag_ISO_Num"", ""flux_aper4"": ""Flux_Aper4"", ""fluxerr_aper4"": ""FluxErr_Aper4"", ""fwhm_px"": ""FWHM"", ""mag_aper4"": ""Mag_Aper4"", ""mag_aper8"": ""Mag_Aper8"", ""mag_kron"": ""Mag_Kron"", ""mag_psf"": ""Mag_PSF"", ""magerr_aper4"": ""MagErr_Aper4"", ""magerr_aper8"": ""MagErr_Aper8"", ""magerr_kron"": ""MagErr_Kron"", ""magerr_psf"": ""MagErr_PSF"", ""obj_id"": ""objID"", ""obs_dec_err_deg"": ""DECErr_Win"", ""obs_dec_psf_deg"": ""DEC_PSF"", ""obs_dec_win_deg"": ""DEC_Win"", ""obs_ra_err_deg"": ""RAErr_Win"", ""obs_ra_psf_deg"": ""RA_PSF"", ""obs_ra_win_deg"": ""RA_Win"", ""pred_dec_deg"": ""dec"", ""pred_geocentric_distance_au"": null, ""pred_heliocentric_distance_au"": null, ""pred_phase_angle_deg"": null, ""pred_ra_deg"": ""ra"", ""pred_solar_elongation_deg"": null, ""pred_v_mag"": ""mag"", ""x_win_px"": ""X_Win"", ""y_win_px"": ""Y_Win""}",[],"[""pred_heliocentric_distance_au"", ""pred_geocentric_distance_au"", ""pred_solar_elongation_deg"", ""pred_phase_angle_deg""]"
20251230,unknown_catalog,/processed1/20251230/L4/20251230_unknown_links.fits,True,ok,,,43200,2026-06-20T01:44:20.762137+00:00,1781919860762136864,f80a1a027edf7cdd05090bf57b99d0d933d57bc5b19491784a7eb49027c63b67,,,1,84,84,image_names,"{""a_au"": ""a_au"", ""argp_deg"": ""argp_deg"", ""best_v1_kms"": ""best_v1_kms"", ""decs_deg"": ""decs_deg"", ""ecc"": ""ecc"", ""exp_pairs"": ""exp_pairs"", ""fit_ok"": ""fit_ok"", ""groups"": ""groups"", ""image_names"": ""image_names"", ""inc_deg"": ""inc_deg"", ""is_good"": ""is_good"", ""lin_dir_deg"": ""lin_dir_deg"", ""lin_rms_arcsec"": ""lin_rms_arcsec"", ""lin_speed_arcsec_per_day"": ""lin_speed_arcsec_per_day"", ""linkage_id"": ""linkage_id"", ""max_arcsec"": ""max_arcsec"", ""med_arcsec"": ""med_arcsec"", ""mjds"": ""mjds"", ""n_obs"": ""n_obs"", ""n_tracklets"": ""n_tracklets"", ""nu_deg"": ""nu_deg"", ""objids"": ""objids"", ""raan_deg"": ""raan_deg"", ""ras_deg"": ""ras_deg"", ""rms_arcsec"": ""rms_arcsec"", ""tracklet_ids"": ""tracklet_ids"", ""trk_sub"": ""trk_sub""}",[],[]
20251230,orbit_links,/home/admin/pipeline/xiaoyunao/data/heliolincrr/20251230/rr_links/orbit_confirm/orbit_links.fits,True,ok,,,178560,2026-05-14T17:30:09.851498+00:00,1778779809851498321,c0c64202714eeed1919d585fe30071e4535eb6d3eea8f33884a5e9b240b835b6,,,1,634,634,,"{""a_au"": ""a_au"", ""argp_deg"": ""argp_deg"", ""best_rejected_max_v_kms"": ""best_rejected_max_v_kms"", ""best_v1_kms"": ""best_v1_kms"", ""ecc"": ""ecc"", ""fail_counts"": ""fail_counts"", ""fail_reason"": ""fail_reason"", ""final_max_v_kms"": ""final_max_v_kms"", ""fit_ok"": ""fit_ok"", ""hypo_r_au"": ""hypo_r_au"", ""hypo_rdd_au_day2"": ""hypo_rdd_au_day2"", ""hypo_rdot_au_day"": ""hypo_rdot_au_day"", ""inc_deg"": ""inc_deg"", ""inlier_tracklets"": ""inlier_tracklets"", ""is_good"": ""is_good"", ""lin_dir_deg"": ""lin_dir_deg"", ""lin_rms_arcsec"": ""lin_rms_arcsec"", ""lin_speed_arcsec_per_day"": ""lin_speed_arcsec_per_day"", ""linkage_id"": ""linkage_id"", ""max_arcsec"": ""max_arcsec"", ""med_arcsec"": ""med_arcsec"", ""min_rejected_max_v_kms"": ""min_rejected_max_v_kms"", ""n_nights"": ""n_nights"", ""n_obs"": ""n_obs"", ""n_tracklets"": ""n_tracklets"", ""nu_deg"": ""nu_deg"", ""pred_dec_deg"": ""pred_dec_deg"", ""pred_ra_deg"": ""pred_ra_deg"", ""raan_deg"": ""raan_deg"", ""rejected_tracklets"": ""rejected_tracklets"", ""rms_arcsec"": ""rms_arcsec"", ""seed_max_v_kms"": ""seed_max_v_kms"", ""seed_tracklets"": ""seed_tracklets""}",[],[]
20251230,orbit_obs_residuals,/home/admin/pipeline/xiaoyunao/data/heliolincrr/20251230/rr_links/orbit_confirm/orbit_obs_residuals.fits,True,ok,,,187200,2026-05-14T17:30:09.862498+00:00,1778779809862498317,7912b0e53c5e932f23440f46f6a681b8f129da1a8282b84d3cb208e23f58d184,,,1,1903,1903,,"{""dec_deg"": ""dec_deg"", ""linkage_id"": ""linkage_id"", ""mjd"": ""mjd"", ""obs_key"": ""obs_key"", ""ra_deg"": ""ra_deg"", ""resid_arcsec"": ""resid_arcsec"", ""tracklet_id"": ""tracklet_id"", ""used"": ""used""}",[],[]
20251231,known_all,/processed1/20251231/L4/20251231_all_asteroids.fits,True,ok_with_missing_optional,,,22288320,2026-06-19T10:24:57.421881+00:00,1781864697421881178,7c2c58942b260c2133c114756fde01e5b5fefda202870ccb46c30c35f048f0aa,,,1,113685,113685,source_file,"{""asteroid_name"": ""name"", ""asteroid_number"": ""number"", ""epoch_mjd"": ""epoch"", ""pred_dec_deg"": ""dec"", ""pred_geocentric_distance_au"": null, ""pred_heliocentric_distance_au"": null, ""pred_phase_angle_deg"": null, ""pred_ra_deg"": ""ra"", ""pred_solar_elongation_deg"": null, ""pred_v_mag"": ""mag""}",[],"[""pred_heliocentric_distance_au"", ""pred_geocentric_distance_au"", ""pred_solar_elongation_deg"", ""pred_phase_angle_deg""]"
20251231,known_matched,/processed1/20251231/L4/20251231_matched_asteroids.fits,True,ok_with_missing_optional,,,2177280,2026-06-19T10:24:58.349864+00:00,1781864698349863500,6d07b0f41aaf789b79c9932f894057ff54990a1bc5213c4b8d67c5bdd9a81b42,,,1,2777,2777,source_file,"{""asteroid_name"": ""name"", ""asteroid_number"": ""number"", ""epoch_mjd"": ""epoch"", ""flag"": ""Flag"", ""flag_iso_num"": ""Flag_ISO_Num"", ""flux_aper4"": ""Flux_Aper4"", ""fluxerr_aper4"": ""FluxErr_Aper4"", ""fwhm_px"": ""FWHM"", ""mag_aper4"": ""Mag_Aper4"", ""mag_aper8"": ""Mag_Aper8"", ""mag_kron"": ""Mag_Kron"", ""mag_psf"": ""Mag_PSF"", ""magerr_aper4"": ""MagErr_Aper4"", ""magerr_aper8"": ""MagErr_Aper8"", ""magerr_kron"": ""MagErr_Kron"", ""magerr_psf"": ""MagErr_PSF"", ""obj_id"": ""objID"", ""obs_dec_err_deg"": ""DECErr_Win"", ""obs_dec_psf_deg"": ""DEC_PSF"", ""obs_dec_win_deg"": ""DEC_Win"", ""obs_ra_err_deg"": ""RAErr_Win"", ""obs_ra_psf_deg"": ""RA_PSF"", ""obs_ra_win_deg"": ""RA_Win"", ""pred_dec_deg"": ""dec"", ""pred_geocentric_distance_au"": null, ""pred_heliocentric_distance_au"": null, ""pred_phase_angle_deg"": null, ""pred_ra_deg"": ""ra"", ""pred_solar_elongation_deg"": null, ""pred_v_mag"": ""mag"", ""x_win_px"": ""X_Win"", ""y_win_px"": ""Y_Win""}",[],"[""pred_heliocentric_distance_au"", ""pred_geocentric_distance_au"", ""pred_solar_elongation_deg"", ""pred_phase_angle_deg""]"
20251231,known_mask15,/processed1/20251231/L4/20251231_matched_asteroids_mask15.fits,True,ok_with_missing_optional,,,2318400,2026-06-19T10:24:59.221847+00:00,1781864699221846888,936b9d68ffe22de664fadf504af470fe81535630ee2a5e56019fed82c79f37e2,,,1,2961,2961,source_file,"{""asteroid_name"": ""name"", ""asteroid_number"": ""number"", ""epoch_mjd"": ""epoch"", ""flag"": ""Flag"", ""flag_iso_num"": ""Flag_ISO_Num"", ""flux_aper4"": ""Flux_Aper4"", ""fluxerr_aper4"": ""FluxErr_Aper4"", ""fwhm_px"": ""FWHM"", ""mag_aper4"": ""Mag_Aper4"", ""mag_aper8"": ""Mag_Aper8"", ""mag_kron"": ""Mag_Kron"", ""mag_psf"": ""Mag_PSF"", ""magerr_aper4"": ""MagErr_Aper4"", ""magerr_aper8"": ""MagErr_Aper8"", ""magerr_kron"": ""MagErr_Kron"", ""magerr_psf"": ""MagErr_PSF"", ""obj_id"": ""objID"", ""obs_dec_err_deg"": ""DECErr_Win"", ""obs_dec_psf_deg"": ""DEC_PSF"", ""obs_dec_win_deg"": ""DEC_Win"", ""obs_ra_err_deg"": ""RAErr_Win"", ""obs_ra_psf_deg"": ""RA_PSF"", ""obs_ra_win_deg"": ""RA_Win"", ""pred_dec_deg"": ""dec"", ""pred_geocentric_distance_au"": null, ""pred_heliocentric_distance_au"": null, ""pred_phase_angle_deg"": null, ""pred_ra_deg"": ""ra"", ""pred_solar_elongation_deg"": null, ""pred_v_mag"": ""mag"", ""x_win_px"": ""X_Win"", ""y_win_px"": ""Y_Win""}",[],"[""pred_heliocentric_distance_au"", ""pred_geocentric_distance_au"", ""pred_solar_elongation_deg"", ""pred_phase_angle_deg""]"
20251231,unknown_catalog,/processed1/20251231/L4/20251231_unknown_links.fits,True,ok,,,25920,2026-06-20T01:46:10.829029+00:00,1781919970829028580,d8b7d5258455352da23f20a9bf9f04573e3c1d41f33b2869d83ad897b0d266ee,,,1,41,41,image_names,"{""a_au"": ""a_au"", ""argp_deg"": ""argp_deg"", ""best_v1_kms"": ""best_v1_kms"", ""decs_deg"": ""decs_deg"", ""ecc"": ""ecc"", ""exp_pairs"": ""exp_pairs"", ""fit_ok"": ""fit_ok"", ""groups"": ""groups"", ""image_names"": ""image_names"", ""inc_deg"": ""inc_deg"", ""is_good"": ""is_good"", ""lin_dir_deg"": ""lin_dir_deg"", ""lin_rms_arcsec"": ""lin_rms_arcsec"", ""lin_speed_arcsec_per_day"": ""lin_speed_arcsec_per_day"", ""linkage_id"": ""linkage_id"", ""max_arcsec"": ""max_arcsec"", ""med_arcsec"": ""med_arcsec"", ""mjds"": ""mjds"", ""n_obs"": ""n_obs"", ""n_tracklets"": ""n_tracklets"", ""nu_deg"": ""nu_deg"", ""objids"": ""objids"", ""raan_deg"": ""raan_deg"", ""ras_deg"": ""ras_deg"", ""rms_arcsec"": ""rms_arcsec"", ""tracklet_ids"": ""tracklet_ids"", ""trk_sub"": ""trk_sub""}",[],[]
20251231,orbit_links,/home/admin/pipeline/xiaoyunao/data/heliolincrr/20251231/rr_links/orbit_confirm/orbit_links.fits,True,ok,,,172800,2026-05-14T17:51:57.420209+00:00,1778781117420208989,b199dc4126b8e7cc3013caec65a1fd54feaf02165ca3ec8a7132eaeabae2a7cb,,,1,517,517,,"{""a_au"": ""a_au"", ""argp_deg"": ""argp_deg"", ""best_rejected_max_v_kms"": ""best_rejected_max_v_kms"", ""best_v1_kms"": ""best_v1_kms"", ""ecc"": ""ecc"", ""fail_counts"": ""fail_counts"", ""fail_reason"": ""fail_reason"", ""final_max_v_kms"": ""final_max_v_kms"", ""fit_ok"": ""fit_ok"", ""hypo_r_au"": ""hypo_r_au"", ""hypo_rdd_au_day2"": ""hypo_rdd_au_day2"", ""hypo_rdot_au_day"": ""hypo_rdot_au_day"", ""inc_deg"": ""inc_deg"", ""inlier_tracklets"": ""inlier_tracklets"", ""is_good"": ""is_good"", ""lin_dir_deg"": ""lin_dir_deg"", ""lin_rms_arcsec"": ""lin_rms_arcsec"", ""lin_speed_arcsec_per_day"": ""lin_speed_arcsec_per_day"", ""linkage_id"": ""linkage_id"", ""max_arcsec"": ""max_arcsec"", ""med_arcsec"": ""med_arcsec"", ""min_rejected_max_v_kms"": ""min_rejected_max_v_kms"", ""n_nights"": ""n_nights"", ""n_obs"": ""n_obs"", ""n_tracklets"": ""n_tracklets"", ""nu_deg"": ""nu_deg"", ""pred_dec_deg"": ""pred_dec_deg"", ""pred_ra_deg"": ""pred_ra_deg"", ""raan_deg"": ""raan_deg"", ""rejected_tracklets"": ""rejected_tracklets"", ""rms_arcsec"": ""rms_arcsec"", ""seed_max_v_kms"": ""seed_max_v_kms"", ""seed_tracklets"": ""seed_tracklets""}",[],[]
20251231,orbit_obs_residuals,/home/admin/pipeline/xiaoyunao/data/heliolincrr/20251231/rr_links/orbit_confirm/orbit_obs_residuals.fits,True,ok,,,158400,2026-05-14T17:51:57.430209+00:00,1778781117430209065,1e5b4c13ce6e553e6204028d71e377ed8e70f9f39ad4c1a531af9b21beb84449,,,1,1581,1581,,"{""dec_deg"": ""dec_deg"", ""linkage_id"": ""linkage_id"", ""mjd"": ""mjd"", ""obs_key"": ""obs_key"", ""ra_deg"": ""ra_deg"", ""resid_arcsec"": ""resid_arcsec"", ""tracklet_id"": ""tracklet_id"", ""used"": ""used""}",[],[]
20260101,known_all,/processed1/20260101/L4/20260101_all_asteroids.fits,True,ok_with_missing_optional,,,21337920,2026-06-19T10:33:10.573486+00:00,1781865190573486328,2758c08e3dd7b42e0eef52b2337a37ec21a83aa0c286bbca326121f6818701a8,,,1,108836,108836,source_file,"{""asteroid_name"": ""name"", ""asteroid_number"": ""number"", ""epoch_mjd"": ""epoch"", ""pred_dec_deg"": ""dec"", ""pred_geocentric_distance_au"": null, ""pred_heliocentric_distance_au"": null, ""pred_phase_angle_deg"": null, ""pred_ra_deg"": ""ra"", ""pred_solar_elongation_deg"": null, ""pred_v_mag"": ""mag""}",[],"[""pred_heliocentric_distance_au"", ""pred_geocentric_distance_au"", ""pred_solar_elongation_deg"", ""pred_phase_angle_deg""]"
20260101,known_matched,/processed1/20260101/L4/20260101_matched_asteroids.fits,True,ok_with_missing_optional,,,1782720,2026-06-19T10:33:11.395471+00:00,1781865191395470669,c0af5ff046b61851d75aef4e21a95eaf344df53a15a46213655b14e09e2b33c1,,,1,2269,2269,source_file,"{""asteroid_name"": ""name"", ""asteroid_number"": ""number"", ""epoch_mjd"": ""epoch"", ""flag"": ""Flag"", ""flag_iso_num"": ""Flag_ISO_Num"", ""flux_aper4"": ""Flux_Aper4"", ""fluxerr_aper4"": ""FluxErr_Aper4"", ""fwhm_px"": ""FWHM"", ""mag_aper4"": ""Mag_Aper4"", ""mag_aper8"": ""Mag_Aper8"", ""mag_kron"": ""Mag_Kron"", ""mag_psf"": ""Mag_PSF"", ""magerr_aper4"": ""MagErr_Aper4"", ""magerr_aper8"": ""MagErr_Aper8"", ""magerr_kron"": ""MagErr_Kron"", ""magerr_psf"": ""MagErr_PSF"", ""obj_id"": ""objID"", ""obs_dec_err_deg"": ""DECErr_Win"", ""obs_dec_psf_deg"": ""DEC_PSF"", ""obs_dec_win_deg"": ""DEC_Win"", ""obs_ra_err_deg"": ""RAErr_Win"", ""obs_ra_psf_deg"": ""RA_PSF"", ""obs_ra_win_deg"": ""RA_Win"", ""pred_dec_deg"": ""dec"", ""pred_geocentric_distance_au"": null, ""pred_heliocentric_distance_au"": null, ""pred_phase_angle_deg"": null, ""pred_ra_deg"": ""ra"", ""pred_solar_elongation_deg"": null, ""pred_v_mag"": ""mag"", ""x_win_px"": ""X_Win"", ""y_win_px"": ""Y_Win""}",[],"[""pred_heliocentric_distance_au"", ""pred_geocentric_distance_au"", ""pred_solar_elongation_deg"", ""pred_phase_angle_deg""]"
20260101,known_mask15,/processed1/20260101/L4/20260101_matched_asteroids_mask15.fits,True,ok_with_missing_optional,,,1848960,2026-06-19T10:33:12.208455+00:00,1781865192208455181,b3b7a8b25b59283deea9cf15dec91ab91b3ae57ea8a861c5e19bb0bf4d018242,,,1,2355,2355,source_file,"{""asteroid_name"": ""name"", ""asteroid_number"": ""number"", ""epoch_mjd"": ""epoch"", ""flag"": ""Flag"", ""flag_iso_num"": ""Flag_ISO_Num"", ""flux_aper4"": ""Flux_Aper4"", ""fluxerr_aper4"": ""FluxErr_Aper4"", ""fwhm_px"": ""FWHM"", ""mag_aper4"": ""Mag_Aper4"", ""mag_aper8"": ""Mag_Aper8"", ""mag_kron"": ""Mag_Kron"", ""mag_psf"": ""Mag_PSF"", ""magerr_aper4"": ""MagErr_Aper4"", ""magerr_aper8"": ""MagErr_Aper8"", ""magerr_kron"": ""MagErr_Kron"", ""magerr_psf"": ""MagErr_PSF"", ""obj_id"": ""objID"", ""obs_dec_err_deg"": ""DECErr_Win"", ""obs_dec_psf_deg"": ""DEC_PSF"", ""obs_dec_win_deg"": ""DEC_Win"", ""obs_ra_err_deg"": ""RAErr_Win"", ""obs_ra_psf_deg"": ""RA_PSF"", ""obs_ra_win_deg"": ""RA_Win"", ""pred_dec_deg"": ""dec"", ""pred_geocentric_distance_au"": null, ""pred_heliocentric_distance_au"": null, ""pred_phase_angle_deg"": null, ""pred_ra_deg"": ""ra"", ""pred_solar_elongation_deg"": null, ""pred_v_mag"": ""mag"", ""x_win_px"": ""X_Win"", ""y_win_px"": ""Y_Win""}",[],"[""pred_heliocentric_distance_au"", ""pred_geocentric_distance_au"", ""pred_solar_elongation_deg"", ""pred_phase_angle_deg""]"
20260101,unknown_catalog,/processed1/20260101/L4/20260101_unknown_links.fits,True,ok,,,23040,2026-06-20T01:47:14.381811+00:00,1781920034381811255,c86fe4837b8bddddc7c300e80855dbf8ff2d7531b488594258289d86fc184f59,,,1,30,30,image_names,"{""a_au"": ""a_au"", ""argp_deg"": ""argp_deg"", ""best_v1_kms"": ""best_v1_kms"", ""decs_deg"": ""decs_deg"", ""ecc"": ""ecc"", ""exp_pairs"": ""exp_pairs"", ""fit_ok"": ""fit_ok"", ""groups"": ""groups"", ""image_names"": ""image_names"", ""inc_deg"": ""inc_deg"", ""is_good"": ""is_good"", ""lin_dir_deg"": ""lin_dir_deg"", ""lin_rms_arcsec"": ""lin_rms_arcsec"", ""lin_speed_arcsec_per_day"": ""lin_speed_arcsec_per_day"", ""linkage_id"": ""linkage_id"", ""max_arcsec"": ""max_arcsec"", ""med_arcsec"": ""med_arcsec"", ""mjds"": ""mjds"", ""n_obs"": ""n_obs"", ""n_tracklets"": ""n_tracklets"", ""nu_deg"": ""nu_deg"", ""objids"": ""objids"", ""raan_deg"": ""raan_deg"", ""ras_deg"": ""ras_deg"", ""rms_arcsec"": ""rms_arcsec"", ""tracklet_ids"": ""tracklet_ids"", ""trk_sub"": ""trk_sub""}",[],[]
20260101,orbit_links,/home/admin/pipeline/xiaoyunao/data/heliolincrr/20260101/rr_links/orbit_confirm/orbit_links.fits,True,ok,,,126720,2026-05-14T18:03:46.901273+00:00,1778781826901273435,78718613c67e65904d589cda01da90cb54655d81a954169b28c9d1b834e181a5,,,1,431,431,,"{""a_au"": ""a_au"", ""argp_deg"": ""argp_deg"", ""best_rejected_max_v_kms"": ""best_rejected_max_v_kms"", ""best_v1_kms"": ""best_v1_kms"", ""ecc"": ""ecc"", ""fail_counts"": ""fail_counts"", ""fail_reason"": ""fail_reason"", ""final_max_v_kms"": ""final_max_v_kms"", ""fit_ok"": ""fit_ok"", ""hypo_r_au"": ""hypo_r_au"", ""hypo_rdd_au_day2"": ""hypo_rdd_au_day2"", ""hypo_rdot_au_day"": ""hypo_rdot_au_day"", ""inc_deg"": ""inc_deg"", ""inlier_tracklets"": ""inlier_tracklets"", ""is_good"": ""is_good"", ""lin_dir_deg"": ""lin_dir_deg"", ""lin_rms_arcsec"": ""lin_rms_arcsec"", ""lin_speed_arcsec_per_day"": ""lin_speed_arcsec_per_day"", ""linkage_id"": ""linkage_id"", ""max_arcsec"": ""max_arcsec"", ""med_arcsec"": ""med_arcsec"", ""min_rejected_max_v_kms"": ""min_rejected_max_v_kms"", ""n_nights"": ""n_nights"", ""n_obs"": ""n_obs"", ""n_tracklets"": ""n_tracklets"", ""nu_deg"": ""nu_deg"", ""pred_dec_deg"": ""pred_dec_deg"", ""pred_ra_deg"": ""pred_ra_deg"", ""raan_deg"": ""raan_deg"", ""rejected_tracklets"": ""rejected_tracklets"", ""rms_arcsec"": ""rms_arcsec"", ""seed_max_v_kms"": ""seed_max_v_kms"", ""seed_tracklets"": ""seed_tracklets""}",[],[]
20260101,orbit_obs_residuals,/home/admin/pipeline/xiaoyunao/data/heliolincrr/20260101/rr_links/orbit_confirm/orbit_obs_residuals.fits,True,ok,,,129600,2026-05-14T18:03:46.910273+00:00,1778781826910273380,c0b406b3946d2068834f24b78914217e88405d88c991a097e4f5782988760599,,,1,1288,1288,,"{""dec_deg"": ""dec_deg"", ""linkage_id"": ""linkage_id"", ""mjd"": ""mjd"", ""obs_key"": ""obs_key"", ""ra_deg"": ""ra_deg"", ""resid_arcsec"": ""resid_arcsec"", ""tracklet_id"": ""tracklet_id"", ""used"": ""used""}",[],[]
20260102,known_all,/processed1/20260102/L4/20260102_all_asteroids.fits,True,ok_with_missing_optional,,,36933120,2026-06-19T10:43:11.605030+00:00,1781865791605029621,2196ceba9e9cbf829f9604435aeb374961b7b99fd63fbeada6fe51c251dc2a97,,,1,188399,188399,source_file,"{""asteroid_name"": ""name"", ""asteroid_number"": ""number"", ""epoch_mjd"": ""epoch"", ""pred_dec_deg"": ""dec"", ""pred_geocentric_distance_au"": null, ""pred_heliocentric_distance_au"": null, ""pred_phase_angle_deg"": null, ""pred_ra_deg"": ""ra"", ""pred_solar_elongation_deg"": null, ""pred_v_mag"": ""mag""}",[],"[""pred_heliocentric_distance_au"", ""pred_geocentric_distance_au"", ""pred_solar_elongation_deg"", ""pred_phase_angle_deg""]"
20260102,known_matched,/processed1/20260102/L4/20260102_matched_asteroids.fits,True,ok_with_missing_optional,,,1923840,2026-06-19T10:43:12.635010+00:00,1781865792635009977,55060462ad0acc79f604a525cfa798c72609ff8a7308320e12e4d6ae668146e0,,,1,2451,2451,source_file,"{""asteroid_name"": ""name"", ""asteroid_number"": ""number"", ""epoch_mjd"": ""epoch"", ""flag"": ""Flag"", ""flag_iso_num"": ""Flag_ISO_Num"", ""flux_aper4"": ""Flux_Aper4"", ""fluxerr_aper4"": ""FluxErr_Aper4"", ""fwhm_px"": ""FWHM"", ""mag_aper4"": ""Mag_Aper4"", ""mag_aper8"": ""Mag_Aper8"", ""mag_kron"": ""Mag_Kron"", ""mag_psf"": ""Mag_PSF"", ""magerr_aper4"": ""MagErr_Aper4"", ""magerr_aper8"": ""MagErr_Aper8"", ""magerr_kron"": ""MagErr_Kron"", ""magerr_psf"": ""MagErr_PSF"", ""obj_id"": ""objID"", ""obs_dec_err_deg"": ""DECErr_Win"", ""obs_dec_psf_deg"": ""DEC_PSF"", ""obs_dec_win_deg"": ""DEC_Win"", ""obs_ra_err_deg"": ""RAErr_Win"", ""obs_ra_psf_deg"": ""RA_PSF"", ""obs_ra_win_deg"": ""RA_Win"", ""pred_dec_deg"": ""dec"", ""pred_geocentric_distance_au"": null, ""pred_heliocentric_distance_au"": null, ""pred_phase_angle_deg"": null, ""pred_ra_deg"": ""ra"", ""pred_solar_elongation_deg"": null, ""pred_v_mag"": ""mag"", ""x_win_px"": ""X_Win"", ""y_win_px"": ""Y_Win""}",[],"[""pred_heliocentric_distance_au"", ""pred_geocentric_distance_au"", ""pred_solar_elongation_deg"", ""pred_phase_angle_deg""]"
20260102,known_mask15,/processed1/20260102/L4/20260102_matched_asteroids_mask15.fits,True,ok_with_missing_optional,,,2085120,2026-06-19T10:43:13.655991+00:00,1781865793655990505,66ff09439178fa92235c23d2d6bb0cabca0dca5a48924ffff7ba7904f6f7c90a,,,1,2659,2659,source_file,"{""asteroid_name"": ""name"", ""asteroid_number"": ""number"", ""epoch_mjd"": ""epoch"", ""flag"": ""Flag"", ""flag_iso_num"": ""Flag_ISO_Num"", ""flux_aper4"": ""Flux_Aper4"", ""fluxerr_aper4"": ""FluxErr_Aper4"", ""fwhm_px"": ""FWHM"", ""mag_aper4"": ""Mag_Aper4"", ""mag_aper8"": ""Mag_Aper8"", ""mag_kron"": ""Mag_Kron"", ""mag_psf"": ""Mag_PSF"", ""magerr_aper4"": ""MagErr_Aper4"", ""magerr_aper8"": ""MagErr_Aper8"", ""magerr_kron"": ""MagErr_Kron"", ""magerr_psf"": ""MagErr_PSF"", ""obj_id"": ""objID"", ""obs_dec_err_deg"": ""DECErr_Win"", ""obs_dec_psf_deg"": ""DEC_PSF"", ""obs_dec_win_deg"": ""DEC_Win"", ""obs_ra_err_deg"": ""RAErr_Win"", ""obs_ra_psf_deg"": ""RA_PSF"", ""obs_ra_win_deg"": ""RA_Win"", ""pred_dec_deg"": ""dec"", ""pred_geocentric_distance_au"": null, ""pred_heliocentric_distance_au"": null, ""pred_phase_angle_deg"": null, ""pred_ra_deg"": ""ra"", ""pred_solar_elongation_deg"": null, ""pred_v_mag"": ""mag"", ""x_win_px"": ""X_Win"", ""y_win_px"": ""Y_Win""}",[],"[""pred_heliocentric_distance_au"", ""pred_geocentric_distance_au"", ""pred_solar_elongation_deg"", ""pred_phase_angle_deg""]"
20260102,unknown_catalog,/processed1/20260102/L4/20260102_unknown_links.fits,True,ok,,,28800,2026-06-20T01:48:11.592716+00:00,1781920091592715404,535fd437910dcc799370bf5ccd2a08edfba562487e1192f325cd660e83c44d4f,,,1,43,43,image_names,"{""a_au"": ""a_au"", ""argp_deg"": ""argp_deg"", ""best_v1_kms"": ""best_v1_kms"", ""decs_deg"": ""decs_deg"", ""ecc"": ""ecc"", ""exp_pairs"": ""exp_pairs"", ""fit_ok"": ""fit_ok"", ""groups"": ""groups"", ""image_names"": ""image_names"", ""inc_deg"": ""inc_deg"", ""is_good"": ""is_good"", ""lin_dir_deg"": ""lin_dir_deg"", ""lin_rms_arcsec"": ""lin_rms_arcsec"", ""lin_speed_arcsec_per_day"": ""lin_speed_arcsec_per_day"", ""linkage_id"": ""linkage_id"", ""max_arcsec"": ""max_arcsec"", ""med_arcsec"": ""med_arcsec"", ""mjds"": ""mjds"", ""n_obs"": ""n_obs"", ""n_tracklets"": ""n_tracklets"", ""nu_deg"": ""nu_deg"", ""objids"": ""objids"", ""raan_deg"": ""raan_deg"", ""ras_deg"": ""ras_deg"", ""rms_arcsec"": ""rms_arcsec"", ""tracklet_ids"": ""tracklet_ids"", ""trk_sub"": ""trk_sub""}",[],[]
20260102,orbit_links,/home/admin/pipeline/xiaoyunao/data/heliolincrr/20260102/rr_links/orbit_confirm/orbit_links.fits,True,ok,,,161280,2026-05-14T18:13:23.984086+00:00,1778782403984085624,44c43c47e7d55c6818acd56424160be1469ef9a40e9e196711d5569a490c6890,,,1,448,448,,"{""a_au"": ""a_au"", ""argp_deg"": ""argp_deg"", ""best_rejected_max_v_kms"": ""best_rejected_max_v_kms"", ""best_v1_kms"": ""best_v1_kms"", ""ecc"": ""ecc"", ""fail_counts"": ""fail_counts"", ""fail_reason"": ""fail_reason"", ""final_max_v_kms"": ""final_max_v_kms"", ""fit_ok"": ""fit_ok"", ""hypo_r_au"": ""hypo_r_au"", ""hypo_rdd_au_day2"": ""hypo_rdd_au_day2"", ""hypo_rdot_au_day"": ""hypo_rdot_au_day"", ""inc_deg"": ""inc_deg"", ""inlier_tracklets"": ""inlier_tracklets"", ""is_good"": ""is_good"", ""lin_dir_deg"": ""lin_dir_deg"", ""lin_rms_arcsec"": ""lin_rms_arcsec"", ""lin_speed_arcsec_per_day"": ""lin_speed_arcsec_per_day"", ""linkage_id"": ""linkage_id"", ""max_arcsec"": ""max_arcsec"", ""med_arcsec"": ""med_arcsec"", ""min_rejected_max_v_kms"": ""min_rejected_max_v_kms"", ""n_nights"": ""n_nights"", ""n_obs"": ""n_obs"", ""n_tracklets"": ""n_tracklets"", ""nu_deg"": ""nu_deg"", ""pred_dec_deg"": ""pred_dec_deg"", ""pred_ra_deg"": ""pred_ra_deg"", ""raan_deg"": ""raan_deg"", ""rejected_tracklets"": ""rejected_tracklets"", ""rms_arcsec"": ""rms_arcsec"", ""seed_max_v_kms"": ""seed_max_v_kms"", ""seed_tracklets"": ""seed_tracklets""}",[],[]
20260102,orbit_obs_residuals,/home/admin/pipeline/xiaoyunao/data/heliolincrr/20260102/rr_links/orbit_confirm/orbit_obs_residuals.fits,True,ok,,,135360,2026-05-14T18:13:23.994889+00:00,1778782403994889128,30abd4630864f36b0d177b729aa71778b15b97239549d7cc3341a627919c6bd9,,,1,1335,1335,,"{""dec_deg"": ""dec_deg"", ""linkage_id"": ""linkage_id"", ""mjd"": ""mjd"", ""obs_key"": ""obs_key"", ""ra_deg"": ""ra_deg"", ""resid_arcsec"": ""resid_arcsec"", ""tracklet_id"": ""tracklet_id"", ""used"": ""used""}",[],[]
20260103,known_all,/processed1/20260103/L4/20260103_all_asteroids.fits,True,ok_with_missing_optional,,,7888320,2026-06-19T10:45:56.632882+00:00,1781865956632882188,f3148b66904b09514facee3be8eec972ddc459bdbe93413001dff28e3b4ea1bf,,,1,40207,40207,source_file,"{""asteroid_name"": ""name"", ""asteroid_number"": ""number"", ""epoch_mjd"": ""epoch"", ""pred_dec_deg"": ""dec"", ""pred_geocentric_distance_au"": null, ""pred_heliocentric_distance_au"": null, ""pred_phase_angle_deg"": null, ""pred_ra_deg"": ""ra"", ""pred_solar_elongation_deg"": null, ""pred_v_mag"": ""mag""}",[],"[""pred_heliocentric_distance_au"", ""pred_geocentric_distance_au"", ""pred_solar_elongation_deg"", ""pred_phase_angle_deg""]"
20260103,known_matched,/processed1/20260103/L4/20260103_matched_asteroids.fits,True,ok_with_missing_optional,,,509760,2026-06-19T10:45:56.887877+00:00,1781865956887877324,46342300d60d4eb86d7ddf7b0b5213a3d202354d3b35af71cc91d365897c1294,,,1,624,624,source_file,"{""asteroid_name"": ""name"", ""asteroid_number"": ""number"", ""epoch_mjd"": ""epoch"", ""flag"": ""Flag"", ""flag_iso_num"": ""Flag_ISO_Num"", ""flux_aper4"": ""Flux_Aper4"", ""fluxerr_aper4"": ""FluxErr_Aper4"", ""fwhm_px"": ""FWHM"", ""mag_aper4"": ""Mag_Aper4"", ""mag_aper8"": ""Mag_Aper8"", ""mag_kron"": ""Mag_Kron"", ""mag_psf"": ""Mag_PSF"", ""magerr_aper4"": ""MagErr_Aper4"", ""magerr_aper8"": ""MagErr_Aper8"", ""magerr_kron"": ""MagErr_Kron"", ""magerr_psf"": ""MagErr_PSF"", ""obj_id"": ""objID"", ""obs_dec_err_deg"": ""DECErr_Win"", ""obs_dec_psf_deg"": ""DEC_PSF"", ""obs_dec_win_deg"": ""DEC_Win"", ""obs_ra_err_deg"": ""RAErr_Win"", ""obs_ra_psf_deg"": ""RA_PSF"", ""obs_ra_win_deg"": ""RA_Win"", ""pred_dec_deg"": ""dec"", ""pred_geocentric_distance_au"": null, ""pred_heliocentric_distance_au"": null, ""pred_phase_angle_deg"": null, ""pred_ra_deg"": ""ra"", ""pred_solar_elongation_deg"": null, ""pred_v_mag"": ""mag"", ""x_win_px"": ""X_Win"", ""y_win_px"": ""Y_Win""}",[],"[""pred_heliocentric_distance_au"", ""pred_geocentric_distance_au"", ""pred_solar_elongation_deg"", ""pred_phase_angle_deg""]"
20260103,known_mask15,/processed1/20260103/L4/20260103_matched_asteroids_mask15.fits,True,ok_with_missing_optional,,,547200,2026-06-19T10:45:57.142873+00:00,1781865957142872461,7ecfd000e6eeaea20234652ac15acb193bef5d0d186ade6e6bc18283e2a7f3c8,,,1,672,672,source_file,"{""asteroid_name"": ""name"", ""asteroid_number"": ""number"", ""epoch_mjd"": ""epoch"", ""flag"": ""Flag"", ""flag_iso_num"": ""Flag_ISO_Num"", ""flux_aper4"": ""Flux_Aper4"", ""fluxerr_aper4"": ""FluxErr_Aper4"", ""fwhm_px"": ""FWHM"", ""mag_aper4"": ""Mag_Aper4"", ""mag_aper8"": ""Mag_Aper8"", ""mag_kron"": ""Mag_Kron"", ""mag_psf"": ""Mag_PSF"", ""magerr_aper4"": ""MagErr_Aper4"", ""magerr_aper8"": ""MagErr_Aper8"", ""magerr_kron"": ""MagErr_Kron"", ""magerr_psf"": ""MagErr_PSF"", ""obj_id"": ""objID"", ""obs_dec_err_deg"": ""DECErr_Win"", ""obs_dec_psf_deg"": ""DEC_PSF"", ""obs_dec_win_deg"": ""DEC_Win"", ""obs_ra_err_deg"": ""RAErr_Win"", ""obs_ra_psf_deg"": ""RA_PSF"", ""obs_ra_win_deg"": ""RA_Win"", ""pred_dec_deg"": ""dec"", ""pred_geocentric_distance_au"": null, ""pred_heliocentric_distance_au"": null, ""pred_phase_angle_deg"": null, ""pred_ra_deg"": ""ra"", ""pred_solar_elongation_deg"": null, ""pred_v_mag"": ""mag"", ""x_win_px"": ""X_Win"", ""y_win_px"": ""Y_Win""}",[],"[""pred_heliocentric_distance_au"", ""pred_geocentric_distance_au"", ""pred_solar_elongation_deg"", ""pred_phase_angle_deg""]"
20260103,unknown_catalog,/processed1/20260103/L4/20260103_unknown_links.fits,True,ok,,,11520,2026-06-20T01:48:56.459856+00:00,1781920136459855994,47335d28423c14804a17e1cb43a44783e1af386cc354420f409d5e27a545de52,,,1,1,1,image_names,"{""a_au"": ""a_au"", ""argp_deg"": ""argp_deg"", ""best_v1_kms"": ""best_v1_kms"", ""decs_deg"": ""decs_deg"", ""ecc"": ""ecc"", ""exp_pairs"": ""exp_pairs"", ""fit_ok"": ""fit_ok"", ""groups"": ""groups"", ""image_names"": ""image_names"", ""inc_deg"": ""inc_deg"", ""is_good"": ""is_good"", ""lin_dir_deg"": ""lin_dir_deg"", ""lin_rms_arcsec"": ""lin_rms_arcsec"", ""lin_speed_arcsec_per_day"": ""lin_speed_arcsec_per_day"", ""linkage_id"": ""linkage_id"", ""max_arcsec"": ""max_arcsec"", ""med_arcsec"": ""med_arcsec"", ""mjds"": ""mjds"", ""n_obs"": ""n_obs"", ""n_tracklets"": ""n_tracklets"", ""nu_deg"": ""nu_deg"", ""objids"": ""objids"", ""raan_deg"": ""raan_deg"", ""ras_deg"": ""ras_deg"", ""rms_arcsec"": ""rms_arcsec"", ""tracklet_ids"": ""tracklet_ids"", ""trk_sub"": ""trk_sub""}",[],[]
20260103,orbit_links,/home/admin/pipeline/xiaoyunao/data/heliolincrr/20260103/rr_links/orbit_confirm/orbit_links.fits,True,ok,,,34560,2026-05-14T18:25:00.463557+00:00,1778783100463556583,fae599032f3c88cd8e909099d95efa1b53e0d560be69e330af91c1d24426369d,,,1,79,79,,"{""a_au"": ""a_au"", ""argp_deg"": ""argp_deg"", ""best_rejected_max_v_kms"": ""best_rejected_max_v_kms"", ""best_v1_kms"": ""best_v1_kms"", ""ecc"": ""ecc"", ""fail_counts"": ""fail_counts"", ""fail_reason"": ""fail_reason"", ""final_max_v_kms"": ""final_max_v_kms"", ""fit_ok"": ""fit_ok"", ""hypo_r_au"": ""hypo_r_au"", ""hypo_rdd_au_day2"": ""hypo_rdd_au_day2"", ""hypo_rdot_au_day"": ""hypo_rdot_au_day"", ""inc_deg"": ""inc_deg"", ""inlier_tracklets"": ""inlier_tracklets"", ""is_good"": ""is_good"", ""lin_dir_deg"": ""lin_dir_deg"", ""lin_rms_arcsec"": ""lin_rms_arcsec"", ""lin_speed_arcsec_per_day"": ""lin_speed_arcsec_per_day"", ""linkage_id"": ""linkage_id"", ""max_arcsec"": ""max_arcsec"", ""med_arcsec"": ""med_arcsec"", ""min_rejected_max_v_kms"": ""min_rejected_max_v_kms"", ""n_nights"": ""n_nights"", ""n_obs"": ""n_obs"", ""n_tracklets"": ""n_tracklets"", ""nu_deg"": ""nu_deg"", ""pred_dec_deg"": ""pred_dec_deg"", ""pred_ra_deg"": ""pred_ra_deg"", ""raan_deg"": ""raan_deg"", ""rejected_tracklets"": ""rejected_tracklets"", ""rms_arcsec"": ""rms_arcsec"", ""seed_max_v_kms"": ""seed_max_v_kms"", ""seed_tracklets"": ""seed_tracklets""}",[],[]
20260103,orbit_obs_residuals,/home/admin/pipeline/xiaoyunao/data/heliolincrr/20260103/rr_links/orbit_confirm/orbit_obs_residuals.fits,True,ok,,,28800,2026-05-14T18:25:00.471494+00:00,1778783100471494386,d84e4e210a5c441114ca0563fa68d8ee2c5eee6d38388bb826b91094f9bd6989,,,1,228,228,,"{""dec_deg"": ""dec_deg"", ""linkage_id"": ""linkage_id"", ""mjd"": ""mjd"", ""obs_key"": ""obs_key"", ""ra_deg"": ""ra_deg"", ""resid_arcsec"": ""resid_arcsec"", ""tracklet_id"": ""tracklet_id"", ""used"": ""used""}",[],[]
20260104,known_all,/processed1/20260104/L4/20260104_all_asteroids.fits,True,ok_with_missing_optional,,,25873920,2026-06-19T10:55:34.064869+00:00,1781866534064869013,40b927cf1b293c26c074eba52a15c0a2dbbf7cec9dc631f46c14691914e1b2b3,,,1,131978,131978,source_file,"{""asteroid_name"": ""name"", ""asteroid_number"": ""number"", ""epoch_mjd"": ""epoch"", ""pred_dec_deg"": ""dec"", ""pred_geocentric_distance_au"": null, ""pred_heliocentric_distance_au"": null, ""pred_phase_angle_deg"": null, ""pred_ra_deg"": ""ra"", ""pred_solar_elongation_deg"": null, ""pred_v_mag"": ""mag""}",[],"[""pred_heliocentric_distance_au"", ""pred_geocentric_distance_au"", ""pred_solar_elongation_deg"", ""pred_phase_angle_deg""]"
20260104,known_matched,/processed1/20260104/L4/20260104_matched_asteroids.fits,True,ok_with_missing_optional,,,3018240,2026-06-19T10:55:35.088850+00:00,1781866535088849457,6d4a83f110c22c8b8468c46eca2305a3a60a207c70a7787a35bbf5f7a2a8b90d,,,1,3863,3863,source_file,"{""asteroid_name"": ""name"", ""asteroid_number"": ""number"", ""epoch_mjd"": ""epoch"", ""flag"": ""Flag"", ""flag_iso_num"": ""Flag_ISO_Num"", ""flux_aper4"": ""Flux_Aper4"", ""fluxerr_aper4"": ""FluxErr_Aper4"", ""fwhm_px"": ""FWHM"", ""mag_aper4"": ""Mag_Aper4"", ""mag_aper8"": ""Mag_Aper8"", ""mag_kron"": ""Mag_Kron"", ""mag_psf"": ""Mag_PSF"", ""magerr_aper4"": ""MagErr_Aper4"", ""magerr_aper8"": ""MagErr_Aper8"", ""magerr_kron"": ""MagErr_Kron"", ""magerr_psf"": ""MagErr_PSF"", ""obj_id"": ""objID"", ""obs_dec_err_deg"": ""DECErr_Win"", ""obs_dec_psf_deg"": ""DEC_PSF"", ""obs_dec_win_deg"": ""DEC_Win"", ""obs_ra_err_deg"": ""RAErr_Win"", ""obs_ra_psf_deg"": ""RA_PSF"", ""obs_ra_win_deg"": ""RA_Win"", ""pred_dec_deg"": ""dec"", ""pred_geocentric_distance_au"": null, ""pred_heliocentric_distance_au"": null, ""pred_phase_angle_deg"": null, ""pred_ra_deg"": ""ra"", ""pred_solar_elongation_deg"": null, ""pred_v_mag"": ""mag"", ""x_win_px"": ""X_Win"", ""y_win_px"": ""Y_Win""}",[],"[""pred_heliocentric_distance_au"", ""pred_geocentric_distance_au"", ""pred_solar_elongation_deg"", ""pred_phase_angle_deg""]"
20260104,known_mask15,/processed1/20260104/L4/20260104_matched_asteroids_mask15.fits,True,ok_with_missing_optional,,,3168000,2026-06-19T10:55:36.091830+00:00,1781866536091830301,24e1fdfbbb804f3d83ca3faf2b34a639ab6d5be91ce91cd90eb0f566d5d25dec,,,1,4059,4059,source_file,"{""asteroid_name"": ""name"", ""asteroid_number"": ""number"", ""epoch_mjd"": ""epoch"", ""flag"": ""Flag"", ""flag_iso_num"": ""Flag_ISO_Num"", ""flux_aper4"": ""Flux_Aper4"", ""fluxerr_aper4"": ""FluxErr_Aper4"", ""fwhm_px"": ""FWHM"", ""mag_aper4"": ""Mag_Aper4"", ""mag_aper8"": ""Mag_Aper8"", ""mag_kron"": ""Mag_Kron"", ""mag_psf"": ""Mag_PSF"", ""magerr_aper4"": ""MagErr_Aper4"", ""magerr_aper8"": ""MagErr_Aper8"", ""magerr_kron"": ""MagErr_Kron"", ""magerr_psf"": ""MagErr_PSF"", ""obj_id"": ""objID"", ""obs_dec_err_deg"": ""DECErr_Win"", ""obs_dec_psf_deg"": ""DEC_PSF"", ""obs_dec_win_deg"": ""DEC_Win"", ""obs_ra_err_deg"": ""RAErr_Win"", ""obs_ra_psf_deg"": ""RA_PSF"", ""obs_ra_win_deg"": ""RA_Win"", ""pred_dec_deg"": ""dec"", ""pred_geocentric_distance_au"": null, ""pred_heliocentric_distance_au"": null, ""pred_phase_angle_deg"": null, ""pred_ra_deg"": ""ra"", ""pred_solar_elongation_deg"": null, ""pred_v_mag"": ""mag"", ""x_win_px"": ""X_Win"", ""y_win_px"": ""Y_Win""}",[],"[""pred_heliocentric_distance_au"", ""pred_geocentric_distance_au"", ""pred_solar_elongation_deg"", ""pred_phase_angle_deg""]"
20260104,unknown_catalog,/processed1/20260104/L4/20260104_unknown_links.fits,True,ok,,,37440,2026-06-20T01:49:32.072174+00:00,1781920172072173857,262ddfc6846938bb29608d059066a4f983147ffaf48d80aa8e2b92e811501426,,,1,64,64,image_names,"{""a_au"": ""a_au"", ""argp_deg"": ""argp_deg"", ""best_v1_kms"": ""best_v1_kms"", ""decs_deg"": ""decs_deg"", ""ecc"": ""ecc"", ""exp_pairs"": ""exp_pairs"", ""fit_ok"": ""fit_ok"", ""groups"": ""groups"", ""image_names"": ""image_names"", ""inc_deg"": ""inc_deg"", ""is_good"": ""is_good"", ""lin_dir_deg"": ""lin_dir_deg"", ""lin_rms_arcsec"": ""lin_rms_arcsec"", ""lin_speed_arcsec_per_day"": ""lin_speed_arcsec_per_day"", ""linkage_id"": ""linkage_id"", ""max_arcsec"": ""max_arcsec"", ""med_arcsec"": ""med_arcsec"", ""mjds"": ""mjds"", ""n_obs"": ""n_obs"", ""n_tracklets"": ""n_tracklets"", ""nu_deg"": ""nu_deg"", ""objids"": ""objids"", ""raan_deg"": ""raan_deg"", ""ras_deg"": ""ras_deg"", ""rms_arcsec"": ""rms_arcsec"", ""tracklet_ids"": ""tracklet_ids"", ""trk_sub"": ""trk_sub""}",[],[]
20260104,orbit_links,/home/admin/pipeline/xiaoyunao/data/heliolincrr/20260104/rr_links/orbit_confirm/orbit_links.fits,True,ok,,,224640,2026-05-14T18:28:37.474725+00:00,1778783317474724752,a0b7caddd9b3fb25d1df5c79e4ac6747b92a04b5840d5766d32e8065a0ddc6a4,,,1,800,800,,"{""a_au"": ""a_au"", ""argp_deg"": ""argp_deg"", ""best_rejected_max_v_kms"": ""best_rejected_max_v_kms"", ""best_v1_kms"": ""best_v1_kms"", ""ecc"": ""ecc"", ""fail_counts"": ""fail_counts"", ""fail_reason"": ""fail_reason"", ""final_max_v_kms"": ""final_max_v_kms"", ""fit_ok"": ""fit_ok"", ""hypo_r_au"": ""hypo_r_au"", ""hypo_rdd_au_day2"": ""hypo_rdd_au_day2"", ""hypo_rdot_au_day"": ""hypo_rdot_au_day"", ""inc_deg"": ""inc_deg"", ""inlier_tracklets"": ""inlier_tracklets"", ""is_good"": ""is_good"", ""lin_dir_deg"": ""lin_dir_deg"", ""lin_rms_arcsec"": ""lin_rms_arcsec"", ""lin_speed_arcsec_per_day"": ""lin_speed_arcsec_per_day"", ""linkage_id"": ""linkage_id"", ""max_arcsec"": ""max_arcsec"", ""med_arcsec"": ""med_arcsec"", ""min_rejected_max_v_kms"": ""min_rejected_max_v_kms"", ""n_nights"": ""n_nights"", ""n_obs"": ""n_obs"", ""n_tracklets"": ""n_tracklets"", ""nu_deg"": ""nu_deg"", ""pred_dec_deg"": ""pred_dec_deg"", ""pred_ra_deg"": ""pred_ra_deg"", ""raan_deg"": ""raan_deg"", ""rejected_tracklets"": ""rejected_tracklets"", ""rms_arcsec"": ""rms_arcsec"", ""seed_max_v_kms"": ""seed_max_v_kms"", ""seed_tracklets"": ""seed_tracklets""}",[],[]
20260104,orbit_obs_residuals,/home/admin/pipeline/xiaoyunao/data/heliolincrr/20260104/rr_links/orbit_confirm/orbit_obs_residuals.fits,True,ok,,,236160,2026-05-14T18:28:37.486690+00:00,1778783317486689779,8a1c8f1899ed68a46da5973a8670031911a3071f2fcfb743ff729d4f4e0c8ffc,,,1,2400,2400,,"{""dec_deg"": ""dec_deg"", ""linkage_id"": ""linkage_id"", ""mjd"": ""mjd"", ""obs_key"": ""obs_key"", ""ra_deg"": ""ra_deg"", ""resid_arcsec"": ""resid_arcsec"", ""tracklet_id"": ""tracklet_id"", ""used"": ""used""}",[],[]
20260105,known_all,/processed1/20260105/L4/20260105_all_asteroids.fits,True,ok_with_missing_optional,,,26193600,2026-06-19T11:04:58.021098+00:00,1781867098021098328,867164ab650c9b9f80a3987a50f227b27ff4db5ba36896fdd2af1ffb44b7d7ae,,,1,133598,133598,source_file,"{""asteroid_name"": ""name"", ""asteroid_number"": ""number"", ""epoch_mjd"": ""epoch"", ""pred_dec_deg"": ""dec"", ""pred_geocentric_distance_au"": null, ""pred_heliocentric_distance_au"": null, ""pred_phase_angle_deg"": null, ""pred_ra_deg"": ""ra"", ""pred_solar_elongation_deg"": null, ""pred_v_mag"": ""mag""}",[],"[""pred_heliocentric_distance_au"", ""pred_geocentric_distance_au"", ""pred_solar_elongation_deg"", ""pred_phase_angle_deg""]"
20260105,known_matched,/processed1/20260105/L4/20260105_matched_asteroids.fits,True,ok_with_missing_optional,,,2367360,2026-06-19T11:04:58.952080+00:00,1781867098952080548,cabb7ffc63771f04e8f103cf027abd7b1d09e057f71563c2599c5e8344255ed0,,,1,3025,3025,source_file,"{""asteroid_name"": ""name"", ""asteroid_number"": ""number"", ""epoch_mjd"": ""epoch"", ""flag"": ""Flag"", ""flag_iso_num"": ""Flag_ISO_Num"", ""flux_aper4"": ""Flux_Aper4"", ""fluxerr_aper4"": ""FluxErr_Aper4"", ""fwhm_px"": ""FWHM"", ""mag_aper4"": ""Mag_Aper4"", ""mag_aper8"": ""Mag_Aper8"", ""mag_kron"": ""Mag_Kron"", ""mag_psf"": ""Mag_PSF"", ""magerr_aper4"": ""MagErr_Aper4"", ""magerr_aper8"": ""MagErr_Aper8"", ""magerr_kron"": ""MagErr_Kron"", ""magerr_psf"": ""MagErr_PSF"", ""obj_id"": ""objID"", ""obs_dec_err_deg"": ""DECErr_Win"", ""obs_dec_psf_deg"": ""DEC_PSF"", ""obs_dec_win_deg"": ""DEC_Win"", ""obs_ra_err_deg"": ""RAErr_Win"", ""obs_ra_psf_deg"": ""RA_PSF"", ""obs_ra_win_deg"": ""RA_Win"", ""pred_dec_deg"": ""dec"", ""pred_geocentric_distance_au"": null, ""pred_heliocentric_distance_au"": null, ""pred_phase_angle_deg"": null, ""pred_ra_deg"": ""ra"", ""pred_solar_elongation_deg"": null, ""pred_v_mag"": ""mag"", ""x_win_px"": ""X_Win"", ""y_win_px"": ""Y_Win""}",[],"[""pred_heliocentric_distance_au"", ""pred_geocentric_distance_au"", ""pred_solar_elongation_deg"", ""pred_phase_angle_deg""]"
20260105,known_mask15,/processed1/20260105/L4/20260105_matched_asteroids_mask15.fits,True,ok_with_missing_optional,,,2485440,2026-06-19T11:04:59.879063+00:00,1781867099879062844,2b4c6fd13b8a25846db23deec3f950b97c369ea76b53c229478147ab050fdb1e,,,1,3175,3175,source_file,"{""asteroid_name"": ""name"", ""asteroid_number"": ""number"", ""epoch_mjd"": ""epoch"", ""flag"": ""Flag"", ""flag_iso_num"": ""Flag_ISO_Num"", ""flux_aper4"": ""Flux_Aper4"", ""fluxerr_aper4"": ""FluxErr_Aper4"", ""fwhm_px"": ""FWHM"", ""mag_aper4"": ""Mag_Aper4"", ""mag_aper8"": ""Mag_Aper8"", ""mag_kron"": ""Mag_Kron"", ""mag_psf"": ""Mag_PSF"", ""magerr_aper4"": ""MagErr_Aper4"", ""magerr_aper8"": ""MagErr_Aper8"", ""magerr_kron"": ""MagErr_Kron"", ""magerr_psf"": ""MagErr_PSF"", ""obj_id"": ""objID"", ""obs_dec_err_deg"": ""DECErr_Win"", ""obs_dec_psf_deg"": ""DEC_PSF"", ""obs_dec_win_deg"": ""DEC_Win"", ""obs_ra_err_deg"": ""RAErr_Win"", ""obs_ra_psf_deg"": ""RA_PSF"", ""obs_ra_win_deg"": ""RA_Win"", ""pred_dec_deg"": ""dec"", ""pred_geocentric_distance_au"": null, ""pred_heliocentric_distance_au"": null, ""pred_phase_angle_deg"": null, ""pred_ra_deg"": ""ra"", ""pred_solar_elongation_deg"": null, ""pred_v_mag"": ""mag"", ""x_win_px"": ""X_Win"", ""y_win_px"": ""Y_Win""}",[],"[""pred_heliocentric_distance_au"", ""pred_geocentric_distance_au"", ""pred_solar_elongation_deg"", ""pred_phase_angle_deg""]"
20260105,unknown_catalog,/processed1/20260105/L4/20260105_unknown_links.fits,True,ok,,,25920,2026-06-20T01:51:09.344311+00:00,1781920269344310650,0f3d32574c58454ab8c7770bea0e294b8a06d832480770aec3fd8a1c5dbe07ff,,,1,42,42,image_names,"{""a_au"": ""a_au"", ""argp_deg"": ""argp_deg"", ""best_v1_kms"": ""best_v1_kms"", ""decs_deg"": ""decs_deg"", ""ecc"": ""ecc"", ""exp_pairs"": ""exp_pairs"", ""fit_ok"": ""fit_ok"", ""groups"": ""groups"", ""image_names"": ""image_names"", ""inc_deg"": ""inc_deg"", ""is_good"": ""is_good"", ""lin_dir_deg"": ""lin_dir_deg"", ""lin_rms_arcsec"": ""lin_rms_arcsec"", ""lin_speed_arcsec_per_day"": ""lin_speed_arcsec_per_day"", ""linkage_id"": ""linkage_id"", ""max_arcsec"": ""max_arcsec"", ""med_arcsec"": ""med_arcsec"", ""mjds"": ""mjds"", ""n_obs"": ""n_obs"", ""n_tracklets"": ""n_tracklets"", ""nu_deg"": ""nu_deg"", ""objids"": ""objids"", ""raan_deg"": ""raan_deg"", ""ras_deg"": ""ras_deg"", ""rms_arcsec"": ""rms_arcsec"", ""tracklet_ids"": ""tracklet_ids"", ""trk_sub"": ""trk_sub""}",[],[]
20260105,orbit_links,/home/admin/pipeline/xiaoyunao/data/heliolincrr/20260105/rr_links/orbit_confirm/orbit_links.fits,True,ok,,,146880,2026-05-14T18:46:50.882053+00:00,1778784410882053152,57e928a3638591f4457a9b1af8af4af0b8ac196e93a0e3e32c1f0cc0789b1d5b,,,1,499,499,,"{""a_au"": ""a_au"", ""argp_deg"": ""argp_deg"", ""best_rejected_max_v_kms"": ""best_rejected_max_v_kms"", ""best_v1_kms"": ""best_v1_kms"", ""ecc"": ""ecc"", ""fail_counts"": ""fail_counts"", ""fail_reason"": ""fail_reason"", ""final_max_v_kms"": ""final_max_v_kms"", ""fit_ok"": ""fit_ok"", ""hypo_r_au"": ""hypo_r_au"", ""hypo_rdd_au_day2"": ""hypo_rdd_au_day2"", ""hypo_rdot_au_day"": ""hypo_rdot_au_day"", ""inc_deg"": ""inc_deg"", ""inlier_tracklets"": ""inlier_tracklets"", ""is_good"": ""is_good"", ""lin_dir_deg"": ""lin_dir_deg"", ""lin_rms_arcsec"": ""lin_rms_arcsec"", ""lin_speed_arcsec_per_day"": ""lin_speed_arcsec_per_day"", ""linkage_id"": ""linkage_id"", ""max_arcsec"": ""max_arcsec"", ""med_arcsec"": ""med_arcsec"", ""min_rejected_max_v_kms"": ""min_rejected_max_v_kms"", ""n_nights"": ""n_nights"", ""n_obs"": ""n_obs"", ""n_tracklets"": ""n_tracklets"", ""nu_deg"": ""nu_deg"", ""pred_dec_deg"": ""pred_dec_deg"", ""pred_ra_deg"": ""pred_ra_deg"", ""raan_deg"": ""raan_deg"", ""rejected_tracklets"": ""rejected_tracklets"", ""rms_arcsec"": ""rms_arcsec"", ""seed_max_v_kms"": ""seed_max_v_kms"", ""seed_tracklets"": ""seed_tracklets""}",[],[]
20260105,orbit_obs_residuals,/home/admin/pipeline/xiaoyunao/data/heliolincrr/20260105/rr_links/orbit_confirm/orbit_obs_residuals.fits,True,ok,,,144000,2026-05-14T18:46:50.891189+00:00,1778784410891188596,0c4e010a94185155199ae362f51e6ce8f4f1fff5d0467ba39f8d17488218f76f,,,1,1447,1447,,"{""dec_deg"": ""dec_deg"", ""linkage_id"": ""linkage_id"", ""mjd"": ""mjd"", ""obs_key"": ""obs_key"", ""ra_deg"": ""ra_deg"", ""resid_arcsec"": ""resid_arcsec"", ""tracklet_id"": ""tracklet_id"", ""used"": ""used""}",[],[]
20260106,known_all,/processed1/20260106/L4/20260106_all_asteroids.fits,True,ok_with_missing_optional,,,31245120,2026-06-19T11:13:38.002169+00:00,1781867618002169001,2a9c4cf5146269dce9cc1f170d345b4c9cecc559547fc6e6c744ea96dd1a65b1,,,1,159380,159380,source_file,"{""asteroid_name"": ""name"", ""asteroid_number"": ""number"", ""epoch_mjd"": ""epoch"", ""pred_dec_deg"": ""dec"", ""pred_geocentric_distance_au"": null, ""pred_heliocentric_distance_au"": null, ""pred_phase_angle_deg"": null, ""pred_ra_deg"": ""ra"", ""pred_solar_elongation_deg"": null, ""pred_v_mag"": ""mag""}",[],"[""pred_heliocentric_distance_au"", ""pred_geocentric_distance_au"", ""pred_solar_elongation_deg"", ""pred_phase_angle_deg""]"
20260106,known_matched,/processed1/20260106/L4/20260106_matched_asteroids.fits,True,ok_with_missing_optional,,,2295360,2026-06-19T11:13:38.898152+00:00,1781867618898151911,5a01fa7a3df321ffc1290409c0f01a54b4beae34b47cee931e2968d96e65b04a,,,1,2931,2931,source_file,"{""asteroid_name"": ""name"", ""asteroid_number"": ""number"", ""epoch_mjd"": ""epoch"", ""flag"": ""Flag"", ""flag_iso_num"": ""Flag_ISO_Num"", ""flux_aper4"": ""Flux_Aper4"", ""fluxerr_aper4"": ""FluxErr_Aper4"", ""fwhm_px"": ""FWHM"", ""mag_aper4"": ""Mag_Aper4"", ""mag_aper8"": ""Mag_Aper8"", ""mag_kron"": ""Mag_Kron"", ""mag_psf"": ""Mag_PSF"", ""magerr_aper4"": ""MagErr_Aper4"", ""magerr_aper8"": ""MagErr_Aper8"", ""magerr_kron"": ""MagErr_Kron"", ""magerr_psf"": ""MagErr_PSF"", ""obj_id"": ""objID"", ""obs_dec_err_deg"": ""DECErr_Win"", ""obs_dec_psf_deg"": ""DEC_PSF"", ""obs_dec_win_deg"": ""DEC_Win"", ""obs_ra_err_deg"": ""RAErr_Win"", ""obs_ra_psf_deg"": ""RA_PSF"", ""obs_ra_win_deg"": ""RA_Win"", ""pred_dec_deg"": ""dec"", ""pred_geocentric_distance_au"": null, ""pred_heliocentric_distance_au"": null, ""pred_phase_angle_deg"": null, ""pred_ra_deg"": ""ra"", ""pred_solar_elongation_deg"": null, ""pred_v_mag"": ""mag"", ""x_win_px"": ""X_Win"", ""y_win_px"": ""Y_Win""}",[],"[""pred_heliocentric_distance_au"", ""pred_geocentric_distance_au"", ""pred_solar_elongation_deg"", ""pred_phase_angle_deg""]"
20260106,known_mask15,/processed1/20260106/L4/20260106_matched_asteroids_mask15.fits,True,ok_with_missing_optional,,,2563200,2026-06-19T11:13:39.771135+00:00,1781867619771135259,4c410b21f4780705a1d45abc2ccb0a649c9e6384628b841d7f97aeadac29d0a9,,,1,3275,3275,source_file,"{""asteroid_name"": ""name"", ""asteroid_number"": ""number"", ""epoch_mjd"": ""epoch"", ""flag"": ""Flag"", ""flag_iso_num"": ""Flag_ISO_Num"", ""flux_aper4"": ""Flux_Aper4"", ""fluxerr_aper4"": ""FluxErr_Aper4"", ""fwhm_px"": ""FWHM"", ""mag_aper4"": ""Mag_Aper4"", ""mag_aper8"": ""Mag_Aper8"", ""mag_kron"": ""Mag_Kron"", ""mag_psf"": ""Mag_PSF"", ""magerr_aper4"": ""MagErr_Aper4"", ""magerr_aper8"": ""MagErr_Aper8"", ""magerr_kron"": ""MagErr_Kron"", ""magerr_psf"": ""MagErr_PSF"", ""obj_id"": ""objID"", ""obs_dec_err_deg"": ""DECErr_Win"", ""obs_dec_psf_deg"": ""DEC_PSF"", ""obs_dec_win_deg"": ""DEC_Win"", ""obs_ra_err_deg"": ""RAErr_Win"", ""obs_ra_psf_deg"": ""RA_PSF"", ""obs_ra_win_deg"": ""RA_Win"", ""pred_dec_deg"": ""dec"", ""pred_geocentric_distance_au"": null, ""pred_heliocentric_distance_au"": null, ""pred_phase_angle_deg"": null, ""pred_ra_deg"": ""ra"", ""pred_solar_elongation_deg"": null, ""pred_v_mag"": ""mag"", ""x_win_px"": ""X_Win"", ""y_win_px"": ""Y_Win""}",[],"[""pred_heliocentric_distance_au"", ""pred_geocentric_distance_au"", ""pred_solar_elongation_deg"", ""pred_phase_angle_deg""]"
20260106,unknown_catalog,/processed1/20260106/L4/20260106_unknown_links.fits,True,ok,,,34560,2026-06-20T01:52:17.716995+00:00,1781920337716995318,ce208f4451890ce7d09e2e30bce705a66f846d75a334c74c173fccee922b66ca,,,1,60,60,image_names,"{""a_au"": ""a_au"", ""argp_deg"": ""argp_deg"", ""best_v1_kms"": ""best_v1_kms"", ""decs_deg"": ""decs_deg"", ""ecc"": ""ecc"", ""exp_pairs"": ""exp_pairs"", ""fit_ok"": ""fit_ok"", ""groups"": ""groups"", ""image_names"": ""image_names"", ""inc_deg"": ""inc_deg"", ""is_good"": ""is_good"", ""lin_dir_deg"": ""lin_dir_deg"", ""lin_rms_arcsec"": ""lin_rms_arcsec"", ""lin_speed_arcsec_per_day"": ""lin_speed_arcsec_per_day"", ""linkage_id"": ""linkage_id"", ""max_arcsec"": ""max_arcsec"", ""med_arcsec"": ""med_arcsec"", ""mjds"": ""mjds"", ""n_obs"": ""n_obs"", ""n_tracklets"": ""n_tracklets"", ""nu_deg"": ""nu_deg"", ""objids"": ""objids"", ""raan_deg"": ""raan_deg"", ""ras_deg"": ""ras_deg"", ""rms_arcsec"": ""rms_arcsec"", ""tracklet_ids"": ""tracklet_ids"", ""trk_sub"": ""trk_sub""}",[],[]
20260106,orbit_links,/home/admin/pipeline/xiaoyunao/data/heliolincrr/20260106/rr_links/orbit_confirm/orbit_links.fits,True,ok,,,213120,2026-05-14T19:00:50.617870+00:00,1778785250617870162,127c28ac9b0f7d10f28236bbf4b54dcf60bb53984c8999fb8a382f76c852b744,,,1,496,496,,"{""a_au"": ""a_au"", ""argp_deg"": ""argp_deg"", ""best_rejected_max_v_kms"": ""best_rejected_max_v_kms"", ""best_v1_kms"": ""best_v1_kms"", ""ecc"": ""ecc"", ""fail_counts"": ""fail_counts"", ""fail_reason"": ""fail_reason"", ""final_max_v_kms"": ""final_max_v_kms"", ""fit_ok"": ""fit_ok"", ""hypo_r_au"": ""hypo_r_au"", ""hypo_rdd_au_day2"": ""hypo_rdd_au_day2"", ""hypo_rdot_au_day"": ""hypo_rdot_au_day"", ""inc_deg"": ""inc_deg"", ""inlier_tracklets"": ""inlier_tracklets"", ""is_good"": ""is_good"", ""lin_dir_deg"": ""lin_dir_deg"", ""lin_rms_arcsec"": ""lin_rms_arcsec"", ""lin_speed_arcsec_per_day"": ""lin_speed_arcsec_per_day"", ""linkage_id"": ""linkage_id"", ""max_arcsec"": ""max_arcsec"", ""med_arcsec"": ""med_arcsec"", ""min_rejected_max_v_kms"": ""min_rejected_max_v_kms"", ""n_nights"": ""n_nights"", ""n_obs"": ""n_obs"", ""n_tracklets"": ""n_tracklets"", ""nu_deg"": ""nu_deg"", ""pred_dec_deg"": ""pred_dec_deg"", ""pred_ra_deg"": ""pred_ra_deg"", ""raan_deg"": ""raan_deg"", ""rejected_tracklets"": ""rejected_tracklets"", ""rms_arcsec"": ""rms_arcsec"", ""seed_max_v_kms"": ""seed_max_v_kms"", ""seed_tracklets"": ""seed_tracklets""}",[],[]
20260106,orbit_obs_residuals,/home/admin/pipeline/xiaoyunao/data/heliolincrr/20260106/rr_links/orbit_confirm/orbit_obs_residuals.fits,True,ok,,,152640,2026-05-14T19:00:50.628736+00:00,1778785250628736003,012db89fa5db4829f8270be35435b5b3c58c99c7999849824d92c3ded4b074ec,,,1,1517,1517,,"{""dec_deg"": ""dec_deg"", ""linkage_id"": ""linkage_id"", ""mjd"": ""mjd"", ""obs_key"": ""obs_key"", ""ra_deg"": ""ra_deg"", ""resid_arcsec"": ""resid_arcsec"", ""tracklet_id"": ""tracklet_id"", ""used"": ""used""}",[],[]
20260107,known_all,/processed1/20260107/L4/20260107_all_asteroids.fits,True,ok_with_missing_optional,,,28846080,2026-06-19T11:23:01.710417+00:00,1781868181710416660,90fa8a14dbce21c924c03f259c94b8e7947822183a3be6584e5e088417c8d330,,,1,147139,147139,source_file,"{""asteroid_name"": ""name"", ""asteroid_number"": ""number"", ""epoch_mjd"": ""epoch"", ""pred_dec_deg"": ""dec"", ""pred_geocentric_distance_au"": null, ""pred_heliocentric_distance_au"": null, ""pred_phase_angle_deg"": null, ""pred_ra_deg"": ""ra"", ""pred_solar_elongation_deg"": null, ""pred_v_mag"": ""mag""}",[],"[""pred_heliocentric_distance_au"", ""pred_geocentric_distance_au"", ""pred_solar_elongation_deg"", ""pred_phase_angle_deg""]"
20260107,known_matched,/processed1/20260107/L4/20260107_matched_asteroids.fits,True,ok_with_missing_optional,,,5716800,2026-06-19T11:23:02.743397+00:00,1781868182743396957,485ff660674580f3d2399d1790cfd1f489dcb6ef7c4bdc9b51c3adc8efa03e33,,,1,7352,7352,source_file,"{""asteroid_name"": ""name"", ""asteroid_number"": ""number"", ""epoch_mjd"": ""epoch"", ""flag"": ""Flag"", ""flag_iso_num"": ""Flag_ISO_Num"", ""flux_aper4"": ""Flux_Aper4"", ""fluxerr_aper4"": ""FluxErr_Aper4"", ""fwhm_px"": ""FWHM"", ""mag_aper4"": ""Mag_Aper4"", ""mag_aper8"": ""Mag_Aper8"", ""mag_kron"": ""Mag_Kron"", ""mag_psf"": ""Mag_PSF"", ""magerr_aper4"": ""MagErr_Aper4"", ""magerr_aper8"": ""MagErr_Aper8"", ""magerr_kron"": ""MagErr_Kron"", ""magerr_psf"": ""MagErr_PSF"", ""obj_id"": ""objID"", ""obs_dec_err_deg"": ""DECErr_Win"", ""obs_dec_psf_deg"": ""DEC_PSF"", ""obs_dec_win_deg"": ""DEC_Win"", ""obs_ra_err_deg"": ""RAErr_Win"", ""obs_ra_psf_deg"": ""RA_PSF"", ""obs_ra_win_deg"": ""RA_Win"", ""pred_dec_deg"": ""dec"", ""pred_geocentric_distance_au"": null, ""pred_heliocentric_distance_au"": null, ""pred_phase_angle_deg"": null, ""pred_ra_deg"": ""ra"", ""pred_solar_elongation_deg"": null, ""pred_v_mag"": ""mag"", ""x_win_px"": ""X_Win"", ""y_win_px"": ""Y_Win""}",[],"[""pred_heliocentric_distance_au"", ""pred_geocentric_distance_au"", ""pred_solar_elongation_deg"", ""pred_phase_angle_deg""]"
20260107,known_mask15,/processed1/20260107/L4/20260107_matched_asteroids_mask15.fits,True,ok_with_missing_optional,,,6042240,2026-06-19T11:23:03.756378+00:00,1781868183756377635,40c22efb6e4f51df4c3648688ff66c7939115c40c4e926d7420ff654990b2db2,,,1,7770,7770,source_file,"{""asteroid_name"": ""name"", ""asteroid_number"": ""number"", ""epoch_mjd"": ""epoch"", ""flag"": ""Flag"", ""flag_iso_num"": ""Flag_ISO_Num"", ""flux_aper4"": ""Flux_Aper4"", ""fluxerr_aper4"": ""FluxErr_Aper4"", ""fwhm_px"": ""FWHM"", ""mag_aper4"": ""Mag_Aper4"", ""mag_aper8"": ""Mag_Aper8"", ""mag_kron"": ""Mag_Kron"", ""mag_psf"": ""Mag_PSF"", ""magerr_aper4"": ""MagErr_Aper4"", ""magerr_aper8"": ""MagErr_Aper8"", ""magerr_kron"": ""MagErr_Kron"", ""magerr_psf"": ""MagErr_PSF"", ""obj_id"": ""objID"", ""obs_dec_err_deg"": ""DECErr_Win"", ""obs_dec_psf_deg"": ""DEC_PSF"", ""obs_dec_win_deg"": ""DEC_Win"", ""obs_ra_err_deg"": ""RAErr_Win"", ""obs_ra_psf_deg"": ""RA_PSF"", ""obs_ra_win_deg"": ""RA_Win"", ""pred_dec_deg"": ""dec"", ""pred_geocentric_distance_au"": null, ""pred_heliocentric_distance_au"": null, ""pred_phase_angle_deg"": null, ""pred_ra_deg"": ""ra"", ""pred_solar_elongation_deg"": null, ""pred_v_mag"": ""mag"", ""x_win_px"": ""X_Win"", ""y_win_px"": ""Y_Win""}",[],"[""pred_heliocentric_distance_au"", ""pred_geocentric_distance_au"", ""pred_solar_elongation_deg"", ""pred_phase_angle_deg""]"
20260107,unknown_catalog,/processed1/20260107/L4/20260107_unknown_links.fits,True,ok,,,43200,2026-06-20T01:53:54.324126+00:00,1781920434324126020,351a933273edeeb1e4609fcd775c961375106683d1cb96151e955979874aa440,,,1,79,79,image_names,"{""a_au"": ""a_au"", ""argp_deg"": ""argp_deg"", ""best_v1_kms"": ""best_v1_kms"", ""decs_deg"": ""decs_deg"", ""ecc"": ""ecc"", ""exp_pairs"": ""exp_pairs"", ""fit_ok"": ""fit_ok"", ""groups"": ""groups"", ""image_names"": ""image_names"", ""inc_deg"": ""inc_deg"", ""is_good"": ""is_good"", ""lin_dir_deg"": ""lin_dir_deg"", ""lin_rms_arcsec"": ""lin_rms_arcsec"", ""lin_speed_arcsec_per_day"": ""lin_speed_arcsec_per_day"", ""linkage_id"": ""linkage_id"", ""max_arcsec"": ""max_arcsec"", ""med_arcsec"": ""med_arcsec"", ""mjds"": ""mjds"", ""n_obs"": ""n_obs"", ""n_tracklets"": ""n_tracklets"", ""nu_deg"": ""nu_deg"", ""objids"": ""objids"", ""raan_deg"": ""raan_deg"", ""ras_deg"": ""ras_deg"", ""rms_arcsec"": ""rms_arcsec"", ""tracklet_ids"": ""tracklet_ids"", ""trk_sub"": ""trk_sub""}",[],[]
20260107,orbit_links,/home/admin/pipeline/xiaoyunao/data/heliolincrr/20260107/rr_links/orbit_confirm/orbit_links.fits,True,ok,,,432000,2026-05-14T19:18:38.270852+00:00,1778786318270852440,99767fb5ae18dd8dcddec0fbb476533c3d62eec4c0757ce2fb2ff0f87785e95b,,,1,1287,1287,,"{""a_au"": ""a_au"", ""argp_deg"": ""argp_deg"", ""best_rejected_max_v_kms"": ""best_rejected_max_v_kms"", ""best_v1_kms"": ""best_v1_kms"", ""ecc"": ""ecc"", ""fail_counts"": ""fail_counts"", ""fail_reason"": ""fail_reason"", ""final_max_v_kms"": ""final_max_v_kms"", ""fit_ok"": ""fit_ok"", ""hypo_r_au"": ""hypo_r_au"", ""hypo_rdd_au_day2"": ""hypo_rdd_au_day2"", ""hypo_rdot_au_day"": ""hypo_rdot_au_day"", ""inc_deg"": ""inc_deg"", ""inlier_tracklets"": ""inlier_tracklets"", ""is_good"": ""is_good"", ""lin_dir_deg"": ""lin_dir_deg"", ""lin_rms_arcsec"": ""lin_rms_arcsec"", ""lin_speed_arcsec_per_day"": ""lin_speed_arcsec_per_day"", ""linkage_id"": ""linkage_id"", ""max_arcsec"": ""max_arcsec"", ""med_arcsec"": ""med_arcsec"", ""min_rejected_max_v_kms"": ""min_rejected_max_v_kms"", ""n_nights"": ""n_nights"", ""n_obs"": ""n_obs"", ""n_tracklets"": ""n_tracklets"", ""nu_deg"": ""nu_deg"", ""pred_dec_deg"": ""pred_dec_deg"", ""pred_ra_deg"": ""pred_ra_deg"", ""raan_deg"": ""raan_deg"", ""rejected_tracklets"": ""rejected_tracklets"", ""rms_arcsec"": ""rms_arcsec"", ""seed_max_v_kms"": ""seed_max_v_kms"", ""seed_tracklets"": ""seed_tracklets""}",[],[]
20260107,orbit_obs_residuals,/home/admin/pipeline/xiaoyunao/data/heliolincrr/20260107/rr_links/orbit_confirm/orbit_obs_residuals.fits,True,ok,,,380160,2026-05-14T19:18:38.285043+00:00,1778786318285042974,0991752ee0b75f68cf75cfdd47dd9348718091808e736b7ab2ef6c3a188265e1,,,1,3892,3892,,"{""dec_deg"": ""dec_deg"", ""linkage_id"": ""linkage_id"", ""mjd"": ""mjd"", ""obs_key"": ""obs_key"", ""ra_deg"": ""ra_deg"", ""resid_arcsec"": ""resid_arcsec"", ""tracklet_id"": ""tracklet_id"", ""used"": ""used""}",[],[]
20260108,known_all,/processed1/20260108/L4/20260108_all_asteroids.fits,True,ok_with_missing_optional,,,15995520,2026-06-19T11:28:12.868482+00:00,1781868492868481538,561fa75bb2cabe5db71bb273588bc3b77e767e9c65bbd9c131ad5955cffa2926,,,1,81573,81573,source_file,"{""asteroid_name"": ""name"", ""asteroid_number"": ""number"", ""epoch_mjd"": ""epoch"", ""pred_dec_deg"": ""dec"", ""pred_geocentric_distance_au"": null, ""pred_heliocentric_distance_au"": null, ""pred_phase_angle_deg"": null, ""pred_ra_deg"": ""ra"", ""pred_solar_elongation_deg"": null, ""pred_v_mag"": ""mag""}",[],"[""pred_heliocentric_distance_au"", ""pred_geocentric_distance_au"", ""pred_solar_elongation_deg"", ""pred_phase_angle_deg""]"
20260108,known_matched,/processed1/20260108/L4/20260108_matched_asteroids.fits,True,ok_with_missing_optional,,,3061440,2026-06-19T11:28:13.411471+00:00,1781868493411471180,7794ae46c92a932abce3fae4ae9f0f96615dd9a6afb53cad351f8a4e52c8c15f,,,1,3919,3919,source_file,"{""asteroid_name"": ""name"", ""asteroid_number"": ""number"", ""epoch_mjd"": ""epoch"", ""flag"": ""Flag"", ""flag_iso_num"": ""Flag_ISO_Num"", ""flux_aper4"": ""Flux_Aper4"", ""fluxerr_aper4"": ""FluxErr_Aper4"", ""fwhm_px"": ""FWHM"", ""mag_aper4"": ""Mag_Aper4"", ""mag_aper8"": ""Mag_Aper8"", ""mag_kron"": ""Mag_Kron"", ""mag_psf"": ""Mag_PSF"", ""magerr_aper4"": ""MagErr_Aper4"", ""magerr_aper8"": ""MagErr_Aper8"", ""magerr_kron"": ""MagErr_Kron"", ""magerr_psf"": ""MagErr_PSF"", ""obj_id"": ""objID"", ""obs_dec_err_deg"": ""DECErr_Win"", ""obs_dec_psf_deg"": ""DEC_PSF"", ""obs_dec_win_deg"": ""DEC_Win"", ""obs_ra_err_deg"": ""RAErr_Win"", ""obs_ra_psf_deg"": ""RA_PSF"", ""obs_ra_win_deg"": ""RA_Win"", ""pred_dec_deg"": ""dec"", ""pred_geocentric_distance_au"": null, ""pred_heliocentric_distance_au"": null, ""pred_phase_angle_deg"": null, ""pred_ra_deg"": ""ra"", ""pred_solar_elongation_deg"": null, ""pred_v_mag"": ""mag"", ""x_win_px"": ""X_Win"", ""y_win_px"": ""Y_Win""}",[],"[""pred_heliocentric_distance_au"", ""pred_geocentric_distance_au"", ""pred_solar_elongation_deg"", ""pred_phase_angle_deg""]"
20260108,known_mask15,/processed1/20260108/L4/20260108_matched_asteroids_mask15.fits,True,ok_with_missing_optional,,,3303360,2026-06-19T11:28:14.007460+00:00,1781868494007459812,45ef27e5922392e126bb9b9f5f86e5a6c1fa6491956bddc52945ce01922a8518,,,1,4234,4234,source_file,"{""asteroid_name"": ""name"", ""asteroid_number"": ""number"", ""epoch_mjd"": ""epoch"", ""flag"": ""Flag"", ""flag_iso_num"": ""Flag_ISO_Num"", ""flux_aper4"": ""Flux_Aper4"", ""fluxerr_aper4"": ""FluxErr_Aper4"", ""fwhm_px"": ""FWHM"", ""mag_aper4"": ""Mag_Aper4"", ""mag_aper8"": ""Mag_Aper8"", ""mag_kron"": ""Mag_Kron"", ""mag_psf"": ""Mag_PSF"", ""magerr_aper4"": ""MagErr_Aper4"", ""magerr_aper8"": ""MagErr_Aper8"", ""magerr_kron"": ""MagErr_Kron"", ""magerr_psf"": ""MagErr_PSF"", ""obj_id"": ""objID"", ""obs_dec_err_deg"": ""DECErr_Win"", ""obs_dec_psf_deg"": ""DEC_PSF"", ""obs_dec_win_deg"": ""DEC_Win"", ""obs_ra_err_deg"": ""RAErr_Win"", ""obs_ra_psf_deg"": ""RA_PSF"", ""obs_ra_win_deg"": ""RA_Win"", ""pred_dec_deg"": ""dec"", ""pred_geocentric_distance_au"": null, ""pred_heliocentric_distance_au"": null, ""pred_phase_angle_deg"": null, ""pred_ra_deg"": ""ra"", ""pred_solar_elongation_deg"": null, ""pred_v_mag"": ""mag"", ""x_win_px"": ""X_Win"", ""y_win_px"": ""Y_Win""}",[],"[""pred_heliocentric_distance_au"", ""pred_geocentric_distance_au"", ""pred_solar_elongation_deg"", ""pred_phase_angle_deg""]"
20260108,unknown_catalog,/processed1/20260108/L4/20260108_unknown_links.fits,True,ok,,,20160,2026-06-20T01:56:38.179955+00:00,1781920598179955493,84f351fb723f51950895edafbe6b541e41cb4d952e35f2208481caad160e827d,,,1,27,27,image_names,"{""a_au"": ""a_au"", ""argp_deg"": ""argp_deg"", ""best_v1_kms"": ""best_v1_kms"", ""decs_deg"": ""decs_deg"", ""ecc"": ""ecc"", ""exp_pairs"": ""exp_pairs"", ""fit_ok"": ""fit_ok"", ""groups"": ""groups"", ""image_names"": ""image_names"", ""inc_deg"": ""inc_deg"", ""is_good"": ""is_good"", ""lin_dir_deg"": ""lin_dir_deg"", ""lin_rms_arcsec"": ""lin_rms_arcsec"", ""lin_speed_arcsec_per_day"": ""lin_speed_arcsec_per_day"", ""linkage_id"": ""linkage_id"", ""max_arcsec"": ""max_arcsec"", ""med_arcsec"": ""med_arcsec"", ""mjds"": ""mjds"", ""n_obs"": ""n_obs"", ""n_tracklets"": ""n_tracklets"", ""nu_deg"": ""nu_deg"", ""objids"": ""objids"", ""raan_deg"": ""raan_deg"", ""ras_deg"": ""ras_deg"", ""rms_arcsec"": ""rms_arcsec"", ""tracklet_ids"": ""tracklet_ids"", ""trk_sub"": ""trk_sub""}",[],[]
20260108,orbit_links,/home/admin/pipeline/xiaoyunao/data/heliolincrr/20260108/rr_links/orbit_confirm/orbit_links.fits,True,ok,,,184320,2026-05-14T19:41:27.480904+00:00,1778787687480903793,ead43168697aaf27d7478aba14b516c8a902db0bbe12323759ef88ca49d95c10,,,1,468,468,,"{""a_au"": ""a_au"", ""argp_deg"": ""argp_deg"", ""best_rejected_max_v_kms"": ""best_rejected_max_v_kms"", ""best_v1_kms"": ""best_v1_kms"", ""ecc"": ""ecc"", ""fail_counts"": ""fail_counts"", ""fail_reason"": ""fail_reason"", ""final_max_v_kms"": ""final_max_v_kms"", ""fit_ok"": ""fit_ok"", ""hypo_r_au"": ""hypo_r_au"", ""hypo_rdd_au_day2"": ""hypo_rdd_au_day2"", ""hypo_rdot_au_day"": ""hypo_rdot_au_day"", ""inc_deg"": ""inc_deg"", ""inlier_tracklets"": ""inlier_tracklets"", ""is_good"": ""is_good"", ""lin_dir_deg"": ""lin_dir_deg"", ""lin_rms_arcsec"": ""lin_rms_arcsec"", ""lin_speed_arcsec_per_day"": ""lin_speed_arcsec_per_day"", ""linkage_id"": ""linkage_id"", ""max_arcsec"": ""max_arcsec"", ""med_arcsec"": ""med_arcsec"", ""min_rejected_max_v_kms"": ""min_rejected_max_v_kms"", ""n_nights"": ""n_nights"", ""n_obs"": ""n_obs"", ""n_tracklets"": ""n_tracklets"", ""nu_deg"": ""nu_deg"", ""pred_dec_deg"": ""pred_dec_deg"", ""pred_ra_deg"": ""pred_ra_deg"", ""raan_deg"": ""raan_deg"", ""rejected_tracklets"": ""rejected_tracklets"", ""rms_arcsec"": ""rms_arcsec"", ""seed_max_v_kms"": ""seed_max_v_kms"", ""seed_tracklets"": ""seed_tracklets""}",[],[]
20260108,orbit_obs_residuals,/home/admin/pipeline/xiaoyunao/data/heliolincrr/20260108/rr_links/orbit_confirm/orbit_obs_residuals.fits,True,ok,,,144000,2026-05-14T19:41:27.489799+00:00,1778787687489798578,d54176d298c97d210d27f6a10ea1887b396deaf627fa174b6110d780b59f8c98,,,1,1418,1418,,"{""dec_deg"": ""dec_deg"", ""linkage_id"": ""linkage_id"", ""mjd"": ""mjd"", ""obs_key"": ""obs_key"", ""ra_deg"": ""ra_deg"", ""resid_arcsec"": ""resid_arcsec"", ""tracklet_id"": ""tracklet_id"", ""used"": ""used""}",[],[]
20260109,known_all,/processed1/20260109/L4/20260109_all_asteroids.fits,True,ok_with_missing_optional,,,19103040,2026-06-19T11:33:44.945145+00:00,1781868824945145213,15f7888912922c5d01a12eecd162cc46fdec96d79b31bfdc7e35102a694558eb,,,1,97433,97433,source_file,"{""asteroid_name"": ""name"", ""asteroid_number"": ""number"", ""epoch_mjd"": ""epoch"", ""pred_dec_deg"": ""dec"", ""pred_geocentric_distance_au"": null, ""pred_heliocentric_distance_au"": null, ""pred_phase_angle_deg"": null, ""pred_ra_deg"": ""ra"", ""pred_solar_elongation_deg"": null, ""pred_v_mag"": ""mag""}",[],"[""pred_heliocentric_distance_au"", ""pred_geocentric_distance_au"", ""pred_solar_elongation_deg"", ""pred_phase_angle_deg""]"
20260109,known_matched,/processed1/20260109/L4/20260109_matched_asteroids.fits,True,ok_with_missing_optional,,,2139840,2026-06-19T11:33:45.566133+00:00,1781868825566133362,fe878bd71d7fc8597d6b19d76bb0d4f9311f5a27cbe6a73addf5bfc92c6991b6,,,1,2731,2731,source_file,"{""asteroid_name"": ""name"", ""asteroid_number"": ""number"", ""epoch_mjd"": ""epoch"", ""flag"": ""Flag"", ""flag_iso_num"": ""Flag_ISO_Num"", ""flux_aper4"": ""Flux_Aper4"", ""fluxerr_aper4"": ""FluxErr_Aper4"", ""fwhm_px"": ""FWHM"", ""mag_aper4"": ""Mag_Aper4"", ""mag_aper8"": ""Mag_Aper8"", ""mag_kron"": ""Mag_Kron"", ""mag_psf"": ""Mag_PSF"", ""magerr_aper4"": ""MagErr_Aper4"", ""magerr_aper8"": ""MagErr_Aper8"", ""magerr_kron"": ""MagErr_Kron"", ""magerr_psf"": ""MagErr_PSF"", ""obj_id"": ""objID"", ""obs_dec_err_deg"": ""DECErr_Win"", ""obs_dec_psf_deg"": ""DEC_PSF"", ""obs_dec_win_deg"": ""DEC_Win"", ""obs_ra_err_deg"": ""RAErr_Win"", ""obs_ra_psf_deg"": ""RA_PSF"", ""obs_ra_win_deg"": ""RA_Win"", ""pred_dec_deg"": ""dec"", ""pred_geocentric_distance_au"": null, ""pred_heliocentric_distance_au"": null, ""pred_phase_angle_deg"": null, ""pred_ra_deg"": ""ra"", ""pred_solar_elongation_deg"": null, ""pred_v_mag"": ""mag"", ""x_win_px"": ""X_Win"", ""y_win_px"": ""Y_Win""}",[],"[""pred_heliocentric_distance_au"", ""pred_geocentric_distance_au"", ""pred_solar_elongation_deg"", ""pred_phase_angle_deg""]"
20260109,known_mask15,/processed1/20260109/L4/20260109_matched_asteroids_mask15.fits,True,ok_with_missing_optional,,,2361600,2026-06-19T11:33:46.160122+00:00,1781868826160122027,ca60cbb571e3aafb6cd90e9bd4b9776ab2a820a1593cd41855df4913c574cea4,,,1,3017,3017,source_file,"{""asteroid_name"": ""name"", ""asteroid_number"": ""number"", ""epoch_mjd"": ""epoch"", ""flag"": ""Flag"", ""flag_iso_num"": ""Flag_ISO_Num"", ""flux_aper4"": ""Flux_Aper4"", ""fluxerr_aper4"": ""FluxErr_Aper4"", ""fwhm_px"": ""FWHM"", ""mag_aper4"": ""Mag_Aper4"", ""mag_aper8"": ""Mag_Aper8"", ""mag_kron"": ""Mag_Kron"", ""mag_psf"": ""Mag_PSF"", ""magerr_aper4"": ""MagErr_Aper4"", ""magerr_aper8"": ""MagErr_Aper8"", ""magerr_kron"": ""MagErr_Kron"", ""magerr_psf"": ""MagErr_PSF"", ""obj_id"": ""objID"", ""obs_dec_err_deg"": ""DECErr_Win"", ""obs_dec_psf_deg"": ""DEC_PSF"", ""obs_dec_win_deg"": ""DEC_Win"", ""obs_ra_err_deg"": ""RAErr_Win"", ""obs_ra_psf_deg"": ""RA_PSF"", ""obs_ra_win_deg"": ""RA_Win"", ""pred_dec_deg"": ""dec"", ""pred_geocentric_distance_au"": null, ""pred_heliocentric_distance_au"": null, ""pred_phase_angle_deg"": null, ""pred_ra_deg"": ""ra"", ""pred_solar_elongation_deg"": null, ""pred_v_mag"": ""mag"", ""x_win_px"": ""X_Win"", ""y_win_px"": ""Y_Win""}",[],"[""pred_heliocentric_distance_au"", ""pred_geocentric_distance_au"", ""pred_solar_elongation_deg"", ""pred_phase_angle_deg""]"
20260109,unknown_catalog,/processed1/20260109/L4/20260109_unknown_links.fits,True,ok,,,17280,2026-06-20T01:58:21.339959+00:00,1781920701339959400,e2b1e28b138cf05411dc92ed5d17efa6587db3d8994bce22b1a72e9c56a1f72d,,,1,17,17,image_names,"{""a_au"": ""a_au"", ""argp_deg"": ""argp_deg"", ""best_v1_kms"": ""best_v1_kms"", ""decs_deg"": ""decs_deg"", ""ecc"": ""ecc"", ""exp_pairs"": ""exp_pairs"", ""fit_ok"": ""fit_ok"", ""groups"": ""groups"", ""image_names"": ""image_names"", ""inc_deg"": ""inc_deg"", ""is_good"": ""is_good"", ""lin_dir_deg"": ""lin_dir_deg"", ""lin_rms_arcsec"": ""lin_rms_arcsec"", ""lin_speed_arcsec_per_day"": ""lin_speed_arcsec_per_day"", ""linkage_id"": ""linkage_id"", ""max_arcsec"": ""max_arcsec"", ""med_arcsec"": ""med_arcsec"", ""mjds"": ""mjds"", ""n_obs"": ""n_obs"", ""n_tracklets"": ""n_tracklets"", ""nu_deg"": ""nu_deg"", ""objids"": ""objids"", ""raan_deg"": ""raan_deg"", ""ras_deg"": ""ras_deg"", ""rms_arcsec"": ""rms_arcsec"", ""tracklet_ids"": ""tracklet_ids"", ""trk_sub"": ""trk_sub""}",[],[]
20260109,orbit_links,/home/admin/pipeline/xiaoyunao/data/heliolincrr/20260109/rr_links/orbit_confirm/orbit_links.fits,True,ok,,,112320,2026-05-14T19:50:34.582849+00:00,1778788234582848538,62fdd07f8e49edab96889256c851a99ebb19f784818abb1430cb64855d98c995,,,1,353,353,,"{""a_au"": ""a_au"", ""argp_deg"": ""argp_deg"", ""best_rejected_max_v_kms"": ""best_rejected_max_v_kms"", ""best_v1_kms"": ""best_v1_kms"", ""ecc"": ""ecc"", ""fail_counts"": ""fail_counts"", ""fail_reason"": ""fail_reason"", ""final_max_v_kms"": ""final_max_v_kms"", ""fit_ok"": ""fit_ok"", ""hypo_r_au"": ""hypo_r_au"", ""hypo_rdd_au_day2"": ""hypo_rdd_au_day2"", ""hypo_rdot_au_day"": ""hypo_rdot_au_day"", ""inc_deg"": ""inc_deg"", ""inlier_tracklets"": ""inlier_tracklets"", ""is_good"": ""is_good"", ""lin_dir_deg"": ""lin_dir_deg"", ""lin_rms_arcsec"": ""lin_rms_arcsec"", ""lin_speed_arcsec_per_day"": ""lin_speed_arcsec_per_day"", ""linkage_id"": ""linkage_id"", ""max_arcsec"": ""max_arcsec"", ""med_arcsec"": ""med_arcsec"", ""min_rejected_max_v_kms"": ""min_rejected_max_v_kms"", ""n_nights"": ""n_nights"", ""n_obs"": ""n_obs"", ""n_tracklets"": ""n_tracklets"", ""nu_deg"": ""nu_deg"", ""pred_dec_deg"": ""pred_dec_deg"", ""pred_ra_deg"": ""pred_ra_deg"", ""raan_deg"": ""raan_deg"", ""rejected_tracklets"": ""rejected_tracklets"", ""rms_arcsec"": ""rms_arcsec"", ""seed_max_v_kms"": ""seed_max_v_kms"", ""seed_tracklets"": ""seed_tracklets""}",[],[]
20260109,orbit_obs_residuals,/home/admin/pipeline/xiaoyunao/data/heliolincrr/20260109/rr_links/orbit_confirm/orbit_obs_residuals.fits,True,ok,,,115200,2026-05-14T19:50:34.591499+00:00,1778788234591499379,5161cb6f9b9766142b3d8d207b254c03047b0406d48fc12074a9adf4d250e6c2,,,1,1150,1150,,"{""dec_deg"": ""dec_deg"", ""linkage_id"": ""linkage_id"", ""mjd"": ""mjd"", ""obs_key"": ""obs_key"", ""ra_deg"": ""ra_deg"", ""resid_arcsec"": ""resid_arcsec"", ""tracklet_id"": ""tracklet_id"", ""used"": ""used""}",[],[]
20260110,known_all,/processed1/20260110/L4/20260110_all_asteroids.fits,True,ok_with_missing_optional,,,26280000,2026-06-19T11:42:02.757645+00:00,1781869322757645199,38da6ca720991deb5ca01e5a20250077dda7c2b118eb961d47a029e98f2b6954,,,1,134043,134043,source_file,"{""asteroid_name"": ""name"", ""asteroid_number"": ""number"", ""epoch_mjd"": ""epoch"", ""pred_dec_deg"": ""dec"", ""pred_geocentric_distance_au"": null, ""pred_heliocentric_distance_au"": null, ""pred_phase_angle_deg"": null, ""pred_ra_deg"": ""ra"", ""pred_solar_elongation_deg"": null, ""pred_v_mag"": ""mag""}",[],"[""pred_heliocentric_distance_au"", ""pred_geocentric_distance_au"", ""pred_solar_elongation_deg"", ""pred_phase_angle_deg""]"
20260110,known_matched,/processed1/20260110/L4/20260110_matched_asteroids.fits,True,ok_with_missing_optional,,,3522240,2026-06-19T11:42:03.620629+00:00,1781869323620628731,c76829189d839fbcc21468788db7d504ccb05e4155ded52aa230cae8be20be1e,,,1,4516,4516,source_file,"{""asteroid_name"": ""name"", ""asteroid_number"": ""number"", ""epoch_mjd"": ""epoch"", ""flag"": ""Flag"", ""flag_iso_num"": ""Flag_ISO_Num"", ""flux_aper4"": ""Flux_Aper4"", ""fluxerr_aper4"": ""FluxErr_Aper4"", ""fwhm_px"": ""FWHM"", ""mag_aper4"": ""Mag_Aper4"", ""mag_aper8"": ""Mag_Aper8"", ""mag_kron"": ""Mag_Kron"", ""mag_psf"": ""Mag_PSF"", ""magerr_aper4"": ""MagErr_Aper4"", ""magerr_aper8"": ""MagErr_Aper8"", ""magerr_kron"": ""MagErr_Kron"", ""magerr_psf"": ""MagErr_PSF"", ""obj_id"": ""objID"", ""obs_dec_err_deg"": ""DECErr_Win"", ""obs_dec_psf_deg"": ""DEC_PSF"", ""obs_dec_win_deg"": ""DEC_Win"", ""obs_ra_err_deg"": ""RAErr_Win"", ""obs_ra_psf_deg"": ""RA_PSF"", ""obs_ra_win_deg"": ""RA_Win"", ""pred_dec_deg"": ""dec"", ""pred_geocentric_distance_au"": null, ""pred_heliocentric_distance_au"": null, ""pred_phase_angle_deg"": null, ""pred_ra_deg"": ""ra"", ""pred_solar_elongation_deg"": null, ""pred_v_mag"": ""mag"", ""x_win_px"": ""X_Win"", ""y_win_px"": ""Y_Win""}",[],"[""pred_heliocentric_distance_au"", ""pred_geocentric_distance_au"", ""pred_solar_elongation_deg"", ""pred_phase_angle_deg""]"
20260110,known_mask15,/processed1/20260110/L4/20260110_matched_asteroids_mask15.fits,True,ok_with_missing_optional,,,3890880,2026-06-19T11:42:04.467613+00:00,1781869324467612567,8e7ff3432fdeb6d97a2085d9a8e0c5953d230d5453115b3cd87d0d1be4704484,,,1,4992,4992,source_file,"{""asteroid_name"": ""name"", ""asteroid_number"": ""number"", ""epoch_mjd"": ""epoch"", ""flag"": ""Flag"", ""flag_iso_num"": ""Flag_ISO_Num"", ""flux_aper4"": ""Flux_Aper4"", ""fluxerr_aper4"": ""FluxErr_Aper4"", ""fwhm_px"": ""FWHM"", ""mag_aper4"": ""Mag_Aper4"", ""mag_aper8"": ""Mag_Aper8"", ""mag_kron"": ""Mag_Kron"", ""mag_psf"": ""Mag_PSF"", ""magerr_aper4"": ""MagErr_Aper4"", ""magerr_aper8"": ""MagErr_Aper8"", ""magerr_kron"": ""MagErr_Kron"", ""magerr_psf"": ""MagErr_PSF"", ""obj_id"": ""objID"", ""obs_dec_err_deg"": ""DECErr_Win"", ""obs_dec_psf_deg"": ""DEC_PSF"", ""obs_dec_win_deg"": ""DEC_Win"", ""obs_ra_err_deg"": ""RAErr_Win"", ""obs_ra_psf_deg"": ""RA_PSF"", ""obs_ra_win_deg"": ""RA_Win"", ""pred_dec_deg"": ""dec"", ""pred_geocentric_distance_au"": null, ""pred_heliocentric_distance_au"": null, ""pred_phase_angle_deg"": null, ""pred_ra_deg"": ""ra"", ""pred_solar_elongation_deg"": null, ""pred_v_mag"": ""mag"", ""x_win_px"": ""X_Win"", ""y_win_px"": ""Y_Win""}",[],"[""pred_heliocentric_distance_au"", ""pred_geocentric_distance_au"", ""pred_solar_elongation_deg"", ""pred_phase_angle_deg""]"
20260110,unknown_catalog,/processed1/20260110/L4/20260110_unknown_links.fits,True,ok,,,23040,2026-06-20T01:59:05.339108+00:00,1781920745339108039,f167738bfe6751ec4fd2f6b409ca31b7caea776f9c0c64a31c8a473061bb69fb,,,1,29,29,image_names,"{""a_au"": ""a_au"", ""argp_deg"": ""argp_deg"", ""best_v1_kms"": ""best_v1_kms"", ""decs_deg"": ""decs_deg"", ""ecc"": ""ecc"", ""exp_pairs"": ""exp_pairs"", ""fit_ok"": ""fit_ok"", ""groups"": ""groups"", ""image_names"": ""image_names"", ""inc_deg"": ""inc_deg"", ""is_good"": ""is_good"", ""lin_dir_deg"": ""lin_dir_deg"", ""lin_rms_arcsec"": ""lin_rms_arcsec"", ""lin_speed_arcsec_per_day"": ""lin_speed_arcsec_per_day"", ""linkage_id"": ""linkage_id"", ""max_arcsec"": ""max_arcsec"", ""med_arcsec"": ""med_arcsec"", ""mjds"": ""mjds"", ""n_obs"": ""n_obs"", ""n_tracklets"": ""n_tracklets"", ""nu_deg"": ""nu_deg"", ""objids"": ""objids"", ""raan_deg"": ""raan_deg"", ""ras_deg"": ""ras_deg"", ""rms_arcsec"": ""rms_arcsec"", ""tracklet_ids"": ""tracklet_ids"", ""trk_sub"": ""trk_sub""}",[],[]
20260110,orbit_links,/home/admin/pipeline/xiaoyunao/data/heliolincrr/20260110/rr_links/orbit_confirm/orbit_links.fits,True,ok,,,178560,2026-05-14T19:57:28.284243+00:00,1778788648284242585,8f410bb35b2e71bf52bcb8e3cb035951fa7533acbce8f38a7bc24465632c5612,,,1,547,547,,"{""a_au"": ""a_au"", ""argp_deg"": ""argp_deg"", ""best_rejected_max_v_kms"": ""best_rejected_max_v_kms"", ""best_v1_kms"": ""best_v1_kms"", ""ecc"": ""ecc"", ""fail_counts"": ""fail_counts"", ""fail_reason"": ""fail_reason"", ""final_max_v_kms"": ""final_max_v_kms"", ""fit_ok"": ""fit_ok"", ""hypo_r_au"": ""hypo_r_au"", ""hypo_rdd_au_day2"": ""hypo_rdd_au_day2"", ""hypo_rdot_au_day"": ""hypo_rdot_au_day"", ""inc_deg"": ""inc_deg"", ""inlier_tracklets"": ""inlier_tracklets"", ""is_good"": ""is_good"", ""lin_dir_deg"": ""lin_dir_deg"", ""lin_rms_arcsec"": ""lin_rms_arcsec"", ""lin_speed_arcsec_per_day"": ""lin_speed_arcsec_per_day"", ""linkage_id"": ""linkage_id"", ""max_arcsec"": ""max_arcsec"", ""med_arcsec"": ""med_arcsec"", ""min_rejected_max_v_kms"": ""min_rejected_max_v_kms"", ""n_nights"": ""n_nights"", ""n_obs"": ""n_obs"", ""n_tracklets"": ""n_tracklets"", ""nu_deg"": ""nu_deg"", ""pred_dec_deg"": ""pred_dec_deg"", ""pred_ra_deg"": ""pred_ra_deg"", ""raan_deg"": ""raan_deg"", ""rejected_tracklets"": ""rejected_tracklets"", ""rms_arcsec"": ""rms_arcsec"", ""seed_max_v_kms"": ""seed_max_v_kms"", ""seed_tracklets"": ""seed_tracklets""}",[],[]
20260110,orbit_obs_residuals,/home/admin/pipeline/xiaoyunao/data/heliolincrr/20260110/rr_links/orbit_confirm/orbit_obs_residuals.fits,True,ok,,,167040,2026-05-14T19:57:28.293682+00:00,1778788648293681823,e512eb8394131b0265707a040fdaf610214e306ba4de9b57f64dd1ae9d4c9b81,,,1,1663,1663,,"{""dec_deg"": ""dec_deg"", ""linkage_id"": ""linkage_id"", ""mjd"": ""mjd"", ""obs_key"": ""obs_key"", ""ra_deg"": ""ra_deg"", ""resid_arcsec"": ""resid_arcsec"", ""tracklet_id"": ""tracklet_id"", ""used"": ""used""}",[],[]
20260111,known_all,/processed1/20260111/L4/20260111_all_asteroids.fits,True,ok_with_missing_optional,,,20790720,2026-06-19T11:49:27.036163+00:00,1781869767036163025,52e1337e5cc9b037e835194799636dc212fdfdf454be0f8623c3f26c13949a13,,,1,106042,106042,source_file,"{""asteroid_name"": ""name"", ""asteroid_number"": ""number"", ""epoch_mjd"": ""epoch"", ""pred_dec_deg"": ""dec"", ""pred_geocentric_distance_au"": null, ""pred_heliocentric_distance_au"": null, ""pred_phase_angle_deg"": null, ""pred_ra_deg"": ""ra"", ""pred_solar_elongation_deg"": null, ""pred_v_mag"": ""mag""}",[],"[""pred_heliocentric_distance_au"", ""pred_geocentric_distance_au"", ""pred_solar_elongation_deg"", ""pred_phase_angle_deg""]"
20260111,known_matched,/processed1/20260111/L4/20260111_matched_asteroids.fits,True,ok_with_missing_optional,,,167040,2026-06-19T11:49:27.357157+00:00,1781869767357156891,b67632b46e101133b05974fb967ef123d134a55bfb660ea508ae95cb982895bd,,,1,180,180,source_file,"{""asteroid_name"": ""name"", ""asteroid_number"": ""number"", ""epoch_mjd"": ""epoch"", ""flag"": ""Flag"", ""flag_iso_num"": ""Flag_ISO_Num"", ""flux_aper4"": ""Flux_Aper4"", ""fluxerr_aper4"": ""FluxErr_Aper4"", ""fwhm_px"": ""FWHM"", ""mag_aper4"": ""Mag_Aper4"", ""mag_aper8"": ""Mag_Aper8"", ""mag_kron"": ""Mag_Kron"", ""mag_psf"": ""Mag_PSF"", ""magerr_aper4"": ""MagErr_Aper4"", ""magerr_aper8"": ""MagErr_Aper8"", ""magerr_kron"": ""MagErr_Kron"", ""magerr_psf"": ""MagErr_PSF"", ""obj_id"": ""objID"", ""obs_dec_err_deg"": ""DECErr_Win"", ""obs_dec_psf_deg"": ""DEC_PSF"", ""obs_dec_win_deg"": ""DEC_Win"", ""obs_ra_err_deg"": ""RAErr_Win"", ""obs_ra_psf_deg"": ""RA_PSF"", ""obs_ra_win_deg"": ""RA_Win"", ""pred_dec_deg"": ""dec"", ""pred_geocentric_distance_au"": null, ""pred_heliocentric_distance_au"": null, ""pred_phase_angle_deg"": null, ""pred_ra_deg"": ""ra"", ""pred_solar_elongation_deg"": null, ""pred_v_mag"": ""mag"", ""x_win_px"": ""X_Win"", ""y_win_px"": ""Y_Win""}",[],"[""pred_heliocentric_distance_au"", ""pred_geocentric_distance_au"", ""pred_solar_elongation_deg"", ""pred_phase_angle_deg""]"
20260111,known_mask15,/processed1/20260111/L4/20260111_matched_asteroids_mask15.fits,True,ok_with_missing_optional,,,351360,2026-06-19T11:49:27.778149+00:00,1781869767778148845,19be2aee70cd59def72b7e900fff7b617ed0e584080920195cacd9114968b119,,,1,419,419,source_file,"{""asteroid_name"": ""name"", ""asteroid_number"": ""number"", ""epoch_mjd"": ""epoch"", ""flag"": ""Flag"", ""flag_iso_num"": ""Flag_ISO_Num"", ""flux_aper4"": ""Flux_Aper4"", ""fluxerr_aper4"": ""FluxErr_Aper4"", ""fwhm_px"": ""FWHM"", ""mag_aper4"": ""Mag_Aper4"", ""mag_aper8"": ""Mag_Aper8"", ""mag_kron"": ""Mag_Kron"", ""mag_psf"": ""Mag_PSF"", ""magerr_aper4"": ""MagErr_Aper4"", ""magerr_aper8"": ""MagErr_Aper8"", ""magerr_kron"": ""MagErr_Kron"", ""magerr_psf"": ""MagErr_PSF"", ""obj_id"": ""objID"", ""obs_dec_err_deg"": ""DECErr_Win"", ""obs_dec_psf_deg"": ""DEC_PSF"", ""obs_dec_win_deg"": ""DEC_Win"", ""obs_ra_err_deg"": ""RAErr_Win"", ""obs_ra_psf_deg"": ""RA_PSF"", ""obs_ra_win_deg"": ""RA_Win"", ""pred_dec_deg"": ""dec"", ""pred_geocentric_distance_au"": null, ""pred_heliocentric_distance_au"": null, ""pred_phase_angle_deg"": null, ""pred_ra_deg"": ""ra"", ""pred_solar_elongation_deg"": null, ""pred_v_mag"": ""mag"", ""x_win_px"": ""X_Win"", ""y_win_px"": ""Y_Win""}",[],"[""pred_heliocentric_distance_au"", ""pred_geocentric_distance_au"", ""pred_solar_elongation_deg"", ""pred_phase_angle_deg""]"
20260111,unknown_catalog,/processed1/20260111/L4/20260111_unknown_links.fits,False,missing,,,0,,0,,,,1,0,0,,{},[],[]
20260111,orbit_links,/home/admin/pipeline/xiaoyunao/data/heliolincrr/20260111/rr_links/orbit_confirm/orbit_links.fits,True,ok,,,129600,2026-05-14T20:08:07.484106+00:00,1778789287484105506,90ea708b096bf25e87490b346180a1847b5372cdae13cc6b517ffcad0db0eab3,,,1,378,378,,"{""a_au"": ""a_au"", ""argp_deg"": ""argp_deg"", ""best_rejected_max_v_kms"": ""best_rejected_max_v_kms"", ""best_v1_kms"": ""best_v1_kms"", ""ecc"": ""ecc"", ""fail_counts"": ""fail_counts"", ""fail_reason"": ""fail_reason"", ""final_max_v_kms"": ""final_max_v_kms"", ""fit_ok"": ""fit_ok"", ""hypo_r_au"": ""hypo_r_au"", ""hypo_rdd_au_day2"": ""hypo_rdd_au_day2"", ""hypo_rdot_au_day"": ""hypo_rdot_au_day"", ""inc_deg"": ""inc_deg"", ""inlier_tracklets"": ""inlier_tracklets"", ""is_good"": ""is_good"", ""lin_dir_deg"": ""lin_dir_deg"", ""lin_rms_arcsec"": ""lin_rms_arcsec"", ""lin_speed_arcsec_per_day"": ""lin_speed_arcsec_per_day"", ""linkage_id"": ""linkage_id"", ""max_arcsec"": ""max_arcsec"", ""med_arcsec"": ""med_arcsec"", ""min_rejected_max_v_kms"": ""min_rejected_max_v_kms"", ""n_nights"": ""n_nights"", ""n_obs"": ""n_obs"", ""n_tracklets"": ""n_tracklets"", ""nu_deg"": ""nu_deg"", ""pred_dec_deg"": ""pred_dec_deg"", ""pred_ra_deg"": ""pred_ra_deg"", ""raan_deg"": ""raan_deg"", ""rejected_tracklets"": ""rejected_tracklets"", ""rms_arcsec"": ""rms_arcsec"", ""seed_max_v_kms"": ""seed_max_v_kms"", ""seed_tracklets"": ""seed_tracklets""}",[],[]
20260111,orbit_obs_residuals,/home/admin/pipeline/xiaoyunao/data/heliolincrr/20260111/rr_links/orbit_confirm/orbit_obs_residuals.fits,True,ok,,,118080,2026-05-14T20:08:07.493626+00:00,1778789287493625610,944deb5bd45239268070dbb6fbc03efcf9ca1e5c1f9517f1a7f50623f7cd40e8,,,1,1143,1143,,"{""dec_deg"": ""dec_deg"", ""linkage_id"": ""linkage_id"", ""mjd"": ""mjd"", ""obs_key"": ""obs_key"", ""ra_deg"": ""ra_deg"", ""resid_arcsec"": ""resid_arcsec"", ""tracklet_id"": ""tracklet_id"", ""used"": ""used""}",[],[]
20260112,known_all,/processed1/20260112/L4/20260112_all_asteroids.fits,True,ok_with_missing_optional,,,17856000,2026-06-19T11:56:10.689449+00:00,1781870170689448844,09d8ef4310fbbd967f8c4119d167658e58b0dd74c326269ff17823f9c15cff84,,,1,91060,91060,source_file,"{""asteroid_name"": ""name"", ""asteroid_number"": ""number"", ""epoch_mjd"": ""epoch"", ""pred_dec_deg"": ""dec"", ""pred_geocentric_distance_au"": null, ""pred_heliocentric_distance_au"": null, ""pred_phase_angle_deg"": null, ""pred_ra_deg"": ""ra"", ""pred_solar_elongation_deg"": null, ""pred_v_mag"": ""mag""}",[],"[""pred_heliocentric_distance_au"", ""pred_geocentric_distance_au"", ""pred_solar_elongation_deg"", ""pred_phase_angle_deg""]"
20260112,known_matched,/processed1/20260112/L4/20260112_matched_asteroids.fits,True,ok_with_missing_optional,,,3818880,2026-06-19T11:56:11.334436+00:00,1781870171334436518,0bfef6fd863a5c865e7af59ecbe09e56f18ee6ec2606b4652b21da9043466438,,,1,4900,4900,source_file,"{""asteroid_name"": ""name"", ""asteroid_number"": ""number"", ""epoch_mjd"": ""epoch"", ""flag"": ""Flag"", ""flag_iso_num"": ""Flag_ISO_Num"", ""flux_aper4"": ""Flux_Aper4"", ""fluxerr_aper4"": ""FluxErr_Aper4"", ""fwhm_px"": ""FWHM"", ""mag_aper4"": ""Mag_Aper4"", ""mag_aper8"": ""Mag_Aper8"", ""mag_kron"": ""Mag_Kron"", ""mag_psf"": ""Mag_PSF"", ""magerr_aper4"": ""MagErr_Aper4"", ""magerr_aper8"": ""MagErr_Aper8"", ""magerr_kron"": ""MagErr_Kron"", ""magerr_psf"": ""MagErr_PSF"", ""obj_id"": ""objID"", ""obs_dec_err_deg"": ""DECErr_Win"", ""obs_dec_psf_deg"": ""DEC_PSF"", ""obs_dec_win_deg"": ""DEC_Win"", ""obs_ra_err_deg"": ""RAErr_Win"", ""obs_ra_psf_deg"": ""RA_PSF"", ""obs_ra_win_deg"": ""RA_Win"", ""pred_dec_deg"": ""dec"", ""pred_geocentric_distance_au"": null, ""pred_heliocentric_distance_au"": null, ""pred_phase_angle_deg"": null, ""pred_ra_deg"": ""ra"", ""pred_solar_elongation_deg"": null, ""pred_v_mag"": ""mag"", ""x_win_px"": ""X_Win"", ""y_win_px"": ""Y_Win""}",[],"[""pred_heliocentric_distance_au"", ""pred_geocentric_distance_au"", ""pred_solar_elongation_deg"", ""pred_phase_angle_deg""]"
20260112,known_mask15,/processed1/20260112/L4/20260112_matched_asteroids_mask15.fits,True,ok_with_missing_optional,,,4253760,2026-06-19T11:56:11.963424+00:00,1781870171963424498,e301108768894f84716077e1f520eefd45c21ec12494ba85ee4f7830791dcf57,,,1,5459,5459,source_file,"{""asteroid_name"": ""name"", ""asteroid_number"": ""number"", ""epoch_mjd"": ""epoch"", ""flag"": ""Flag"", ""flag_iso_num"": ""Flag_ISO_Num"", ""flux_aper4"": ""Flux_Aper4"", ""fluxerr_aper4"": ""FluxErr_Aper4"", ""fwhm_px"": ""FWHM"", ""mag_aper4"": ""Mag_Aper4"", ""mag_aper8"": ""Mag_Aper8"", ""mag_kron"": ""Mag_Kron"", ""mag_psf"": ""Mag_PSF"", ""magerr_aper4"": ""MagErr_Aper4"", ""magerr_aper8"": ""MagErr_Aper8"", ""magerr_kron"": ""MagErr_Kron"", ""magerr_psf"": ""MagErr_PSF"", ""obj_id"": ""objID"", ""obs_dec_err_deg"": ""DECErr_Win"", ""obs_dec_psf_deg"": ""DEC_PSF"", ""obs_dec_win_deg"": ""DEC_Win"", ""obs_ra_err_deg"": ""RAErr_Win"", ""obs_ra_psf_deg"": ""RA_PSF"", ""obs_ra_win_deg"": ""RA_Win"", ""pred_dec_deg"": ""dec"", ""pred_geocentric_distance_au"": null, ""pred_heliocentric_distance_au"": null, ""pred_phase_angle_deg"": null, ""pred_ra_deg"": ""ra"", ""pred_solar_elongation_deg"": null, ""pred_v_mag"": ""mag"", ""x_win_px"": ""X_Win"", ""y_win_px"": ""Y_Win""}",[],"[""pred_heliocentric_distance_au"", ""pred_geocentric_distance_au"", ""pred_solar_elongation_deg"", ""pred_phase_angle_deg""]"
20260112,unknown_catalog,/processed1/20260112/L4/20260112_unknown_links.fits,True,ok,,,17280,2026-06-20T02:00:43.942200+00:00,1781920843942200119,b43426dd35b49fc44c04686a80c96c7d896bdfd0faaf1ff1f28f6014eb40a815,,,1,17,17,image_names,"{""a_au"": ""a_au"", ""argp_deg"": ""argp_deg"", ""best_v1_kms"": ""best_v1_kms"", ""decs_deg"": ""decs_deg"", ""ecc"": ""ecc"", ""exp_pairs"": ""exp_pairs"", ""fit_ok"": ""fit_ok"", ""groups"": ""groups"", ""image_names"": ""image_names"", ""inc_deg"": ""inc_deg"", ""is_good"": ""is_good"", ""lin_dir_deg"": ""lin_dir_deg"", ""lin_rms_arcsec"": ""lin_rms_arcsec"", ""lin_speed_arcsec_per_day"": ""lin_speed_arcsec_per_day"", ""linkage_id"": ""linkage_id"", ""max_arcsec"": ""max_arcsec"", ""med_arcsec"": ""med_arcsec"", ""mjds"": ""mjds"", ""n_obs"": ""n_obs"", ""n_tracklets"": ""n_tracklets"", ""nu_deg"": ""nu_deg"", ""objids"": ""objids"", ""raan_deg"": ""raan_deg"", ""ras_deg"": ""ras_deg"", ""rms_arcsec"": ""rms_arcsec"", ""tracklet_ids"": ""tracklet_ids"", ""trk_sub"": ""trk_sub""}",[],[]
20260112,orbit_links,/home/admin/pipeline/xiaoyunao/data/heliolincrr/20260112/rr_links/orbit_confirm/orbit_links.fits,True,ok,,,146880,2026-05-14T20:11:00.051942+00:00,1778789460051942265,481d4e422616214d057125c291cd58515479b3ed0e01a0032b1894e2725c06ef,,,1,441,441,,"{""a_au"": ""a_au"", ""argp_deg"": ""argp_deg"", ""best_rejected_max_v_kms"": ""best_rejected_max_v_kms"", ""best_v1_kms"": ""best_v1_kms"", ""ecc"": ""ecc"", ""fail_counts"": ""fail_counts"", ""fail_reason"": ""fail_reason"", ""final_max_v_kms"": ""final_max_v_kms"", ""fit_ok"": ""fit_ok"", ""hypo_r_au"": ""hypo_r_au"", ""hypo_rdd_au_day2"": ""hypo_rdd_au_day2"", ""hypo_rdot_au_day"": ""hypo_rdot_au_day"", ""inc_deg"": ""inc_deg"", ""inlier_tracklets"": ""inlier_tracklets"", ""is_good"": ""is_good"", ""lin_dir_deg"": ""lin_dir_deg"", ""lin_rms_arcsec"": ""lin_rms_arcsec"", ""lin_speed_arcsec_per_day"": ""lin_speed_arcsec_per_day"", ""linkage_id"": ""linkage_id"", ""max_arcsec"": ""max_arcsec"", ""med_arcsec"": ""med_arcsec"", ""min_rejected_max_v_kms"": ""min_rejected_max_v_kms"", ""n_nights"": ""n_nights"", ""n_obs"": ""n_obs"", ""n_tracklets"": ""n_tracklets"", ""nu_deg"": ""nu_deg"", ""pred_dec_deg"": ""pred_dec_deg"", ""pred_ra_deg"": ""pred_ra_deg"", ""raan_deg"": ""raan_deg"", ""rejected_tracklets"": ""rejected_tracklets"", ""rms_arcsec"": ""rms_arcsec"", ""seed_max_v_kms"": ""seed_max_v_kms"", ""seed_tracklets"": ""seed_tracklets""}",[],[]
20260112,orbit_obs_residuals,/home/admin/pipeline/xiaoyunao/data/heliolincrr/20260112/rr_links/orbit_confirm/orbit_obs_residuals.fits,True,ok,,,135360,2026-05-14T20:11:00.060928+00:00,1778789460060927858,668fc65f4417b2217a669249d9cbc02d2289056eb1d088a7184ace27ebf93d9f,,,1,1335,1335,,"{""dec_deg"": ""dec_deg"", ""linkage_id"": ""linkage_id"", ""mjd"": ""mjd"", ""obs_key"": ""obs_key"", ""ra_deg"": ""ra_deg"", ""resid_arcsec"": ""resid_arcsec"", ""tracklet_id"": ""tracklet_id"", ""used"": ""used""}",[],[]
20260113,known_all,/processed1/20260113/L4/20260113_all_asteroids.fits,False,missing,,,0,,0,,,,1,0,0,,{},[],[]
20260113,known_matched,/processed1/20260113/L4/20260113_matched_asteroids.fits,False,missing,,,0,,0,,,,1,0,0,,{},[],[]
20260113,known_mask15,/processed1/20260113/L4/20260113_matched_asteroids_mask15.fits,False,missing,,,0,,0,,,,1,0,0,,{},[],[]
20260113,unknown_catalog,/processed1/20260113/L4/20260113_unknown_links.fits,False,missing,,,0,,0,,,,1,0,0,,{},[],[]
20260113,orbit_links,/home/admin/pipeline/xiaoyunao/data/heliolincrr/20260113/rr_links/orbit_confirm/orbit_links.fits,False,missing,,,0,,0,,,,1,0,0,,{},[],[]
20260113,orbit_obs_residuals,/home/admin/pipeline/xiaoyunao/data/heliolincrr/20260113/rr_links/orbit_confirm/orbit_obs_residuals.fits,False,missing,,,0,,0,,,,1,0,0,,{},[],[]
20260114,known_all,/processed1/20260114/L4/20260114_all_asteroids.fits,True,ok_with_missing_optional,,,30991680,2026-06-19T12:05:22.963896+00:00,1781870722963895510,d0c4891d21ee1f2ef58b179d8d082c2e0897a0ad452ea6b77a845d528ae5369b,,,1,158086,158086,source_file,"{""asteroid_name"": ""name"", ""asteroid_number"": ""number"", ""epoch_mjd"": ""epoch"", ""pred_dec_deg"": ""dec"", ""pred_geocentric_distance_au"": null, ""pred_heliocentric_distance_au"": null, ""pred_phase_angle_deg"": null, ""pred_ra_deg"": ""ra"", ""pred_solar_elongation_deg"": null, ""pred_v_mag"": ""mag""}",[],"[""pred_heliocentric_distance_au"", ""pred_geocentric_distance_au"", ""pred_solar_elongation_deg"", ""pred_phase_angle_deg""]"
20260114,known_matched,/processed1/20260114/L4/20260114_matched_asteroids.fits,True,ok_with_missing_optional,,,7381440,2026-06-19T12:05:23.914877+00:00,1781870723914877352,03578fb74048b51e69319915b3ac7785d57298a9c62d34754b881b04711a70f6,,,1,9501,9501,source_file,"{""asteroid_name"": ""name"", ""asteroid_number"": ""number"", ""epoch_mjd"": ""epoch"", ""flag"": ""Flag"", ""flag_iso_num"": ""Flag_ISO_Num"", ""flux_aper4"": ""Flux_Aper4"", ""fluxerr_aper4"": ""FluxErr_Aper4"", ""fwhm_px"": ""FWHM"", ""mag_aper4"": ""Mag_Aper4"", ""mag_aper8"": ""Mag_Aper8"", ""mag_kron"": ""Mag_Kron"", ""mag_psf"": ""Mag_PSF"", ""magerr_aper4"": ""MagErr_Aper4"", ""magerr_aper8"": ""MagErr_Aper8"", ""magerr_kron"": ""MagErr_Kron"", ""magerr_psf"": ""MagErr_PSF"", ""obj_id"": ""objID"", ""obs_dec_err_deg"": ""DECErr_Win"", ""obs_dec_psf_deg"": ""DEC_PSF"", ""obs_dec_win_deg"": ""DEC_Win"", ""obs_ra_err_deg"": ""RAErr_Win"", ""obs_ra_psf_deg"": ""RA_PSF"", ""obs_ra_win_deg"": ""RA_Win"", ""pred_dec_deg"": ""dec"", ""pred_geocentric_distance_au"": null, ""pred_heliocentric_distance_au"": null, ""pred_phase_angle_deg"": null, ""pred_ra_deg"": ""ra"", ""pred_solar_elongation_deg"": null, ""pred_v_mag"": ""mag"", ""x_win_px"": ""X_Win"", ""y_win_px"": ""Y_Win""}",[],"[""pred_heliocentric_distance_au"", ""pred_geocentric_distance_au"", ""pred_solar_elongation_deg"", ""pred_phase_angle_deg""]"
20260114,known_mask15,/processed1/20260114/L4/20260114_matched_asteroids_mask15.fits,True,ok_with_missing_optional,,,7905600,2026-06-19T12:05:24.829860+00:00,1781870724829859882,b28dd85487eb82a9b28e0f1ca8c1f3dd2ee004cc3b8423eb24012390fd6c23c9,,,1,10177,10177,source_file,"{""asteroid_name"": ""name"", ""asteroid_number"": ""number"", ""epoch_mjd"": ""epoch"", ""flag"": ""Flag"", ""flag_iso_num"": ""Flag_ISO_Num"", ""flux_aper4"": ""Flux_Aper4"", ""fluxerr_aper4"": ""FluxErr_Aper4"", ""fwhm_px"": ""FWHM"", ""mag_aper4"": ""Mag_Aper4"", ""mag_aper8"": ""Mag_Aper8"", ""mag_kron"": ""Mag_Kron"", ""mag_psf"": ""Mag_PSF"", ""magerr_aper4"": ""MagErr_Aper4"", ""magerr_aper8"": ""MagErr_Aper8"", ""magerr_kron"": ""MagErr_Kron"", ""magerr_psf"": ""MagErr_PSF"", ""obj_id"": ""objID"", ""obs_dec_err_deg"": ""DECErr_Win"", ""obs_dec_psf_deg"": ""DEC_PSF"", ""obs_dec_win_deg"": ""DEC_Win"", ""obs_ra_err_deg"": ""RAErr_Win"", ""obs_ra_psf_deg"": ""RA_PSF"", ""obs_ra_win_deg"": ""RA_Win"", ""pred_dec_deg"": ""dec"", ""pred_geocentric_distance_au"": null, ""pred_heliocentric_distance_au"": null, ""pred_phase_angle_deg"": null, ""pred_ra_deg"": ""ra"", ""pred_solar_elongation_deg"": null, ""pred_v_mag"": ""mag"", ""x_win_px"": ""X_Win"", ""y_win_px"": ""Y_Win""}",[],"[""pred_heliocentric_distance_au"", ""pred_geocentric_distance_au"", ""pred_solar_elongation_deg"", ""pred_phase_angle_deg""]"
20260114,unknown_catalog,/processed1/20260114/L4/20260114_unknown_links.fits,True,ok,,,34560,2026-06-20T02:02:33.686077+00:00,1781920953686076632,164a4ca4e5475cf299020a9d5019bcf56120807ec2102faf923668008ed55a39,,,1,62,62,image_names,"{""a_au"": ""a_au"", ""argp_deg"": ""argp_deg"", ""best_v1_kms"": ""best_v1_kms"", ""decs_deg"": ""decs_deg"", ""ecc"": ""ecc"", ""exp_pairs"": ""exp_pairs"", ""fit_ok"": ""fit_ok"", ""groups"": ""groups"", ""image_names"": ""image_names"", ""inc_deg"": ""inc_deg"", ""is_good"": ""is_good"", ""lin_dir_deg"": ""lin_dir_deg"", ""lin_rms_arcsec"": ""lin_rms_arcsec"", ""lin_speed_arcsec_per_day"": ""lin_speed_arcsec_per_day"", ""linkage_id"": ""linkage_id"", ""max_arcsec"": ""max_arcsec"", ""med_arcsec"": ""med_arcsec"", ""mjds"": ""mjds"", ""n_obs"": ""n_obs"", ""n_tracklets"": ""n_tracklets"", ""nu_deg"": ""nu_deg"", ""objids"": ""objids"", ""raan_deg"": ""raan_deg"", ""ras_deg"": ""ras_deg"", ""rms_arcsec"": ""rms_arcsec"", ""tracklet_ids"": ""tracklet_ids"", ""trk_sub"": ""trk_sub""}",[],[]
20260114,orbit_links,/home/admin/pipeline/xiaoyunao/data/heliolincrr/20260114/rr_links/orbit_confirm/orbit_links.fits,True,ok,,,391680,2026-05-14T20:21:01.578115+00:00,1778790061578114531,7cd7ad1fb396d9b3f806407f27ef853ac5469cdda7b2a6be0294048dcb359713,,,1,1160,1160,,"{""a_au"": ""a_au"", ""argp_deg"": ""argp_deg"", ""best_rejected_max_v_kms"": ""best_rejected_max_v_kms"", ""best_v1_kms"": ""best_v1_kms"", ""ecc"": ""ecc"", ""fail_counts"": ""fail_counts"", ""fail_reason"": ""fail_reason"", ""final_max_v_kms"": ""final_max_v_kms"", ""fit_ok"": ""fit_ok"", ""hypo_r_au"": ""hypo_r_au"", ""hypo_rdd_au_day2"": ""hypo_rdd_au_day2"", ""hypo_rdot_au_day"": ""hypo_rdot_au_day"", ""inc_deg"": ""inc_deg"", ""inlier_tracklets"": ""inlier_tracklets"", ""is_good"": ""is_good"", ""lin_dir_deg"": ""lin_dir_deg"", ""lin_rms_arcsec"": ""lin_rms_arcsec"", ""lin_speed_arcsec_per_day"": ""lin_speed_arcsec_per_day"", ""linkage_id"": ""linkage_id"", ""max_arcsec"": ""max_arcsec"", ""med_arcsec"": ""med_arcsec"", ""min_rejected_max_v_kms"": ""min_rejected_max_v_kms"", ""n_nights"": ""n_nights"", ""n_obs"": ""n_obs"", ""n_tracklets"": ""n_tracklets"", ""nu_deg"": ""nu_deg"", ""pred_dec_deg"": ""pred_dec_deg"", ""pred_ra_deg"": ""pred_ra_deg"", ""raan_deg"": ""raan_deg"", ""rejected_tracklets"": ""rejected_tracklets"", ""rms_arcsec"": ""rms_arcsec"", ""seed_max_v_kms"": ""seed_max_v_kms"", ""seed_tracklets"": ""seed_tracklets""}",[],[]
20260114,orbit_obs_residuals,/home/admin/pipeline/xiaoyunao/data/heliolincrr/20260114/rr_links/orbit_confirm/orbit_obs_residuals.fits,True,ok,,,342720,2026-05-14T20:21:01.590115+00:00,1778790061590114694,c19c206a5cf0f20dec8bc7b4849980ca7fadf6c6d716beddf07fa1ba014b5e58,,,1,3505,3505,,"{""dec_deg"": ""dec_deg"", ""linkage_id"": ""linkage_id"", ""mjd"": ""mjd"", ""obs_key"": ""obs_key"", ""ra_deg"": ""ra_deg"", ""resid_arcsec"": ""resid_arcsec"", ""tracklet_id"": ""tracklet_id"", ""used"": ""used""}",[],[]
20260115,known_all,/processed1/20260115/L4/20260115_all_asteroids.fits,True,ok_with_missing_optional,,,29655360,2026-06-19T12:14:25.121544+00:00,1781871265121543800,391ccbdbbd33cacc4c6cd6aba6199c4b6b63c92857fac6d6cec3ff9002e1f7af,,,1,151260,151260,source_file,"{""asteroid_name"": ""name"", ""asteroid_number"": ""number"", ""epoch_mjd"": ""epoch"", ""pred_dec_deg"": ""dec"", ""pred_geocentric_distance_au"": null, ""pred_heliocentric_distance_au"": null, ""pred_phase_angle_deg"": null, ""pred_ra_deg"": ""ra"", ""pred_solar_elongation_deg"": null, ""pred_v_mag"": ""mag""}",[],"[""pred_heliocentric_distance_au"", ""pred_geocentric_distance_au"", ""pred_solar_elongation_deg"", ""pred_phase_angle_deg""]"
20260115,known_matched,/processed1/20260115/L4/20260115_matched_asteroids.fits,True,ok_with_missing_optional,,,3954240,2026-06-19T12:14:26.037526+00:00,1781871266037526310,8caaf9361b7a557e0147bdb0d7ef04f21789ac1ce42cfde565da58f113f05301,,,1,5072,5072,source_file,"{""asteroid_name"": ""name"", ""asteroid_number"": ""number"", ""epoch_mjd"": ""epoch"", ""flag"": ""Flag"", ""flag_iso_num"": ""Flag_ISO_Num"", ""flux_aper4"": ""Flux_Aper4"", ""fluxerr_aper4"": ""FluxErr_Aper4"", ""fwhm_px"": ""FWHM"", ""mag_aper4"": ""Mag_Aper4"", ""mag_aper8"": ""Mag_Aper8"", ""mag_kron"": ""Mag_Kron"", ""mag_psf"": ""Mag_PSF"", ""magerr_aper4"": ""MagErr_Aper4"", ""magerr_aper8"": ""MagErr_Aper8"", ""magerr_kron"": ""MagErr_Kron"", ""magerr_psf"": ""MagErr_PSF"", ""obj_id"": ""objID"", ""obs_dec_err_deg"": ""DECErr_Win"", ""obs_dec_psf_deg"": ""DEC_PSF"", ""obs_dec_win_deg"": ""DEC_Win"", ""obs_ra_err_deg"": ""RAErr_Win"", ""obs_ra_psf_deg"": ""RA_PSF"", ""obs_ra_win_deg"": ""RA_Win"", ""pred_dec_deg"": ""dec"", ""pred_geocentric_distance_au"": null, ""pred_heliocentric_distance_au"": null, ""pred_phase_angle_deg"": null, ""pred_ra_deg"": ""ra"", ""pred_solar_elongation_deg"": null, ""pred_v_mag"": ""mag"", ""x_win_px"": ""X_Win"", ""y_win_px"": ""Y_Win""}",[],"[""pred_heliocentric_distance_au"", ""pred_geocentric_distance_au"", ""pred_solar_elongation_deg"", ""pred_phase_angle_deg""]"
20260115,known_mask15,/processed1/20260115/L4/20260115_matched_asteroids_mask15.fits,True,ok_with_missing_optional,,,4340160,2026-06-19T12:14:26.924509+00:00,1781871266924509375,341ad3db35f4fae8b7c4879c7f65850fe4b248c512fa3271087c1fb1fd349d33,,,1,5572,5572,source_file,"{""asteroid_name"": ""name"", ""asteroid_number"": ""number"", ""epoch_mjd"": ""epoch"", ""flag"": ""Flag"", ""flag_iso_num"": ""Flag_ISO_Num"", ""flux_aper4"": ""Flux_Aper4"", ""fluxerr_aper4"": ""FluxErr_Aper4"", ""fwhm_px"": ""FWHM"", ""mag_aper4"": ""Mag_Aper4"", ""mag_aper8"": ""Mag_Aper8"", ""mag_kron"": ""Mag_Kron"", ""mag_psf"": ""Mag_PSF"", ""magerr_aper4"": ""MagErr_Aper4"", ""magerr_aper8"": ""MagErr_Aper8"", ""magerr_kron"": ""MagErr_Kron"", ""magerr_psf"": ""MagErr_PSF"", ""obj_id"": ""objID"", ""obs_dec_err_deg"": ""DECErr_Win"", ""obs_dec_psf_deg"": ""DEC_PSF"", ""obs_dec_win_deg"": ""DEC_Win"", ""obs_ra_err_deg"": ""RAErr_Win"", ""obs_ra_psf_deg"": ""RA_PSF"", ""obs_ra_win_deg"": ""RA_Win"", ""pred_dec_deg"": ""dec"", ""pred_geocentric_distance_au"": null, ""pred_heliocentric_distance_au"": null, ""pred_phase_angle_deg"": null, ""pred_ra_deg"": ""ra"", ""pred_solar_elongation_deg"": null, ""pred_v_mag"": ""mag"", ""x_win_px"": ""X_Win"", ""y_win_px"": ""Y_Win""}",[],"[""pred_heliocentric_distance_au"", ""pred_geocentric_distance_au"", ""pred_solar_elongation_deg"", ""pred_phase_angle_deg""]"
20260115,unknown_catalog,/processed1/20260115/L4/20260115_unknown_links.fits,True,ok,,,28800,2026-06-20T02:06:04.964988+00:00,1781921164964988493,961474d81d63330956d6849848daf723f30aa3bc9d2853af1804b7da9953ae45,,,1,47,47,image_names,"{""a_au"": ""a_au"", ""argp_deg"": ""argp_deg"", ""best_v1_kms"": ""best_v1_kms"", ""decs_deg"": ""decs_deg"", ""ecc"": ""ecc"", ""exp_pairs"": ""exp_pairs"", ""fit_ok"": ""fit_ok"", ""groups"": ""groups"", ""image_names"": ""image_names"", ""inc_deg"": ""inc_deg"", ""is_good"": ""is_good"", ""lin_dir_deg"": ""lin_dir_deg"", ""lin_rms_arcsec"": ""lin_rms_arcsec"", ""lin_speed_arcsec_per_day"": ""lin_speed_arcsec_per_day"", ""linkage_id"": ""linkage_id"", ""max_arcsec"": ""max_arcsec"", ""med_arcsec"": ""med_arcsec"", ""mjds"": ""mjds"", ""n_obs"": ""n_obs"", ""n_tracklets"": ""n_tracklets"", ""nu_deg"": ""nu_deg"", ""objids"": ""objids"", ""raan_deg"": ""raan_deg"", ""ras_deg"": ""ras_deg"", ""rms_arcsec"": ""rms_arcsec"", ""tracklet_ids"": ""tracklet_ids"", ""trk_sub"": ""trk_sub""}",[],[]
20260115,orbit_links,/home/admin/pipeline/xiaoyunao/data/heliolincrr/20260115/rr_links/orbit_confirm/orbit_links.fits,True,ok,,,241920,2026-05-14T20:43:44.616015+00:00,1778791424616014829,e5d0d82967aa369c0663928e7ce7804cde2279354006bd70ec945e64b56d23bb,,,1,591,591,,"{""a_au"": ""a_au"", ""argp_deg"": ""argp_deg"", ""best_rejected_max_v_kms"": ""best_rejected_max_v_kms"", ""best_v1_kms"": ""best_v1_kms"", ""ecc"": ""ecc"", ""fail_counts"": ""fail_counts"", ""fail_reason"": ""fail_reason"", ""final_max_v_kms"": ""final_max_v_kms"", ""fit_ok"": ""fit_ok"", ""hypo_r_au"": ""hypo_r_au"", ""hypo_rdd_au_day2"": ""hypo_rdd_au_day2"", ""hypo_rdot_au_day"": ""hypo_rdot_au_day"", ""inc_deg"": ""inc_deg"", ""inlier_tracklets"": ""inlier_tracklets"", ""is_good"": ""is_good"", ""lin_dir_deg"": ""lin_dir_deg"", ""lin_rms_arcsec"": ""lin_rms_arcsec"", ""lin_speed_arcsec_per_day"": ""lin_speed_arcsec_per_day"", ""linkage_id"": ""linkage_id"", ""max_arcsec"": ""max_arcsec"", ""med_arcsec"": ""med_arcsec"", ""min_rejected_max_v_kms"": ""min_rejected_max_v_kms"", ""n_nights"": ""n_nights"", ""n_obs"": ""n_obs"", ""n_tracklets"": ""n_tracklets"", ""nu_deg"": ""nu_deg"", ""pred_dec_deg"": ""pred_dec_deg"", ""pred_ra_deg"": ""pred_ra_deg"", ""raan_deg"": ""raan_deg"", ""rejected_tracklets"": ""rejected_tracklets"", ""rms_arcsec"": ""rms_arcsec"", ""seed_max_v_kms"": ""seed_max_v_kms"", ""seed_tracklets"": ""seed_tracklets""}",[],[]
20260115,orbit_obs_residuals,/home/admin/pipeline/xiaoyunao/data/heliolincrr/20260115/rr_links/orbit_confirm/orbit_obs_residuals.fits,True,ok,,,178560,2026-05-14T20:43:44.625688+00:00,1778791424625687797,e21677d3e6ebc04f4d7a71410576446ae583f92928b47589ebc0f414e549a73b,,,1,1782,1782,,"{""dec_deg"": ""dec_deg"", ""linkage_id"": ""linkage_id"", ""mjd"": ""mjd"", ""obs_key"": ""obs_key"", ""ra_deg"": ""ra_deg"", ""resid_arcsec"": ""resid_arcsec"", ""tracklet_id"": ""tracklet_id"", ""used"": ""used""}",[],[]
20260116,known_all,/processed1/20260116/L4/20260116_all_asteroids.fits,True,ok_with_missing_optional,,,27362880,2026-06-19T12:22:20.872459+00:00,1781871740872459369,f78b5bf219fc526b90a75785a5f8bade64f85ad1c12edfa3a92648ed43b874a7,,,1,139571,139571,source_file,"{""asteroid_name"": ""name"", ""asteroid_number"": ""number"", ""epoch_mjd"": ""epoch"", ""pred_dec_deg"": ""dec"", ""pred_geocentric_distance_au"": null, ""pred_heliocentric_distance_au"": null, ""pred_phase_angle_deg"": null, ""pred_ra_deg"": ""ra"", ""pred_solar_elongation_deg"": null, ""pred_v_mag"": ""mag""}",[],"[""pred_heliocentric_distance_au"", ""pred_geocentric_distance_au"", ""pred_solar_elongation_deg"", ""pred_phase_angle_deg""]"
20260116,known_matched,/processed1/20260116/L4/20260116_matched_asteroids.fits,True,ok_with_missing_optional,,,4299840,2026-06-19T12:22:21.752443+00:00,1781871741752442553,d9c524bc0e5972ac980a4b625d237fa50cdb282115200bb25d26cfab4a0c55a6,,,1,5521,5521,source_file,"{""asteroid_name"": ""name"", ""asteroid_number"": ""number"", ""epoch_mjd"": ""epoch"", ""flag"": ""Flag"", ""flag_iso_num"": ""Flag_ISO_Num"", ""flux_aper4"": ""Flux_Aper4"", ""fluxerr_aper4"": ""FluxErr_Aper4"", ""fwhm_px"": ""FWHM"", ""mag_aper4"": ""Mag_Aper4"", ""mag_aper8"": ""Mag_Aper8"", ""mag_kron"": ""Mag_Kron"", ""mag_psf"": ""Mag_PSF"", ""magerr_aper4"": ""MagErr_Aper4"", ""magerr_aper8"": ""MagErr_Aper8"", ""magerr_kron"": ""MagErr_Kron"", ""magerr_psf"": ""MagErr_PSF"", ""obj_id"": ""objID"", ""obs_dec_err_deg"": ""DECErr_Win"", ""obs_dec_psf_deg"": ""DEC_PSF"", ""obs_dec_win_deg"": ""DEC_Win"", ""obs_ra_err_deg"": ""RAErr_Win"", ""obs_ra_psf_deg"": ""RA_PSF"", ""obs_ra_win_deg"": ""RA_Win"", ""pred_dec_deg"": ""dec"", ""pred_geocentric_distance_au"": null, ""pred_heliocentric_distance_au"": null, ""pred_phase_angle_deg"": null, ""pred_ra_deg"": ""ra"", ""pred_solar_elongation_deg"": null, ""pred_v_mag"": ""mag"", ""x_win_px"": ""X_Win"", ""y_win_px"": ""Y_Win""}",[],"[""pred_heliocentric_distance_au"", ""pred_geocentric_distance_au"", ""pred_solar_elongation_deg"", ""pred_phase_angle_deg""]"
20260116,known_mask15,/processed1/20260116/L4/20260116_matched_asteroids_mask15.fits,True,ok_with_missing_optional,,,4668480,2026-06-19T12:22:22.620426+00:00,1781871742620425966,4fbcfeb65bb941d6a0e295065728774099510a68ff6697cfd724b08ad2949558,,,1,5997,5997,source_file,"{""asteroid_name"": ""name"", ""asteroid_number"": ""number"", ""epoch_mjd"": ""epoch"", ""flag"": ""Flag"", ""flag_iso_num"": ""Flag_ISO_Num"", ""flux_aper4"": ""Flux_Aper4"", ""fluxerr_aper4"": ""FluxErr_Aper4"", ""fwhm_px"": ""FWHM"", ""mag_aper4"": ""Mag_Aper4"", ""mag_aper8"": ""Mag_Aper8"", ""mag_kron"": ""Mag_Kron"", ""mag_psf"": ""Mag_PSF"", ""magerr_aper4"": ""MagErr_Aper4"", ""magerr_aper8"": ""MagErr_Aper8"", ""magerr_kron"": ""MagErr_Kron"", ""magerr_psf"": ""MagErr_PSF"", ""obj_id"": ""objID"", ""obs_dec_err_deg"": ""DECErr_Win"", ""obs_dec_psf_deg"": ""DEC_PSF"", ""obs_dec_win_deg"": ""DEC_Win"", ""obs_ra_err_deg"": ""RAErr_Win"", ""obs_ra_psf_deg"": ""RA_PSF"", ""obs_ra_win_deg"": ""RA_Win"", ""pred_dec_deg"": ""dec"", ""pred_geocentric_distance_au"": null, ""pred_heliocentric_distance_au"": null, ""pred_phase_angle_deg"": null, ""pred_ra_deg"": ""ra"", ""pred_solar_elongation_deg"": null, ""pred_v_mag"": ""mag"", ""x_win_px"": ""X_Win"", ""y_win_px"": ""Y_Win""}",[],"[""pred_heliocentric_distance_au"", ""pred_geocentric_distance_au"", ""pred_solar_elongation_deg"", ""pred_phase_angle_deg""]"
20260116,unknown_catalog,/processed1/20260116/L4/20260116_unknown_links.fits,True,ok,,,25920,2026-06-20T02:08:13.330505+00:00,1781921293330504686,14de6bf1ff7d0610e8d96c977c1e4f8cf3b3c130aa8cc1221c3bdd97f45e0977,,,1,41,41,image_names,"{""a_au"": ""a_au"", ""argp_deg"": ""argp_deg"", ""best_v1_kms"": ""best_v1_kms"", ""decs_deg"": ""decs_deg"", ""ecc"": ""ecc"", ""exp_pairs"": ""exp_pairs"", ""fit_ok"": ""fit_ok"", ""groups"": ""groups"", ""image_names"": ""image_names"", ""inc_deg"": ""inc_deg"", ""is_good"": ""is_good"", ""lin_dir_deg"": ""lin_dir_deg"", ""lin_rms_arcsec"": ""lin_rms_arcsec"", ""lin_speed_arcsec_per_day"": ""lin_speed_arcsec_per_day"", ""linkage_id"": ""linkage_id"", ""max_arcsec"": ""max_arcsec"", ""med_arcsec"": ""med_arcsec"", ""mjds"": ""mjds"", ""n_obs"": ""n_obs"", ""n_tracklets"": ""n_tracklets"", ""nu_deg"": ""nu_deg"", ""objids"": ""objids"", ""raan_deg"": ""raan_deg"", ""ras_deg"": ""ras_deg"", ""rms_arcsec"": ""rms_arcsec"", ""tracklet_ids"": ""tracklet_ids"", ""trk_sub"": ""trk_sub""}",[],[]
20260116,orbit_links,/home/admin/pipeline/xiaoyunao/data/heliolincrr/20260116/rr_links/orbit_confirm/orbit_links.fits,True,ok,,,190080,2026-05-14T20:58:26.619974+00:00,1778792306619973593,f1017eb54b450a71be45bb8d1420e8b9aef40175a8f957794158707f237cb0f4,,,1,666,666,,"{""a_au"": ""a_au"", ""argp_deg"": ""argp_deg"", ""best_rejected_max_v_kms"": ""best_rejected_max_v_kms"", ""best_v1_kms"": ""best_v1_kms"", ""ecc"": ""ecc"", ""fail_counts"": ""fail_counts"", ""fail_reason"": ""fail_reason"", ""final_max_v_kms"": ""final_max_v_kms"", ""fit_ok"": ""fit_ok"", ""hypo_r_au"": ""hypo_r_au"", ""hypo_rdd_au_day2"": ""hypo_rdd_au_day2"", ""hypo_rdot_au_day"": ""hypo_rdot_au_day"", ""inc_deg"": ""inc_deg"", ""inlier_tracklets"": ""inlier_tracklets"", ""is_good"": ""is_good"", ""lin_dir_deg"": ""lin_dir_deg"", ""lin_rms_arcsec"": ""lin_rms_arcsec"", ""lin_speed_arcsec_per_day"": ""lin_speed_arcsec_per_day"", ""linkage_id"": ""linkage_id"", ""max_arcsec"": ""max_arcsec"", ""med_arcsec"": ""med_arcsec"", ""min_rejected_max_v_kms"": ""min_rejected_max_v_kms"", ""n_nights"": ""n_nights"", ""n_obs"": ""n_obs"", ""n_tracklets"": ""n_tracklets"", ""nu_deg"": ""nu_deg"", ""pred_dec_deg"": ""pred_dec_deg"", ""pred_ra_deg"": ""pred_ra_deg"", ""raan_deg"": ""raan_deg"", ""rejected_tracklets"": ""rejected_tracklets"", ""rms_arcsec"": ""rms_arcsec"", ""seed_max_v_kms"": ""seed_max_v_kms"", ""seed_tracklets"": ""seed_tracklets""}",[],[]
20260116,orbit_obs_residuals,/home/admin/pipeline/xiaoyunao/data/heliolincrr/20260116/rr_links/orbit_confirm/orbit_obs_residuals.fits,True,ok,,,192960,2026-05-14T20:58:26.630585+00:00,1778792306630585074,983f152253fa48c57c1501b58e904761d4f3ba7a987b7de7b46d354548018b48,,,1,1935,1935,,"{""dec_deg"": ""dec_deg"", ""linkage_id"": ""linkage_id"", ""mjd"": ""mjd"", ""obs_key"": ""obs_key"", ""ra_deg"": ""ra_deg"", ""resid_arcsec"": ""resid_arcsec"", ""tracklet_id"": ""tracklet_id"", ""used"": ""used""}",[],[]
20260117,known_all,/processed1/20260117/L4/20260117_all_asteroids.fits,True,ok_with_missing_optional,,,15929280,2026-06-19T12:27:25.167645+00:00,1781872045167644425,4ab1ecd155e7520df820569ec851dc8559f4d418c55e44f465a23cca15f2cec2,,,1,81235,81235,source_file,"{""asteroid_name"": ""name"", ""asteroid_number"": ""number"", ""epoch_mjd"": ""epoch"", ""pred_dec_deg"": ""dec"", ""pred_geocentric_distance_au"": null, ""pred_heliocentric_distance_au"": null, ""pred_phase_angle_deg"": null, ""pred_ra_deg"": ""ra"", ""pred_solar_elongation_deg"": null, ""pred_v_mag"": ""mag""}",[],"[""pred_heliocentric_distance_au"", ""pred_geocentric_distance_au"", ""pred_solar_elongation_deg"", ""pred_phase_angle_deg""]"
20260117,known_matched,/processed1/20260117/L4/20260117_matched_asteroids.fits,True,ok_with_missing_optional,,,1391040,2026-06-19T12:27:25.679635+00:00,1781872045679634641,b2a47aa593b477ba2cd90761ca16a0a488d744e438cf600467275d2f20539241,,,1,1761,1761,source_file,"{""asteroid_name"": ""name"", ""asteroid_number"": ""number"", ""epoch_mjd"": ""epoch"", ""flag"": ""Flag"", ""flag_iso_num"": ""Flag_ISO_Num"", ""flux_aper4"": ""Flux_Aper4"", ""fluxerr_aper4"": ""FluxErr_Aper4"", ""fwhm_px"": ""FWHM"", ""mag_aper4"": ""Mag_Aper4"", ""mag_aper8"": ""Mag_Aper8"", ""mag_kron"": ""Mag_Kron"", ""mag_psf"": ""Mag_PSF"", ""magerr_aper4"": ""MagErr_Aper4"", ""magerr_aper8"": ""MagErr_Aper8"", ""magerr_kron"": ""MagErr_Kron"", ""magerr_psf"": ""MagErr_PSF"", ""obj_id"": ""objID"", ""obs_dec_err_deg"": ""DECErr_Win"", ""obs_dec_psf_deg"": ""DEC_PSF"", ""obs_dec_win_deg"": ""DEC_Win"", ""obs_ra_err_deg"": ""RAErr_Win"", ""obs_ra_psf_deg"": ""RA_PSF"", ""obs_ra_win_deg"": ""RA_Win"", ""pred_dec_deg"": ""dec"", ""pred_geocentric_distance_au"": null, ""pred_heliocentric_distance_au"": null, ""pred_phase_angle_deg"": null, ""pred_ra_deg"": ""ra"", ""pred_solar_elongation_deg"": null, ""pred_v_mag"": ""mag"", ""x_win_px"": ""X_Win"", ""y_win_px"": ""Y_Win""}",[],"[""pred_heliocentric_distance_au"", ""pred_geocentric_distance_au"", ""pred_solar_elongation_deg"", ""pred_phase_angle_deg""]"
20260117,known_mask15,/processed1/20260117/L4/20260117_matched_asteroids_mask15.fits,True,ok_with_missing_optional,,,1474560,2026-06-19T12:27:26.196625+00:00,1781872046196624762,aeed4e06f40830e0cc142e56791e28e8d5f5371eebb57ae669c23268a870bb45,,,1,1869,1869,source_file,"{""asteroid_name"": ""name"", ""asteroid_number"": ""number"", ""epoch_mjd"": ""epoch"", ""flag"": ""Flag"", ""flag_iso_num"": ""Flag_ISO_Num"", ""flux_aper4"": ""Flux_Aper4"", ""fluxerr_aper4"": ""FluxErr_Aper4"", ""fwhm_px"": ""FWHM"", ""mag_aper4"": ""Mag_Aper4"", ""mag_aper8"": ""Mag_Aper8"", ""mag_kron"": ""Mag_Kron"", ""mag_psf"": ""Mag_PSF"", ""magerr_aper4"": ""MagErr_Aper4"", ""magerr_aper8"": ""MagErr_Aper8"", ""magerr_kron"": ""MagErr_Kron"", ""magerr_psf"": ""MagErr_PSF"", ""obj_id"": ""objID"", ""obs_dec_err_deg"": ""DECErr_Win"", ""obs_dec_psf_deg"": ""DEC_PSF"", ""obs_dec_win_deg"": ""DEC_Win"", ""obs_ra_err_deg"": ""RAErr_Win"", ""obs_ra_psf_deg"": ""RA_PSF"", ""obs_ra_win_deg"": ""RA_Win"", ""pred_dec_deg"": ""dec"", ""pred_geocentric_distance_au"": null, ""pred_heliocentric_distance_au"": null, ""pred_phase_angle_deg"": null, ""pred_ra_deg"": ""ra"", ""pred_solar_elongation_deg"": null, ""pred_v_mag"": ""mag"", ""x_win_px"": ""X_Win"", ""y_win_px"": ""Y_Win""}",[],"[""pred_heliocentric_distance_au"", ""pred_geocentric_distance_au"", ""pred_solar_elongation_deg"", ""pred_phase_angle_deg""]"
20260117,unknown_catalog,/processed1/20260117/L4/20260117_unknown_links.fits,True,ok,,,20160,2026-06-20T02:09:31.553994+00:00,1781921371553994431,34ec5f30501c7cb0c0ace6b86b6eee9047271798983975364dab35ed28acd466,,,1,22,22,image_names,"{""a_au"": ""a_au"", ""argp_deg"": ""argp_deg"", ""best_v1_kms"": ""best_v1_kms"", ""decs_deg"": ""decs_deg"", ""ecc"": ""ecc"", ""exp_pairs"": ""exp_pairs"", ""fit_ok"": ""fit_ok"", ""groups"": ""groups"", ""image_names"": ""image_names"", ""inc_deg"": ""inc_deg"", ""is_good"": ""is_good"", ""lin_dir_deg"": ""lin_dir_deg"", ""lin_rms_arcsec"": ""lin_rms_arcsec"", ""lin_speed_arcsec_per_day"": ""lin_speed_arcsec_per_day"", ""linkage_id"": ""linkage_id"", ""max_arcsec"": ""max_arcsec"", ""med_arcsec"": ""med_arcsec"", ""mjds"": ""mjds"", ""n_obs"": ""n_obs"", ""n_tracklets"": ""n_tracklets"", ""nu_deg"": ""nu_deg"", ""objids"": ""objids"", ""raan_deg"": ""raan_deg"", ""ras_deg"": ""ras_deg"", ""rms_arcsec"": ""rms_arcsec"", ""tracklet_ids"": ""tracklet_ids"", ""trk_sub"": ""trk_sub""}",[],[]
20260117,orbit_links,/home/admin/pipeline/xiaoyunao/data/heliolincrr/20260117/rr_links/orbit_confirm/orbit_links.fits,True,ok,,,95040,2026-05-14T21:09:49.629280+00:00,1778792989629279724,206858305358fe8c9227c56886f7b2c4fa78a3d1b46eed431aad32769b175e5b,,,1,286,286,,"{""a_au"": ""a_au"", ""argp_deg"": ""argp_deg"", ""best_rejected_max_v_kms"": ""best_rejected_max_v_kms"", ""best_v1_kms"": ""best_v1_kms"", ""ecc"": ""ecc"", ""fail_counts"": ""fail_counts"", ""fail_reason"": ""fail_reason"", ""final_max_v_kms"": ""final_max_v_kms"", ""fit_ok"": ""fit_ok"", ""hypo_r_au"": ""hypo_r_au"", ""hypo_rdd_au_day2"": ""hypo_rdd_au_day2"", ""hypo_rdot_au_day"": ""hypo_rdot_au_day"", ""inc_deg"": ""inc_deg"", ""inlier_tracklets"": ""inlier_tracklets"", ""is_good"": ""is_good"", ""lin_dir_deg"": ""lin_dir_deg"", ""lin_rms_arcsec"": ""lin_rms_arcsec"", ""lin_speed_arcsec_per_day"": ""lin_speed_arcsec_per_day"", ""linkage_id"": ""linkage_id"", ""max_arcsec"": ""max_arcsec"", ""med_arcsec"": ""med_arcsec"", ""min_rejected_max_v_kms"": ""min_rejected_max_v_kms"", ""n_nights"": ""n_nights"", ""n_obs"": ""n_obs"", ""n_tracklets"": ""n_tracklets"", ""nu_deg"": ""nu_deg"", ""pred_dec_deg"": ""pred_dec_deg"", ""pred_ra_deg"": ""pred_ra_deg"", ""raan_deg"": ""raan_deg"", ""rejected_tracklets"": ""rejected_tracklets"", ""rms_arcsec"": ""rms_arcsec"", ""seed_max_v_kms"": ""seed_max_v_kms"", ""seed_tracklets"": ""seed_tracklets""}",[],[]
20260117,orbit_obs_residuals,/home/admin/pipeline/xiaoyunao/data/heliolincrr/20260117/rr_links/orbit_confirm/orbit_obs_residuals.fits,True,ok,,,86400,2026-05-14T21:09:49.636954+00:00,1778792989636954338,ca8e56eff694ef979e5c577dfb6a6ccb0b24c3d1ba82af9b71ef590044b8ed9c,,,1,836,836,,"{""dec_deg"": ""dec_deg"", ""linkage_id"": ""linkage_id"", ""mjd"": ""mjd"", ""obs_key"": ""obs_key"", ""ra_deg"": ""ra_deg"", ""resid_arcsec"": ""resid_arcsec"", ""tracklet_id"": ""tracklet_id"", ""used"": ""used""}",[],[]
20260118,known_all,/processed1/20260118/L4/20260118_all_asteroids.fits,False,missing,,,0,,0,,,,1,0,0,,{},[],[]
20260118,known_matched,/processed1/20260118/L4/20260118_matched_asteroids.fits,False,missing,,,0,,0,,,,1,0,0,,{},[],[]
20260118,known_mask15,/processed1/20260118/L4/20260118_matched_asteroids_mask15.fits,False,missing,,,0,,0,,,,1,0,0,,{},[],[]
20260118,unknown_catalog,/processed1/20260118/L4/20260118_unknown_links.fits,False,missing,,,0,,0,,,,1,0,0,,{},[],[]
20260118,orbit_links,/home/admin/pipeline/xiaoyunao/data/heliolincrr/20260118/rr_links/orbit_confirm/orbit_links.fits,False,missing,,,0,,0,,,,1,0,0,,{},[],[]
20260118,orbit_obs_residuals,/home/admin/pipeline/xiaoyunao/data/heliolincrr/20260118/rr_links/orbit_confirm/orbit_obs_residuals.fits,False,missing,,,0,,0,,,,1,0,0,,{},[],[]
20260119,known_all,/processed1/20260119/L4/20260119_all_asteroids.fits,True,ok_with_missing_optional,,,25153920,2026-06-19T12:36:30.191229+00:00,1781872590191229270,cd52dda47bb62d1c9690438e047c96a8744329ac9bf88bb0965665a60d7d081e,,,1,128302,128302,source_file,"{""asteroid_name"": ""name"", ""asteroid_number"": ""number"", ""epoch_mjd"": ""epoch"", ""pred_dec_deg"": ""dec"", ""pred_geocentric_distance_au"": null, ""pred_heliocentric_distance_au"": null, ""pred_phase_angle_deg"": null, ""pred_ra_deg"": ""ra"", ""pred_solar_elongation_deg"": null, ""pred_v_mag"": ""mag""}",[],"[""pred_heliocentric_distance_au"", ""pred_geocentric_distance_au"", ""pred_solar_elongation_deg"", ""pred_phase_angle_deg""]"
20260119,known_matched,/processed1/20260119/L4/20260119_matched_asteroids.fits,True,ok_with_missing_optional,,,2983680,2026-06-19T12:36:31.168211+00:00,1781872591168210600,e41717069a6756e55a43aefb4107202d58c282b694018743c4587c55ebb4d245,,,1,3819,3819,source_file,"{""asteroid_name"": ""name"", ""asteroid_number"": ""number"", ""epoch_mjd"": ""epoch"", ""flag"": ""Flag"", ""flag_iso_num"": ""Flag_ISO_Num"", ""flux_aper4"": ""Flux_Aper4"", ""fluxerr_aper4"": ""FluxErr_Aper4"", ""fwhm_px"": ""FWHM"", ""mag_aper4"": ""Mag_Aper4"", ""mag_aper8"": ""Mag_Aper8"", ""mag_kron"": ""Mag_Kron"", ""mag_psf"": ""Mag_PSF"", ""magerr_aper4"": ""MagErr_Aper4"", ""magerr_aper8"": ""MagErr_Aper8"", ""magerr_kron"": ""MagErr_Kron"", ""magerr_psf"": ""MagErr_PSF"", ""obj_id"": ""objID"", ""obs_dec_err_deg"": ""DECErr_Win"", ""obs_dec_psf_deg"": ""DEC_PSF"", ""obs_dec_win_deg"": ""DEC_Win"", ""obs_ra_err_deg"": ""RAErr_Win"", ""obs_ra_psf_deg"": ""RA_PSF"", ""obs_ra_win_deg"": ""RA_Win"", ""pred_dec_deg"": ""dec"", ""pred_geocentric_distance_au"": null, ""pred_heliocentric_distance_au"": null, ""pred_phase_angle_deg"": null, ""pred_ra_deg"": ""ra"", ""pred_solar_elongation_deg"": null, ""pred_v_mag"": ""mag"", ""x_win_px"": ""X_Win"", ""y_win_px"": ""Y_Win""}",[],"[""pred_heliocentric_distance_au"", ""pred_geocentric_distance_au"", ""pred_solar_elongation_deg"", ""pred_phase_angle_deg""]"
20260119,known_mask15,/processed1/20260119/L4/20260119_matched_asteroids_mask15.fits,True,ok_with_missing_optional,,,3185280,2026-06-19T12:36:32.112193+00:00,1781872592112192561,b1ed09531ce2f6fc3638b066ffabf05a29877af5d0b85816d83af405c3107077,,,1,4081,4081,source_file,"{""asteroid_name"": ""name"", ""asteroid_number"": ""number"", ""epoch_mjd"": ""epoch"", ""flag"": ""Flag"", ""flag_iso_num"": ""Flag_ISO_Num"", ""flux_aper4"": ""Flux_Aper4"", ""fluxerr_aper4"": ""FluxErr_Aper4"", ""fwhm_px"": ""FWHM"", ""mag_aper4"": ""Mag_Aper4"", ""mag_aper8"": ""Mag_Aper8"", ""mag_kron"": ""Mag_Kron"", ""mag_psf"": ""Mag_PSF"", ""magerr_aper4"": ""MagErr_Aper4"", ""magerr_aper8"": ""MagErr_Aper8"", ""magerr_kron"": ""MagErr_Kron"", ""magerr_psf"": ""MagErr_PSF"", ""obj_id"": ""objID"", ""obs_dec_err_deg"": ""DECErr_Win"", ""obs_dec_psf_deg"": ""DEC_PSF"", ""obs_dec_win_deg"": ""DEC_Win"", ""obs_ra_err_deg"": ""RAErr_Win"", ""obs_ra_psf_deg"": ""RA_PSF"", ""obs_ra_win_deg"": ""RA_Win"", ""pred_dec_deg"": ""dec"", ""pred_geocentric_distance_au"": null, ""pred_heliocentric_distance_au"": null, ""pred_phase_angle_deg"": null, ""pred_ra_deg"": ""ra"", ""pred_solar_elongation_deg"": null, ""pred_v_mag"": ""mag"", ""x_win_px"": ""X_Win"", ""y_win_px"": ""Y_Win""}",[],"[""pred_heliocentric_distance_au"", ""pred_geocentric_distance_au"", ""pred_solar_elongation_deg"", ""pred_phase_angle_deg""]"
20260119,unknown_catalog,/processed1/20260119/L4/20260119_unknown_links.fits,True,ok,,,11520,2026-06-20T02:10:26.919928+00:00,1781921426919928011,1556da069d6d52f044ed4544490699f24a93d3a6aad99eca2d92fc9d0348785f,,,1,4,4,image_names,"{""a_au"": ""a_au"", ""argp_deg"": ""argp_deg"", ""best_v1_kms"": ""best_v1_kms"", ""decs_deg"": ""decs_deg"", ""ecc"": ""ecc"", ""exp_pairs"": ""exp_pairs"", ""fit_ok"": ""fit_ok"", ""groups"": ""groups"", ""image_names"": ""image_names"", ""inc_deg"": ""inc_deg"", ""is_good"": ""is_good"", ""lin_dir_deg"": ""lin_dir_deg"", ""lin_rms_arcsec"": ""lin_rms_arcsec"", ""lin_speed_arcsec_per_day"": ""lin_speed_arcsec_per_day"", ""linkage_id"": ""linkage_id"", ""max_arcsec"": ""max_arcsec"", ""med_arcsec"": ""med_arcsec"", ""mjds"": ""mjds"", ""n_obs"": ""n_obs"", ""n_tracklets"": ""n_tracklets"", ""nu_deg"": ""nu_deg"", ""objids"": ""objids"", ""raan_deg"": ""raan_deg"", ""ras_deg"": ""ras_deg"", ""rms_arcsec"": ""rms_arcsec"", ""tracklet_ids"": ""tracklet_ids"", ""trk_sub"": ""trk_sub""}",[],[]
20260119,orbit_links,/home/admin/pipeline/xiaoyunao/data/heliolincrr/20260119/rr_links/orbit_confirm/orbit_links.fits,True,ok,,,34560,2026-05-14T21:17:48.834453+00:00,1778793468834452554,1a27ebc4eefc0f5d704e32f3de0a1c17b78bc711b5284d781c7c99aae220e726,,,1,76,76,,"{""a_au"": ""a_au"", ""argp_deg"": ""argp_deg"", ""best_rejected_max_v_kms"": ""best_rejected_max_v_kms"", ""best_v1_kms"": ""best_v1_kms"", ""ecc"": ""ecc"", ""fail_counts"": ""fail_counts"", ""fail_reason"": ""fail_reason"", ""final_max_v_kms"": ""final_max_v_kms"", ""fit_ok"": ""fit_ok"", ""hypo_r_au"": ""hypo_r_au"", ""hypo_rdd_au_day2"": ""hypo_rdd_au_day2"", ""hypo_rdot_au_day"": ""hypo_rdot_au_day"", ""inc_deg"": ""inc_deg"", ""inlier_tracklets"": ""inlier_tracklets"", ""is_good"": ""is_good"", ""lin_dir_deg"": ""lin_dir_deg"", ""lin_rms_arcsec"": ""lin_rms_arcsec"", ""lin_speed_arcsec_per_day"": ""lin_speed_arcsec_per_day"", ""linkage_id"": ""linkage_id"", ""max_arcsec"": ""max_arcsec"", ""med_arcsec"": ""med_arcsec"", ""min_rejected_max_v_kms"": ""min_rejected_max_v_kms"", ""n_nights"": ""n_nights"", ""n_obs"": ""n_obs"", ""n_tracklets"": ""n_tracklets"", ""nu_deg"": ""nu_deg"", ""pred_dec_deg"": ""pred_dec_deg"", ""pred_ra_deg"": ""pred_ra_deg"", ""raan_deg"": ""raan_deg"", ""rejected_tracklets"": ""rejected_tracklets"", ""rms_arcsec"": ""rms_arcsec"", ""seed_max_v_kms"": ""seed_max_v_kms"", ""seed_tracklets"": ""seed_tracklets""}",[],[]
20260119,orbit_obs_residuals,/home/admin/pipeline/xiaoyunao/data/heliolincrr/20260119/rr_links/orbit_confirm/orbit_obs_residuals.fits,True,ok,,,28800,2026-05-14T21:17:48.842727+00:00,1778793468842727087,b46fa6a0f7b7436b521bada99825209291b0f5fa3aa40e85a18e6fd856782a7d,,,1,225,225,,"{""dec_deg"": ""dec_deg"", ""linkage_id"": ""linkage_id"", ""mjd"": ""mjd"", ""obs_key"": ""obs_key"", ""ra_deg"": ""ra_deg"", ""resid_arcsec"": ""resid_arcsec"", ""tracklet_id"": ""tracklet_id"", ""used"": ""used""}",[],[]
20260120,known_all,/processed1/20260120/L4/20260120_all_asteroids.fits,True,ok_with_missing_optional,,,18020160,2026-06-19T12:46:26.968817+00:00,1781873186968817156,fa76e7efb5ee2fc551081801ed8250249b1be57afa8885772f3ef07421125325,,,1,91904,91904,source_file,"{""asteroid_name"": ""name"", ""asteroid_number"": ""number"", ""epoch_mjd"": ""epoch"", ""pred_dec_deg"": ""dec"", ""pred_geocentric_distance_au"": null, ""pred_heliocentric_distance_au"": null, ""pred_phase_angle_deg"": null, ""pred_ra_deg"": ""ra"", ""pred_solar_elongation_deg"": null, ""pred_v_mag"": ""mag""}",[],"[""pred_heliocentric_distance_au"", ""pred_geocentric_distance_au"", ""pred_solar_elongation_deg"", ""pred_phase_angle_deg""]"
20260120,known_matched,/processed1/20260120/L4/20260120_matched_asteroids.fits,True,ok_with_missing_optional,,,2566080,2026-06-19T12:46:27.999797+00:00,1781873187999797436,3cf9338b667035ff8a49731ed8af4469c1106beeb4703254f0b74ffc876827ba,,,1,3279,3279,source_file,"{""asteroid_name"": ""name"", ""asteroid_number"": ""number"", ""epoch_mjd"": ""epoch"", ""flag"": ""Flag"", ""flag_iso_num"": ""Flag_ISO_Num"", ""flux_aper4"": ""Flux_Aper4"", ""fluxerr_aper4"": ""FluxErr_Aper4"", ""fwhm_px"": ""FWHM"", ""mag_aper4"": ""Mag_Aper4"", ""mag_aper8"": ""Mag_Aper8"", ""mag_kron"": ""Mag_Kron"", ""mag_psf"": ""Mag_PSF"", ""magerr_aper4"": ""MagErr_Aper4"", ""magerr_aper8"": ""MagErr_Aper8"", ""magerr_kron"": ""MagErr_Kron"", ""magerr_psf"": ""MagErr_PSF"", ""obj_id"": ""objID"", ""obs_dec_err_deg"": ""DECErr_Win"", ""obs_dec_psf_deg"": ""DEC_PSF"", ""obs_dec_win_deg"": ""DEC_Win"", ""obs_ra_err_deg"": ""RAErr_Win"", ""obs_ra_psf_deg"": ""RA_PSF"", ""obs_ra_win_deg"": ""RA_Win"", ""pred_dec_deg"": ""dec"", ""pred_geocentric_distance_au"": null, ""pred_heliocentric_distance_au"": null, ""pred_phase_angle_deg"": null, ""pred_ra_deg"": ""ra"", ""pred_solar_elongation_deg"": null, ""pred_v_mag"": ""mag"", ""x_win_px"": ""X_Win"", ""y_win_px"": ""Y_Win""}",[],"[""pred_heliocentric_distance_au"", ""pred_geocentric_distance_au"", ""pred_solar_elongation_deg"", ""pred_phase_angle_deg""]"
20260120,known_mask15,/processed1/20260120/L4/20260120_matched_asteroids_mask15.fits,True,ok_with_missing_optional,,,2790720,2026-06-19T12:46:29.004778+00:00,1781873189004778214,8ad76c506b66fa648430b6badf062571c03d635e4bfc57936af08d3e5ec58736,,,1,3569,3569,source_file,"{""asteroid_name"": ""name"", ""asteroid_number"": ""number"", ""epoch_mjd"": ""epoch"", ""flag"": ""Flag"", ""flag_iso_num"": ""Flag_ISO_Num"", ""flux_aper4"": ""Flux_Aper4"", ""fluxerr_aper4"": ""FluxErr_Aper4"", ""fwhm_px"": ""FWHM"", ""mag_aper4"": ""Mag_Aper4"", ""mag_aper8"": ""Mag_Aper8"", ""mag_kron"": ""Mag_Kron"", ""mag_psf"": ""Mag_PSF"", ""magerr_aper4"": ""MagErr_Aper4"", ""magerr_aper8"": ""MagErr_Aper8"", ""magerr_kron"": ""MagErr_Kron"", ""magerr_psf"": ""MagErr_PSF"", ""obj_id"": ""objID"", ""obs_dec_err_deg"": ""DECErr_Win"", ""obs_dec_psf_deg"": ""DEC_PSF"", ""obs_dec_win_deg"": ""DEC_Win"", ""obs_ra_err_deg"": ""RAErr_Win"", ""obs_ra_psf_deg"": ""RA_PSF"", ""obs_ra_win_deg"": ""RA_Win"", ""pred_dec_deg"": ""dec"", ""pred_geocentric_distance_au"": null, ""pred_heliocentric_distance_au"": null, ""pred_phase_angle_deg"": null, ""pred_ra_deg"": ""ra"", ""pred_solar_elongation_deg"": null, ""pred_v_mag"": ""mag"", ""x_win_px"": ""X_Win"", ""y_win_px"": ""Y_Win""}",[],"[""pred_heliocentric_distance_au"", ""pred_geocentric_distance_au"", ""pred_solar_elongation_deg"", ""pred_phase_angle_deg""]"
20260120,unknown_catalog,/processed1/20260120/L4/20260120_unknown_links.fits,True,ok,,,14400,2026-06-20T02:11:07.111154+00:00,1781921467111153875,620fb7d2e78d00a3548ea9446ec1dec861e04a34d1044773d3d7e06c5e490f83,,,1,11,11,image_names,"{""a_au"": ""a_au"", ""argp_deg"": ""argp_deg"", ""best_v1_kms"": ""best_v1_kms"", ""decs_deg"": ""decs_deg"", ""ecc"": ""ecc"", ""exp_pairs"": ""exp_pairs"", ""fit_ok"": ""fit_ok"", ""groups"": ""groups"", ""image_names"": ""image_names"", ""inc_deg"": ""inc_deg"", ""is_good"": ""is_good"", ""lin_dir_deg"": ""lin_dir_deg"", ""lin_rms_arcsec"": ""lin_rms_arcsec"", ""lin_speed_arcsec_per_day"": ""lin_speed_arcsec_per_day"", ""linkage_id"": ""linkage_id"", ""max_arcsec"": ""max_arcsec"", ""med_arcsec"": ""med_arcsec"", ""mjds"": ""mjds"", ""n_obs"": ""n_obs"", ""n_tracklets"": ""n_tracklets"", ""nu_deg"": ""nu_deg"", ""objids"": ""objids"", ""raan_deg"": ""raan_deg"", ""ras_deg"": ""ras_deg"", ""rms_arcsec"": ""rms_arcsec"", ""tracklet_ids"": ""tracklet_ids"", ""trk_sub"": ""trk_sub""}",[],[]
20260120,orbit_links,/home/admin/pipeline/xiaoyunao/data/heliolincrr/20260120/rr_links/orbit_confirm/orbit_links.fits,True,ok,,,89280,2026-05-14T21:22:15.966137+00:00,1778793735966136917,91c2396a7f0b2fcf6d044abe9fe0d9af5119daf924df3c82b64eab34b3c58c16,,,1,290,290,,"{""a_au"": ""a_au"", ""argp_deg"": ""argp_deg"", ""best_rejected_max_v_kms"": ""best_rejected_max_v_kms"", ""best_v1_kms"": ""best_v1_kms"", ""ecc"": ""ecc"", ""fail_counts"": ""fail_counts"", ""fail_reason"": ""fail_reason"", ""final_max_v_kms"": ""final_max_v_kms"", ""fit_ok"": ""fit_ok"", ""hypo_r_au"": ""hypo_r_au"", ""hypo_rdd_au_day2"": ""hypo_rdd_au_day2"", ""hypo_rdot_au_day"": ""hypo_rdot_au_day"", ""inc_deg"": ""inc_deg"", ""inlier_tracklets"": ""inlier_tracklets"", ""is_good"": ""is_good"", ""lin_dir_deg"": ""lin_dir_deg"", ""lin_rms_arcsec"": ""lin_rms_arcsec"", ""lin_speed_arcsec_per_day"": ""lin_speed_arcsec_per_day"", ""linkage_id"": ""linkage_id"", ""max_arcsec"": ""max_arcsec"", ""med_arcsec"": ""med_arcsec"", ""min_rejected_max_v_kms"": ""min_rejected_max_v_kms"", ""n_nights"": ""n_nights"", ""n_obs"": ""n_obs"", ""n_tracklets"": ""n_tracklets"", ""nu_deg"": ""nu_deg"", ""pred_dec_deg"": ""pred_dec_deg"", ""pred_ra_deg"": ""pred_ra_deg"", ""raan_deg"": ""raan_deg"", ""rejected_tracklets"": ""rejected_tracklets"", ""rms_arcsec"": ""rms_arcsec"", ""seed_max_v_kms"": ""seed_max_v_kms"", ""seed_tracklets"": ""seed_tracklets""}",[],[]
20260120,orbit_obs_residuals,/home/admin/pipeline/xiaoyunao/data/heliolincrr/20260120/rr_links/orbit_confirm/orbit_obs_residuals.fits,True,ok,,,86400,2026-05-14T21:22:15.975548+00:00,1778793735975548332,9522b967674b477c782e0f0dfc29a9f67fedf1373875b4c44e25f0ce51968c4b,,,1,840,840,,"{""dec_deg"": ""dec_deg"", ""linkage_id"": ""linkage_id"", ""mjd"": ""mjd"", ""obs_key"": ""obs_key"", ""ra_deg"": ""ra_deg"", ""resid_arcsec"": ""resid_arcsec"", ""tracklet_id"": ""tracklet_id"", ""used"": ""used""}",[],[]
20260121,known_all,/processed1/20260121/L4/20260121_all_asteroids.fits,True,ok_with_missing_optional,,,25911360,2026-06-19T12:56:24.786383+00:00,1781873784786382850,95bb97e58517eda785d423306e98ef96de9654d4416875ce883a5302088e1471,,,1,132159,132159,source_file,"{""asteroid_name"": ""name"", ""asteroid_number"": ""number"", ""epoch_mjd"": ""epoch"", ""pred_dec_deg"": ""dec"", ""pred_geocentric_distance_au"": null, ""pred_heliocentric_distance_au"": null, ""pred_phase_angle_deg"": null, ""pred_ra_deg"": ""ra"", ""pred_solar_elongation_deg"": null, ""pred_v_mag"": ""mag""}",[],"[""pred_heliocentric_distance_au"", ""pred_geocentric_distance_au"", ""pred_solar_elongation_deg"", ""pred_phase_angle_deg""]"
20260121,known_matched,/processed1/20260121/L4/20260121_matched_asteroids.fits,True,ok_with_missing_optional,,,5797440,2026-06-19T12:56:25.894362+00:00,1781873785894361658,5cfe4e9b642de86accff60e04095b854bcd7982d8ae62b81f86dec27ddf0c395,,,1,7455,7455,source_file,"{""asteroid_name"": ""name"", ""asteroid_number"": ""number"", ""epoch_mjd"": ""epoch"", ""flag"": ""Flag"", ""flag_iso_num"": ""Flag_ISO_Num"", ""flux_aper4"": ""Flux_Aper4"", ""fluxerr_aper4"": ""FluxErr_Aper4"", ""fwhm_px"": ""FWHM"", ""mag_aper4"": ""Mag_Aper4"", ""mag_aper8"": ""Mag_Aper8"", ""mag_kron"": ""Mag_Kron"", ""mag_psf"": ""Mag_PSF"", ""magerr_aper4"": ""MagErr_Aper4"", ""magerr_aper8"": ""MagErr_Aper8"", ""magerr_kron"": ""MagErr_Kron"", ""magerr_psf"": ""MagErr_PSF"", ""obj_id"": ""objID"", ""obs_dec_err_deg"": ""DECErr_Win"", ""obs_dec_psf_deg"": ""DEC_PSF"", ""obs_dec_win_deg"": ""DEC_Win"", ""obs_ra_err_deg"": ""RAErr_Win"", ""obs_ra_psf_deg"": ""RA_PSF"", ""obs_ra_win_deg"": ""RA_Win"", ""pred_dec_deg"": ""dec"", ""pred_geocentric_distance_au"": null, ""pred_heliocentric_distance_au"": null, ""pred_phase_angle_deg"": null, ""pred_ra_deg"": ""ra"", ""pred_solar_elongation_deg"": null, ""pred_v_mag"": ""mag"", ""x_win_px"": ""X_Win"", ""y_win_px"": ""Y_Win""}",[],"[""pred_heliocentric_distance_au"", ""pred_geocentric_distance_au"", ""pred_solar_elongation_deg"", ""pred_phase_angle_deg""]"
20260121,known_mask15,/processed1/20260121/L4/20260121_matched_asteroids_mask15.fits,True,ok_with_missing_optional,,,6096960,2026-06-19T12:56:26.960341+00:00,1781873786960341269,3b9af188e8bd61d2f864746461f3bbacf55836e24bb7f93ff224c858b46ad1c8,,,1,7842,7842,source_file,"{""asteroid_name"": ""name"", ""asteroid_number"": ""number"", ""epoch_mjd"": ""epoch"", ""flag"": ""Flag"", ""flag_iso_num"": ""Flag_ISO_Num"", ""flux_aper4"": ""Flux_Aper4"", ""fluxerr_aper4"": ""FluxErr_Aper4"", ""fwhm_px"": ""FWHM"", ""mag_aper4"": ""Mag_Aper4"", ""mag_aper8"": ""Mag_Aper8"", ""mag_kron"": ""Mag_Kron"", ""mag_psf"": ""Mag_PSF"", ""magerr_aper4"": ""MagErr_Aper4"", ""magerr_aper8"": ""MagErr_Aper8"", ""magerr_kron"": ""MagErr_Kron"", ""magerr_psf"": ""MagErr_PSF"", ""obj_id"": ""objID"", ""obs_dec_err_deg"": ""DECErr_Win"", ""obs_dec_psf_deg"": ""DEC_PSF"", ""obs_dec_win_deg"": ""DEC_Win"", ""obs_ra_err_deg"": ""RAErr_Win"", ""obs_ra_psf_deg"": ""RA_PSF"", ""obs_ra_win_deg"": ""RA_Win"", ""pred_dec_deg"": ""dec"", ""pred_geocentric_distance_au"": null, ""pred_heliocentric_distance_au"": null, ""pred_phase_angle_deg"": null, ""pred_ra_deg"": ""ra"", ""pred_solar_elongation_deg"": null, ""pred_v_mag"": ""mag"", ""x_win_px"": ""X_Win"", ""y_win_px"": ""Y_Win""}",[],"[""pred_heliocentric_distance_au"", ""pred_geocentric_distance_au"", ""pred_solar_elongation_deg"", ""pred_phase_angle_deg""]"
20260121,unknown_catalog,/processed1/20260121/L4/20260121_unknown_links.fits,True,ok,,,37440,2026-06-20T02:11:57.488183+00:00,1781921517488183548,874bd457f399d12506008e988844d43b6f61fd3cc408caecdc16df15b1a157a6,,,1,65,65,image_names,"{""a_au"": ""a_au"", ""argp_deg"": ""argp_deg"", ""best_v1_kms"": ""best_v1_kms"", ""decs_deg"": ""decs_deg"", ""ecc"": ""ecc"", ""exp_pairs"": ""exp_pairs"", ""fit_ok"": ""fit_ok"", ""groups"": ""groups"", ""image_names"": ""image_names"", ""inc_deg"": ""inc_deg"", ""is_good"": ""is_good"", ""lin_dir_deg"": ""lin_dir_deg"", ""lin_rms_arcsec"": ""lin_rms_arcsec"", ""lin_speed_arcsec_per_day"": ""lin_speed_arcsec_per_day"", ""linkage_id"": ""linkage_id"", ""max_arcsec"": ""max_arcsec"", ""med_arcsec"": ""med_arcsec"", ""mjds"": ""mjds"", ""n_obs"": ""n_obs"", ""n_tracklets"": ""n_tracklets"", ""nu_deg"": ""nu_deg"", ""objids"": ""objids"", ""raan_deg"": ""raan_deg"", ""ras_deg"": ""ras_deg"", ""rms_arcsec"": ""rms_arcsec"", ""tracklet_ids"": ""tracklet_ids"", ""trk_sub"": ""trk_sub""}",[],[]
20260121,orbit_links,/home/admin/pipeline/xiaoyunao/data/heliolincrr/20260121/rr_links/orbit_confirm/orbit_links.fits,True,ok,,,394560,2026-05-14T21:28:47.791178+00:00,1778794127791177741,1bcc3f1ea43afabea4ffae12fe734d1196d6ac44b84d74e2260102b57b2087b2,,,1,1327,1327,,"{""a_au"": ""a_au"", ""argp_deg"": ""argp_deg"", ""best_rejected_max_v_kms"": ""best_rejected_max_v_kms"", ""best_v1_kms"": ""best_v1_kms"", ""ecc"": ""ecc"", ""fail_counts"": ""fail_counts"", ""fail_reason"": ""fail_reason"", ""final_max_v_kms"": ""final_max_v_kms"", ""fit_ok"": ""fit_ok"", ""hypo_r_au"": ""hypo_r_au"", ""hypo_rdd_au_day2"": ""hypo_rdd_au_day2"", ""hypo_rdot_au_day"": ""hypo_rdot_au_day"", ""inc_deg"": ""inc_deg"", ""inlier_tracklets"": ""inlier_tracklets"", ""is_good"": ""is_good"", ""lin_dir_deg"": ""lin_dir_deg"", ""lin_rms_arcsec"": ""lin_rms_arcsec"", ""lin_speed_arcsec_per_day"": ""lin_speed_arcsec_per_day"", ""linkage_id"": ""linkage_id"", ""max_arcsec"": ""max_arcsec"", ""med_arcsec"": ""med_arcsec"", ""min_rejected_max_v_kms"": ""min_rejected_max_v_kms"", ""n_nights"": ""n_nights"", ""n_obs"": ""n_obs"", ""n_tracklets"": ""n_tracklets"", ""nu_deg"": ""nu_deg"", ""pred_dec_deg"": ""pred_dec_deg"", ""pred_ra_deg"": ""pred_ra_deg"", ""raan_deg"": ""raan_deg"", ""rejected_tracklets"": ""rejected_tracklets"", ""rms_arcsec"": ""rms_arcsec"", ""seed_max_v_kms"": ""seed_max_v_kms"", ""seed_tracklets"": ""seed_tracklets""}",[],[]
20260121,orbit_obs_residuals,/home/admin/pipeline/xiaoyunao/data/heliolincrr/20260121/rr_links/orbit_confirm/orbit_obs_residuals.fits,True,ok,,,377280,2026-05-14T21:28:47.804178+00:00,1778794127804177806,ed58f1597e11dae9c09c0163f80f05e36fd48e24385c693ce0cdb4fc92a41e01,,,1,3870,3870,,"{""dec_deg"": ""dec_deg"", ""linkage_id"": ""linkage_id"", ""mjd"": ""mjd"", ""obs_key"": ""obs_key"", ""ra_deg"": ""ra_deg"", ""resid_arcsec"": ""resid_arcsec"", ""tracklet_id"": ""tracklet_id"", ""used"": ""used""}",[],[]
20260122,known_all,/processed1/20260122/L4/20260122_all_asteroids.fits,True,ok_with_missing_optional,,,31374720,2026-06-19T13:06:25.293897+00:00,1781874385293897094,ef3a93981d4d7b1234c07363981074d56e460246fd12d64259235c8baf90519c,,,1,160040,160040,source_file,"{""asteroid_name"": ""name"", ""asteroid_number"": ""number"", ""epoch_mjd"": ""epoch"", ""pred_dec_deg"": ""dec"", ""pred_geocentric_distance_au"": null, ""pred_heliocentric_distance_au"": null, ""pred_phase_angle_deg"": null, ""pred_ra_deg"": ""ra"", ""pred_solar_elongation_deg"": null, ""pred_v_mag"": ""mag""}",[],"[""pred_heliocentric_distance_au"", ""pred_geocentric_distance_au"", ""pred_solar_elongation_deg"", ""pred_phase_angle_deg""]"
20260122,known_matched,/processed1/20260122/L4/20260122_matched_asteroids.fits,True,ok_with_missing_optional,,,6122880,2026-06-19T13:06:26.397876+00:00,1781874386397875979,947a05117ebb7a70b8b30b717bc59e1119a818ddcfe57370eca96ec79d9b6fa9,,,1,7876,7876,source_file,"{""asteroid_name"": ""name"", ""asteroid_number"": ""number"", ""epoch_mjd"": ""epoch"", ""flag"": ""Flag"", ""flag_iso_num"": ""Flag_ISO_Num"", ""flux_aper4"": ""Flux_Aper4"", ""fluxerr_aper4"": ""FluxErr_Aper4"", ""fwhm_px"": ""FWHM"", ""mag_aper4"": ""Mag_Aper4"", ""mag_aper8"": ""Mag_Aper8"", ""mag_kron"": ""Mag_Kron"", ""mag_psf"": ""Mag_PSF"", ""magerr_aper4"": ""MagErr_Aper4"", ""magerr_aper8"": ""MagErr_Aper8"", ""magerr_kron"": ""MagErr_Kron"", ""magerr_psf"": ""MagErr_PSF"", ""obj_id"": ""objID"", ""obs_dec_err_deg"": ""DECErr_Win"", ""obs_dec_psf_deg"": ""DEC_PSF"", ""obs_dec_win_deg"": ""DEC_Win"", ""obs_ra_err_deg"": ""RAErr_Win"", ""obs_ra_psf_deg"": ""RA_PSF"", ""obs_ra_win_deg"": ""RA_Win"", ""pred_dec_deg"": ""dec"", ""pred_geocentric_distance_au"": null, ""pred_heliocentric_distance_au"": null, ""pred_phase_angle_deg"": null, ""pred_ra_deg"": ""ra"", ""pred_solar_elongation_deg"": null, ""pred_v_mag"": ""mag"", ""x_win_px"": ""X_Win"", ""y_win_px"": ""Y_Win""}",[],"[""pred_heliocentric_distance_au"", ""pred_geocentric_distance_au"", ""pred_solar_elongation_deg"", ""pred_phase_angle_deg""]"
20260122,known_mask15,/processed1/20260122/L4/20260122_matched_asteroids_mask15.fits,True,ok_with_missing_optional,,,6413760,2026-06-19T13:06:27.475855+00:00,1781874387475855361,b3becebc0291c3e55e188633953920dd21de2976d0a6701f1b140c63c485cb82,,,1,8253,8253,source_file,"{""asteroid_name"": ""name"", ""asteroid_number"": ""number"", ""epoch_mjd"": ""epoch"", ""flag"": ""Flag"", ""flag_iso_num"": ""Flag_ISO_Num"", ""flux_aper4"": ""Flux_Aper4"", ""fluxerr_aper4"": ""FluxErr_Aper4"", ""fwhm_px"": ""FWHM"", ""mag_aper4"": ""Mag_Aper4"", ""mag_aper8"": ""Mag_Aper8"", ""mag_kron"": ""Mag_Kron"", ""mag_psf"": ""Mag_PSF"", ""magerr_aper4"": ""MagErr_Aper4"", ""magerr_aper8"": ""MagErr_Aper8"", ""magerr_kron"": ""MagErr_Kron"", ""magerr_psf"": ""MagErr_PSF"", ""obj_id"": ""objID"", ""obs_dec_err_deg"": ""DECErr_Win"", ""obs_dec_psf_deg"": ""DEC_PSF"", ""obs_dec_win_deg"": ""DEC_Win"", ""obs_ra_err_deg"": ""RAErr_Win"", ""obs_ra_psf_deg"": ""RA_PSF"", ""obs_ra_win_deg"": ""RA_Win"", ""pred_dec_deg"": ""dec"", ""pred_geocentric_distance_au"": null, ""pred_heliocentric_distance_au"": null, ""pred_phase_angle_deg"": null, ""pred_ra_deg"": ""ra"", ""pred_solar_elongation_deg"": null, ""pred_v_mag"": ""mag"", ""x_win_px"": ""X_Win"", ""y_win_px"": ""Y_Win""}",[],"[""pred_heliocentric_distance_au"", ""pred_geocentric_distance_au"", ""pred_solar_elongation_deg"", ""pred_phase_angle_deg""]"
20260122,unknown_catalog,/processed1/20260122/L4/20260122_unknown_links.fits,True,ok,,,28800,2026-06-20T02:14:04.957728+00:00,1781921644957728319,f23b21afad83ca98bb08d23298c5dcb46a2b0d63a074d6d5bbffe804eee19612,,,1,49,49,image_names,"{""a_au"": ""a_au"", ""argp_deg"": ""argp_deg"", ""best_v1_kms"": ""best_v1_kms"", ""decs_deg"": ""decs_deg"", ""ecc"": ""ecc"", ""exp_pairs"": ""exp_pairs"", ""fit_ok"": ""fit_ok"", ""groups"": ""groups"", ""image_names"": ""image_names"", ""inc_deg"": ""inc_deg"", ""is_good"": ""is_good"", ""lin_dir_deg"": ""lin_dir_deg"", ""lin_rms_arcsec"": ""lin_rms_arcsec"", ""lin_speed_arcsec_per_day"": ""lin_speed_arcsec_per_day"", ""linkage_id"": ""linkage_id"", ""max_arcsec"": ""max_arcsec"", ""med_arcsec"": ""med_arcsec"", ""mjds"": ""mjds"", ""n_obs"": ""n_obs"", ""n_tracklets"": ""n_tracklets"", ""nu_deg"": ""nu_deg"", ""objids"": ""objids"", ""raan_deg"": ""raan_deg"", ""ras_deg"": ""ras_deg"", ""rms_arcsec"": ""rms_arcsec"", ""tracklet_ids"": ""tracklet_ids"", ""trk_sub"": ""trk_sub""}",[],[]
20260122,orbit_links,/home/admin/pipeline/xiaoyunao/data/heliolincrr/20260122/rr_links/orbit_confirm/orbit_links.fits,True,ok,,,368640,2026-05-14T21:48:12.414625+00:00,1778795292414624697,5ffebe436e836dda2d7174ed2164568dc3ace7e0942aea5c43b316bce23f3ba0,,,1,1234,1234,,"{""a_au"": ""a_au"", ""argp_deg"": ""argp_deg"", ""best_rejected_max_v_kms"": ""best_rejected_max_v_kms"", ""best_v1_kms"": ""best_v1_kms"", ""ecc"": ""ecc"", ""fail_counts"": ""fail_counts"", ""fail_reason"": ""fail_reason"", ""final_max_v_kms"": ""final_max_v_kms"", ""fit_ok"": ""fit_ok"", ""hypo_r_au"": ""hypo_r_au"", ""hypo_rdd_au_day2"": ""hypo_rdd_au_day2"", ""hypo_rdot_au_day"": ""hypo_rdot_au_day"", ""inc_deg"": ""inc_deg"", ""inlier_tracklets"": ""inlier_tracklets"", ""is_good"": ""is_good"", ""lin_dir_deg"": ""lin_dir_deg"", ""lin_rms_arcsec"": ""lin_rms_arcsec"", ""lin_speed_arcsec_per_day"": ""lin_speed_arcsec_per_day"", ""linkage_id"": ""linkage_id"", ""max_arcsec"": ""max_arcsec"", ""med_arcsec"": ""med_arcsec"", ""min_rejected_max_v_kms"": ""min_rejected_max_v_kms"", ""n_nights"": ""n_nights"", ""n_obs"": ""n_obs"", ""n_tracklets"": ""n_tracklets"", ""nu_deg"": ""nu_deg"", ""pred_dec_deg"": ""pred_dec_deg"", ""pred_ra_deg"": ""pred_ra_deg"", ""raan_deg"": ""raan_deg"", ""rejected_tracklets"": ""rejected_tracklets"", ""rms_arcsec"": ""rms_arcsec"", ""seed_max_v_kms"": ""seed_max_v_kms"", ""seed_tracklets"": ""seed_tracklets""}",[],[]
20260122,orbit_obs_residuals,/home/admin/pipeline/xiaoyunao/data/heliolincrr/20260122/rr_links/orbit_confirm/orbit_obs_residuals.fits,True,ok,,,348480,2026-05-14T21:48:12.428152+00:00,1778795292428151934,61c420f5bfd3b1722be50e4980ccee031cf0b92aa1aaba04f404d09c019ba098,,,1,3600,3600,,"{""dec_deg"": ""dec_deg"", ""linkage_id"": ""linkage_id"", ""mjd"": ""mjd"", ""obs_key"": ""obs_key"", ""ra_deg"": ""ra_deg"", ""resid_arcsec"": ""resid_arcsec"", ""tracklet_id"": ""tracklet_id"", ""used"": ""used""}",[],[]
20260123,known_all,/processed1/20260123/L4/20260123_all_asteroids.fits,True,ok_with_missing_optional,,,36846720,2026-06-19T13:16:24.067446+00:00,1781874984067445563,f019c975bf4accbb0b2eac6f867673a2d32cf7fc30a345be0979982da8a9e386,,,1,187961,187961,source_file,"{""asteroid_name"": ""name"", ""asteroid_number"": ""number"", ""epoch_mjd"": ""epoch"", ""pred_dec_deg"": ""dec"", ""pred_geocentric_distance_au"": null, ""pred_heliocentric_distance_au"": null, ""pred_phase_angle_deg"": null, ""pred_ra_deg"": ""ra"", ""pred_solar_elongation_deg"": null, ""pred_v_mag"": ""mag""}",[],"[""pred_heliocentric_distance_au"", ""pred_geocentric_distance_au"", ""pred_solar_elongation_deg"", ""pred_phase_angle_deg""]"
20260123,known_matched,/processed1/20260123/L4/20260123_matched_asteroids.fits,True,ok_with_missing_optional,,,7341120,2026-06-19T13:16:25.177424+00:00,1781874985177424340,0ddcfcc59d4e0df3be391cbd119b127553e5f2393e63ac799fae9db620a6c760,,,1,9448,9448,source_file,"{""asteroid_name"": ""name"", ""asteroid_number"": ""number"", ""epoch_mjd"": ""epoch"", ""flag"": ""Flag"", ""flag_iso_num"": ""Flag_ISO_Num"", ""flux_aper4"": ""Flux_Aper4"", ""fluxerr_aper4"": ""FluxErr_Aper4"", ""fwhm_px"": ""FWHM"", ""mag_aper4"": ""Mag_Aper4"", ""mag_aper8"": ""Mag_Aper8"", ""mag_kron"": ""Mag_Kron"", ""mag_psf"": ""Mag_PSF"", ""magerr_aper4"": ""MagErr_Aper4"", ""magerr_aper8"": ""MagErr_Aper8"", ""magerr_kron"": ""MagErr_Kron"", ""magerr_psf"": ""MagErr_PSF"", ""obj_id"": ""objID"", ""obs_dec_err_deg"": ""DECErr_Win"", ""obs_dec_psf_deg"": ""DEC_PSF"", ""obs_dec_win_deg"": ""DEC_Win"", ""obs_ra_err_deg"": ""RAErr_Win"", ""obs_ra_psf_deg"": ""RA_PSF"", ""obs_ra_win_deg"": ""RA_Win"", ""pred_dec_deg"": ""dec"", ""pred_geocentric_distance_au"": null, ""pred_heliocentric_distance_au"": null, ""pred_phase_angle_deg"": null, ""pred_ra_deg"": ""ra"", ""pred_solar_elongation_deg"": null, ""pred_v_mag"": ""mag"", ""x_win_px"": ""X_Win"", ""y_win_px"": ""Y_Win""}",[],"[""pred_heliocentric_distance_au"", ""pred_geocentric_distance_au"", ""pred_solar_elongation_deg"", ""pred_phase_angle_deg""]"
20260123,known_mask15,/processed1/20260123/L4/20260123_matched_asteroids_mask15.fits,True,ok_with_missing_optional,,,7640640,2026-06-19T13:16:26.266403+00:00,1781874986266403517,af8f3fc903979ab521304ea1ae4621bf5dada853256aca2357195be319e79a45,,,1,9837,9837,source_file,"{""asteroid_name"": ""name"", ""asteroid_number"": ""number"", ""epoch_mjd"": ""epoch"", ""flag"": ""Flag"", ""flag_iso_num"": ""Flag_ISO_Num"", ""flux_aper4"": ""Flux_Aper4"", ""fluxerr_aper4"": ""FluxErr_Aper4"", ""fwhm_px"": ""FWHM"", ""mag_aper4"": ""Mag_Aper4"", ""mag_aper8"": ""Mag_Aper8"", ""mag_kron"": ""Mag_Kron"", ""mag_psf"": ""Mag_PSF"", ""magerr_aper4"": ""MagErr_Aper4"", ""magerr_aper8"": ""MagErr_Aper8"", ""magerr_kron"": ""MagErr_Kron"", ""magerr_psf"": ""MagErr_PSF"", ""obj_id"": ""objID"", ""obs_dec_err_deg"": ""DECErr_Win"", ""obs_dec_psf_deg"": ""DEC_PSF"", ""obs_dec_win_deg"": ""DEC_Win"", ""obs_ra_err_deg"": ""RAErr_Win"", ""obs_ra_psf_deg"": ""RA_PSF"", ""obs_ra_win_deg"": ""RA_Win"", ""pred_dec_deg"": ""dec"", ""pred_geocentric_distance_au"": null, ""pred_heliocentric_distance_au"": null, ""pred_phase_angle_deg"": null, ""pred_ra_deg"": ""ra"", ""pred_solar_elongation_deg"": null, ""pred_v_mag"": ""mag"", ""x_win_px"": ""X_Win"", ""y_win_px"": ""Y_Win""}",[],"[""pred_heliocentric_distance_au"", ""pred_geocentric_distance_au"", ""pred_solar_elongation_deg"", ""pred_phase_angle_deg""]"
20260123,unknown_catalog,/processed1/20260123/L4/20260123_unknown_links.fits,True,ok,,,25920,2026-06-20T02:15:32.516042+00:00,1781921732516041831,789092285e08680d91566a9728737f8cda677156ac58b50acbb0ed8bddca9071,,,1,36,36,image_names,"{""a_au"": ""a_au"", ""argp_deg"": ""argp_deg"", ""best_v1_kms"": ""best_v1_kms"", ""decs_deg"": ""decs_deg"", ""ecc"": ""ecc"", ""exp_pairs"": ""exp_pairs"", ""fit_ok"": ""fit_ok"", ""groups"": ""groups"", ""image_names"": ""image_names"", ""inc_deg"": ""inc_deg"", ""is_good"": ""is_good"", ""lin_dir_deg"": ""lin_dir_deg"", ""lin_rms_arcsec"": ""lin_rms_arcsec"", ""lin_speed_arcsec_per_day"": ""lin_speed_arcsec_per_day"", ""linkage_id"": ""linkage_id"", ""max_arcsec"": ""max_arcsec"", ""med_arcsec"": ""med_arcsec"", ""mjds"": ""mjds"", ""n_obs"": ""n_obs"", ""n_tracklets"": ""n_tracklets"", ""nu_deg"": ""nu_deg"", ""objids"": ""objids"", ""raan_deg"": ""raan_deg"", ""ras_deg"": ""ras_deg"", ""rms_arcsec"": ""rms_arcsec"", ""tracklet_ids"": ""tracklet_ids"", ""trk_sub"": ""trk_sub""}",[],[]
20260123,orbit_links,/home/admin/pipeline/xiaoyunao/data/heliolincrr/20260123/rr_links/orbit_confirm/orbit_links.fits,True,ok,,,383040,2026-05-14T22:03:09.920413+00:00,1778796189920413594,46e606e9c235300dc6be7fca33b640ca7d6df149439e9ff59de2987c48826263,,,1,1200,1200,,"{""a_au"": ""a_au"", ""argp_deg"": ""argp_deg"", ""best_rejected_max_v_kms"": ""best_rejected_max_v_kms"", ""best_v1_kms"": ""best_v1_kms"", ""ecc"": ""ecc"", ""fail_counts"": ""fail_counts"", ""fail_reason"": ""fail_reason"", ""final_max_v_kms"": ""final_max_v_kms"", ""fit_ok"": ""fit_ok"", ""hypo_r_au"": ""hypo_r_au"", ""hypo_rdd_au_day2"": ""hypo_rdd_au_day2"", ""hypo_rdot_au_day"": ""hypo_rdot_au_day"", ""inc_deg"": ""inc_deg"", ""inlier_tracklets"": ""inlier_tracklets"", ""is_good"": ""is_good"", ""lin_dir_deg"": ""lin_dir_deg"", ""lin_rms_arcsec"": ""lin_rms_arcsec"", ""lin_speed_arcsec_per_day"": ""lin_speed_arcsec_per_day"", ""linkage_id"": ""linkage_id"", ""max_arcsec"": ""max_arcsec"", ""med_arcsec"": ""med_arcsec"", ""min_rejected_max_v_kms"": ""min_rejected_max_v_kms"", ""n_nights"": ""n_nights"", ""n_obs"": ""n_obs"", ""n_tracklets"": ""n_tracklets"", ""nu_deg"": ""nu_deg"", ""pred_dec_deg"": ""pred_dec_deg"", ""pred_ra_deg"": ""pred_ra_deg"", ""raan_deg"": ""raan_deg"", ""rejected_tracklets"": ""rejected_tracklets"", ""rms_arcsec"": ""rms_arcsec"", ""seed_max_v_kms"": ""seed_max_v_kms"", ""seed_tracklets"": ""seed_tracklets""}",[],[]
20260123,orbit_obs_residuals,/home/admin/pipeline/xiaoyunao/data/heliolincrr/20260123/rr_links/orbit_confirm/orbit_obs_residuals.fits,True,ok,,,339840,2026-05-14T22:03:09.932413+00:00,1778796189932413408,cd2bc125f3aa265cfc62fe0adce5a3ff59e37de7af41901968b19ae8ff3a109c,,,1,3498,3498,,"{""dec_deg"": ""dec_deg"", ""linkage_id"": ""linkage_id"", ""mjd"": ""mjd"", ""obs_key"": ""obs_key"", ""ra_deg"": ""ra_deg"", ""resid_arcsec"": ""resid_arcsec"", ""tracklet_id"": ""tracklet_id"", ""used"": ""used""}",[],[]
20260124,known_all,/processed1/20260124/L4/20260124_all_asteroids.fits,True,ok_with_missing_optional,,,34476480,2026-06-19T13:27:16.166977+00:00,1781875636166976643,f53b652d2be0c01b70d3afe12948caa251b0922334b1bb005a336ea08489df52,,,1,175862,175862,source_file,"{""asteroid_name"": ""name"", ""asteroid_number"": ""number"", ""epoch_mjd"": ""epoch"", ""pred_dec_deg"": ""dec"", ""pred_geocentric_distance_au"": null, ""pred_heliocentric_distance_au"": null, ""pred_phase_angle_deg"": null, ""pred_ra_deg"": ""ra"", ""pred_solar_elongation_deg"": null, ""pred_v_mag"": ""mag""}",[],"[""pred_heliocentric_distance_au"", ""pred_geocentric_distance_au"", ""pred_solar_elongation_deg"", ""pred_phase_angle_deg""]"
20260124,known_matched,/processed1/20260124/L4/20260124_matched_asteroids.fits,True,ok_with_missing_optional,,,5981760,2026-06-19T13:27:17.261956+00:00,1781875637261955705,c525e8fe2fb9dbeffdbe2a6c2ac004d5f8dd19bf3716dab2a9df2971fdf20c0f,,,1,7692,7692,source_file,"{""asteroid_name"": ""name"", ""asteroid_number"": ""number"", ""epoch_mjd"": ""epoch"", ""flag"": ""Flag"", ""flag_iso_num"": ""Flag_ISO_Num"", ""flux_aper4"": ""Flux_Aper4"", ""fluxerr_aper4"": ""FluxErr_Aper4"", ""fwhm_px"": ""FWHM"", ""mag_aper4"": ""Mag_Aper4"", ""mag_aper8"": ""Mag_Aper8"", ""mag_kron"": ""Mag_Kron"", ""mag_psf"": ""Mag_PSF"", ""magerr_aper4"": ""MagErr_Aper4"", ""magerr_aper8"": ""MagErr_Aper8"", ""magerr_kron"": ""MagErr_Kron"", ""magerr_psf"": ""MagErr_PSF"", ""obj_id"": ""objID"", ""obs_dec_err_deg"": ""DECErr_Win"", ""obs_dec_psf_deg"": ""DEC_PSF"", ""obs_dec_win_deg"": ""DEC_Win"", ""obs_ra_err_deg"": ""RAErr_Win"", ""obs_ra_psf_deg"": ""RA_PSF"", ""obs_ra_win_deg"": ""RA_Win"", ""pred_dec_deg"": ""dec"", ""pred_geocentric_distance_au"": null, ""pred_heliocentric_distance_au"": null, ""pred_phase_angle_deg"": null, ""pred_ra_deg"": ""ra"", ""pred_solar_elongation_deg"": null, ""pred_v_mag"": ""mag"", ""x_win_px"": ""X_Win"", ""y_win_px"": ""Y_Win""}",[],"[""pred_heliocentric_distance_au"", ""pred_geocentric_distance_au"", ""pred_solar_elongation_deg"", ""pred_phase_angle_deg""]"
20260124,known_mask15,/processed1/20260124/L4/20260124_matched_asteroids_mask15.fits,True,ok_with_missing_optional,,,6526080,2026-06-19T13:27:18.346935+00:00,1781875638346934959,9ad7528259a97dcef361a82ecfc29f2e5ee1313fc3c92c43a857eb78634482bf,,,1,8396,8396,source_file,"{""asteroid_name"": ""name"", ""asteroid_number"": ""number"", ""epoch_mjd"": ""epoch"", ""flag"": ""Flag"", ""flag_iso_num"": ""Flag_ISO_Num"", ""flux_aper4"": ""Flux_Aper4"", ""fluxerr_aper4"": ""FluxErr_Aper4"", ""fwhm_px"": ""FWHM"", ""mag_aper4"": ""Mag_Aper4"", ""mag_aper8"": ""Mag_Aper8"", ""mag_kron"": ""Mag_Kron"", ""mag_psf"": ""Mag_PSF"", ""magerr_aper4"": ""MagErr_Aper4"", ""magerr_aper8"": ""MagErr_Aper8"", ""magerr_kron"": ""MagErr_Kron"", ""magerr_psf"": ""MagErr_PSF"", ""obj_id"": ""objID"", ""obs_dec_err_deg"": ""DECErr_Win"", ""obs_dec_psf_deg"": ""DEC_PSF"", ""obs_dec_win_deg"": ""DEC_Win"", ""obs_ra_err_deg"": ""RAErr_Win"", ""obs_ra_psf_deg"": ""RA_PSF"", ""obs_ra_win_deg"": ""RA_Win"", ""pred_dec_deg"": ""dec"", ""pred_geocentric_distance_au"": null, ""pred_heliocentric_distance_au"": null, ""pred_phase_angle_deg"": null, ""pred_ra_deg"": ""ra"", ""pred_solar_elongation_deg"": null, ""pred_v_mag"": ""mag"", ""x_win_px"": ""X_Win"", ""y_win_px"": ""Y_Win""}",[],"[""pred_heliocentric_distance_au"", ""pred_geocentric_distance_au"", ""pred_solar_elongation_deg"", ""pred_phase_angle_deg""]"
20260124,unknown_catalog,/processed1/20260124/L4/20260124_unknown_links.fits,True,ok,,,28800,2026-06-20T02:16:43.431676+00:00,1781921803431675904,90c45817447b78fb26935dcaccca910ec91cb199f006a4d7bbeca20f69e67f52,,,1,45,45,image_names,"{""a_au"": ""a_au"", ""argp_deg"": ""argp_deg"", ""best_v1_kms"": ""best_v1_kms"", ""decs_deg"": ""decs_deg"", ""ecc"": ""ecc"", ""exp_pairs"": ""exp_pairs"", ""fit_ok"": ""fit_ok"", ""groups"": ""groups"", ""image_names"": ""image_names"", ""inc_deg"": ""inc_deg"", ""is_good"": ""is_good"", ""lin_dir_deg"": ""lin_dir_deg"", ""lin_rms_arcsec"": ""lin_rms_arcsec"", ""lin_speed_arcsec_per_day"": ""lin_speed_arcsec_per_day"", ""linkage_id"": ""linkage_id"", ""max_arcsec"": ""max_arcsec"", ""med_arcsec"": ""med_arcsec"", ""mjds"": ""mjds"", ""n_obs"": ""n_obs"", ""n_tracklets"": ""n_tracklets"", ""nu_deg"": ""nu_deg"", ""objids"": ""objids"", ""raan_deg"": ""raan_deg"", ""ras_deg"": ""ras_deg"", ""rms_arcsec"": ""rms_arcsec"", ""tracklet_ids"": ""tracklet_ids"", ""trk_sub"": ""trk_sub""}",[],[]
20260124,orbit_links,/home/admin/pipeline/xiaoyunao/data/heliolincrr/20260124/rr_links/orbit_confirm/orbit_links.fits,True,ok,,,385920,2026-05-14T22:16:25.773021+00:00,1778796985773020575,45e8ea3faf135858506e9cd0d55bbc42702bfb43474783bfbacf27151989bef0,,,1,926,926,,"{""a_au"": ""a_au"", ""argp_deg"": ""argp_deg"", ""best_rejected_max_v_kms"": ""best_rejected_max_v_kms"", ""best_v1_kms"": ""best_v1_kms"", ""ecc"": ""ecc"", ""fail_counts"": ""fail_counts"", ""fail_reason"": ""fail_reason"", ""final_max_v_kms"": ""final_max_v_kms"", ""fit_ok"": ""fit_ok"", ""hypo_r_au"": ""hypo_r_au"", ""hypo_rdd_au_day2"": ""hypo_rdd_au_day2"", ""hypo_rdot_au_day"": ""hypo_rdot_au_day"", ""inc_deg"": ""inc_deg"", ""inlier_tracklets"": ""inlier_tracklets"", ""is_good"": ""is_good"", ""lin_dir_deg"": ""lin_dir_deg"", ""lin_rms_arcsec"": ""lin_rms_arcsec"", ""lin_speed_arcsec_per_day"": ""lin_speed_arcsec_per_day"", ""linkage_id"": ""linkage_id"", ""max_arcsec"": ""max_arcsec"", ""med_arcsec"": ""med_arcsec"", ""min_rejected_max_v_kms"": ""min_rejected_max_v_kms"", ""n_nights"": ""n_nights"", ""n_obs"": ""n_obs"", ""n_tracklets"": ""n_tracklets"", ""nu_deg"": ""nu_deg"", ""pred_dec_deg"": ""pred_dec_deg"", ""pred_ra_deg"": ""pred_ra_deg"", ""raan_deg"": ""raan_deg"", ""rejected_tracklets"": ""rejected_tracklets"", ""rms_arcsec"": ""rms_arcsec"", ""seed_max_v_kms"": ""seed_max_v_kms"", ""seed_tracklets"": ""seed_tracklets""}",[],[]
20260124,orbit_obs_residuals,/home/admin/pipeline/xiaoyunao/data/heliolincrr/20260124/rr_links/orbit_confirm/orbit_obs_residuals.fits,True,ok,,,276480,2026-05-14T22:16:25.784561+00:00,1778796985784561008,e59079ad09e18659c9d3e58c7bdb552c6323d2c4bf9dc1548a1776da92c20008,,,1,2797,2797,,"{""dec_deg"": ""dec_deg"", ""linkage_id"": ""linkage_id"", ""mjd"": ""mjd"", ""obs_key"": ""obs_key"", ""ra_deg"": ""ra_deg"", ""resid_arcsec"": ""resid_arcsec"", ""tracklet_id"": ""tracklet_id"", ""used"": ""used""}",[],[]
20260125,known_all,/processed1/20260125/L4/20260125_all_asteroids.fits,False,missing,,,0,,0,,,,1,0,0,,{},[],[]
20260125,known_matched,/processed1/20260125/L4/20260125_matched_asteroids.fits,False,missing,,,0,,0,,,,1,0,0,,{},[],[]
20260125,known_mask15,/processed1/20260125/L4/20260125_matched_asteroids_mask15.fits,False,missing,,,0,,0,,,,1,0,0,,{},[],[]
20260125,unknown_catalog,/processed1/20260125/L4/20260125_unknown_links.fits,False,missing,,,0,,0,,,,1,0,0,,{},[],[]
20260125,orbit_links,/home/admin/pipeline/xiaoyunao/data/heliolincrr/20260125/rr_links/orbit_confirm/orbit_links.fits,False,missing,,,0,,0,,,,1,0,0,,{},[],[]
20260125,orbit_obs_residuals,/home/admin/pipeline/xiaoyunao/data/heliolincrr/20260125/rr_links/orbit_confirm/orbit_obs_residuals.fits,False,missing,,,0,,0,,,,1,0,0,,{},[],[]
20260126,known_all,/processed1/20260126/L4/20260126_all_asteroids.fits,True,ok_with_missing_optional,,,31302720,2026-06-19T13:37:15.583518+00:00,1781876235583517624,99d725966e98551c138807a22d40fd14d8477a3bd43f021594fffb8874815d07,,,1,159664,159664,source_file,"{""asteroid_name"": ""name"", ""asteroid_number"": ""number"", ""epoch_mjd"": ""epoch"", ""pred_dec_deg"": ""dec"", ""pred_geocentric_distance_au"": null, ""pred_heliocentric_distance_au"": null, ""pred_phase_angle_deg"": null, ""pred_ra_deg"": ""ra"", ""pred_solar_elongation_deg"": null, ""pred_v_mag"": ""mag""}",[],"[""pred_heliocentric_distance_au"", ""pred_geocentric_distance_au"", ""pred_solar_elongation_deg"", ""pred_phase_angle_deg""]"
20260126,known_matched,/processed1/20260126/L4/20260126_matched_asteroids.fits,True,ok_with_missing_optional,,,6079680,2026-06-19T13:37:16.682497+00:00,1781876236682496617,e79d3a1f7b3fdcca3bd53174c0c5e34e1cc184ecc1d869ec0a496c562a2c083d,,,1,7818,7818,source_file,"{""asteroid_name"": ""name"", ""asteroid_number"": ""number"", ""epoch_mjd"": ""epoch"", ""flag"": ""Flag"", ""flag_iso_num"": ""Flag_ISO_Num"", ""flux_aper4"": ""Flux_Aper4"", ""fluxerr_aper4"": ""FluxErr_Aper4"", ""fwhm_px"": ""FWHM"", ""mag_aper4"": ""Mag_Aper4"", ""mag_aper8"": ""Mag_Aper8"", ""mag_kron"": ""Mag_Kron"", ""mag_psf"": ""Mag_PSF"", ""magerr_aper4"": ""MagErr_Aper4"", ""magerr_aper8"": ""MagErr_Aper8"", ""magerr_kron"": ""MagErr_Kron"", ""magerr_psf"": ""MagErr_PSF"", ""obj_id"": ""objID"", ""obs_dec_err_deg"": ""DECErr_Win"", ""obs_dec_psf_deg"": ""DEC_PSF"", ""obs_dec_win_deg"": ""DEC_Win"", ""obs_ra_err_deg"": ""RAErr_Win"", ""obs_ra_psf_deg"": ""RA_PSF"", ""obs_ra_win_deg"": ""RA_Win"", ""pred_dec_deg"": ""dec"", ""pred_geocentric_distance_au"": null, ""pred_heliocentric_distance_au"": null, ""pred_phase_angle_deg"": null, ""pred_ra_deg"": ""ra"", ""pred_solar_elongation_deg"": null, ""pred_v_mag"": ""mag"", ""x_win_px"": ""X_Win"", ""y_win_px"": ""Y_Win""}",[],"[""pred_heliocentric_distance_au"", ""pred_geocentric_distance_au"", ""pred_solar_elongation_deg"", ""pred_phase_angle_deg""]"
20260126,known_mask15,/processed1/20260126/L4/20260126_matched_asteroids_mask15.fits,True,ok_with_missing_optional,,,6379200,2026-06-19T13:37:17.766476+00:00,1781876237766475897,300f434707fbd1e95d817a33676af0a87bf53a3044b63745ab43fa87c5540be2,,,1,8205,8205,source_file,"{""asteroid_name"": ""name"", ""asteroid_number"": ""number"", ""epoch_mjd"": ""epoch"", ""flag"": ""Flag"", ""flag_iso_num"": ""Flag_ISO_Num"", ""flux_aper4"": ""Flux_Aper4"", ""fluxerr_aper4"": ""FluxErr_Aper4"", ""fwhm_px"": ""FWHM"", ""mag_aper4"": ""Mag_Aper4"", ""mag_aper8"": ""Mag_Aper8"", ""mag_kron"": ""Mag_Kron"", ""mag_psf"": ""Mag_PSF"", ""magerr_aper4"": ""MagErr_Aper4"", ""magerr_aper8"": ""MagErr_Aper8"", ""magerr_kron"": ""MagErr_Kron"", ""magerr_psf"": ""MagErr_PSF"", ""obj_id"": ""objID"", ""obs_dec_err_deg"": ""DECErr_Win"", ""obs_dec_psf_deg"": ""DEC_PSF"", ""obs_dec_win_deg"": ""DEC_Win"", ""obs_ra_err_deg"": ""RAErr_Win"", ""obs_ra_psf_deg"": ""RA_PSF"", ""obs_ra_win_deg"": ""RA_Win"", ""pred_dec_deg"": ""dec"", ""pred_geocentric_distance_au"": null, ""pred_heliocentric_distance_au"": null, ""pred_phase_angle_deg"": null, ""pred_ra_deg"": ""ra"", ""pred_solar_elongation_deg"": null, ""pred_v_mag"": ""mag"", ""x_win_px"": ""X_Win"", ""y_win_px"": ""Y_Win""}",[],"[""pred_heliocentric_distance_au"", ""pred_geocentric_distance_au"", ""pred_solar_elongation_deg"", ""pred_phase_angle_deg""]"
20260126,unknown_catalog,/processed1/20260126/L4/20260126_unknown_links.fits,True,ok,,,31680,2026-06-20T02:20:01.900853+00:00,1781922001900853128,448c8ae33b1519435ca45fb1d41f966121500ad590d57a4851b963243c97ebdd,,,1,55,55,image_names,"{""a_au"": ""a_au"", ""argp_deg"": ""argp_deg"", ""best_v1_kms"": ""best_v1_kms"", ""decs_deg"": ""decs_deg"", ""ecc"": ""ecc"", ""exp_pairs"": ""exp_pairs"", ""fit_ok"": ""fit_ok"", ""groups"": ""groups"", ""image_names"": ""image_names"", ""inc_deg"": ""inc_deg"", ""is_good"": ""is_good"", ""lin_dir_deg"": ""lin_dir_deg"", ""lin_rms_arcsec"": ""lin_rms_arcsec"", ""lin_speed_arcsec_per_day"": ""lin_speed_arcsec_per_day"", ""linkage_id"": ""linkage_id"", ""max_arcsec"": ""max_arcsec"", ""med_arcsec"": ""med_arcsec"", ""mjds"": ""mjds"", ""n_obs"": ""n_obs"", ""n_tracklets"": ""n_tracklets"", ""nu_deg"": ""nu_deg"", ""objids"": ""objids"", ""raan_deg"": ""raan_deg"", ""ras_deg"": ""ras_deg"", ""rms_arcsec"": ""rms_arcsec"", ""tracklet_ids"": ""tracklet_ids"", ""trk_sub"": ""trk_sub""}",[],[]
20260126,orbit_links,/home/admin/pipeline/xiaoyunao/data/heliolincrr/20260126/rr_links/orbit_confirm/orbit_links.fits,True,ok,,,429120,2026-05-14T22:33:26.016982+00:00,1778798006016981681,10551ac5402508418d4ffeb42d2546670dfc371ea3ebe79898ead7d240a753a1,,,1,1279,1279,,"{""a_au"": ""a_au"", ""argp_deg"": ""argp_deg"", ""best_rejected_max_v_kms"": ""best_rejected_max_v_kms"", ""best_v1_kms"": ""best_v1_kms"", ""ecc"": ""ecc"", ""fail_counts"": ""fail_counts"", ""fail_reason"": ""fail_reason"", ""final_max_v_kms"": ""final_max_v_kms"", ""fit_ok"": ""fit_ok"", ""hypo_r_au"": ""hypo_r_au"", ""hypo_rdd_au_day2"": ""hypo_rdd_au_day2"", ""hypo_rdot_au_day"": ""hypo_rdot_au_day"", ""inc_deg"": ""inc_deg"", ""inlier_tracklets"": ""inlier_tracklets"", ""is_good"": ""is_good"", ""lin_dir_deg"": ""lin_dir_deg"", ""lin_rms_arcsec"": ""lin_rms_arcsec"", ""lin_speed_arcsec_per_day"": ""lin_speed_arcsec_per_day"", ""linkage_id"": ""linkage_id"", ""max_arcsec"": ""max_arcsec"", ""med_arcsec"": ""med_arcsec"", ""min_rejected_max_v_kms"": ""min_rejected_max_v_kms"", ""n_nights"": ""n_nights"", ""n_obs"": ""n_obs"", ""n_tracklets"": ""n_tracklets"", ""nu_deg"": ""nu_deg"", ""pred_dec_deg"": ""pred_dec_deg"", ""pred_ra_deg"": ""pred_ra_deg"", ""raan_deg"": ""raan_deg"", ""rejected_tracklets"": ""rejected_tracklets"", ""rms_arcsec"": ""rms_arcsec"", ""seed_max_v_kms"": ""seed_max_v_kms"", ""seed_tracklets"": ""seed_tracklets""}",[],[]
20260126,orbit_obs_residuals,/home/admin/pipeline/xiaoyunao/data/heliolincrr/20260126/rr_links/orbit_confirm/orbit_obs_residuals.fits,True,ok,,,455040,2026-05-14T22:33:26.031204+00:00,1778798006031203391,a92aa391aca33e143ca985b205f3001a5bffcd28d11a1ebc4de67bcb54dffad9,,,1,4680,4680,,"{""dec_deg"": ""dec_deg"", ""linkage_id"": ""linkage_id"", ""mjd"": ""mjd"", ""obs_key"": ""obs_key"", ""ra_deg"": ""ra_deg"", ""resid_arcsec"": ""resid_arcsec"", ""tracklet_id"": ""tracklet_id"", ""used"": ""used""}",[],[]
20260127,known_all,/processed1/20260127/L4/20260127_all_asteroids.fits,True,ok_with_missing_optional,,,21994560,2026-06-19T13:44:29.538223+00:00,1781876669538222614,11588ea05b95553e13da3cc134d810c7f483eb6692a2d89628e70f33e0683bba,,,1,112177,112177,source_file,"{""asteroid_name"": ""name"", ""asteroid_number"": ""number"", ""epoch_mjd"": ""epoch"", ""pred_dec_deg"": ""dec"", ""pred_geocentric_distance_au"": null, ""pred_heliocentric_distance_au"": null, ""pred_phase_angle_deg"": null, ""pred_ra_deg"": ""ra"", ""pred_solar_elongation_deg"": null, ""pred_v_mag"": ""mag""}",[],"[""pred_heliocentric_distance_au"", ""pred_geocentric_distance_au"", ""pred_solar_elongation_deg"", ""pred_phase_angle_deg""]"
20260127,known_matched,/processed1/20260127/L4/20260127_matched_asteroids.fits,True,ok_with_missing_optional,,,1797120,2026-06-19T13:44:30.259209+00:00,1781876670259208832,58947109c9c249e20804fac606c5719257cf69c573105bb7e583531dd0dc2796,,,1,2287,2287,source_file,"{""asteroid_name"": ""name"", ""asteroid_number"": ""number"", ""epoch_mjd"": ""epoch"", ""flag"": ""Flag"", ""flag_iso_num"": ""Flag_ISO_Num"", ""flux_aper4"": ""Flux_Aper4"", ""fluxerr_aper4"": ""FluxErr_Aper4"", ""fwhm_px"": ""FWHM"", ""mag_aper4"": ""Mag_Aper4"", ""mag_aper8"": ""Mag_Aper8"", ""mag_kron"": ""Mag_Kron"", ""mag_psf"": ""Mag_PSF"", ""magerr_aper4"": ""MagErr_Aper4"", ""magerr_aper8"": ""MagErr_Aper8"", ""magerr_kron"": ""MagErr_Kron"", ""magerr_psf"": ""MagErr_PSF"", ""obj_id"": ""objID"", ""obs_dec_err_deg"": ""DECErr_Win"", ""obs_dec_psf_deg"": ""DEC_PSF"", ""obs_dec_win_deg"": ""DEC_Win"", ""obs_ra_err_deg"": ""RAErr_Win"", ""obs_ra_psf_deg"": ""RA_PSF"", ""obs_ra_win_deg"": ""RA_Win"", ""pred_dec_deg"": ""dec"", ""pred_geocentric_distance_au"": null, ""pred_heliocentric_distance_au"": null, ""pred_phase_angle_deg"": null, ""pred_ra_deg"": ""ra"", ""pred_solar_elongation_deg"": null, ""pred_v_mag"": ""mag"", ""x_win_px"": ""X_Win"", ""y_win_px"": ""Y_Win""}",[],"[""pred_heliocentric_distance_au"", ""pred_geocentric_distance_au"", ""pred_solar_elongation_deg"", ""pred_phase_angle_deg""]"
20260127,known_mask15,/processed1/20260127/L4/20260127_matched_asteroids_mask15.fits,True,ok_with_missing_optional,,,1909440,2026-06-19T13:44:30.959195+00:00,1781876670959195452,147f6e6efbcfce9819e6fb96967e819cbf9931dcca71c559bb4ae6f96e7586a6,,,1,2431,2431,source_file,"{""asteroid_name"": ""name"", ""asteroid_number"": ""number"", ""epoch_mjd"": ""epoch"", ""flag"": ""Flag"", ""flag_iso_num"": ""Flag_ISO_Num"", ""flux_aper4"": ""Flux_Aper4"", ""fluxerr_aper4"": ""FluxErr_Aper4"", ""fwhm_px"": ""FWHM"", ""mag_aper4"": ""Mag_Aper4"", ""mag_aper8"": ""Mag_Aper8"", ""mag_kron"": ""Mag_Kron"", ""mag_psf"": ""Mag_PSF"", ""magerr_aper4"": ""MagErr_Aper4"", ""magerr_aper8"": ""MagErr_Aper8"", ""magerr_kron"": ""MagErr_Kron"", ""magerr_psf"": ""MagErr_PSF"", ""obj_id"": ""objID"", ""obs_dec_err_deg"": ""DECErr_Win"", ""obs_dec_psf_deg"": ""DEC_PSF"", ""obs_dec_win_deg"": ""DEC_Win"", ""obs_ra_err_deg"": ""RAErr_Win"", ""obs_ra_psf_deg"": ""RA_PSF"", ""obs_ra_win_deg"": ""RA_Win"", ""pred_dec_deg"": ""dec"", ""pred_geocentric_distance_au"": null, ""pred_heliocentric_distance_au"": null, ""pred_phase_angle_deg"": null, ""pred_ra_deg"": ""ra"", ""pred_solar_elongation_deg"": null, ""pred_v_mag"": ""mag"", ""x_win_px"": ""X_Win"", ""y_win_px"": ""Y_Win""}",[],"[""pred_heliocentric_distance_au"", ""pred_geocentric_distance_au"", ""pred_solar_elongation_deg"", ""pred_phase_angle_deg""]"
20260127,unknown_catalog,/processed1/20260127/L4/20260127_unknown_links.fits,True,ok,,,11520,2026-06-20T02:21:32.146115+00:00,1781922092146114887,827e9fb0529939c398df297bdbefff3d7bf7ee860ea5ed3ce2e7fb7a1e3640bb,,,1,4,4,image_names,"{""a_au"": ""a_au"", ""argp_deg"": ""argp_deg"", ""best_v1_kms"": ""best_v1_kms"", ""decs_deg"": ""decs_deg"", ""ecc"": ""ecc"", ""exp_pairs"": ""exp_pairs"", ""fit_ok"": ""fit_ok"", ""groups"": ""groups"", ""image_names"": ""image_names"", ""inc_deg"": ""inc_deg"", ""is_good"": ""is_good"", ""lin_dir_deg"": ""lin_dir_deg"", ""lin_rms_arcsec"": ""lin_rms_arcsec"", ""lin_speed_arcsec_per_day"": ""lin_speed_arcsec_per_day"", ""linkage_id"": ""linkage_id"", ""max_arcsec"": ""max_arcsec"", ""med_arcsec"": ""med_arcsec"", ""mjds"": ""mjds"", ""n_obs"": ""n_obs"", ""n_tracklets"": ""n_tracklets"", ""nu_deg"": ""nu_deg"", ""objids"": ""objids"", ""raan_deg"": ""raan_deg"", ""ras_deg"": ""ras_deg"", ""rms_arcsec"": ""rms_arcsec"", ""tracklet_ids"": ""tracklet_ids"", ""trk_sub"": ""trk_sub""}",[],[]
20260127,orbit_links,/home/admin/pipeline/xiaoyunao/data/heliolincrr/20260127/rr_links/orbit_confirm/orbit_links.fits,True,ok,,,69120,2026-05-14T22:49:40.644886+00:00,1778798980644885527,6b0a037622b8a26da07eba04fb1f94d3202ec6e292e7fa02777df9f42869bb99,,,1,186,186,,"{""a_au"": ""a_au"", ""argp_deg"": ""argp_deg"", ""best_rejected_max_v_kms"": ""best_rejected_max_v_kms"", ""best_v1_kms"": ""best_v1_kms"", ""ecc"": ""ecc"", ""fail_counts"": ""fail_counts"", ""fail_reason"": ""fail_reason"", ""final_max_v_kms"": ""final_max_v_kms"", ""fit_ok"": ""fit_ok"", ""hypo_r_au"": ""hypo_r_au"", ""hypo_rdd_au_day2"": ""hypo_rdd_au_day2"", ""hypo_rdot_au_day"": ""hypo_rdot_au_day"", ""inc_deg"": ""inc_deg"", ""inlier_tracklets"": ""inlier_tracklets"", ""is_good"": ""is_good"", ""lin_dir_deg"": ""lin_dir_deg"", ""lin_rms_arcsec"": ""lin_rms_arcsec"", ""lin_speed_arcsec_per_day"": ""lin_speed_arcsec_per_day"", ""linkage_id"": ""linkage_id"", ""max_arcsec"": ""max_arcsec"", ""med_arcsec"": ""med_arcsec"", ""min_rejected_max_v_kms"": ""min_rejected_max_v_kms"", ""n_nights"": ""n_nights"", ""n_obs"": ""n_obs"", ""n_tracklets"": ""n_tracklets"", ""nu_deg"": ""nu_deg"", ""pred_dec_deg"": ""pred_dec_deg"", ""pred_ra_deg"": ""pred_ra_deg"", ""raan_deg"": ""raan_deg"", ""rejected_tracklets"": ""rejected_tracklets"", ""rms_arcsec"": ""rms_arcsec"", ""seed_max_v_kms"": ""seed_max_v_kms"", ""seed_tracklets"": ""seed_tracklets""}",[],[]
20260127,orbit_obs_residuals,/home/admin/pipeline/xiaoyunao/data/heliolincrr/20260127/rr_links/orbit_confirm/orbit_obs_residuals.fits,True,ok,,,60480,2026-05-14T22:49:40.653143+00:00,1778798980653143165,b054c116116e4219c3aa9a840f826febf2772b5e674a479fa521de37fbb6e774,,,1,567,567,,"{""dec_deg"": ""dec_deg"", ""linkage_id"": ""linkage_id"", ""mjd"": ""mjd"", ""obs_key"": ""obs_key"", ""ra_deg"": ""ra_deg"", ""resid_arcsec"": ""resid_arcsec"", ""tracklet_id"": ""tracklet_id"", ""used"": ""used""}",[],[]
20260128,known_all,/processed1/20260128/L4/20260128_all_asteroids.fits,True,ok_with_missing_optional,,,2085120,2026-06-19T13:45:24.582170+00:00,1781876724582170453,dfa56f3b935bb10496a32a679778a6fc708ac6b72b2779a22ca3462719ad105a,,,1,10597,10597,source_file,"{""asteroid_name"": ""name"", ""asteroid_number"": ""number"", ""epoch_mjd"": ""epoch"", ""pred_dec_deg"": ""dec"", ""pred_geocentric_distance_au"": null, ""pred_heliocentric_distance_au"": null, ""pred_phase_angle_deg"": null, ""pred_ra_deg"": ""ra"", ""pred_solar_elongation_deg"": null, ""pred_v_mag"": ""mag""}",[],"[""pred_heliocentric_distance_au"", ""pred_geocentric_distance_au"", ""pred_solar_elongation_deg"", ""pred_phase_angle_deg""]"
20260128,known_matched,/processed1/20260128/L4/20260128_matched_asteroids.fits,True,ok_with_missing_optional,,,126720,2026-06-19T13:45:24.705168+00:00,1781876724705168102,705571e9ec16169a446ae5a08776ae76f3f0cbe4077354c94ac4681d077e95c0,,,1,128,128,source_file,"{""asteroid_name"": ""name"", ""asteroid_number"": ""number"", ""epoch_mjd"": ""epoch"", ""flag"": ""Flag"", ""flag_iso_num"": ""Flag_ISO_Num"", ""flux_aper4"": ""Flux_Aper4"", ""fluxerr_aper4"": ""FluxErr_Aper4"", ""fwhm_px"": ""FWHM"", ""mag_aper4"": ""Mag_Aper4"", ""mag_aper8"": ""Mag_Aper8"", ""mag_kron"": ""Mag_Kron"", ""mag_psf"": ""Mag_PSF"", ""magerr_aper4"": ""MagErr_Aper4"", ""magerr_aper8"": ""MagErr_Aper8"", ""magerr_kron"": ""MagErr_Kron"", ""magerr_psf"": ""MagErr_PSF"", ""obj_id"": ""objID"", ""obs_dec_err_deg"": ""DECErr_Win"", ""obs_dec_psf_deg"": ""DEC_PSF"", ""obs_dec_win_deg"": ""DEC_Win"", ""obs_ra_err_deg"": ""RAErr_Win"", ""obs_ra_psf_deg"": ""RA_PSF"", ""obs_ra_win_deg"": ""RA_Win"", ""pred_dec_deg"": ""dec"", ""pred_geocentric_distance_au"": null, ""pred_heliocentric_distance_au"": null, ""pred_phase_angle_deg"": null, ""pred_ra_deg"": ""ra"", ""pred_solar_elongation_deg"": null, ""pred_v_mag"": ""mag"", ""x_win_px"": ""X_Win"", ""y_win_px"": ""Y_Win""}",[],"[""pred_heliocentric_distance_au"", ""pred_geocentric_distance_au"", ""pred_solar_elongation_deg"", ""pred_phase_angle_deg""]"
20260128,known_mask15,/processed1/20260128/L4/20260128_matched_asteroids_mask15.fits,True,ok_with_missing_optional,,,152640,2026-06-19T13:45:24.828166+00:00,1781876724828165751,a56d61241f66f75c3c84f5b8c83bccf757df2515de8188549df240a48e6516ee,,,1,162,162,source_file,"{""asteroid_name"": ""name"", ""asteroid_number"": ""number"", ""epoch_mjd"": ""epoch"", ""flag"": ""Flag"", ""flag_iso_num"": ""Flag_ISO_Num"", ""flux_aper4"": ""Flux_Aper4"", ""fluxerr_aper4"": ""FluxErr_Aper4"", ""fwhm_px"": ""FWHM"", ""mag_aper4"": ""Mag_Aper4"", ""mag_aper8"": ""Mag_Aper8"", ""mag_kron"": ""Mag_Kron"", ""mag_psf"": ""Mag_PSF"", ""magerr_aper4"": ""MagErr_Aper4"", ""magerr_aper8"": ""MagErr_Aper8"", ""magerr_kron"": ""MagErr_Kron"", ""magerr_psf"": ""MagErr_PSF"", ""obj_id"": ""objID"", ""obs_dec_err_deg"": ""DECErr_Win"", ""obs_dec_psf_deg"": ""DEC_PSF"", ""obs_dec_win_deg"": ""DEC_Win"", ""obs_ra_err_deg"": ""RAErr_Win"", ""obs_ra_psf_deg"": ""RA_PSF"", ""obs_ra_win_deg"": ""RA_Win"", ""pred_dec_deg"": ""dec"", ""pred_geocentric_distance_au"": null, ""pred_heliocentric_distance_au"": null, ""pred_phase_angle_deg"": null, ""pred_ra_deg"": ""ra"", ""pred_solar_elongation_deg"": null, ""pred_v_mag"": ""mag"", ""x_win_px"": ""X_Win"", ""y_win_px"": ""Y_Win""}",[],"[""pred_heliocentric_distance_au"", ""pred_geocentric_distance_au"", ""pred_solar_elongation_deg"", ""pred_phase_angle_deg""]"
20260128,unknown_catalog,/processed1/20260128/L4/20260128_unknown_links.fits,True,ok,,,8640,2026-06-20T02:21:49.456781+00:00,1781922109456781461,ae49cc5e768ea74f2b9233e8e4b56e4db77dd4c3219b06a6ce6ae1d2f558cb89,,,1,0,0,image_names,"{""a_au"": ""a_au"", ""argp_deg"": ""argp_deg"", ""best_v1_kms"": ""best_v1_kms"", ""decs_deg"": ""decs_deg"", ""ecc"": ""ecc"", ""exp_pairs"": ""exp_pairs"", ""fit_ok"": ""fit_ok"", ""groups"": ""groups"", ""image_names"": ""image_names"", ""inc_deg"": ""inc_deg"", ""is_good"": ""is_good"", ""lin_dir_deg"": ""lin_dir_deg"", ""lin_rms_arcsec"": ""lin_rms_arcsec"", ""lin_speed_arcsec_per_day"": ""lin_speed_arcsec_per_day"", ""linkage_id"": ""linkage_id"", ""max_arcsec"": ""max_arcsec"", ""med_arcsec"": ""med_arcsec"", ""mjds"": ""mjds"", ""n_obs"": ""n_obs"", ""n_tracklets"": ""n_tracklets"", ""nu_deg"": ""nu_deg"", ""objids"": ""objids"", ""raan_deg"": ""raan_deg"", ""ras_deg"": ""ras_deg"", ""rms_arcsec"": ""rms_arcsec"", ""tracklet_ids"": ""tracklet_ids"", ""trk_sub"": ""trk_sub""}",[],[]
20260128,orbit_links,/home/admin/pipeline/xiaoyunao/data/heliolincrr/20260128/rr_links/orbit_confirm/orbit_links.fits,True,ok,,,11520,2026-05-14T22:51:56.640483+00:00,1778799116640483381,542ddaf9109f5b879fba57622ccc700be660bff5972b265f42d21f95ec37f753,,,1,0,0,,"{""a_au"": ""a_au"", ""argp_deg"": ""argp_deg"", ""best_rejected_max_v_kms"": ""best_rejected_max_v_kms"", ""best_v1_kms"": ""best_v1_kms"", ""ecc"": ""ecc"", ""fail_counts"": ""fail_counts"", ""fail_reason"": ""fail_reason"", ""final_max_v_kms"": ""final_max_v_kms"", ""fit_ok"": ""fit_ok"", ""hypo_r_au"": ""hypo_r_au"", ""hypo_rdd_au_day2"": ""hypo_rdd_au_day2"", ""hypo_rdot_au_day"": ""hypo_rdot_au_day"", ""inc_deg"": ""inc_deg"", ""inlier_tracklets"": ""inlier_tracklets"", ""is_good"": ""is_good"", ""lin_dir_deg"": ""lin_dir_deg"", ""lin_rms_arcsec"": ""lin_rms_arcsec"", ""lin_speed_arcsec_per_day"": ""lin_speed_arcsec_per_day"", ""linkage_id"": ""linkage_id"", ""max_arcsec"": ""max_arcsec"", ""med_arcsec"": ""med_arcsec"", ""min_rejected_max_v_kms"": ""min_rejected_max_v_kms"", ""n_nights"": ""n_nights"", ""n_obs"": ""n_obs"", ""n_tracklets"": ""n_tracklets"", ""nu_deg"": ""nu_deg"", ""pred_dec_deg"": ""pred_dec_deg"", ""pred_ra_deg"": ""pred_ra_deg"", ""raan_deg"": ""raan_deg"", ""rejected_tracklets"": ""rejected_tracklets"", ""rms_arcsec"": ""rms_arcsec"", ""seed_max_v_kms"": ""seed_max_v_kms"", ""seed_tracklets"": ""seed_tracklets""}",[],[]
20260128,orbit_obs_residuals,/home/admin/pipeline/xiaoyunao/data/heliolincrr/20260128/rr_links/orbit_confirm/orbit_obs_residuals.fits,True,ok,,,5760,2026-05-14T22:51:56.647233+00:00,1778799116647232455,8cb9bc87ba4df7002239bfc6d8a94042f298c42b20abaf56814238a5bf926e3f,,,1,0,0,,"{""dec_deg"": ""dec_deg"", ""linkage_id"": ""linkage_id"", ""mjd"": ""mjd"", ""obs_key"": ""obs_key"", ""ra_deg"": ""ra_deg"", ""resid_arcsec"": ""resid_arcsec"", ""tracklet_id"": ""tracklet_id"", ""used"": ""used""}",[],[]
20260129,known_all,/processed1/20260129/L4/20260129_all_asteroids.fits,True,ok_with_missing_optional,,,19203840,2026-06-19T13:51:41.240972+00:00,1781877101240971999,aabaebae712595020d6494c3fe275c2023950deb415700e7faf090f668bf25a8,,,1,97949,97949,source_file,"{""asteroid_name"": ""name"", ""asteroid_number"": ""number"", ""epoch_mjd"": ""epoch"", ""pred_dec_deg"": ""dec"", ""pred_geocentric_distance_au"": null, ""pred_heliocentric_distance_au"": null, ""pred_phase_angle_deg"": null, ""pred_ra_deg"": ""ra"", ""pred_solar_elongation_deg"": null, ""pred_v_mag"": ""mag""}",[],"[""pred_heliocentric_distance_au"", ""pred_geocentric_distance_au"", ""pred_solar_elongation_deg"", ""pred_phase_angle_deg""]"
20260129,known_matched,/processed1/20260129/L4/20260129_matched_asteroids.fits,True,ok_with_missing_optional,,,938880,2026-06-19T13:51:41.865960+00:00,1781877101865960056,22656d79838fc031afc04a5c3cc8ec29a6664cc27943264fc0d69b7ed5771aa1,,,1,1179,1179,source_file,"{""asteroid_name"": ""name"", ""asteroid_number"": ""number"", ""epoch_mjd"": ""epoch"", ""flag"": ""Flag"", ""flag_iso_num"": ""Flag_ISO_Num"", ""flux_aper4"": ""Flux_Aper4"", ""fluxerr_aper4"": ""FluxErr_Aper4"", ""fwhm_px"": ""FWHM"", ""mag_aper4"": ""Mag_Aper4"", ""mag_aper8"": ""Mag_Aper8"", ""mag_kron"": ""Mag_Kron"", ""mag_psf"": ""Mag_PSF"", ""magerr_aper4"": ""MagErr_Aper4"", ""magerr_aper8"": ""MagErr_Aper8"", ""magerr_kron"": ""MagErr_Kron"", ""magerr_psf"": ""MagErr_PSF"", ""obj_id"": ""objID"", ""obs_dec_err_deg"": ""DECErr_Win"", ""obs_dec_psf_deg"": ""DEC_PSF"", ""obs_dec_win_deg"": ""DEC_Win"", ""obs_ra_err_deg"": ""RAErr_Win"", ""obs_ra_psf_deg"": ""RA_PSF"", ""obs_ra_win_deg"": ""RA_Win"", ""pred_dec_deg"": ""dec"", ""pred_geocentric_distance_au"": null, ""pred_heliocentric_distance_au"": null, ""pred_phase_angle_deg"": null, ""pred_ra_deg"": ""ra"", ""pred_solar_elongation_deg"": null, ""pred_v_mag"": ""mag"", ""x_win_px"": ""X_Win"", ""y_win_px"": ""Y_Win""}",[],"[""pred_heliocentric_distance_au"", ""pred_geocentric_distance_au"", ""pred_solar_elongation_deg"", ""pred_phase_angle_deg""]"
20260129,known_mask15,/processed1/20260129/L4/20260129_matched_asteroids_mask15.fits,True,ok_with_missing_optional,,,1019520,2026-06-19T13:51:42.479948+00:00,1781877102479948323,834ef54d554b684ac557a7be155ecbf1dcd380ea3ac08adaacdd18863d83870e,,,1,1282,1282,source_file,"{""asteroid_name"": ""name"", ""asteroid_number"": ""number"", ""epoch_mjd"": ""epoch"", ""flag"": ""Flag"", ""flag_iso_num"": ""Flag_ISO_Num"", ""flux_aper4"": ""Flux_Aper4"", ""fluxerr_aper4"": ""FluxErr_Aper4"", ""fwhm_px"": ""FWHM"", ""mag_aper4"": ""Mag_Aper4"", ""mag_aper8"": ""Mag_Aper8"", ""mag_kron"": ""Mag_Kron"", ""mag_psf"": ""Mag_PSF"", ""magerr_aper4"": ""MagErr_Aper4"", ""magerr_aper8"": ""MagErr_Aper8"", ""magerr_kron"": ""MagErr_Kron"", ""magerr_psf"": ""MagErr_PSF"", ""obj_id"": ""objID"", ""obs_dec_err_deg"": ""DECErr_Win"", ""obs_dec_psf_deg"": ""DEC_PSF"", ""obs_dec_win_deg"": ""DEC_Win"", ""obs_ra_err_deg"": ""RAErr_Win"", ""obs_ra_psf_deg"": ""RA_PSF"", ""obs_ra_win_deg"": ""RA_Win"", ""pred_dec_deg"": ""dec"", ""pred_geocentric_distance_au"": null, ""pred_heliocentric_distance_au"": null, ""pred_phase_angle_deg"": null, ""pred_ra_deg"": ""ra"", ""pred_solar_elongation_deg"": null, ""pred_v_mag"": ""mag"", ""x_win_px"": ""X_Win"", ""y_win_px"": ""Y_Win""}",[],"[""pred_heliocentric_distance_au"", ""pred_geocentric_distance_au"", ""pred_solar_elongation_deg"", ""pred_phase_angle_deg""]"
20260129,unknown_catalog,/processed1/20260129/L4/20260129_unknown_links.fits,True,ok,,,17280,2026-06-20T02:22:08.610413+00:00,1781922128610412537,1407b3ff82d7e370f08e70149e0c96b45b772ad360fe67539a278678d4601cb6,,,1,18,18,image_names,"{""a_au"": ""a_au"", ""argp_deg"": ""argp_deg"", ""best_v1_kms"": ""best_v1_kms"", ""decs_deg"": ""decs_deg"", ""ecc"": ""ecc"", ""exp_pairs"": ""exp_pairs"", ""fit_ok"": ""fit_ok"", ""groups"": ""groups"", ""image_names"": ""image_names"", ""inc_deg"": ""inc_deg"", ""is_good"": ""is_good"", ""lin_dir_deg"": ""lin_dir_deg"", ""lin_rms_arcsec"": ""lin_rms_arcsec"", ""lin_speed_arcsec_per_day"": ""lin_speed_arcsec_per_day"", ""linkage_id"": ""linkage_id"", ""max_arcsec"": ""max_arcsec"", ""med_arcsec"": ""med_arcsec"", ""mjds"": ""mjds"", ""n_obs"": ""n_obs"", ""n_tracklets"": ""n_tracklets"", ""nu_deg"": ""nu_deg"", ""objids"": ""objids"", ""raan_deg"": ""raan_deg"", ""ras_deg"": ""ras_deg"", ""rms_arcsec"": ""rms_arcsec"", ""tracklet_ids"": ""tracklet_ids"", ""trk_sub"": ""trk_sub""}",[],[]
20260129,orbit_links,/home/admin/pipeline/xiaoyunao/data/heliolincrr/20260129/rr_links/orbit_confirm/orbit_links.fits,True,ok,,,80640,2026-05-14T22:53:45.605162+00:00,1778799225605162248,68a25c3bf0f64dee23eadbc4ff6891229214aee6c4852ffc5829d607288f3aba,,,1,209,209,,"{""a_au"": ""a_au"", ""argp_deg"": ""argp_deg"", ""best_rejected_max_v_kms"": ""best_rejected_max_v_kms"", ""best_v1_kms"": ""best_v1_kms"", ""ecc"": ""ecc"", ""fail_counts"": ""fail_counts"", ""fail_reason"": ""fail_reason"", ""final_max_v_kms"": ""final_max_v_kms"", ""fit_ok"": ""fit_ok"", ""hypo_r_au"": ""hypo_r_au"", ""hypo_rdd_au_day2"": ""hypo_rdd_au_day2"", ""hypo_rdot_au_day"": ""hypo_rdot_au_day"", ""inc_deg"": ""inc_deg"", ""inlier_tracklets"": ""inlier_tracklets"", ""is_good"": ""is_good"", ""lin_dir_deg"": ""lin_dir_deg"", ""lin_rms_arcsec"": ""lin_rms_arcsec"", ""lin_speed_arcsec_per_day"": ""lin_speed_arcsec_per_day"", ""linkage_id"": ""linkage_id"", ""max_arcsec"": ""max_arcsec"", ""med_arcsec"": ""med_arcsec"", ""min_rejected_max_v_kms"": ""min_rejected_max_v_kms"", ""n_nights"": ""n_nights"", ""n_obs"": ""n_obs"", ""n_tracklets"": ""n_tracklets"", ""nu_deg"": ""nu_deg"", ""pred_dec_deg"": ""pred_dec_deg"", ""pred_ra_deg"": ""pred_ra_deg"", ""raan_deg"": ""raan_deg"", ""rejected_tracklets"": ""rejected_tracklets"", ""rms_arcsec"": ""rms_arcsec"", ""seed_max_v_kms"": ""seed_max_v_kms"", ""seed_tracklets"": ""seed_tracklets""}",[],[]
20260129,orbit_obs_residuals,/home/admin/pipeline/xiaoyunao/data/heliolincrr/20260129/rr_links/orbit_confirm/orbit_obs_residuals.fits,True,ok,,,66240,2026-05-14T22:53:45.613162+00:00,1778799225613162224,4a58174e641a2da2a5e7f55569a8ad24e603689a5e55b288ec712ba9b7f021cf,,,1,631,631,,"{""dec_deg"": ""dec_deg"", ""linkage_id"": ""linkage_id"", ""mjd"": ""mjd"", ""obs_key"": ""obs_key"", ""ra_deg"": ""ra_deg"", ""resid_arcsec"": ""resid_arcsec"", ""tracklet_id"": ""tracklet_id"", ""used"": ""used""}",[],[]
20260130,known_all,/processed1/20260130/L4/20260130_all_asteroids.fits,False,missing,,,0,,0,,,,1,0,0,,{},[],[]
20260130,known_matched,/processed1/20260130/L4/20260130_matched_asteroids.fits,False,missing,,,0,,0,,,,1,0,0,,{},[],[]
20260130,known_mask15,/processed1/20260130/L4/20260130_matched_asteroids_mask15.fits,False,missing,,,0,,0,,,,1,0,0,,{},[],[]
20260130,unknown_catalog,/processed1/20260130/L4/20260130_unknown_links.fits,False,missing,,,0,,0,,,,1,0,0,,{},[],[]
20260130,orbit_links,/home/admin/pipeline/xiaoyunao/data/heliolincrr/20260130/rr_links/orbit_confirm/orbit_links.fits,False,missing,,,0,,0,,,,1,0,0,,{},[],[]
20260130,orbit_obs_residuals,/home/admin/pipeline/xiaoyunao/data/heliolincrr/20260130/rr_links/orbit_confirm/orbit_obs_residuals.fits,False,missing,,,0,,0,,,,1,0,0,,{},[],[]
20260131,known_all,/processed1/20260131/L4/20260131_all_asteroids.fits,True,ok_with_missing_optional,,,19595520,2026-06-19T13:57:41.567086+00:00,1781877461567086390,875836251f36196e7849a2a190e7c91bc2a244f6837408157ed29e333f60b05a,,,1,99937,99937,source_file,"{""asteroid_name"": ""name"", ""asteroid_number"": ""number"", ""epoch_mjd"": ""epoch"", ""pred_dec_deg"": ""dec"", ""pred_geocentric_distance_au"": null, ""pred_heliocentric_distance_au"": null, ""pred_phase_angle_deg"": null, ""pred_ra_deg"": ""ra"", ""pred_solar_elongation_deg"": null, ""pred_v_mag"": ""mag""}",[],"[""pred_heliocentric_distance_au"", ""pred_geocentric_distance_au"", ""pred_solar_elongation_deg"", ""pred_phase_angle_deg""]"
20260131,known_matched,/processed1/20260131/L4/20260131_matched_asteroids.fits,True,ok_with_missing_optional,,,1290240,2026-06-19T13:57:42.220074+00:00,1781877462220073911,a457e6433696702d869e6ef3fa57ec96bd19f983cd770450a8956b3ac838a426,,,1,1631,1631,source_file,"{""asteroid_name"": ""name"", ""asteroid_number"": ""number"", ""epoch_mjd"": ""epoch"", ""flag"": ""Flag"", ""flag_iso_num"": ""Flag_ISO_Num"", ""flux_aper4"": ""Flux_Aper4"", ""fluxerr_aper4"": ""FluxErr_Aper4"", ""fwhm_px"": ""FWHM"", ""mag_aper4"": ""Mag_Aper4"", ""mag_aper8"": ""Mag_Aper8"", ""mag_kron"": ""Mag_Kron"", ""mag_psf"": ""Mag_PSF"", ""magerr_aper4"": ""MagErr_Aper4"", ""magerr_aper8"": ""MagErr_Aper8"", ""magerr_kron"": ""MagErr_Kron"", ""magerr_psf"": ""MagErr_PSF"", ""obj_id"": ""objID"", ""obs_dec_err_deg"": ""DECErr_Win"", ""obs_dec_psf_deg"": ""DEC_PSF"", ""obs_dec_win_deg"": ""DEC_Win"", ""obs_ra_err_deg"": ""RAErr_Win"", ""obs_ra_psf_deg"": ""RA_PSF"", ""obs_ra_win_deg"": ""RA_Win"", ""pred_dec_deg"": ""dec"", ""pred_geocentric_distance_au"": null, ""pred_heliocentric_distance_au"": null, ""pred_phase_angle_deg"": null, ""pred_ra_deg"": ""ra"", ""pred_solar_elongation_deg"": null, ""pred_v_mag"": ""mag"", ""x_win_px"": ""X_Win"", ""y_win_px"": ""Y_Win""}",[],"[""pred_heliocentric_distance_au"", ""pred_geocentric_distance_au"", ""pred_solar_elongation_deg"", ""pred_phase_angle_deg""]"
20260131,known_mask15,/processed1/20260131/L4/20260131_matched_asteroids_mask15.fits,True,ok_with_missing_optional,,,1344960,2026-06-19T13:57:42.848062+00:00,1781877462848061911,059f5276820a4f0db7d9df042dd672d001ba8b256f0f0b113e992c2655cc656e,,,1,1702,1702,source_file,"{""asteroid_name"": ""name"", ""asteroid_number"": ""number"", ""epoch_mjd"": ""epoch"", ""flag"": ""Flag"", ""flag_iso_num"": ""Flag_ISO_Num"", ""flux_aper4"": ""Flux_Aper4"", ""fluxerr_aper4"": ""FluxErr_Aper4"", ""fwhm_px"": ""FWHM"", ""mag_aper4"": ""Mag_Aper4"", ""mag_aper8"": ""Mag_Aper8"", ""mag_kron"": ""Mag_Kron"", ""mag_psf"": ""Mag_PSF"", ""magerr_aper4"": ""MagErr_Aper4"", ""magerr_aper8"": ""MagErr_Aper8"", ""magerr_kron"": ""MagErr_Kron"", ""magerr_psf"": ""MagErr_PSF"", ""obj_id"": ""objID"", ""obs_dec_err_deg"": ""DECErr_Win"", ""obs_dec_psf_deg"": ""DEC_PSF"", ""obs_dec_win_deg"": ""DEC_Win"", ""obs_ra_err_deg"": ""RAErr_Win"", ""obs_ra_psf_deg"": ""RA_PSF"", ""obs_ra_win_deg"": ""RA_Win"", ""pred_dec_deg"": ""dec"", ""pred_geocentric_distance_au"": null, ""pred_heliocentric_distance_au"": null, ""pred_phase_angle_deg"": null, ""pred_ra_deg"": ""ra"", ""pred_solar_elongation_deg"": null, ""pred_v_mag"": ""mag"", ""x_win_px"": ""X_Win"", ""y_win_px"": ""Y_Win""}",[],"[""pred_heliocentric_distance_au"", ""pred_geocentric_distance_au"", ""pred_solar_elongation_deg"", ""pred_phase_angle_deg""]"
20260131,unknown_catalog,/processed1/20260131/L4/20260131_unknown_links.fits,True,ok,,,11520,2026-06-20T02:22:52.770562+00:00,1781922172770561955,967cf0451584025e5a908f1299db6e0df282b4f451fe4e621ce3f5d7b4e5449a,,,1,6,6,image_names,"{""a_au"": ""a_au"", ""argp_deg"": ""argp_deg"", ""best_v1_kms"": ""best_v1_kms"", ""decs_deg"": ""decs_deg"", ""ecc"": ""ecc"", ""exp_pairs"": ""exp_pairs"", ""fit_ok"": ""fit_ok"", ""groups"": ""groups"", ""image_names"": ""image_names"", ""inc_deg"": ""inc_deg"", ""is_good"": ""is_good"", ""lin_dir_deg"": ""lin_dir_deg"", ""lin_rms_arcsec"": ""lin_rms_arcsec"", ""lin_speed_arcsec_per_day"": ""lin_speed_arcsec_per_day"", ""linkage_id"": ""linkage_id"", ""max_arcsec"": ""max_arcsec"", ""med_arcsec"": ""med_arcsec"", ""mjds"": ""mjds"", ""n_obs"": ""n_obs"", ""n_tracklets"": ""n_tracklets"", ""nu_deg"": ""nu_deg"", ""objids"": ""objids"", ""raan_deg"": ""raan_deg"", ""ras_deg"": ""ras_deg"", ""rms_arcsec"": ""rms_arcsec"", ""tracklet_ids"": ""tracklet_ids"", ""trk_sub"": ""trk_sub""}",[],[]
20260131,orbit_links,/home/admin/pipeline/xiaoyunao/data/heliolincrr/20260131/rr_links/orbit_confirm/orbit_links.fits,True,ok,,,77760,2026-05-14T22:59:43.301113+00:00,1778799583301112832,b35238aea7d5076bf6283c4f56a1383e2b90a700654f6ec6a6215f6db28cf7dc,,,1,222,222,,"{""a_au"": ""a_au"", ""argp_deg"": ""argp_deg"", ""best_rejected_max_v_kms"": ""best_rejected_max_v_kms"", ""best_v1_kms"": ""best_v1_kms"", ""ecc"": ""ecc"", ""fail_counts"": ""fail_counts"", ""fail_reason"": ""fail_reason"", ""final_max_v_kms"": ""final_max_v_kms"", ""fit_ok"": ""fit_ok"", ""hypo_r_au"": ""hypo_r_au"", ""hypo_rdd_au_day2"": ""hypo_rdd_au_day2"", ""hypo_rdot_au_day"": ""hypo_rdot_au_day"", ""inc_deg"": ""inc_deg"", ""inlier_tracklets"": ""inlier_tracklets"", ""is_good"": ""is_good"", ""lin_dir_deg"": ""lin_dir_deg"", ""lin_rms_arcsec"": ""lin_rms_arcsec"", ""lin_speed_arcsec_per_day"": ""lin_speed_arcsec_per_day"", ""linkage_id"": ""linkage_id"", ""max_arcsec"": ""max_arcsec"", ""med_arcsec"": ""med_arcsec"", ""min_rejected_max_v_kms"": ""min_rejected_max_v_kms"", ""n_nights"": ""n_nights"", ""n_obs"": ""n_obs"", ""n_tracklets"": ""n_tracklets"", ""nu_deg"": ""nu_deg"", ""pred_dec_deg"": ""pred_dec_deg"", ""pred_ra_deg"": ""pred_ra_deg"", ""raan_deg"": ""raan_deg"", ""rejected_tracklets"": ""rejected_tracklets"", ""rms_arcsec"": ""rms_arcsec"", ""seed_max_v_kms"": ""seed_max_v_kms"", ""seed_tracklets"": ""seed_tracklets""}",[],[]
20260131,orbit_obs_residuals,/home/admin/pipeline/xiaoyunao/data/heliolincrr/20260131/rr_links/orbit_confirm/orbit_obs_residuals.fits,True,ok,,,69120,2026-05-14T22:59:43.310666+00:00,1778799583310665570,316239da94cdb87e2f7f23e6c4bd2617e44f822958c899d0390f8952499b6f30,,,1,642,642,,"{""dec_deg"": ""dec_deg"", ""linkage_id"": ""linkage_id"", ""mjd"": ""mjd"", ""obs_key"": ""obs_key"", ""ra_deg"": ""ra_deg"", ""resid_arcsec"": ""resid_arcsec"", ""tracklet_id"": ""tracklet_id"", ""used"": ""used""}",[],[]
20260201,known_all,/processed1/20260201/L4/20260201_all_asteroids.fits,True,ok_with_missing_optional,,,19630080,2026-06-19T14:03:10.023810+00:00,1781877790023809784,498f13b1c944433e259561ad4632b344ec4233084403b14dcc64decf384da416,,,1,100115,100115,source_file,"{""asteroid_name"": ""name"", ""asteroid_number"": ""number"", ""epoch_mjd"": ""epoch"", ""pred_dec_deg"": ""dec"", ""pred_geocentric_distance_au"": null, ""pred_heliocentric_distance_au"": null, ""pred_phase_angle_deg"": null, ""pred_ra_deg"": ""ra"", ""pred_solar_elongation_deg"": null, ""pred_v_mag"": ""mag""}",[],"[""pred_heliocentric_distance_au"", ""pred_geocentric_distance_au"", ""pred_solar_elongation_deg"", ""pred_phase_angle_deg""]"
20260201,known_matched,/processed1/20260201/L4/20260201_matched_asteroids.fits,True,ok_with_missing_optional,,,852480,2026-06-19T14:03:10.613799+00:00,1781877790613798510,67e695e84dcfda17545e893417fb78ae62b8a7385ba4b6734ce2c4f54002afca,,,1,1066,1066,source_file,"{""asteroid_name"": ""name"", ""asteroid_number"": ""number"", ""epoch_mjd"": ""epoch"", ""flag"": ""Flag"", ""flag_iso_num"": ""Flag_ISO_Num"", ""flux_aper4"": ""Flux_Aper4"", ""fluxerr_aper4"": ""FluxErr_Aper4"", ""fwhm_px"": ""FWHM"", ""mag_aper4"": ""Mag_Aper4"", ""mag_aper8"": ""Mag_Aper8"", ""mag_kron"": ""Mag_Kron"", ""mag_psf"": ""Mag_PSF"", ""magerr_aper4"": ""MagErr_Aper4"", ""magerr_aper8"": ""MagErr_Aper8"", ""magerr_kron"": ""MagErr_Kron"", ""magerr_psf"": ""MagErr_PSF"", ""obj_id"": ""objID"", ""obs_dec_err_deg"": ""DECErr_Win"", ""obs_dec_psf_deg"": ""DEC_PSF"", ""obs_dec_win_deg"": ""DEC_Win"", ""obs_ra_err_deg"": ""RAErr_Win"", ""obs_ra_psf_deg"": ""RA_PSF"", ""obs_ra_win_deg"": ""RA_Win"", ""pred_dec_deg"": ""dec"", ""pred_geocentric_distance_au"": null, ""pred_heliocentric_distance_au"": null, ""pred_phase_angle_deg"": null, ""pred_ra_deg"": ""ra"", ""pred_solar_elongation_deg"": null, ""pred_v_mag"": ""mag"", ""x_win_px"": ""X_Win"", ""y_win_px"": ""Y_Win""}",[],"[""pred_heliocentric_distance_au"", ""pred_geocentric_distance_au"", ""pred_solar_elongation_deg"", ""pred_phase_angle_deg""]"
20260201,known_mask15,/processed1/20260201/L4/20260201_matched_asteroids_mask15.fits,True,ok_with_missing_optional,,,921600,2026-06-19T14:03:11.175788+00:00,1781877791175787771,0f7d829822814e5a56deeb5322c1769d69751ce95b598829997fa1b14d8807e8,,,1,1157,1157,source_file,"{""asteroid_name"": ""name"", ""asteroid_number"": ""number"", ""epoch_mjd"": ""epoch"", ""flag"": ""Flag"", ""flag_iso_num"": ""Flag_ISO_Num"", ""flux_aper4"": ""Flux_Aper4"", ""fluxerr_aper4"": ""FluxErr_Aper4"", ""fwhm_px"": ""FWHM"", ""mag_aper4"": ""Mag_Aper4"", ""mag_aper8"": ""Mag_Aper8"", ""mag_kron"": ""Mag_Kron"", ""mag_psf"": ""Mag_PSF"", ""magerr_aper4"": ""MagErr_Aper4"", ""magerr_aper8"": ""MagErr_Aper8"", ""magerr_kron"": ""MagErr_Kron"", ""magerr_psf"": ""MagErr_PSF"", ""obj_id"": ""objID"", ""obs_dec_err_deg"": ""DECErr_Win"", ""obs_dec_psf_deg"": ""DEC_PSF"", ""obs_dec_win_deg"": ""DEC_Win"", ""obs_ra_err_deg"": ""RAErr_Win"", ""obs_ra_psf_deg"": ""RA_PSF"", ""obs_ra_win_deg"": ""RA_Win"", ""pred_dec_deg"": ""dec"", ""pred_geocentric_distance_au"": null, ""pred_heliocentric_distance_au"": null, ""pred_phase_angle_deg"": null, ""pred_ra_deg"": ""ra"", ""pred_solar_elongation_deg"": null, ""pred_v_mag"": ""mag"", ""x_win_px"": ""X_Win"", ""y_win_px"": ""Y_Win""}",[],"[""pred_heliocentric_distance_au"", ""pred_geocentric_distance_au"", ""pred_solar_elongation_deg"", ""pred_phase_angle_deg""]"
20260201,unknown_catalog,/processed1/20260201/L4/20260201_unknown_links.fits,True,ok,,,17280,2026-06-20T02:23:15.631122+00:00,1781922195631121630,afcee80a0fb44cbc7651519f5f9569a8e1e5c8afef104267c43d5d1cee69aa89,,,1,17,17,image_names,"{""a_au"": ""a_au"", ""argp_deg"": ""argp_deg"", ""best_v1_kms"": ""best_v1_kms"", ""decs_deg"": ""decs_deg"", ""ecc"": ""ecc"", ""exp_pairs"": ""exp_pairs"", ""fit_ok"": ""fit_ok"", ""groups"": ""groups"", ""image_names"": ""image_names"", ""inc_deg"": ""inc_deg"", ""is_good"": ""is_good"", ""lin_dir_deg"": ""lin_dir_deg"", ""lin_rms_arcsec"": ""lin_rms_arcsec"", ""lin_speed_arcsec_per_day"": ""lin_speed_arcsec_per_day"", ""linkage_id"": ""linkage_id"", ""max_arcsec"": ""max_arcsec"", ""med_arcsec"": ""med_arcsec"", ""mjds"": ""mjds"", ""n_obs"": ""n_obs"", ""n_tracklets"": ""n_tracklets"", ""nu_deg"": ""nu_deg"", ""objids"": ""objids"", ""raan_deg"": ""raan_deg"", ""ras_deg"": ""ras_deg"", ""rms_arcsec"": ""rms_arcsec"", ""tracklet_ids"": ""tracklet_ids"", ""trk_sub"": ""trk_sub""}",[],[]
20260201,orbit_links,/home/admin/pipeline/xiaoyunao/data/heliolincrr/20260201/rr_links/orbit_confirm/orbit_links.fits,True,ok,,,48960,2026-05-14T23:07:27.180892+00:00,1778800047180891866,7959d9709dd75967dfb4121e30bf20331a3da346200e73cce7efee91902521ff,,,1,134,134,,"{""a_au"": ""a_au"", ""argp_deg"": ""argp_deg"", ""best_rejected_max_v_kms"": ""best_rejected_max_v_kms"", ""best_v1_kms"": ""best_v1_kms"", ""ecc"": ""ecc"", ""fail_counts"": ""fail_counts"", ""fail_reason"": ""fail_reason"", ""final_max_v_kms"": ""final_max_v_kms"", ""fit_ok"": ""fit_ok"", ""hypo_r_au"": ""hypo_r_au"", ""hypo_rdd_au_day2"": ""hypo_rdd_au_day2"", ""hypo_rdot_au_day"": ""hypo_rdot_au_day"", ""inc_deg"": ""inc_deg"", ""inlier_tracklets"": ""inlier_tracklets"", ""is_good"": ""is_good"", ""lin_dir_deg"": ""lin_dir_deg"", ""lin_rms_arcsec"": ""lin_rms_arcsec"", ""lin_speed_arcsec_per_day"": ""lin_speed_arcsec_per_day"", ""linkage_id"": ""linkage_id"", ""max_arcsec"": ""max_arcsec"", ""med_arcsec"": ""med_arcsec"", ""min_rejected_max_v_kms"": ""min_rejected_max_v_kms"", ""n_nights"": ""n_nights"", ""n_obs"": ""n_obs"", ""n_tracklets"": ""n_tracklets"", ""nu_deg"": ""nu_deg"", ""pred_dec_deg"": ""pred_dec_deg"", ""pred_ra_deg"": ""pred_ra_deg"", ""raan_deg"": ""raan_deg"", ""rejected_tracklets"": ""rejected_tracklets"", ""rms_arcsec"": ""rms_arcsec"", ""seed_max_v_kms"": ""seed_max_v_kms"", ""seed_tracklets"": ""seed_tracklets""}",[],[]
20260201,orbit_obs_residuals,/home/admin/pipeline/xiaoyunao/data/heliolincrr/20260201/rr_links/orbit_confirm/orbit_obs_residuals.fits,True,ok,,,46080,2026-05-14T23:07:27.188484+00:00,1778800047188483764,5f3a98fa739e1efd8360c9cc19d3079ad9272960341d3659207d453d53440874,,,1,403,403,,"{""dec_deg"": ""dec_deg"", ""linkage_id"": ""linkage_id"", ""mjd"": ""mjd"", ""obs_key"": ""obs_key"", ""ra_deg"": ""ra_deg"", ""resid_arcsec"": ""resid_arcsec"", ""tracklet_id"": ""tracklet_id"", ""used"": ""used""}",[],[]
20260202,known_all,/processed1/20260202/L4/20260202_all_asteroids.fits,True,ok_with_missing_optional,,,33166080,2026-06-19T14:12:46.041802+00:00,1781878366041802436,f92caf81b7b18b6395aafbdfcc446492d6fd4a632b2f70d3e97b9a4ebec59f3a,,,1,169185,169185,source_file,"{""asteroid_name"": ""name"", ""asteroid_number"": ""number"", ""epoch_mjd"": ""epoch"", ""pred_dec_deg"": ""dec"", ""pred_geocentric_distance_au"": null, ""pred_heliocentric_distance_au"": null, ""pred_phase_angle_deg"": null, ""pred_ra_deg"": ""ra"", ""pred_solar_elongation_deg"": null, ""pred_v_mag"": ""mag""}",[],"[""pred_heliocentric_distance_au"", ""pred_geocentric_distance_au"", ""pred_solar_elongation_deg"", ""pred_phase_angle_deg""]"
20260202,known_matched,/processed1/20260202/L4/20260202_matched_asteroids.fits,True,ok_with_missing_optional,,,2517120,2026-06-19T14:12:47.064783+00:00,1781878367064782888,8656a551b5b65ce0904e6ff4ae50f73a3bc4ded191202a953b27814f765300d1,,,1,3216,3216,source_file,"{""asteroid_name"": ""name"", ""asteroid_number"": ""number"", ""epoch_mjd"": ""epoch"", ""flag"": ""Flag"", ""flag_iso_num"": ""Flag_ISO_Num"", ""flux_aper4"": ""Flux_Aper4"", ""fluxerr_aper4"": ""FluxErr_Aper4"", ""fwhm_px"": ""FWHM"", ""mag_aper4"": ""Mag_Aper4"", ""mag_aper8"": ""Mag_Aper8"", ""mag_kron"": ""Mag_Kron"", ""mag_psf"": ""Mag_PSF"", ""magerr_aper4"": ""MagErr_Aper4"", ""magerr_aper8"": ""MagErr_Aper8"", ""magerr_kron"": ""MagErr_Kron"", ""magerr_psf"": ""MagErr_PSF"", ""obj_id"": ""objID"", ""obs_dec_err_deg"": ""DECErr_Win"", ""obs_dec_psf_deg"": ""DEC_PSF"", ""obs_dec_win_deg"": ""DEC_Win"", ""obs_ra_err_deg"": ""RAErr_Win"", ""obs_ra_psf_deg"": ""RA_PSF"", ""obs_ra_win_deg"": ""RA_Win"", ""pred_dec_deg"": ""dec"", ""pred_geocentric_distance_au"": null, ""pred_heliocentric_distance_au"": null, ""pred_phase_angle_deg"": null, ""pred_ra_deg"": ""ra"", ""pred_solar_elongation_deg"": null, ""pred_v_mag"": ""mag"", ""x_win_px"": ""X_Win"", ""y_win_px"": ""Y_Win""}",[],"[""pred_heliocentric_distance_au"", ""pred_geocentric_distance_au"", ""pred_solar_elongation_deg"", ""pred_phase_angle_deg""]"
20260202,known_mask15,/processed1/20260202/L4/20260202_matched_asteroids_mask15.fits,True,ok_with_missing_optional,,,2695680,2026-06-19T14:12:48.065764+00:00,1781878368065763760,fceb247a668abef54008c91c35e0cee6052bee106e29821c3ed0b2d18faa4b5a,,,1,3448,3448,source_file,"{""asteroid_name"": ""name"", ""asteroid_number"": ""number"", ""epoch_mjd"": ""epoch"", ""flag"": ""Flag"", ""flag_iso_num"": ""Flag_ISO_Num"", ""flux_aper4"": ""Flux_Aper4"", ""fluxerr_aper4"": ""FluxErr_Aper4"", ""fwhm_px"": ""FWHM"", ""mag_aper4"": ""Mag_Aper4"", ""mag_aper8"": ""Mag_Aper8"", ""mag_kron"": ""Mag_Kron"", ""mag_psf"": ""Mag_PSF"", ""magerr_aper4"": ""MagErr_Aper4"", ""magerr_aper8"": ""MagErr_Aper8"", ""magerr_kron"": ""MagErr_Kron"", ""magerr_psf"": ""MagErr_PSF"", ""obj_id"": ""objID"", ""obs_dec_err_deg"": ""DECErr_Win"", ""obs_dec_psf_deg"": ""DEC_PSF"", ""obs_dec_win_deg"": ""DEC_Win"", ""obs_ra_err_deg"": ""RAErr_Win"", ""obs_ra_psf_deg"": ""RA_PSF"", ""obs_ra_win_deg"": ""RA_Win"", ""pred_dec_deg"": ""dec"", ""pred_geocentric_distance_au"": null, ""pred_heliocentric_distance_au"": null, ""pred_phase_angle_deg"": null, ""pred_ra_deg"": ""ra"", ""pred_solar_elongation_deg"": null, ""pred_v_mag"": ""mag"", ""x_win_px"": ""X_Win"", ""y_win_px"": ""Y_Win""}",[],"[""pred_heliocentric_distance_au"", ""pred_geocentric_distance_au"", ""pred_solar_elongation_deg"", ""pred_phase_angle_deg""]"
20260202,unknown_catalog,/processed1/20260202/L4/20260202_unknown_links.fits,True,ok,,,31680,2026-06-20T02:23:56.956326+00:00,1781922236956325653,cf043a87a3882f1c49aa6b795a1fb34dc49ca71fd776ce8b3609f302c2ecd955,,,1,54,54,image_names,"{""a_au"": ""a_au"", ""argp_deg"": ""argp_deg"", ""best_v1_kms"": ""best_v1_kms"", ""decs_deg"": ""decs_deg"", ""ecc"": ""ecc"", ""exp_pairs"": ""exp_pairs"", ""fit_ok"": ""fit_ok"", ""groups"": ""groups"", ""image_names"": ""image_names"", ""inc_deg"": ""inc_deg"", ""is_good"": ""is_good"", ""lin_dir_deg"": ""lin_dir_deg"", ""lin_rms_arcsec"": ""lin_rms_arcsec"", ""lin_speed_arcsec_per_day"": ""lin_speed_arcsec_per_day"", ""linkage_id"": ""linkage_id"", ""max_arcsec"": ""max_arcsec"", ""med_arcsec"": ""med_arcsec"", ""mjds"": ""mjds"", ""n_obs"": ""n_obs"", ""n_tracklets"": ""n_tracklets"", ""nu_deg"": ""nu_deg"", ""objids"": ""objids"", ""raan_deg"": ""raan_deg"", ""ras_deg"": ""ras_deg"", ""rms_arcsec"": ""rms_arcsec"", ""tracklet_ids"": ""tracklet_ids"", ""trk_sub"": ""trk_sub""}",[],[]
20260202,orbit_links,/home/admin/pipeline/xiaoyunao/data/heliolincrr/20260202/rr_links/orbit_confirm/orbit_links.fits,True,ok,,,161280,2026-05-14T23:16:48.984257+00:00,1778800608984256487,c94ec055d0ebfef065ccdbfe0e1716c21c51544556677e4f89062f484004f983,,,1,520,520,,"{""a_au"": ""a_au"", ""argp_deg"": ""argp_deg"", ""best_rejected_max_v_kms"": ""best_rejected_max_v_kms"", ""best_v1_kms"": ""best_v1_kms"", ""ecc"": ""ecc"", ""fail_counts"": ""fail_counts"", ""fail_reason"": ""fail_reason"", ""final_max_v_kms"": ""final_max_v_kms"", ""fit_ok"": ""fit_ok"", ""hypo_r_au"": ""hypo_r_au"", ""hypo_rdd_au_day2"": ""hypo_rdd_au_day2"", ""hypo_rdot_au_day"": ""hypo_rdot_au_day"", ""inc_deg"": ""inc_deg"", ""inlier_tracklets"": ""inlier_tracklets"", ""is_good"": ""is_good"", ""lin_dir_deg"": ""lin_dir_deg"", ""lin_rms_arcsec"": ""lin_rms_arcsec"", ""lin_speed_arcsec_per_day"": ""lin_speed_arcsec_per_day"", ""linkage_id"": ""linkage_id"", ""max_arcsec"": ""max_arcsec"", ""med_arcsec"": ""med_arcsec"", ""min_rejected_max_v_kms"": ""min_rejected_max_v_kms"", ""n_nights"": ""n_nights"", ""n_obs"": ""n_obs"", ""n_tracklets"": ""n_tracklets"", ""nu_deg"": ""nu_deg"", ""pred_dec_deg"": ""pred_dec_deg"", ""pred_ra_deg"": ""pred_ra_deg"", ""raan_deg"": ""raan_deg"", ""rejected_tracklets"": ""rejected_tracklets"", ""rms_arcsec"": ""rms_arcsec"", ""seed_max_v_kms"": ""seed_max_v_kms"", ""seed_tracklets"": ""seed_tracklets""}",[],[]
20260202,orbit_obs_residuals,/home/admin/pipeline/xiaoyunao/data/heliolincrr/20260202/rr_links/orbit_confirm/orbit_obs_residuals.fits,True,ok,,,155520,2026-05-14T23:16:48.993074+00:00,1778800608993073845,122fbe7c45e4f6f7bd1cf3b2c36df359ecca6819545508b91a210fba235f40ee,,,1,1557,1557,,"{""dec_deg"": ""dec_deg"", ""linkage_id"": ""linkage_id"", ""mjd"": ""mjd"", ""obs_key"": ""obs_key"", ""ra_deg"": ""ra_deg"", ""resid_arcsec"": ""resid_arcsec"", ""tracklet_id"": ""tracklet_id"", ""used"": ""used""}",[],[]
20260203,known_all,/processed1/20260203/L4/20260203_all_asteroids.fits,False,missing,,,0,,0,,,,1,0,0,,{},[],[]
20260203,known_matched,/processed1/20260203/L4/20260203_matched_asteroids.fits,False,missing,,,0,,0,,,,1,0,0,,{},[],[]
20260203,known_mask15,/processed1/20260203/L4/20260203_matched_asteroids_mask15.fits,False,missing,,,0,,0,,,,1,0,0,,{},[],[]
20260203,unknown_catalog,/processed1/20260203/L4/20260203_unknown_links.fits,False,missing,,,0,,0,,,,1,0,0,,{},[],[]
20260203,orbit_links,/home/admin/pipeline/xiaoyunao/data/heliolincrr/20260203/rr_links/orbit_confirm/orbit_links.fits,False,missing,,,0,,0,,,,1,0,0,,{},[],[]
20260203,orbit_obs_residuals,/home/admin/pipeline/xiaoyunao/data/heliolincrr/20260203/rr_links/orbit_confirm/orbit_obs_residuals.fits,False,missing,,,0,,0,,,,1,0,0,,{},[],[]
20260204,known_all,/processed1/20260204/L4/20260204_all_asteroids.fits,False,missing,,,0,,0,,,,1,0,0,,{},[],[]
20260204,known_matched,/processed1/20260204/L4/20260204_matched_asteroids.fits,False,missing,,,0,,0,,,,1,0,0,,{},[],[]
20260204,known_mask15,/processed1/20260204/L4/20260204_matched_asteroids_mask15.fits,False,missing,,,0,,0,,,,1,0,0,,{},[],[]
20260204,unknown_catalog,/processed1/20260204/L4/20260204_unknown_links.fits,False,missing,,,0,,0,,,,1,0,0,,{},[],[]
20260204,orbit_links,/home/admin/pipeline/xiaoyunao/data/heliolincrr/20260204/rr_links/orbit_confirm/orbit_links.fits,False,missing,,,0,,0,,,,1,0,0,,{},[],[]
20260204,orbit_obs_residuals,/home/admin/pipeline/xiaoyunao/data/heliolincrr/20260204/rr_links/orbit_confirm/orbit_obs_residuals.fits,False,missing,,,0,,0,,,,1,0,0,,{},[],[]
20260205,known_all,/processed1/20260205/L4/20260205_all_asteroids.fits,True,ok_with_missing_optional,,,17233920,2026-06-19T14:19:17.885314+00:00,1781878757885314549,b6c940922a21934588bd2ccc4618777f14749c9c3588faa6f753f567d6cbe437,,,1,87895,87895,source_file,"{""asteroid_name"": ""name"", ""asteroid_number"": ""number"", ""epoch_mjd"": ""epoch"", ""pred_dec_deg"": ""dec"", ""pred_geocentric_distance_au"": null, ""pred_heliocentric_distance_au"": null, ""pred_phase_angle_deg"": null, ""pred_ra_deg"": ""ra"", ""pred_solar_elongation_deg"": null, ""pred_v_mag"": ""mag""}",[],"[""pred_heliocentric_distance_au"", ""pred_geocentric_distance_au"", ""pred_solar_elongation_deg"", ""pred_phase_angle_deg""]"
20260205,known_matched,/processed1/20260205/L4/20260205_matched_asteroids.fits,True,ok_with_missing_optional,,,1480320,2026-06-19T14:19:18.472303+00:00,1781878758472303332,dac0abdd8524c054e7f42da52edacd471fd6f084218aba0e09e29323801a2c7c,,,1,1876,1876,source_file,"{""asteroid_name"": ""name"", ""asteroid_number"": ""number"", ""epoch_mjd"": ""epoch"", ""flag"": ""Flag"", ""flag_iso_num"": ""Flag_ISO_Num"", ""flux_aper4"": ""Flux_Aper4"", ""fluxerr_aper4"": ""FluxErr_Aper4"", ""fwhm_px"": ""FWHM"", ""mag_aper4"": ""Mag_Aper4"", ""mag_aper8"": ""Mag_Aper8"", ""mag_kron"": ""Mag_Kron"", ""mag_psf"": ""Mag_PSF"", ""magerr_aper4"": ""MagErr_Aper4"", ""magerr_aper8"": ""MagErr_Aper8"", ""magerr_kron"": ""MagErr_Kron"", ""magerr_psf"": ""MagErr_PSF"", ""obj_id"": ""objID"", ""obs_dec_err_deg"": ""DECErr_Win"", ""obs_dec_psf_deg"": ""DEC_PSF"", ""obs_dec_win_deg"": ""DEC_Win"", ""obs_ra_err_deg"": ""RAErr_Win"", ""obs_ra_psf_deg"": ""RA_PSF"", ""obs_ra_win_deg"": ""RA_Win"", ""pred_dec_deg"": ""dec"", ""pred_geocentric_distance_au"": null, ""pred_heliocentric_distance_au"": null, ""pred_phase_angle_deg"": null, ""pred_ra_deg"": ""ra"", ""pred_solar_elongation_deg"": null, ""pred_v_mag"": ""mag"", ""x_win_px"": ""X_Win"", ""y_win_px"": ""Y_Win""}",[],"[""pred_heliocentric_distance_au"", ""pred_geocentric_distance_au"", ""pred_solar_elongation_deg"", ""pred_phase_angle_deg""]"
20260205,known_mask15,/processed1/20260205/L4/20260205_matched_asteroids_mask15.fits,True,ok_with_missing_optional,,,1736640,2026-06-19T14:19:19.051292+00:00,1781878759051292268,e6adbb31f5e1c810515fd3e52e3516aaacf8d92652dcbc6719c1a28c9498d711,,,1,2208,2208,source_file,"{""asteroid_name"": ""name"", ""asteroid_number"": ""number"", ""epoch_mjd"": ""epoch"", ""flag"": ""Flag"", ""flag_iso_num"": ""Flag_ISO_Num"", ""flux_aper4"": ""Flux_Aper4"", ""fluxerr_aper4"": ""FluxErr_Aper4"", ""fwhm_px"": ""FWHM"", ""mag_aper4"": ""Mag_Aper4"", ""mag_aper8"": ""Mag_Aper8"", ""mag_kron"": ""Mag_Kron"", ""mag_psf"": ""Mag_PSF"", ""magerr_aper4"": ""MagErr_Aper4"", ""magerr_aper8"": ""MagErr_Aper8"", ""magerr_kron"": ""MagErr_Kron"", ""magerr_psf"": ""MagErr_PSF"", ""obj_id"": ""objID"", ""obs_dec_err_deg"": ""DECErr_Win"", ""obs_dec_psf_deg"": ""DEC_PSF"", ""obs_dec_win_deg"": ""DEC_Win"", ""obs_ra_err_deg"": ""RAErr_Win"", ""obs_ra_psf_deg"": ""RA_PSF"", ""obs_ra_win_deg"": ""RA_Win"", ""pred_dec_deg"": ""dec"", ""pred_geocentric_distance_au"": null, ""pred_heliocentric_distance_au"": null, ""pred_phase_angle_deg"": null, ""pred_ra_deg"": ""ra"", ""pred_solar_elongation_deg"": null, ""pred_v_mag"": ""mag"", ""x_win_px"": ""X_Win"", ""y_win_px"": ""Y_Win""}",[],"[""pred_heliocentric_distance_au"", ""pred_geocentric_distance_au"", ""pred_solar_elongation_deg"", ""pred_phase_angle_deg""]"
20260205,unknown_catalog,/processed1/20260205/L4/20260205_unknown_links.fits,True,ok,,,14400,2026-06-20T02:25:02.957054+00:00,1781922302957054393,50660a575ca0142cecdd35ead0b95a359cef411a2c2361f438283af9b825ffd2,,,1,14,14,image_names,"{""a_au"": ""a_au"", ""argp_deg"": ""argp_deg"", ""best_v1_kms"": ""best_v1_kms"", ""decs_deg"": ""decs_deg"", ""ecc"": ""ecc"", ""exp_pairs"": ""exp_pairs"", ""fit_ok"": ""fit_ok"", ""groups"": ""groups"", ""image_names"": ""image_names"", ""inc_deg"": ""inc_deg"", ""is_good"": ""is_good"", ""lin_dir_deg"": ""lin_dir_deg"", ""lin_rms_arcsec"": ""lin_rms_arcsec"", ""lin_speed_arcsec_per_day"": ""lin_speed_arcsec_per_day"", ""linkage_id"": ""linkage_id"", ""max_arcsec"": ""max_arcsec"", ""med_arcsec"": ""med_arcsec"", ""mjds"": ""mjds"", ""n_obs"": ""n_obs"", ""n_tracklets"": ""n_tracklets"", ""nu_deg"": ""nu_deg"", ""objids"": ""objids"", ""raan_deg"": ""raan_deg"", ""ras_deg"": ""ras_deg"", ""rms_arcsec"": ""rms_arcsec"", ""tracklet_ids"": ""tracklet_ids"", ""trk_sub"": ""trk_sub""}",[],[]
20260205,orbit_links,/home/admin/pipeline/xiaoyunao/data/heliolincrr/20260205/rr_links/orbit_confirm/orbit_links.fits,True,ok,,,60480,2026-05-14T23:32:05.345844+00:00,1778801525345844162,9781e075824adc94cf23defb013c3db11247aeb5d966e90307804fae4b7577ef,,,1,178,178,,"{""a_au"": ""a_au"", ""argp_deg"": ""argp_deg"", ""best_rejected_max_v_kms"": ""best_rejected_max_v_kms"", ""best_v1_kms"": ""best_v1_kms"", ""ecc"": ""ecc"", ""fail_counts"": ""fail_counts"", ""fail_reason"": ""fail_reason"", ""final_max_v_kms"": ""final_max_v_kms"", ""fit_ok"": ""fit_ok"", ""hypo_r_au"": ""hypo_r_au"", ""hypo_rdd_au_day2"": ""hypo_rdd_au_day2"", ""hypo_rdot_au_day"": ""hypo_rdot_au_day"", ""inc_deg"": ""inc_deg"", ""inlier_tracklets"": ""inlier_tracklets"", ""is_good"": ""is_good"", ""lin_dir_deg"": ""lin_dir_deg"", ""lin_rms_arcsec"": ""lin_rms_arcsec"", ""lin_speed_arcsec_per_day"": ""lin_speed_arcsec_per_day"", ""linkage_id"": ""linkage_id"", ""max_arcsec"": ""max_arcsec"", ""med_arcsec"": ""med_arcsec"", ""min_rejected_max_v_kms"": ""min_rejected_max_v_kms"", ""n_nights"": ""n_nights"", ""n_obs"": ""n_obs"", ""n_tracklets"": ""n_tracklets"", ""nu_deg"": ""nu_deg"", ""pred_dec_deg"": ""pred_dec_deg"", ""pred_ra_deg"": ""pred_ra_deg"", ""raan_deg"": ""raan_deg"", ""rejected_tracklets"": ""rejected_tracklets"", ""rms_arcsec"": ""rms_arcsec"", ""seed_max_v_kms"": ""seed_max_v_kms"", ""seed_tracklets"": ""seed_tracklets""}",[],[]
20260205,orbit_obs_residuals,/home/admin/pipeline/xiaoyunao/data/heliolincrr/20260205/rr_links/orbit_confirm/orbit_obs_residuals.fits,True,ok,,,57600,2026-05-14T23:32:05.359745+00:00,1778801525359745234,e2e83943f8a03742028011134a8cb3b282d46b3f07a4492ced11f98d5461e083,,,1,535,535,,"{""dec_deg"": ""dec_deg"", ""linkage_id"": ""linkage_id"", ""mjd"": ""mjd"", ""obs_key"": ""obs_key"", ""ra_deg"": ""ra_deg"", ""resid_arcsec"": ""resid_arcsec"", ""tracklet_id"": ""tracklet_id"", ""used"": ""used""}",[],[]
20260206,known_all,/processed1/20260206/L4/20260206_all_asteroids.fits,True,ok_with_missing_optional,,,14696640,2026-06-19T14:25:05.097679+00:00,1781879105097678679,fd77b4acd8ed8379a730e3706da79eb6ae19b1d3d5adda200c8d5009e7f18ef9,,,1,74943,74943,source_file,"{""asteroid_name"": ""name"", ""asteroid_number"": ""number"", ""epoch_mjd"": ""epoch"", ""pred_dec_deg"": ""dec"", ""pred_geocentric_distance_au"": null, ""pred_heliocentric_distance_au"": null, ""pred_phase_angle_deg"": null, ""pred_ra_deg"": ""ra"", ""pred_solar_elongation_deg"": null, ""pred_v_mag"": ""mag""}",[],"[""pred_heliocentric_distance_au"", ""pred_geocentric_distance_au"", ""pred_solar_elongation_deg"", ""pred_phase_angle_deg""]"
20260206,known_matched,/processed1/20260206/L4/20260206_matched_asteroids.fits,True,ok_with_missing_optional,,,2018880,2026-06-19T14:25:05.647668+00:00,1781879105647668166,ed5734d931b6c547b7719e5721a1ea2f04f8a860b70b51b3f1400c5fa526932f,,,1,2574,2574,source_file,"{""asteroid_name"": ""name"", ""asteroid_number"": ""number"", ""epoch_mjd"": ""epoch"", ""flag"": ""Flag"", ""flag_iso_num"": ""Flag_ISO_Num"", ""flux_aper4"": ""Flux_Aper4"", ""fluxerr_aper4"": ""FluxErr_Aper4"", ""fwhm_px"": ""FWHM"", ""mag_aper4"": ""Mag_Aper4"", ""mag_aper8"": ""Mag_Aper8"", ""mag_kron"": ""Mag_Kron"", ""mag_psf"": ""Mag_PSF"", ""magerr_aper4"": ""MagErr_Aper4"", ""magerr_aper8"": ""MagErr_Aper8"", ""magerr_kron"": ""MagErr_Kron"", ""magerr_psf"": ""MagErr_PSF"", ""obj_id"": ""objID"", ""obs_dec_err_deg"": ""DECErr_Win"", ""obs_dec_psf_deg"": ""DEC_PSF"", ""obs_dec_win_deg"": ""DEC_Win"", ""obs_ra_err_deg"": ""RAErr_Win"", ""obs_ra_psf_deg"": ""RA_PSF"", ""obs_ra_win_deg"": ""RA_Win"", ""pred_dec_deg"": ""dec"", ""pred_geocentric_distance_au"": null, ""pred_heliocentric_distance_au"": null, ""pred_phase_angle_deg"": null, ""pred_ra_deg"": ""ra"", ""pred_solar_elongation_deg"": null, ""pred_v_mag"": ""mag"", ""x_win_px"": ""X_Win"", ""y_win_px"": ""Y_Win""}",[],"[""pred_heliocentric_distance_au"", ""pred_geocentric_distance_au"", ""pred_solar_elongation_deg"", ""pred_phase_angle_deg""]"
20260206,known_mask15,/processed1/20260206/L4/20260206_matched_asteroids_mask15.fits,True,ok_with_missing_optional,,,2292480,2026-06-19T14:25:06.174658+00:00,1781879106174658093,e94543a48a900d5d799f4933235768c1fe96b43ab0fa2f28ecc3264ce35fd6a9,,,1,2927,2927,source_file,"{""asteroid_name"": ""name"", ""asteroid_number"": ""number"", ""epoch_mjd"": ""epoch"", ""flag"": ""Flag"", ""flag_iso_num"": ""Flag_ISO_Num"", ""flux_aper4"": ""Flux_Aper4"", ""fluxerr_aper4"": ""FluxErr_Aper4"", ""fwhm_px"": ""FWHM"", ""mag_aper4"": ""Mag_Aper4"", ""mag_aper8"": ""Mag_Aper8"", ""mag_kron"": ""Mag_Kron"", ""mag_psf"": ""Mag_PSF"", ""magerr_aper4"": ""MagErr_Aper4"", ""magerr_aper8"": ""MagErr_Aper8"", ""magerr_kron"": ""MagErr_Kron"", ""magerr_psf"": ""MagErr_PSF"", ""obj_id"": ""objID"", ""obs_dec_err_deg"": ""DECErr_Win"", ""obs_dec_psf_deg"": ""DEC_PSF"", ""obs_dec_win_deg"": ""DEC_Win"", ""obs_ra_err_deg"": ""RAErr_Win"", ""obs_ra_psf_deg"": ""RA_PSF"", ""obs_ra_win_deg"": ""RA_Win"", ""pred_dec_deg"": ""dec"", ""pred_geocentric_distance_au"": null, ""pred_heliocentric_distance_au"": null, ""pred_phase_angle_deg"": null, ""pred_ra_deg"": ""ra"", ""pred_solar_elongation_deg"": null, ""pred_v_mag"": ""mag"", ""x_win_px"": ""X_Win"", ""y_win_px"": ""Y_Win""}",[],"[""pred_heliocentric_distance_au"", ""pred_geocentric_distance_au"", ""pred_solar_elongation_deg"", ""pred_phase_angle_deg""]"
20260206,unknown_catalog,/processed1/20260206/L4/20260206_unknown_links.fits,True,ok,,,14400,2026-06-20T02:26:03.902880+00:00,1781922363902880497,832214cc316cb10a21e6d773571f2076590d209adb5dfde78dcc6e8fca0d1a1f,,,1,14,14,image_names,"{""a_au"": ""a_au"", ""argp_deg"": ""argp_deg"", ""best_v1_kms"": ""best_v1_kms"", ""decs_deg"": ""decs_deg"", ""ecc"": ""ecc"", ""exp_pairs"": ""exp_pairs"", ""fit_ok"": ""fit_ok"", ""groups"": ""groups"", ""image_names"": ""image_names"", ""inc_deg"": ""inc_deg"", ""is_good"": ""is_good"", ""lin_dir_deg"": ""lin_dir_deg"", ""lin_rms_arcsec"": ""lin_rms_arcsec"", ""lin_speed_arcsec_per_day"": ""lin_speed_arcsec_per_day"", ""linkage_id"": ""linkage_id"", ""max_arcsec"": ""max_arcsec"", ""med_arcsec"": ""med_arcsec"", ""mjds"": ""mjds"", ""n_obs"": ""n_obs"", ""n_tracklets"": ""n_tracklets"", ""nu_deg"": ""nu_deg"", ""objids"": ""objids"", ""raan_deg"": ""raan_deg"", ""ras_deg"": ""ras_deg"", ""rms_arcsec"": ""rms_arcsec"", ""tracklet_ids"": ""tracklet_ids"", ""trk_sub"": ""trk_sub""}",[],[]
20260206,orbit_links,/home/admin/pipeline/xiaoyunao/data/heliolincrr/20260206/rr_links/orbit_confirm/orbit_links.fits,True,ok,,,97920,2026-05-14T23:38:37.102153+00:00,1778801917102153029,a21368294eeb8c949fc0e3a2c8731d962145730931c8787781cff7588c6c938c,,,1,299,299,,"{""a_au"": ""a_au"", ""argp_deg"": ""argp_deg"", ""best_rejected_max_v_kms"": ""best_rejected_max_v_kms"", ""best_v1_kms"": ""best_v1_kms"", ""ecc"": ""ecc"", ""fail_counts"": ""fail_counts"", ""fail_reason"": ""fail_reason"", ""final_max_v_kms"": ""final_max_v_kms"", ""fit_ok"": ""fit_ok"", ""hypo_r_au"": ""hypo_r_au"", ""hypo_rdd_au_day2"": ""hypo_rdd_au_day2"", ""hypo_rdot_au_day"": ""hypo_rdot_au_day"", ""inc_deg"": ""inc_deg"", ""inlier_tracklets"": ""inlier_tracklets"", ""is_good"": ""is_good"", ""lin_dir_deg"": ""lin_dir_deg"", ""lin_rms_arcsec"": ""lin_rms_arcsec"", ""lin_speed_arcsec_per_day"": ""lin_speed_arcsec_per_day"", ""linkage_id"": ""linkage_id"", ""max_arcsec"": ""max_arcsec"", ""med_arcsec"": ""med_arcsec"", ""min_rejected_max_v_kms"": ""min_rejected_max_v_kms"", ""n_nights"": ""n_nights"", ""n_obs"": ""n_obs"", ""n_tracklets"": ""n_tracklets"", ""nu_deg"": ""nu_deg"", ""pred_dec_deg"": ""pred_dec_deg"", ""pred_ra_deg"": ""pred_ra_deg"", ""raan_deg"": ""raan_deg"", ""rejected_tracklets"": ""rejected_tracklets"", ""rms_arcsec"": ""rms_arcsec"", ""seed_max_v_kms"": ""seed_max_v_kms"", ""seed_tracklets"": ""seed_tracklets""}",[],[]
20260206,orbit_obs_residuals,/home/admin/pipeline/xiaoyunao/data/heliolincrr/20260206/rr_links/orbit_confirm/orbit_obs_residuals.fits,True,ok,,,92160,2026-05-14T23:38:37.114019+00:00,1778801917114019487,0c49a24042b5016d559f57d03adf7b5665d652bc09d9542c1c2026ce1ceab696,,,1,899,899,,"{""dec_deg"": ""dec_deg"", ""linkage_id"": ""linkage_id"", ""mjd"": ""mjd"", ""obs_key"": ""obs_key"", ""ra_deg"": ""ra_deg"", ""resid_arcsec"": ""resid_arcsec"", ""tracklet_id"": ""tracklet_id"", ""used"": ""used""}",[],[]
20260207,known_all,/processed1/20260207/L4/20260207_all_asteroids.fits,True,ok_with_missing_optional,,,32368320,2026-06-19T14:35:27.628779+00:00,1781879727628779454,1e41eb2811cbfb581c6690b5d3d26a7b1cc9fa6377667c6bf74cf9f064e32341,,,1,165113,165113,source_file,"{""asteroid_name"": ""name"", ""asteroid_number"": ""number"", ""epoch_mjd"": ""epoch"", ""pred_dec_deg"": ""dec"", ""pred_geocentric_distance_au"": null, ""pred_heliocentric_distance_au"": null, ""pred_phase_angle_deg"": null, ""pred_ra_deg"": ""ra"", ""pred_solar_elongation_deg"": null, ""pred_v_mag"": ""mag""}",[],"[""pred_heliocentric_distance_au"", ""pred_geocentric_distance_au"", ""pred_solar_elongation_deg"", ""pred_phase_angle_deg""]"
20260207,known_matched,/processed1/20260207/L4/20260207_matched_asteroids.fits,True,ok_with_missing_optional,,,4363200,2026-06-19T14:35:28.706759+00:00,1781879728706758849,17e57efce4f267012c43c150c554179b935191d11fcce1d6b5a2c48344091d35,,,1,5602,5602,source_file,"{""asteroid_name"": ""name"", ""asteroid_number"": ""number"", ""epoch_mjd"": ""epoch"", ""flag"": ""Flag"", ""flag_iso_num"": ""Flag_ISO_Num"", ""flux_aper4"": ""Flux_Aper4"", ""fluxerr_aper4"": ""FluxErr_Aper4"", ""fwhm_px"": ""FWHM"", ""mag_aper4"": ""Mag_Aper4"", ""mag_aper8"": ""Mag_Aper8"", ""mag_kron"": ""Mag_Kron"", ""mag_psf"": ""Mag_PSF"", ""magerr_aper4"": ""MagErr_Aper4"", ""magerr_aper8"": ""MagErr_Aper8"", ""magerr_kron"": ""MagErr_Kron"", ""magerr_psf"": ""MagErr_PSF"", ""obj_id"": ""objID"", ""obs_dec_err_deg"": ""DECErr_Win"", ""obs_dec_psf_deg"": ""DEC_PSF"", ""obs_dec_win_deg"": ""DEC_Win"", ""obs_ra_err_deg"": ""RAErr_Win"", ""obs_ra_psf_deg"": ""RA_PSF"", ""obs_ra_win_deg"": ""RA_Win"", ""pred_dec_deg"": ""dec"", ""pred_geocentric_distance_au"": null, ""pred_heliocentric_distance_au"": null, ""pred_phase_angle_deg"": null, ""pred_ra_deg"": ""ra"", ""pred_solar_elongation_deg"": null, ""pred_v_mag"": ""mag"", ""x_win_px"": ""X_Win"", ""y_win_px"": ""Y_Win""}",[],"[""pred_heliocentric_distance_au"", ""pred_geocentric_distance_au"", ""pred_solar_elongation_deg"", ""pred_phase_angle_deg""]"
20260207,known_mask15,/processed1/20260207/L4/20260207_matched_asteroids_mask15.fits,True,ok_with_missing_optional,,,4769280,2026-06-19T14:35:29.766739+00:00,1781879729766738589,b47fdc281d8db23724de8a9ea776e12306f9b13998aaef6c9d6e97f158d5f052,,,1,6128,6128,source_file,"{""asteroid_name"": ""name"", ""asteroid_number"": ""number"", ""epoch_mjd"": ""epoch"", ""flag"": ""Flag"", ""flag_iso_num"": ""Flag_ISO_Num"", ""flux_aper4"": ""Flux_Aper4"", ""fluxerr_aper4"": ""FluxErr_Aper4"", ""fwhm_px"": ""FWHM"", ""mag_aper4"": ""Mag_Aper4"", ""mag_aper8"": ""Mag_Aper8"", ""mag_kron"": ""Mag_Kron"", ""mag_psf"": ""Mag_PSF"", ""magerr_aper4"": ""MagErr_Aper4"", ""magerr_aper8"": ""MagErr_Aper8"", ""magerr_kron"": ""MagErr_Kron"", ""magerr_psf"": ""MagErr_PSF"", ""obj_id"": ""objID"", ""obs_dec_err_deg"": ""DECErr_Win"", ""obs_dec_psf_deg"": ""DEC_PSF"", ""obs_dec_win_deg"": ""DEC_Win"", ""obs_ra_err_deg"": ""RAErr_Win"", ""obs_ra_psf_deg"": ""RA_PSF"", ""obs_ra_win_deg"": ""RA_Win"", ""pred_dec_deg"": ""dec"", ""pred_geocentric_distance_au"": null, ""pred_heliocentric_distance_au"": null, ""pred_phase_angle_deg"": null, ""pred_ra_deg"": ""ra"", ""pred_solar_elongation_deg"": null, ""pred_v_mag"": ""mag"", ""x_win_px"": ""X_Win"", ""y_win_px"": ""Y_Win""}",[],"[""pred_heliocentric_distance_au"", ""pred_geocentric_distance_au"", ""pred_solar_elongation_deg"", ""pred_phase_angle_deg""]"
20260207,unknown_catalog,/processed1/20260207/L4/20260207_unknown_links.fits,True,ok,,,31680,2026-06-20T02:27:25.270318+00:00,1781922445270318015,894bd3cf4075df3e0de4a695d396c9337d53a1b6014ee762d38100701ecf4985,,,1,51,51,image_names,"{""a_au"": ""a_au"", ""argp_deg"": ""argp_deg"", ""best_v1_kms"": ""best_v1_kms"", ""decs_deg"": ""decs_deg"", ""ecc"": ""ecc"", ""exp_pairs"": ""exp_pairs"", ""fit_ok"": ""fit_ok"", ""groups"": ""groups"", ""image_names"": ""image_names"", ""inc_deg"": ""inc_deg"", ""is_good"": ""is_good"", ""lin_dir_deg"": ""lin_dir_deg"", ""lin_rms_arcsec"": ""lin_rms_arcsec"", ""lin_speed_arcsec_per_day"": ""lin_speed_arcsec_per_day"", ""linkage_id"": ""linkage_id"", ""max_arcsec"": ""max_arcsec"", ""med_arcsec"": ""med_arcsec"", ""mjds"": ""mjds"", ""n_obs"": ""n_obs"", ""n_tracklets"": ""n_tracklets"", ""nu_deg"": ""nu_deg"", ""objids"": ""objids"", ""raan_deg"": ""raan_deg"", ""ras_deg"": ""ras_deg"", ""rms_arcsec"": ""rms_arcsec"", ""tracklet_ids"": ""tracklet_ids"", ""trk_sub"": ""trk_sub""}",[],[]
20260207,orbit_links,/home/admin/pipeline/xiaoyunao/data/heliolincrr/20260207/rr_links/orbit_confirm/orbit_links.fits,True,ok,,,311040,2026-05-14T23:46:35.595001+00:00,1778802395595000881,e89e1a95211e699e97abe37169624513fb9e7a2c01b916d4b8ca529ff9cfde84,,,1,977,977,,"{""a_au"": ""a_au"", ""argp_deg"": ""argp_deg"", ""best_rejected_max_v_kms"": ""best_rejected_max_v_kms"", ""best_v1_kms"": ""best_v1_kms"", ""ecc"": ""ecc"", ""fail_counts"": ""fail_counts"", ""fail_reason"": ""fail_reason"", ""final_max_v_kms"": ""final_max_v_kms"", ""fit_ok"": ""fit_ok"", ""hypo_r_au"": ""hypo_r_au"", ""hypo_rdd_au_day2"": ""hypo_rdd_au_day2"", ""hypo_rdot_au_day"": ""hypo_rdot_au_day"", ""inc_deg"": ""inc_deg"", ""inlier_tracklets"": ""inlier_tracklets"", ""is_good"": ""is_good"", ""lin_dir_deg"": ""lin_dir_deg"", ""lin_rms_arcsec"": ""lin_rms_arcsec"", ""lin_speed_arcsec_per_day"": ""lin_speed_arcsec_per_day"", ""linkage_id"": ""linkage_id"", ""max_arcsec"": ""max_arcsec"", ""med_arcsec"": ""med_arcsec"", ""min_rejected_max_v_kms"": ""min_rejected_max_v_kms"", ""n_nights"": ""n_nights"", ""n_obs"": ""n_obs"", ""n_tracklets"": ""n_tracklets"", ""nu_deg"": ""nu_deg"", ""pred_dec_deg"": ""pred_dec_deg"", ""pred_ra_deg"": ""pred_ra_deg"", ""raan_deg"": ""raan_deg"", ""rejected_tracklets"": ""rejected_tracklets"", ""rms_arcsec"": ""rms_arcsec"", ""seed_max_v_kms"": ""seed_max_v_kms"", ""seed_tracklets"": ""seed_tracklets""}",[],[]
20260207,orbit_obs_residuals,/home/admin/pipeline/xiaoyunao/data/heliolincrr/20260207/rr_links/orbit_confirm/orbit_obs_residuals.fits,True,ok,,,290880,2026-05-14T23:46:35.607158+00:00,1778802395607157838,191852ccaec417d6dbc74f5e3a107b327abff1b2f1533e9f8f3c818ba743ae7c,,,1,2966,2966,,"{""dec_deg"": ""dec_deg"", ""linkage_id"": ""linkage_id"", ""mjd"": ""mjd"", ""obs_key"": ""obs_key"", ""ra_deg"": ""ra_deg"", ""resid_arcsec"": ""resid_arcsec"", ""tracklet_id"": ""tracklet_id"", ""used"": ""used""}",[],[]
20260208,known_all,/processed1/20260208/L4/20260208_all_asteroids.fits,True,ok_with_missing_optional,,,34928640,2026-06-19T14:45:53.130823+00:00,1781880353130822783,985c6d36a881344e56ed90e2a43e87a00e3e5953f8bf15fa306b96191cc8ea49,,,1,178174,178174,source_file,"{""asteroid_name"": ""name"", ""asteroid_number"": ""number"", ""epoch_mjd"": ""epoch"", ""pred_dec_deg"": ""dec"", ""pred_geocentric_distance_au"": null, ""pred_heliocentric_distance_au"": null, ""pred_phase_angle_deg"": null, ""pred_ra_deg"": ""ra"", ""pred_solar_elongation_deg"": null, ""pred_v_mag"": ""mag""}",[],"[""pred_heliocentric_distance_au"", ""pred_geocentric_distance_au"", ""pred_solar_elongation_deg"", ""pred_phase_angle_deg""]"
20260208,known_matched,/processed1/20260208/L4/20260208_matched_asteroids.fits,True,ok_with_missing_optional,,,6747840,2026-06-19T14:45:54.231802+00:00,1781880354231801736,bbf898919bc4314e7b94717faa0cc96a5e001da1549ebdf8374a1cb31818df00,,,1,8683,8683,source_file,"{""asteroid_name"": ""name"", ""asteroid_number"": ""number"", ""epoch_mjd"": ""epoch"", ""flag"": ""Flag"", ""flag_iso_num"": ""Flag_ISO_Num"", ""flux_aper4"": ""Flux_Aper4"", ""fluxerr_aper4"": ""FluxErr_Aper4"", ""fwhm_px"": ""FWHM"", ""mag_aper4"": ""Mag_Aper4"", ""mag_aper8"": ""Mag_Aper8"", ""mag_kron"": ""Mag_Kron"", ""mag_psf"": ""Mag_PSF"", ""magerr_aper4"": ""MagErr_Aper4"", ""magerr_aper8"": ""MagErr_Aper8"", ""magerr_kron"": ""MagErr_Kron"", ""magerr_psf"": ""MagErr_PSF"", ""obj_id"": ""objID"", ""obs_dec_err_deg"": ""DECErr_Win"", ""obs_dec_psf_deg"": ""DEC_PSF"", ""obs_dec_win_deg"": ""DEC_Win"", ""obs_ra_err_deg"": ""RAErr_Win"", ""obs_ra_psf_deg"": ""RA_PSF"", ""obs_ra_win_deg"": ""RA_Win"", ""pred_dec_deg"": ""dec"", ""pred_geocentric_distance_au"": null, ""pred_heliocentric_distance_au"": null, ""pred_phase_angle_deg"": null, ""pred_ra_deg"": ""ra"", ""pred_solar_elongation_deg"": null, ""pred_v_mag"": ""mag"", ""x_win_px"": ""X_Win"", ""y_win_px"": ""Y_Win""}",[],"[""pred_heliocentric_distance_au"", ""pred_geocentric_distance_au"", ""pred_solar_elongation_deg"", ""pred_phase_angle_deg""]"
20260208,known_mask15,/processed1/20260208/L4/20260208_matched_asteroids_mask15.fits,True,ok_with_missing_optional,,,7156800,2026-06-19T14:45:55.308781+00:00,1781880355308781149,b15c0419bf122cf47a6126c4c40c3b0f7d397779ae342d64408b301605049c6b,,,1,9212,9212,source_file,"{""asteroid_name"": ""name"", ""asteroid_number"": ""number"", ""epoch_mjd"": ""epoch"", ""flag"": ""Flag"", ""flag_iso_num"": ""Flag_ISO_Num"", ""flux_aper4"": ""Flux_Aper4"", ""fluxerr_aper4"": ""FluxErr_Aper4"", ""fwhm_px"": ""FWHM"", ""mag_aper4"": ""Mag_Aper4"", ""mag_aper8"": ""Mag_Aper8"", ""mag_kron"": ""Mag_Kron"", ""mag_psf"": ""Mag_PSF"", ""magerr_aper4"": ""MagErr_Aper4"", ""magerr_aper8"": ""MagErr_Aper8"", ""magerr_kron"": ""MagErr_Kron"", ""magerr_psf"": ""MagErr_PSF"", ""obj_id"": ""objID"", ""obs_dec_err_deg"": ""DECErr_Win"", ""obs_dec_psf_deg"": ""DEC_PSF"", ""obs_dec_win_deg"": ""DEC_Win"", ""obs_ra_err_deg"": ""RAErr_Win"", ""obs_ra_psf_deg"": ""RA_PSF"", ""obs_ra_win_deg"": ""RA_Win"", ""pred_dec_deg"": ""dec"", ""pred_geocentric_distance_au"": null, ""pred_heliocentric_distance_au"": null, ""pred_phase_angle_deg"": null, ""pred_ra_deg"": ""ra"", ""pred_solar_elongation_deg"": null, ""pred_v_mag"": ""mag"", ""x_win_px"": ""X_Win"", ""y_win_px"": ""Y_Win""}",[],"[""pred_heliocentric_distance_au"", ""pred_geocentric_distance_au"", ""pred_solar_elongation_deg"", ""pred_phase_angle_deg""]"
20260208,unknown_catalog,/processed1/20260208/L4/20260208_unknown_links.fits,True,ok,,,48960,2026-06-20T02:29:54.752448+00:00,1781922594752447672,a9df03539da6a0d60b50d292b325e54974d9dc48c9c3ef1782cf123bd026440a,,,1,92,92,image_names,"{""a_au"": ""a_au"", ""argp_deg"": ""argp_deg"", ""best_v1_kms"": ""best_v1_kms"", ""decs_deg"": ""decs_deg"", ""ecc"": ""ecc"", ""exp_pairs"": ""exp_pairs"", ""fit_ok"": ""fit_ok"", ""groups"": ""groups"", ""image_names"": ""image_names"", ""inc_deg"": ""inc_deg"", ""is_good"": ""is_good"", ""lin_dir_deg"": ""lin_dir_deg"", ""lin_rms_arcsec"": ""lin_rms_arcsec"", ""lin_speed_arcsec_per_day"": ""lin_speed_arcsec_per_day"", ""linkage_id"": ""linkage_id"", ""max_arcsec"": ""max_arcsec"", ""med_arcsec"": ""med_arcsec"", ""mjds"": ""mjds"", ""n_obs"": ""n_obs"", ""n_tracklets"": ""n_tracklets"", ""nu_deg"": ""nu_deg"", ""objids"": ""objids"", ""raan_deg"": ""raan_deg"", ""ras_deg"": ""ras_deg"", ""rms_arcsec"": ""rms_arcsec"", ""tracklet_ids"": ""tracklet_ids"", ""trk_sub"": ""trk_sub""}",[],[]
20260208,orbit_links,/home/admin/pipeline/xiaoyunao/data/heliolincrr/20260208/rr_links/orbit_confirm/orbit_links.fits,True,ok,,,472320,2026-05-15T00:12:49.629215+00:00,1778803969629215538,f0ecc9f62523295a3168ce97569198c03281459b1b8402b93aad5cb9ba8f5f8a,,,1,1504,1504,,"{""a_au"": ""a_au"", ""argp_deg"": ""argp_deg"", ""best_rejected_max_v_kms"": ""best_rejected_max_v_kms"", ""best_v1_kms"": ""best_v1_kms"", ""ecc"": ""ecc"", ""fail_counts"": ""fail_counts"", ""fail_reason"": ""fail_reason"", ""final_max_v_kms"": ""final_max_v_kms"", ""fit_ok"": ""fit_ok"", ""hypo_r_au"": ""hypo_r_au"", ""hypo_rdd_au_day2"": ""hypo_rdd_au_day2"", ""hypo_rdot_au_day"": ""hypo_rdot_au_day"", ""inc_deg"": ""inc_deg"", ""inlier_tracklets"": ""inlier_tracklets"", ""is_good"": ""is_good"", ""lin_dir_deg"": ""lin_dir_deg"", ""lin_rms_arcsec"": ""lin_rms_arcsec"", ""lin_speed_arcsec_per_day"": ""lin_speed_arcsec_per_day"", ""linkage_id"": ""linkage_id"", ""max_arcsec"": ""max_arcsec"", ""med_arcsec"": ""med_arcsec"", ""min_rejected_max_v_kms"": ""min_rejected_max_v_kms"", ""n_nights"": ""n_nights"", ""n_obs"": ""n_obs"", ""n_tracklets"": ""n_tracklets"", ""nu_deg"": ""nu_deg"", ""pred_dec_deg"": ""pred_dec_deg"", ""pred_ra_deg"": ""pred_ra_deg"", ""raan_deg"": ""raan_deg"", ""rejected_tracklets"": ""rejected_tracklets"", ""rms_arcsec"": ""rms_arcsec"", ""seed_max_v_kms"": ""seed_max_v_kms"", ""seed_tracklets"": ""seed_tracklets""}",[],[]
20260208,orbit_obs_residuals,/home/admin/pipeline/xiaoyunao/data/heliolincrr/20260208/rr_links/orbit_confirm/orbit_obs_residuals.fits,True,ok,,,443520,2026-05-15T00:12:49.643153+00:00,1778803969643153132,6c490432a3b4891fbfd023c3d6f1a606da40f0f7842c752e1451010ea893cc7d,,,1,4551,4551,,"{""dec_deg"": ""dec_deg"", ""linkage_id"": ""linkage_id"", ""mjd"": ""mjd"", ""obs_key"": ""obs_key"", ""ra_deg"": ""ra_deg"", ""resid_arcsec"": ""resid_arcsec"", ""tracklet_id"": ""tracklet_id"", ""used"": ""used""}",[],[]
20260209,known_all,/processed1/20260209/L4/20260209_all_asteroids.fits,False,missing,,,0,,0,,,,1,0,0,,{},[],[]
20260209,known_matched,/processed1/20260209/L4/20260209_matched_asteroids.fits,False,missing,,,0,,0,,,,1,0,0,,{},[],[]
20260209,known_mask15,/processed1/20260209/L4/20260209_matched_asteroids_mask15.fits,False,missing,,,0,,0,,,,1,0,0,,{},[],[]
20260209,unknown_catalog,/processed1/20260209/L4/20260209_unknown_links.fits,False,missing,,,0,,0,,,,1,0,0,,{},[],[]
20260209,orbit_links,/home/admin/pipeline/xiaoyunao/data/heliolincrr/20260209/rr_links/orbit_confirm/orbit_links.fits,False,missing,,,0,,0,,,,1,0,0,,{},[],[]
20260209,orbit_obs_residuals,/home/admin/pipeline/xiaoyunao/data/heliolincrr/20260209/rr_links/orbit_confirm/orbit_obs_residuals.fits,False,missing,,,0,,0,,,,1,0,0,,{},[],[]
20260210,known_all,/processed1/20260210/L4/20260210_all_asteroids.fits,True,ok_with_missing_optional,,,10368000,2026-06-19T14:49:03.882176+00:00,1781880543882176385,4dc4bbccd5e612f8b4a3a348bb229147d1ee6e7ff67875c0c0ca10d9526e0358,,,1,52862,52862,source_file,"{""asteroid_name"": ""name"", ""asteroid_number"": ""number"", ""epoch_mjd"": ""epoch"", ""pred_dec_deg"": ""dec"", ""pred_geocentric_distance_au"": null, ""pred_heliocentric_distance_au"": null, ""pred_phase_angle_deg"": null, ""pred_ra_deg"": ""ra"", ""pred_solar_elongation_deg"": null, ""pred_v_mag"": ""mag""}",[],"[""pred_heliocentric_distance_au"", ""pred_geocentric_distance_au"", ""pred_solar_elongation_deg"", ""pred_phase_angle_deg""]"
20260210,known_matched,/processed1/20260210/L4/20260210_matched_asteroids.fits,True,ok_with_missing_optional,,,3012480,2026-06-19T14:49:04.262169+00:00,1781880544262169121,e0b130a3055194e59a2a0cbfa258c2369cbab9aa6bf0a0d5719e7337bd1c515a,,,1,3858,3858,source_file,"{""asteroid_name"": ""name"", ""asteroid_number"": ""number"", ""epoch_mjd"": ""epoch"", ""flag"": ""Flag"", ""flag_iso_num"": ""Flag_ISO_Num"", ""flux_aper4"": ""Flux_Aper4"", ""fluxerr_aper4"": ""FluxErr_Aper4"", ""fwhm_px"": ""FWHM"", ""mag_aper4"": ""Mag_Aper4"", ""mag_aper8"": ""Mag_Aper8"", ""mag_kron"": ""Mag_Kron"", ""mag_psf"": ""Mag_PSF"", ""magerr_aper4"": ""MagErr_Aper4"", ""magerr_aper8"": ""MagErr_Aper8"", ""magerr_kron"": ""MagErr_Kron"", ""magerr_psf"": ""MagErr_PSF"", ""obj_id"": ""objID"", ""obs_dec_err_deg"": ""DECErr_Win"", ""obs_dec_psf_deg"": ""DEC_PSF"", ""obs_dec_win_deg"": ""DEC_Win"", ""obs_ra_err_deg"": ""RAErr_Win"", ""obs_ra_psf_deg"": ""RA_PSF"", ""obs_ra_win_deg"": ""RA_Win"", ""pred_dec_deg"": ""dec"", ""pred_geocentric_distance_au"": null, ""pred_heliocentric_distance_au"": null, ""pred_phase_angle_deg"": null, ""pred_ra_deg"": ""ra"", ""pred_solar_elongation_deg"": null, ""pred_v_mag"": ""mag"", ""x_win_px"": ""X_Win"", ""y_win_px"": ""Y_Win""}",[],"[""pred_heliocentric_distance_au"", ""pred_geocentric_distance_au"", ""pred_solar_elongation_deg"", ""pred_phase_angle_deg""]"
20260210,known_mask15,/processed1/20260210/L4/20260210_matched_asteroids_mask15.fits,True,ok_with_missing_optional,,,3144960,2026-06-19T14:49:04.622162+00:00,1781880544622162239,cbef7abf7379d09a18a8b53a1f3a1a4353b48c04f38e6033d6993304795ec367,,,1,4027,4027,source_file,"{""asteroid_name"": ""name"", ""asteroid_number"": ""number"", ""epoch_mjd"": ""epoch"", ""flag"": ""Flag"", ""flag_iso_num"": ""Flag_ISO_Num"", ""flux_aper4"": ""Flux_Aper4"", ""fluxerr_aper4"": ""FluxErr_Aper4"", ""fwhm_px"": ""FWHM"", ""mag_aper4"": ""Mag_Aper4"", ""mag_aper8"": ""Mag_Aper8"", ""mag_kron"": ""Mag_Kron"", ""mag_psf"": ""Mag_PSF"", ""magerr_aper4"": ""MagErr_Aper4"", ""magerr_aper8"": ""MagErr_Aper8"", ""magerr_kron"": ""MagErr_Kron"", ""magerr_psf"": ""MagErr_PSF"", ""obj_id"": ""objID"", ""obs_dec_err_deg"": ""DECErr_Win"", ""obs_dec_psf_deg"": ""DEC_PSF"", ""obs_dec_win_deg"": ""DEC_Win"", ""obs_ra_err_deg"": ""RAErr_Win"", ""obs_ra_psf_deg"": ""RA_PSF"", ""obs_ra_win_deg"": ""RA_Win"", ""pred_dec_deg"": ""dec"", ""pred_geocentric_distance_au"": null, ""pred_heliocentric_distance_au"": null, ""pred_phase_angle_deg"": null, ""pred_ra_deg"": ""ra"", ""pred_solar_elongation_deg"": null, ""pred_v_mag"": ""mag"", ""x_win_px"": ""X_Win"", ""y_win_px"": ""Y_Win""}",[],"[""pred_heliocentric_distance_au"", ""pred_geocentric_distance_au"", ""pred_solar_elongation_deg"", ""pred_phase_angle_deg""]"
20260210,unknown_catalog,/processed1/20260210/L4/20260210_unknown_links.fits,True,ok,,,20160,2026-06-20T02:34:03.387673+00:00,1781922843387673400,20e252564c956f2cb39122a14b36258debe6af3cddbf13f0000956c29bcdf0cc,,,1,23,23,image_names,"{""a_au"": ""a_au"", ""argp_deg"": ""argp_deg"", ""best_v1_kms"": ""best_v1_kms"", ""decs_deg"": ""decs_deg"", ""ecc"": ""ecc"", ""exp_pairs"": ""exp_pairs"", ""fit_ok"": ""fit_ok"", ""groups"": ""groups"", ""image_names"": ""image_names"", ""inc_deg"": ""inc_deg"", ""is_good"": ""is_good"", ""lin_dir_deg"": ""lin_dir_deg"", ""lin_rms_arcsec"": ""lin_rms_arcsec"", ""lin_speed_arcsec_per_day"": ""lin_speed_arcsec_per_day"", ""linkage_id"": ""linkage_id"", ""max_arcsec"": ""max_arcsec"", ""med_arcsec"": ""med_arcsec"", ""mjds"": ""mjds"", ""n_obs"": ""n_obs"", ""n_tracklets"": ""n_tracklets"", ""nu_deg"": ""nu_deg"", ""objids"": ""objids"", ""raan_deg"": ""raan_deg"", ""ras_deg"": ""ras_deg"", ""rms_arcsec"": ""rms_arcsec"", ""tracklet_ids"": ""tracklet_ids"", ""trk_sub"": ""trk_sub""}",[],[]
20260210,orbit_links,/home/admin/pipeline/xiaoyunao/data/heliolincrr/20260210/rr_links/orbit_confirm/orbit_links.fits,True,ok,,,198720,2026-05-15T00:38:47.522365+00:00,1778805527522364937,cf83c557c3c4689159725cd1eb01e7d25278fcd39e56eaf8730ded24e1013314,,,1,567,567,,"{""a_au"": ""a_au"", ""argp_deg"": ""argp_deg"", ""best_rejected_max_v_kms"": ""best_rejected_max_v_kms"", ""best_v1_kms"": ""best_v1_kms"", ""ecc"": ""ecc"", ""fail_counts"": ""fail_counts"", ""fail_reason"": ""fail_reason"", ""final_max_v_kms"": ""final_max_v_kms"", ""fit_ok"": ""fit_ok"", ""hypo_r_au"": ""hypo_r_au"", ""hypo_rdd_au_day2"": ""hypo_rdd_au_day2"", ""hypo_rdot_au_day"": ""hypo_rdot_au_day"", ""inc_deg"": ""inc_deg"", ""inlier_tracklets"": ""inlier_tracklets"", ""is_good"": ""is_good"", ""lin_dir_deg"": ""lin_dir_deg"", ""lin_rms_arcsec"": ""lin_rms_arcsec"", ""lin_speed_arcsec_per_day"": ""lin_speed_arcsec_per_day"", ""linkage_id"": ""linkage_id"", ""max_arcsec"": ""max_arcsec"", ""med_arcsec"": ""med_arcsec"", ""min_rejected_max_v_kms"": ""min_rejected_max_v_kms"", ""n_nights"": ""n_nights"", ""n_obs"": ""n_obs"", ""n_tracklets"": ""n_tracklets"", ""nu_deg"": ""nu_deg"", ""pred_dec_deg"": ""pred_dec_deg"", ""pred_ra_deg"": ""pred_ra_deg"", ""raan_deg"": ""raan_deg"", ""rejected_tracklets"": ""rejected_tracklets"", ""rms_arcsec"": ""rms_arcsec"", ""seed_max_v_kms"": ""seed_max_v_kms"", ""seed_tracklets"": ""seed_tracklets""}",[],[]
20260210,orbit_obs_residuals,/home/admin/pipeline/xiaoyunao/data/heliolincrr/20260210/rr_links/orbit_confirm/orbit_obs_residuals.fits,True,ok,,,169920,2026-05-15T00:38:47.532954+00:00,1778805527532954546,677c6bde05c24e3f12b1e99754b7a9643710b5659693ba905f068475265c7236,,,1,1711,1711,,"{""dec_deg"": ""dec_deg"", ""linkage_id"": ""linkage_id"", ""mjd"": ""mjd"", ""obs_key"": ""obs_key"", ""ra_deg"": ""ra_deg"", ""resid_arcsec"": ""resid_arcsec"", ""tracklet_id"": ""tracklet_id"", ""used"": ""used""}",[],[]
20260211,known_all,/processed1/20260211/L4/20260211_all_asteroids.fits,True,ok_with_missing_optional,,,27492480,2026-06-19T14:57:07.581930+00:00,1781881027581930152,23f794c01f03acbe35a74a86081c9deed73644b8c4df61a516a6d0ed6956d427,,,1,140230,140230,source_file,"{""asteroid_name"": ""name"", ""asteroid_number"": ""number"", ""epoch_mjd"": ""epoch"", ""pred_dec_deg"": ""dec"", ""pred_geocentric_distance_au"": null, ""pred_heliocentric_distance_au"": null, ""pred_phase_angle_deg"": null, ""pred_ra_deg"": ""ra"", ""pred_solar_elongation_deg"": null, ""pred_v_mag"": ""mag""}",[],"[""pred_heliocentric_distance_au"", ""pred_geocentric_distance_au"", ""pred_solar_elongation_deg"", ""pred_phase_angle_deg""]"
20260211,known_matched,/processed1/20260211/L4/20260211_matched_asteroids.fits,True,ok_with_missing_optional,,,6799680,2026-06-19T14:57:08.557911+00:00,1781881028557911500,1cf0d087153603e4421cd342b3aec73f66d59ff4c1a196ae1a78e25d456ba2b8,,,1,8751,8751,source_file,"{""asteroid_name"": ""name"", ""asteroid_number"": ""number"", ""epoch_mjd"": ""epoch"", ""flag"": ""Flag"", ""flag_iso_num"": ""Flag_ISO_Num"", ""flux_aper4"": ""Flux_Aper4"", ""fluxerr_aper4"": ""FluxErr_Aper4"", ""fwhm_px"": ""FWHM"", ""mag_aper4"": ""Mag_Aper4"", ""mag_aper8"": ""Mag_Aper8"", ""mag_kron"": ""Mag_Kron"", ""mag_psf"": ""Mag_PSF"", ""magerr_aper4"": ""MagErr_Aper4"", ""magerr_aper8"": ""MagErr_Aper8"", ""magerr_kron"": ""MagErr_Kron"", ""magerr_psf"": ""MagErr_PSF"", ""obj_id"": ""objID"", ""obs_dec_err_deg"": ""DECErr_Win"", ""obs_dec_psf_deg"": ""DEC_PSF"", ""obs_dec_win_deg"": ""DEC_Win"", ""obs_ra_err_deg"": ""RAErr_Win"", ""obs_ra_psf_deg"": ""RA_PSF"", ""obs_ra_win_deg"": ""RA_Win"", ""pred_dec_deg"": ""dec"", ""pred_geocentric_distance_au"": null, ""pred_heliocentric_distance_au"": null, ""pred_phase_angle_deg"": null, ""pred_ra_deg"": ""ra"", ""pred_solar_elongation_deg"": null, ""pred_v_mag"": ""mag"", ""x_win_px"": ""X_Win"", ""y_win_px"": ""Y_Win""}",[],"[""pred_heliocentric_distance_au"", ""pred_geocentric_distance_au"", ""pred_solar_elongation_deg"", ""pred_phase_angle_deg""]"
20260211,known_mask15,/processed1/20260211/L4/20260211_matched_asteroids_mask15.fits,True,ok_with_missing_optional,,,7032960,2026-06-19T14:57:09.506893+00:00,1781881029506893366,0221cb450003af303e17422bde45b7d3dbf978a7ef66c85c24bf128c81af404c,,,1,9051,9051,source_file,"{""asteroid_name"": ""name"", ""asteroid_number"": ""number"", ""epoch_mjd"": ""epoch"", ""flag"": ""Flag"", ""flag_iso_num"": ""Flag_ISO_Num"", ""flux_aper4"": ""Flux_Aper4"", ""fluxerr_aper4"": ""FluxErr_Aper4"", ""fwhm_px"": ""FWHM"", ""mag_aper4"": ""Mag_Aper4"", ""mag_aper8"": ""Mag_Aper8"", ""mag_kron"": ""Mag_Kron"", ""mag_psf"": ""Mag_PSF"", ""magerr_aper4"": ""MagErr_Aper4"", ""magerr_aper8"": ""MagErr_Aper8"", ""magerr_kron"": ""MagErr_Kron"", ""magerr_psf"": ""MagErr_PSF"", ""obj_id"": ""objID"", ""obs_dec_err_deg"": ""DECErr_Win"", ""obs_dec_psf_deg"": ""DEC_PSF"", ""obs_dec_win_deg"": ""DEC_Win"", ""obs_ra_err_deg"": ""RAErr_Win"", ""obs_ra_psf_deg"": ""RA_PSF"", ""obs_ra_win_deg"": ""RA_Win"", ""pred_dec_deg"": ""dec"", ""pred_geocentric_distance_au"": null, ""pred_heliocentric_distance_au"": null, ""pred_phase_angle_deg"": null, ""pred_ra_deg"": ""ra"", ""pred_solar_elongation_deg"": null, ""pred_v_mag"": ""mag"", ""x_win_px"": ""X_Win"", ""y_win_px"": ""Y_Win""}",[],"[""pred_heliocentric_distance_au"", ""pred_geocentric_distance_au"", ""pred_solar_elongation_deg"", ""pred_phase_angle_deg""]"
20260211,unknown_catalog,/processed1/20260211/L4/20260211_unknown_links.fits,True,ok,,,43200,2026-06-20T02:35:24.049124+00:00,1781922924049124545,453f39a41c2b0d498cca9e4d0bfc97fd6d91c027783f59a31f8e77d4525a05b5,,,1,81,81,image_names,"{""a_au"": ""a_au"", ""argp_deg"": ""argp_deg"", ""best_v1_kms"": ""best_v1_kms"", ""decs_deg"": ""decs_deg"", ""ecc"": ""ecc"", ""exp_pairs"": ""exp_pairs"", ""fit_ok"": ""fit_ok"", ""groups"": ""groups"", ""image_names"": ""image_names"", ""inc_deg"": ""inc_deg"", ""is_good"": ""is_good"", ""lin_dir_deg"": ""lin_dir_deg"", ""lin_rms_arcsec"": ""lin_rms_arcsec"", ""lin_speed_arcsec_per_day"": ""lin_speed_arcsec_per_day"", ""linkage_id"": ""linkage_id"", ""max_arcsec"": ""max_arcsec"", ""med_arcsec"": ""med_arcsec"", ""mjds"": ""mjds"", ""n_obs"": ""n_obs"", ""n_tracklets"": ""n_tracklets"", ""nu_deg"": ""nu_deg"", ""objids"": ""objids"", ""raan_deg"": ""raan_deg"", ""ras_deg"": ""ras_deg"", ""rms_arcsec"": ""rms_arcsec"", ""tracklet_ids"": ""tracklet_ids"", ""trk_sub"": ""trk_sub""}",[],[]
20260211,orbit_links,/home/admin/pipeline/xiaoyunao/data/heliolincrr/20260211/rr_links/orbit_confirm/orbit_links.fits,True,ok,,,521280,2026-05-15T00:47:18.323053+00:00,1778806038323053220,26c00a56d58713a09ac0d15de9adbc57fcbc1016f7c28e6658a2a672859c4ad2,,,1,1559,1559,,"{""a_au"": ""a_au"", ""argp_deg"": ""argp_deg"", ""best_rejected_max_v_kms"": ""best_rejected_max_v_kms"", ""best_v1_kms"": ""best_v1_kms"", ""ecc"": ""ecc"", ""fail_counts"": ""fail_counts"", ""fail_reason"": ""fail_reason"", ""final_max_v_kms"": ""final_max_v_kms"", ""fit_ok"": ""fit_ok"", ""hypo_r_au"": ""hypo_r_au"", ""hypo_rdd_au_day2"": ""hypo_rdd_au_day2"", ""hypo_rdot_au_day"": ""hypo_rdot_au_day"", ""inc_deg"": ""inc_deg"", ""inlier_tracklets"": ""inlier_tracklets"", ""is_good"": ""is_good"", ""lin_dir_deg"": ""lin_dir_deg"", ""lin_rms_arcsec"": ""lin_rms_arcsec"", ""lin_speed_arcsec_per_day"": ""lin_speed_arcsec_per_day"", ""linkage_id"": ""linkage_id"", ""max_arcsec"": ""max_arcsec"", ""med_arcsec"": ""med_arcsec"", ""min_rejected_max_v_kms"": ""min_rejected_max_v_kms"", ""n_nights"": ""n_nights"", ""n_obs"": ""n_obs"", ""n_tracklets"": ""n_tracklets"", ""nu_deg"": ""nu_deg"", ""pred_dec_deg"": ""pred_dec_deg"", ""pred_ra_deg"": ""pred_ra_deg"", ""raan_deg"": ""raan_deg"", ""rejected_tracklets"": ""rejected_tracklets"", ""rms_arcsec"": ""rms_arcsec"", ""seed_max_v_kms"": ""seed_max_v_kms"", ""seed_tracklets"": ""seed_tracklets""}",[],[]
20260211,orbit_obs_residuals,/home/admin/pipeline/xiaoyunao/data/heliolincrr/20260211/rr_links/orbit_confirm/orbit_obs_residuals.fits,True,ok,,,457920,2026-05-15T00:47:18.336806+00:00,1778806038336805582,f632240dd9b1c9cfc28c1c0eabf2422893dcdaf9aa211e58f00100abe26b5116,,,1,4737,4737,,"{""dec_deg"": ""dec_deg"", ""linkage_id"": ""linkage_id"", ""mjd"": ""mjd"", ""obs_key"": ""obs_key"", ""ra_deg"": ""ra_deg"", ""resid_arcsec"": ""resid_arcsec"", ""tracklet_id"": ""tracklet_id"", ""used"": ""used""}",[],[]
20260212,known_all,/processed1/20260212/L4/20260212_all_asteroids.fits,True,ok_with_missing_optional,,,20329920,2026-06-19T15:02:48.920407+00:00,1781881368920407170,4589af3135853127c53b7e4fc3e61d432efcb9052b5833d58c5d1ac81d0c9031,,,1,103689,103689,source_file,"{""asteroid_name"": ""name"", ""asteroid_number"": ""number"", ""epoch_mjd"": ""epoch"", ""pred_dec_deg"": ""dec"", ""pred_geocentric_distance_au"": null, ""pred_heliocentric_distance_au"": null, ""pred_phase_angle_deg"": null, ""pred_ra_deg"": ""ra"", ""pred_solar_elongation_deg"": null, ""pred_v_mag"": ""mag""}",[],"[""pred_heliocentric_distance_au"", ""pred_geocentric_distance_au"", ""pred_solar_elongation_deg"", ""pred_phase_angle_deg""]"
20260212,known_matched,/processed1/20260212/L4/20260212_matched_asteroids.fits,True,ok_with_missing_optional,,,3830400,2026-06-19T15:02:49.587394+00:00,1781881369587394424,abcd7182c3bb1c0853962fb2065307988f5fb476546bd0b6ac9becc703c2d359,,,1,4914,4914,source_file,"{""asteroid_name"": ""name"", ""asteroid_number"": ""number"", ""epoch_mjd"": ""epoch"", ""flag"": ""Flag"", ""flag_iso_num"": ""Flag_ISO_Num"", ""flux_aper4"": ""Flux_Aper4"", ""fluxerr_aper4"": ""FluxErr_Aper4"", ""fwhm_px"": ""FWHM"", ""mag_aper4"": ""Mag_Aper4"", ""mag_aper8"": ""Mag_Aper8"", ""mag_kron"": ""Mag_Kron"", ""mag_psf"": ""Mag_PSF"", ""magerr_aper4"": ""MagErr_Aper4"", ""magerr_aper8"": ""MagErr_Aper8"", ""magerr_kron"": ""MagErr_Kron"", ""magerr_psf"": ""MagErr_PSF"", ""obj_id"": ""objID"", ""obs_dec_err_deg"": ""DECErr_Win"", ""obs_dec_psf_deg"": ""DEC_PSF"", ""obs_dec_win_deg"": ""DEC_Win"", ""obs_ra_err_deg"": ""RAErr_Win"", ""obs_ra_psf_deg"": ""RA_PSF"", ""obs_ra_win_deg"": ""RA_Win"", ""pred_dec_deg"": ""dec"", ""pred_geocentric_distance_au"": null, ""pred_heliocentric_distance_au"": null, ""pred_phase_angle_deg"": null, ""pred_ra_deg"": ""ra"", ""pred_solar_elongation_deg"": null, ""pred_v_mag"": ""mag"", ""x_win_px"": ""X_Win"", ""y_win_px"": ""Y_Win""}",[],"[""pred_heliocentric_distance_au"", ""pred_geocentric_distance_au"", ""pred_solar_elongation_deg"", ""pred_phase_angle_deg""]"
20260212,known_mask15,/processed1/20260212/L4/20260212_matched_asteroids_mask15.fits,True,ok_with_missing_optional,,,3936960,2026-06-19T15:02:50.229382+00:00,1781881370229382156,851df36b085a2027ade6fd78f33d5405e72ce75cea4829b60a3ab567bd13ef49,,,1,5051,5051,source_file,"{""asteroid_name"": ""name"", ""asteroid_number"": ""number"", ""epoch_mjd"": ""epoch"", ""flag"": ""Flag"", ""flag_iso_num"": ""Flag_ISO_Num"", ""flux_aper4"": ""Flux_Aper4"", ""fluxerr_aper4"": ""FluxErr_Aper4"", ""fwhm_px"": ""FWHM"", ""mag_aper4"": ""Mag_Aper4"", ""mag_aper8"": ""Mag_Aper8"", ""mag_kron"": ""Mag_Kron"", ""mag_psf"": ""Mag_PSF"", ""magerr_aper4"": ""MagErr_Aper4"", ""magerr_aper8"": ""MagErr_Aper8"", ""magerr_kron"": ""MagErr_Kron"", ""magerr_psf"": ""MagErr_PSF"", ""obj_id"": ""objID"", ""obs_dec_err_deg"": ""DECErr_Win"", ""obs_dec_psf_deg"": ""DEC_PSF"", ""obs_dec_win_deg"": ""DEC_Win"", ""obs_ra_err_deg"": ""RAErr_Win"", ""obs_ra_psf_deg"": ""RA_PSF"", ""obs_ra_win_deg"": ""RA_Win"", ""pred_dec_deg"": ""dec"", ""pred_geocentric_distance_au"": null, ""pred_heliocentric_distance_au"": null, ""pred_phase_angle_deg"": null, ""pred_ra_deg"": ""ra"", ""pred_solar_elongation_deg"": null, ""pred_v_mag"": ""mag"", ""x_win_px"": ""X_Win"", ""y_win_px"": ""Y_Win""}",[],"[""pred_heliocentric_distance_au"", ""pred_geocentric_distance_au"", ""pred_solar_elongation_deg"", ""pred_phase_angle_deg""]"
20260212,unknown_catalog,/processed1/20260212/L4/20260212_unknown_links.fits,True,ok,,,17280,2026-06-20T02:37:45.849402+00:00,1781923065849401708,ff575f7afe6d7b4ccf8ba7305b00d4a6609ad9dc3e1d35a1479d84704321490a,,,1,15,15,image_names,"{""a_au"": ""a_au"", ""argp_deg"": ""argp_deg"", ""best_v1_kms"": ""best_v1_kms"", ""decs_deg"": ""decs_deg"", ""ecc"": ""ecc"", ""exp_pairs"": ""exp_pairs"", ""fit_ok"": ""fit_ok"", ""groups"": ""groups"", ""image_names"": ""image_names"", ""inc_deg"": ""inc_deg"", ""is_good"": ""is_good"", ""lin_dir_deg"": ""lin_dir_deg"", ""lin_rms_arcsec"": ""lin_rms_arcsec"", ""lin_speed_arcsec_per_day"": ""lin_speed_arcsec_per_day"", ""linkage_id"": ""linkage_id"", ""max_arcsec"": ""max_arcsec"", ""med_arcsec"": ""med_arcsec"", ""mjds"": ""mjds"", ""n_obs"": ""n_obs"", ""n_tracklets"": ""n_tracklets"", ""nu_deg"": ""nu_deg"", ""objids"": ""objids"", ""raan_deg"": ""raan_deg"", ""ras_deg"": ""ras_deg"", ""rms_arcsec"": ""rms_arcsec"", ""tracklet_ids"": ""tracklet_ids"", ""trk_sub"": ""trk_sub""}",[],[]
20260212,orbit_links,/home/admin/pipeline/xiaoyunao/data/heliolincrr/20260212/rr_links/orbit_confirm/orbit_links.fits,True,ok,,,63360,2026-05-15T01:12:38.640887+00:00,1778807558640886955,95793045b5bc00d1be53e258f0af84798ec386440d9b306b9c507db8c7b07a9b,,,1,169,169,,"{""a_au"": ""a_au"", ""argp_deg"": ""argp_deg"", ""best_rejected_max_v_kms"": ""best_rejected_max_v_kms"", ""best_v1_kms"": ""best_v1_kms"", ""ecc"": ""ecc"", ""fail_counts"": ""fail_counts"", ""fail_reason"": ""fail_reason"", ""final_max_v_kms"": ""final_max_v_kms"", ""fit_ok"": ""fit_ok"", ""hypo_r_au"": ""hypo_r_au"", ""hypo_rdd_au_day2"": ""hypo_rdd_au_day2"", ""hypo_rdot_au_day"": ""hypo_rdot_au_day"", ""inc_deg"": ""inc_deg"", ""inlier_tracklets"": ""inlier_tracklets"", ""is_good"": ""is_good"", ""lin_dir_deg"": ""lin_dir_deg"", ""lin_rms_arcsec"": ""lin_rms_arcsec"", ""lin_speed_arcsec_per_day"": ""lin_speed_arcsec_per_day"", ""linkage_id"": ""linkage_id"", ""max_arcsec"": ""max_arcsec"", ""med_arcsec"": ""med_arcsec"", ""min_rejected_max_v_kms"": ""min_rejected_max_v_kms"", ""n_nights"": ""n_nights"", ""n_obs"": ""n_obs"", ""n_tracklets"": ""n_tracklets"", ""nu_deg"": ""nu_deg"", ""pred_dec_deg"": ""pred_dec_deg"", ""pred_ra_deg"": ""pred_ra_deg"", ""raan_deg"": ""raan_deg"", ""rejected_tracklets"": ""rejected_tracklets"", ""rms_arcsec"": ""rms_arcsec"", ""seed_max_v_kms"": ""seed_max_v_kms"", ""seed_tracklets"": ""seed_tracklets""}",[],[]
20260212,orbit_obs_residuals,/home/admin/pipeline/xiaoyunao/data/heliolincrr/20260212/rr_links/orbit_confirm/orbit_obs_residuals.fits,True,ok,,,57600,2026-05-15T01:12:38.648887+00:00,1778807558648886972,d960579f7a97e432474d5554ec0bfba1151b3fe173784bbee926153537872c76,,,1,520,520,,"{""dec_deg"": ""dec_deg"", ""linkage_id"": ""linkage_id"", ""mjd"": ""mjd"", ""obs_key"": ""obs_key"", ""ra_deg"": ""ra_deg"", ""resid_arcsec"": ""resid_arcsec"", ""tracklet_id"": ""tracklet_id"", ""used"": ""used""}",[],[]
20260213,known_all,/processed1/20260213/L4/20260213_all_asteroids.fits,True,ok_with_missing_optional,,,27152640,2026-06-19T15:10:37.215458+00:00,1781881837215458048,d74fce4e1b7c59c0121a07bb65a5d2add90dcdf641fde6f6b0f6071d1600f85a,,,1,138501,138501,source_file,"{""asteroid_name"": ""name"", ""asteroid_number"": ""number"", ""epoch_mjd"": ""epoch"", ""pred_dec_deg"": ""dec"", ""pred_geocentric_distance_au"": null, ""pred_heliocentric_distance_au"": null, ""pred_phase_angle_deg"": null, ""pred_ra_deg"": ""ra"", ""pred_solar_elongation_deg"": null, ""pred_v_mag"": ""mag""}",[],"[""pred_heliocentric_distance_au"", ""pred_geocentric_distance_au"", ""pred_solar_elongation_deg"", ""pred_phase_angle_deg""]"
20260213,known_matched,/processed1/20260213/L4/20260213_matched_asteroids.fits,True,ok_with_missing_optional,,,6194880,2026-06-19T15:10:38.262438+00:00,1781881838262438040,9c72b7535ec85638781d9803a85e048885590a65512d4fa5fe0c57ed2b9f6339,,,1,7967,7967,source_file,"{""asteroid_name"": ""name"", ""asteroid_number"": ""number"", ""epoch_mjd"": ""epoch"", ""flag"": ""Flag"", ""flag_iso_num"": ""Flag_ISO_Num"", ""flux_aper4"": ""Flux_Aper4"", ""fluxerr_aper4"": ""FluxErr_Aper4"", ""fwhm_px"": ""FWHM"", ""mag_aper4"": ""Mag_Aper4"", ""mag_aper8"": ""Mag_Aper8"", ""mag_kron"": ""Mag_Kron"", ""mag_psf"": ""Mag_PSF"", ""magerr_aper4"": ""MagErr_Aper4"", ""magerr_aper8"": ""MagErr_Aper8"", ""magerr_kron"": ""MagErr_Kron"", ""magerr_psf"": ""MagErr_PSF"", ""obj_id"": ""objID"", ""obs_dec_err_deg"": ""DECErr_Win"", ""obs_dec_psf_deg"": ""DEC_PSF"", ""obs_dec_win_deg"": ""DEC_Win"", ""obs_ra_err_deg"": ""RAErr_Win"", ""obs_ra_psf_deg"": ""RA_PSF"", ""obs_ra_win_deg"": ""RA_Win"", ""pred_dec_deg"": ""dec"", ""pred_geocentric_distance_au"": null, ""pred_heliocentric_distance_au"": null, ""pred_phase_angle_deg"": null, ""pred_ra_deg"": ""ra"", ""pred_solar_elongation_deg"": null, ""pred_v_mag"": ""mag"", ""x_win_px"": ""X_Win"", ""y_win_px"": ""Y_Win""}",[],"[""pred_heliocentric_distance_au"", ""pred_geocentric_distance_au"", ""pred_solar_elongation_deg"", ""pred_phase_angle_deg""]"
20260213,known_mask15,/processed1/20260213/L4/20260213_matched_asteroids_mask15.fits,True,ok_with_missing_optional,,,6416640,2026-06-19T15:10:39.156421+00:00,1781881839156420957,51fcc7aa4f4b2ab0da24783ce9677fd767e833bd51a2f826384086af3be0ee2c,,,1,8255,8255,source_file,"{""asteroid_name"": ""name"", ""asteroid_number"": ""number"", ""epoch_mjd"": ""epoch"", ""flag"": ""Flag"", ""flag_iso_num"": ""Flag_ISO_Num"", ""flux_aper4"": ""Flux_Aper4"", ""fluxerr_aper4"": ""FluxErr_Aper4"", ""fwhm_px"": ""FWHM"", ""mag_aper4"": ""Mag_Aper4"", ""mag_aper8"": ""Mag_Aper8"", ""mag_kron"": ""Mag_Kron"", ""mag_psf"": ""Mag_PSF"", ""magerr_aper4"": ""MagErr_Aper4"", ""magerr_aper8"": ""MagErr_Aper8"", ""magerr_kron"": ""MagErr_Kron"", ""magerr_psf"": ""MagErr_PSF"", ""obj_id"": ""objID"", ""obs_dec_err_deg"": ""DECErr_Win"", ""obs_dec_psf_deg"": ""DEC_PSF"", ""obs_dec_win_deg"": ""DEC_Win"", ""obs_ra_err_deg"": ""RAErr_Win"", ""obs_ra_psf_deg"": ""RA_PSF"", ""obs_ra_win_deg"": ""RA_Win"", ""pred_dec_deg"": ""dec"", ""pred_geocentric_distance_au"": null, ""pred_heliocentric_distance_au"": null, ""pred_phase_angle_deg"": null, ""pred_ra_deg"": ""ra"", ""pred_solar_elongation_deg"": null, ""pred_v_mag"": ""mag"", ""x_win_px"": ""X_Win"", ""y_win_px"": ""Y_Win""}",[],"[""pred_heliocentric_distance_au"", ""pred_geocentric_distance_au"", ""pred_solar_elongation_deg"", ""pred_phase_angle_deg""]"
20260213,unknown_catalog,/processed1/20260213/L4/20260213_unknown_links.fits,True,ok,,,54720,2026-06-20T02:38:35.881441+00:00,1781923115881440998,103b8d29fda4bf8f120a9144ff6b6f0fe413165edfb20da0ad810119bf748614,,,1,107,107,image_names,"{""a_au"": ""a_au"", ""argp_deg"": ""argp_deg"", ""best_v1_kms"": ""best_v1_kms"", ""decs_deg"": ""decs_deg"", ""ecc"": ""ecc"", ""exp_pairs"": ""exp_pairs"", ""fit_ok"": ""fit_ok"", ""groups"": ""groups"", ""image_names"": ""image_names"", ""inc_deg"": ""inc_deg"", ""is_good"": ""is_good"", ""lin_dir_deg"": ""lin_dir_deg"", ""lin_rms_arcsec"": ""lin_rms_arcsec"", ""lin_speed_arcsec_per_day"": ""lin_speed_arcsec_per_day"", ""linkage_id"": ""linkage_id"", ""max_arcsec"": ""max_arcsec"", ""med_arcsec"": ""med_arcsec"", ""mjds"": ""mjds"", ""n_obs"": ""n_obs"", ""n_tracklets"": ""n_tracklets"", ""nu_deg"": ""nu_deg"", ""objids"": ""objids"", ""raan_deg"": ""raan_deg"", ""ras_deg"": ""ras_deg"", ""rms_arcsec"": ""rms_arcsec"", ""tracklet_ids"": ""tracklet_ids"", ""trk_sub"": ""trk_sub""}",[],[]
20260213,orbit_links,/home/admin/pipeline/xiaoyunao/data/heliolincrr/20260213/rr_links/orbit_confirm/orbit_links.fits,True,ok,,,532800,2026-05-15T01:21:09.394791+00:00,1778808069394791174,9808da1ba928de01595d362d614fe41a5c08ae3c52f06146bf45983f924b98c0,,,1,1596,1596,,"{""a_au"": ""a_au"", ""argp_deg"": ""argp_deg"", ""best_rejected_max_v_kms"": ""best_rejected_max_v_kms"", ""best_v1_kms"": ""best_v1_kms"", ""ecc"": ""ecc"", ""fail_counts"": ""fail_counts"", ""fail_reason"": ""fail_reason"", ""final_max_v_kms"": ""final_max_v_kms"", ""fit_ok"": ""fit_ok"", ""hypo_r_au"": ""hypo_r_au"", ""hypo_rdd_au_day2"": ""hypo_rdd_au_day2"", ""hypo_rdot_au_day"": ""hypo_rdot_au_day"", ""inc_deg"": ""inc_deg"", ""inlier_tracklets"": ""inlier_tracklets"", ""is_good"": ""is_good"", ""lin_dir_deg"": ""lin_dir_deg"", ""lin_rms_arcsec"": ""lin_rms_arcsec"", ""lin_speed_arcsec_per_day"": ""lin_speed_arcsec_per_day"", ""linkage_id"": ""linkage_id"", ""max_arcsec"": ""max_arcsec"", ""med_arcsec"": ""med_arcsec"", ""min_rejected_max_v_kms"": ""min_rejected_max_v_kms"", ""n_nights"": ""n_nights"", ""n_obs"": ""n_obs"", ""n_tracklets"": ""n_tracklets"", ""nu_deg"": ""nu_deg"", ""pred_dec_deg"": ""pred_dec_deg"", ""pred_ra_deg"": ""pred_ra_deg"", ""raan_deg"": ""raan_deg"", ""rejected_tracklets"": ""rejected_tracklets"", ""rms_arcsec"": ""rms_arcsec"", ""seed_max_v_kms"": ""seed_max_v_kms"", ""seed_tracklets"": ""seed_tracklets""}",[],[]
20260213,orbit_obs_residuals,/home/admin/pipeline/xiaoyunao/data/heliolincrr/20260213/rr_links/orbit_confirm/orbit_obs_residuals.fits,True,ok,,,463680,2026-05-15T01:21:09.410020+00:00,1778808069410020238,f3e40433aa73188e35a0de3e82d750ab2e8eabae92b8a857dd46ca048beef74d,,,1,4818,4818,,"{""dec_deg"": ""dec_deg"", ""linkage_id"": ""linkage_id"", ""mjd"": ""mjd"", ""obs_key"": ""obs_key"", ""ra_deg"": ""ra_deg"", ""resid_arcsec"": ""resid_arcsec"", ""tracklet_id"": ""tracklet_id"", ""used"": ""used""}",[],[]
20260214,known_all,/processed1/20260214/L4/20260214_all_asteroids.fits,False,missing,,,0,,0,,,,1,0,0,,{},[],[]
20260214,known_matched,/processed1/20260214/L4/20260214_matched_asteroids.fits,False,missing,,,0,,0,,,,1,0,0,,{},[],[]
20260214,known_mask15,/processed1/20260214/L4/20260214_matched_asteroids_mask15.fits,False,missing,,,0,,0,,,,1,0,0,,{},[],[]
20260214,unknown_catalog,/processed1/20260214/L4/20260214_unknown_links.fits,False,missing,,,0,,0,,,,1,0,0,,{},[],[]
20260214,orbit_links,/home/admin/pipeline/xiaoyunao/data/heliolincrr/20260214/rr_links/orbit_confirm/orbit_links.fits,False,missing,,,0,,0,,,,1,0,0,,{},[],[]
20260214,orbit_obs_residuals,/home/admin/pipeline/xiaoyunao/data/heliolincrr/20260214/rr_links/orbit_confirm/orbit_obs_residuals.fits,False,missing,,,0,,0,,,,1,0,0,,{},[],[]
20260215,known_all,/processed1/20260215/L4/20260215_all_asteroids.fits,True,ok_with_missing_optional,,,29416320,2026-06-19T15:19:23.292408+00:00,1781882363292408145,a230bd23d4bca273acb56dbcbc694e4e8e42cbedadddb699f4b2adbb8bf34910,,,1,150050,150050,source_file,"{""asteroid_name"": ""name"", ""asteroid_number"": ""number"", ""epoch_mjd"": ""epoch"", ""pred_dec_deg"": ""dec"", ""pred_geocentric_distance_au"": null, ""pred_heliocentric_distance_au"": null, ""pred_phase_angle_deg"": null, ""pred_ra_deg"": ""ra"", ""pred_solar_elongation_deg"": null, ""pred_v_mag"": ""mag""}",[],"[""pred_heliocentric_distance_au"", ""pred_geocentric_distance_au"", ""pred_solar_elongation_deg"", ""pred_phase_angle_deg""]"
20260215,known_matched,/processed1/20260215/L4/20260215_matched_asteroids.fits,True,ok_with_missing_optional,,,5253120,2026-06-19T15:19:24.307389+00:00,1781882364307388759,ece4eb2af4ab98795c19b38af34fb56f0ea14da008e86501fe6d664bc6608618,,,1,6753,6753,source_file,"{""asteroid_name"": ""name"", ""asteroid_number"": ""number"", ""epoch_mjd"": ""epoch"", ""flag"": ""Flag"", ""flag_iso_num"": ""Flag_ISO_Num"", ""flux_aper4"": ""Flux_Aper4"", ""fluxerr_aper4"": ""FluxErr_Aper4"", ""fwhm_px"": ""FWHM"", ""mag_aper4"": ""Mag_Aper4"", ""mag_aper8"": ""Mag_Aper8"", ""mag_kron"": ""Mag_Kron"", ""mag_psf"": ""Mag_PSF"", ""magerr_aper4"": ""MagErr_Aper4"", ""magerr_aper8"": ""MagErr_Aper8"", ""magerr_kron"": ""MagErr_Kron"", ""magerr_psf"": ""MagErr_PSF"", ""obj_id"": ""objID"", ""obs_dec_err_deg"": ""DECErr_Win"", ""obs_dec_psf_deg"": ""DEC_PSF"", ""obs_dec_win_deg"": ""DEC_Win"", ""obs_ra_err_deg"": ""RAErr_Win"", ""obs_ra_psf_deg"": ""RA_PSF"", ""obs_ra_win_deg"": ""RA_Win"", ""pred_dec_deg"": ""dec"", ""pred_geocentric_distance_au"": null, ""pred_heliocentric_distance_au"": null, ""pred_phase_angle_deg"": null, ""pred_ra_deg"": ""ra"", ""pred_solar_elongation_deg"": null, ""pred_v_mag"": ""mag"", ""x_win_px"": ""X_Win"", ""y_win_px"": ""Y_Win""}",[],"[""pred_heliocentric_distance_au"", ""pred_geocentric_distance_au"", ""pred_solar_elongation_deg"", ""pred_phase_angle_deg""]"
20260215,known_mask15,/processed1/20260215/L4/20260215_matched_asteroids_mask15.fits,True,ok_with_missing_optional,,,5497920,2026-06-19T15:19:25.301370+00:00,1781882365301369775,4dd04866ac5129cda636150b20838509feb6a04b5953c93685ff1020041797cb,,,1,7069,7069,source_file,"{""asteroid_name"": ""name"", ""asteroid_number"": ""number"", ""epoch_mjd"": ""epoch"", ""flag"": ""Flag"", ""flag_iso_num"": ""Flag_ISO_Num"", ""flux_aper4"": ""Flux_Aper4"", ""fluxerr_aper4"": ""FluxErr_Aper4"", ""fwhm_px"": ""FWHM"", ""mag_aper4"": ""Mag_Aper4"", ""mag_aper8"": ""Mag_Aper8"", ""mag_kron"": ""Mag_Kron"", ""mag_psf"": ""Mag_PSF"", ""magerr_aper4"": ""MagErr_Aper4"", ""magerr_aper8"": ""MagErr_Aper8"", ""magerr_kron"": ""MagErr_Kron"", ""magerr_psf"": ""MagErr_PSF"", ""obj_id"": ""objID"", ""obs_dec_err_deg"": ""DECErr_Win"", ""obs_dec_psf_deg"": ""DEC_PSF"", ""obs_dec_win_deg"": ""DEC_Win"", ""obs_ra_err_deg"": ""RAErr_Win"", ""obs_ra_psf_deg"": ""RA_PSF"", ""obs_ra_win_deg"": ""RA_Win"", ""pred_dec_deg"": ""dec"", ""pred_geocentric_distance_au"": null, ""pred_heliocentric_distance_au"": null, ""pred_phase_angle_deg"": null, ""pred_ra_deg"": ""ra"", ""pred_solar_elongation_deg"": null, ""pred_v_mag"": ""mag"", ""x_win_px"": ""X_Win"", ""y_win_px"": ""Y_Win""}",[],"[""pred_heliocentric_distance_au"", ""pred_geocentric_distance_au"", ""pred_solar_elongation_deg"", ""pred_phase_angle_deg""]"
20260215,unknown_catalog,/processed1/20260215/L4/20260215_unknown_links.fits,True,ok,,,25920,2026-06-20T02:42:09.271343+00:00,1781923329271343502,a054dfb4f389251ff09fb093886d36679c197e210d7e5fefa500f5c72f60fc4a,,,1,42,42,image_names,"{""a_au"": ""a_au"", ""argp_deg"": ""argp_deg"", ""best_v1_kms"": ""best_v1_kms"", ""decs_deg"": ""decs_deg"", ""ecc"": ""ecc"", ""exp_pairs"": ""exp_pairs"", ""fit_ok"": ""fit_ok"", ""groups"": ""groups"", ""image_names"": ""image_names"", ""inc_deg"": ""inc_deg"", ""is_good"": ""is_good"", ""lin_dir_deg"": ""lin_dir_deg"", ""lin_rms_arcsec"": ""lin_rms_arcsec"", ""lin_speed_arcsec_per_day"": ""lin_speed_arcsec_per_day"", ""linkage_id"": ""linkage_id"", ""max_arcsec"": ""max_arcsec"", ""med_arcsec"": ""med_arcsec"", ""mjds"": ""mjds"", ""n_obs"": ""n_obs"", ""n_tracklets"": ""n_tracklets"", ""nu_deg"": ""nu_deg"", ""objids"": ""objids"", ""raan_deg"": ""raan_deg"", ""ras_deg"": ""ras_deg"", ""rms_arcsec"": ""rms_arcsec"", ""tracklet_ids"": ""tracklet_ids"", ""trk_sub"": ""trk_sub""}",[],[]
20260215,orbit_links,/home/admin/pipeline/xiaoyunao/data/heliolincrr/20260215/rr_links/orbit_confirm/orbit_links.fits,True,ok,,,311040,2026-05-15T02:01:09.717768+00:00,1778810469717768110,91656e2036155c77b0d7bb524f317635259fad70526e3b223f897ed1cb7ce9d9,,,1,1129,1129,,"{""a_au"": ""a_au"", ""argp_deg"": ""argp_deg"", ""best_rejected_max_v_kms"": ""best_rejected_max_v_kms"", ""best_v1_kms"": ""best_v1_kms"", ""ecc"": ""ecc"", ""fail_counts"": ""fail_counts"", ""fail_reason"": ""fail_reason"", ""final_max_v_kms"": ""final_max_v_kms"", ""fit_ok"": ""fit_ok"", ""hypo_r_au"": ""hypo_r_au"", ""hypo_rdd_au_day2"": ""hypo_rdd_au_day2"", ""hypo_rdot_au_day"": ""hypo_rdot_au_day"", ""inc_deg"": ""inc_deg"", ""inlier_tracklets"": ""inlier_tracklets"", ""is_good"": ""is_good"", ""lin_dir_deg"": ""lin_dir_deg"", ""lin_rms_arcsec"": ""lin_rms_arcsec"", ""lin_speed_arcsec_per_day"": ""lin_speed_arcsec_per_day"", ""linkage_id"": ""linkage_id"", ""max_arcsec"": ""max_arcsec"", ""med_arcsec"": ""med_arcsec"", ""min_rejected_max_v_kms"": ""min_rejected_max_v_kms"", ""n_nights"": ""n_nights"", ""n_obs"": ""n_obs"", ""n_tracklets"": ""n_tracklets"", ""nu_deg"": ""nu_deg"", ""pred_dec_deg"": ""pred_dec_deg"", ""pred_ra_deg"": ""pred_ra_deg"", ""raan_deg"": ""raan_deg"", ""rejected_tracklets"": ""rejected_tracklets"", ""rms_arcsec"": ""rms_arcsec"", ""seed_max_v_kms"": ""seed_max_v_kms"", ""seed_tracklets"": ""seed_tracklets""}",[],[]
20260215,orbit_obs_residuals,/home/admin/pipeline/xiaoyunao/data/heliolincrr/20260215/rr_links/orbit_confirm/orbit_obs_residuals.fits,True,ok,,,328320,2026-05-15T02:01:09.733146+00:00,1778810469733146194,d4b44833600ebeb5a31614defa0cc5b9b8a54ad32076b6160ac13c9800e896a5,,,1,3387,3387,,"{""dec_deg"": ""dec_deg"", ""linkage_id"": ""linkage_id"", ""mjd"": ""mjd"", ""obs_key"": ""obs_key"", ""ra_deg"": ""ra_deg"", ""resid_arcsec"": ""resid_arcsec"", ""tracklet_id"": ""tracklet_id"", ""used"": ""used""}",[],[]
20260216,known_all,/processed1/20260216/L4/20260216_all_asteroids.fits,True,ok_with_missing_optional,,,34156800,2026-06-19T15:28:39.364788+00:00,1781882919364787588,05200f5b283ed653b4eb666e6546016af84d17c892f0ee79cf44ff571c862773,,,1,174240,174240,source_file,"{""asteroid_name"": ""name"", ""asteroid_number"": ""number"", ""epoch_mjd"": ""epoch"", ""pred_dec_deg"": ""dec"", ""pred_geocentric_distance_au"": null, ""pred_heliocentric_distance_au"": null, ""pred_phase_angle_deg"": null, ""pred_ra_deg"": ""ra"", ""pred_solar_elongation_deg"": null, ""pred_v_mag"": ""mag""}",[],"[""pred_heliocentric_distance_au"", ""pred_geocentric_distance_au"", ""pred_solar_elongation_deg"", ""pred_phase_angle_deg""]"
20260216,known_matched,/processed1/20260216/L4/20260216_matched_asteroids.fits,True,ok_with_missing_optional,,,9472320,2026-06-19T15:28:40.487766+00:00,1781882920487766140,81d04b26c95ec2e194992b2a720d41fd1f9a371ae90cbaaf30bad107c193a7fe,,,1,12203,12203,source_file,"{""asteroid_name"": ""name"", ""asteroid_number"": ""number"", ""epoch_mjd"": ""epoch"", ""flag"": ""Flag"", ""flag_iso_num"": ""Flag_ISO_Num"", ""flux_aper4"": ""Flux_Aper4"", ""fluxerr_aper4"": ""FluxErr_Aper4"", ""fwhm_px"": ""FWHM"", ""mag_aper4"": ""Mag_Aper4"", ""mag_aper8"": ""Mag_Aper8"", ""mag_kron"": ""Mag_Kron"", ""mag_psf"": ""Mag_PSF"", ""magerr_aper4"": ""MagErr_Aper4"", ""magerr_aper8"": ""MagErr_Aper8"", ""magerr_kron"": ""MagErr_Kron"", ""magerr_psf"": ""MagErr_PSF"", ""obj_id"": ""objID"", ""obs_dec_err_deg"": ""DECErr_Win"", ""obs_dec_psf_deg"": ""DEC_PSF"", ""obs_dec_win_deg"": ""DEC_Win"", ""obs_ra_err_deg"": ""RAErr_Win"", ""obs_ra_psf_deg"": ""RA_PSF"", ""obs_ra_win_deg"": ""RA_Win"", ""pred_dec_deg"": ""dec"", ""pred_geocentric_distance_au"": null, ""pred_heliocentric_distance_au"": null, ""pred_phase_angle_deg"": null, ""pred_ra_deg"": ""ra"", ""pred_solar_elongation_deg"": null, ""pred_v_mag"": ""mag"", ""x_win_px"": ""X_Win"", ""y_win_px"": ""Y_Win""}",[],"[""pred_heliocentric_distance_au"", ""pred_geocentric_distance_au"", ""pred_solar_elongation_deg"", ""pred_phase_angle_deg""]"
20260216,known_mask15,/processed1/20260216/L4/20260216_matched_asteroids_mask15.fits,True,ok_with_missing_optional,,,9766080,2026-06-19T15:28:41.590745+00:00,1781882921590745074,830d6fa11f691ae62f1d1ee12a20949fc48a9f2dac32053f7b532b21701a7058,,,1,12582,12582,source_file,"{""asteroid_name"": ""name"", ""asteroid_number"": ""number"", ""epoch_mjd"": ""epoch"", ""flag"": ""Flag"", ""flag_iso_num"": ""Flag_ISO_Num"", ""flux_aper4"": ""Flux_Aper4"", ""fluxerr_aper4"": ""FluxErr_Aper4"", ""fwhm_px"": ""FWHM"", ""mag_aper4"": ""Mag_Aper4"", ""mag_aper8"": ""Mag_Aper8"", ""mag_kron"": ""Mag_Kron"", ""mag_psf"": ""Mag_PSF"", ""magerr_aper4"": ""MagErr_Aper4"", ""magerr_aper8"": ""MagErr_Aper8"", ""magerr_kron"": ""MagErr_Kron"", ""magerr_psf"": ""MagErr_PSF"", ""obj_id"": ""objID"", ""obs_dec_err_deg"": ""DECErr_Win"", ""obs_dec_psf_deg"": ""DEC_PSF"", ""obs_dec_win_deg"": ""DEC_Win"", ""obs_ra_err_deg"": ""RAErr_Win"", ""obs_ra_psf_deg"": ""RA_PSF"", ""obs_ra_win_deg"": ""RA_Win"", ""pred_dec_deg"": ""dec"", ""pred_geocentric_distance_au"": null, ""pred_heliocentric_distance_au"": null, ""pred_phase_angle_deg"": null, ""pred_ra_deg"": ""ra"", ""pred_solar_elongation_deg"": null, ""pred_v_mag"": ""mag"", ""x_win_px"": ""X_Win"", ""y_win_px"": ""Y_Win""}",[],"[""pred_heliocentric_distance_au"", ""pred_geocentric_distance_au"", ""pred_solar_elongation_deg"", ""pred_phase_angle_deg""]"
20260216,unknown_catalog,/processed1/20260216/L4/20260216_unknown_links.fits,True,ok,,,37440,2026-06-20T02:43:35.470688+00:00,1781923415470687835,d022e1cde78c8b1c6a6bea04601b72d6fb0d81c534e8857c01adc59c08212914,,,1,70,70,image_names,"{""a_au"": ""a_au"", ""argp_deg"": ""argp_deg"", ""best_v1_kms"": ""best_v1_kms"", ""decs_deg"": ""decs_deg"", ""ecc"": ""ecc"", ""exp_pairs"": ""exp_pairs"", ""fit_ok"": ""fit_ok"", ""groups"": ""groups"", ""image_names"": ""image_names"", ""inc_deg"": ""inc_deg"", ""is_good"": ""is_good"", ""lin_dir_deg"": ""lin_dir_deg"", ""lin_rms_arcsec"": ""lin_rms_arcsec"", ""lin_speed_arcsec_per_day"": ""lin_speed_arcsec_per_day"", ""linkage_id"": ""linkage_id"", ""max_arcsec"": ""max_arcsec"", ""med_arcsec"": ""med_arcsec"", ""mjds"": ""mjds"", ""n_obs"": ""n_obs"", ""n_tracklets"": ""n_tracklets"", ""nu_deg"": ""nu_deg"", ""objids"": ""objids"", ""raan_deg"": ""raan_deg"", ""ras_deg"": ""ras_deg"", ""rms_arcsec"": ""rms_arcsec"", ""tracklet_ids"": ""tracklet_ids"", ""trk_sub"": ""trk_sub""}",[],[]
20260216,orbit_links,/home/admin/pipeline/xiaoyunao/data/heliolincrr/20260216/rr_links/orbit_confirm/orbit_links.fits,True,ok,,,1031040,2026-05-15T02:14:07.104066+00:00,1778811247104066198,3484348947daf0d5c2778fd949cf62d81354cf3bfa2558e79ad0976e2605f19a,,,1,2183,2183,,"{""a_au"": ""a_au"", ""argp_deg"": ""argp_deg"", ""best_rejected_max_v_kms"": ""best_rejected_max_v_kms"", ""best_v1_kms"": ""best_v1_kms"", ""ecc"": ""ecc"", ""fail_counts"": ""fail_counts"", ""fail_reason"": ""fail_reason"", ""final_max_v_kms"": ""final_max_v_kms"", ""fit_ok"": ""fit_ok"", ""hypo_r_au"": ""hypo_r_au"", ""hypo_rdd_au_day2"": ""hypo_rdd_au_day2"", ""hypo_rdot_au_day"": ""hypo_rdot_au_day"", ""inc_deg"": ""inc_deg"", ""inlier_tracklets"": ""inlier_tracklets"", ""is_good"": ""is_good"", ""lin_dir_deg"": ""lin_dir_deg"", ""lin_rms_arcsec"": ""lin_rms_arcsec"", ""lin_speed_arcsec_per_day"": ""lin_speed_arcsec_per_day"", ""linkage_id"": ""linkage_id"", ""max_arcsec"": ""max_arcsec"", ""med_arcsec"": ""med_arcsec"", ""min_rejected_max_v_kms"": ""min_rejected_max_v_kms"", ""n_nights"": ""n_nights"", ""n_obs"": ""n_obs"", ""n_tracklets"": ""n_tracklets"", ""nu_deg"": ""nu_deg"", ""pred_dec_deg"": ""pred_dec_deg"", ""pred_ra_deg"": ""pred_ra_deg"", ""raan_deg"": ""raan_deg"", ""rejected_tracklets"": ""rejected_tracklets"", ""rms_arcsec"": ""rms_arcsec"", ""seed_max_v_kms"": ""seed_max_v_kms"", ""seed_tracklets"": ""seed_tracklets""}",[],[]
20260216,orbit_obs_residuals,/home/admin/pipeline/xiaoyunao/data/heliolincrr/20260216/rr_links/orbit_confirm/orbit_obs_residuals.fits,True,ok,,,650880,2026-05-15T02:14:07.120053+00:00,1778811247120052886,81b4c4ac241ccfb0781298dabee4dda8def560660afaaba04c57db5e42d38bf6,,,1,6776,6776,,"{""dec_deg"": ""dec_deg"", ""linkage_id"": ""linkage_id"", ""mjd"": ""mjd"", ""obs_key"": ""obs_key"", ""ra_deg"": ""ra_deg"", ""resid_arcsec"": ""resid_arcsec"", ""tracklet_id"": ""tracklet_id"", ""used"": ""used""}",[],[]
20260217,known_all,/processed1/20260217/L4/20260217_all_asteroids.fits,True,ok_with_missing_optional,,,30219840,2026-06-19T15:37:59.437107+00:00,1781883479437106750,54497076bbb6000a99d5086f606869c7ac9b25b11ccc10983997dd2db0792ece,,,1,154147,154147,source_file,"{""asteroid_name"": ""name"", ""asteroid_number"": ""number"", ""epoch_mjd"": ""epoch"", ""pred_dec_deg"": ""dec"", ""pred_geocentric_distance_au"": null, ""pred_heliocentric_distance_au"": null, ""pred_phase_angle_deg"": null, ""pred_ra_deg"": ""ra"", ""pred_solar_elongation_deg"": null, ""pred_v_mag"": ""mag""}",[],"[""pred_heliocentric_distance_au"", ""pred_geocentric_distance_au"", ""pred_solar_elongation_deg"", ""pred_phase_angle_deg""]"
20260217,known_matched,/processed1/20260217/L4/20260217_matched_asteroids.fits,True,ok_with_missing_optional,,,7251840,2026-06-19T15:38:00.529086+00:00,1781883480529085938,33baa403f9b1a227c31c6b7195a24d578fdcb0c86b7293581eaab62cf0611ad7,,,1,9335,9335,source_file,"{""asteroid_name"": ""name"", ""asteroid_number"": ""number"", ""epoch_mjd"": ""epoch"", ""flag"": ""Flag"", ""flag_iso_num"": ""Flag_ISO_Num"", ""flux_aper4"": ""Flux_Aper4"", ""fluxerr_aper4"": ""FluxErr_Aper4"", ""fwhm_px"": ""FWHM"", ""mag_aper4"": ""Mag_Aper4"", ""mag_aper8"": ""Mag_Aper8"", ""mag_kron"": ""Mag_Kron"", ""mag_psf"": ""Mag_PSF"", ""magerr_aper4"": ""MagErr_Aper4"", ""magerr_aper8"": ""MagErr_Aper8"", ""magerr_kron"": ""MagErr_Kron"", ""magerr_psf"": ""MagErr_PSF"", ""obj_id"": ""objID"", ""obs_dec_err_deg"": ""DECErr_Win"", ""obs_dec_psf_deg"": ""DEC_PSF"", ""obs_dec_win_deg"": ""DEC_Win"", ""obs_ra_err_deg"": ""RAErr_Win"", ""obs_ra_psf_deg"": ""RA_PSF"", ""obs_ra_win_deg"": ""RA_Win"", ""pred_dec_deg"": ""dec"", ""pred_geocentric_distance_au"": null, ""pred_heliocentric_distance_au"": null, ""pred_phase_angle_deg"": null, ""pred_ra_deg"": ""ra"", ""pred_solar_elongation_deg"": null, ""pred_v_mag"": ""mag"", ""x_win_px"": ""X_Win"", ""y_win_px"": ""Y_Win""}",[],"[""pred_heliocentric_distance_au"", ""pred_geocentric_distance_au"", ""pred_solar_elongation_deg"", ""pred_phase_angle_deg""]"
20260217,known_mask15,/processed1/20260217/L4/20260217_matched_asteroids_mask15.fits,True,ok_with_missing_optional,,,7536960,2026-06-19T15:38:01.596066+00:00,1781883481596065602,b804a69b5518641fa9cdc64d36cbe1d9b983c6cd6b9c5b1dcf2ed832fa8652df,,,1,9704,9704,source_file,"{""asteroid_name"": ""name"", ""asteroid_number"": ""number"", ""epoch_mjd"": ""epoch"", ""flag"": ""Flag"", ""flag_iso_num"": ""Flag_ISO_Num"", ""flux_aper4"": ""Flux_Aper4"", ""fluxerr_aper4"": ""FluxErr_Aper4"", ""fwhm_px"": ""FWHM"", ""mag_aper4"": ""Mag_Aper4"", ""mag_aper8"": ""Mag_Aper8"", ""mag_kron"": ""Mag_Kron"", ""mag_psf"": ""Mag_PSF"", ""magerr_aper4"": ""MagErr_Aper4"", ""magerr_aper8"": ""MagErr_Aper8"", ""magerr_kron"": ""MagErr_Kron"", ""magerr_psf"": ""MagErr_PSF"", ""obj_id"": ""objID"", ""obs_dec_err_deg"": ""DECErr_Win"", ""obs_dec_psf_deg"": ""DEC_PSF"", ""obs_dec_win_deg"": ""DEC_Win"", ""obs_ra_err_deg"": ""RAErr_Win"", ""obs_ra_psf_deg"": ""RA_PSF"", ""obs_ra_win_deg"": ""RA_Win"", ""pred_dec_deg"": ""dec"", ""pred_geocentric_distance_au"": null, ""pred_heliocentric_distance_au"": null, ""pred_phase_angle_deg"": null, ""pred_ra_deg"": ""ra"", ""pred_solar_elongation_deg"": null, ""pred_v_mag"": ""mag"", ""x_win_px"": ""X_Win"", ""y_win_px"": ""Y_Win""}",[],"[""pred_heliocentric_distance_au"", ""pred_geocentric_distance_au"", ""pred_solar_elongation_deg"", ""pred_phase_angle_deg""]"
20260217,unknown_catalog,/processed1/20260217/L4/20260217_unknown_links.fits,True,ok,,,63360,2026-06-20T02:45:42.993235+00:00,1781923542993235371,76d95c23b085b3495565b4ae6d38703a7512ce3507b15948aec1ad93100ad110,,,1,127,127,image_names,"{""a_au"": ""a_au"", ""argp_deg"": ""argp_deg"", ""best_v1_kms"": ""best_v1_kms"", ""decs_deg"": ""decs_deg"", ""ecc"": ""ecc"", ""exp_pairs"": ""exp_pairs"", ""fit_ok"": ""fit_ok"", ""groups"": ""groups"", ""image_names"": ""image_names"", ""inc_deg"": ""inc_deg"", ""is_good"": ""is_good"", ""lin_dir_deg"": ""lin_dir_deg"", ""lin_rms_arcsec"": ""lin_rms_arcsec"", ""lin_speed_arcsec_per_day"": ""lin_speed_arcsec_per_day"", ""linkage_id"": ""linkage_id"", ""max_arcsec"": ""max_arcsec"", ""med_arcsec"": ""med_arcsec"", ""mjds"": ""mjds"", ""n_obs"": ""n_obs"", ""n_tracklets"": ""n_tracklets"", ""nu_deg"": ""nu_deg"", ""objids"": ""objids"", ""raan_deg"": ""raan_deg"", ""ras_deg"": ""ras_deg"", ""rms_arcsec"": ""rms_arcsec"", ""tracklet_ids"": ""tracklet_ids"", ""trk_sub"": ""trk_sub""}",[],[]
20260217,orbit_links,/home/admin/pipeline/xiaoyunao/data/heliolincrr/20260217/rr_links/orbit_confirm/orbit_links.fits,True,ok,,,573120,2026-05-15T02:36:29.398190+00:00,1778812589398190470,c730a7dc9966dff0ae7e0a87fe7a3f21bae14f79c8b07c98be2c445af34f8b4d,,,1,1832,1832,,"{""a_au"": ""a_au"", ""argp_deg"": ""argp_deg"", ""best_rejected_max_v_kms"": ""best_rejected_max_v_kms"", ""best_v1_kms"": ""best_v1_kms"", ""ecc"": ""ecc"", ""fail_counts"": ""fail_counts"", ""fail_reason"": ""fail_reason"", ""final_max_v_kms"": ""final_max_v_kms"", ""fit_ok"": ""fit_ok"", ""hypo_r_au"": ""hypo_r_au"", ""hypo_rdd_au_day2"": ""hypo_rdd_au_day2"", ""hypo_rdot_au_day"": ""hypo_rdot_au_day"", ""inc_deg"": ""inc_deg"", ""inlier_tracklets"": ""inlier_tracklets"", ""is_good"": ""is_good"", ""lin_dir_deg"": ""lin_dir_deg"", ""lin_rms_arcsec"": ""lin_rms_arcsec"", ""lin_speed_arcsec_per_day"": ""lin_speed_arcsec_per_day"", ""linkage_id"": ""linkage_id"", ""max_arcsec"": ""max_arcsec"", ""med_arcsec"": ""med_arcsec"", ""min_rejected_max_v_kms"": ""min_rejected_max_v_kms"", ""n_nights"": ""n_nights"", ""n_obs"": ""n_obs"", ""n_tracklets"": ""n_tracklets"", ""nu_deg"": ""nu_deg"", ""pred_dec_deg"": ""pred_dec_deg"", ""pred_ra_deg"": ""pred_ra_deg"", ""raan_deg"": ""raan_deg"", ""rejected_tracklets"": ""rejected_tracklets"", ""rms_arcsec"": ""rms_arcsec"", ""seed_max_v_kms"": ""seed_max_v_kms"", ""seed_tracklets"": ""seed_tracklets""}",[],[]
20260217,orbit_obs_residuals,/home/admin/pipeline/xiaoyunao/data/heliolincrr/20260217/rr_links/orbit_confirm/orbit_obs_residuals.fits,True,ok,,,532800,2026-05-15T02:36:29.414243+00:00,1778812589414242872,5ac624d3fc454e6b9865f5a2ae0f7e287b43fb6503e8f11fe8eaf16e3fdf6702,,,1,5527,5527,,"{""dec_deg"": ""dec_deg"", ""linkage_id"": ""linkage_id"", ""mjd"": ""mjd"", ""obs_key"": ""obs_key"", ""ra_deg"": ""ra_deg"", ""resid_arcsec"": ""resid_arcsec"", ""tracklet_id"": ""tracklet_id"", ""used"": ""used""}",[],[]
20260218,known_all,/processed1/20260218/L4/20260218_all_asteroids.fits,True,ok_with_missing_optional,,,31682880,2026-06-19T15:48:04.437576+00:00,1781884084437576076,a135aa707239bba36d7cbbe93ed509ec3db747c40caecd439b02ad4c0e93ba41,,,1,161610,161610,source_file,"{""asteroid_name"": ""name"", ""asteroid_number"": ""number"", ""epoch_mjd"": ""epoch"", ""pred_dec_deg"": ""dec"", ""pred_geocentric_distance_au"": null, ""pred_heliocentric_distance_au"": null, ""pred_phase_angle_deg"": null, ""pred_ra_deg"": ""ra"", ""pred_solar_elongation_deg"": null, ""pred_v_mag"": ""mag""}",[],"[""pred_heliocentric_distance_au"", ""pred_geocentric_distance_au"", ""pred_solar_elongation_deg"", ""pred_phase_angle_deg""]"
20260218,known_matched,/processed1/20260218/L4/20260218_matched_asteroids.fits,True,ok_with_missing_optional,,,6503040,2026-06-19T15:48:05.537555+00:00,1781884085537555112,6802725c4845c526460d2086b1feffa61b1f5006afee561eb091167c0285ceef,,,1,8367,8367,source_file,"{""asteroid_name"": ""name"", ""asteroid_number"": ""number"", ""epoch_mjd"": ""epoch"", ""flag"": ""Flag"", ""flag_iso_num"": ""Flag_ISO_Num"", ""flux_aper4"": ""Flux_Aper4"", ""fluxerr_aper4"": ""FluxErr_Aper4"", ""fwhm_px"": ""FWHM"", ""mag_aper4"": ""Mag_Aper4"", ""mag_aper8"": ""Mag_Aper8"", ""mag_kron"": ""Mag_Kron"", ""mag_psf"": ""Mag_PSF"", ""magerr_aper4"": ""MagErr_Aper4"", ""magerr_aper8"": ""MagErr_Aper8"", ""magerr_kron"": ""MagErr_Kron"", ""magerr_psf"": ""MagErr_PSF"", ""obj_id"": ""objID"", ""obs_dec_err_deg"": ""DECErr_Win"", ""obs_dec_psf_deg"": ""DEC_PSF"", ""obs_dec_win_deg"": ""DEC_Win"", ""obs_ra_err_deg"": ""RAErr_Win"", ""obs_ra_psf_deg"": ""RA_PSF"", ""obs_ra_win_deg"": ""RA_Win"", ""pred_dec_deg"": ""dec"", ""pred_geocentric_distance_au"": null, ""pred_heliocentric_distance_au"": null, ""pred_phase_angle_deg"": null, ""pred_ra_deg"": ""ra"", ""pred_solar_elongation_deg"": null, ""pred_v_mag"": ""mag"", ""x_win_px"": ""X_Win"", ""y_win_px"": ""Y_Win""}",[],"[""pred_heliocentric_distance_au"", ""pred_geocentric_distance_au"", ""pred_solar_elongation_deg"", ""pred_phase_angle_deg""]"
20260218,known_mask15,/processed1/20260218/L4/20260218_matched_asteroids_mask15.fits,True,ok_with_missing_optional,,,6851520,2026-06-19T15:48:06.606535+00:00,1781884086606534738,0ac7e9c5f6ebe950b62e70dbc2561e803823167283c82e38195994aed585cfbb,,,1,8815,8815,source_file,"{""asteroid_name"": ""name"", ""asteroid_number"": ""number"", ""epoch_mjd"": ""epoch"", ""flag"": ""Flag"", ""flag_iso_num"": ""Flag_ISO_Num"", ""flux_aper4"": ""Flux_Aper4"", ""fluxerr_aper4"": ""FluxErr_Aper4"", ""fwhm_px"": ""FWHM"", ""mag_aper4"": ""Mag_Aper4"", ""mag_aper8"": ""Mag_Aper8"", ""mag_kron"": ""Mag_Kron"", ""mag_psf"": ""Mag_PSF"", ""magerr_aper4"": ""MagErr_Aper4"", ""magerr_aper8"": ""MagErr_Aper8"", ""magerr_kron"": ""MagErr_Kron"", ""magerr_psf"": ""MagErr_PSF"", ""obj_id"": ""objID"", ""obs_dec_err_deg"": ""DECErr_Win"", ""obs_dec_psf_deg"": ""DEC_PSF"", ""obs_dec_win_deg"": ""DEC_Win"", ""obs_ra_err_deg"": ""RAErr_Win"", ""obs_ra_psf_deg"": ""RA_PSF"", ""obs_ra_win_deg"": ""RA_Win"", ""pred_dec_deg"": ""dec"", ""pred_geocentric_distance_au"": null, ""pred_heliocentric_distance_au"": null, ""pred_phase_angle_deg"": null, ""pred_ra_deg"": ""ra"", ""pred_solar_elongation_deg"": null, ""pred_v_mag"": ""mag"", ""x_win_px"": ""X_Win"", ""y_win_px"": ""Y_Win""}",[],"[""pred_heliocentric_distance_au"", ""pred_geocentric_distance_au"", ""pred_solar_elongation_deg"", ""pred_phase_angle_deg""]"
20260218,unknown_catalog,/processed1/20260218/L4/20260218_unknown_links.fits,True,ok,,,37440,2026-06-20T02:49:15.037158+00:00,1781923755037157426,7ce7f09e96cb285ac7752d0a86f249ca165b7cc14c9bcdd327101d3000bf96e0,,,1,67,67,image_names,"{""a_au"": ""a_au"", ""argp_deg"": ""argp_deg"", ""best_v1_kms"": ""best_v1_kms"", ""decs_deg"": ""decs_deg"", ""ecc"": ""ecc"", ""exp_pairs"": ""exp_pairs"", ""fit_ok"": ""fit_ok"", ""groups"": ""groups"", ""image_names"": ""image_names"", ""inc_deg"": ""inc_deg"", ""is_good"": ""is_good"", ""lin_dir_deg"": ""lin_dir_deg"", ""lin_rms_arcsec"": ""lin_rms_arcsec"", ""lin_speed_arcsec_per_day"": ""lin_speed_arcsec_per_day"", ""linkage_id"": ""linkage_id"", ""max_arcsec"": ""max_arcsec"", ""med_arcsec"": ""med_arcsec"", ""mjds"": ""mjds"", ""n_obs"": ""n_obs"", ""n_tracklets"": ""n_tracklets"", ""nu_deg"": ""nu_deg"", ""objids"": ""objids"", ""raan_deg"": ""raan_deg"", ""ras_deg"": ""ras_deg"", ""rms_arcsec"": ""rms_arcsec"", ""tracklet_ids"": ""tracklet_ids"", ""trk_sub"": ""trk_sub""}",[],[]
20260218,orbit_links,/home/admin/pipeline/xiaoyunao/data/heliolincrr/20260218/rr_links/orbit_confirm/orbit_links.fits,True,ok,,,417600,2026-05-15T02:39:58.960217+00:00,1778812798960217077,21bb9b3b0260aa5a004efb3e909854299daca05fc4fe5c0e2e2a08056d7e78f8,,,1,1520,1520,,"{""a_au"": ""a_au"", ""argp_deg"": ""argp_deg"", ""best_rejected_max_v_kms"": ""best_rejected_max_v_kms"", ""best_v1_kms"": ""best_v1_kms"", ""ecc"": ""ecc"", ""fail_counts"": ""fail_counts"", ""fail_reason"": ""fail_reason"", ""final_max_v_kms"": ""final_max_v_kms"", ""fit_ok"": ""fit_ok"", ""hypo_r_au"": ""hypo_r_au"", ""hypo_rdd_au_day2"": ""hypo_rdd_au_day2"", ""hypo_rdot_au_day"": ""hypo_rdot_au_day"", ""inc_deg"": ""inc_deg"", ""inlier_tracklets"": ""inlier_tracklets"", ""is_good"": ""is_good"", ""lin_dir_deg"": ""lin_dir_deg"", ""lin_rms_arcsec"": ""lin_rms_arcsec"", ""lin_speed_arcsec_per_day"": ""lin_speed_arcsec_per_day"", ""linkage_id"": ""linkage_id"", ""max_arcsec"": ""max_arcsec"", ""med_arcsec"": ""med_arcsec"", ""min_rejected_max_v_kms"": ""min_rejected_max_v_kms"", ""n_nights"": ""n_nights"", ""n_obs"": ""n_obs"", ""n_tracklets"": ""n_tracklets"", ""nu_deg"": ""nu_deg"", ""pred_dec_deg"": ""pred_dec_deg"", ""pred_ra_deg"": ""pred_ra_deg"", ""raan_deg"": ""raan_deg"", ""rejected_tracklets"": ""rejected_tracklets"", ""rms_arcsec"": ""rms_arcsec"", ""seed_max_v_kms"": ""seed_max_v_kms"", ""seed_tracklets"": ""seed_tracklets""}",[],[]
20260218,orbit_obs_residuals,/home/admin/pipeline/xiaoyunao/data/heliolincrr/20260218/rr_links/orbit_confirm/orbit_obs_residuals.fits,True,ok,,,440640,2026-05-15T02:39:58.974217+00:00,1778812798974217086,1519960165ab5efdabbfb9db2683d70f0704229f6f16b20c81a63573bcf1f7c5,,,1,4506,4506,,"{""dec_deg"": ""dec_deg"", ""linkage_id"": ""linkage_id"", ""mjd"": ""mjd"", ""obs_key"": ""obs_key"", ""ra_deg"": ""ra_deg"", ""resid_arcsec"": ""resid_arcsec"", ""tracklet_id"": ""tracklet_id"", ""used"": ""used""}",[],[]
20260219,known_all,/processed1/20260219/L4/20260219_all_asteroids.fits,True,ok_with_missing_optional,,,22536000,2026-06-19T15:53:34.667280+00:00,1781884414667280056,268a2db8e8631814043facd8b7c1c118baec08b18b9181a669b33e469d1b48f8,,,1,114937,114937,source_file,"{""asteroid_name"": ""name"", ""asteroid_number"": ""number"", ""epoch_mjd"": ""epoch"", ""pred_dec_deg"": ""dec"", ""pred_geocentric_distance_au"": null, ""pred_heliocentric_distance_au"": null, ""pred_phase_angle_deg"": null, ""pred_ra_deg"": ""ra"", ""pred_solar_elongation_deg"": null, ""pred_v_mag"": ""mag""}",[],"[""pred_heliocentric_distance_au"", ""pred_geocentric_distance_au"", ""pred_solar_elongation_deg"", ""pred_phase_angle_deg""]"
20260219,known_matched,/processed1/20260219/L4/20260219_matched_asteroids.fits,True,ok_with_missing_optional,,,4708800,2026-06-19T15:53:35.337267+00:00,1781884415337267282,4a5b9246a0afe12d70d70084819597a274f37191fa332dd5f16138e337a59b8b,,,1,6048,6048,source_file,"{""asteroid_name"": ""name"", ""asteroid_number"": ""number"", ""epoch_mjd"": ""epoch"", ""flag"": ""Flag"", ""flag_iso_num"": ""Flag_ISO_Num"", ""flux_aper4"": ""Flux_Aper4"", ""fluxerr_aper4"": ""FluxErr_Aper4"", ""fwhm_px"": ""FWHM"", ""mag_aper4"": ""Mag_Aper4"", ""mag_aper8"": ""Mag_Aper8"", ""mag_kron"": ""Mag_Kron"", ""mag_psf"": ""Mag_PSF"", ""magerr_aper4"": ""MagErr_Aper4"", ""magerr_aper8"": ""MagErr_Aper8"", ""magerr_kron"": ""MagErr_Kron"", ""magerr_psf"": ""MagErr_PSF"", ""obj_id"": ""objID"", ""obs_dec_err_deg"": ""DECErr_Win"", ""obs_dec_psf_deg"": ""DEC_PSF"", ""obs_dec_win_deg"": ""DEC_Win"", ""obs_ra_err_deg"": ""RAErr_Win"", ""obs_ra_psf_deg"": ""RA_PSF"", ""obs_ra_win_deg"": ""RA_Win"", ""pred_dec_deg"": ""dec"", ""pred_geocentric_distance_au"": null, ""pred_heliocentric_distance_au"": null, ""pred_phase_angle_deg"": null, ""pred_ra_deg"": ""ra"", ""pred_solar_elongation_deg"": null, ""pred_v_mag"": ""mag"", ""x_win_px"": ""X_Win"", ""y_win_px"": ""Y_Win""}",[],"[""pred_heliocentric_distance_au"", ""pred_geocentric_distance_au"", ""pred_solar_elongation_deg"", ""pred_phase_angle_deg""]"
20260219,known_mask15,/processed1/20260219/L4/20260219_matched_asteroids_mask15.fits,True,ok_with_missing_optional,,,4835520,2026-06-19T15:53:35.984255+00:00,1781884415984254946,c0fa02a9b7a916886ccfbbfa64eca19fe50feee8e2fc2c05b41146e351624e33,,,1,6211,6211,source_file,"{""asteroid_name"": ""name"", ""asteroid_number"": ""number"", ""epoch_mjd"": ""epoch"", ""flag"": ""Flag"", ""flag_iso_num"": ""Flag_ISO_Num"", ""flux_aper4"": ""Flux_Aper4"", ""fluxerr_aper4"": ""FluxErr_Aper4"", ""fwhm_px"": ""FWHM"", ""mag_aper4"": ""Mag_Aper4"", ""mag_aper8"": ""Mag_Aper8"", ""mag_kron"": ""Mag_Kron"", ""mag_psf"": ""Mag_PSF"", ""magerr_aper4"": ""MagErr_Aper4"", ""magerr_aper8"": ""MagErr_Aper8"", ""magerr_kron"": ""MagErr_Kron"", ""magerr_psf"": ""MagErr_PSF"", ""obj_id"": ""objID"", ""obs_dec_err_deg"": ""DECErr_Win"", ""obs_dec_psf_deg"": ""DEC_PSF"", ""obs_dec_win_deg"": ""DEC_Win"", ""obs_ra_err_deg"": ""RAErr_Win"", ""obs_ra_psf_deg"": ""RA_PSF"", ""obs_ra_win_deg"": ""RA_Win"", ""pred_dec_deg"": ""dec"", ""pred_geocentric_distance_au"": null, ""pred_heliocentric_distance_au"": null, ""pred_phase_angle_deg"": null, ""pred_ra_deg"": ""ra"", ""pred_solar_elongation_deg"": null, ""pred_v_mag"": ""mag"", ""x_win_px"": ""X_Win"", ""y_win_px"": ""Y_Win""}",[],"[""pred_heliocentric_distance_au"", ""pred_geocentric_distance_au"", ""pred_solar_elongation_deg"", ""pred_phase_angle_deg""]"
20260219,unknown_catalog,/processed1/20260219/L4/20260219_unknown_links.fits,True,ok,,,46080,2026-06-20T02:51:08.640973+00:00,1781923868640972641,cda6cd2bc27d0a000330a2687e1af1a4cc70b4265b107d825bf265e19d2a6da8,,,1,91,91,image_names,"{""a_au"": ""a_au"", ""argp_deg"": ""argp_deg"", ""best_v1_kms"": ""best_v1_kms"", ""decs_deg"": ""decs_deg"", ""ecc"": ""ecc"", ""exp_pairs"": ""exp_pairs"", ""fit_ok"": ""fit_ok"", ""groups"": ""groups"", ""image_names"": ""image_names"", ""inc_deg"": ""inc_deg"", ""is_good"": ""is_good"", ""lin_dir_deg"": ""lin_dir_deg"", ""lin_rms_arcsec"": ""lin_rms_arcsec"", ""lin_speed_arcsec_per_day"": ""lin_speed_arcsec_per_day"", ""linkage_id"": ""linkage_id"", ""max_arcsec"": ""max_arcsec"", ""med_arcsec"": ""med_arcsec"", ""mjds"": ""mjds"", ""n_obs"": ""n_obs"", ""n_tracklets"": ""n_tracklets"", ""nu_deg"": ""nu_deg"", ""objids"": ""objids"", ""raan_deg"": ""raan_deg"", ""ras_deg"": ""ras_deg"", ""rms_arcsec"": ""rms_arcsec"", ""tracklet_ids"": ""tracklet_ids"", ""trk_sub"": ""trk_sub""}",[],[]
20260219,orbit_links,/home/admin/pipeline/xiaoyunao/data/heliolincrr/20260219/rr_links/orbit_confirm/orbit_links.fits,True,ok,,,262080,2026-05-15T03:09:33.337927+00:00,1778814573337926965,be7e047c331b317888928f83938ce6ed8100ccb87d7818f425a15f741dfabb8e,,,1,942,942,,"{""a_au"": ""a_au"", ""argp_deg"": ""argp_deg"", ""best_rejected_max_v_kms"": ""best_rejected_max_v_kms"", ""best_v1_kms"": ""best_v1_kms"", ""ecc"": ""ecc"", ""fail_counts"": ""fail_counts"", ""fail_reason"": ""fail_reason"", ""final_max_v_kms"": ""final_max_v_kms"", ""fit_ok"": ""fit_ok"", ""hypo_r_au"": ""hypo_r_au"", ""hypo_rdd_au_day2"": ""hypo_rdd_au_day2"", ""hypo_rdot_au_day"": ""hypo_rdot_au_day"", ""inc_deg"": ""inc_deg"", ""inlier_tracklets"": ""inlier_tracklets"", ""is_good"": ""is_good"", ""lin_dir_deg"": ""lin_dir_deg"", ""lin_rms_arcsec"": ""lin_rms_arcsec"", ""lin_speed_arcsec_per_day"": ""lin_speed_arcsec_per_day"", ""linkage_id"": ""linkage_id"", ""max_arcsec"": ""max_arcsec"", ""med_arcsec"": ""med_arcsec"", ""min_rejected_max_v_kms"": ""min_rejected_max_v_kms"", ""n_nights"": ""n_nights"", ""n_obs"": ""n_obs"", ""n_tracklets"": ""n_tracklets"", ""nu_deg"": ""nu_deg"", ""pred_dec_deg"": ""pred_dec_deg"", ""pred_ra_deg"": ""pred_ra_deg"", ""raan_deg"": ""raan_deg"", ""rejected_tracklets"": ""rejected_tracklets"", ""rms_arcsec"": ""rms_arcsec"", ""seed_max_v_kms"": ""seed_max_v_kms"", ""seed_tracklets"": ""seed_tracklets""}",[],[]
20260219,orbit_obs_residuals,/home/admin/pipeline/xiaoyunao/data/heliolincrr/20260219/rr_links/orbit_confirm/orbit_obs_residuals.fits,True,ok,,,276480,2026-05-15T03:09:33.349175+00:00,1778814573349175117,3ba852e30db806f9c0bf16087412a5789d13f12af9b669ced639f2735aaa281d,,,1,2826,2826,,"{""dec_deg"": ""dec_deg"", ""linkage_id"": ""linkage_id"", ""mjd"": ""mjd"", ""obs_key"": ""obs_key"", ""ra_deg"": ""ra_deg"", ""resid_arcsec"": ""resid_arcsec"", ""tracklet_id"": ""tracklet_id"", ""used"": ""used""}",[],[]
20260220,known_all,/processed1/20260220/L4/20260220_all_asteroids.fits,True,ok_with_missing_optional,,,24848640,2026-06-19T16:02:40.879866+00:00,1781884960879865950,f45d1e3d1f9dc4f3c3e3641af985e721c56a8df7c54548356579c388826cfb73,,,1,126746,126746,source_file,"{""asteroid_name"": ""name"", ""asteroid_number"": ""number"", ""epoch_mjd"": ""epoch"", ""pred_dec_deg"": ""dec"", ""pred_geocentric_distance_au"": null, ""pred_heliocentric_distance_au"": null, ""pred_phase_angle_deg"": null, ""pred_ra_deg"": ""ra"", ""pred_solar_elongation_deg"": null, ""pred_v_mag"": ""mag""}",[],"[""pred_heliocentric_distance_au"", ""pred_geocentric_distance_au"", ""pred_solar_elongation_deg"", ""pred_phase_angle_deg""]"
20260220,known_matched,/processed1/20260220/L4/20260220_matched_asteroids.fits,True,ok_with_missing_optional,,,2586240,2026-06-19T16:02:41.795848+00:00,1781884961795848486,bb8bc48392887f3f4896889e784091ff39140df28aa6453f3904bc0357f6fc27,,,1,3305,3305,source_file,"{""asteroid_name"": ""name"", ""asteroid_number"": ""number"", ""epoch_mjd"": ""epoch"", ""flag"": ""Flag"", ""flag_iso_num"": ""Flag_ISO_Num"", ""flux_aper4"": ""Flux_Aper4"", ""fluxerr_aper4"": ""FluxErr_Aper4"", ""fwhm_px"": ""FWHM"", ""mag_aper4"": ""Mag_Aper4"", ""mag_aper8"": ""Mag_Aper8"", ""mag_kron"": ""Mag_Kron"", ""mag_psf"": ""Mag_PSF"", ""magerr_aper4"": ""MagErr_Aper4"", ""magerr_aper8"": ""MagErr_Aper8"", ""magerr_kron"": ""MagErr_Kron"", ""magerr_psf"": ""MagErr_PSF"", ""obj_id"": ""objID"", ""obs_dec_err_deg"": ""DECErr_Win"", ""obs_dec_psf_deg"": ""DEC_PSF"", ""obs_dec_win_deg"": ""DEC_Win"", ""obs_ra_err_deg"": ""RAErr_Win"", ""obs_ra_psf_deg"": ""RA_PSF"", ""obs_ra_win_deg"": ""RA_Win"", ""pred_dec_deg"": ""dec"", ""pred_geocentric_distance_au"": null, ""pred_heliocentric_distance_au"": null, ""pred_phase_angle_deg"": null, ""pred_ra_deg"": ""ra"", ""pred_solar_elongation_deg"": null, ""pred_v_mag"": ""mag"", ""x_win_px"": ""X_Win"", ""y_win_px"": ""Y_Win""}",[],"[""pred_heliocentric_distance_au"", ""pred_geocentric_distance_au"", ""pred_solar_elongation_deg"", ""pred_phase_angle_deg""]"
20260220,known_mask15,/processed1/20260220/L4/20260220_matched_asteroids_mask15.fits,True,ok_with_missing_optional,,,2759040,2026-06-19T16:02:42.697831+00:00,1781884962697831289,fd03f8fb7fd8209787abb6ffad1c63636bdd0f9fa6420e3a6bf990d0a7ec23bb,,,1,3531,3531,source_file,"{""asteroid_name"": ""name"", ""asteroid_number"": ""number"", ""epoch_mjd"": ""epoch"", ""flag"": ""Flag"", ""flag_iso_num"": ""Flag_ISO_Num"", ""flux_aper4"": ""Flux_Aper4"", ""fluxerr_aper4"": ""FluxErr_Aper4"", ""fwhm_px"": ""FWHM"", ""mag_aper4"": ""Mag_Aper4"", ""mag_aper8"": ""Mag_Aper8"", ""mag_kron"": ""Mag_Kron"", ""mag_psf"": ""Mag_PSF"", ""magerr_aper4"": ""MagErr_Aper4"", ""magerr_aper8"": ""MagErr_Aper8"", ""magerr_kron"": ""MagErr_Kron"", ""magerr_psf"": ""MagErr_PSF"", ""obj_id"": ""objID"", ""obs_dec_err_deg"": ""DECErr_Win"", ""obs_dec_psf_deg"": ""DEC_PSF"", ""obs_dec_win_deg"": ""DEC_Win"", ""obs_ra_err_deg"": ""RAErr_Win"", ""obs_ra_psf_deg"": ""RA_PSF"", ""obs_ra_win_deg"": ""RA_Win"", ""pred_dec_deg"": ""dec"", ""pred_geocentric_distance_au"": null, ""pred_heliocentric_distance_au"": null, ""pred_phase_angle_deg"": null, ""pred_ra_deg"": ""ra"", ""pred_solar_elongation_deg"": null, ""pred_v_mag"": ""mag"", ""x_win_px"": ""X_Win"", ""y_win_px"": ""Y_Win""}",[],"[""pred_heliocentric_distance_au"", ""pred_geocentric_distance_au"", ""pred_solar_elongation_deg"", ""pred_phase_angle_deg""]"
20260220,unknown_catalog,/processed1/20260220/L4/20260220_unknown_links.fits,True,ok,,,20160,2026-06-20T02:53:47.899910+00:00,1781924027899909835,5f58f0e516eb7e6968f2ed279cb5bba72279ac0f7c4c3c94e9ae1e0c927988d3,,,1,28,28,image_names,"{""a_au"": ""a_au"", ""argp_deg"": ""argp_deg"", ""best_v1_kms"": ""best_v1_kms"", ""decs_deg"": ""decs_deg"", ""ecc"": ""ecc"", ""exp_pairs"": ""exp_pairs"", ""fit_ok"": ""fit_ok"", ""groups"": ""groups"", ""image_names"": ""image_names"", ""inc_deg"": ""inc_deg"", ""is_good"": ""is_good"", ""lin_dir_deg"": ""lin_dir_deg"", ""lin_rms_arcsec"": ""lin_rms_arcsec"", ""lin_speed_arcsec_per_day"": ""lin_speed_arcsec_per_day"", ""linkage_id"": ""linkage_id"", ""max_arcsec"": ""max_arcsec"", ""med_arcsec"": ""med_arcsec"", ""mjds"": ""mjds"", ""n_obs"": ""n_obs"", ""n_tracklets"": ""n_tracklets"", ""nu_deg"": ""nu_deg"", ""objids"": ""objids"", ""raan_deg"": ""raan_deg"", ""ras_deg"": ""ras_deg"", ""rms_arcsec"": ""rms_arcsec"", ""tracklet_ids"": ""tracklet_ids"", ""trk_sub"": ""trk_sub""}",[],[]
20260220,orbit_links,/home/admin/pipeline/xiaoyunao/data/heliolincrr/20260220/rr_links/orbit_confirm/orbit_links.fits,True,ok,,,164160,2026-05-15T03:34:39.106966+00:00,1778816079106966094,2e5b8b6f494d3d0c2a146d3b0ce213f447a4a107fddb93c58142bf69369b050c,,,1,571,571,,"{""a_au"": ""a_au"", ""argp_deg"": ""argp_deg"", ""best_rejected_max_v_kms"": ""best_rejected_max_v_kms"", ""best_v1_kms"": ""best_v1_kms"", ""ecc"": ""ecc"", ""fail_counts"": ""fail_counts"", ""fail_reason"": ""fail_reason"", ""final_max_v_kms"": ""final_max_v_kms"", ""fit_ok"": ""fit_ok"", ""hypo_r_au"": ""hypo_r_au"", ""hypo_rdd_au_day2"": ""hypo_rdd_au_day2"", ""hypo_rdot_au_day"": ""hypo_rdot_au_day"", ""inc_deg"": ""inc_deg"", ""inlier_tracklets"": ""inlier_tracklets"", ""is_good"": ""is_good"", ""lin_dir_deg"": ""lin_dir_deg"", ""lin_rms_arcsec"": ""lin_rms_arcsec"", ""lin_speed_arcsec_per_day"": ""lin_speed_arcsec_per_day"", ""linkage_id"": ""linkage_id"", ""max_arcsec"": ""max_arcsec"", ""med_arcsec"": ""med_arcsec"", ""min_rejected_max_v_kms"": ""min_rejected_max_v_kms"", ""n_nights"": ""n_nights"", ""n_obs"": ""n_obs"", ""n_tracklets"": ""n_tracklets"", ""nu_deg"": ""nu_deg"", ""pred_dec_deg"": ""pred_dec_deg"", ""pred_ra_deg"": ""pred_ra_deg"", ""raan_deg"": ""raan_deg"", ""rejected_tracklets"": ""rejected_tracklets"", ""rms_arcsec"": ""rms_arcsec"", ""seed_max_v_kms"": ""seed_max_v_kms"", ""seed_tracklets"": ""seed_tracklets""}",[],[]
20260220,orbit_obs_residuals,/home/admin/pipeline/xiaoyunao/data/heliolincrr/20260220/rr_links/orbit_confirm/orbit_obs_residuals.fits,True,ok,,,167040,2026-05-15T03:34:39.115463+00:00,1778816079115462838,a229c4c1c8435dc64f63509c1993e573ff81c24081744f096bbf30fffb1b8b42,,,1,1676,1676,,"{""dec_deg"": ""dec_deg"", ""linkage_id"": ""linkage_id"", ""mjd"": ""mjd"", ""obs_key"": ""obs_key"", ""ra_deg"": ""ra_deg"", ""resid_arcsec"": ""resid_arcsec"", ""tracklet_id"": ""tracklet_id"", ""used"": ""used""}",[],[]
20260221,known_all,/processed1/20260221/L4/20260221_all_asteroids.fits,False,missing,,,0,,0,,,,1,0,0,,{},[],[]
20260221,known_matched,/processed1/20260221/L4/20260221_matched_asteroids.fits,False,missing,,,0,,0,,,,1,0,0,,{},[],[]
20260221,known_mask15,/processed1/20260221/L4/20260221_matched_asteroids_mask15.fits,False,missing,,,0,,0,,,,1,0,0,,{},[],[]
20260221,unknown_catalog,/processed1/20260221/L4/20260221_unknown_links.fits,False,missing,,,0,,0,,,,1,0,0,,{},[],[]
20260221,orbit_links,/home/admin/pipeline/xiaoyunao/data/heliolincrr/20260221/rr_links/orbit_confirm/orbit_links.fits,False,missing,,,0,,0,,,,1,0,0,,{},[],[]
20260221,orbit_obs_residuals,/home/admin/pipeline/xiaoyunao/data/heliolincrr/20260221/rr_links/orbit_confirm/orbit_obs_residuals.fits,False,missing,,,0,,0,,,,1,0,0,,{},[],[]
20260222,known_all,/processed1/20260222/L4/20260222_all_asteroids.fits,True,ok_with_missing_optional,,,28468800,2026-06-19T16:11:18.099993+00:00,1781885478099993178,0dea115e7a09de053e2f377e87e1e5781f431ceb8fcbeb9bca2e1681da35d699,,,1,145211,145211,source_file,"{""asteroid_name"": ""name"", ""asteroid_number"": ""number"", ""epoch_mjd"": ""epoch"", ""pred_dec_deg"": ""dec"", ""pred_geocentric_distance_au"": null, ""pred_heliocentric_distance_au"": null, ""pred_phase_angle_deg"": null, ""pred_ra_deg"": ""ra"", ""pred_solar_elongation_deg"": null, ""pred_v_mag"": ""mag""}",[],"[""pred_heliocentric_distance_au"", ""pred_geocentric_distance_au"", ""pred_solar_elongation_deg"", ""pred_phase_angle_deg""]"
20260222,known_matched,/processed1/20260222/L4/20260222_matched_asteroids.fits,True,ok_with_missing_optional,,,5667840,2026-06-19T16:11:19.089974+00:00,1781885479089974269,79865a9fecdecb37c674aa26c6b66e072f62d9c17a126e2ee0ca7fbfe5f1d87f,,,1,7286,7286,source_file,"{""asteroid_name"": ""name"", ""asteroid_number"": ""number"", ""epoch_mjd"": ""epoch"", ""flag"": ""Flag"", ""flag_iso_num"": ""Flag_ISO_Num"", ""flux_aper4"": ""Flux_Aper4"", ""fluxerr_aper4"": ""FluxErr_Aper4"", ""fwhm_px"": ""FWHM"", ""mag_aper4"": ""Mag_Aper4"", ""mag_aper8"": ""Mag_Aper8"", ""mag_kron"": ""Mag_Kron"", ""mag_psf"": ""Mag_PSF"", ""magerr_aper4"": ""MagErr_Aper4"", ""magerr_aper8"": ""MagErr_Aper8"", ""magerr_kron"": ""MagErr_Kron"", ""magerr_psf"": ""MagErr_PSF"", ""obj_id"": ""objID"", ""obs_dec_err_deg"": ""DECErr_Win"", ""obs_dec_psf_deg"": ""DEC_PSF"", ""obs_dec_win_deg"": ""DEC_Win"", ""obs_ra_err_deg"": ""RAErr_Win"", ""obs_ra_psf_deg"": ""RA_PSF"", ""obs_ra_win_deg"": ""RA_Win"", ""pred_dec_deg"": ""dec"", ""pred_geocentric_distance_au"": null, ""pred_heliocentric_distance_au"": null, ""pred_phase_angle_deg"": null, ""pred_ra_deg"": ""ra"", ""pred_solar_elongation_deg"": null, ""pred_v_mag"": ""mag"", ""x_win_px"": ""X_Win"", ""y_win_px"": ""Y_Win""}",[],"[""pred_heliocentric_distance_au"", ""pred_geocentric_distance_au"", ""pred_solar_elongation_deg"", ""pred_phase_angle_deg""]"
20260222,known_mask15,/processed1/20260222/L4/20260222_matched_asteroids_mask15.fits,True,ok_with_missing_optional,,,5964480,2026-06-19T16:11:20.054956+00:00,1781885480054955837,2b66ea8fb62e046cc7b4fc1eeaab7068ba18ee9cbf1ca6912c6b25c16099c5c3,,,1,7672,7672,source_file,"{""asteroid_name"": ""name"", ""asteroid_number"": ""number"", ""epoch_mjd"": ""epoch"", ""flag"": ""Flag"", ""flag_iso_num"": ""Flag_ISO_Num"", ""flux_aper4"": ""Flux_Aper4"", ""fluxerr_aper4"": ""FluxErr_Aper4"", ""fwhm_px"": ""FWHM"", ""mag_aper4"": ""Mag_Aper4"", ""mag_aper8"": ""Mag_Aper8"", ""mag_kron"": ""Mag_Kron"", ""mag_psf"": ""Mag_PSF"", ""magerr_aper4"": ""MagErr_Aper4"", ""magerr_aper8"": ""MagErr_Aper8"", ""magerr_kron"": ""MagErr_Kron"", ""magerr_psf"": ""MagErr_PSF"", ""obj_id"": ""objID"", ""obs_dec_err_deg"": ""DECErr_Win"", ""obs_dec_psf_deg"": ""DEC_PSF"", ""obs_dec_win_deg"": ""DEC_Win"", ""obs_ra_err_deg"": ""RAErr_Win"", ""obs_ra_psf_deg"": ""RA_PSF"", ""obs_ra_win_deg"": ""RA_Win"", ""pred_dec_deg"": ""dec"", ""pred_geocentric_distance_au"": null, ""pred_heliocentric_distance_au"": null, ""pred_phase_angle_deg"": null, ""pred_ra_deg"": ""ra"", ""pred_solar_elongation_deg"": null, ""pred_v_mag"": ""mag"", ""x_win_px"": ""X_Win"", ""y_win_px"": ""Y_Win""}",[],"[""pred_heliocentric_distance_au"", ""pred_geocentric_distance_au"", ""pred_solar_elongation_deg"", ""pred_phase_angle_deg""]"
20260222,unknown_catalog,/processed1/20260222/L4/20260222_unknown_links.fits,True,ok,,,28800,2026-06-20T02:55:03.211462+00:00,1781924103211461473,dc2bf958907c18bbc344a5f9b9ea48904995600c9cc69877a9470c6a136325a2,,,1,49,49,image_names,"{""a_au"": ""a_au"", ""argp_deg"": ""argp_deg"", ""best_v1_kms"": ""best_v1_kms"", ""decs_deg"": ""decs_deg"", ""ecc"": ""ecc"", ""exp_pairs"": ""exp_pairs"", ""fit_ok"": ""fit_ok"", ""groups"": ""groups"", ""image_names"": ""image_names"", ""inc_deg"": ""inc_deg"", ""is_good"": ""is_good"", ""lin_dir_deg"": ""lin_dir_deg"", ""lin_rms_arcsec"": ""lin_rms_arcsec"", ""lin_speed_arcsec_per_day"": ""lin_speed_arcsec_per_day"", ""linkage_id"": ""linkage_id"", ""max_arcsec"": ""max_arcsec"", ""med_arcsec"": ""med_arcsec"", ""mjds"": ""mjds"", ""n_obs"": ""n_obs"", ""n_tracklets"": ""n_tracklets"", ""nu_deg"": ""nu_deg"", ""objids"": ""objids"", ""raan_deg"": ""raan_deg"", ""ras_deg"": ""ras_deg"", ""rms_arcsec"": ""rms_arcsec"", ""tracklet_ids"": ""tracklet_ids"", ""trk_sub"": ""trk_sub""}",[],[]
20260222,orbit_links,/home/admin/pipeline/xiaoyunao/data/heliolincrr/20260222/rr_links/orbit_confirm/orbit_links.fits,True,ok,,,408960,2026-05-15T03:44:59.881132+00:00,1778816699881132094,d092a2c2b5be8a9f426c91019c808a09018ae150a460d83ed01072d1c43920a7,,,1,1295,1295,,"{""a_au"": ""a_au"", ""argp_deg"": ""argp_deg"", ""best_rejected_max_v_kms"": ""best_rejected_max_v_kms"", ""best_v1_kms"": ""best_v1_kms"", ""ecc"": ""ecc"", ""fail_counts"": ""fail_counts"", ""fail_reason"": ""fail_reason"", ""final_max_v_kms"": ""final_max_v_kms"", ""fit_ok"": ""fit_ok"", ""hypo_r_au"": ""hypo_r_au"", ""hypo_rdd_au_day2"": ""hypo_rdd_au_day2"", ""hypo_rdot_au_day"": ""hypo_rdot_au_day"", ""inc_deg"": ""inc_deg"", ""inlier_tracklets"": ""inlier_tracklets"", ""is_good"": ""is_good"", ""lin_dir_deg"": ""lin_dir_deg"", ""lin_rms_arcsec"": ""lin_rms_arcsec"", ""lin_speed_arcsec_per_day"": ""lin_speed_arcsec_per_day"", ""linkage_id"": ""linkage_id"", ""max_arcsec"": ""max_arcsec"", ""med_arcsec"": ""med_arcsec"", ""min_rejected_max_v_kms"": ""min_rejected_max_v_kms"", ""n_nights"": ""n_nights"", ""n_obs"": ""n_obs"", ""n_tracklets"": ""n_tracklets"", ""nu_deg"": ""nu_deg"", ""pred_dec_deg"": ""pred_dec_deg"", ""pred_ra_deg"": ""pred_ra_deg"", ""raan_deg"": ""raan_deg"", ""rejected_tracklets"": ""rejected_tracklets"", ""rms_arcsec"": ""rms_arcsec"", ""seed_max_v_kms"": ""seed_max_v_kms"", ""seed_tracklets"": ""seed_tracklets""}",[],[]
20260222,orbit_obs_residuals,/home/admin/pipeline/xiaoyunao/data/heliolincrr/20260222/rr_links/orbit_confirm/orbit_obs_residuals.fits,True,ok,,,377280,2026-05-15T03:44:59.894006+00:00,1778816699894005583,300f89fe0fd2636794552f8dae1cbdf11590fb05c17d3f72aae30b30ef06a39e,,,1,3904,3904,,"{""dec_deg"": ""dec_deg"", ""linkage_id"": ""linkage_id"", ""mjd"": ""mjd"", ""obs_key"": ""obs_key"", ""ra_deg"": ""ra_deg"", ""resid_arcsec"": ""resid_arcsec"", ""tracklet_id"": ""tracklet_id"", ""used"": ""used""}",[],[]
20260223,known_all,/processed1/20260223/L4/20260223_all_asteroids.fits,True,ok_with_missing_optional,,,5711040,2026-06-19T16:13:08.624882+00:00,1781885588624882067,8a705b12859c313bf0664bb3ac928cfcf6e8ab5cf380080984a61440d667cd8a,,,1,29100,29100,source_file,"{""asteroid_name"": ""name"", ""asteroid_number"": ""number"", ""epoch_mjd"": ""epoch"", ""pred_dec_deg"": ""dec"", ""pred_geocentric_distance_au"": null, ""pred_heliocentric_distance_au"": null, ""pred_phase_angle_deg"": null, ""pred_ra_deg"": ""ra"", ""pred_solar_elongation_deg"": null, ""pred_v_mag"": ""mag""}",[],"[""pred_heliocentric_distance_au"", ""pred_geocentric_distance_au"", ""pred_solar_elongation_deg"", ""pred_phase_angle_deg""]"
20260223,known_matched,/processed1/20260223/L4/20260223_matched_asteroids.fits,True,ok_with_missing_optional,,,1529280,2026-06-19T16:13:08.839878+00:00,1781885588839877961,b336a3a8dad0197d94d78011b05b85950518e9aa983db69a5f0f18f666f420be,,,1,1939,1939,source_file,"{""asteroid_name"": ""name"", ""asteroid_number"": ""number"", ""epoch_mjd"": ""epoch"", ""flag"": ""Flag"", ""flag_iso_num"": ""Flag_ISO_Num"", ""flux_aper4"": ""Flux_Aper4"", ""fluxerr_aper4"": ""FluxErr_Aper4"", ""fwhm_px"": ""FWHM"", ""mag_aper4"": ""Mag_Aper4"", ""mag_aper8"": ""Mag_Aper8"", ""mag_kron"": ""Mag_Kron"", ""mag_psf"": ""Mag_PSF"", ""magerr_aper4"": ""MagErr_Aper4"", ""magerr_aper8"": ""MagErr_Aper8"", ""magerr_kron"": ""MagErr_Kron"", ""magerr_psf"": ""MagErr_PSF"", ""obj_id"": ""objID"", ""obs_dec_err_deg"": ""DECErr_Win"", ""obs_dec_psf_deg"": ""DEC_PSF"", ""obs_dec_win_deg"": ""DEC_Win"", ""obs_ra_err_deg"": ""RAErr_Win"", ""obs_ra_psf_deg"": ""RA_PSF"", ""obs_ra_win_deg"": ""RA_Win"", ""pred_dec_deg"": ""dec"", ""pred_geocentric_distance_au"": null, ""pred_heliocentric_distance_au"": null, ""pred_phase_angle_deg"": null, ""pred_ra_deg"": ""ra"", ""pred_solar_elongation_deg"": null, ""pred_v_mag"": ""mag"", ""x_win_px"": ""X_Win"", ""y_win_px"": ""Y_Win""}",[],"[""pred_heliocentric_distance_au"", ""pred_geocentric_distance_au"", ""pred_solar_elongation_deg"", ""pred_phase_angle_deg""]"
20260223,known_mask15,/processed1/20260223/L4/20260223_matched_asteroids_mask15.fits,True,ok_with_missing_optional,,,1563840,2026-06-19T16:13:09.053874+00:00,1781885589053873873,dbac8fd3295b91b6c57fe9be01070fbc2692de2d5120b3c179e178be3a595267,,,1,1986,1986,source_file,"{""asteroid_name"": ""name"", ""asteroid_number"": ""number"", ""epoch_mjd"": ""epoch"", ""flag"": ""Flag"", ""flag_iso_num"": ""Flag_ISO_Num"", ""flux_aper4"": ""Flux_Aper4"", ""fluxerr_aper4"": ""FluxErr_Aper4"", ""fwhm_px"": ""FWHM"", ""mag_aper4"": ""Mag_Aper4"", ""mag_aper8"": ""Mag_Aper8"", ""mag_kron"": ""Mag_Kron"", ""mag_psf"": ""Mag_PSF"", ""magerr_aper4"": ""MagErr_Aper4"", ""magerr_aper8"": ""MagErr_Aper8"", ""magerr_kron"": ""MagErr_Kron"", ""magerr_psf"": ""MagErr_PSF"", ""obj_id"": ""objID"", ""obs_dec_err_deg"": ""DECErr_Win"", ""obs_dec_psf_deg"": ""DEC_PSF"", ""obs_dec_win_deg"": ""DEC_Win"", ""obs_ra_err_deg"": ""RAErr_Win"", ""obs_ra_psf_deg"": ""RA_PSF"", ""obs_ra_win_deg"": ""RA_Win"", ""pred_dec_deg"": ""dec"", ""pred_geocentric_distance_au"": null, ""pred_heliocentric_distance_au"": null, ""pred_phase_angle_deg"": null, ""pred_ra_deg"": ""ra"", ""pred_solar_elongation_deg"": null, ""pred_v_mag"": ""mag"", ""x_win_px"": ""X_Win"", ""y_win_px"": ""Y_Win""}",[],"[""pred_heliocentric_distance_au"", ""pred_geocentric_distance_au"", ""pred_solar_elongation_deg"", ""pred_phase_angle_deg""]"
20260223,unknown_catalog,/processed1/20260223/L4/20260223_unknown_links.fits,True,ok,,,11520,2026-06-20T02:56:18.981004+00:00,1781924178981004303,9a502d7f34d9e385541a72468bb1bcb6e0c31427d3f169b024823fe488681f8a,,,1,2,2,image_names,"{""a_au"": ""a_au"", ""argp_deg"": ""argp_deg"", ""best_v1_kms"": ""best_v1_kms"", ""decs_deg"": ""decs_deg"", ""ecc"": ""ecc"", ""exp_pairs"": ""exp_pairs"", ""fit_ok"": ""fit_ok"", ""groups"": ""groups"", ""image_names"": ""image_names"", ""inc_deg"": ""inc_deg"", ""is_good"": ""is_good"", ""lin_dir_deg"": ""lin_dir_deg"", ""lin_rms_arcsec"": ""lin_rms_arcsec"", ""lin_speed_arcsec_per_day"": ""lin_speed_arcsec_per_day"", ""linkage_id"": ""linkage_id"", ""max_arcsec"": ""max_arcsec"", ""med_arcsec"": ""med_arcsec"", ""mjds"": ""mjds"", ""n_obs"": ""n_obs"", ""n_tracklets"": ""n_tracklets"", ""nu_deg"": ""nu_deg"", ""objids"": ""objids"", ""raan_deg"": ""raan_deg"", ""ras_deg"": ""ras_deg"", ""rms_arcsec"": ""rms_arcsec"", ""tracklet_ids"": ""tracklet_ids"", ""trk_sub"": ""trk_sub""}",[],[]
20260223,orbit_links,/home/admin/pipeline/xiaoyunao/data/heliolincrr/20260223/rr_links/orbit_confirm/orbit_links.fits,True,ok,,,95040,2026-05-15T03:57:51.484183+00:00,1778817471484183177,00d6910cb57aee484288128fde2d47a86155bc1efab3e9059cf15998334c2341,,,1,284,284,,"{""a_au"": ""a_au"", ""argp_deg"": ""argp_deg"", ""best_rejected_max_v_kms"": ""best_rejected_max_v_kms"", ""best_v1_kms"": ""best_v1_kms"", ""ecc"": ""ecc"", ""fail_counts"": ""fail_counts"", ""fail_reason"": ""fail_reason"", ""final_max_v_kms"": ""final_max_v_kms"", ""fit_ok"": ""fit_ok"", ""hypo_r_au"": ""hypo_r_au"", ""hypo_rdd_au_day2"": ""hypo_rdd_au_day2"", ""hypo_rdot_au_day"": ""hypo_rdot_au_day"", ""inc_deg"": ""inc_deg"", ""inlier_tracklets"": ""inlier_tracklets"", ""is_good"": ""is_good"", ""lin_dir_deg"": ""lin_dir_deg"", ""lin_rms_arcsec"": ""lin_rms_arcsec"", ""lin_speed_arcsec_per_day"": ""lin_speed_arcsec_per_day"", ""linkage_id"": ""linkage_id"", ""max_arcsec"": ""max_arcsec"", ""med_arcsec"": ""med_arcsec"", ""min_rejected_max_v_kms"": ""min_rejected_max_v_kms"", ""n_nights"": ""n_nights"", ""n_obs"": ""n_obs"", ""n_tracklets"": ""n_tracklets"", ""nu_deg"": ""nu_deg"", ""pred_dec_deg"": ""pred_dec_deg"", ""pred_ra_deg"": ""pred_ra_deg"", ""raan_deg"": ""raan_deg"", ""rejected_tracklets"": ""rejected_tracklets"", ""rms_arcsec"": ""rms_arcsec"", ""seed_max_v_kms"": ""seed_max_v_kms"", ""seed_tracklets"": ""seed_tracklets""}",[],[]
20260223,orbit_obs_residuals,/home/admin/pipeline/xiaoyunao/data/heliolincrr/20260223/rr_links/orbit_confirm/orbit_obs_residuals.fits,True,ok,,,92160,2026-05-15T03:57:51.492552+00:00,1778817471492551563,f67503a55e2a15f691cab22739e58a00495a68dbeaefedeb5657f1c25585e7bf,,,1,882,882,,"{""dec_deg"": ""dec_deg"", ""linkage_id"": ""linkage_id"", ""mjd"": ""mjd"", ""obs_key"": ""obs_key"", ""ra_deg"": ""ra_deg"", ""resid_arcsec"": ""resid_arcsec"", ""tracklet_id"": ""tracklet_id"", ""used"": ""used""}",[],[]
20260224,known_all,/processed1/20260224/L4/20260224_all_asteroids.fits,True,ok_with_missing_optional,,,4032000,2026-06-19T16:14:19.497528+00:00,1781885659497528345,904b85a2d52ddb0961d0e84b753283cf0486b9d61797c900964b52082f32a94f,,,1,20538,20538,source_file,"{""asteroid_name"": ""name"", ""asteroid_number"": ""number"", ""epoch_mjd"": ""epoch"", ""pred_dec_deg"": ""dec"", ""pred_geocentric_distance_au"": null, ""pred_heliocentric_distance_au"": null, ""pred_phase_angle_deg"": null, ""pred_ra_deg"": ""ra"", ""pred_solar_elongation_deg"": null, ""pred_v_mag"": ""mag""}",[],"[""pred_heliocentric_distance_au"", ""pred_geocentric_distance_au"", ""pred_solar_elongation_deg"", ""pred_phase_angle_deg""]"
20260224,known_matched,/processed1/20260224/L4/20260224_matched_asteroids.fits,True,ok_with_missing_optional,,,357120,2026-06-19T16:14:19.645525+00:00,1781885659645525518,eff18014cf0d76faeee6c1c5ec2b5c3f043196a73fad6bb8162b52fdf55e2911,,,1,426,426,source_file,"{""asteroid_name"": ""name"", ""asteroid_number"": ""number"", ""epoch_mjd"": ""epoch"", ""flag"": ""Flag"", ""flag_iso_num"": ""Flag_ISO_Num"", ""flux_aper4"": ""Flux_Aper4"", ""fluxerr_aper4"": ""FluxErr_Aper4"", ""fwhm_px"": ""FWHM"", ""mag_aper4"": ""Mag_Aper4"", ""mag_aper8"": ""Mag_Aper8"", ""mag_kron"": ""Mag_Kron"", ""mag_psf"": ""Mag_PSF"", ""magerr_aper4"": ""MagErr_Aper4"", ""magerr_aper8"": ""MagErr_Aper8"", ""magerr_kron"": ""MagErr_Kron"", ""magerr_psf"": ""MagErr_PSF"", ""obj_id"": ""objID"", ""obs_dec_err_deg"": ""DECErr_Win"", ""obs_dec_psf_deg"": ""DEC_PSF"", ""obs_dec_win_deg"": ""DEC_Win"", ""obs_ra_err_deg"": ""RAErr_Win"", ""obs_ra_psf_deg"": ""RA_PSF"", ""obs_ra_win_deg"": ""RA_Win"", ""pred_dec_deg"": ""dec"", ""pred_geocentric_distance_au"": null, ""pred_heliocentric_distance_au"": null, ""pred_phase_angle_deg"": null, ""pred_ra_deg"": ""ra"", ""pred_solar_elongation_deg"": null, ""pred_v_mag"": ""mag"", ""x_win_px"": ""X_Win"", ""y_win_px"": ""Y_Win""}",[],"[""pred_heliocentric_distance_au"", ""pred_geocentric_distance_au"", ""pred_solar_elongation_deg"", ""pred_phase_angle_deg""]"
20260224,known_mask15,/processed1/20260224/L4/20260224_matched_asteroids_mask15.fits,True,ok_with_missing_optional,,,368640,2026-06-19T16:14:19.796523+00:00,1781885659796522634,3bbb207a3221b38f964e766f82ac98aa8848a6ef852670b70cb1fa0149ba9b6f,,,1,442,442,source_file,"{""asteroid_name"": ""name"", ""asteroid_number"": ""number"", ""epoch_mjd"": ""epoch"", ""flag"": ""Flag"", ""flag_iso_num"": ""Flag_ISO_Num"", ""flux_aper4"": ""Flux_Aper4"", ""fluxerr_aper4"": ""FluxErr_Aper4"", ""fwhm_px"": ""FWHM"", ""mag_aper4"": ""Mag_Aper4"", ""mag_aper8"": ""Mag_Aper8"", ""mag_kron"": ""Mag_Kron"", ""mag_psf"": ""Mag_PSF"", ""magerr_aper4"": ""MagErr_Aper4"", ""magerr_aper8"": ""MagErr_Aper8"", ""magerr_kron"": ""MagErr_Kron"", ""magerr_psf"": ""MagErr_PSF"", ""obj_id"": ""objID"", ""obs_dec_err_deg"": ""DECErr_Win"", ""obs_dec_psf_deg"": ""DEC_PSF"", ""obs_dec_win_deg"": ""DEC_Win"", ""obs_ra_err_deg"": ""RAErr_Win"", ""obs_ra_psf_deg"": ""RA_PSF"", ""obs_ra_win_deg"": ""RA_Win"", ""pred_dec_deg"": ""dec"", ""pred_geocentric_distance_au"": null, ""pred_heliocentric_distance_au"": null, ""pred_phase_angle_deg"": null, ""pred_ra_deg"": ""ra"", ""pred_solar_elongation_deg"": null, ""pred_v_mag"": ""mag"", ""x_win_px"": ""X_Win"", ""y_win_px"": ""Y_Win""}",[],"[""pred_heliocentric_distance_au"", ""pred_geocentric_distance_au"", ""pred_solar_elongation_deg"", ""pred_phase_angle_deg""]"
20260224,unknown_catalog,/processed1/20260224/L4/20260224_unknown_links.fits,True,ok,,,8640,2026-06-20T02:56:25.647876+00:00,1781924185647876088,ae49cc5e768ea74f2b9233e8e4b56e4db77dd4c3219b06a6ce6ae1d2f558cb89,,,1,0,0,image_names,"{""a_au"": ""a_au"", ""argp_deg"": ""argp_deg"", ""best_v1_kms"": ""best_v1_kms"", ""decs_deg"": ""decs_deg"", ""ecc"": ""ecc"", ""exp_pairs"": ""exp_pairs"", ""fit_ok"": ""fit_ok"", ""groups"": ""groups"", ""image_names"": ""image_names"", ""inc_deg"": ""inc_deg"", ""is_good"": ""is_good"", ""lin_dir_deg"": ""lin_dir_deg"", ""lin_rms_arcsec"": ""lin_rms_arcsec"", ""lin_speed_arcsec_per_day"": ""lin_speed_arcsec_per_day"", ""linkage_id"": ""linkage_id"", ""max_arcsec"": ""max_arcsec"", ""med_arcsec"": ""med_arcsec"", ""mjds"": ""mjds"", ""n_obs"": ""n_obs"", ""n_tracklets"": ""n_tracklets"", ""nu_deg"": ""nu_deg"", ""objids"": ""objids"", ""raan_deg"": ""raan_deg"", ""ras_deg"": ""ras_deg"", ""rms_arcsec"": ""rms_arcsec"", ""tracklet_ids"": ""tracklet_ids"", ""trk_sub"": ""trk_sub""}",[],[]
20260224,orbit_links,/home/admin/pipeline/xiaoyunao/data/heliolincrr/20260224/rr_links/orbit_confirm/orbit_links.fits,True,ok,,,11520,2026-05-15T03:58:40.979842+00:00,1778817520979841612,9d164a1668cc88ae359103579c6c5da10df5501717a3f5e4fdcc1f6eaa9f7ca1,,,1,0,0,,"{""a_au"": ""a_au"", ""argp_deg"": ""argp_deg"", ""best_rejected_max_v_kms"": ""best_rejected_max_v_kms"", ""best_v1_kms"": ""best_v1_kms"", ""ecc"": ""ecc"", ""fail_counts"": ""fail_counts"", ""fail_reason"": ""fail_reason"", ""final_max_v_kms"": ""final_max_v_kms"", ""fit_ok"": ""fit_ok"", ""hypo_r_au"": ""hypo_r_au"", ""hypo_rdd_au_day2"": ""hypo_rdd_au_day2"", ""hypo_rdot_au_day"": ""hypo_rdot_au_day"", ""inc_deg"": ""inc_deg"", ""inlier_tracklets"": ""inlier_tracklets"", ""is_good"": ""is_good"", ""lin_dir_deg"": ""lin_dir_deg"", ""lin_rms_arcsec"": ""lin_rms_arcsec"", ""lin_speed_arcsec_per_day"": ""lin_speed_arcsec_per_day"", ""linkage_id"": ""linkage_id"", ""max_arcsec"": ""max_arcsec"", ""med_arcsec"": ""med_arcsec"", ""min_rejected_max_v_kms"": ""min_rejected_max_v_kms"", ""n_nights"": ""n_nights"", ""n_obs"": ""n_obs"", ""n_tracklets"": ""n_tracklets"", ""nu_deg"": ""nu_deg"", ""pred_dec_deg"": ""pred_dec_deg"", ""pred_ra_deg"": ""pred_ra_deg"", ""raan_deg"": ""raan_deg"", ""rejected_tracklets"": ""rejected_tracklets"", ""rms_arcsec"": ""rms_arcsec"", ""seed_max_v_kms"": ""seed_max_v_kms"", ""seed_tracklets"": ""seed_tracklets""}",[],[]
20260224,orbit_obs_residuals,/home/admin/pipeline/xiaoyunao/data/heliolincrr/20260224/rr_links/orbit_confirm/orbit_obs_residuals.fits,True,ok,,,5760,2026-05-15T03:58:40.987004+00:00,1778817520987003733,8cb9bc87ba4df7002239bfc6d8a94042f298c42b20abaf56814238a5bf926e3f,,,1,0,0,,"{""dec_deg"": ""dec_deg"", ""linkage_id"": ""linkage_id"", ""mjd"": ""mjd"", ""obs_key"": ""obs_key"", ""ra_deg"": ""ra_deg"", ""resid_arcsec"": ""resid_arcsec"", ""tracklet_id"": ""tracklet_id"", ""used"": ""used""}",[],[]
20260225,known_all,/processed1/20260225/L4/20260225_all_asteroids.fits,False,missing,,,0,,0,,,,1,0,0,,{},[],[]
20260225,known_matched,/processed1/20260225/L4/20260225_matched_asteroids.fits,False,missing,,,0,,0,,,,1,0,0,,{},[],[]
20260225,known_mask15,/processed1/20260225/L4/20260225_matched_asteroids_mask15.fits,False,missing,,,0,,0,,,,1,0,0,,{},[],[]
20260225,unknown_catalog,/processed1/20260225/L4/20260225_unknown_links.fits,False,missing,,,0,,0,,,,1,0,0,,{},[],[]
20260225,orbit_links,/home/admin/pipeline/xiaoyunao/data/heliolincrr/20260225/rr_links/orbit_confirm/orbit_links.fits,False,missing,,,0,,0,,,,1,0,0,,{},[],[]
20260225,orbit_obs_residuals,/home/admin/pipeline/xiaoyunao/data/heliolincrr/20260225/rr_links/orbit_confirm/orbit_obs_residuals.fits,False,missing,,,0,,0,,,,1,0,0,,{},[],[]
20260226,known_all,/processed1/20260226/L4/20260226_all_asteroids.fits,False,missing,,,0,,0,,,,1,0,0,,{},[],[]
20260226,known_matched,/processed1/20260226/L4/20260226_matched_asteroids.fits,False,missing,,,0,,0,,,,1,0,0,,{},[],[]
20260226,known_mask15,/processed1/20260226/L4/20260226_matched_asteroids_mask15.fits,False,missing,,,0,,0,,,,1,0,0,,{},[],[]
20260226,unknown_catalog,/processed1/20260226/L4/20260226_unknown_links.fits,False,missing,,,0,,0,,,,1,0,0,,{},[],[]
20260226,orbit_links,/home/admin/pipeline/xiaoyunao/data/heliolincrr/20260226/rr_links/orbit_confirm/orbit_links.fits,False,missing,,,0,,0,,,,1,0,0,,{},[],[]
20260226,orbit_obs_residuals,/home/admin/pipeline/xiaoyunao/data/heliolincrr/20260226/rr_links/orbit_confirm/orbit_obs_residuals.fits,False,missing,,,0,,0,,,,1,0,0,,{},[],[]
20260227,known_all,/processed1/20260227/L4/20260227_all_asteroids.fits,False,missing,,,0,,0,,,,1,0,0,,{},[],[]
20260227,known_matched,/processed1/20260227/L4/20260227_matched_asteroids.fits,False,missing,,,0,,0,,,,1,0,0,,{},[],[]
20260227,known_mask15,/processed1/20260227/L4/20260227_matched_asteroids_mask15.fits,False,missing,,,0,,0,,,,1,0,0,,{},[],[]
20260227,unknown_catalog,/processed1/20260227/L4/20260227_unknown_links.fits,False,missing,,,0,,0,,,,1,0,0,,{},[],[]
20260227,orbit_links,/home/admin/pipeline/xiaoyunao/data/heliolincrr/20260227/rr_links/orbit_confirm/orbit_links.fits,False,missing,,,0,,0,,,,1,0,0,,{},[],[]
20260227,orbit_obs_residuals,/home/admin/pipeline/xiaoyunao/data/heliolincrr/20260227/rr_links/orbit_confirm/orbit_obs_residuals.fits,False,missing,,,0,,0,,,,1,0,0,,{},[],[]
20260228,known_all,/processed1/20260228/L4/20260228_all_asteroids.fits,False,missing,,,0,,0,,,,1,0,0,,{},[],[]
20260228,known_matched,/processed1/20260228/L4/20260228_matched_asteroids.fits,False,missing,,,0,,0,,,,1,0,0,,{},[],[]
20260228,known_mask15,/processed1/20260228/L4/20260228_matched_asteroids_mask15.fits,False,missing,,,0,,0,,,,1,0,0,,{},[],[]
20260228,unknown_catalog,/processed1/20260228/L4/20260228_unknown_links.fits,False,missing,,,0,,0,,,,1,0,0,,{},[],[]
20260228,orbit_links,/home/admin/pipeline/xiaoyunao/data/heliolincrr/20260228/rr_links/orbit_confirm/orbit_links.fits,False,missing,,,0,,0,,,,1,0,0,,{},[],[]
20260228,orbit_obs_residuals,/home/admin/pipeline/xiaoyunao/data/heliolincrr/20260228/rr_links/orbit_confirm/orbit_obs_residuals.fits,False,missing,,,0,,0,,,,1,0,0,,{},[],[]
20260301,known_all,/processed1/20260301/L4/20260301_all_asteroids.fits,False,missing,,,0,,0,,,,1,0,0,,{},[],[]
20260301,known_matched,/processed1/20260301/L4/20260301_matched_asteroids.fits,False,missing,,,0,,0,,,,1,0,0,,{},[],[]
20260301,known_mask15,/processed1/20260301/L4/20260301_matched_asteroids_mask15.fits,False,missing,,,0,,0,,,,1,0,0,,{},[],[]
20260301,unknown_catalog,/processed1/20260301/L4/20260301_unknown_links.fits,False,missing,,,0,,0,,,,1,0,0,,{},[],[]
20260301,orbit_links,/home/admin/pipeline/xiaoyunao/data/heliolincrr/20260301/rr_links/orbit_confirm/orbit_links.fits,False,missing,,,0,,0,,,,1,0,0,,{},[],[]
20260301,orbit_obs_residuals,/home/admin/pipeline/xiaoyunao/data/heliolincrr/20260301/rr_links/orbit_confirm/orbit_obs_residuals.fits,False,missing,,,0,,0,,,,1,0,0,,{},[],[]
20260302,known_all,/processed1/20260302/L4/20260302_all_asteroids.fits,False,missing,,,0,,0,,,,1,0,0,,{},[],[]
20260302,known_matched,/processed1/20260302/L4/20260302_matched_asteroids.fits,False,missing,,,0,,0,,,,1,0,0,,{},[],[]
20260302,known_mask15,/processed1/20260302/L4/20260302_matched_asteroids_mask15.fits,False,missing,,,0,,0,,,,1,0,0,,{},[],[]
20260302,unknown_catalog,/processed1/20260302/L4/20260302_unknown_links.fits,False,missing,,,0,,0,,,,1,0,0,,{},[],[]
20260302,orbit_links,/home/admin/pipeline/xiaoyunao/data/heliolincrr/20260302/rr_links/orbit_confirm/orbit_links.fits,False,missing,,,0,,0,,,,1,0,0,,{},[],[]
20260302,orbit_obs_residuals,/home/admin/pipeline/xiaoyunao/data/heliolincrr/20260302/rr_links/orbit_confirm/orbit_obs_residuals.fits,False,missing,,,0,,0,,,,1,0,0,,{},[],[]
20260303,known_all,/processed1/20260303/L4/20260303_all_asteroids.fits,True,ok_with_missing_optional,,,12199680,2026-06-19T16:18:01.370291+00:00,1781885881370290403,038b6c0102b1b085689b7ac74038f4ad2952a47e233e39db7be09b8d955ebf8a,,,1,62213,62213,source_file,"{""asteroid_name"": ""name"", ""asteroid_number"": ""number"", ""epoch_mjd"": ""epoch"", ""pred_dec_deg"": ""dec"", ""pred_geocentric_distance_au"": null, ""pred_heliocentric_distance_au"": null, ""pred_phase_angle_deg"": null, ""pred_ra_deg"": ""ra"", ""pred_solar_elongation_deg"": null, ""pred_v_mag"": ""mag""}",[],"[""pred_heliocentric_distance_au"", ""pred_geocentric_distance_au"", ""pred_solar_elongation_deg"", ""pred_phase_angle_deg""]"
20260303,known_matched,/processed1/20260303/L4/20260303_matched_asteroids.fits,True,ok_with_missing_optional,,,1494720,2026-06-19T16:18:01.784282+00:00,1781885881784282495,aaaee5dcabe4cf463ba1ec8780ab122af7f4fc2d1f8c70957ecec57221300a76,,,1,1895,1895,source_file,"{""asteroid_name"": ""name"", ""asteroid_number"": ""number"", ""epoch_mjd"": ""epoch"", ""flag"": ""Flag"", ""flag_iso_num"": ""Flag_ISO_Num"", ""flux_aper4"": ""Flux_Aper4"", ""fluxerr_aper4"": ""FluxErr_Aper4"", ""fwhm_px"": ""FWHM"", ""mag_aper4"": ""Mag_Aper4"", ""mag_aper8"": ""Mag_Aper8"", ""mag_kron"": ""Mag_Kron"", ""mag_psf"": ""Mag_PSF"", ""magerr_aper4"": ""MagErr_Aper4"", ""magerr_aper8"": ""MagErr_Aper8"", ""magerr_kron"": ""MagErr_Kron"", ""magerr_psf"": ""MagErr_PSF"", ""obj_id"": ""objID"", ""obs_dec_err_deg"": ""DECErr_Win"", ""obs_dec_psf_deg"": ""DEC_PSF"", ""obs_dec_win_deg"": ""DEC_Win"", ""obs_ra_err_deg"": ""RAErr_Win"", ""obs_ra_psf_deg"": ""RA_PSF"", ""obs_ra_win_deg"": ""RA_Win"", ""pred_dec_deg"": ""dec"", ""pred_geocentric_distance_au"": null, ""pred_heliocentric_distance_au"": null, ""pred_phase_angle_deg"": null, ""pred_ra_deg"": ""ra"", ""pred_solar_elongation_deg"": null, ""pred_v_mag"": ""mag"", ""x_win_px"": ""X_Win"", ""y_win_px"": ""Y_Win""}",[],"[""pred_heliocentric_distance_au"", ""pred_geocentric_distance_au"", ""pred_solar_elongation_deg"", ""pred_phase_angle_deg""]"
20260303,known_mask15,/processed1/20260303/L4/20260303_matched_asteroids_mask15.fits,True,ok_with_missing_optional,,,1558080,2026-06-19T16:18:02.183275+00:00,1781885882183274874,8b30b14db3e9209137ba00709951ac2781b280df5f9973e798fde0c83b8bc242,,,1,1976,1976,source_file,"{""asteroid_name"": ""name"", ""asteroid_number"": ""number"", ""epoch_mjd"": ""epoch"", ""flag"": ""Flag"", ""flag_iso_num"": ""Flag_ISO_Num"", ""flux_aper4"": ""Flux_Aper4"", ""fluxerr_aper4"": ""FluxErr_Aper4"", ""fwhm_px"": ""FWHM"", ""mag_aper4"": ""Mag_Aper4"", ""mag_aper8"": ""Mag_Aper8"", ""mag_kron"": ""Mag_Kron"", ""mag_psf"": ""Mag_PSF"", ""magerr_aper4"": ""MagErr_Aper4"", ""magerr_aper8"": ""MagErr_Aper8"", ""magerr_kron"": ""MagErr_Kron"", ""magerr_psf"": ""MagErr_PSF"", ""obj_id"": ""objID"", ""obs_dec_err_deg"": ""DECErr_Win"", ""obs_dec_psf_deg"": ""DEC_PSF"", ""obs_dec_win_deg"": ""DEC_Win"", ""obs_ra_err_deg"": ""RAErr_Win"", ""obs_ra_psf_deg"": ""RA_PSF"", ""obs_ra_win_deg"": ""RA_Win"", ""pred_dec_deg"": ""dec"", ""pred_geocentric_distance_au"": null, ""pred_heliocentric_distance_au"": null, ""pred_phase_angle_deg"": null, ""pred_ra_deg"": ""ra"", ""pred_solar_elongation_deg"": null, ""pred_v_mag"": ""mag"", ""x_win_px"": ""X_Win"", ""y_win_px"": ""Y_Win""}",[],"[""pred_heliocentric_distance_au"", ""pred_geocentric_distance_au"", ""pred_solar_elongation_deg"", ""pred_phase_angle_deg""]"
20260303,unknown_catalog,/processed1/20260303/L4/20260303_unknown_links.fits,True,ok,,,14400,2026-06-20T02:56:39.010619+00:00,1781924199010619101,70b2324f8fc537c97cfd4086fc732e0d5ea3dc0a7470d228e87321c3280ea7a3,,,1,9,9,image_names,"{""a_au"": ""a_au"", ""argp_deg"": ""argp_deg"", ""best_v1_kms"": ""best_v1_kms"", ""decs_deg"": ""decs_deg"", ""ecc"": ""ecc"", ""exp_pairs"": ""exp_pairs"", ""fit_ok"": ""fit_ok"", ""groups"": ""groups"", ""image_names"": ""image_names"", ""inc_deg"": ""inc_deg"", ""is_good"": ""is_good"", ""lin_dir_deg"": ""lin_dir_deg"", ""lin_rms_arcsec"": ""lin_rms_arcsec"", ""lin_speed_arcsec_per_day"": ""lin_speed_arcsec_per_day"", ""linkage_id"": ""linkage_id"", ""max_arcsec"": ""max_arcsec"", ""med_arcsec"": ""med_arcsec"", ""mjds"": ""mjds"", ""n_obs"": ""n_obs"", ""n_tracklets"": ""n_tracklets"", ""nu_deg"": ""nu_deg"", ""objids"": ""objids"", ""raan_deg"": ""raan_deg"", ""ras_deg"": ""ras_deg"", ""rms_arcsec"": ""rms_arcsec"", ""tracklet_ids"": ""tracklet_ids"", ""trk_sub"": ""trk_sub""}",[],[]
20260303,orbit_links,/home/admin/pipeline/xiaoyunao/data/heliolincrr/20260303/rr_links/orbit_confirm/orbit_links.fits,True,ok,,,92160,2026-05-15T03:59:31.741534+00:00,1778817571741534173,9b099ad6adc583d8a5886a1d6687e324bfdcd8d7efd43e3e3c88232725995c19,,,1,261,261,,"{""a_au"": ""a_au"", ""argp_deg"": ""argp_deg"", ""best_rejected_max_v_kms"": ""best_rejected_max_v_kms"", ""best_v1_kms"": ""best_v1_kms"", ""ecc"": ""ecc"", ""fail_counts"": ""fail_counts"", ""fail_reason"": ""fail_reason"", ""final_max_v_kms"": ""final_max_v_kms"", ""fit_ok"": ""fit_ok"", ""hypo_r_au"": ""hypo_r_au"", ""hypo_rdd_au_day2"": ""hypo_rdd_au_day2"", ""hypo_rdot_au_day"": ""hypo_rdot_au_day"", ""inc_deg"": ""inc_deg"", ""inlier_tracklets"": ""inlier_tracklets"", ""is_good"": ""is_good"", ""lin_dir_deg"": ""lin_dir_deg"", ""lin_rms_arcsec"": ""lin_rms_arcsec"", ""lin_speed_arcsec_per_day"": ""lin_speed_arcsec_per_day"", ""linkage_id"": ""linkage_id"", ""max_arcsec"": ""max_arcsec"", ""med_arcsec"": ""med_arcsec"", ""min_rejected_max_v_kms"": ""min_rejected_max_v_kms"", ""n_nights"": ""n_nights"", ""n_obs"": ""n_obs"", ""n_tracklets"": ""n_tracklets"", ""nu_deg"": ""nu_deg"", ""pred_dec_deg"": ""pred_dec_deg"", ""pred_ra_deg"": ""pred_ra_deg"", ""raan_deg"": ""raan_deg"", ""rejected_tracklets"": ""rejected_tracklets"", ""rms_arcsec"": ""rms_arcsec"", ""seed_max_v_kms"": ""seed_max_v_kms"", ""seed_tracklets"": ""seed_tracklets""}",[],[]
20260303,orbit_obs_residuals,/home/admin/pipeline/xiaoyunao/data/heliolincrr/20260303/rr_links/orbit_confirm/orbit_obs_residuals.fits,True,ok,,,80640,2026-05-15T03:59:31.751667+00:00,1778817571751667530,6a0524c31d79abba1ba71424d79b5244836144fd5e1a60622c4d97be08129b37,,,1,787,787,,"{""dec_deg"": ""dec_deg"", ""linkage_id"": ""linkage_id"", ""mjd"": ""mjd"", ""obs_key"": ""obs_key"", ""ra_deg"": ""ra_deg"", ""resid_arcsec"": ""resid_arcsec"", ""tracklet_id"": ""tracklet_id"", ""used"": ""used""}",[],[]
20260304,known_all,/processed1/20260304/L4/20260304_all_asteroids.fits,False,missing,,,0,,0,,,,1,0,0,,{},[],[]
20260304,known_matched,/processed1/20260304/L4/20260304_matched_asteroids.fits,False,missing,,,0,,0,,,,1,0,0,,{},[],[]
20260304,known_mask15,/processed1/20260304/L4/20260304_matched_asteroids_mask15.fits,False,missing,,,0,,0,,,,1,0,0,,{},[],[]
20260304,unknown_catalog,/processed1/20260304/L4/20260304_unknown_links.fits,False,missing,,,0,,0,,,,1,0,0,,{},[],[]
20260304,orbit_links,/home/admin/pipeline/xiaoyunao/data/heliolincrr/20260304/rr_links/orbit_confirm/orbit_links.fits,False,missing,,,0,,0,,,,1,0,0,,{},[],[]
20260304,orbit_obs_residuals,/home/admin/pipeline/xiaoyunao/data/heliolincrr/20260304/rr_links/orbit_confirm/orbit_obs_residuals.fits,False,missing,,,0,,0,,,,1,0,0,,{},[],[]
20260305,known_all,/processed1/20260305/L4/20260305_all_asteroids.fits,False,missing,,,0,,0,,,,1,0,0,,{},[],[]
20260305,known_matched,/processed1/20260305/L4/20260305_matched_asteroids.fits,False,missing,,,0,,0,,,,1,0,0,,{},[],[]
20260305,known_mask15,/processed1/20260305/L4/20260305_matched_asteroids_mask15.fits,False,missing,,,0,,0,,,,1,0,0,,{},[],[]
20260305,unknown_catalog,/processed1/20260305/L4/20260305_unknown_links.fits,False,missing,,,0,,0,,,,1,0,0,,{},[],[]
20260305,orbit_links,/home/admin/pipeline/xiaoyunao/data/heliolincrr/20260305/rr_links/orbit_confirm/orbit_links.fits,False,missing,,,0,,0,,,,1,0,0,,{},[],[]
20260305,orbit_obs_residuals,/home/admin/pipeline/xiaoyunao/data/heliolincrr/20260305/rr_links/orbit_confirm/orbit_obs_residuals.fits,False,missing,,,0,,0,,,,1,0,0,,{},[],[]
20260306,known_all,/processed1/20260306/L4/20260306_all_asteroids.fits,True,ok_with_missing_optional,,,17081280,2026-06-19T16:24:48.562514+00:00,1781886288562513966,17afe0a85d01ca39ded893871702ba1203fe821bd039d07f668580e7c82c1942,,,1,87107,87107,source_file,"{""asteroid_name"": ""name"", ""asteroid_number"": ""number"", ""epoch_mjd"": ""epoch"", ""pred_dec_deg"": ""dec"", ""pred_geocentric_distance_au"": null, ""pred_heliocentric_distance_au"": null, ""pred_phase_angle_deg"": null, ""pred_ra_deg"": ""ra"", ""pred_solar_elongation_deg"": null, ""pred_v_mag"": ""mag""}",[],"[""pred_heliocentric_distance_au"", ""pred_geocentric_distance_au"", ""pred_solar_elongation_deg"", ""pred_phase_angle_deg""]"
20260306,known_matched,/processed1/20260306/L4/20260306_matched_asteroids.fits,True,ok_with_missing_optional,,,2004480,2026-06-19T16:24:49.238501+00:00,1781886289238501062,930fce5d4d04524829d938479dc44395b8db7d48b408ad366c7c211f6a4c121a,,,1,2553,2553,source_file,"{""asteroid_name"": ""name"", ""asteroid_number"": ""number"", ""epoch_mjd"": ""epoch"", ""flag"": ""Flag"", ""flag_iso_num"": ""Flag_ISO_Num"", ""flux_aper4"": ""Flux_Aper4"", ""fluxerr_aper4"": ""FluxErr_Aper4"", ""fwhm_px"": ""FWHM"", ""mag_aper4"": ""Mag_Aper4"", ""mag_aper8"": ""Mag_Aper8"", ""mag_kron"": ""Mag_Kron"", ""mag_psf"": ""Mag_PSF"", ""magerr_aper4"": ""MagErr_Aper4"", ""magerr_aper8"": ""MagErr_Aper8"", ""magerr_kron"": ""MagErr_Kron"", ""magerr_psf"": ""MagErr_PSF"", ""obj_id"": ""objID"", ""obs_dec_err_deg"": ""DECErr_Win"", ""obs_dec_psf_deg"": ""DEC_PSF"", ""obs_dec_win_deg"": ""DEC_Win"", ""obs_ra_err_deg"": ""RAErr_Win"", ""obs_ra_psf_deg"": ""RA_PSF"", ""obs_ra_win_deg"": ""RA_Win"", ""pred_dec_deg"": ""dec"", ""pred_geocentric_distance_au"": null, ""pred_heliocentric_distance_au"": null, ""pred_phase_angle_deg"": null, ""pred_ra_deg"": ""ra"", ""pred_solar_elongation_deg"": null, ""pred_v_mag"": ""mag"", ""x_win_px"": ""X_Win"", ""y_win_px"": ""Y_Win""}",[],"[""pred_heliocentric_distance_au"", ""pred_geocentric_distance_au"", ""pred_solar_elongation_deg"", ""pred_phase_angle_deg""]"
20260306,known_mask15,/processed1/20260306/L4/20260306_matched_asteroids_mask15.fits,True,ok_with_missing_optional,,,2162880,2026-06-19T16:24:49.899488+00:00,1781886289899488444,712f79bf848f22ca0f1440d5767ff4c5d6a2bf57a28029abd2be9dfbc04d4c5d,,,1,2759,2759,source_file,"{""asteroid_name"": ""name"", ""asteroid_number"": ""number"", ""epoch_mjd"": ""epoch"", ""flag"": ""Flag"", ""flag_iso_num"": ""Flag_ISO_Num"", ""flux_aper4"": ""Flux_Aper4"", ""fluxerr_aper4"": ""FluxErr_Aper4"", ""fwhm_px"": ""FWHM"", ""mag_aper4"": ""Mag_Aper4"", ""mag_aper8"": ""Mag_Aper8"", ""mag_kron"": ""Mag_Kron"", ""mag_psf"": ""Mag_PSF"", ""magerr_aper4"": ""MagErr_Aper4"", ""magerr_aper8"": ""MagErr_Aper8"", ""magerr_kron"": ""MagErr_Kron"", ""magerr_psf"": ""MagErr_PSF"", ""obj_id"": ""objID"", ""obs_dec_err_deg"": ""DECErr_Win"", ""obs_dec_psf_deg"": ""DEC_PSF"", ""obs_dec_win_deg"": ""DEC_Win"", ""obs_ra_err_deg"": ""RAErr_Win"", ""obs_ra_psf_deg"": ""RA_PSF"", ""obs_ra_win_deg"": ""RA_Win"", ""pred_dec_deg"": ""dec"", ""pred_geocentric_distance_au"": null, ""pred_heliocentric_distance_au"": null, ""pred_phase_angle_deg"": null, ""pred_ra_deg"": ""ra"", ""pred_solar_elongation_deg"": null, ""pred_v_mag"": ""mag"", ""x_win_px"": ""X_Win"", ""y_win_px"": ""Y_Win""}",[],"[""pred_heliocentric_distance_au"", ""pred_geocentric_distance_au"", ""pred_solar_elongation_deg"", ""pred_phase_angle_deg""]"
20260306,unknown_catalog,/processed1/20260306/L4/20260306_unknown_links.fits,True,ok,,,14400,2026-06-20T02:57:10.629011+00:00,1781924230629011029,ba93e7f22b9528b6a9637f1579cd02dba03504dbaad54b344572031b45082d0f,,,1,9,9,image_names,"{""a_au"": ""a_au"", ""argp_deg"": ""argp_deg"", ""best_v1_kms"": ""best_v1_kms"", ""decs_deg"": ""decs_deg"", ""ecc"": ""ecc"", ""exp_pairs"": ""exp_pairs"", ""fit_ok"": ""fit_ok"", ""groups"": ""groups"", ""image_names"": ""image_names"", ""inc_deg"": ""inc_deg"", ""is_good"": ""is_good"", ""lin_dir_deg"": ""lin_dir_deg"", ""lin_rms_arcsec"": ""lin_rms_arcsec"", ""lin_speed_arcsec_per_day"": ""lin_speed_arcsec_per_day"", ""linkage_id"": ""linkage_id"", ""max_arcsec"": ""max_arcsec"", ""med_arcsec"": ""med_arcsec"", ""mjds"": ""mjds"", ""n_obs"": ""n_obs"", ""n_tracklets"": ""n_tracklets"", ""nu_deg"": ""nu_deg"", ""objids"": ""objids"", ""raan_deg"": ""raan_deg"", ""ras_deg"": ""ras_deg"", ""rms_arcsec"": ""rms_arcsec"", ""tracklet_ids"": ""tracklet_ids"", ""trk_sub"": ""trk_sub""}",[],[]
20260306,orbit_links,/home/admin/pipeline/xiaoyunao/data/heliolincrr/20260306/rr_links/orbit_confirm/orbit_links.fits,True,ok,,,89280,2026-05-15T04:04:01.324150+00:00,1778817841324150385,0e49fb08d150f57f0a5245017b8990f883020b0686962118aabfddadaa67f585,,,1,235,235,,"{""a_au"": ""a_au"", ""argp_deg"": ""argp_deg"", ""best_rejected_max_v_kms"": ""best_rejected_max_v_kms"", ""best_v1_kms"": ""best_v1_kms"", ""ecc"": ""ecc"", ""fail_counts"": ""fail_counts"", ""fail_reason"": ""fail_reason"", ""final_max_v_kms"": ""final_max_v_kms"", ""fit_ok"": ""fit_ok"", ""hypo_r_au"": ""hypo_r_au"", ""hypo_rdd_au_day2"": ""hypo_rdd_au_day2"", ""hypo_rdot_au_day"": ""hypo_rdot_au_day"", ""inc_deg"": ""inc_deg"", ""inlier_tracklets"": ""inlier_tracklets"", ""is_good"": ""is_good"", ""lin_dir_deg"": ""lin_dir_deg"", ""lin_rms_arcsec"": ""lin_rms_arcsec"", ""lin_speed_arcsec_per_day"": ""lin_speed_arcsec_per_day"", ""linkage_id"": ""linkage_id"", ""max_arcsec"": ""max_arcsec"", ""med_arcsec"": ""med_arcsec"", ""min_rejected_max_v_kms"": ""min_rejected_max_v_kms"", ""n_nights"": ""n_nights"", ""n_obs"": ""n_obs"", ""n_tracklets"": ""n_tracklets"", ""nu_deg"": ""nu_deg"", ""pred_dec_deg"": ""pred_dec_deg"", ""pred_ra_deg"": ""pred_ra_deg"", ""raan_deg"": ""raan_deg"", ""rejected_tracklets"": ""rejected_tracklets"", ""rms_arcsec"": ""rms_arcsec"", ""seed_max_v_kms"": ""seed_max_v_kms"", ""seed_tracklets"": ""seed_tracklets""}",[],[]
20260306,orbit_obs_residuals,/home/admin/pipeline/xiaoyunao/data/heliolincrr/20260306/rr_links/orbit_confirm/orbit_obs_residuals.fits,True,ok,,,74880,2026-05-15T04:04:01.332244+00:00,1778817841332243832,be2d7fd95b1b89243bf5c82f30e5589b8f92464c00726464cc03430727efdd53,,,1,701,701,,"{""dec_deg"": ""dec_deg"", ""linkage_id"": ""linkage_id"", ""mjd"": ""mjd"", ""obs_key"": ""obs_key"", ""ra_deg"": ""ra_deg"", ""resid_arcsec"": ""resid_arcsec"", ""tracklet_id"": ""tracklet_id"", ""used"": ""used""}",[],[]
20260307,known_all,/processed1/20260307/L4/20260307_all_asteroids.fits,False,missing,,,0,,0,,,,1,0,0,,{},[],[]
20260307,known_matched,/processed1/20260307/L4/20260307_matched_asteroids.fits,False,missing,,,0,,0,,,,1,0,0,,{},[],[]
20260307,known_mask15,/processed1/20260307/L4/20260307_matched_asteroids_mask15.fits,False,missing,,,0,,0,,,,1,0,0,,{},[],[]
20260307,unknown_catalog,/processed1/20260307/L4/20260307_unknown_links.fits,False,missing,,,0,,0,,,,1,0,0,,{},[],[]
20260307,orbit_links,/home/admin/pipeline/xiaoyunao/data/heliolincrr/20260307/rr_links/orbit_confirm/orbit_links.fits,False,missing,,,0,,0,,,,1,0,0,,{},[],[]
20260307,orbit_obs_residuals,/home/admin/pipeline/xiaoyunao/data/heliolincrr/20260307/rr_links/orbit_confirm/orbit_obs_residuals.fits,False,missing,,,0,,0,,,,1,0,0,,{},[],[]
20260308,known_all,/processed1/20260308/L4/20260308_all_asteroids.fits,True,ok_with_missing_optional,,,10209600,2026-06-19T16:29:58.363600+00:00,1781886598363600179,3c7c113c2abc3ac0b78653b3b537c7c0ec36d586c0f1263d9b3f81bef8e49a35,,,1,52060,52060,source_file,"{""asteroid_name"": ""name"", ""asteroid_number"": ""number"", ""epoch_mjd"": ""epoch"", ""pred_dec_deg"": ""dec"", ""pred_geocentric_distance_au"": null, ""pred_heliocentric_distance_au"": null, ""pred_phase_angle_deg"": null, ""pred_ra_deg"": ""ra"", ""pred_solar_elongation_deg"": null, ""pred_v_mag"": ""mag""}",[],"[""pred_heliocentric_distance_au"", ""pred_geocentric_distance_au"", ""pred_solar_elongation_deg"", ""pred_phase_angle_deg""]"
20260308,known_matched,/processed1/20260308/L4/20260308_matched_asteroids.fits,True,ok_with_missing_optional,,,1281600,2026-06-19T16:29:58.890590+00:00,1781886598890590119,6c92a3a756e6a267050e216af75432565136c1240d28e3983a65fcf0401ca572,,,1,1619,1619,source_file,"{""asteroid_name"": ""name"", ""asteroid_number"": ""number"", ""epoch_mjd"": ""epoch"", ""flag"": ""Flag"", ""flag_iso_num"": ""Flag_ISO_Num"", ""flux_aper4"": ""Flux_Aper4"", ""fluxerr_aper4"": ""FluxErr_Aper4"", ""fwhm_px"": ""FWHM"", ""mag_aper4"": ""Mag_Aper4"", ""mag_aper8"": ""Mag_Aper8"", ""mag_kron"": ""Mag_Kron"", ""mag_psf"": ""Mag_PSF"", ""magerr_aper4"": ""MagErr_Aper4"", ""magerr_aper8"": ""MagErr_Aper8"", ""magerr_kron"": ""MagErr_Kron"", ""magerr_psf"": ""MagErr_PSF"", ""obj_id"": ""objID"", ""obs_dec_err_deg"": ""DECErr_Win"", ""obs_dec_psf_deg"": ""DEC_PSF"", ""obs_dec_win_deg"": ""DEC_Win"", ""obs_ra_err_deg"": ""RAErr_Win"", ""obs_ra_psf_deg"": ""RA_PSF"", ""obs_ra_win_deg"": ""RA_Win"", ""pred_dec_deg"": ""dec"", ""pred_geocentric_distance_au"": null, ""pred_heliocentric_distance_au"": null, ""pred_phase_angle_deg"": null, ""pred_ra_deg"": ""ra"", ""pred_solar_elongation_deg"": null, ""pred_v_mag"": ""mag"", ""x_win_px"": ""X_Win"", ""y_win_px"": ""Y_Win""}",[],"[""pred_heliocentric_distance_au"", ""pred_geocentric_distance_au"", ""pred_solar_elongation_deg"", ""pred_phase_angle_deg""]"
20260308,known_mask15,/processed1/20260308/L4/20260308_matched_asteroids_mask15.fits,True,ok_with_missing_optional,,,1368000,2026-06-19T16:29:59.411580+00:00,1781886599411580174,fc360f75b5c967aaa2620db0963042fc6b43e4ff8227d031cc2e4dab00ad2b83,,,1,1732,1732,source_file,"{""asteroid_name"": ""name"", ""asteroid_number"": ""number"", ""epoch_mjd"": ""epoch"", ""flag"": ""Flag"", ""flag_iso_num"": ""Flag_ISO_Num"", ""flux_aper4"": ""Flux_Aper4"", ""fluxerr_aper4"": ""FluxErr_Aper4"", ""fwhm_px"": ""FWHM"", ""mag_aper4"": ""Mag_Aper4"", ""mag_aper8"": ""Mag_Aper8"", ""mag_kron"": ""Mag_Kron"", ""mag_psf"": ""Mag_PSF"", ""magerr_aper4"": ""MagErr_Aper4"", ""magerr_aper8"": ""MagErr_Aper8"", ""magerr_kron"": ""MagErr_Kron"", ""magerr_psf"": ""MagErr_PSF"", ""obj_id"": ""objID"", ""obs_dec_err_deg"": ""DECErr_Win"", ""obs_dec_psf_deg"": ""DEC_PSF"", ""obs_dec_win_deg"": ""DEC_Win"", ""obs_ra_err_deg"": ""RAErr_Win"", ""obs_ra_psf_deg"": ""RA_PSF"", ""obs_ra_win_deg"": ""RA_Win"", ""pred_dec_deg"": ""dec"", ""pred_geocentric_distance_au"": null, ""pred_heliocentric_distance_au"": null, ""pred_phase_angle_deg"": null, ""pred_ra_deg"": ""ra"", ""pred_solar_elongation_deg"": null, ""pred_v_mag"": ""mag"", ""x_win_px"": ""X_Win"", ""y_win_px"": ""Y_Win""}",[],"[""pred_heliocentric_distance_au"", ""pred_geocentric_distance_au"", ""pred_solar_elongation_deg"", ""pred_phase_angle_deg""]"
20260308,unknown_catalog,/processed1/20260308/L4/20260308_unknown_links.fits,True,ok,,,17280,2026-06-20T02:57:45.781335+00:00,1781924265781334993,cc6f9a0959386d6c5ed085502d05ed4a931bdd1341132ab81d905d0696f6e177,,,1,15,15,image_names,"{""a_au"": ""a_au"", ""argp_deg"": ""argp_deg"", ""best_v1_kms"": ""best_v1_kms"", ""decs_deg"": ""decs_deg"", ""ecc"": ""ecc"", ""exp_pairs"": ""exp_pairs"", ""fit_ok"": ""fit_ok"", ""groups"": ""groups"", ""image_names"": ""image_names"", ""inc_deg"": ""inc_deg"", ""is_good"": ""is_good"", ""lin_dir_deg"": ""lin_dir_deg"", ""lin_rms_arcsec"": ""lin_rms_arcsec"", ""lin_speed_arcsec_per_day"": ""lin_speed_arcsec_per_day"", ""linkage_id"": ""linkage_id"", ""max_arcsec"": ""max_arcsec"", ""med_arcsec"": ""med_arcsec"", ""mjds"": ""mjds"", ""n_obs"": ""n_obs"", ""n_tracklets"": ""n_tracklets"", ""nu_deg"": ""nu_deg"", ""objids"": ""objids"", ""raan_deg"": ""raan_deg"", ""ras_deg"": ""ras_deg"", ""rms_arcsec"": ""rms_arcsec"", ""tracklet_ids"": ""tracklet_ids"", ""trk_sub"": ""trk_sub""}",[],[]
20260308,orbit_links,/home/admin/pipeline/xiaoyunao/data/heliolincrr/20260308/rr_links/orbit_confirm/orbit_links.fits,True,ok,,,86400,2026-05-15T04:08:15.747243+00:00,1778818095747242630,df7b7623594e284d61cdcd80710c450adbdab974af47b8841fe4cd6b7ae0802a,,,1,242,242,,"{""a_au"": ""a_au"", ""argp_deg"": ""argp_deg"", ""best_rejected_max_v_kms"": ""best_rejected_max_v_kms"", ""best_v1_kms"": ""best_v1_kms"", ""ecc"": ""ecc"", ""fail_counts"": ""fail_counts"", ""fail_reason"": ""fail_reason"", ""final_max_v_kms"": ""final_max_v_kms"", ""fit_ok"": ""fit_ok"", ""hypo_r_au"": ""hypo_r_au"", ""hypo_rdd_au_day2"": ""hypo_rdd_au_day2"", ""hypo_rdot_au_day"": ""hypo_rdot_au_day"", ""inc_deg"": ""inc_deg"", ""inlier_tracklets"": ""inlier_tracklets"", ""is_good"": ""is_good"", ""lin_dir_deg"": ""lin_dir_deg"", ""lin_rms_arcsec"": ""lin_rms_arcsec"", ""lin_speed_arcsec_per_day"": ""lin_speed_arcsec_per_day"", ""linkage_id"": ""linkage_id"", ""max_arcsec"": ""max_arcsec"", ""med_arcsec"": ""med_arcsec"", ""min_rejected_max_v_kms"": ""min_rejected_max_v_kms"", ""n_nights"": ""n_nights"", ""n_obs"": ""n_obs"", ""n_tracklets"": ""n_tracklets"", ""nu_deg"": ""nu_deg"", ""pred_dec_deg"": ""pred_dec_deg"", ""pred_ra_deg"": ""pred_ra_deg"", ""raan_deg"": ""raan_deg"", ""rejected_tracklets"": ""rejected_tracklets"", ""rms_arcsec"": ""rms_arcsec"", ""seed_max_v_kms"": ""seed_max_v_kms"", ""seed_tracklets"": ""seed_tracklets""}",[],[]
20260308,orbit_obs_residuals,/home/admin/pipeline/xiaoyunao/data/heliolincrr/20260308/rr_links/orbit_confirm/orbit_obs_residuals.fits,True,ok,,,77760,2026-05-15T04:08:15.755175+00:00,1778818095755174644,fa2e969f4adf764b1cac833249476f82630def543b4f28a22a36c9c96ec51bdc,,,1,730,730,,"{""dec_deg"": ""dec_deg"", ""linkage_id"": ""linkage_id"", ""mjd"": ""mjd"", ""obs_key"": ""obs_key"", ""ra_deg"": ""ra_deg"", ""resid_arcsec"": ""resid_arcsec"", ""tracklet_id"": ""tracklet_id"", ""used"": ""used""}",[],[]
20260309,known_all,/processed1/20260309/L4/20260309_all_asteroids.fits,True,ok_with_missing_optional,,,12119040,2026-06-19T16:33:27.788602+00:00,1781886807788602469,714350b9ad022c048305bf4abf26c416eaed99de55364ef6cc623c9da3cfab20,,,1,61796,61796,source_file,"{""asteroid_name"": ""name"", ""asteroid_number"": ""number"", ""epoch_mjd"": ""epoch"", ""pred_dec_deg"": ""dec"", ""pred_geocentric_distance_au"": null, ""pred_heliocentric_distance_au"": null, ""pred_phase_angle_deg"": null, ""pred_ra_deg"": ""ra"", ""pred_solar_elongation_deg"": null, ""pred_v_mag"": ""mag""}",[],"[""pred_heliocentric_distance_au"", ""pred_geocentric_distance_au"", ""pred_solar_elongation_deg"", ""pred_phase_angle_deg""]"
20260309,known_matched,/processed1/20260309/L4/20260309_matched_asteroids.fits,True,ok_with_missing_optional,,,869760,2026-06-19T16:33:28.216594+00:00,1781886808216594299,a53229854ad5074668eb835aca7b97918df6ec555921e35b90fde84224bad3e0,,,1,1087,1087,source_file,"{""asteroid_name"": ""name"", ""asteroid_number"": ""number"", ""epoch_mjd"": ""epoch"", ""flag"": ""Flag"", ""flag_iso_num"": ""Flag_ISO_Num"", ""flux_aper4"": ""Flux_Aper4"", ""fluxerr_aper4"": ""FluxErr_Aper4"", ""fwhm_px"": ""FWHM"", ""mag_aper4"": ""Mag_Aper4"", ""mag_aper8"": ""Mag_Aper8"", ""mag_kron"": ""Mag_Kron"", ""mag_psf"": ""Mag_PSF"", ""magerr_aper4"": ""MagErr_Aper4"", ""magerr_aper8"": ""MagErr_Aper8"", ""magerr_kron"": ""MagErr_Kron"", ""magerr_psf"": ""MagErr_PSF"", ""obj_id"": ""objID"", ""obs_dec_err_deg"": ""DECErr_Win"", ""obs_dec_psf_deg"": ""DEC_PSF"", ""obs_dec_win_deg"": ""DEC_Win"", ""obs_ra_err_deg"": ""RAErr_Win"", ""obs_ra_psf_deg"": ""RA_PSF"", ""obs_ra_win_deg"": ""RA_Win"", ""pred_dec_deg"": ""dec"", ""pred_geocentric_distance_au"": null, ""pred_heliocentric_distance_au"": null, ""pred_phase_angle_deg"": null, ""pred_ra_deg"": ""ra"", ""pred_solar_elongation_deg"": null, ""pred_v_mag"": ""mag"", ""x_win_px"": ""X_Win"", ""y_win_px"": ""Y_Win""}",[],"[""pred_heliocentric_distance_au"", ""pred_geocentric_distance_au"", ""pred_solar_elongation_deg"", ""pred_phase_angle_deg""]"
20260309,known_mask15,/processed1/20260309/L4/20260309_matched_asteroids_mask15.fits,True,ok_with_missing_optional,,,907200,2026-06-19T16:33:28.625587+00:00,1781886808625586492,49667f67e54e47b8c90874fb12eabf96335090de7dc560107aa7dd2ab9467d99,,,1,1136,1136,source_file,"{""asteroid_name"": ""name"", ""asteroid_number"": ""number"", ""epoch_mjd"": ""epoch"", ""flag"": ""Flag"", ""flag_iso_num"": ""Flag_ISO_Num"", ""flux_aper4"": ""Flux_Aper4"", ""fluxerr_aper4"": ""FluxErr_Aper4"", ""fwhm_px"": ""FWHM"", ""mag_aper4"": ""Mag_Aper4"", ""mag_aper8"": ""Mag_Aper8"", ""mag_kron"": ""Mag_Kron"", ""mag_psf"": ""Mag_PSF"", ""magerr_aper4"": ""MagErr_Aper4"", ""magerr_aper8"": ""MagErr_Aper8"", ""magerr_kron"": ""MagErr_Kron"", ""magerr_psf"": ""MagErr_PSF"", ""obj_id"": ""objID"", ""obs_dec_err_deg"": ""DECErr_Win"", ""obs_dec_psf_deg"": ""DEC_PSF"", ""obs_dec_win_deg"": ""DEC_Win"", ""obs_ra_err_deg"": ""RAErr_Win"", ""obs_ra_psf_deg"": ""RA_PSF"", ""obs_ra_win_deg"": ""RA_Win"", ""pred_dec_deg"": ""dec"", ""pred_geocentric_distance_au"": null, ""pred_heliocentric_distance_au"": null, ""pred_phase_angle_deg"": null, ""pred_ra_deg"": ""ra"", ""pred_solar_elongation_deg"": null, ""pred_v_mag"": ""mag"", ""x_win_px"": ""X_Win"", ""y_win_px"": ""Y_Win""}",[],"[""pred_heliocentric_distance_au"", ""pred_geocentric_distance_au"", ""pred_solar_elongation_deg"", ""pred_phase_angle_deg""]"
20260309,unknown_catalog,/processed1/20260309/L4/20260309_unknown_links.fits,True,ok,,,14400,2026-06-20T02:58:37.498340+00:00,1781924317498340391,971155b2fdd7ef7dce3993d7b194ab08d051adc354e4748d76dcaf8b40cd71f8,,,1,8,8,image_names,"{""a_au"": ""a_au"", ""argp_deg"": ""argp_deg"", ""best_v1_kms"": ""best_v1_kms"", ""decs_deg"": ""decs_deg"", ""ecc"": ""ecc"", ""exp_pairs"": ""exp_pairs"", ""fit_ok"": ""fit_ok"", ""groups"": ""groups"", ""image_names"": ""image_names"", ""inc_deg"": ""inc_deg"", ""is_good"": ""is_good"", ""lin_dir_deg"": ""lin_dir_deg"", ""lin_rms_arcsec"": ""lin_rms_arcsec"", ""lin_speed_arcsec_per_day"": ""lin_speed_arcsec_per_day"", ""linkage_id"": ""linkage_id"", ""max_arcsec"": ""max_arcsec"", ""med_arcsec"": ""med_arcsec"", ""mjds"": ""mjds"", ""n_obs"": ""n_obs"", ""n_tracklets"": ""n_tracklets"", ""nu_deg"": ""nu_deg"", ""objids"": ""objids"", ""raan_deg"": ""raan_deg"", ""ras_deg"": ""ras_deg"", ""rms_arcsec"": ""rms_arcsec"", ""tracklet_ids"": ""tracklet_ids"", ""trk_sub"": ""trk_sub""}",[],[]
20260309,orbit_links,/home/admin/pipeline/xiaoyunao/data/heliolincrr/20260309/rr_links/orbit_confirm/orbit_links.fits,True,ok,,,89280,2026-05-15T04:13:16.693930+00:00,1778818396693929793,4ebf8876d3a6ba4024dc9d7b27fbf2ac715222aa7a951fcaa0ff5916d063cb0d,,,1,216,216,,"{""a_au"": ""a_au"", ""argp_deg"": ""argp_deg"", ""best_rejected_max_v_kms"": ""best_rejected_max_v_kms"", ""best_v1_kms"": ""best_v1_kms"", ""ecc"": ""ecc"", ""fail_counts"": ""fail_counts"", ""fail_reason"": ""fail_reason"", ""final_max_v_kms"": ""final_max_v_kms"", ""fit_ok"": ""fit_ok"", ""hypo_r_au"": ""hypo_r_au"", ""hypo_rdd_au_day2"": ""hypo_rdd_au_day2"", ""hypo_rdot_au_day"": ""hypo_rdot_au_day"", ""inc_deg"": ""inc_deg"", ""inlier_tracklets"": ""inlier_tracklets"", ""is_good"": ""is_good"", ""lin_dir_deg"": ""lin_dir_deg"", ""lin_rms_arcsec"": ""lin_rms_arcsec"", ""lin_speed_arcsec_per_day"": ""lin_speed_arcsec_per_day"", ""linkage_id"": ""linkage_id"", ""max_arcsec"": ""max_arcsec"", ""med_arcsec"": ""med_arcsec"", ""min_rejected_max_v_kms"": ""min_rejected_max_v_kms"", ""n_nights"": ""n_nights"", ""n_obs"": ""n_obs"", ""n_tracklets"": ""n_tracklets"", ""nu_deg"": ""nu_deg"", ""pred_dec_deg"": ""pred_dec_deg"", ""pred_ra_deg"": ""pred_ra_deg"", ""raan_deg"": ""raan_deg"", ""rejected_tracklets"": ""rejected_tracklets"", ""rms_arcsec"": ""rms_arcsec"", ""seed_max_v_kms"": ""seed_max_v_kms"", ""seed_tracklets"": ""seed_tracklets""}",[],[]
20260309,orbit_obs_residuals,/home/admin/pipeline/xiaoyunao/data/heliolincrr/20260309/rr_links/orbit_confirm/orbit_obs_residuals.fits,True,ok,,,77760,2026-05-15T04:13:16.701778+00:00,1778818396701777588,cf03b7f112058e456c6304859fd89693ab534131a5cd8808b5d33fe29f35ea16,,,1,751,751,,"{""dec_deg"": ""dec_deg"", ""linkage_id"": ""linkage_id"", ""mjd"": ""mjd"", ""obs_key"": ""obs_key"", ""ra_deg"": ""ra_deg"", ""resid_arcsec"": ""resid_arcsec"", ""tracklet_id"": ""tracklet_id"", ""used"": ""used""}",[],[]
20260310,known_all,/processed1/20260310/L4/20260310_all_asteroids.fits,True,ok_with_missing_optional,,,27002880,2026-06-19T16:42:05.315722+00:00,1781887325315721821,9d5ae4dc40636d7f7f908da3630e8132ec4b55a1387cdbbd2e6bcb871858b4b3,,,1,137732,137732,source_file,"{""asteroid_name"": ""name"", ""asteroid_number"": ""number"", ""epoch_mjd"": ""epoch"", ""pred_dec_deg"": ""dec"", ""pred_geocentric_distance_au"": null, ""pred_heliocentric_distance_au"": null, ""pred_phase_angle_deg"": null, ""pred_ra_deg"": ""ra"", ""pred_solar_elongation_deg"": null, ""pred_v_mag"": ""mag""}",[],"[""pred_heliocentric_distance_au"", ""pred_geocentric_distance_au"", ""pred_solar_elongation_deg"", ""pred_phase_angle_deg""]"
20260310,known_matched,/processed1/20260310/L4/20260310_matched_asteroids.fits,True,ok_with_missing_optional,,,5284800,2026-06-19T16:42:06.335702+00:00,1781887326335702336,2d58069ef899f0bbfabad2c5089f621f3d1812c8d2562f0f6805f00cc5b11a86,,,1,6791,6791,source_file,"{""asteroid_name"": ""name"", ""asteroid_number"": ""number"", ""epoch_mjd"": ""epoch"", ""flag"": ""Flag"", ""flag_iso_num"": ""Flag_ISO_Num"", ""flux_aper4"": ""Flux_Aper4"", ""fluxerr_aper4"": ""FluxErr_Aper4"", ""fwhm_px"": ""FWHM"", ""mag_aper4"": ""Mag_Aper4"", ""mag_aper8"": ""Mag_Aper8"", ""mag_kron"": ""Mag_Kron"", ""mag_psf"": ""Mag_PSF"", ""magerr_aper4"": ""MagErr_Aper4"", ""magerr_aper8"": ""MagErr_Aper8"", ""magerr_kron"": ""MagErr_Kron"", ""magerr_psf"": ""MagErr_PSF"", ""obj_id"": ""objID"", ""obs_dec_err_deg"": ""DECErr_Win"", ""obs_dec_psf_deg"": ""DEC_PSF"", ""obs_dec_win_deg"": ""DEC_Win"", ""obs_ra_err_deg"": ""RAErr_Win"", ""obs_ra_psf_deg"": ""RA_PSF"", ""obs_ra_win_deg"": ""RA_Win"", ""pred_dec_deg"": ""dec"", ""pred_geocentric_distance_au"": null, ""pred_heliocentric_distance_au"": null, ""pred_phase_angle_deg"": null, ""pred_ra_deg"": ""ra"", ""pred_solar_elongation_deg"": null, ""pred_v_mag"": ""mag"", ""x_win_px"": ""X_Win"", ""y_win_px"": ""Y_Win""}",[],"[""pred_heliocentric_distance_au"", ""pred_geocentric_distance_au"", ""pred_solar_elongation_deg"", ""pred_phase_angle_deg""]"
20260310,known_mask15,/processed1/20260310/L4/20260310_matched_asteroids_mask15.fits,True,ok_with_missing_optional,,,5417280,2026-06-19T16:42:07.323684+00:00,1781887327323683463,275341b68986459963599b43a02faa226f5d162bb6aa896d0c1b3877650b9c51,,,1,6965,6965,source_file,"{""asteroid_name"": ""name"", ""asteroid_number"": ""number"", ""epoch_mjd"": ""epoch"", ""flag"": ""Flag"", ""flag_iso_num"": ""Flag_ISO_Num"", ""flux_aper4"": ""Flux_Aper4"", ""fluxerr_aper4"": ""FluxErr_Aper4"", ""fwhm_px"": ""FWHM"", ""mag_aper4"": ""Mag_Aper4"", ""mag_aper8"": ""Mag_Aper8"", ""mag_kron"": ""Mag_Kron"", ""mag_psf"": ""Mag_PSF"", ""magerr_aper4"": ""MagErr_Aper4"", ""magerr_aper8"": ""MagErr_Aper8"", ""magerr_kron"": ""MagErr_Kron"", ""magerr_psf"": ""MagErr_PSF"", ""obj_id"": ""objID"", ""obs_dec_err_deg"": ""DECErr_Win"", ""obs_dec_psf_deg"": ""DEC_PSF"", ""obs_dec_win_deg"": ""DEC_Win"", ""obs_ra_err_deg"": ""RAErr_Win"", ""obs_ra_psf_deg"": ""RA_PSF"", ""obs_ra_win_deg"": ""RA_Win"", ""pred_dec_deg"": ""dec"", ""pred_geocentric_distance_au"": null, ""pred_heliocentric_distance_au"": null, ""pred_phase_angle_deg"": null, ""pred_ra_deg"": ""ra"", ""pred_solar_elongation_deg"": null, ""pred_v_mag"": ""mag"", ""x_win_px"": ""X_Win"", ""y_win_px"": ""Y_Win""}",[],"[""pred_heliocentric_distance_au"", ""pred_geocentric_distance_au"", ""pred_solar_elongation_deg"", ""pred_phase_angle_deg""]"
20260310,unknown_catalog,/processed1/20260310/L4/20260310_unknown_links.fits,True,ok,,,46080,2026-06-20T02:59:16.204596+00:00,1781924356204596008,c5d272a48691a462b4d8ef4b21358d69dcffd4a3dc0dbbe14fc3aa9c6dd42187,,,1,87,87,image_names,"{""a_au"": ""a_au"", ""argp_deg"": ""argp_deg"", ""best_v1_kms"": ""best_v1_kms"", ""decs_deg"": ""decs_deg"", ""ecc"": ""ecc"", ""exp_pairs"": ""exp_pairs"", ""fit_ok"": ""fit_ok"", ""groups"": ""groups"", ""image_names"": ""image_names"", ""inc_deg"": ""inc_deg"", ""is_good"": ""is_good"", ""lin_dir_deg"": ""lin_dir_deg"", ""lin_rms_arcsec"": ""lin_rms_arcsec"", ""lin_speed_arcsec_per_day"": ""lin_speed_arcsec_per_day"", ""linkage_id"": ""linkage_id"", ""max_arcsec"": ""max_arcsec"", ""med_arcsec"": ""med_arcsec"", ""mjds"": ""mjds"", ""n_obs"": ""n_obs"", ""n_tracklets"": ""n_tracklets"", ""nu_deg"": ""nu_deg"", ""objids"": ""objids"", ""raan_deg"": ""raan_deg"", ""ras_deg"": ""ras_deg"", ""rms_arcsec"": ""rms_arcsec"", ""tracklet_ids"": ""tracklet_ids"", ""trk_sub"": ""trk_sub""}",[],[]
20260310,orbit_links,/home/admin/pipeline/xiaoyunao/data/heliolincrr/20260310/rr_links/orbit_confirm/orbit_links.fits,True,ok,,,483840,2026-05-15T04:17:23.465961+00:00,1778818643465961396,123bc4cd8b5f8bb21d6fff92f0ecfbf342670bc2003ed6f749adcde1571599a9,,,1,1360,1360,,"{""a_au"": ""a_au"", ""argp_deg"": ""argp_deg"", ""best_rejected_max_v_kms"": ""best_rejected_max_v_kms"", ""best_v1_kms"": ""best_v1_kms"", ""ecc"": ""ecc"", ""fail_counts"": ""fail_counts"", ""fail_reason"": ""fail_reason"", ""final_max_v_kms"": ""final_max_v_kms"", ""fit_ok"": ""fit_ok"", ""hypo_r_au"": ""hypo_r_au"", ""hypo_rdd_au_day2"": ""hypo_rdd_au_day2"", ""hypo_rdot_au_day"": ""hypo_rdot_au_day"", ""inc_deg"": ""inc_deg"", ""inlier_tracklets"": ""inlier_tracklets"", ""is_good"": ""is_good"", ""lin_dir_deg"": ""lin_dir_deg"", ""lin_rms_arcsec"": ""lin_rms_arcsec"", ""lin_speed_arcsec_per_day"": ""lin_speed_arcsec_per_day"", ""linkage_id"": ""linkage_id"", ""max_arcsec"": ""max_arcsec"", ""med_arcsec"": ""med_arcsec"", ""min_rejected_max_v_kms"": ""min_rejected_max_v_kms"", ""n_nights"": ""n_nights"", ""n_obs"": ""n_obs"", ""n_tracklets"": ""n_tracklets"", ""nu_deg"": ""nu_deg"", ""pred_dec_deg"": ""pred_dec_deg"", ""pred_ra_deg"": ""pred_ra_deg"", ""raan_deg"": ""raan_deg"", ""rejected_tracklets"": ""rejected_tracklets"", ""rms_arcsec"": ""rms_arcsec"", ""seed_max_v_kms"": ""seed_max_v_kms"", ""seed_tracklets"": ""seed_tracklets""}",[],[]
20260310,orbit_obs_residuals,/home/admin/pipeline/xiaoyunao/data/heliolincrr/20260310/rr_links/orbit_confirm/orbit_obs_residuals.fits,True,ok,,,400320,2026-05-15T04:17:23.479787+00:00,1778818643479786664,5282cefec9fa40d5f7c2b63f3d1162a542a45c6cb9d2f5d82ea6b8d224ed2e80,,,1,4138,4138,,"{""dec_deg"": ""dec_deg"", ""linkage_id"": ""linkage_id"", ""mjd"": ""mjd"", ""obs_key"": ""obs_key"", ""ra_deg"": ""ra_deg"", ""resid_arcsec"": ""resid_arcsec"", ""tracklet_id"": ""tracklet_id"", ""used"": ""used""}",[],[]
20260311,known_all,/processed1/20260311/L4/20260311_all_asteroids.fits,True,ok_with_missing_optional,,,25168320,2026-06-19T16:49:42.881981+00:00,1781887782881980917,412cd1b83bd885559a92d8a636fccf239d114c423672372045e71b733fc63422,,,1,128380,128380,source_file,"{""asteroid_name"": ""name"", ""asteroid_number"": ""number"", ""epoch_mjd"": ""epoch"", ""pred_dec_deg"": ""dec"", ""pred_geocentric_distance_au"": null, ""pred_heliocentric_distance_au"": null, ""pred_phase_angle_deg"": null, ""pred_ra_deg"": ""ra"", ""pred_solar_elongation_deg"": null, ""pred_v_mag"": ""mag""}",[],"[""pred_heliocentric_distance_au"", ""pred_geocentric_distance_au"", ""pred_solar_elongation_deg"", ""pred_phase_angle_deg""]"
20260311,known_matched,/processed1/20260311/L4/20260311_matched_asteroids.fits,True,ok_with_missing_optional,,,5423040,2026-06-19T16:49:43.807963+00:00,1781887783807963228,b8c9686abbb95e85651d9f259098e97c019068b9b88c81fb0c50892236780091,,,1,6973,6973,source_file,"{""asteroid_name"": ""name"", ""asteroid_number"": ""number"", ""epoch_mjd"": ""epoch"", ""flag"": ""Flag"", ""flag_iso_num"": ""Flag_ISO_Num"", ""flux_aper4"": ""Flux_Aper4"", ""fluxerr_aper4"": ""FluxErr_Aper4"", ""fwhm_px"": ""FWHM"", ""mag_aper4"": ""Mag_Aper4"", ""mag_aper8"": ""Mag_Aper8"", ""mag_kron"": ""Mag_Kron"", ""mag_psf"": ""Mag_PSF"", ""magerr_aper4"": ""MagErr_Aper4"", ""magerr_aper8"": ""MagErr_Aper8"", ""magerr_kron"": ""MagErr_Kron"", ""magerr_psf"": ""MagErr_PSF"", ""obj_id"": ""objID"", ""obs_dec_err_deg"": ""DECErr_Win"", ""obs_dec_psf_deg"": ""DEC_PSF"", ""obs_dec_win_deg"": ""DEC_Win"", ""obs_ra_err_deg"": ""RAErr_Win"", ""obs_ra_psf_deg"": ""RA_PSF"", ""obs_ra_win_deg"": ""RA_Win"", ""pred_dec_deg"": ""dec"", ""pred_geocentric_distance_au"": null, ""pred_heliocentric_distance_au"": null, ""pred_phase_angle_deg"": null, ""pred_ra_deg"": ""ra"", ""pred_solar_elongation_deg"": null, ""pred_v_mag"": ""mag"", ""x_win_px"": ""X_Win"", ""y_win_px"": ""Y_Win""}",[],"[""pred_heliocentric_distance_au"", ""pred_geocentric_distance_au"", ""pred_solar_elongation_deg"", ""pred_phase_angle_deg""]"
20260311,known_mask15,/processed1/20260311/L4/20260311_matched_asteroids_mask15.fits,True,ok_with_missing_optional,,,5538240,2026-06-19T16:49:44.712946+00:00,1781887784712945940,24b9d8e37ad2b9efa51320b56e96574dd9dc66ca5b93f51da320bec672b4358a,,,1,7119,7119,source_file,"{""asteroid_name"": ""name"", ""asteroid_number"": ""number"", ""epoch_mjd"": ""epoch"", ""flag"": ""Flag"", ""flag_iso_num"": ""Flag_ISO_Num"", ""flux_aper4"": ""Flux_Aper4"", ""fluxerr_aper4"": ""FluxErr_Aper4"", ""fwhm_px"": ""FWHM"", ""mag_aper4"": ""Mag_Aper4"", ""mag_aper8"": ""Mag_Aper8"", ""mag_kron"": ""Mag_Kron"", ""mag_psf"": ""Mag_PSF"", ""magerr_aper4"": ""MagErr_Aper4"", ""magerr_aper8"": ""MagErr_Aper8"", ""magerr_kron"": ""MagErr_Kron"", ""magerr_psf"": ""MagErr_PSF"", ""obj_id"": ""objID"", ""obs_dec_err_deg"": ""DECErr_Win"", ""obs_dec_psf_deg"": ""DEC_PSF"", ""obs_dec_win_deg"": ""DEC_Win"", ""obs_ra_err_deg"": ""RAErr_Win"", ""obs_ra_psf_deg"": ""RA_PSF"", ""obs_ra_win_deg"": ""RA_Win"", ""pred_dec_deg"": ""dec"", ""pred_geocentric_distance_au"": null, ""pred_heliocentric_distance_au"": null, ""pred_phase_angle_deg"": null, ""pred_ra_deg"": ""ra"", ""pred_solar_elongation_deg"": null, ""pred_v_mag"": ""mag"", ""x_win_px"": ""X_Win"", ""y_win_px"": ""Y_Win""}",[],"[""pred_heliocentric_distance_au"", ""pred_geocentric_distance_au"", ""pred_solar_elongation_deg"", ""pred_phase_angle_deg""]"
20260311,unknown_catalog,/processed1/20260311/L4/20260311_unknown_links.fits,True,ok,,,37440,2026-06-20T03:01:21.461191+00:00,1781924481461191267,66c32c95b8804df9488ef0aab6a5fbb244ace0b48972cc90f82481be147f5efa,,,1,69,69,image_names,"{""a_au"": ""a_au"", ""argp_deg"": ""argp_deg"", ""best_v1_kms"": ""best_v1_kms"", ""decs_deg"": ""decs_deg"", ""ecc"": ""ecc"", ""exp_pairs"": ""exp_pairs"", ""fit_ok"": ""fit_ok"", ""groups"": ""groups"", ""image_names"": ""image_names"", ""inc_deg"": ""inc_deg"", ""is_good"": ""is_good"", ""lin_dir_deg"": ""lin_dir_deg"", ""lin_rms_arcsec"": ""lin_rms_arcsec"", ""lin_speed_arcsec_per_day"": ""lin_speed_arcsec_per_day"", ""linkage_id"": ""linkage_id"", ""max_arcsec"": ""max_arcsec"", ""med_arcsec"": ""med_arcsec"", ""mjds"": ""mjds"", ""n_obs"": ""n_obs"", ""n_tracklets"": ""n_tracklets"", ""nu_deg"": ""nu_deg"", ""objids"": ""objids"", ""raan_deg"": ""raan_deg"", ""ras_deg"": ""ras_deg"", ""rms_arcsec"": ""rms_arcsec"", ""tracklet_ids"": ""tracklet_ids"", ""trk_sub"": ""trk_sub""}",[],[]
20260311,orbit_links,/home/admin/pipeline/xiaoyunao/data/heliolincrr/20260311/rr_links/orbit_confirm/orbit_links.fits,True,ok,,,429120,2026-05-15T04:40:09.338201+00:00,1778820009338200761,33fd6301c0eb6ff96196587b34268be38bdecf87abe3ec2fc682ea81cdae3fd4,,,1,1367,1367,,"{""a_au"": ""a_au"", ""argp_deg"": ""argp_deg"", ""best_rejected_max_v_kms"": ""best_rejected_max_v_kms"", ""best_v1_kms"": ""best_v1_kms"", ""ecc"": ""ecc"", ""fail_counts"": ""fail_counts"", ""fail_reason"": ""fail_reason"", ""final_max_v_kms"": ""final_max_v_kms"", ""fit_ok"": ""fit_ok"", ""hypo_r_au"": ""hypo_r_au"", ""hypo_rdd_au_day2"": ""hypo_rdd_au_day2"", ""hypo_rdot_au_day"": ""hypo_rdot_au_day"", ""inc_deg"": ""inc_deg"", ""inlier_tracklets"": ""inlier_tracklets"", ""is_good"": ""is_good"", ""lin_dir_deg"": ""lin_dir_deg"", ""lin_rms_arcsec"": ""lin_rms_arcsec"", ""lin_speed_arcsec_per_day"": ""lin_speed_arcsec_per_day"", ""linkage_id"": ""linkage_id"", ""max_arcsec"": ""max_arcsec"", ""med_arcsec"": ""med_arcsec"", ""min_rejected_max_v_kms"": ""min_rejected_max_v_kms"", ""n_nights"": ""n_nights"", ""n_obs"": ""n_obs"", ""n_tracklets"": ""n_tracklets"", ""nu_deg"": ""nu_deg"", ""pred_dec_deg"": ""pred_dec_deg"", ""pred_ra_deg"": ""pred_ra_deg"", ""raan_deg"": ""raan_deg"", ""rejected_tracklets"": ""rejected_tracklets"", ""rms_arcsec"": ""rms_arcsec"", ""seed_max_v_kms"": ""seed_max_v_kms"", ""seed_tracklets"": ""seed_tracklets""}",[],[]
20260311,orbit_obs_residuals,/home/admin/pipeline/xiaoyunao/data/heliolincrr/20260311/rr_links/orbit_confirm/orbit_obs_residuals.fits,True,ok,,,397440,2026-05-15T04:40:09.351700+00:00,1778820009351699528,366428a4d082f9a497e017dff50c0ff396dbc8f1cc7c5c04871a175f0a99d554,,,1,4118,4118,,"{""dec_deg"": ""dec_deg"", ""linkage_id"": ""linkage_id"", ""mjd"": ""mjd"", ""obs_key"": ""obs_key"", ""ra_deg"": ""ra_deg"", ""resid_arcsec"": ""resid_arcsec"", ""tracklet_id"": ""tracklet_id"", ""used"": ""used""}",[],[]
20260312,known_all,/processed1/20260312/L4/20260312_all_asteroids.fits,False,missing,,,0,,0,,,,1,0,0,,{},[],[]
20260312,known_matched,/processed1/20260312/L4/20260312_matched_asteroids.fits,False,missing,,,0,,0,,,,1,0,0,,{},[],[]
20260312,known_mask15,/processed1/20260312/L4/20260312_matched_asteroids_mask15.fits,False,missing,,,0,,0,,,,1,0,0,,{},[],[]
20260312,unknown_catalog,/processed1/20260312/L4/20260312_unknown_links.fits,False,missing,,,0,,0,,,,1,0,0,,{},[],[]
20260312,orbit_links,/home/admin/pipeline/xiaoyunao/data/heliolincrr/20260312/rr_links/orbit_confirm/orbit_links.fits,False,missing,,,0,,0,,,,1,0,0,,{},[],[]
20260312,orbit_obs_residuals,/home/admin/pipeline/xiaoyunao/data/heliolincrr/20260312/rr_links/orbit_confirm/orbit_obs_residuals.fits,False,missing,,,0,,0,,,,1,0,0,,{},[],[]
20260313,known_all,/processed1/20260313/L4/20260313_all_asteroids.fits,False,missing,,,0,,0,,,,1,0,0,,{},[],[]
20260313,known_matched,/processed1/20260313/L4/20260313_matched_asteroids.fits,False,missing,,,0,,0,,,,1,0,0,,{},[],[]
20260313,known_mask15,/processed1/20260313/L4/20260313_matched_asteroids_mask15.fits,False,missing,,,0,,0,,,,1,0,0,,{},[],[]
20260313,unknown_catalog,/processed1/20260313/L4/20260313_unknown_links.fits,False,missing,,,0,,0,,,,1,0,0,,{},[],[]
20260313,orbit_links,/home/admin/pipeline/xiaoyunao/data/heliolincrr/20260313/rr_links/orbit_confirm/orbit_links.fits,False,missing,,,0,,0,,,,1,0,0,,{},[],[]
20260313,orbit_obs_residuals,/home/admin/pipeline/xiaoyunao/data/heliolincrr/20260313/rr_links/orbit_confirm/orbit_obs_residuals.fits,False,missing,,,0,,0,,,,1,0,0,,{},[],[]
20260314,known_all,/processed1/20260314/L4/20260314_all_asteroids.fits,False,missing,,,0,,0,,,,1,0,0,,{},[],[]
20260314,known_matched,/processed1/20260314/L4/20260314_matched_asteroids.fits,False,missing,,,0,,0,,,,1,0,0,,{},[],[]
20260314,known_mask15,/processed1/20260314/L4/20260314_matched_asteroids_mask15.fits,False,missing,,,0,,0,,,,1,0,0,,{},[],[]
20260314,unknown_catalog,/processed1/20260314/L4/20260314_unknown_links.fits,False,missing,,,0,,0,,,,1,0,0,,{},[],[]
20260314,orbit_links,/home/admin/pipeline/xiaoyunao/data/heliolincrr/20260314/rr_links/orbit_confirm/orbit_links.fits,False,missing,,,0,,0,,,,1,0,0,,{},[],[]
20260314,orbit_obs_residuals,/home/admin/pipeline/xiaoyunao/data/heliolincrr/20260314/rr_links/orbit_confirm/orbit_obs_residuals.fits,False,missing,,,0,,0,,,,1,0,0,,{},[],[]
20260315,known_all,/processed1/20260315/L4/20260315_all_asteroids.fits,True,ok_with_missing_optional,,,10768320,2026-06-19T16:52:17.607025+00:00,1781887937607025199,5fb98512ca689067509df615ebb183dd5f8dc31073d909660f97c4d0ef671450,,,1,54901,54901,source_file,"{""asteroid_name"": ""name"", ""asteroid_number"": ""number"", ""epoch_mjd"": ""epoch"", ""pred_dec_deg"": ""dec"", ""pred_geocentric_distance_au"": null, ""pred_heliocentric_distance_au"": null, ""pred_phase_angle_deg"": null, ""pred_ra_deg"": ""ra"", ""pred_solar_elongation_deg"": null, ""pred_v_mag"": ""mag""}",[],"[""pred_heliocentric_distance_au"", ""pred_geocentric_distance_au"", ""pred_solar_elongation_deg"", ""pred_phase_angle_deg""]"
20260315,known_matched,/processed1/20260315/L4/20260315_matched_asteroids.fits,True,ok_with_missing_optional,,,1765440,2026-06-19T16:52:17.939019+00:00,1781887937939018857,1cb6e251ac544716ea3637d6fe171eeb84dd7a75ec9321bd4bd6084263095cb1,,,1,2244,2244,source_file,"{""asteroid_name"": ""name"", ""asteroid_number"": ""number"", ""epoch_mjd"": ""epoch"", ""flag"": ""Flag"", ""flag_iso_num"": ""Flag_ISO_Num"", ""flux_aper4"": ""Flux_Aper4"", ""fluxerr_aper4"": ""FluxErr_Aper4"", ""fwhm_px"": ""FWHM"", ""mag_aper4"": ""Mag_Aper4"", ""mag_aper8"": ""Mag_Aper8"", ""mag_kron"": ""Mag_Kron"", ""mag_psf"": ""Mag_PSF"", ""magerr_aper4"": ""MagErr_Aper4"", ""magerr_aper8"": ""MagErr_Aper8"", ""magerr_kron"": ""MagErr_Kron"", ""magerr_psf"": ""MagErr_PSF"", ""obj_id"": ""objID"", ""obs_dec_err_deg"": ""DECErr_Win"", ""obs_dec_psf_deg"": ""DEC_PSF"", ""obs_dec_win_deg"": ""DEC_Win"", ""obs_ra_err_deg"": ""RAErr_Win"", ""obs_ra_psf_deg"": ""RA_PSF"", ""obs_ra_win_deg"": ""RA_Win"", ""pred_dec_deg"": ""dec"", ""pred_geocentric_distance_au"": null, ""pred_heliocentric_distance_au"": null, ""pred_phase_angle_deg"": null, ""pred_ra_deg"": ""ra"", ""pred_solar_elongation_deg"": null, ""pred_v_mag"": ""mag"", ""x_win_px"": ""X_Win"", ""y_win_px"": ""Y_Win""}",[],"[""pred_heliocentric_distance_au"", ""pred_geocentric_distance_au"", ""pred_solar_elongation_deg"", ""pred_phase_angle_deg""]"
20260315,known_mask15,/processed1/20260315/L4/20260315_matched_asteroids_mask15.fits,True,ok_with_missing_optional,,,1794240,2026-06-19T16:52:18.257013+00:00,1781887938257012782,2343a3358a77905d091211da3c82a5fd77a5060c31a9b4b30b8b9d2e4f678eef,,,1,2284,2284,source_file,"{""asteroid_name"": ""name"", ""asteroid_number"": ""number"", ""epoch_mjd"": ""epoch"", ""flag"": ""Flag"", ""flag_iso_num"": ""Flag_ISO_Num"", ""flux_aper4"": ""Flux_Aper4"", ""fluxerr_aper4"": ""FluxErr_Aper4"", ""fwhm_px"": ""FWHM"", ""mag_aper4"": ""Mag_Aper4"", ""mag_aper8"": ""Mag_Aper8"", ""mag_kron"": ""Mag_Kron"", ""mag_psf"": ""Mag_PSF"", ""magerr_aper4"": ""MagErr_Aper4"", ""magerr_aper8"": ""MagErr_Aper8"", ""magerr_kron"": ""MagErr_Kron"", ""magerr_psf"": ""MagErr_PSF"", ""obj_id"": ""objID"", ""obs_dec_err_deg"": ""DECErr_Win"", ""obs_dec_psf_deg"": ""DEC_PSF"", ""obs_dec_win_deg"": ""DEC_Win"", ""obs_ra_err_deg"": ""RAErr_Win"", ""obs_ra_psf_deg"": ""RA_PSF"", ""obs_ra_win_deg"": ""RA_Win"", ""pred_dec_deg"": ""dec"", ""pred_geocentric_distance_au"": null, ""pred_heliocentric_distance_au"": null, ""pred_phase_angle_deg"": null, ""pred_ra_deg"": ""ra"", ""pred_solar_elongation_deg"": null, ""pred_v_mag"": ""mag"", ""x_win_px"": ""X_Win"", ""y_win_px"": ""Y_Win""}",[],"[""pred_heliocentric_distance_au"", ""pred_geocentric_distance_au"", ""pred_solar_elongation_deg"", ""pred_phase_angle_deg""]"
20260315,unknown_catalog,/processed1/20260315/L4/20260315_unknown_links.fits,True,ok,,,11520,2026-06-20T03:02:39.020706+00:00,1781924559020706488,ab1c1ee5d4dc937f95b05cf3737173a4bf4918f06ae5b3f9d7032afcc7023340,,,1,5,5,image_names,"{""a_au"": ""a_au"", ""argp_deg"": ""argp_deg"", ""best_v1_kms"": ""best_v1_kms"", ""decs_deg"": ""decs_deg"", ""ecc"": ""ecc"", ""exp_pairs"": ""exp_pairs"", ""fit_ok"": ""fit_ok"", ""groups"": ""groups"", ""image_names"": ""image_names"", ""inc_deg"": ""inc_deg"", ""is_good"": ""is_good"", ""lin_dir_deg"": ""lin_dir_deg"", ""lin_rms_arcsec"": ""lin_rms_arcsec"", ""lin_speed_arcsec_per_day"": ""lin_speed_arcsec_per_day"", ""linkage_id"": ""linkage_id"", ""max_arcsec"": ""max_arcsec"", ""med_arcsec"": ""med_arcsec"", ""mjds"": ""mjds"", ""n_obs"": ""n_obs"", ""n_tracklets"": ""n_tracklets"", ""nu_deg"": ""nu_deg"", ""objids"": ""objids"", ""raan_deg"": ""raan_deg"", ""ras_deg"": ""ras_deg"", ""rms_arcsec"": ""rms_arcsec"", ""tracklet_ids"": ""tracklet_ids"", ""trk_sub"": ""trk_sub""}",[],[]
20260315,orbit_links,/home/admin/pipeline/xiaoyunao/data/heliolincrr/20260315/rr_links/orbit_confirm/orbit_links.fits,True,ok,,,95040,2026-05-15T04:57:04.929492+00:00,1778821024929491588,e262213922fba9b1e63fa25f7f6a9a496186ff2b9b1f1e868c77d078bf167c79,,,1,311,311,,"{""a_au"": ""a_au"", ""argp_deg"": ""argp_deg"", ""best_rejected_max_v_kms"": ""best_rejected_max_v_kms"", ""best_v1_kms"": ""best_v1_kms"", ""ecc"": ""ecc"", ""fail_counts"": ""fail_counts"", ""fail_reason"": ""fail_reason"", ""final_max_v_kms"": ""final_max_v_kms"", ""fit_ok"": ""fit_ok"", ""hypo_r_au"": ""hypo_r_au"", ""hypo_rdd_au_day2"": ""hypo_rdd_au_day2"", ""hypo_rdot_au_day"": ""hypo_rdot_au_day"", ""inc_deg"": ""inc_deg"", ""inlier_tracklets"": ""inlier_tracklets"", ""is_good"": ""is_good"", ""lin_dir_deg"": ""lin_dir_deg"", ""lin_rms_arcsec"": ""lin_rms_arcsec"", ""lin_speed_arcsec_per_day"": ""lin_speed_arcsec_per_day"", ""linkage_id"": ""linkage_id"", ""max_arcsec"": ""max_arcsec"", ""med_arcsec"": ""med_arcsec"", ""min_rejected_max_v_kms"": ""min_rejected_max_v_kms"", ""n_nights"": ""n_nights"", ""n_obs"": ""n_obs"", ""n_tracklets"": ""n_tracklets"", ""nu_deg"": ""nu_deg"", ""pred_dec_deg"": ""pred_dec_deg"", ""pred_ra_deg"": ""pred_ra_deg"", ""raan_deg"": ""raan_deg"", ""rejected_tracklets"": ""rejected_tracklets"", ""rms_arcsec"": ""rms_arcsec"", ""seed_max_v_kms"": ""seed_max_v_kms"", ""seed_tracklets"": ""seed_tracklets""}",[],[]
20260315,orbit_obs_residuals,/home/admin/pipeline/xiaoyunao/data/heliolincrr/20260315/rr_links/orbit_confirm/orbit_obs_residuals.fits,True,ok,,,95040,2026-05-15T04:57:04.940283+00:00,1778821024940282476,a2d6351ddbd1eb4223a1fc8b18809b8ea094efeabe348048a165bb8a8c02ce36,,,1,933,933,,"{""dec_deg"": ""dec_deg"", ""linkage_id"": ""linkage_id"", ""mjd"": ""mjd"", ""obs_key"": ""obs_key"", ""ra_deg"": ""ra_deg"", ""resid_arcsec"": ""resid_arcsec"", ""tracklet_id"": ""tracklet_id"", ""used"": ""used""}",[],[]
20260316,known_all,/processed1/20260316/L4/20260316_all_asteroids.fits,True,ok_with_missing_optional,,,12029760,2026-06-19T16:55:05.784812+00:00,1781888105784812493,226d3a8f14ae3f162341ddf1087dbc544af7ec15ccc33a9b6968b74838376505,,,1,61342,61342,source_file,"{""asteroid_name"": ""name"", ""asteroid_number"": ""number"", ""epoch_mjd"": ""epoch"", ""pred_dec_deg"": ""dec"", ""pred_geocentric_distance_au"": null, ""pred_heliocentric_distance_au"": null, ""pred_phase_angle_deg"": null, ""pred_ra_deg"": ""ra"", ""pred_solar_elongation_deg"": null, ""pred_v_mag"": ""mag""}",[],"[""pred_heliocentric_distance_au"", ""pred_geocentric_distance_au"", ""pred_solar_elongation_deg"", ""pred_phase_angle_deg""]"
20260316,known_matched,/processed1/20260316/L4/20260316_matched_asteroids.fits,True,ok_with_missing_optional,,,1944000,2026-06-19T16:55:06.153805+00:00,1781888106153805444,a40e9c286b27c6abead253cc32ebe87bdf5ff8ad181dde382665b13a44bbb8cc,,,1,2477,2477,source_file,"{""asteroid_name"": ""name"", ""asteroid_number"": ""number"", ""epoch_mjd"": ""epoch"", ""flag"": ""Flag"", ""flag_iso_num"": ""Flag_ISO_Num"", ""flux_aper4"": ""Flux_Aper4"", ""fluxerr_aper4"": ""FluxErr_Aper4"", ""fwhm_px"": ""FWHM"", ""mag_aper4"": ""Mag_Aper4"", ""mag_aper8"": ""Mag_Aper8"", ""mag_kron"": ""Mag_Kron"", ""mag_psf"": ""Mag_PSF"", ""magerr_aper4"": ""MagErr_Aper4"", ""magerr_aper8"": ""MagErr_Aper8"", ""magerr_kron"": ""MagErr_Kron"", ""magerr_psf"": ""MagErr_PSF"", ""obj_id"": ""objID"", ""obs_dec_err_deg"": ""DECErr_Win"", ""obs_dec_psf_deg"": ""DEC_PSF"", ""obs_dec_win_deg"": ""DEC_Win"", ""obs_ra_err_deg"": ""RAErr_Win"", ""obs_ra_psf_deg"": ""RA_PSF"", ""obs_ra_win_deg"": ""RA_Win"", ""pred_dec_deg"": ""dec"", ""pred_geocentric_distance_au"": null, ""pred_heliocentric_distance_au"": null, ""pred_phase_angle_deg"": null, ""pred_ra_deg"": ""ra"", ""pred_solar_elongation_deg"": null, ""pred_v_mag"": ""mag"", ""x_win_px"": ""X_Win"", ""y_win_px"": ""Y_Win""}",[],"[""pred_heliocentric_distance_au"", ""pred_geocentric_distance_au"", ""pred_solar_elongation_deg"", ""pred_phase_angle_deg""]"
20260316,known_mask15,/processed1/20260316/L4/20260316_matched_asteroids_mask15.fits,True,ok_with_missing_optional,,,1992960,2026-06-19T16:55:06.499799+00:00,1781888106499798835,7b7a3d965a58f620e4de3d366139d97262fb204cc5290ef1dc2cfe7cf06e234d,,,1,2539,2539,source_file,"{""asteroid_name"": ""name"", ""asteroid_number"": ""number"", ""epoch_mjd"": ""epoch"", ""flag"": ""Flag"", ""flag_iso_num"": ""Flag_ISO_Num"", ""flux_aper4"": ""Flux_Aper4"", ""fluxerr_aper4"": ""FluxErr_Aper4"", ""fwhm_px"": ""FWHM"", ""mag_aper4"": ""Mag_Aper4"", ""mag_aper8"": ""Mag_Aper8"", ""mag_kron"": ""Mag_Kron"", ""mag_psf"": ""Mag_PSF"", ""magerr_aper4"": ""MagErr_Aper4"", ""magerr_aper8"": ""MagErr_Aper8"", ""magerr_kron"": ""MagErr_Kron"", ""magerr_psf"": ""MagErr_PSF"", ""obj_id"": ""objID"", ""obs_dec_err_deg"": ""DECErr_Win"", ""obs_dec_psf_deg"": ""DEC_PSF"", ""obs_dec_win_deg"": ""DEC_Win"", ""obs_ra_err_deg"": ""RAErr_Win"", ""obs_ra_psf_deg"": ""RA_PSF"", ""obs_ra_win_deg"": ""RA_Win"", ""pred_dec_deg"": ""dec"", ""pred_geocentric_distance_au"": null, ""pred_heliocentric_distance_au"": null, ""pred_phase_angle_deg"": null, ""pred_ra_deg"": ""ra"", ""pred_solar_elongation_deg"": null, ""pred_v_mag"": ""mag"", ""x_win_px"": ""X_Win"", ""y_win_px"": ""Y_Win""}",[],"[""pred_heliocentric_distance_au"", ""pred_geocentric_distance_au"", ""pred_solar_elongation_deg"", ""pred_phase_angle_deg""]"
20260316,unknown_catalog,/processed1/20260316/L4/20260316_unknown_links.fits,True,ok,,,17280,2026-06-20T03:02:53.820423+00:00,1781924573820423166,d6faa28e007ec5d93b027e18964bcc662ed9ee411047bd2f6f862cb7ff591743,,,1,16,16,image_names,"{""a_au"": ""a_au"", ""argp_deg"": ""argp_deg"", ""best_v1_kms"": ""best_v1_kms"", ""decs_deg"": ""decs_deg"", ""ecc"": ""ecc"", ""exp_pairs"": ""exp_pairs"", ""fit_ok"": ""fit_ok"", ""groups"": ""groups"", ""image_names"": ""image_names"", ""inc_deg"": ""inc_deg"", ""is_good"": ""is_good"", ""lin_dir_deg"": ""lin_dir_deg"", ""lin_rms_arcsec"": ""lin_rms_arcsec"", ""lin_speed_arcsec_per_day"": ""lin_speed_arcsec_per_day"", ""linkage_id"": ""linkage_id"", ""max_arcsec"": ""max_arcsec"", ""med_arcsec"": ""med_arcsec"", ""mjds"": ""mjds"", ""n_obs"": ""n_obs"", ""n_tracklets"": ""n_tracklets"", ""nu_deg"": ""nu_deg"", ""objids"": ""objids"", ""raan_deg"": ""raan_deg"", ""ras_deg"": ""ras_deg"", ""rms_arcsec"": ""rms_arcsec"", ""tracklet_ids"": ""tracklet_ids"", ""trk_sub"": ""trk_sub""}",[],[]
20260316,orbit_links,/home/admin/pipeline/xiaoyunao/data/heliolincrr/20260316/rr_links/orbit_confirm/orbit_links.fits,True,ok,,,120960,2026-05-15T04:58:59.124745+00:00,1778821139124744674,ea99e91662018023c2e375489cbd31721693a87f7f3ad556678940e342cdefd3,,,1,380,380,,"{""a_au"": ""a_au"", ""argp_deg"": ""argp_deg"", ""best_rejected_max_v_kms"": ""best_rejected_max_v_kms"", ""best_v1_kms"": ""best_v1_kms"", ""ecc"": ""ecc"", ""fail_counts"": ""fail_counts"", ""fail_reason"": ""fail_reason"", ""final_max_v_kms"": ""final_max_v_kms"", ""fit_ok"": ""fit_ok"", ""hypo_r_au"": ""hypo_r_au"", ""hypo_rdd_au_day2"": ""hypo_rdd_au_day2"", ""hypo_rdot_au_day"": ""hypo_rdot_au_day"", ""inc_deg"": ""inc_deg"", ""inlier_tracklets"": ""inlier_tracklets"", ""is_good"": ""is_good"", ""lin_dir_deg"": ""lin_dir_deg"", ""lin_rms_arcsec"": ""lin_rms_arcsec"", ""lin_speed_arcsec_per_day"": ""lin_speed_arcsec_per_day"", ""linkage_id"": ""linkage_id"", ""max_arcsec"": ""max_arcsec"", ""med_arcsec"": ""med_arcsec"", ""min_rejected_max_v_kms"": ""min_rejected_max_v_kms"", ""n_nights"": ""n_nights"", ""n_obs"": ""n_obs"", ""n_tracklets"": ""n_tracklets"", ""nu_deg"": ""nu_deg"", ""pred_dec_deg"": ""pred_dec_deg"", ""pred_ra_deg"": ""pred_ra_deg"", ""raan_deg"": ""raan_deg"", ""rejected_tracklets"": ""rejected_tracklets"", ""rms_arcsec"": ""rms_arcsec"", ""seed_max_v_kms"": ""seed_max_v_kms"", ""seed_tracklets"": ""seed_tracklets""}",[],[]
20260316,orbit_obs_residuals,/home/admin/pipeline/xiaoyunao/data/heliolincrr/20260316/rr_links/orbit_confirm/orbit_obs_residuals.fits,True,ok,,,115200,2026-05-15T04:58:59.134074+00:00,1778821139134073766,f80a319e3c802457aa7d404a0e30bc1cac9236fb06487f5084bd771c5397c630,,,1,1151,1151,,"{""dec_deg"": ""dec_deg"", ""linkage_id"": ""linkage_id"", ""mjd"": ""mjd"", ""obs_key"": ""obs_key"", ""ra_deg"": ""ra_deg"", ""resid_arcsec"": ""resid_arcsec"", ""tracklet_id"": ""tracklet_id"", ""used"": ""used""}",[],[]
20260317,known_all,/processed1/20260317/L4/20260317_all_asteroids.fits,False,missing,,,0,,0,,,,1,0,0,,{},[],[]
20260317,known_matched,/processed1/20260317/L4/20260317_matched_asteroids.fits,False,missing,,,0,,0,,,,1,0,0,,{},[],[]
20260317,known_mask15,/processed1/20260317/L4/20260317_matched_asteroids_mask15.fits,False,missing,,,0,,0,,,,1,0,0,,{},[],[]
20260317,unknown_catalog,/processed1/20260317/L4/20260317_unknown_links.fits,False,missing,,,0,,0,,,,1,0,0,,{},[],[]
20260317,orbit_links,/home/admin/pipeline/xiaoyunao/data/heliolincrr/20260317/rr_links/orbit_confirm/orbit_links.fits,False,missing,,,0,,0,,,,1,0,0,,{},[],[]
20260317,orbit_obs_residuals,/home/admin/pipeline/xiaoyunao/data/heliolincrr/20260317/rr_links/orbit_confirm/orbit_obs_residuals.fits,False,missing,,,0,,0,,,,1,0,0,,{},[],[]
20260318,known_all,/processed1/20260318/L4/20260318_all_asteroids.fits,True,ok_with_missing_optional,,,8585280,2026-06-19T16:57:05.744521+00:00,1781888225744520898,7b69dd62af565fa20780aa16434b7671a9b6e78c2e3f33c2f9aff013aebb7616,,,1,43773,43773,source_file,"{""asteroid_name"": ""name"", ""asteroid_number"": ""number"", ""epoch_mjd"": ""epoch"", ""pred_dec_deg"": ""dec"", ""pred_geocentric_distance_au"": null, ""pred_heliocentric_distance_au"": null, ""pred_phase_angle_deg"": null, ""pred_ra_deg"": ""ra"", ""pred_solar_elongation_deg"": null, ""pred_v_mag"": ""mag""}",[],"[""pred_heliocentric_distance_au"", ""pred_geocentric_distance_au"", ""pred_solar_elongation_deg"", ""pred_phase_angle_deg""]"
20260318,known_matched,/processed1/20260318/L4/20260318_matched_asteroids.fits,True,ok_with_missing_optional,,,2594880,2026-06-19T16:57:06.019516+00:00,1781888226019515645,5b9df7a3c2d1fd26fdbc69952656ac74ff64b7ee3a5e0ed90d73cd33fc97dd70,,,1,3318,3318,source_file,"{""asteroid_name"": ""name"", ""asteroid_number"": ""number"", ""epoch_mjd"": ""epoch"", ""flag"": ""Flag"", ""flag_iso_num"": ""Flag_ISO_Num"", ""flux_aper4"": ""Flux_Aper4"", ""fluxerr_aper4"": ""FluxErr_Aper4"", ""fwhm_px"": ""FWHM"", ""mag_aper4"": ""Mag_Aper4"", ""mag_aper8"": ""Mag_Aper8"", ""mag_kron"": ""Mag_Kron"", ""mag_psf"": ""Mag_PSF"", ""magerr_aper4"": ""MagErr_Aper4"", ""magerr_aper8"": ""MagErr_Aper8"", ""magerr_kron"": ""MagErr_Kron"", ""magerr_psf"": ""MagErr_PSF"", ""obj_id"": ""objID"", ""obs_dec_err_deg"": ""DECErr_Win"", ""obs_dec_psf_deg"": ""DEC_PSF"", ""obs_dec_win_deg"": ""DEC_Win"", ""obs_ra_err_deg"": ""RAErr_Win"", ""obs_ra_psf_deg"": ""RA_PSF"", ""obs_ra_win_deg"": ""RA_Win"", ""pred_dec_deg"": ""dec"", ""pred_geocentric_distance_au"": null, ""pred_heliocentric_distance_au"": null, ""pred_phase_angle_deg"": null, ""pred_ra_deg"": ""ra"", ""pred_solar_elongation_deg"": null, ""pred_v_mag"": ""mag"", ""x_win_px"": ""X_Win"", ""y_win_px"": ""Y_Win""}",[],"[""pred_heliocentric_distance_au"", ""pred_geocentric_distance_au"", ""pred_solar_elongation_deg"", ""pred_phase_angle_deg""]"
20260318,known_mask15,/processed1/20260318/L4/20260318_matched_asteroids_mask15.fits,True,ok_with_missing_optional,,,2652480,2026-06-19T16:57:06.291510+00:00,1781888226291510449,9674f9221e6033248aff7565c340d693ec0de88a8f8d1dd14ee0d1ce6a1f9b39,,,1,3390,3390,source_file,"{""asteroid_name"": ""name"", ""asteroid_number"": ""number"", ""epoch_mjd"": ""epoch"", ""flag"": ""Flag"", ""flag_iso_num"": ""Flag_ISO_Num"", ""flux_aper4"": ""Flux_Aper4"", ""fluxerr_aper4"": ""FluxErr_Aper4"", ""fwhm_px"": ""FWHM"", ""mag_aper4"": ""Mag_Aper4"", ""mag_aper8"": ""Mag_Aper8"", ""mag_kron"": ""Mag_Kron"", ""mag_psf"": ""Mag_PSF"", ""magerr_aper4"": ""MagErr_Aper4"", ""magerr_aper8"": ""MagErr_Aper8"", ""magerr_kron"": ""MagErr_Kron"", ""magerr_psf"": ""MagErr_PSF"", ""obj_id"": ""objID"", ""obs_dec_err_deg"": ""DECErr_Win"", ""obs_dec_psf_deg"": ""DEC_PSF"", ""obs_dec_win_deg"": ""DEC_Win"", ""obs_ra_err_deg"": ""RAErr_Win"", ""obs_ra_psf_deg"": ""RA_PSF"", ""obs_ra_win_deg"": ""RA_Win"", ""pred_dec_deg"": ""dec"", ""pred_geocentric_distance_au"": null, ""pred_heliocentric_distance_au"": null, ""pred_phase_angle_deg"": null, ""pred_ra_deg"": ""ra"", ""pred_solar_elongation_deg"": null, ""pred_v_mag"": ""mag"", ""x_win_px"": ""X_Win"", ""y_win_px"": ""Y_Win""}",[],"[""pred_heliocentric_distance_au"", ""pred_geocentric_distance_au"", ""pred_solar_elongation_deg"", ""pred_phase_angle_deg""]"
20260318,unknown_catalog,/processed1/20260318/L4/20260318_unknown_links.fits,True,ok,,,17280,2026-06-20T03:03:15.696004+00:00,1781924595696004385,7383c5e5a0ce45f16152c4da64204b402cb2b3d8908f8947c0dd7e9b64933386,,,1,18,18,image_names,"{""a_au"": ""a_au"", ""argp_deg"": ""argp_deg"", ""best_v1_kms"": ""best_v1_kms"", ""decs_deg"": ""decs_deg"", ""ecc"": ""ecc"", ""exp_pairs"": ""exp_pairs"", ""fit_ok"": ""fit_ok"", ""groups"": ""groups"", ""image_names"": ""image_names"", ""inc_deg"": ""inc_deg"", ""is_good"": ""is_good"", ""lin_dir_deg"": ""lin_dir_deg"", ""lin_rms_arcsec"": ""lin_rms_arcsec"", ""lin_speed_arcsec_per_day"": ""lin_speed_arcsec_per_day"", ""linkage_id"": ""linkage_id"", ""max_arcsec"": ""max_arcsec"", ""med_arcsec"": ""med_arcsec"", ""mjds"": ""mjds"", ""n_obs"": ""n_obs"", ""n_tracklets"": ""n_tracklets"", ""nu_deg"": ""nu_deg"", ""objids"": ""objids"", ""raan_deg"": ""raan_deg"", ""ras_deg"": ""ras_deg"", ""rms_arcsec"": ""rms_arcsec"", ""tracklet_ids"": ""tracklet_ids"", ""trk_sub"": ""trk_sub""}",[],[]
20260318,orbit_links,/home/admin/pipeline/xiaoyunao/data/heliolincrr/20260318/rr_links/orbit_confirm/orbit_links.fits,True,ok,,,195840,2026-05-15T05:03:31.842239+00:00,1778821411842238923,9c6628a886dfc9becc15a2221e213cd448326e875d7bf1360dae4f3293d83fb1,,,1,647,647,,"{""a_au"": ""a_au"", ""argp_deg"": ""argp_deg"", ""best_rejected_max_v_kms"": ""best_rejected_max_v_kms"", ""best_v1_kms"": ""best_v1_kms"", ""ecc"": ""ecc"", ""fail_counts"": ""fail_counts"", ""fail_reason"": ""fail_reason"", ""final_max_v_kms"": ""final_max_v_kms"", ""fit_ok"": ""fit_ok"", ""hypo_r_au"": ""hypo_r_au"", ""hypo_rdd_au_day2"": ""hypo_rdd_au_day2"", ""hypo_rdot_au_day"": ""hypo_rdot_au_day"", ""inc_deg"": ""inc_deg"", ""inlier_tracklets"": ""inlier_tracklets"", ""is_good"": ""is_good"", ""lin_dir_deg"": ""lin_dir_deg"", ""lin_rms_arcsec"": ""lin_rms_arcsec"", ""lin_speed_arcsec_per_day"": ""lin_speed_arcsec_per_day"", ""linkage_id"": ""linkage_id"", ""max_arcsec"": ""max_arcsec"", ""med_arcsec"": ""med_arcsec"", ""min_rejected_max_v_kms"": ""min_rejected_max_v_kms"", ""n_nights"": ""n_nights"", ""n_obs"": ""n_obs"", ""n_tracklets"": ""n_tracklets"", ""nu_deg"": ""nu_deg"", ""pred_dec_deg"": ""pred_dec_deg"", ""pred_ra_deg"": ""pred_ra_deg"", ""raan_deg"": ""raan_deg"", ""rejected_tracklets"": ""rejected_tracklets"", ""rms_arcsec"": ""rms_arcsec"", ""seed_max_v_kms"": ""seed_max_v_kms"", ""seed_tracklets"": ""seed_tracklets""}",[],[]
20260318,orbit_obs_residuals,/home/admin/pipeline/xiaoyunao/data/heliolincrr/20260318/rr_links/orbit_confirm/orbit_obs_residuals.fits,True,ok,,,192960,2026-05-15T05:03:31.853201+00:00,1778821411853201213,6d793a7c3b3f16daf9df8076021a152154c8978f9a72806ae1e201057a99347a,,,1,1945,1945,,"{""dec_deg"": ""dec_deg"", ""linkage_id"": ""linkage_id"", ""mjd"": ""mjd"", ""obs_key"": ""obs_key"", ""ra_deg"": ""ra_deg"", ""resid_arcsec"": ""resid_arcsec"", ""tracklet_id"": ""tracklet_id"", ""used"": ""used""}",[],[]
20260319,known_all,/processed1/20260319/L4/20260319_all_asteroids.fits,False,missing,,,0,,0,,,,1,0,0,,{},[],[]
20260319,known_matched,/processed1/20260319/L4/20260319_matched_asteroids.fits,False,missing,,,0,,0,,,,1,0,0,,{},[],[]
20260319,known_mask15,/processed1/20260319/L4/20260319_matched_asteroids_mask15.fits,False,missing,,,0,,0,,,,1,0,0,,{},[],[]
20260319,unknown_catalog,/processed1/20260319/L4/20260319_unknown_links.fits,False,missing,,,0,,0,,,,1,0,0,,{},[],[]
20260319,orbit_links,/home/admin/pipeline/xiaoyunao/data/heliolincrr/20260319/rr_links/orbit_confirm/orbit_links.fits,False,missing,,,0,,0,,,,1,0,0,,{},[],[]
20260319,orbit_obs_residuals,/home/admin/pipeline/xiaoyunao/data/heliolincrr/20260319/rr_links/orbit_confirm/orbit_obs_residuals.fits,False,missing,,,0,,0,,,,1,0,0,,{},[],[]
20260320,known_all,/processed1/20260320/L4/20260320_all_asteroids.fits,False,missing,,,0,,0,,,,1,0,0,,{},[],[]
20260320,known_matched,/processed1/20260320/L4/20260320_matched_asteroids.fits,False,missing,,,0,,0,,,,1,0,0,,{},[],[]
20260320,known_mask15,/processed1/20260320/L4/20260320_matched_asteroids_mask15.fits,False,missing,,,0,,0,,,,1,0,0,,{},[],[]
20260320,unknown_catalog,/processed1/20260320/L4/20260320_unknown_links.fits,False,missing,,,0,,0,,,,1,0,0,,{},[],[]
20260320,orbit_links,/home/admin/pipeline/xiaoyunao/data/heliolincrr/20260320/rr_links/orbit_confirm/orbit_links.fits,False,missing,,,0,,0,,,,1,0,0,,{},[],[]
20260320,orbit_obs_residuals,/home/admin/pipeline/xiaoyunao/data/heliolincrr/20260320/rr_links/orbit_confirm/orbit_obs_residuals.fits,False,missing,,,0,,0,,,,1,0,0,,{},[],[]
20260321,known_all,/processed1/20260321/L4/20260321_all_asteroids.fits,False,missing,,,0,,0,,,,1,0,0,,{},[],[]
20260321,known_matched,/processed1/20260321/L4/20260321_matched_asteroids.fits,False,missing,,,0,,0,,,,1,0,0,,{},[],[]
20260321,known_mask15,/processed1/20260321/L4/20260321_matched_asteroids_mask15.fits,False,missing,,,0,,0,,,,1,0,0,,{},[],[]
20260321,unknown_catalog,/processed1/20260321/L4/20260321_unknown_links.fits,False,missing,,,0,,0,,,,1,0,0,,{},[],[]
20260321,orbit_links,/home/admin/pipeline/xiaoyunao/data/heliolincrr/20260321/rr_links/orbit_confirm/orbit_links.fits,False,missing,,,0,,0,,,,1,0,0,,{},[],[]
20260321,orbit_obs_residuals,/home/admin/pipeline/xiaoyunao/data/heliolincrr/20260321/rr_links/orbit_confirm/orbit_obs_residuals.fits,False,missing,,,0,,0,,,,1,0,0,,{},[],[]
20260322,known_all,/processed1/20260322/L4/20260322_all_asteroids.fits,False,missing,,,0,,0,,,,1,0,0,,{},[],[]
20260322,known_matched,/processed1/20260322/L4/20260322_matched_asteroids.fits,False,missing,,,0,,0,,,,1,0,0,,{},[],[]
20260322,known_mask15,/processed1/20260322/L4/20260322_matched_asteroids_mask15.fits,False,missing,,,0,,0,,,,1,0,0,,{},[],[]
20260322,unknown_catalog,/processed1/20260322/L4/20260322_unknown_links.fits,False,missing,,,0,,0,,,,1,0,0,,{},[],[]
20260322,orbit_links,/home/admin/pipeline/xiaoyunao/data/heliolincrr/20260322/rr_links/orbit_confirm/orbit_links.fits,False,missing,,,0,,0,,,,1,0,0,,{},[],[]
20260322,orbit_obs_residuals,/home/admin/pipeline/xiaoyunao/data/heliolincrr/20260322/rr_links/orbit_confirm/orbit_obs_residuals.fits,False,missing,,,0,,0,,,,1,0,0,,{},[],[]
20260323,known_all,/processed1/20260323/L4/20260323_all_asteroids.fits,False,missing,,,0,,0,,,,1,0,0,,{},[],[]
20260323,known_matched,/processed1/20260323/L4/20260323_matched_asteroids.fits,False,missing,,,0,,0,,,,1,0,0,,{},[],[]
20260323,known_mask15,/processed1/20260323/L4/20260323_matched_asteroids_mask15.fits,False,missing,,,0,,0,,,,1,0,0,,{},[],[]
20260323,unknown_catalog,/processed1/20260323/L4/20260323_unknown_links.fits,False,missing,,,0,,0,,,,1,0,0,,{},[],[]
20260323,orbit_links,/home/admin/pipeline/xiaoyunao/data/heliolincrr/20260323/rr_links/orbit_confirm/orbit_links.fits,False,missing,,,0,,0,,,,1,0,0,,{},[],[]
20260323,orbit_obs_residuals,/home/admin/pipeline/xiaoyunao/data/heliolincrr/20260323/rr_links/orbit_confirm/orbit_obs_residuals.fits,False,missing,,,0,,0,,,,1,0,0,,{},[],[]
20260324,known_all,/processed1/20260324/L4/20260324_all_asteroids.fits,False,missing,,,0,,0,,,,1,0,0,,{},[],[]
20260324,known_matched,/processed1/20260324/L4/20260324_matched_asteroids.fits,False,missing,,,0,,0,,,,1,0,0,,{},[],[]
20260324,known_mask15,/processed1/20260324/L4/20260324_matched_asteroids_mask15.fits,False,missing,,,0,,0,,,,1,0,0,,{},[],[]
20260324,unknown_catalog,/processed1/20260324/L4/20260324_unknown_links.fits,False,missing,,,0,,0,,,,1,0,0,,{},[],[]
20260324,orbit_links,/home/admin/pipeline/xiaoyunao/data/heliolincrr/20260324/rr_links/orbit_confirm/orbit_links.fits,False,missing,,,0,,0,,,,1,0,0,,{},[],[]
20260324,orbit_obs_residuals,/home/admin/pipeline/xiaoyunao/data/heliolincrr/20260324/rr_links/orbit_confirm/orbit_obs_residuals.fits,False,missing,,,0,,0,,,,1,0,0,,{},[],[]
20260325,known_all,/processed1/20260325/L4/20260325_all_asteroids.fits,False,missing,,,0,,0,,,,1,0,0,,{},[],[]
20260325,known_matched,/processed1/20260325/L4/20260325_matched_asteroids.fits,False,missing,,,0,,0,,,,1,0,0,,{},[],[]
20260325,known_mask15,/processed1/20260325/L4/20260325_matched_asteroids_mask15.fits,False,missing,,,0,,0,,,,1,0,0,,{},[],[]
20260325,unknown_catalog,/processed1/20260325/L4/20260325_unknown_links.fits,False,missing,,,0,,0,,,,1,0,0,,{},[],[]
20260325,orbit_links,/home/admin/pipeline/xiaoyunao/data/heliolincrr/20260325/rr_links/orbit_confirm/orbit_links.fits,False,missing,,,0,,0,,,,1,0,0,,{},[],[]
20260325,orbit_obs_residuals,/home/admin/pipeline/xiaoyunao/data/heliolincrr/20260325/rr_links/orbit_confirm/orbit_obs_residuals.fits,False,missing,,,0,,0,,,,1,0,0,,{},[],[]
20260326,known_all,/processed1/20260326/L4/20260326_all_asteroids.fits,False,missing,,,0,,0,,,,1,0,0,,{},[],[]
20260326,known_matched,/processed1/20260326/L4/20260326_matched_asteroids.fits,False,missing,,,0,,0,,,,1,0,0,,{},[],[]
20260326,known_mask15,/processed1/20260326/L4/20260326_matched_asteroids_mask15.fits,False,missing,,,0,,0,,,,1,0,0,,{},[],[]
20260326,unknown_catalog,/processed1/20260326/L4/20260326_unknown_links.fits,False,missing,,,0,,0,,,,1,0,0,,{},[],[]
20260326,orbit_links,/home/admin/pipeline/xiaoyunao/data/heliolincrr/20260326/rr_links/orbit_confirm/orbit_links.fits,False,missing,,,0,,0,,,,1,0,0,,{},[],[]
20260326,orbit_obs_residuals,/home/admin/pipeline/xiaoyunao/data/heliolincrr/20260326/rr_links/orbit_confirm/orbit_obs_residuals.fits,False,missing,,,0,,0,,,,1,0,0,,{},[],[]
20260327,known_all,/processed1/20260327/L4/20260327_all_asteroids.fits,False,missing,,,0,,0,,,,1,0,0,,{},[],[]
20260327,known_matched,/processed1/20260327/L4/20260327_matched_asteroids.fits,False,missing,,,0,,0,,,,1,0,0,,{},[],[]
20260327,known_mask15,/processed1/20260327/L4/20260327_matched_asteroids_mask15.fits,False,missing,,,0,,0,,,,1,0,0,,{},[],[]
20260327,unknown_catalog,/processed1/20260327/L4/20260327_unknown_links.fits,False,missing,,,0,,0,,,,1,0,0,,{},[],[]
20260327,orbit_links,/home/admin/pipeline/xiaoyunao/data/heliolincrr/20260327/rr_links/orbit_confirm/orbit_links.fits,False,missing,,,0,,0,,,,1,0,0,,{},[],[]
20260327,orbit_obs_residuals,/home/admin/pipeline/xiaoyunao/data/heliolincrr/20260327/rr_links/orbit_confirm/orbit_obs_residuals.fits,False,missing,,,0,,0,,,,1,0,0,,{},[],[]
20260328,known_all,/processed1/20260328/L4/20260328_all_asteroids.fits,False,missing,,,0,,0,,,,1,0,0,,{},[],[]
20260328,known_matched,/processed1/20260328/L4/20260328_matched_asteroids.fits,False,missing,,,0,,0,,,,1,0,0,,{},[],[]
20260328,known_mask15,/processed1/20260328/L4/20260328_matched_asteroids_mask15.fits,False,missing,,,0,,0,,,,1,0,0,,{},[],[]
20260328,unknown_catalog,/processed1/20260328/L4/20260328_unknown_links.fits,False,missing,,,0,,0,,,,1,0,0,,{},[],[]
20260328,orbit_links,/home/admin/pipeline/xiaoyunao/data/heliolincrr/20260328/rr_links/orbit_confirm/orbit_links.fits,False,missing,,,0,,0,,,,1,0,0,,{},[],[]
20260328,orbit_obs_residuals,/home/admin/pipeline/xiaoyunao/data/heliolincrr/20260328/rr_links/orbit_confirm/orbit_obs_residuals.fits,False,missing,,,0,,0,,,,1,0,0,,{},[],[]
20260329,known_all,/processed1/20260329/L4/20260329_all_asteroids.fits,False,missing,,,0,,0,,,,1,0,0,,{},[],[]
20260329,known_matched,/processed1/20260329/L4/20260329_matched_asteroids.fits,False,missing,,,0,,0,,,,1,0,0,,{},[],[]
20260329,known_mask15,/processed1/20260329/L4/20260329_matched_asteroids_mask15.fits,False,missing,,,0,,0,,,,1,0,0,,{},[],[]
20260329,unknown_catalog,/processed1/20260329/L4/20260329_unknown_links.fits,False,missing,,,0,,0,,,,1,0,0,,{},[],[]
20260329,orbit_links,/home/admin/pipeline/xiaoyunao/data/heliolincrr/20260329/rr_links/orbit_confirm/orbit_links.fits,False,missing,,,0,,0,,,,1,0,0,,{},[],[]
20260329,orbit_obs_residuals,/home/admin/pipeline/xiaoyunao/data/heliolincrr/20260329/rr_links/orbit_confirm/orbit_obs_residuals.fits,False,missing,,,0,,0,,,,1,0,0,,{},[],[]
20260330,known_all,/processed1/20260330/L4/20260330_all_asteroids.fits,True,ok_with_missing_optional,,,21024000,2026-06-19T17:03:02.291711+00:00,1781888582291710705,b1a031c7dcdbe14aa8911d14f3a739ccd66468e76ed0c79b53e4702e56919b45,,,1,107231,107231,source_file,"{""asteroid_name"": ""name"", ""asteroid_number"": ""number"", ""epoch_mjd"": ""epoch"", ""pred_dec_deg"": ""dec"", ""pred_geocentric_distance_au"": null, ""pred_heliocentric_distance_au"": null, ""pred_phase_angle_deg"": null, ""pred_ra_deg"": ""ra"", ""pred_solar_elongation_deg"": null, ""pred_v_mag"": ""mag""}",[],"[""pred_heliocentric_distance_au"", ""pred_geocentric_distance_au"", ""pred_solar_elongation_deg"", ""pred_phase_angle_deg""]"
20260330,known_matched,/processed1/20260330/L4/20260330_matched_asteroids.fits,True,ok_with_missing_optional,,,936000,2026-06-19T17:03:02.886699+00:00,1781888582886699341,f11027a16327737671c219a6e063cbb9d33540533b7fe72e8eba49b7c11d28b1,,,1,1175,1175,source_file,"{""asteroid_name"": ""name"", ""asteroid_number"": ""number"", ""epoch_mjd"": ""epoch"", ""flag"": ""Flag"", ""flag_iso_num"": ""Flag_ISO_Num"", ""flux_aper4"": ""Flux_Aper4"", ""fluxerr_aper4"": ""FluxErr_Aper4"", ""fwhm_px"": ""FWHM"", ""mag_aper4"": ""Mag_Aper4"", ""mag_aper8"": ""Mag_Aper8"", ""mag_kron"": ""Mag_Kron"", ""mag_psf"": ""Mag_PSF"", ""magerr_aper4"": ""MagErr_Aper4"", ""magerr_aper8"": ""MagErr_Aper8"", ""magerr_kron"": ""MagErr_Kron"", ""magerr_psf"": ""MagErr_PSF"", ""obj_id"": ""objID"", ""obs_dec_err_deg"": ""DECErr_Win"", ""obs_dec_psf_deg"": ""DEC_PSF"", ""obs_dec_win_deg"": ""DEC_Win"", ""obs_ra_err_deg"": ""RAErr_Win"", ""obs_ra_psf_deg"": ""RA_PSF"", ""obs_ra_win_deg"": ""RA_Win"", ""pred_dec_deg"": ""dec"", ""pred_geocentric_distance_au"": null, ""pred_heliocentric_distance_au"": null, ""pred_phase_angle_deg"": null, ""pred_ra_deg"": ""ra"", ""pred_solar_elongation_deg"": null, ""pred_v_mag"": ""mag"", ""x_win_px"": ""X_Win"", ""y_win_px"": ""Y_Win""}",[],"[""pred_heliocentric_distance_au"", ""pred_geocentric_distance_au"", ""pred_solar_elongation_deg"", ""pred_phase_angle_deg""]"
20260330,known_mask15,/processed1/20260330/L4/20260330_matched_asteroids_mask15.fits,True,ok_with_missing_optional,,,1005120,2026-06-19T17:03:03.461688+00:00,1781888583461688358,e21951ce284ab4a12421cd5d61d8e860e376388a434e7ab5c2967bb4360efeed,,,1,1264,1264,source_file,"{""asteroid_name"": ""name"", ""asteroid_number"": ""number"", ""epoch_mjd"": ""epoch"", ""flag"": ""Flag"", ""flag_iso_num"": ""Flag_ISO_Num"", ""flux_aper4"": ""Flux_Aper4"", ""fluxerr_aper4"": ""FluxErr_Aper4"", ""fwhm_px"": ""FWHM"", ""mag_aper4"": ""Mag_Aper4"", ""mag_aper8"": ""Mag_Aper8"", ""mag_kron"": ""Mag_Kron"", ""mag_psf"": ""Mag_PSF"", ""magerr_aper4"": ""MagErr_Aper4"", ""magerr_aper8"": ""MagErr_Aper8"", ""magerr_kron"": ""MagErr_Kron"", ""magerr_psf"": ""MagErr_PSF"", ""obj_id"": ""objID"", ""obs_dec_err_deg"": ""DECErr_Win"", ""obs_dec_psf_deg"": ""DEC_PSF"", ""obs_dec_win_deg"": ""DEC_Win"", ""obs_ra_err_deg"": ""RAErr_Win"", ""obs_ra_psf_deg"": ""RA_PSF"", ""obs_ra_win_deg"": ""RA_Win"", ""pred_dec_deg"": ""dec"", ""pred_geocentric_distance_au"": null, ""pred_heliocentric_distance_au"": null, ""pred_phase_angle_deg"": null, ""pred_ra_deg"": ""ra"", ""pred_solar_elongation_deg"": null, ""pred_v_mag"": ""mag"", ""x_win_px"": ""X_Win"", ""y_win_px"": ""Y_Win""}",[],"[""pred_heliocentric_distance_au"", ""pred_geocentric_distance_au"", ""pred_solar_elongation_deg"", ""pred_phase_angle_deg""]"
20260330,unknown_catalog,/processed1/20260330/L4/20260330_unknown_links.fits,True,ok,,,14400,2026-06-20T03:03:53.371283+00:00,1781924633371283139,b8e7b1f4b0c5f4cb55d0d8527aa1f7ce3665d22bee56b1ac2a0f790b3cc1e14c,,,1,9,9,image_names,"{""a_au"": ""a_au"", ""argp_deg"": ""argp_deg"", ""best_v1_kms"": ""best_v1_kms"", ""decs_deg"": ""decs_deg"", ""ecc"": ""ecc"", ""exp_pairs"": ""exp_pairs"", ""fit_ok"": ""fit_ok"", ""groups"": ""groups"", ""image_names"": ""image_names"", ""inc_deg"": ""inc_deg"", ""is_good"": ""is_good"", ""lin_dir_deg"": ""lin_dir_deg"", ""lin_rms_arcsec"": ""lin_rms_arcsec"", ""lin_speed_arcsec_per_day"": ""lin_speed_arcsec_per_day"", ""linkage_id"": ""linkage_id"", ""max_arcsec"": ""max_arcsec"", ""med_arcsec"": ""med_arcsec"", ""mjds"": ""mjds"", ""n_obs"": ""n_obs"", ""n_tracklets"": ""n_tracklets"", ""nu_deg"": ""nu_deg"", ""objids"": ""objids"", ""raan_deg"": ""raan_deg"", ""ras_deg"": ""ras_deg"", ""rms_arcsec"": ""rms_arcsec"", ""tracklet_ids"": ""tracklet_ids"", ""trk_sub"": ""trk_sub""}",[],[]
20260330,orbit_links,/home/admin/pipeline/xiaoyunao/data/heliolincrr/20260330/rr_links/orbit_confirm/orbit_links.fits,True,ok,,,66240,2026-05-15T05:09:30.855866+00:00,1778821770855866254,532df800dadb761cfacb948827e50a92a21d77d2c7cb6df0e827c3d1ebd06fbb,,,1,173,173,,"{""a_au"": ""a_au"", ""argp_deg"": ""argp_deg"", ""best_rejected_max_v_kms"": ""best_rejected_max_v_kms"", ""best_v1_kms"": ""best_v1_kms"", ""ecc"": ""ecc"", ""fail_counts"": ""fail_counts"", ""fail_reason"": ""fail_reason"", ""final_max_v_kms"": ""final_max_v_kms"", ""fit_ok"": ""fit_ok"", ""hypo_r_au"": ""hypo_r_au"", ""hypo_rdd_au_day2"": ""hypo_rdd_au_day2"", ""hypo_rdot_au_day"": ""hypo_rdot_au_day"", ""inc_deg"": ""inc_deg"", ""inlier_tracklets"": ""inlier_tracklets"", ""is_good"": ""is_good"", ""lin_dir_deg"": ""lin_dir_deg"", ""lin_rms_arcsec"": ""lin_rms_arcsec"", ""lin_speed_arcsec_per_day"": ""lin_speed_arcsec_per_day"", ""linkage_id"": ""linkage_id"", ""max_arcsec"": ""max_arcsec"", ""med_arcsec"": ""med_arcsec"", ""min_rejected_max_v_kms"": ""min_rejected_max_v_kms"", ""n_nights"": ""n_nights"", ""n_obs"": ""n_obs"", ""n_tracklets"": ""n_tracklets"", ""nu_deg"": ""nu_deg"", ""pred_dec_deg"": ""pred_dec_deg"", ""pred_ra_deg"": ""pred_ra_deg"", ""raan_deg"": ""raan_deg"", ""rejected_tracklets"": ""rejected_tracklets"", ""rms_arcsec"": ""rms_arcsec"", ""seed_max_v_kms"": ""seed_max_v_kms"", ""seed_tracklets"": ""seed_tracklets""}",[],[]
20260330,orbit_obs_residuals,/home/admin/pipeline/xiaoyunao/data/heliolincrr/20260330/rr_links/orbit_confirm/orbit_obs_residuals.fits,True,ok,,,66240,2026-05-15T05:09:30.863588+00:00,1778821770863587891,5826e3f81d0f1144703c4072ff07b7a3ec06ce7cf237f98aad3bf538e8a53a5f,,,1,616,616,,"{""dec_deg"": ""dec_deg"", ""linkage_id"": ""linkage_id"", ""mjd"": ""mjd"", ""obs_key"": ""obs_key"", ""ra_deg"": ""ra_deg"", ""resid_arcsec"": ""resid_arcsec"", ""tracklet_id"": ""tracklet_id"", ""used"": ""used""}",[],[]
20260331,known_all,/processed1/20260331/L4/20260331_all_asteroids.fits,True,ok_with_missing_optional,,,21179520,2026-06-19T17:09:28.810328+00:00,1781888968810328094,81389728fdb00ca0feb9f77b039a22eb7d2c10ee02ad27bacc32d114d94dac74,,,1,108017,108017,source_file,"{""asteroid_name"": ""name"", ""asteroid_number"": ""number"", ""epoch_mjd"": ""epoch"", ""pred_dec_deg"": ""dec"", ""pred_geocentric_distance_au"": null, ""pred_heliocentric_distance_au"": null, ""pred_phase_angle_deg"": null, ""pred_ra_deg"": ""ra"", ""pred_solar_elongation_deg"": null, ""pred_v_mag"": ""mag""}",[],"[""pred_heliocentric_distance_au"", ""pred_geocentric_distance_au"", ""pred_solar_elongation_deg"", ""pred_phase_angle_deg""]"
20260331,known_matched,/processed1/20260331/L4/20260331_matched_asteroids.fits,True,ok_with_missing_optional,,,1370880,2026-06-19T17:09:29.518315+00:00,1781888969518314572,b64767608a91f0cc7c36c4b1dd1e52e13a82f037ff7a71537a93d7fef5111783,,,1,1736,1736,source_file,"{""asteroid_name"": ""name"", ""asteroid_number"": ""number"", ""epoch_mjd"": ""epoch"", ""flag"": ""Flag"", ""flag_iso_num"": ""Flag_ISO_Num"", ""flux_aper4"": ""Flux_Aper4"", ""fluxerr_aper4"": ""FluxErr_Aper4"", ""fwhm_px"": ""FWHM"", ""mag_aper4"": ""Mag_Aper4"", ""mag_aper8"": ""Mag_Aper8"", ""mag_kron"": ""Mag_Kron"", ""mag_psf"": ""Mag_PSF"", ""magerr_aper4"": ""MagErr_Aper4"", ""magerr_aper8"": ""MagErr_Aper8"", ""magerr_kron"": ""MagErr_Kron"", ""magerr_psf"": ""MagErr_PSF"", ""obj_id"": ""objID"", ""obs_dec_err_deg"": ""DECErr_Win"", ""obs_dec_psf_deg"": ""DEC_PSF"", ""obs_dec_win_deg"": ""DEC_Win"", ""obs_ra_err_deg"": ""RAErr_Win"", ""obs_ra_psf_deg"": ""RA_PSF"", ""obs_ra_win_deg"": ""RA_Win"", ""pred_dec_deg"": ""dec"", ""pred_geocentric_distance_au"": null, ""pred_heliocentric_distance_au"": null, ""pred_phase_angle_deg"": null, ""pred_ra_deg"": ""ra"", ""pred_solar_elongation_deg"": null, ""pred_v_mag"": ""mag"", ""x_win_px"": ""X_Win"", ""y_win_px"": ""Y_Win""}",[],"[""pred_heliocentric_distance_au"", ""pred_geocentric_distance_au"", ""pred_solar_elongation_deg"", ""pred_phase_angle_deg""]"
20260331,known_mask15,/processed1/20260331/L4/20260331_matched_asteroids_mask15.fits,True,ok_with_missing_optional,,,1422720,2026-06-19T17:09:30.208301+00:00,1781888970208301393,7614b303ca2e012c55cd3486aff86513e136b29d007616e34d60680de2eb977c,,,1,1803,1803,source_file,"{""asteroid_name"": ""name"", ""asteroid_number"": ""number"", ""epoch_mjd"": ""epoch"", ""flag"": ""Flag"", ""flag_iso_num"": ""Flag_ISO_Num"", ""flux_aper4"": ""Flux_Aper4"", ""fluxerr_aper4"": ""FluxErr_Aper4"", ""fwhm_px"": ""FWHM"", ""mag_aper4"": ""Mag_Aper4"", ""mag_aper8"": ""Mag_Aper8"", ""mag_kron"": ""Mag_Kron"", ""mag_psf"": ""Mag_PSF"", ""magerr_aper4"": ""MagErr_Aper4"", ""magerr_aper8"": ""MagErr_Aper8"", ""magerr_kron"": ""MagErr_Kron"", ""magerr_psf"": ""MagErr_PSF"", ""obj_id"": ""objID"", ""obs_dec_err_deg"": ""DECErr_Win"", ""obs_dec_psf_deg"": ""DEC_PSF"", ""obs_dec_win_deg"": ""DEC_Win"", ""obs_ra_err_deg"": ""RAErr_Win"", ""obs_ra_psf_deg"": ""RA_PSF"", ""obs_ra_win_deg"": ""RA_Win"", ""pred_dec_deg"": ""dec"", ""pred_geocentric_distance_au"": null, ""pred_heliocentric_distance_au"": null, ""pred_phase_angle_deg"": null, ""pred_ra_deg"": ""ra"", ""pred_solar_elongation_deg"": null, ""pred_v_mag"": ""mag"", ""x_win_px"": ""X_Win"", ""y_win_px"": ""Y_Win""}",[],"[""pred_heliocentric_distance_au"", ""pred_geocentric_distance_au"", ""pred_solar_elongation_deg"", ""pred_phase_angle_deg""]"
20260331,unknown_catalog,/processed1/20260331/L4/20260331_unknown_links.fits,True,ok,,,20160,2026-06-20T03:04:24.786682+00:00,1781924664786681731,a67ed3242cfd3a5057be8bf56ffe5e76d311f4b22d37c4c80995a97507569af5,,,1,28,28,image_names,"{""a_au"": ""a_au"", ""argp_deg"": ""argp_deg"", ""best_v1_kms"": ""best_v1_kms"", ""decs_deg"": ""decs_deg"", ""ecc"": ""ecc"", ""exp_pairs"": ""exp_pairs"", ""fit_ok"": ""fit_ok"", ""groups"": ""groups"", ""image_names"": ""image_names"", ""inc_deg"": ""inc_deg"", ""is_good"": ""is_good"", ""lin_dir_deg"": ""lin_dir_deg"", ""lin_rms_arcsec"": ""lin_rms_arcsec"", ""lin_speed_arcsec_per_day"": ""lin_speed_arcsec_per_day"", ""linkage_id"": ""linkage_id"", ""max_arcsec"": ""max_arcsec"", ""med_arcsec"": ""med_arcsec"", ""mjds"": ""mjds"", ""n_obs"": ""n_obs"", ""n_tracklets"": ""n_tracklets"", ""nu_deg"": ""nu_deg"", ""objids"": ""objids"", ""raan_deg"": ""raan_deg"", ""ras_deg"": ""ras_deg"", ""rms_arcsec"": ""rms_arcsec"", ""tracklet_ids"": ""tracklet_ids"", ""trk_sub"": ""trk_sub""}",[],[]
20260331,orbit_links,/home/admin/pipeline/xiaoyunao/data/heliolincrr/20260331/rr_links/orbit_confirm/orbit_links.fits,True,ok,,,126720,2026-05-15T05:13:20.898207+00:00,1778822000898206750,21a29deb146cf9a7336e39419d4aad6bb737c3ac6adb02c1a155238b07146618,,,1,250,250,,"{""a_au"": ""a_au"", ""argp_deg"": ""argp_deg"", ""best_rejected_max_v_kms"": ""best_rejected_max_v_kms"", ""best_v1_kms"": ""best_v1_kms"", ""ecc"": ""ecc"", ""fail_counts"": ""fail_counts"", ""fail_reason"": ""fail_reason"", ""final_max_v_kms"": ""final_max_v_kms"", ""fit_ok"": ""fit_ok"", ""hypo_r_au"": ""hypo_r_au"", ""hypo_rdd_au_day2"": ""hypo_rdd_au_day2"", ""hypo_rdot_au_day"": ""hypo_rdot_au_day"", ""inc_deg"": ""inc_deg"", ""inlier_tracklets"": ""inlier_tracklets"", ""is_good"": ""is_good"", ""lin_dir_deg"": ""lin_dir_deg"", ""lin_rms_arcsec"": ""lin_rms_arcsec"", ""lin_speed_arcsec_per_day"": ""lin_speed_arcsec_per_day"", ""linkage_id"": ""linkage_id"", ""max_arcsec"": ""max_arcsec"", ""med_arcsec"": ""med_arcsec"", ""min_rejected_max_v_kms"": ""min_rejected_max_v_kms"", ""n_nights"": ""n_nights"", ""n_obs"": ""n_obs"", ""n_tracklets"": ""n_tracklets"", ""nu_deg"": ""nu_deg"", ""pred_dec_deg"": ""pred_dec_deg"", ""pred_ra_deg"": ""pred_ra_deg"", ""raan_deg"": ""raan_deg"", ""rejected_tracklets"": ""rejected_tracklets"", ""rms_arcsec"": ""rms_arcsec"", ""seed_max_v_kms"": ""seed_max_v_kms"", ""seed_tracklets"": ""seed_tracklets""}",[],[]
20260331,orbit_obs_residuals,/home/admin/pipeline/xiaoyunao/data/heliolincrr/20260331/rr_links/orbit_confirm/orbit_obs_residuals.fits,True,ok,,,135360,2026-05-15T05:13:20.907038+00:00,1778822000907038150,3b673b655b0a514341a456be7d8d399c9ea2aff314d6ac8ac52f7c477f87cf3b,,,1,1355,1355,,"{""dec_deg"": ""dec_deg"", ""linkage_id"": ""linkage_id"", ""mjd"": ""mjd"", ""obs_key"": ""obs_key"", ""ra_deg"": ""ra_deg"", ""resid_arcsec"": ""resid_arcsec"", ""tracklet_id"": ""tracklet_id"", ""used"": ""used""}",[],[]
20260401,known_all,/processed1/20260401/L4/20260401_all_asteroids.fits,True,ok_with_missing_optional,,,23178240,2026-06-19T17:16:22.204432+00:00,1781889382204431753,4a2b26b0f130d7033a86cab6f469450984c3d44dd9d6f70d5400f6c991aafd02,,,1,118218,118218,source_file,"{""asteroid_name"": ""name"", ""asteroid_number"": ""number"", ""epoch_mjd"": ""epoch"", ""pred_dec_deg"": ""dec"", ""pred_geocentric_distance_au"": null, ""pred_heliocentric_distance_au"": null, ""pred_phase_angle_deg"": null, ""pred_ra_deg"": ""ra"", ""pred_solar_elongation_deg"": null, ""pred_v_mag"": ""mag""}",[],"[""pred_heliocentric_distance_au"", ""pred_geocentric_distance_au"", ""pred_solar_elongation_deg"", ""pred_phase_angle_deg""]"
20260401,known_matched,/processed1/20260401/L4/20260401_matched_asteroids.fits,True,ok_with_missing_optional,,,947520,2026-06-19T17:16:22.894418+00:00,1781889382894418572,93dcad21932713321a5700ee06dd87394ee9a187793c1a5d71cfe70554ff97e9,,,1,1188,1188,source_file,"{""asteroid_name"": ""name"", ""asteroid_number"": ""number"", ""epoch_mjd"": ""epoch"", ""flag"": ""Flag"", ""flag_iso_num"": ""Flag_ISO_Num"", ""flux_aper4"": ""Flux_Aper4"", ""fluxerr_aper4"": ""FluxErr_Aper4"", ""fwhm_px"": ""FWHM"", ""mag_aper4"": ""Mag_Aper4"", ""mag_aper8"": ""Mag_Aper8"", ""mag_kron"": ""Mag_Kron"", ""mag_psf"": ""Mag_PSF"", ""magerr_aper4"": ""MagErr_Aper4"", ""magerr_aper8"": ""MagErr_Aper8"", ""magerr_kron"": ""MagErr_Kron"", ""magerr_psf"": ""MagErr_PSF"", ""obj_id"": ""objID"", ""obs_dec_err_deg"": ""DECErr_Win"", ""obs_dec_psf_deg"": ""DEC_PSF"", ""obs_dec_win_deg"": ""DEC_Win"", ""obs_ra_err_deg"": ""RAErr_Win"", ""obs_ra_psf_deg"": ""RA_PSF"", ""obs_ra_win_deg"": ""RA_Win"", ""pred_dec_deg"": ""dec"", ""pred_geocentric_distance_au"": null, ""pred_heliocentric_distance_au"": null, ""pred_phase_angle_deg"": null, ""pred_ra_deg"": ""ra"", ""pred_solar_elongation_deg"": null, ""pred_v_mag"": ""mag"", ""x_win_px"": ""X_Win"", ""y_win_px"": ""Y_Win""}",[],"[""pred_heliocentric_distance_au"", ""pred_geocentric_distance_au"", ""pred_solar_elongation_deg"", ""pred_phase_angle_deg""]"
20260401,known_mask15,/processed1/20260401/L4/20260401_matched_asteroids_mask15.fits,True,ok_with_missing_optional,,,1013760,2026-06-19T17:16:23.572406+00:00,1781889383572405619,9690642c7c805bfb5164b91a9277b72ab3290f5bad1a60f0c056296d65adbe76,,,1,1274,1274,source_file,"{""asteroid_name"": ""name"", ""asteroid_number"": ""number"", ""epoch_mjd"": ""epoch"", ""flag"": ""Flag"", ""flag_iso_num"": ""Flag_ISO_Num"", ""flux_aper4"": ""Flux_Aper4"", ""fluxerr_aper4"": ""FluxErr_Aper4"", ""fwhm_px"": ""FWHM"", ""mag_aper4"": ""Mag_Aper4"", ""mag_aper8"": ""Mag_Aper8"", ""mag_kron"": ""Mag_Kron"", ""mag_psf"": ""Mag_PSF"", ""magerr_aper4"": ""MagErr_Aper4"", ""magerr_aper8"": ""MagErr_Aper8"", ""magerr_kron"": ""MagErr_Kron"", ""magerr_psf"": ""MagErr_PSF"", ""obj_id"": ""objID"", ""obs_dec_err_deg"": ""DECErr_Win"", ""obs_dec_psf_deg"": ""DEC_PSF"", ""obs_dec_win_deg"": ""DEC_Win"", ""obs_ra_err_deg"": ""RAErr_Win"", ""obs_ra_psf_deg"": ""RA_PSF"", ""obs_ra_win_deg"": ""RA_Win"", ""pred_dec_deg"": ""dec"", ""pred_geocentric_distance_au"": null, ""pred_heliocentric_distance_au"": null, ""pred_phase_angle_deg"": null, ""pred_ra_deg"": ""ra"", ""pred_solar_elongation_deg"": null, ""pred_v_mag"": ""mag"", ""x_win_px"": ""X_Win"", ""y_win_px"": ""Y_Win""}",[],"[""pred_heliocentric_distance_au"", ""pred_geocentric_distance_au"", ""pred_solar_elongation_deg"", ""pred_phase_angle_deg""]"
20260401,unknown_catalog,/processed1/20260401/L4/20260401_unknown_links.fits,True,ok,,,17280,2026-06-20T03:05:16.657689+00:00,1781924716657688725,2e4779d7c3291c63415f6fdc27b885c3db32f51295ca0446506bafbb5dc40500,,,1,19,19,image_names,"{""a_au"": ""a_au"", ""argp_deg"": ""argp_deg"", ""best_v1_kms"": ""best_v1_kms"", ""decs_deg"": ""decs_deg"", ""ecc"": ""ecc"", ""exp_pairs"": ""exp_pairs"", ""fit_ok"": ""fit_ok"", ""groups"": ""groups"", ""image_names"": ""image_names"", ""inc_deg"": ""inc_deg"", ""is_good"": ""is_good"", ""lin_dir_deg"": ""lin_dir_deg"", ""lin_rms_arcsec"": ""lin_rms_arcsec"", ""lin_speed_arcsec_per_day"": ""lin_speed_arcsec_per_day"", ""linkage_id"": ""linkage_id"", ""max_arcsec"": ""max_arcsec"", ""med_arcsec"": ""med_arcsec"", ""mjds"": ""mjds"", ""n_obs"": ""n_obs"", ""n_tracklets"": ""n_tracklets"", ""nu_deg"": ""nu_deg"", ""objids"": ""objids"", ""raan_deg"": ""raan_deg"", ""ras_deg"": ""ras_deg"", ""rms_arcsec"": ""rms_arcsec"", ""tracklet_ids"": ""tracklet_ids"", ""trk_sub"": ""trk_sub""}",[],[]
20260401,orbit_links,/home/admin/pipeline/xiaoyunao/data/heliolincrr/20260401/rr_links/orbit_confirm/orbit_links.fits,True,ok,,,97920,2026-05-15T05:22:00.977611+00:00,1778822520977610810,412dd47333989f6ba62cab1cfdec8051859ff65aca0002d39d48cec9907ff20e,,,1,188,188,,"{""a_au"": ""a_au"", ""argp_deg"": ""argp_deg"", ""best_rejected_max_v_kms"": ""best_rejected_max_v_kms"", ""best_v1_kms"": ""best_v1_kms"", ""ecc"": ""ecc"", ""fail_counts"": ""fail_counts"", ""fail_reason"": ""fail_reason"", ""final_max_v_kms"": ""final_max_v_kms"", ""fit_ok"": ""fit_ok"", ""hypo_r_au"": ""hypo_r_au"", ""hypo_rdd_au_day2"": ""hypo_rdd_au_day2"", ""hypo_rdot_au_day"": ""hypo_rdot_au_day"", ""inc_deg"": ""inc_deg"", ""inlier_tracklets"": ""inlier_tracklets"", ""is_good"": ""is_good"", ""lin_dir_deg"": ""lin_dir_deg"", ""lin_rms_arcsec"": ""lin_rms_arcsec"", ""lin_speed_arcsec_per_day"": ""lin_speed_arcsec_per_day"", ""linkage_id"": ""linkage_id"", ""max_arcsec"": ""max_arcsec"", ""med_arcsec"": ""med_arcsec"", ""min_rejected_max_v_kms"": ""min_rejected_max_v_kms"", ""n_nights"": ""n_nights"", ""n_obs"": ""n_obs"", ""n_tracklets"": ""n_tracklets"", ""nu_deg"": ""nu_deg"", ""pred_dec_deg"": ""pred_dec_deg"", ""pred_ra_deg"": ""pred_ra_deg"", ""raan_deg"": ""raan_deg"", ""rejected_tracklets"": ""rejected_tracklets"", ""rms_arcsec"": ""rms_arcsec"", ""seed_max_v_kms"": ""seed_max_v_kms"", ""seed_tracklets"": ""seed_tracklets""}",[],[]
20260401,orbit_obs_residuals,/home/admin/pipeline/xiaoyunao/data/heliolincrr/20260401/rr_links/orbit_confirm/orbit_obs_residuals.fits,True,ok,,,77760,2026-05-15T05:22:00.986525+00:00,1778822520986524497,d319b388b64215ce12162566a67c372a31894b41bf42584e9259a7926728d74c,,,1,757,757,,"{""dec_deg"": ""dec_deg"", ""linkage_id"": ""linkage_id"", ""mjd"": ""mjd"", ""obs_key"": ""obs_key"", ""ra_deg"": ""ra_deg"", ""resid_arcsec"": ""resid_arcsec"", ""tracklet_id"": ""tracklet_id"", ""used"": ""used""}",[],[]
20260402,known_all,/processed1/20260402/L4/20260402_all_asteroids.fits,False,missing,,,0,,0,,,,1,0,0,,{},[],[]
20260402,known_matched,/processed1/20260402/L4/20260402_matched_asteroids.fits,False,missing,,,0,,0,,,,1,0,0,,{},[],[]
20260402,known_mask15,/processed1/20260402/L4/20260402_matched_asteroids_mask15.fits,False,missing,,,0,,0,,,,1,0,0,,{},[],[]
20260402,unknown_catalog,/processed1/20260402/L4/20260402_unknown_links.fits,False,missing,,,0,,0,,,,1,0,0,,{},[],[]
20260402,orbit_links,/home/admin/pipeline/xiaoyunao/data/heliolincrr/20260402/rr_links/orbit_confirm/orbit_links.fits,False,missing,,,0,,0,,,,1,0,0,,{},[],[]
20260402,orbit_obs_residuals,/home/admin/pipeline/xiaoyunao/data/heliolincrr/20260402/rr_links/orbit_confirm/orbit_obs_residuals.fits,False,missing,,,0,,0,,,,1,0,0,,{},[],[]
20260403,known_all,/processed1/20260403/L4/20260403_all_asteroids.fits,True,ok_with_missing_optional,,,14688000,2026-06-19T17:21:12.192892+00:00,1781889672192891744,8bcceaee9e85a50f9d8ea956557ffa8e6804502040210896eccf9d39f15d8e93,,,1,74900,74900,source_file,"{""asteroid_name"": ""name"", ""asteroid_number"": ""number"", ""epoch_mjd"": ""epoch"", ""pred_dec_deg"": ""dec"", ""pred_geocentric_distance_au"": null, ""pred_heliocentric_distance_au"": null, ""pred_phase_angle_deg"": null, ""pred_ra_deg"": ""ra"", ""pred_solar_elongation_deg"": null, ""pred_v_mag"": ""mag""}",[],"[""pred_heliocentric_distance_au"", ""pred_geocentric_distance_au"", ""pred_solar_elongation_deg"", ""pred_phase_angle_deg""]"
20260403,known_matched,/processed1/20260403/L4/20260403_matched_asteroids.fits,True,ok_with_missing_optional,,,1422720,2026-06-19T17:21:12.710882+00:00,1781889672710881848,7ce6accd21d2da18c7080e124352f5defadadd64ac41f2bff2cc22b408a1a48c,,,1,1804,1804,source_file,"{""asteroid_name"": ""name"", ""asteroid_number"": ""number"", ""epoch_mjd"": ""epoch"", ""flag"": ""Flag"", ""flag_iso_num"": ""Flag_ISO_Num"", ""flux_aper4"": ""Flux_Aper4"", ""fluxerr_aper4"": ""FluxErr_Aper4"", ""fwhm_px"": ""FWHM"", ""mag_aper4"": ""Mag_Aper4"", ""mag_aper8"": ""Mag_Aper8"", ""mag_kron"": ""Mag_Kron"", ""mag_psf"": ""Mag_PSF"", ""magerr_aper4"": ""MagErr_Aper4"", ""magerr_aper8"": ""MagErr_Aper8"", ""magerr_kron"": ""MagErr_Kron"", ""magerr_psf"": ""MagErr_PSF"", ""obj_id"": ""objID"", ""obs_dec_err_deg"": ""DECErr_Win"", ""obs_dec_psf_deg"": ""DEC_PSF"", ""obs_dec_win_deg"": ""DEC_Win"", ""obs_ra_err_deg"": ""RAErr_Win"", ""obs_ra_psf_deg"": ""RA_PSF"", ""obs_ra_win_deg"": ""RA_Win"", ""pred_dec_deg"": ""dec"", ""pred_geocentric_distance_au"": null, ""pred_heliocentric_distance_au"": null, ""pred_phase_angle_deg"": null, ""pred_ra_deg"": ""ra"", ""pred_solar_elongation_deg"": null, ""pred_v_mag"": ""mag"", ""x_win_px"": ""X_Win"", ""y_win_px"": ""Y_Win""}",[],"[""pred_heliocentric_distance_au"", ""pred_geocentric_distance_au"", ""pred_solar_elongation_deg"", ""pred_phase_angle_deg""]"
20260403,known_mask15,/processed1/20260403/L4/20260403_matched_asteroids_mask15.fits,True,ok_with_missing_optional,,,1509120,2026-06-19T17:21:13.222872+00:00,1781889673222872067,d6370bdea94572b18b4876083ff852f06343efb6241e67e1e0f9491c89fb5de2,,,1,1916,1916,source_file,"{""asteroid_name"": ""name"", ""asteroid_number"": ""number"", ""epoch_mjd"": ""epoch"", ""flag"": ""Flag"", ""flag_iso_num"": ""Flag_ISO_Num"", ""flux_aper4"": ""Flux_Aper4"", ""fluxerr_aper4"": ""FluxErr_Aper4"", ""fwhm_px"": ""FWHM"", ""mag_aper4"": ""Mag_Aper4"", ""mag_aper8"": ""Mag_Aper8"", ""mag_kron"": ""Mag_Kron"", ""mag_psf"": ""Mag_PSF"", ""magerr_aper4"": ""MagErr_Aper4"", ""magerr_aper8"": ""MagErr_Aper8"", ""magerr_kron"": ""MagErr_Kron"", ""magerr_psf"": ""MagErr_PSF"", ""obj_id"": ""objID"", ""obs_dec_err_deg"": ""DECErr_Win"", ""obs_dec_psf_deg"": ""DEC_PSF"", ""obs_dec_win_deg"": ""DEC_Win"", ""obs_ra_err_deg"": ""RAErr_Win"", ""obs_ra_psf_deg"": ""RA_PSF"", ""obs_ra_win_deg"": ""RA_Win"", ""pred_dec_deg"": ""dec"", ""pred_geocentric_distance_au"": null, ""pred_heliocentric_distance_au"": null, ""pred_phase_angle_deg"": null, ""pred_ra_deg"": ""ra"", ""pred_solar_elongation_deg"": null, ""pred_v_mag"": ""mag"", ""x_win_px"": ""X_Win"", ""y_win_px"": ""Y_Win""}",[],"[""pred_heliocentric_distance_au"", ""pred_geocentric_distance_au"", ""pred_solar_elongation_deg"", ""pred_phase_angle_deg""]"
20260403,unknown_catalog,/processed1/20260403/L4/20260403_unknown_links.fits,True,ok,,,17280,2026-06-20T03:05:48.646076+00:00,1781924748646076348,38009a760cb461d2ab1de8c5cd39610d9e9afb7200ea0d96c9446e439261d072,,,1,15,15,image_names,"{""a_au"": ""a_au"", ""argp_deg"": ""argp_deg"", ""best_v1_kms"": ""best_v1_kms"", ""decs_deg"": ""decs_deg"", ""ecc"": ""ecc"", ""exp_pairs"": ""exp_pairs"", ""fit_ok"": ""fit_ok"", ""groups"": ""groups"", ""image_names"": ""image_names"", ""inc_deg"": ""inc_deg"", ""is_good"": ""is_good"", ""lin_dir_deg"": ""lin_dir_deg"", ""lin_rms_arcsec"": ""lin_rms_arcsec"", ""lin_speed_arcsec_per_day"": ""lin_speed_arcsec_per_day"", ""linkage_id"": ""linkage_id"", ""max_arcsec"": ""max_arcsec"", ""med_arcsec"": ""med_arcsec"", ""mjds"": ""mjds"", ""n_obs"": ""n_obs"", ""n_tracklets"": ""n_tracklets"", ""nu_deg"": ""nu_deg"", ""objids"": ""objids"", ""raan_deg"": ""raan_deg"", ""ras_deg"": ""ras_deg"", ""rms_arcsec"": ""rms_arcsec"", ""tracklet_ids"": ""tracklet_ids"", ""trk_sub"": ""trk_sub""}",[],[]
20260403,orbit_links,/home/admin/pipeline/xiaoyunao/data/heliolincrr/20260403/rr_links/orbit_confirm/orbit_links.fits,True,ok,,,112320,2026-05-15T05:29:18.052815+00:00,1778822958052815526,c29a7bee51d6c01889d3ce6676d18fe8f5b47c8903b5db6cb9e6788d87269c35,,,1,302,302,,"{""a_au"": ""a_au"", ""argp_deg"": ""argp_deg"", ""best_rejected_max_v_kms"": ""best_rejected_max_v_kms"", ""best_v1_kms"": ""best_v1_kms"", ""ecc"": ""ecc"", ""fail_counts"": ""fail_counts"", ""fail_reason"": ""fail_reason"", ""final_max_v_kms"": ""final_max_v_kms"", ""fit_ok"": ""fit_ok"", ""hypo_r_au"": ""hypo_r_au"", ""hypo_rdd_au_day2"": ""hypo_rdd_au_day2"", ""hypo_rdot_au_day"": ""hypo_rdot_au_day"", ""inc_deg"": ""inc_deg"", ""inlier_tracklets"": ""inlier_tracklets"", ""is_good"": ""is_good"", ""lin_dir_deg"": ""lin_dir_deg"", ""lin_rms_arcsec"": ""lin_rms_arcsec"", ""lin_speed_arcsec_per_day"": ""lin_speed_arcsec_per_day"", ""linkage_id"": ""linkage_id"", ""max_arcsec"": ""max_arcsec"", ""med_arcsec"": ""med_arcsec"", ""min_rejected_max_v_kms"": ""min_rejected_max_v_kms"", ""n_nights"": ""n_nights"", ""n_obs"": ""n_obs"", ""n_tracklets"": ""n_tracklets"", ""nu_deg"": ""nu_deg"", ""pred_dec_deg"": ""pred_dec_deg"", ""pred_ra_deg"": ""pred_ra_deg"", ""raan_deg"": ""raan_deg"", ""rejected_tracklets"": ""rejected_tracklets"", ""rms_arcsec"": ""rms_arcsec"", ""seed_max_v_kms"": ""seed_max_v_kms"", ""seed_tracklets"": ""seed_tracklets""}",[],[]
20260403,orbit_obs_residuals,/home/admin/pipeline/xiaoyunao/data/heliolincrr/20260403/rr_links/orbit_confirm/orbit_obs_residuals.fits,True,ok,,,112320,2026-05-15T05:29:18.062637+00:00,1778822958062636763,21e6652df3d244ce49845fec88bf107fad08298ceb31bdf78b680a0dc013c952,,,1,1097,1097,,"{""dec_deg"": ""dec_deg"", ""linkage_id"": ""linkage_id"", ""mjd"": ""mjd"", ""obs_key"": ""obs_key"", ""ra_deg"": ""ra_deg"", ""resid_arcsec"": ""resid_arcsec"", ""tracklet_id"": ""tracklet_id"", ""used"": ""used""}",[],[]
20260404,known_all,/processed1/20260404/L4/20260404_all_asteroids.fits,True,ok_with_missing_optional,,,6292800,2026-06-19T17:22:45.744105+00:00,1781889765744104519,4b8356bf47deab9df3dbdba74b1c8da738589e38675c8527ad541d4ee1ba033b,,,1,32075,32075,source_file,"{""asteroid_name"": ""name"", ""asteroid_number"": ""number"", ""epoch_mjd"": ""epoch"", ""pred_dec_deg"": ""dec"", ""pred_geocentric_distance_au"": null, ""pred_heliocentric_distance_au"": null, ""pred_phase_angle_deg"": null, ""pred_ra_deg"": ""ra"", ""pred_solar_elongation_deg"": null, ""pred_v_mag"": ""mag""}",[],"[""pred_heliocentric_distance_au"", ""pred_geocentric_distance_au"", ""pred_solar_elongation_deg"", ""pred_phase_angle_deg""]"
20260404,known_matched,/processed1/20260404/L4/20260404_matched_asteroids.fits,True,ok_with_missing_optional,,,642240,2026-06-19T17:22:45.950101+00:00,1781889765950100584,3eb29446e40b7c0c7c93f155743fef131f0f1957bc22e8e48da179f00586bec2,,,1,796,796,source_file,"{""asteroid_name"": ""name"", ""asteroid_number"": ""number"", ""epoch_mjd"": ""epoch"", ""flag"": ""Flag"", ""flag_iso_num"": ""Flag_ISO_Num"", ""flux_aper4"": ""Flux_Aper4"", ""fluxerr_aper4"": ""FluxErr_Aper4"", ""fwhm_px"": ""FWHM"", ""mag_aper4"": ""Mag_Aper4"", ""mag_aper8"": ""Mag_Aper8"", ""mag_kron"": ""Mag_Kron"", ""mag_psf"": ""Mag_PSF"", ""magerr_aper4"": ""MagErr_Aper4"", ""magerr_aper8"": ""MagErr_Aper8"", ""magerr_kron"": ""MagErr_Kron"", ""magerr_psf"": ""MagErr_PSF"", ""obj_id"": ""objID"", ""obs_dec_err_deg"": ""DECErr_Win"", ""obs_dec_psf_deg"": ""DEC_PSF"", ""obs_dec_win_deg"": ""DEC_Win"", ""obs_ra_err_deg"": ""RAErr_Win"", ""obs_ra_psf_deg"": ""RA_PSF"", ""obs_ra_win_deg"": ""RA_Win"", ""pred_dec_deg"": ""dec"", ""pred_geocentric_distance_au"": null, ""pred_heliocentric_distance_au"": null, ""pred_phase_angle_deg"": null, ""pred_ra_deg"": ""ra"", ""pred_solar_elongation_deg"": null, ""pred_v_mag"": ""mag"", ""x_win_px"": ""X_Win"", ""y_win_px"": ""Y_Win""}",[],"[""pred_heliocentric_distance_au"", ""pred_geocentric_distance_au"", ""pred_solar_elongation_deg"", ""pred_phase_angle_deg""]"
20260404,known_mask15,/processed1/20260404/L4/20260404_matched_asteroids_mask15.fits,True,ok_with_missing_optional,,,665280,2026-06-19T17:22:46.151097+00:00,1781889766151096744,b73a1a3030641b8274e558779b3ddbbb417aa8f15f189353c31dd0c7ad4aaa81,,,1,826,826,source_file,"{""asteroid_name"": ""name"", ""asteroid_number"": ""number"", ""epoch_mjd"": ""epoch"", ""flag"": ""Flag"", ""flag_iso_num"": ""Flag_ISO_Num"", ""flux_aper4"": ""Flux_Aper4"", ""fluxerr_aper4"": ""FluxErr_Aper4"", ""fwhm_px"": ""FWHM"", ""mag_aper4"": ""Mag_Aper4"", ""mag_aper8"": ""Mag_Aper8"", ""mag_kron"": ""Mag_Kron"", ""mag_psf"": ""Mag_PSF"", ""magerr_aper4"": ""MagErr_Aper4"", ""magerr_aper8"": ""MagErr_Aper8"", ""magerr_kron"": ""MagErr_Kron"", ""magerr_psf"": ""MagErr_PSF"", ""obj_id"": ""objID"", ""obs_dec_err_deg"": ""DECErr_Win"", ""obs_dec_psf_deg"": ""DEC_PSF"", ""obs_dec_win_deg"": ""DEC_Win"", ""obs_ra_err_deg"": ""RAErr_Win"", ""obs_ra_psf_deg"": ""RA_PSF"", ""obs_ra_win_deg"": ""RA_Win"", ""pred_dec_deg"": ""dec"", ""pred_geocentric_distance_au"": null, ""pred_heliocentric_distance_au"": null, ""pred_phase_angle_deg"": null, ""pred_ra_deg"": ""ra"", ""pred_solar_elongation_deg"": null, ""pred_v_mag"": ""mag"", ""x_win_px"": ""X_Win"", ""y_win_px"": ""Y_Win""}",[],"[""pred_heliocentric_distance_au"", ""pred_geocentric_distance_au"", ""pred_solar_elongation_deg"", ""pred_phase_angle_deg""]"
20260404,unknown_catalog,/processed1/20260404/L4/20260404_unknown_links.fits,True,ok,,,11520,2026-06-20T03:06:13.558599+00:00,1781924773558599429,ca80af39ccc68acfebd19b33dedd2b27b98b3290b699e8aced870874fcff777c,,,1,2,2,image_names,"{""a_au"": ""a_au"", ""argp_deg"": ""argp_deg"", ""best_v1_kms"": ""best_v1_kms"", ""decs_deg"": ""decs_deg"", ""ecc"": ""ecc"", ""exp_pairs"": ""exp_pairs"", ""fit_ok"": ""fit_ok"", ""groups"": ""groups"", ""image_names"": ""image_names"", ""inc_deg"": ""inc_deg"", ""is_good"": ""is_good"", ""lin_dir_deg"": ""lin_dir_deg"", ""lin_rms_arcsec"": ""lin_rms_arcsec"", ""lin_speed_arcsec_per_day"": ""lin_speed_arcsec_per_day"", ""linkage_id"": ""linkage_id"", ""max_arcsec"": ""max_arcsec"", ""med_arcsec"": ""med_arcsec"", ""mjds"": ""mjds"", ""n_obs"": ""n_obs"", ""n_tracklets"": ""n_tracklets"", ""nu_deg"": ""nu_deg"", ""objids"": ""objids"", ""raan_deg"": ""raan_deg"", ""ras_deg"": ""ras_deg"", ""rms_arcsec"": ""rms_arcsec"", ""tracklet_ids"": ""tracklet_ids"", ""trk_sub"": ""trk_sub""}",[],[]
20260404,orbit_links,/home/admin/pipeline/xiaoyunao/data/heliolincrr/20260404/rr_links/orbit_confirm/orbit_links.fits,True,ok,,,46080,2026-05-15T05:33:42.654044+00:00,1778823222654043716,b359f229bd97e35c7c84d8997e70a2463e969cc348460913e6baadcde63863fd,,,1,117,117,,"{""a_au"": ""a_au"", ""argp_deg"": ""argp_deg"", ""best_rejected_max_v_kms"": ""best_rejected_max_v_kms"", ""best_v1_kms"": ""best_v1_kms"", ""ecc"": ""ecc"", ""fail_counts"": ""fail_counts"", ""fail_reason"": ""fail_reason"", ""final_max_v_kms"": ""final_max_v_kms"", ""fit_ok"": ""fit_ok"", ""hypo_r_au"": ""hypo_r_au"", ""hypo_rdd_au_day2"": ""hypo_rdd_au_day2"", ""hypo_rdot_au_day"": ""hypo_rdot_au_day"", ""inc_deg"": ""inc_deg"", ""inlier_tracklets"": ""inlier_tracklets"", ""is_good"": ""is_good"", ""lin_dir_deg"": ""lin_dir_deg"", ""lin_rms_arcsec"": ""lin_rms_arcsec"", ""lin_speed_arcsec_per_day"": ""lin_speed_arcsec_per_day"", ""linkage_id"": ""linkage_id"", ""max_arcsec"": ""max_arcsec"", ""med_arcsec"": ""med_arcsec"", ""min_rejected_max_v_kms"": ""min_rejected_max_v_kms"", ""n_nights"": ""n_nights"", ""n_obs"": ""n_obs"", ""n_tracklets"": ""n_tracklets"", ""nu_deg"": ""nu_deg"", ""pred_dec_deg"": ""pred_dec_deg"", ""pred_ra_deg"": ""pred_ra_deg"", ""raan_deg"": ""raan_deg"", ""rejected_tracklets"": ""rejected_tracklets"", ""rms_arcsec"": ""rms_arcsec"", ""seed_max_v_kms"": ""seed_max_v_kms"", ""seed_tracklets"": ""seed_tracklets""}",[],[]
20260404,orbit_obs_residuals,/home/admin/pipeline/xiaoyunao/data/heliolincrr/20260404/rr_links/orbit_confirm/orbit_obs_residuals.fits,True,ok,,,40320,2026-05-15T05:33:42.664488+00:00,1778823222664488045,22034fc004f30a92ff227e969d8a05e85dbbc14b3d6716615cdd9710bc924ed0,,,1,357,357,,"{""dec_deg"": ""dec_deg"", ""linkage_id"": ""linkage_id"", ""mjd"": ""mjd"", ""obs_key"": ""obs_key"", ""ra_deg"": ""ra_deg"", ""resid_arcsec"": ""resid_arcsec"", ""tracklet_id"": ""tracklet_id"", ""used"": ""used""}",[],[]
20260405,known_all,/processed1/20260405/L4/20260405_all_asteroids.fits,True,ok_with_missing_optional,,,9838080,2026-06-19T17:25:06.484416+00:00,1781889906484415783,42fcf5506bbdc2cbec683805500a7784ecfb63de760472fa55692eea05e5c8ee,,,1,50157,50157,source_file,"{""asteroid_name"": ""name"", ""asteroid_number"": ""number"", ""epoch_mjd"": ""epoch"", ""pred_dec_deg"": ""dec"", ""pred_geocentric_distance_au"": null, ""pred_heliocentric_distance_au"": null, ""pred_phase_angle_deg"": null, ""pred_ra_deg"": ""ra"", ""pred_solar_elongation_deg"": null, ""pred_v_mag"": ""mag""}",[],"[""pred_heliocentric_distance_au"", ""pred_geocentric_distance_au"", ""pred_solar_elongation_deg"", ""pred_phase_angle_deg""]"
20260405,known_matched,/processed1/20260405/L4/20260405_matched_asteroids.fits,True,ok_with_missing_optional,,,2004480,2026-06-19T17:25:06.798410+00:00,1781889906798409784,34333f992f837ae8c426516dbe1d2ae7602e4f43169c80ca5a327075ea7ebd24,,,1,2553,2553,source_file,"{""asteroid_name"": ""name"", ""asteroid_number"": ""number"", ""epoch_mjd"": ""epoch"", ""flag"": ""Flag"", ""flag_iso_num"": ""Flag_ISO_Num"", ""flux_aper4"": ""Flux_Aper4"", ""fluxerr_aper4"": ""FluxErr_Aper4"", ""fwhm_px"": ""FWHM"", ""mag_aper4"": ""Mag_Aper4"", ""mag_aper8"": ""Mag_Aper8"", ""mag_kron"": ""Mag_Kron"", ""mag_psf"": ""Mag_PSF"", ""magerr_aper4"": ""MagErr_Aper4"", ""magerr_aper8"": ""MagErr_Aper8"", ""magerr_kron"": ""MagErr_Kron"", ""magerr_psf"": ""MagErr_PSF"", ""obj_id"": ""objID"", ""obs_dec_err_deg"": ""DECErr_Win"", ""obs_dec_psf_deg"": ""DEC_PSF"", ""obs_dec_win_deg"": ""DEC_Win"", ""obs_ra_err_deg"": ""RAErr_Win"", ""obs_ra_psf_deg"": ""RA_PSF"", ""obs_ra_win_deg"": ""RA_Win"", ""pred_dec_deg"": ""dec"", ""pred_geocentric_distance_au"": null, ""pred_heliocentric_distance_au"": null, ""pred_phase_angle_deg"": null, ""pred_ra_deg"": ""ra"", ""pred_solar_elongation_deg"": null, ""pred_v_mag"": ""mag"", ""x_win_px"": ""X_Win"", ""y_win_px"": ""Y_Win""}",[],"[""pred_heliocentric_distance_au"", ""pred_geocentric_distance_au"", ""pred_solar_elongation_deg"", ""pred_phase_angle_deg""]"
20260405,known_mask15,/processed1/20260405/L4/20260405_matched_asteroids_mask15.fits,True,ok_with_missing_optional,,,2076480,2026-06-19T17:25:07.093404+00:00,1781889907093404149,cc54d78589bed29d49c53e6eedad41f5c0d53b1132ffd9d06ac6c255ef5499fd,,,1,2648,2648,source_file,"{""asteroid_name"": ""name"", ""asteroid_number"": ""number"", ""epoch_mjd"": ""epoch"", ""flag"": ""Flag"", ""flag_iso_num"": ""Flag_ISO_Num"", ""flux_aper4"": ""Flux_Aper4"", ""fluxerr_aper4"": ""FluxErr_Aper4"", ""fwhm_px"": ""FWHM"", ""mag_aper4"": ""Mag_Aper4"", ""mag_aper8"": ""Mag_Aper8"", ""mag_kron"": ""Mag_Kron"", ""mag_psf"": ""Mag_PSF"", ""magerr_aper4"": ""MagErr_Aper4"", ""magerr_aper8"": ""MagErr_Aper8"", ""magerr_kron"": ""MagErr_Kron"", ""magerr_psf"": ""MagErr_PSF"", ""obj_id"": ""objID"", ""obs_dec_err_deg"": ""DECErr_Win"", ""obs_dec_psf_deg"": ""DEC_PSF"", ""obs_dec_win_deg"": ""DEC_Win"", ""obs_ra_err_deg"": ""RAErr_Win"", ""obs_ra_psf_deg"": ""RA_PSF"", ""obs_ra_win_deg"": ""RA_Win"", ""pred_dec_deg"": ""dec"", ""pred_geocentric_distance_au"": null, ""pred_heliocentric_distance_au"": null, ""pred_phase_angle_deg"": null, ""pred_ra_deg"": ""ra"", ""pred_solar_elongation_deg"": null, ""pred_v_mag"": ""mag"", ""x_win_px"": ""X_Win"", ""y_win_px"": ""Y_Win""}",[],"[""pred_heliocentric_distance_au"", ""pred_geocentric_distance_au"", ""pred_solar_elongation_deg"", ""pred_phase_angle_deg""]"
20260405,unknown_catalog,/processed1/20260405/L4/20260405_unknown_links.fits,True,ok,,,11520,2026-06-20T03:06:25.159377+00:00,1781924785159377346,c9dcf876d4f9c35ad8f0bdd80b6541f2384515c167d5d87fd095e94bbd28df8d,,,1,7,7,image_names,"{""a_au"": ""a_au"", ""argp_deg"": ""argp_deg"", ""best_v1_kms"": ""best_v1_kms"", ""decs_deg"": ""decs_deg"", ""ecc"": ""ecc"", ""exp_pairs"": ""exp_pairs"", ""fit_ok"": ""fit_ok"", ""groups"": ""groups"", ""image_names"": ""image_names"", ""inc_deg"": ""inc_deg"", ""is_good"": ""is_good"", ""lin_dir_deg"": ""lin_dir_deg"", ""lin_rms_arcsec"": ""lin_rms_arcsec"", ""lin_speed_arcsec_per_day"": ""lin_speed_arcsec_per_day"", ""linkage_id"": ""linkage_id"", ""max_arcsec"": ""max_arcsec"", ""med_arcsec"": ""med_arcsec"", ""mjds"": ""mjds"", ""n_obs"": ""n_obs"", ""n_tracklets"": ""n_tracklets"", ""nu_deg"": ""nu_deg"", ""objids"": ""objids"", ""raan_deg"": ""raan_deg"", ""ras_deg"": ""ras_deg"", ""rms_arcsec"": ""rms_arcsec"", ""tracklet_ids"": ""tracklet_ids"", ""trk_sub"": ""trk_sub""}",[],[]
20260405,orbit_links,/home/admin/pipeline/xiaoyunao/data/heliolincrr/20260405/rr_links/orbit_confirm/orbit_links.fits,True,ok,,,112320,2026-05-15T05:34:52.025105+00:00,1778823292025105394,1aba085e6f382aa46176c7660cd729c6d5128f5a1761de66d3ba0be61257a2a5,,,1,303,303,,"{""a_au"": ""a_au"", ""argp_deg"": ""argp_deg"", ""best_rejected_max_v_kms"": ""best_rejected_max_v_kms"", ""best_v1_kms"": ""best_v1_kms"", ""ecc"": ""ecc"", ""fail_counts"": ""fail_counts"", ""fail_reason"": ""fail_reason"", ""final_max_v_kms"": ""final_max_v_kms"", ""fit_ok"": ""fit_ok"", ""hypo_r_au"": ""hypo_r_au"", ""hypo_rdd_au_day2"": ""hypo_rdd_au_day2"", ""hypo_rdot_au_day"": ""hypo_rdot_au_day"", ""inc_deg"": ""inc_deg"", ""inlier_tracklets"": ""inlier_tracklets"", ""is_good"": ""is_good"", ""lin_dir_deg"": ""lin_dir_deg"", ""lin_rms_arcsec"": ""lin_rms_arcsec"", ""lin_speed_arcsec_per_day"": ""lin_speed_arcsec_per_day"", ""linkage_id"": ""linkage_id"", ""max_arcsec"": ""max_arcsec"", ""med_arcsec"": ""med_arcsec"", ""min_rejected_max_v_kms"": ""min_rejected_max_v_kms"", ""n_nights"": ""n_nights"", ""n_obs"": ""n_obs"", ""n_tracklets"": ""n_tracklets"", ""nu_deg"": ""nu_deg"", ""pred_dec_deg"": ""pred_dec_deg"", ""pred_ra_deg"": ""pred_ra_deg"", ""raan_deg"": ""raan_deg"", ""rejected_tracklets"": ""rejected_tracklets"", ""rms_arcsec"": ""rms_arcsec"", ""seed_max_v_kms"": ""seed_max_v_kms"", ""seed_tracklets"": ""seed_tracklets""}",[],[]
20260405,orbit_obs_residuals,/home/admin/pipeline/xiaoyunao/data/heliolincrr/20260405/rr_links/orbit_confirm/orbit_obs_residuals.fits,True,ok,,,100800,2026-05-15T05:34:52.034042+00:00,1778823292034041805,5c45fa4bf148373da408c64c641579aa17ebe5cbbc513762cc1065d90ba5631a,,,1,972,972,,"{""dec_deg"": ""dec_deg"", ""linkage_id"": ""linkage_id"", ""mjd"": ""mjd"", ""obs_key"": ""obs_key"", ""ra_deg"": ""ra_deg"", ""resid_arcsec"": ""resid_arcsec"", ""tracklet_id"": ""tracklet_id"", ""used"": ""used""}",[],[]
20260406,known_all,/processed1/20260406/L4/20260406_all_asteroids.fits,True,ok_with_missing_optional,,,31498560,2026-06-19T17:32:29.170959+00:00,1781890349170958776,c95f1522c63040a6461ad799c93d19e8d2d702e87b1aeae9a286fd7eee7807b3,,,1,160663,160663,source_file,"{""asteroid_name"": ""name"", ""asteroid_number"": ""number"", ""epoch_mjd"": ""epoch"", ""pred_dec_deg"": ""dec"", ""pred_geocentric_distance_au"": null, ""pred_heliocentric_distance_au"": null, ""pred_phase_angle_deg"": null, ""pred_ra_deg"": ""ra"", ""pred_solar_elongation_deg"": null, ""pred_v_mag"": ""mag""}",[],"[""pred_heliocentric_distance_au"", ""pred_geocentric_distance_au"", ""pred_solar_elongation_deg"", ""pred_phase_angle_deg""]"
20260406,known_matched,/processed1/20260406/L4/20260406_matched_asteroids.fits,True,ok_with_missing_optional,,,6526080,2026-06-19T17:32:30.064942+00:00,1781890350064941702,cc6a1bef7ef83ea856d69024e2ef5c6803ee7517dc32e8ec1024ba568d5b5014,,,1,8395,8395,source_file,"{""asteroid_name"": ""name"", ""asteroid_number"": ""number"", ""epoch_mjd"": ""epoch"", ""flag"": ""Flag"", ""flag_iso_num"": ""Flag_ISO_Num"", ""flux_aper4"": ""Flux_Aper4"", ""fluxerr_aper4"": ""FluxErr_Aper4"", ""fwhm_px"": ""FWHM"", ""mag_aper4"": ""Mag_Aper4"", ""mag_aper8"": ""Mag_Aper8"", ""mag_kron"": ""Mag_Kron"", ""mag_psf"": ""Mag_PSF"", ""magerr_aper4"": ""MagErr_Aper4"", ""magerr_aper8"": ""MagErr_Aper8"", ""magerr_kron"": ""MagErr_Kron"", ""magerr_psf"": ""MagErr_PSF"", ""obj_id"": ""objID"", ""obs_dec_err_deg"": ""DECErr_Win"", ""obs_dec_psf_deg"": ""DEC_PSF"", ""obs_dec_win_deg"": ""DEC_Win"", ""obs_ra_err_deg"": ""RAErr_Win"", ""obs_ra_psf_deg"": ""RA_PSF"", ""obs_ra_win_deg"": ""RA_Win"", ""pred_dec_deg"": ""dec"", ""pred_geocentric_distance_au"": null, ""pred_heliocentric_distance_au"": null, ""pred_phase_angle_deg"": null, ""pred_ra_deg"": ""ra"", ""pred_solar_elongation_deg"": null, ""pred_v_mag"": ""mag"", ""x_win_px"": ""X_Win"", ""y_win_px"": ""Y_Win""}",[],"[""pred_heliocentric_distance_au"", ""pred_geocentric_distance_au"", ""pred_solar_elongation_deg"", ""pred_phase_angle_deg""]"
20260406,known_mask15,/processed1/20260406/L4/20260406_matched_asteroids_mask15.fits,True,ok_with_missing_optional,,,6744960,2026-06-19T17:32:30.949925+00:00,1781890350949924800,9715c54c7b77d60ce1d8014629f69eba9ff02eaa766f2c8c8c08b2165e483cdf,,,1,8679,8679,source_file,"{""asteroid_name"": ""name"", ""asteroid_number"": ""number"", ""epoch_mjd"": ""epoch"", ""flag"": ""Flag"", ""flag_iso_num"": ""Flag_ISO_Num"", ""flux_aper4"": ""Flux_Aper4"", ""fluxerr_aper4"": ""FluxErr_Aper4"", ""fwhm_px"": ""FWHM"", ""mag_aper4"": ""Mag_Aper4"", ""mag_aper8"": ""Mag_Aper8"", ""mag_kron"": ""Mag_Kron"", ""mag_psf"": ""Mag_PSF"", ""magerr_aper4"": ""MagErr_Aper4"", ""magerr_aper8"": ""MagErr_Aper8"", ""magerr_kron"": ""MagErr_Kron"", ""magerr_psf"": ""MagErr_PSF"", ""obj_id"": ""objID"", ""obs_dec_err_deg"": ""DECErr_Win"", ""obs_dec_psf_deg"": ""DEC_PSF"", ""obs_dec_win_deg"": ""DEC_Win"", ""obs_ra_err_deg"": ""RAErr_Win"", ""obs_ra_psf_deg"": ""RA_PSF"", ""obs_ra_win_deg"": ""RA_Win"", ""pred_dec_deg"": ""dec"", ""pred_geocentric_distance_au"": null, ""pred_heliocentric_distance_au"": null, ""pred_phase_angle_deg"": null, ""pred_ra_deg"": ""ra"", ""pred_solar_elongation_deg"": null, ""pred_v_mag"": ""mag"", ""x_win_px"": ""X_Win"", ""y_win_px"": ""Y_Win""}",[],"[""pred_heliocentric_distance_au"", ""pred_geocentric_distance_au"", ""pred_solar_elongation_deg"", ""pred_phase_angle_deg""]"
20260406,unknown_catalog,/processed1/20260406/L4/20260406_unknown_links.fits,True,ok,,,34560,2026-06-20T03:07:00.708697+00:00,1781924820708696800,00208ffbd14c504eb07e267f5db1a6a3b1bd0c0b1d053f1ca699c63f28e6470a,,,1,61,61,image_names,"{""a_au"": ""a_au"", ""argp_deg"": ""argp_deg"", ""best_v1_kms"": ""best_v1_kms"", ""decs_deg"": ""decs_deg"", ""ecc"": ""ecc"", ""exp_pairs"": ""exp_pairs"", ""fit_ok"": ""fit_ok"", ""groups"": ""groups"", ""image_names"": ""image_names"", ""inc_deg"": ""inc_deg"", ""is_good"": ""is_good"", ""lin_dir_deg"": ""lin_dir_deg"", ""lin_rms_arcsec"": ""lin_rms_arcsec"", ""lin_speed_arcsec_per_day"": ""lin_speed_arcsec_per_day"", ""linkage_id"": ""linkage_id"", ""max_arcsec"": ""max_arcsec"", ""med_arcsec"": ""med_arcsec"", ""mjds"": ""mjds"", ""n_obs"": ""n_obs"", ""n_tracklets"": ""n_tracklets"", ""nu_deg"": ""nu_deg"", ""objids"": ""objids"", ""raan_deg"": ""raan_deg"", ""ras_deg"": ""ras_deg"", ""rms_arcsec"": ""rms_arcsec"", ""tracklet_ids"": ""tracklet_ids"", ""trk_sub"": ""trk_sub""}",[],[]
20260406,orbit_links,/home/admin/pipeline/xiaoyunao/data/heliolincrr/20260406/rr_links/orbit_confirm/orbit_links.fits,True,ok,,,498240,2026-05-15T05:38:21.093998+00:00,1778823501093998508,ca0e4d5276ff71d0e3392a932c3972335aeec645e2e50d2884b976e840d3d788,,,1,1491,1491,,"{""a_au"": ""a_au"", ""argp_deg"": ""argp_deg"", ""best_rejected_max_v_kms"": ""best_rejected_max_v_kms"", ""best_v1_kms"": ""best_v1_kms"", ""ecc"": ""ecc"", ""fail_counts"": ""fail_counts"", ""fail_reason"": ""fail_reason"", ""final_max_v_kms"": ""final_max_v_kms"", ""fit_ok"": ""fit_ok"", ""hypo_r_au"": ""hypo_r_au"", ""hypo_rdd_au_day2"": ""hypo_rdd_au_day2"", ""hypo_rdot_au_day"": ""hypo_rdot_au_day"", ""inc_deg"": ""inc_deg"", ""inlier_tracklets"": ""inlier_tracklets"", ""is_good"": ""is_good"", ""lin_dir_deg"": ""lin_dir_deg"", ""lin_rms_arcsec"": ""lin_rms_arcsec"", ""lin_speed_arcsec_per_day"": ""lin_speed_arcsec_per_day"", ""linkage_id"": ""linkage_id"", ""max_arcsec"": ""max_arcsec"", ""med_arcsec"": ""med_arcsec"", ""min_rejected_max_v_kms"": ""min_rejected_max_v_kms"", ""n_nights"": ""n_nights"", ""n_obs"": ""n_obs"", ""n_tracklets"": ""n_tracklets"", ""nu_deg"": ""nu_deg"", ""pred_dec_deg"": ""pred_dec_deg"", ""pred_ra_deg"": ""pred_ra_deg"", ""raan_deg"": ""raan_deg"", ""rejected_tracklets"": ""rejected_tracklets"", ""rms_arcsec"": ""rms_arcsec"", ""seed_max_v_kms"": ""seed_max_v_kms"", ""seed_tracklets"": ""seed_tracklets""}",[],[]
20260406,orbit_obs_residuals,/home/admin/pipeline/xiaoyunao/data/heliolincrr/20260406/rr_links/orbit_confirm/orbit_obs_residuals.fits,True,ok,,,506880,2026-05-15T05:38:21.109296+00:00,1778823501109296396,c679f573506506e2ccf3769affde65ac94ed3562ac1ad7748cb765c3ea27742c,,,1,5274,5274,,"{""dec_deg"": ""dec_deg"", ""linkage_id"": ""linkage_id"", ""mjd"": ""mjd"", ""obs_key"": ""obs_key"", ""ra_deg"": ""ra_deg"", ""resid_arcsec"": ""resid_arcsec"", ""tracklet_id"": ""tracklet_id"", ""used"": ""used""}",[],[]
20260407,known_all,/processed1/20260407/L4/20260407_all_asteroids.fits,True,ok_with_missing_optional,,,29753280,2026-06-19T17:39:48.002577+00:00,1781890788002577375,d6e02f3eb0f9f550b8c2d3be6944cf4a208291b5efe5c72c99ffd4ea9e01e24c,,,1,151761,151761,source_file,"{""asteroid_name"": ""name"", ""asteroid_number"": ""number"", ""epoch_mjd"": ""epoch"", ""pred_dec_deg"": ""dec"", ""pred_geocentric_distance_au"": null, ""pred_heliocentric_distance_au"": null, ""pred_phase_angle_deg"": null, ""pred_ra_deg"": ""ra"", ""pred_solar_elongation_deg"": null, ""pred_v_mag"": ""mag""}",[],"[""pred_heliocentric_distance_au"", ""pred_geocentric_distance_au"", ""pred_solar_elongation_deg"", ""pred_phase_angle_deg""]"
20260407,known_matched,/processed1/20260407/L4/20260407_matched_asteroids.fits,True,ok_with_missing_optional,,,6166080,2026-06-19T17:39:48.870561+00:00,1781890788870560797,36249db4d503ca51eaf613e2403c324a008ae07287fe76853a1a95418890b66c,,,1,7933,7933,source_file,"{""asteroid_name"": ""name"", ""asteroid_number"": ""number"", ""epoch_mjd"": ""epoch"", ""flag"": ""Flag"", ""flag_iso_num"": ""Flag_ISO_Num"", ""flux_aper4"": ""Flux_Aper4"", ""fluxerr_aper4"": ""FluxErr_Aper4"", ""fwhm_px"": ""FWHM"", ""mag_aper4"": ""Mag_Aper4"", ""mag_aper8"": ""Mag_Aper8"", ""mag_kron"": ""Mag_Kron"", ""mag_psf"": ""Mag_PSF"", ""magerr_aper4"": ""MagErr_Aper4"", ""magerr_aper8"": ""MagErr_Aper8"", ""magerr_kron"": ""MagErr_Kron"", ""magerr_psf"": ""MagErr_PSF"", ""obj_id"": ""objID"", ""obs_dec_err_deg"": ""DECErr_Win"", ""obs_dec_psf_deg"": ""DEC_PSF"", ""obs_dec_win_deg"": ""DEC_Win"", ""obs_ra_err_deg"": ""RAErr_Win"", ""obs_ra_psf_deg"": ""RA_PSF"", ""obs_ra_win_deg"": ""RA_Win"", ""pred_dec_deg"": ""dec"", ""pred_geocentric_distance_au"": null, ""pred_heliocentric_distance_au"": null, ""pred_phase_angle_deg"": null, ""pred_ra_deg"": ""ra"", ""pred_solar_elongation_deg"": null, ""pred_v_mag"": ""mag"", ""x_win_px"": ""X_Win"", ""y_win_px"": ""Y_Win""}",[],"[""pred_heliocentric_distance_au"", ""pred_geocentric_distance_au"", ""pred_solar_elongation_deg"", ""pred_phase_angle_deg""]"
20260407,known_mask15,/processed1/20260407/L4/20260407_matched_asteroids_mask15.fits,True,ok_with_missing_optional,,,6347520,2026-06-19T17:39:49.746544+00:00,1781890789746544066,b4883d5418b94e2f2562f5d8dc2d694fc9e9043e32b97bdf196ac6877c258863,,,1,8166,8166,source_file,"{""asteroid_name"": ""name"", ""asteroid_number"": ""number"", ""epoch_mjd"": ""epoch"", ""flag"": ""Flag"", ""flag_iso_num"": ""Flag_ISO_Num"", ""flux_aper4"": ""Flux_Aper4"", ""fluxerr_aper4"": ""FluxErr_Aper4"", ""fwhm_px"": ""FWHM"", ""mag_aper4"": ""Mag_Aper4"", ""mag_aper8"": ""Mag_Aper8"", ""mag_kron"": ""Mag_Kron"", ""mag_psf"": ""Mag_PSF"", ""magerr_aper4"": ""MagErr_Aper4"", ""magerr_aper8"": ""MagErr_Aper8"", ""magerr_kron"": ""MagErr_Kron"", ""magerr_psf"": ""MagErr_PSF"", ""obj_id"": ""objID"", ""obs_dec_err_deg"": ""DECErr_Win"", ""obs_dec_psf_deg"": ""DEC_PSF"", ""obs_dec_win_deg"": ""DEC_Win"", ""obs_ra_err_deg"": ""RAErr_Win"", ""obs_ra_psf_deg"": ""RA_PSF"", ""obs_ra_win_deg"": ""RA_Win"", ""pred_dec_deg"": ""dec"", ""pred_geocentric_distance_au"": null, ""pred_heliocentric_distance_au"": null, ""pred_phase_angle_deg"": null, ""pred_ra_deg"": ""ra"", ""pred_solar_elongation_deg"": null, ""pred_v_mag"": ""mag"", ""x_win_px"": ""X_Win"", ""y_win_px"": ""Y_Win""}",[],"[""pred_heliocentric_distance_au"", ""pred_geocentric_distance_au"", ""pred_solar_elongation_deg"", ""pred_phase_angle_deg""]"
20260407,unknown_catalog,/processed1/20260407/L4/20260407_unknown_links.fits,True,ok,,,60480,2026-06-20T03:08:23.243117+00:00,1781924903243116781,86b01a68dd1520218417ab48b166cae441c5d2cf587dc211d94df9972725c32d,,,1,98,98,image_names,"{""a_au"": ""a_au"", ""argp_deg"": ""argp_deg"", ""best_v1_kms"": ""best_v1_kms"", ""decs_deg"": ""decs_deg"", ""ecc"": ""ecc"", ""exp_pairs"": ""exp_pairs"", ""fit_ok"": ""fit_ok"", ""groups"": ""groups"", ""image_names"": ""image_names"", ""inc_deg"": ""inc_deg"", ""is_good"": ""is_good"", ""lin_dir_deg"": ""lin_dir_deg"", ""lin_rms_arcsec"": ""lin_rms_arcsec"", ""lin_speed_arcsec_per_day"": ""lin_speed_arcsec_per_day"", ""linkage_id"": ""linkage_id"", ""max_arcsec"": ""max_arcsec"", ""med_arcsec"": ""med_arcsec"", ""mjds"": ""mjds"", ""n_obs"": ""n_obs"", ""n_tracklets"": ""n_tracklets"", ""nu_deg"": ""nu_deg"", ""objids"": ""objids"", ""raan_deg"": ""raan_deg"", ""ras_deg"": ""ras_deg"", ""rms_arcsec"": ""rms_arcsec"", ""tracklet_ids"": ""tracklet_ids"", ""trk_sub"": ""trk_sub""}",[],[]
20260407,orbit_links,/home/admin/pipeline/xiaoyunao/data/heliolincrr/20260407/rr_links/orbit_confirm/orbit_links.fits,True,ok,,,492480,2026-05-15T05:54:49.369178+00:00,1778824489369178399,09b1449b263b9f987abdac7d4c675f67c3c5088aa4a8ce8425dac751295ff2d5,,,1,1470,1470,,"{""a_au"": ""a_au"", ""argp_deg"": ""argp_deg"", ""best_rejected_max_v_kms"": ""best_rejected_max_v_kms"", ""best_v1_kms"": ""best_v1_kms"", ""ecc"": ""ecc"", ""fail_counts"": ""fail_counts"", ""fail_reason"": ""fail_reason"", ""final_max_v_kms"": ""final_max_v_kms"", ""fit_ok"": ""fit_ok"", ""hypo_r_au"": ""hypo_r_au"", ""hypo_rdd_au_day2"": ""hypo_rdd_au_day2"", ""hypo_rdot_au_day"": ""hypo_rdot_au_day"", ""inc_deg"": ""inc_deg"", ""inlier_tracklets"": ""inlier_tracklets"", ""is_good"": ""is_good"", ""lin_dir_deg"": ""lin_dir_deg"", ""lin_rms_arcsec"": ""lin_rms_arcsec"", ""lin_speed_arcsec_per_day"": ""lin_speed_arcsec_per_day"", ""linkage_id"": ""linkage_id"", ""max_arcsec"": ""max_arcsec"", ""med_arcsec"": ""med_arcsec"", ""min_rejected_max_v_kms"": ""min_rejected_max_v_kms"", ""n_nights"": ""n_nights"", ""n_obs"": ""n_obs"", ""n_tracklets"": ""n_tracklets"", ""nu_deg"": ""nu_deg"", ""pred_dec_deg"": ""pred_dec_deg"", ""pred_ra_deg"": ""pred_ra_deg"", ""raan_deg"": ""raan_deg"", ""rejected_tracklets"": ""rejected_tracklets"", ""rms_arcsec"": ""rms_arcsec"", ""seed_max_v_kms"": ""seed_max_v_kms"", ""seed_tracklets"": ""seed_tracklets""}",[],[]
20260407,orbit_obs_residuals,/home/admin/pipeline/xiaoyunao/data/heliolincrr/20260407/rr_links/orbit_confirm/orbit_obs_residuals.fits,True,ok,,,529920,2026-05-15T05:54:49.384226+00:00,1778824489384225615,3e687dcc1b6c4a6e4bbfd306bf4682d50f15232c700762622770a23df793fbed,,,1,5498,5498,,"{""dec_deg"": ""dec_deg"", ""linkage_id"": ""linkage_id"", ""mjd"": ""mjd"", ""obs_key"": ""obs_key"", ""ra_deg"": ""ra_deg"", ""resid_arcsec"": ""resid_arcsec"", ""tracklet_id"": ""tracklet_id"", ""used"": ""used""}",[],[]
20260408,known_all,/processed1/20260408/L4/20260408_all_asteroids.fits,False,missing,,,0,,0,,,,1,0,0,,{},[],[]
20260408,known_matched,/processed1/20260408/L4/20260408_matched_asteroids.fits,False,missing,,,0,,0,,,,1,0,0,,{},[],[]
20260408,known_mask15,/processed1/20260408/L4/20260408_matched_asteroids_mask15.fits,False,missing,,,0,,0,,,,1,0,0,,{},[],[]
20260408,unknown_catalog,/processed1/20260408/L4/20260408_unknown_links.fits,False,missing,,,0,,0,,,,1,0,0,,{},[],[]
20260408,orbit_links,/home/admin/pipeline/xiaoyunao/data/heliolincrr/20260408/rr_links/orbit_confirm/orbit_links.fits,False,missing,,,0,,0,,,,1,0,0,,{},[],[]
20260408,orbit_obs_residuals,/home/admin/pipeline/xiaoyunao/data/heliolincrr/20260408/rr_links/orbit_confirm/orbit_obs_residuals.fits,False,missing,,,0,,0,,,,1,0,0,,{},[],[]
20260409,known_all,/processed1/20260409/L4/20260409_all_asteroids.fits,False,missing,,,0,,0,,,,1,0,0,,{},[],[]
20260409,known_matched,/processed1/20260409/L4/20260409_matched_asteroids.fits,False,missing,,,0,,0,,,,1,0,0,,{},[],[]
20260409,known_mask15,/processed1/20260409/L4/20260409_matched_asteroids_mask15.fits,False,missing,,,0,,0,,,,1,0,0,,{},[],[]
20260409,unknown_catalog,/processed1/20260409/L4/20260409_unknown_links.fits,False,missing,,,0,,0,,,,1,0,0,,{},[],[]
20260409,orbit_links,/home/admin/pipeline/xiaoyunao/data/heliolincrr/20260409/rr_links/orbit_confirm/orbit_links.fits,False,missing,,,0,,0,,,,1,0,0,,{},[],[]
20260409,orbit_obs_residuals,/home/admin/pipeline/xiaoyunao/data/heliolincrr/20260409/rr_links/orbit_confirm/orbit_obs_residuals.fits,False,missing,,,0,,0,,,,1,0,0,,{},[],[]
20260410,known_all,/processed1/20260410/L4/20260410_all_asteroids.fits,True,ok_with_missing_optional,,,17354880,2026-06-19T17:44:29.802195+00:00,1781891069802195183,d5ed63d75c655af70360412047c01ffddac4356d2c60da1675041e44423c0e76,,,1,88515,88515,source_file,"{""asteroid_name"": ""name"", ""asteroid_number"": ""number"", ""epoch_mjd"": ""epoch"", ""pred_dec_deg"": ""dec"", ""pred_geocentric_distance_au"": null, ""pred_heliocentric_distance_au"": null, ""pred_phase_angle_deg"": null, ""pred_ra_deg"": ""ra"", ""pred_solar_elongation_deg"": null, ""pred_v_mag"": ""mag""}",[],"[""pred_heliocentric_distance_au"", ""pred_geocentric_distance_au"", ""pred_solar_elongation_deg"", ""pred_phase_angle_deg""]"
20260410,known_matched,/processed1/20260410/L4/20260410_matched_asteroids.fits,True,ok_with_missing_optional,,,4872960,2026-06-19T17:44:30.394184+00:00,1781891070394183877,954751c7c709010d8aee09cf784cb642b9b7211294be9bced52f2b0103856b91,,,1,6261,6261,source_file,"{""asteroid_name"": ""name"", ""asteroid_number"": ""number"", ""epoch_mjd"": ""epoch"", ""flag"": ""Flag"", ""flag_iso_num"": ""Flag_ISO_Num"", ""flux_aper4"": ""Flux_Aper4"", ""fluxerr_aper4"": ""FluxErr_Aper4"", ""fwhm_px"": ""FWHM"", ""mag_aper4"": ""Mag_Aper4"", ""mag_aper8"": ""Mag_Aper8"", ""mag_kron"": ""Mag_Kron"", ""mag_psf"": ""Mag_PSF"", ""magerr_aper4"": ""MagErr_Aper4"", ""magerr_aper8"": ""MagErr_Aper8"", ""magerr_kron"": ""MagErr_Kron"", ""magerr_psf"": ""MagErr_PSF"", ""obj_id"": ""objID"", ""obs_dec_err_deg"": ""DECErr_Win"", ""obs_dec_psf_deg"": ""DEC_PSF"", ""obs_dec_win_deg"": ""DEC_Win"", ""obs_ra_err_deg"": ""RAErr_Win"", ""obs_ra_psf_deg"": ""RA_PSF"", ""obs_ra_win_deg"": ""RA_Win"", ""pred_dec_deg"": ""dec"", ""pred_geocentric_distance_au"": null, ""pred_heliocentric_distance_au"": null, ""pred_phase_angle_deg"": null, ""pred_ra_deg"": ""ra"", ""pred_solar_elongation_deg"": null, ""pred_v_mag"": ""mag"", ""x_win_px"": ""X_Win"", ""y_win_px"": ""Y_Win""}",[],"[""pred_heliocentric_distance_au"", ""pred_geocentric_distance_au"", ""pred_solar_elongation_deg"", ""pred_phase_angle_deg""]"
20260410,known_mask15,/processed1/20260410/L4/20260410_matched_asteroids_mask15.fits,True,ok_with_missing_optional,,,4999680,2026-06-19T17:44:30.960173+00:00,1781891070960173067,0ebce7a99e05000596725c1582e1e54bb2fee96d2457e6fd64d1ec9728a0c3ca,,,1,6426,6426,source_file,"{""asteroid_name"": ""name"", ""asteroid_number"": ""number"", ""epoch_mjd"": ""epoch"", ""flag"": ""Flag"", ""flag_iso_num"": ""Flag_ISO_Num"", ""flux_aper4"": ""Flux_Aper4"", ""fluxerr_aper4"": ""FluxErr_Aper4"", ""fwhm_px"": ""FWHM"", ""mag_aper4"": ""Mag_Aper4"", ""mag_aper8"": ""Mag_Aper8"", ""mag_kron"": ""Mag_Kron"", ""mag_psf"": ""Mag_PSF"", ""magerr_aper4"": ""MagErr_Aper4"", ""magerr_aper8"": ""MagErr_Aper8"", ""magerr_kron"": ""MagErr_Kron"", ""magerr_psf"": ""MagErr_PSF"", ""obj_id"": ""objID"", ""obs_dec_err_deg"": ""DECErr_Win"", ""obs_dec_psf_deg"": ""DEC_PSF"", ""obs_dec_win_deg"": ""DEC_Win"", ""obs_ra_err_deg"": ""RAErr_Win"", ""obs_ra_psf_deg"": ""RA_PSF"", ""obs_ra_win_deg"": ""RA_Win"", ""pred_dec_deg"": ""dec"", ""pred_geocentric_distance_au"": null, ""pred_heliocentric_distance_au"": null, ""pred_phase_angle_deg"": null, ""pred_ra_deg"": ""ra"", ""pred_solar_elongation_deg"": null, ""pred_v_mag"": ""mag"", ""x_win_px"": ""X_Win"", ""y_win_px"": ""Y_Win""}",[],"[""pred_heliocentric_distance_au"", ""pred_geocentric_distance_au"", ""pred_solar_elongation_deg"", ""pred_phase_angle_deg""]"
20260410,unknown_catalog,/processed1/20260410/L4/20260410_unknown_links.fits,True,ok,,,23040,2026-06-20T03:10:10.199069+00:00,1781925010199069244,b11307ef910570506ff3ef009a753ce178c7335921bc297e9b4fbac4012beb5b,,,1,27,27,image_names,"{""a_au"": ""a_au"", ""argp_deg"": ""argp_deg"", ""best_v1_kms"": ""best_v1_kms"", ""decs_deg"": ""decs_deg"", ""ecc"": ""ecc"", ""exp_pairs"": ""exp_pairs"", ""fit_ok"": ""fit_ok"", ""groups"": ""groups"", ""image_names"": ""image_names"", ""inc_deg"": ""inc_deg"", ""is_good"": ""is_good"", ""lin_dir_deg"": ""lin_dir_deg"", ""lin_rms_arcsec"": ""lin_rms_arcsec"", ""lin_speed_arcsec_per_day"": ""lin_speed_arcsec_per_day"", ""linkage_id"": ""linkage_id"", ""max_arcsec"": ""max_arcsec"", ""med_arcsec"": ""med_arcsec"", ""mjds"": ""mjds"", ""n_obs"": ""n_obs"", ""n_tracklets"": ""n_tracklets"", ""nu_deg"": ""nu_deg"", ""objids"": ""objids"", ""raan_deg"": ""raan_deg"", ""ras_deg"": ""ras_deg"", ""rms_arcsec"": ""rms_arcsec"", ""tracklet_ids"": ""tracklet_ids"", ""trk_sub"": ""trk_sub""}",[],[]
20260410,orbit_links,/home/admin/pipeline/xiaoyunao/data/heliolincrr/20260410/rr_links/orbit_confirm/orbit_links.fits,True,ok,,,388800,2026-05-15T06:18:19.560186+00:00,1778825899560186296,9718cba86ca637019676ed6931433792318e3ccbb0c01d31b265330f48f2c5d6,,,1,1151,1151,,"{""a_au"": ""a_au"", ""argp_deg"": ""argp_deg"", ""best_rejected_max_v_kms"": ""best_rejected_max_v_kms"", ""best_v1_kms"": ""best_v1_kms"", ""ecc"": ""ecc"", ""fail_counts"": ""fail_counts"", ""fail_reason"": ""fail_reason"", ""final_max_v_kms"": ""final_max_v_kms"", ""fit_ok"": ""fit_ok"", ""hypo_r_au"": ""hypo_r_au"", ""hypo_rdd_au_day2"": ""hypo_rdd_au_day2"", ""hypo_rdot_au_day"": ""hypo_rdot_au_day"", ""inc_deg"": ""inc_deg"", ""inlier_tracklets"": ""inlier_tracklets"", ""is_good"": ""is_good"", ""lin_dir_deg"": ""lin_dir_deg"", ""lin_rms_arcsec"": ""lin_rms_arcsec"", ""lin_speed_arcsec_per_day"": ""lin_speed_arcsec_per_day"", ""linkage_id"": ""linkage_id"", ""max_arcsec"": ""max_arcsec"", ""med_arcsec"": ""med_arcsec"", ""min_rejected_max_v_kms"": ""min_rejected_max_v_kms"", ""n_nights"": ""n_nights"", ""n_obs"": ""n_obs"", ""n_tracklets"": ""n_tracklets"", ""nu_deg"": ""nu_deg"", ""pred_dec_deg"": ""pred_dec_deg"", ""pred_ra_deg"": ""pred_ra_deg"", ""raan_deg"": ""raan_deg"", ""rejected_tracklets"": ""rejected_tracklets"", ""rms_arcsec"": ""rms_arcsec"", ""seed_max_v_kms"": ""seed_max_v_kms"", ""seed_tracklets"": ""seed_tracklets""}",[],[]
20260410,orbit_obs_residuals,/home/admin/pipeline/xiaoyunao/data/heliolincrr/20260410/rr_links/orbit_confirm/orbit_obs_residuals.fits,True,ok,,,380160,2026-05-15T06:18:19.572754+00:00,1778825899572754292,c8c33edc23685954ae1625c516a7695fb8d79420deeb15436773018ddf2ba546,,,1,3940,3940,,"{""dec_deg"": ""dec_deg"", ""linkage_id"": ""linkage_id"", ""mjd"": ""mjd"", ""obs_key"": ""obs_key"", ""ra_deg"": ""ra_deg"", ""resid_arcsec"": ""resid_arcsec"", ""tracklet_id"": ""tracklet_id"", ""used"": ""used""}",[],[]
20260411,known_all,/processed1/20260411/L4/20260411_all_asteroids.fits,True,ok_with_missing_optional,,,11194560,2026-06-19T17:47:14.273054+00:00,1781891234273053896,7a410f16336b7a643f3d7cbe3856ab706f3da103f7040930720a2c9d3e3a304f,,,1,57085,57085,source_file,"{""asteroid_name"": ""name"", ""asteroid_number"": ""number"", ""epoch_mjd"": ""epoch"", ""pred_dec_deg"": ""dec"", ""pred_geocentric_distance_au"": null, ""pred_heliocentric_distance_au"": null, ""pred_phase_angle_deg"": null, ""pred_ra_deg"": ""ra"", ""pred_solar_elongation_deg"": null, ""pred_v_mag"": ""mag""}",[],"[""pred_heliocentric_distance_au"", ""pred_geocentric_distance_au"", ""pred_solar_elongation_deg"", ""pred_phase_angle_deg""]"
20260411,known_matched,/processed1/20260411/L4/20260411_matched_asteroids.fits,True,ok_with_missing_optional,,,1062720,2026-06-19T17:47:14.619047+00:00,1781891234619047288,b80b4534be147d52b9f6157d479e2fbb66b73e1d2ca0a672f42214f1212b44c9,,,1,1336,1336,source_file,"{""asteroid_name"": ""name"", ""asteroid_number"": ""number"", ""epoch_mjd"": ""epoch"", ""flag"": ""Flag"", ""flag_iso_num"": ""Flag_ISO_Num"", ""flux_aper4"": ""Flux_Aper4"", ""fluxerr_aper4"": ""FluxErr_Aper4"", ""fwhm_px"": ""FWHM"", ""mag_aper4"": ""Mag_Aper4"", ""mag_aper8"": ""Mag_Aper8"", ""mag_kron"": ""Mag_Kron"", ""mag_psf"": ""Mag_PSF"", ""magerr_aper4"": ""MagErr_Aper4"", ""magerr_aper8"": ""MagErr_Aper8"", ""magerr_kron"": ""MagErr_Kron"", ""magerr_psf"": ""MagErr_PSF"", ""obj_id"": ""objID"", ""obs_dec_err_deg"": ""DECErr_Win"", ""obs_dec_psf_deg"": ""DEC_PSF"", ""obs_dec_win_deg"": ""DEC_Win"", ""obs_ra_err_deg"": ""RAErr_Win"", ""obs_ra_psf_deg"": ""RA_PSF"", ""obs_ra_win_deg"": ""RA_Win"", ""pred_dec_deg"": ""dec"", ""pred_geocentric_distance_au"": null, ""pred_heliocentric_distance_au"": null, ""pred_phase_angle_deg"": null, ""pred_ra_deg"": ""ra"", ""pred_solar_elongation_deg"": null, ""pred_v_mag"": ""mag"", ""x_win_px"": ""X_Win"", ""y_win_px"": ""Y_Win""}",[],"[""pred_heliocentric_distance_au"", ""pred_geocentric_distance_au"", ""pred_solar_elongation_deg"", ""pred_phase_angle_deg""]"
20260411,known_mask15,/processed1/20260411/L4/20260411_matched_asteroids_mask15.fits,True,ok_with_missing_optional,,,1117440,2026-06-19T17:47:14.941041+00:00,1781891234941041138,1437ae0756f7c3c88f2069d62d8a93a0091696d9a815dc7c09f3ec89119d9bd3,,,1,1410,1410,source_file,"{""asteroid_name"": ""name"", ""asteroid_number"": ""number"", ""epoch_mjd"": ""epoch"", ""flag"": ""Flag"", ""flag_iso_num"": ""Flag_ISO_Num"", ""flux_aper4"": ""Flux_Aper4"", ""fluxerr_aper4"": ""FluxErr_Aper4"", ""fwhm_px"": ""FWHM"", ""mag_aper4"": ""Mag_Aper4"", ""mag_aper8"": ""Mag_Aper8"", ""mag_kron"": ""Mag_Kron"", ""mag_psf"": ""Mag_PSF"", ""magerr_aper4"": ""MagErr_Aper4"", ""magerr_aper8"": ""MagErr_Aper8"", ""magerr_kron"": ""MagErr_Kron"", ""magerr_psf"": ""MagErr_PSF"", ""obj_id"": ""objID"", ""obs_dec_err_deg"": ""DECErr_Win"", ""obs_dec_psf_deg"": ""DEC_PSF"", ""obs_dec_win_deg"": ""DEC_Win"", ""obs_ra_err_deg"": ""RAErr_Win"", ""obs_ra_psf_deg"": ""RA_PSF"", ""obs_ra_win_deg"": ""RA_Win"", ""pred_dec_deg"": ""dec"", ""pred_geocentric_distance_au"": null, ""pred_heliocentric_distance_au"": null, ""pred_phase_angle_deg"": null, ""pred_ra_deg"": ""ra"", ""pred_solar_elongation_deg"": null, ""pred_v_mag"": ""mag"", ""x_win_px"": ""X_Win"", ""y_win_px"": ""Y_Win""}",[],"[""pred_heliocentric_distance_au"", ""pred_geocentric_distance_au"", ""pred_solar_elongation_deg"", ""pred_phase_angle_deg""]"
20260411,unknown_catalog,/processed1/20260411/L4/20260411_unknown_links.fits,True,ok,,,11520,2026-06-20T03:10:48.867329+00:00,1781925048867328989,c3fe16d55c5d9b5c2954fc506f599b3b0063fcc49c1006ff83dee873551c0414,,,1,7,7,image_names,"{""a_au"": ""a_au"", ""argp_deg"": ""argp_deg"", ""best_v1_kms"": ""best_v1_kms"", ""decs_deg"": ""decs_deg"", ""ecc"": ""ecc"", ""exp_pairs"": ""exp_pairs"", ""fit_ok"": ""fit_ok"", ""groups"": ""groups"", ""image_names"": ""image_names"", ""inc_deg"": ""inc_deg"", ""is_good"": ""is_good"", ""lin_dir_deg"": ""lin_dir_deg"", ""lin_rms_arcsec"": ""lin_rms_arcsec"", ""lin_speed_arcsec_per_day"": ""lin_speed_arcsec_per_day"", ""linkage_id"": ""linkage_id"", ""max_arcsec"": ""max_arcsec"", ""med_arcsec"": ""med_arcsec"", ""mjds"": ""mjds"", ""n_obs"": ""n_obs"", ""n_tracklets"": ""n_tracklets"", ""nu_deg"": ""nu_deg"", ""objids"": ""objids"", ""raan_deg"": ""raan_deg"", ""ras_deg"": ""ras_deg"", ""rms_arcsec"": ""rms_arcsec"", ""tracklet_ids"": ""tracklet_ids"", ""trk_sub"": ""trk_sub""}",[],[]
20260411,orbit_links,/home/admin/pipeline/xiaoyunao/data/heliolincrr/20260411/rr_links/orbit_confirm/orbit_links.fits,True,ok,,,69120,2026-05-15T06:25:33.478976+00:00,1778826333478976309,fa047e808fea1bae15fb9db27dba059114a1fa0ec2c8fa55596dfa66a589fd04,,,1,168,168,,"{""a_au"": ""a_au"", ""argp_deg"": ""argp_deg"", ""best_rejected_max_v_kms"": ""best_rejected_max_v_kms"", ""best_v1_kms"": ""best_v1_kms"", ""ecc"": ""ecc"", ""fail_counts"": ""fail_counts"", ""fail_reason"": ""fail_reason"", ""final_max_v_kms"": ""final_max_v_kms"", ""fit_ok"": ""fit_ok"", ""hypo_r_au"": ""hypo_r_au"", ""hypo_rdd_au_day2"": ""hypo_rdd_au_day2"", ""hypo_rdot_au_day"": ""hypo_rdot_au_day"", ""inc_deg"": ""inc_deg"", ""inlier_tracklets"": ""inlier_tracklets"", ""is_good"": ""is_good"", ""lin_dir_deg"": ""lin_dir_deg"", ""lin_rms_arcsec"": ""lin_rms_arcsec"", ""lin_speed_arcsec_per_day"": ""lin_speed_arcsec_per_day"", ""linkage_id"": ""linkage_id"", ""max_arcsec"": ""max_arcsec"", ""med_arcsec"": ""med_arcsec"", ""min_rejected_max_v_kms"": ""min_rejected_max_v_kms"", ""n_nights"": ""n_nights"", ""n_obs"": ""n_obs"", ""n_tracklets"": ""n_tracklets"", ""nu_deg"": ""nu_deg"", ""pred_dec_deg"": ""pred_dec_deg"", ""pred_ra_deg"": ""pred_ra_deg"", ""raan_deg"": ""raan_deg"", ""rejected_tracklets"": ""rejected_tracklets"", ""rms_arcsec"": ""rms_arcsec"", ""seed_max_v_kms"": ""seed_max_v_kms"", ""seed_tracklets"": ""seed_tracklets""}",[],[]
20260411,orbit_obs_residuals,/home/admin/pipeline/xiaoyunao/data/heliolincrr/20260411/rr_links/orbit_confirm/orbit_obs_residuals.fits,True,ok,,,60480,2026-05-15T06:25:33.486521+00:00,1778826333486520802,2655d69d86e261698a37c797ba1f45f6d579dbb6062feeaec8ab911172fb367e,,,1,574,574,,"{""dec_deg"": ""dec_deg"", ""linkage_id"": ""linkage_id"", ""mjd"": ""mjd"", ""obs_key"": ""obs_key"", ""ra_deg"": ""ra_deg"", ""resid_arcsec"": ""resid_arcsec"", ""tracklet_id"": ""tracklet_id"", ""used"": ""used""}",[],[]
20260412,known_all,/processed1/20260412/L4/20260412_all_asteroids.fits,True,ok_with_missing_optional,,,1872000,2026-06-19T17:47:55.853260+00:00,1781891275853259741,6cada0bb42a1388be0a60ac3d4cbbd99d2deebdb47f6487fa54bd736541b2928,,,1,9517,9517,source_file,"{""asteroid_name"": ""name"", ""asteroid_number"": ""number"", ""epoch_mjd"": ""epoch"", ""pred_dec_deg"": ""dec"", ""pred_geocentric_distance_au"": null, ""pred_heliocentric_distance_au"": null, ""pred_phase_angle_deg"": null, ""pred_ra_deg"": ""ra"", ""pred_solar_elongation_deg"": null, ""pred_v_mag"": ""mag""}",[],"[""pred_heliocentric_distance_au"", ""pred_geocentric_distance_au"", ""pred_solar_elongation_deg"", ""pred_phase_angle_deg""]"
20260412,known_matched,/processed1/20260412/L4/20260412_matched_asteroids.fits,True,ok_with_missing_optional,,,178560,2026-06-19T17:47:55.956258+00:00,1781891275956257773,05bae379bd4c4d61c14f6dcafb057a1f3f29d68d6f7413cb383140a0739aa8cf,,,1,195,195,source_file,"{""asteroid_name"": ""name"", ""asteroid_number"": ""number"", ""epoch_mjd"": ""epoch"", ""flag"": ""Flag"", ""flag_iso_num"": ""Flag_ISO_Num"", ""flux_aper4"": ""Flux_Aper4"", ""fluxerr_aper4"": ""FluxErr_Aper4"", ""fwhm_px"": ""FWHM"", ""mag_aper4"": ""Mag_Aper4"", ""mag_aper8"": ""Mag_Aper8"", ""mag_kron"": ""Mag_Kron"", ""mag_psf"": ""Mag_PSF"", ""magerr_aper4"": ""MagErr_Aper4"", ""magerr_aper8"": ""MagErr_Aper8"", ""magerr_kron"": ""MagErr_Kron"", ""magerr_psf"": ""MagErr_PSF"", ""obj_id"": ""objID"", ""obs_dec_err_deg"": ""DECErr_Win"", ""obs_dec_psf_deg"": ""DEC_PSF"", ""obs_dec_win_deg"": ""DEC_Win"", ""obs_ra_err_deg"": ""RAErr_Win"", ""obs_ra_psf_deg"": ""RA_PSF"", ""obs_ra_win_deg"": ""RA_Win"", ""pred_dec_deg"": ""dec"", ""pred_geocentric_distance_au"": null, ""pred_heliocentric_distance_au"": null, ""pred_phase_angle_deg"": null, ""pred_ra_deg"": ""ra"", ""pred_solar_elongation_deg"": null, ""pred_v_mag"": ""mag"", ""x_win_px"": ""X_Win"", ""y_win_px"": ""Y_Win""}",[],"[""pred_heliocentric_distance_au"", ""pred_geocentric_distance_au"", ""pred_solar_elongation_deg"", ""pred_phase_angle_deg""]"
20260412,known_mask15,/processed1/20260412/L4/20260412_matched_asteroids_mask15.fits,True,ok_with_missing_optional,,,187200,2026-06-19T17:47:56.060256+00:00,1781891276060255787,94ab154581066c4f669aeb361dfacf9b428fdc4838b5090eb30189a73fdb1436,,,1,205,205,source_file,"{""asteroid_name"": ""name"", ""asteroid_number"": ""number"", ""epoch_mjd"": ""epoch"", ""flag"": ""Flag"", ""flag_iso_num"": ""Flag_ISO_Num"", ""flux_aper4"": ""Flux_Aper4"", ""fluxerr_aper4"": ""FluxErr_Aper4"", ""fwhm_px"": ""FWHM"", ""mag_aper4"": ""Mag_Aper4"", ""mag_aper8"": ""Mag_Aper8"", ""mag_kron"": ""Mag_Kron"", ""mag_psf"": ""Mag_PSF"", ""magerr_aper4"": ""MagErr_Aper4"", ""magerr_aper8"": ""MagErr_Aper8"", ""magerr_kron"": ""MagErr_Kron"", ""magerr_psf"": ""MagErr_PSF"", ""obj_id"": ""objID"", ""obs_dec_err_deg"": ""DECErr_Win"", ""obs_dec_psf_deg"": ""DEC_PSF"", ""obs_dec_win_deg"": ""DEC_Win"", ""obs_ra_err_deg"": ""RAErr_Win"", ""obs_ra_psf_deg"": ""RA_PSF"", ""obs_ra_win_deg"": ""RA_Win"", ""pred_dec_deg"": ""dec"", ""pred_geocentric_distance_au"": null, ""pred_heliocentric_distance_au"": null, ""pred_phase_angle_deg"": null, ""pred_ra_deg"": ""ra"", ""pred_solar_elongation_deg"": null, ""pred_v_mag"": ""mag"", ""x_win_px"": ""X_Win"", ""y_win_px"": ""Y_Win""}",[],"[""pred_heliocentric_distance_au"", ""pred_geocentric_distance_au"", ""pred_solar_elongation_deg"", ""pred_phase_angle_deg""]"
20260412,unknown_catalog,/processed1/20260412/L4/20260412_unknown_links.fits,True,ok,,,8640,2026-06-20T03:10:57.881156+00:00,1781925057881156430,ae49cc5e768ea74f2b9233e8e4b56e4db77dd4c3219b06a6ce6ae1d2f558cb89,,,1,0,0,image_names,"{""a_au"": ""a_au"", ""argp_deg"": ""argp_deg"", ""best_v1_kms"": ""best_v1_kms"", ""decs_deg"": ""decs_deg"", ""ecc"": ""ecc"", ""exp_pairs"": ""exp_pairs"", ""fit_ok"": ""fit_ok"", ""groups"": ""groups"", ""image_names"": ""image_names"", ""inc_deg"": ""inc_deg"", ""is_good"": ""is_good"", ""lin_dir_deg"": ""lin_dir_deg"", ""lin_rms_arcsec"": ""lin_rms_arcsec"", ""lin_speed_arcsec_per_day"": ""lin_speed_arcsec_per_day"", ""linkage_id"": ""linkage_id"", ""max_arcsec"": ""max_arcsec"", ""med_arcsec"": ""med_arcsec"", ""mjds"": ""mjds"", ""n_obs"": ""n_obs"", ""n_tracklets"": ""n_tracklets"", ""nu_deg"": ""nu_deg"", ""objids"": ""objids"", ""raan_deg"": ""raan_deg"", ""ras_deg"": ""ras_deg"", ""rms_arcsec"": ""rms_arcsec"", ""tracklet_ids"": ""tracklet_ids"", ""trk_sub"": ""trk_sub""}",[],[]
20260412,orbit_links,/home/admin/pipeline/xiaoyunao/data/heliolincrr/20260412/rr_links/orbit_confirm/orbit_links.fits,True,ok,,,11520,2026-05-15T06:27:36.542732+00:00,1778826456542731475,5323b11ceb211c71dfcd1a1cadf9aa238e98c9344feed36759c1f1e2268302bf,,,1,0,0,,"{""a_au"": ""a_au"", ""argp_deg"": ""argp_deg"", ""best_rejected_max_v_kms"": ""best_rejected_max_v_kms"", ""best_v1_kms"": ""best_v1_kms"", ""ecc"": ""ecc"", ""fail_counts"": ""fail_counts"", ""fail_reason"": ""fail_reason"", ""final_max_v_kms"": ""final_max_v_kms"", ""fit_ok"": ""fit_ok"", ""hypo_r_au"": ""hypo_r_au"", ""hypo_rdd_au_day2"": ""hypo_rdd_au_day2"", ""hypo_rdot_au_day"": ""hypo_rdot_au_day"", ""inc_deg"": ""inc_deg"", ""inlier_tracklets"": ""inlier_tracklets"", ""is_good"": ""is_good"", ""lin_dir_deg"": ""lin_dir_deg"", ""lin_rms_arcsec"": ""lin_rms_arcsec"", ""lin_speed_arcsec_per_day"": ""lin_speed_arcsec_per_day"", ""linkage_id"": ""linkage_id"", ""max_arcsec"": ""max_arcsec"", ""med_arcsec"": ""med_arcsec"", ""min_rejected_max_v_kms"": ""min_rejected_max_v_kms"", ""n_nights"": ""n_nights"", ""n_obs"": ""n_obs"", ""n_tracklets"": ""n_tracklets"", ""nu_deg"": ""nu_deg"", ""pred_dec_deg"": ""pred_dec_deg"", ""pred_ra_deg"": ""pred_ra_deg"", ""raan_deg"": ""raan_deg"", ""rejected_tracklets"": ""rejected_tracklets"", ""rms_arcsec"": ""rms_arcsec"", ""seed_max_v_kms"": ""seed_max_v_kms"", ""seed_tracklets"": ""seed_tracklets""}",[],[]
20260412,orbit_obs_residuals,/home/admin/pipeline/xiaoyunao/data/heliolincrr/20260412/rr_links/orbit_confirm/orbit_obs_residuals.fits,True,ok,,,5760,2026-05-15T06:27:36.550015+00:00,1778826456550015075,8cb9bc87ba4df7002239bfc6d8a94042f298c42b20abaf56814238a5bf926e3f,,,1,0,0,,"{""dec_deg"": ""dec_deg"", ""linkage_id"": ""linkage_id"", ""mjd"": ""mjd"", ""obs_key"": ""obs_key"", ""ra_deg"": ""ra_deg"", ""resid_arcsec"": ""resid_arcsec"", ""tracklet_id"": ""tracklet_id"", ""used"": ""used""}",[],[]
20260413,known_all,/processed1/20260413/L4/20260413_all_asteroids.fits,False,missing,,,0,,0,,,,1,0,0,,{},[],[]
20260413,known_matched,/processed1/20260413/L4/20260413_matched_asteroids.fits,False,missing,,,0,,0,,,,1,0,0,,{},[],[]
20260413,known_mask15,/processed1/20260413/L4/20260413_matched_asteroids_mask15.fits,False,missing,,,0,,0,,,,1,0,0,,{},[],[]
20260413,unknown_catalog,/processed1/20260413/L4/20260413_unknown_links.fits,False,missing,,,0,,0,,,,1,0,0,,{},[],[]
20260413,orbit_links,/home/admin/pipeline/xiaoyunao/data/heliolincrr/20260413/rr_links/orbit_confirm/orbit_links.fits,False,missing,,,0,,0,,,,1,0,0,,{},[],[]
20260413,orbit_obs_residuals,/home/admin/pipeline/xiaoyunao/data/heliolincrr/20260413/rr_links/orbit_confirm/orbit_obs_residuals.fits,False,missing,,,0,,0,,,,1,0,0,,{},[],[]
20260414,known_all,/processed1/20260414/L4/20260414_all_asteroids.fits,True,ok_with_missing_optional,,,6943680,2026-06-19T19:43:04.672452+00:00,1781898184672452224,af6ef7b0a338e26770ae36fd3ccee1f0a006b5be24f6eb52ce7ec916fd9fb3cd,,,1,35394,35394,source_file,"{""asteroid_name"": ""name"", ""asteroid_number"": ""number"", ""epoch_mjd"": ""epoch"", ""pred_dec_deg"": ""dec"", ""pred_geocentric_distance_au"": null, ""pred_heliocentric_distance_au"": null, ""pred_phase_angle_deg"": null, ""pred_ra_deg"": ""ra"", ""pred_solar_elongation_deg"": null, ""pred_v_mag"": ""mag""}",[],"[""pred_heliocentric_distance_au"", ""pred_geocentric_distance_au"", ""pred_solar_elongation_deg"", ""pred_phase_angle_deg""]"
20260414,known_matched,/processed1/20260414/L4/20260414_matched_asteroids.fits,True,ok_with_missing_optional,,,414720,2026-06-19T19:43:04.902448+00:00,1781898184902447832,dd3ee6c3a0c43237fa7c5c13afff2c98abb14a8f46e4efcc83428118b59ec5b0,,,1,499,499,source_file,"{""asteroid_name"": ""name"", ""asteroid_number"": ""number"", ""epoch_mjd"": ""epoch"", ""flag"": ""Flag"", ""flag_iso_num"": ""Flag_ISO_Num"", ""flux_aper4"": ""Flux_Aper4"", ""fluxerr_aper4"": ""FluxErr_Aper4"", ""fwhm_px"": ""FWHM"", ""mag_aper4"": ""Mag_Aper4"", ""mag_aper8"": ""Mag_Aper8"", ""mag_kron"": ""Mag_Kron"", ""mag_psf"": ""Mag_PSF"", ""magerr_aper4"": ""MagErr_Aper4"", ""magerr_aper8"": ""MagErr_Aper8"", ""magerr_kron"": ""MagErr_Kron"", ""magerr_psf"": ""MagErr_PSF"", ""obj_id"": ""objID"", ""obs_dec_err_deg"": ""DECErr_Win"", ""obs_dec_psf_deg"": ""DEC_PSF"", ""obs_dec_win_deg"": ""DEC_Win"", ""obs_ra_err_deg"": ""RAErr_Win"", ""obs_ra_psf_deg"": ""RA_PSF"", ""obs_ra_win_deg"": ""RA_Win"", ""pred_dec_deg"": ""dec"", ""pred_geocentric_distance_au"": null, ""pred_heliocentric_distance_au"": null, ""pred_phase_angle_deg"": null, ""pred_ra_deg"": ""ra"", ""pred_solar_elongation_deg"": null, ""pred_v_mag"": ""mag"", ""x_win_px"": ""X_Win"", ""y_win_px"": ""Y_Win""}",[],"[""pred_heliocentric_distance_au"", ""pred_geocentric_distance_au"", ""pred_solar_elongation_deg"", ""pred_phase_angle_deg""]"
20260414,known_mask15,/processed1/20260414/L4/20260414_matched_asteroids_mask15.fits,True,ok_with_missing_optional,,,429120,2026-06-19T19:43:05.129443+00:00,1781898185129443497,1ac2a6f1b618161183e383d4025156ff406ce59ebf5739e950f9bf55965b65a4,,,1,520,520,source_file,"{""asteroid_name"": ""name"", ""asteroid_number"": ""number"", ""epoch_mjd"": ""epoch"", ""flag"": ""Flag"", ""flag_iso_num"": ""Flag_ISO_Num"", ""flux_aper4"": ""Flux_Aper4"", ""fluxerr_aper4"": ""FluxErr_Aper4"", ""fwhm_px"": ""FWHM"", ""mag_aper4"": ""Mag_Aper4"", ""mag_aper8"": ""Mag_Aper8"", ""mag_kron"": ""Mag_Kron"", ""mag_psf"": ""Mag_PSF"", ""magerr_aper4"": ""MagErr_Aper4"", ""magerr_aper8"": ""MagErr_Aper8"", ""magerr_kron"": ""MagErr_Kron"", ""magerr_psf"": ""MagErr_PSF"", ""obj_id"": ""objID"", ""obs_dec_err_deg"": ""DECErr_Win"", ""obs_dec_psf_deg"": ""DEC_PSF"", ""obs_dec_win_deg"": ""DEC_Win"", ""obs_ra_err_deg"": ""RAErr_Win"", ""obs_ra_psf_deg"": ""RA_PSF"", ""obs_ra_win_deg"": ""RA_Win"", ""pred_dec_deg"": ""dec"", ""pred_geocentric_distance_au"": null, ""pred_heliocentric_distance_au"": null, ""pred_phase_angle_deg"": null, ""pred_ra_deg"": ""ra"", ""pred_solar_elongation_deg"": null, ""pred_v_mag"": ""mag"", ""x_win_px"": ""X_Win"", ""y_win_px"": ""Y_Win""}",[],"[""pred_heliocentric_distance_au"", ""pred_geocentric_distance_au"", ""pred_solar_elongation_deg"", ""pred_phase_angle_deg""]"
20260414,unknown_catalog,/processed1/20260414/L4/20260414_unknown_links.fits,False,missing,,,0,,0,,,,1,0,0,,{},[],[]
20260414,orbit_links,/home/admin/pipeline/xiaoyunao/data/heliolincrr/20260414/rr_links/orbit_confirm/orbit_links.fits,False,missing,,,0,,0,,,,1,0,0,,{},[],[]
20260414,orbit_obs_residuals,/home/admin/pipeline/xiaoyunao/data/heliolincrr/20260414/rr_links/orbit_confirm/orbit_obs_residuals.fits,False,missing,,,0,,0,,,,1,0,0,,{},[],[]
20260415,known_all,/processed1/20260415/L4/20260415_all_asteroids.fits,False,missing,,,0,,0,,,,1,0,0,,{},[],[]
20260415,known_matched,/processed1/20260415/L4/20260415_matched_asteroids.fits,False,missing,,,0,,0,,,,1,0,0,,{},[],[]
20260415,known_mask15,/processed1/20260415/L4/20260415_matched_asteroids_mask15.fits,False,missing,,,0,,0,,,,1,0,0,,{},[],[]
20260415,unknown_catalog,/processed1/20260415/L4/20260415_unknown_links.fits,False,missing,,,0,,0,,,,1,0,0,,{},[],[]
20260415,orbit_links,/home/admin/pipeline/xiaoyunao/data/heliolincrr/20260415/rr_links/orbit_confirm/orbit_links.fits,False,missing,,,0,,0,,,,1,0,0,,{},[],[]
20260415,orbit_obs_residuals,/home/admin/pipeline/xiaoyunao/data/heliolincrr/20260415/rr_links/orbit_confirm/orbit_obs_residuals.fits,False,missing,,,0,,0,,,,1,0,0,,{},[],[]
20260416,known_all,/processed1/20260416/L4/20260416_all_asteroids.fits,False,missing,,,0,,0,,,,1,0,0,,{},[],[]
20260416,known_matched,/processed1/20260416/L4/20260416_matched_asteroids.fits,False,missing,,,0,,0,,,,1,0,0,,{},[],[]
20260416,known_mask15,/processed1/20260416/L4/20260416_matched_asteroids_mask15.fits,False,missing,,,0,,0,,,,1,0,0,,{},[],[]
20260416,unknown_catalog,/processed1/20260416/L4/20260416_unknown_links.fits,False,missing,,,0,,0,,,,1,0,0,,{},[],[]
20260416,orbit_links,/home/admin/pipeline/xiaoyunao/data/heliolincrr/20260416/rr_links/orbit_confirm/orbit_links.fits,False,missing,,,0,,0,,,,1,0,0,,{},[],[]
20260416,orbit_obs_residuals,/home/admin/pipeline/xiaoyunao/data/heliolincrr/20260416/rr_links/orbit_confirm/orbit_obs_residuals.fits,False,missing,,,0,,0,,,,1,0,0,,{},[],[]
20260417,known_all,/processed1/20260417/L4/20260417_all_asteroids.fits,False,missing,,,0,,0,,,,1,0,0,,{},[],[]
20260417,known_matched,/processed1/20260417/L4/20260417_matched_asteroids.fits,False,missing,,,0,,0,,,,1,0,0,,{},[],[]
20260417,known_mask15,/processed1/20260417/L4/20260417_matched_asteroids_mask15.fits,False,missing,,,0,,0,,,,1,0,0,,{},[],[]
20260417,unknown_catalog,/processed1/20260417/L4/20260417_unknown_links.fits,False,missing,,,0,,0,,,,1,0,0,,{},[],[]
20260417,orbit_links,/home/admin/pipeline/xiaoyunao/data/heliolincrr/20260417/rr_links/orbit_confirm/orbit_links.fits,False,missing,,,0,,0,,,,1,0,0,,{},[],[]
20260417,orbit_obs_residuals,/home/admin/pipeline/xiaoyunao/data/heliolincrr/20260417/rr_links/orbit_confirm/orbit_obs_residuals.fits,False,missing,,,0,,0,,,,1,0,0,,{},[],[]
20260418,known_all,/processed1/20260418/L4/20260418_all_asteroids.fits,False,missing,,,0,,0,,,,1,0,0,,{},[],[]
20260418,known_matched,/processed1/20260418/L4/20260418_matched_asteroids.fits,False,missing,,,0,,0,,,,1,0,0,,{},[],[]
20260418,known_mask15,/processed1/20260418/L4/20260418_matched_asteroids_mask15.fits,False,missing,,,0,,0,,,,1,0,0,,{},[],[]
20260418,unknown_catalog,/processed1/20260418/L4/20260418_unknown_links.fits,False,missing,,,0,,0,,,,1,0,0,,{},[],[]
20260418,orbit_links,/home/admin/pipeline/xiaoyunao/data/heliolincrr/20260418/rr_links/orbit_confirm/orbit_links.fits,False,missing,,,0,,0,,,,1,0,0,,{},[],[]
20260418,orbit_obs_residuals,/home/admin/pipeline/xiaoyunao/data/heliolincrr/20260418/rr_links/orbit_confirm/orbit_obs_residuals.fits,False,missing,,,0,,0,,,,1,0,0,,{},[],[]
20260419,known_all,/processed1/20260419/L4/20260419_all_asteroids.fits,False,missing,,,0,,0,,,,1,0,0,,{},[],[]
20260419,known_matched,/processed1/20260419/L4/20260419_matched_asteroids.fits,False,missing,,,0,,0,,,,1,0,0,,{},[],[]
20260419,known_mask15,/processed1/20260419/L4/20260419_matched_asteroids_mask15.fits,False,missing,,,0,,0,,,,1,0,0,,{},[],[]
20260419,unknown_catalog,/processed1/20260419/L4/20260419_unknown_links.fits,False,missing,,,0,,0,,,,1,0,0,,{},[],[]
20260419,orbit_links,/home/admin/pipeline/xiaoyunao/data/heliolincrr/20260419/rr_links/orbit_confirm/orbit_links.fits,False,missing,,,0,,0,,,,1,0,0,,{},[],[]
20260419,orbit_obs_residuals,/home/admin/pipeline/xiaoyunao/data/heliolincrr/20260419/rr_links/orbit_confirm/orbit_obs_residuals.fits,False,missing,,,0,,0,,,,1,0,0,,{},[],[]
20260420,known_all,/processed1/20260420/L4/20260420_all_asteroids.fits,True,ok_with_missing_optional,,,27210240,2026-06-19T17:54:44.578452+00:00,1781891684578451949,45c209ea49e843e5acca76c196ff5b493800cc379fbe07f591ab8e803dfa1f39,,,1,138784,138784,source_file,"{""asteroid_name"": ""name"", ""asteroid_number"": ""number"", ""epoch_mjd"": ""epoch"", ""pred_dec_deg"": ""dec"", ""pred_geocentric_distance_au"": null, ""pred_heliocentric_distance_au"": null, ""pred_phase_angle_deg"": null, ""pred_ra_deg"": ""ra"", ""pred_solar_elongation_deg"": null, ""pred_v_mag"": ""mag""}",[],"[""pred_heliocentric_distance_au"", ""pred_geocentric_distance_au"", ""pred_solar_elongation_deg"", ""pred_phase_angle_deg""]"
20260420,known_matched,/processed1/20260420/L4/20260420_matched_asteroids.fits,True,ok_with_missing_optional,,,6370560,2026-06-19T17:54:45.399436+00:00,1781891685399436265,dd32a0897825cc3d384ade45f9b056f34c64677a4b939546ddac3a76c616fd5c,,,1,8194,8194,source_file,"{""asteroid_name"": ""name"", ""asteroid_number"": ""number"", ""epoch_mjd"": ""epoch"", ""flag"": ""Flag"", ""flag_iso_num"": ""Flag_ISO_Num"", ""flux_aper4"": ""Flux_Aper4"", ""fluxerr_aper4"": ""FluxErr_Aper4"", ""fwhm_px"": ""FWHM"", ""mag_aper4"": ""Mag_Aper4"", ""mag_aper8"": ""Mag_Aper8"", ""mag_kron"": ""Mag_Kron"", ""mag_psf"": ""Mag_PSF"", ""magerr_aper4"": ""MagErr_Aper4"", ""magerr_aper8"": ""MagErr_Aper8"", ""magerr_kron"": ""MagErr_Kron"", ""magerr_psf"": ""MagErr_PSF"", ""obj_id"": ""objID"", ""obs_dec_err_deg"": ""DECErr_Win"", ""obs_dec_psf_deg"": ""DEC_PSF"", ""obs_dec_win_deg"": ""DEC_Win"", ""obs_ra_err_deg"": ""RAErr_Win"", ""obs_ra_psf_deg"": ""RA_PSF"", ""obs_ra_win_deg"": ""RA_Win"", ""pred_dec_deg"": ""dec"", ""pred_geocentric_distance_au"": null, ""pred_heliocentric_distance_au"": null, ""pred_phase_angle_deg"": null, ""pred_ra_deg"": ""ra"", ""pred_solar_elongation_deg"": null, ""pred_v_mag"": ""mag"", ""x_win_px"": ""X_Win"", ""y_win_px"": ""Y_Win""}",[],"[""pred_heliocentric_distance_au"", ""pred_geocentric_distance_au"", ""pred_solar_elongation_deg"", ""pred_phase_angle_deg""]"
20260420,known_mask15,/processed1/20260420/L4/20260420_matched_asteroids_mask15.fits,True,ok_with_missing_optional,,,6589440,2026-06-19T17:54:46.188421+00:00,1781891686188421193,710e3001161751a05a43acba3d3251f861c0b9bc3e698fbf2be63eb0bf0ebaa7,,,1,8480,8480,source_file,"{""asteroid_name"": ""name"", ""asteroid_number"": ""number"", ""epoch_mjd"": ""epoch"", ""flag"": ""Flag"", ""flag_iso_num"": ""Flag_ISO_Num"", ""flux_aper4"": ""Flux_Aper4"", ""fluxerr_aper4"": ""FluxErr_Aper4"", ""fwhm_px"": ""FWHM"", ""mag_aper4"": ""Mag_Aper4"", ""mag_aper8"": ""Mag_Aper8"", ""mag_kron"": ""Mag_Kron"", ""mag_psf"": ""Mag_PSF"", ""magerr_aper4"": ""MagErr_Aper4"", ""magerr_aper8"": ""MagErr_Aper8"", ""magerr_kron"": ""MagErr_Kron"", ""magerr_psf"": ""MagErr_PSF"", ""obj_id"": ""objID"", ""obs_dec_err_deg"": ""DECErr_Win"", ""obs_dec_psf_deg"": ""DEC_PSF"", ""obs_dec_win_deg"": ""DEC_Win"", ""obs_ra_err_deg"": ""RAErr_Win"", ""obs_ra_psf_deg"": ""RA_PSF"", ""obs_ra_win_deg"": ""RA_Win"", ""pred_dec_deg"": ""dec"", ""pred_geocentric_distance_au"": null, ""pred_heliocentric_distance_au"": null, ""pred_phase_angle_deg"": null, ""pred_ra_deg"": ""ra"", ""pred_solar_elongation_deg"": null, ""pred_v_mag"": ""mag"", ""x_win_px"": ""X_Win"", ""y_win_px"": ""Y_Win""}",[],"[""pred_heliocentric_distance_au"", ""pred_geocentric_distance_au"", ""pred_solar_elongation_deg"", ""pred_phase_angle_deg""]"
20260420,unknown_catalog,/processed1/20260420/L4/20260420_unknown_links.fits,True,ok,,,63360,2026-06-20T03:11:24.312650+00:00,1781925084312650432,6402802f7beef69542870776cadb5d44eda5652cb0ed0017a5e6519638a59979,,,1,106,106,image_names,"{""a_au"": ""a_au"", ""argp_deg"": ""argp_deg"", ""best_v1_kms"": ""best_v1_kms"", ""decs_deg"": ""decs_deg"", ""ecc"": ""ecc"", ""exp_pairs"": ""exp_pairs"", ""fit_ok"": ""fit_ok"", ""groups"": ""groups"", ""image_names"": ""image_names"", ""inc_deg"": ""inc_deg"", ""is_good"": ""is_good"", ""lin_dir_deg"": ""lin_dir_deg"", ""lin_rms_arcsec"": ""lin_rms_arcsec"", ""lin_speed_arcsec_per_day"": ""lin_speed_arcsec_per_day"", ""linkage_id"": ""linkage_id"", ""max_arcsec"": ""max_arcsec"", ""med_arcsec"": ""med_arcsec"", ""mjds"": ""mjds"", ""n_obs"": ""n_obs"", ""n_tracklets"": ""n_tracklets"", ""nu_deg"": ""nu_deg"", ""objids"": ""objids"", ""raan_deg"": ""raan_deg"", ""ras_deg"": ""ras_deg"", ""rms_arcsec"": ""rms_arcsec"", ""tracklet_ids"": ""tracklet_ids"", ""trk_sub"": ""trk_sub""}",[],[]
20260420,orbit_links,/home/admin/pipeline/xiaoyunao/data/heliolincrr/20260420/rr_links/orbit_confirm/orbit_links.fits,True,ok,,,619200,2026-05-15T06:29:20.675191+00:00,1778826560675191463,adb99a0a9bafac7050f54ab67b181025ff4086051e4823a8a3ef6dbeb4625847,,,1,1750,1750,,"{""a_au"": ""a_au"", ""argp_deg"": ""argp_deg"", ""best_rejected_max_v_kms"": ""best_rejected_max_v_kms"", ""best_v1_kms"": ""best_v1_kms"", ""ecc"": ""ecc"", ""fail_counts"": ""fail_counts"", ""fail_reason"": ""fail_reason"", ""final_max_v_kms"": ""final_max_v_kms"", ""fit_ok"": ""fit_ok"", ""hypo_r_au"": ""hypo_r_au"", ""hypo_rdd_au_day2"": ""hypo_rdd_au_day2"", ""hypo_rdot_au_day"": ""hypo_rdot_au_day"", ""inc_deg"": ""inc_deg"", ""inlier_tracklets"": ""inlier_tracklets"", ""is_good"": ""is_good"", ""lin_dir_deg"": ""lin_dir_deg"", ""lin_rms_arcsec"": ""lin_rms_arcsec"", ""lin_speed_arcsec_per_day"": ""lin_speed_arcsec_per_day"", ""linkage_id"": ""linkage_id"", ""max_arcsec"": ""max_arcsec"", ""med_arcsec"": ""med_arcsec"", ""min_rejected_max_v_kms"": ""min_rejected_max_v_kms"", ""n_nights"": ""n_nights"", ""n_obs"": ""n_obs"", ""n_tracklets"": ""n_tracklets"", ""nu_deg"": ""nu_deg"", ""pred_dec_deg"": ""pred_dec_deg"", ""pred_ra_deg"": ""pred_ra_deg"", ""raan_deg"": ""raan_deg"", ""rejected_tracklets"": ""rejected_tracklets"", ""rms_arcsec"": ""rms_arcsec"", ""seed_max_v_kms"": ""seed_max_v_kms"", ""seed_tracklets"": ""seed_tracklets""}",[],[]
20260420,orbit_obs_residuals,/home/admin/pipeline/xiaoyunao/data/heliolincrr/20260420/rr_links/orbit_confirm/orbit_obs_residuals.fits,True,ok,,,578880,2026-05-15T06:29:20.691192+00:00,1778826560691192100,44d1b21ae06eb4f5f0830c3a6bea4bbac250eb1d0bbaa0fe64be464be8cc7991,,,1,6007,6007,,"{""dec_deg"": ""dec_deg"", ""linkage_id"": ""linkage_id"", ""mjd"": ""mjd"", ""obs_key"": ""obs_key"", ""ra_deg"": ""ra_deg"", ""resid_arcsec"": ""resid_arcsec"", ""tracklet_id"": ""tracklet_id"", ""used"": ""used""}",[],[]
20260421,known_all,/processed1/20260421/L4/20260421_all_asteroids.fits,False,missing,,,0,,0,,,,1,0,0,,{},[],[]
20260421,known_matched,/processed1/20260421/L4/20260421_matched_asteroids.fits,False,missing,,,0,,0,,,,1,0,0,,{},[],[]
20260421,known_mask15,/processed1/20260421/L4/20260421_matched_asteroids_mask15.fits,False,missing,,,0,,0,,,,1,0,0,,{},[],[]
20260421,unknown_catalog,/processed1/20260421/L4/20260421_unknown_links.fits,False,missing,,,0,,0,,,,1,0,0,,{},[],[]
20260421,orbit_links,/home/admin/pipeline/xiaoyunao/data/heliolincrr/20260421/rr_links/orbit_confirm/orbit_links.fits,False,missing,,,0,,0,,,,1,0,0,,{},[],[]
20260421,orbit_obs_residuals,/home/admin/pipeline/xiaoyunao/data/heliolincrr/20260421/rr_links/orbit_confirm/orbit_obs_residuals.fits,False,missing,,,0,,0,,,,1,0,0,,{},[],[]
20260422,known_all,/processed1/20260422/L4/20260422_all_asteroids.fits,True,ok_with_missing_optional,,,6050880,2026-06-19T17:56:39.304260+00:00,1781891799304260280,b94c7e12fe50b740aadfeca4c16c1bb487185b203f91a96fef86457370c8c21e,,,1,30835,30835,source_file,"{""asteroid_name"": ""name"", ""asteroid_number"": ""number"", ""epoch_mjd"": ""epoch"", ""pred_dec_deg"": ""dec"", ""pred_geocentric_distance_au"": null, ""pred_heliocentric_distance_au"": null, ""pred_phase_angle_deg"": null, ""pred_ra_deg"": ""ra"", ""pred_solar_elongation_deg"": null, ""pred_v_mag"": ""mag""}",[],"[""pred_heliocentric_distance_au"", ""pred_geocentric_distance_au"", ""pred_solar_elongation_deg"", ""pred_phase_angle_deg""]"
20260422,known_matched,/processed1/20260422/L4/20260422_matched_asteroids.fits,True,ok_with_missing_optional,,,1016640,2026-06-19T17:56:39.548256+00:00,1781891799548255619,40896ffecb6b314ead2b50fe2adb296bdee6d6df2627724c2f98dae9895f12d0,,,1,1278,1278,source_file,"{""asteroid_name"": ""name"", ""asteroid_number"": ""number"", ""epoch_mjd"": ""epoch"", ""flag"": ""Flag"", ""flag_iso_num"": ""Flag_ISO_Num"", ""flux_aper4"": ""Flux_Aper4"", ""fluxerr_aper4"": ""FluxErr_Aper4"", ""fwhm_px"": ""FWHM"", ""mag_aper4"": ""Mag_Aper4"", ""mag_aper8"": ""Mag_Aper8"", ""mag_kron"": ""Mag_Kron"", ""mag_psf"": ""Mag_PSF"", ""magerr_aper4"": ""MagErr_Aper4"", ""magerr_aper8"": ""MagErr_Aper8"", ""magerr_kron"": ""MagErr_Kron"", ""magerr_psf"": ""MagErr_PSF"", ""obj_id"": ""objID"", ""obs_dec_err_deg"": ""DECErr_Win"", ""obs_dec_psf_deg"": ""DEC_PSF"", ""obs_dec_win_deg"": ""DEC_Win"", ""obs_ra_err_deg"": ""RAErr_Win"", ""obs_ra_psf_deg"": ""RA_PSF"", ""obs_ra_win_deg"": ""RA_Win"", ""pred_dec_deg"": ""dec"", ""pred_geocentric_distance_au"": null, ""pred_heliocentric_distance_au"": null, ""pred_phase_angle_deg"": null, ""pred_ra_deg"": ""ra"", ""pred_solar_elongation_deg"": null, ""pred_v_mag"": ""mag"", ""x_win_px"": ""X_Win"", ""y_win_px"": ""Y_Win""}",[],"[""pred_heliocentric_distance_au"", ""pred_geocentric_distance_au"", ""pred_solar_elongation_deg"", ""pred_phase_angle_deg""]"
20260422,known_mask15,/processed1/20260422/L4/20260422_matched_asteroids_mask15.fits,True,ok_with_missing_optional,,,1042560,2026-06-19T17:56:39.791251+00:00,1781891799791250977,8f5c224ba973a718f27283924eb0d9d4e0d7c80fb849c01fe939b260ccc3afe2,,,1,1310,1310,source_file,"{""asteroid_name"": ""name"", ""asteroid_number"": ""number"", ""epoch_mjd"": ""epoch"", ""flag"": ""Flag"", ""flag_iso_num"": ""Flag_ISO_Num"", ""flux_aper4"": ""Flux_Aper4"", ""fluxerr_aper4"": ""FluxErr_Aper4"", ""fwhm_px"": ""FWHM"", ""mag_aper4"": ""Mag_Aper4"", ""mag_aper8"": ""Mag_Aper8"", ""mag_kron"": ""Mag_Kron"", ""mag_psf"": ""Mag_PSF"", ""magerr_aper4"": ""MagErr_Aper4"", ""magerr_aper8"": ""MagErr_Aper8"", ""magerr_kron"": ""MagErr_Kron"", ""magerr_psf"": ""MagErr_PSF"", ""obj_id"": ""objID"", ""obs_dec_err_deg"": ""DECErr_Win"", ""obs_dec_psf_deg"": ""DEC_PSF"", ""obs_dec_win_deg"": ""DEC_Win"", ""obs_ra_err_deg"": ""RAErr_Win"", ""obs_ra_psf_deg"": ""RA_PSF"", ""obs_ra_win_deg"": ""RA_Win"", ""pred_dec_deg"": ""dec"", ""pred_geocentric_distance_au"": null, ""pred_heliocentric_distance_au"": null, ""pred_phase_angle_deg"": null, ""pred_ra_deg"": ""ra"", ""pred_solar_elongation_deg"": null, ""pred_v_mag"": ""mag"", ""x_win_px"": ""X_Win"", ""y_win_px"": ""Y_Win""}",[],"[""pred_heliocentric_distance_au"", ""pred_geocentric_distance_au"", ""pred_solar_elongation_deg"", ""pred_phase_angle_deg""]"
20260422,unknown_catalog,/processed1/20260422/L4/20260422_unknown_links.fits,True,ok,,,11520,2026-06-20T03:13:15.706518+00:00,1781925195706517936,e281d30c2361717c11155362d932466e083eaeab09597e75831ae8935c37971a,,,1,7,7,image_names,"{""a_au"": ""a_au"", ""argp_deg"": ""argp_deg"", ""best_v1_kms"": ""best_v1_kms"", ""decs_deg"": ""decs_deg"", ""ecc"": ""ecc"", ""exp_pairs"": ""exp_pairs"", ""fit_ok"": ""fit_ok"", ""groups"": ""groups"", ""image_names"": ""image_names"", ""inc_deg"": ""inc_deg"", ""is_good"": ""is_good"", ""lin_dir_deg"": ""lin_dir_deg"", ""lin_rms_arcsec"": ""lin_rms_arcsec"", ""lin_speed_arcsec_per_day"": ""lin_speed_arcsec_per_day"", ""linkage_id"": ""linkage_id"", ""max_arcsec"": ""max_arcsec"", ""med_arcsec"": ""med_arcsec"", ""mjds"": ""mjds"", ""n_obs"": ""n_obs"", ""n_tracklets"": ""n_tracklets"", ""nu_deg"": ""nu_deg"", ""objids"": ""objids"", ""raan_deg"": ""raan_deg"", ""ras_deg"": ""ras_deg"", ""rms_arcsec"": ""rms_arcsec"", ""tracklet_ids"": ""tracklet_ids"", ""trk_sub"": ""trk_sub""}",[],[]
20260422,orbit_links,/home/admin/pipeline/xiaoyunao/data/heliolincrr/20260422/rr_links/orbit_confirm/orbit_links.fits,True,ok,,,80640,2026-05-15T06:54:25.813259+00:00,1778828065813259467,c97527bf765619fe15ea0682d83965336668dff2316c644268433da985397c2d,,,1,220,220,,"{""a_au"": ""a_au"", ""argp_deg"": ""argp_deg"", ""best_rejected_max_v_kms"": ""best_rejected_max_v_kms"", ""best_v1_kms"": ""best_v1_kms"", ""ecc"": ""ecc"", ""fail_counts"": ""fail_counts"", ""fail_reason"": ""fail_reason"", ""final_max_v_kms"": ""final_max_v_kms"", ""fit_ok"": ""fit_ok"", ""hypo_r_au"": ""hypo_r_au"", ""hypo_rdd_au_day2"": ""hypo_rdd_au_day2"", ""hypo_rdot_au_day"": ""hypo_rdot_au_day"", ""inc_deg"": ""inc_deg"", ""inlier_tracklets"": ""inlier_tracklets"", ""is_good"": ""is_good"", ""lin_dir_deg"": ""lin_dir_deg"", ""lin_rms_arcsec"": ""lin_rms_arcsec"", ""lin_speed_arcsec_per_day"": ""lin_speed_arcsec_per_day"", ""linkage_id"": ""linkage_id"", ""max_arcsec"": ""max_arcsec"", ""med_arcsec"": ""med_arcsec"", ""min_rejected_max_v_kms"": ""min_rejected_max_v_kms"", ""n_nights"": ""n_nights"", ""n_obs"": ""n_obs"", ""n_tracklets"": ""n_tracklets"", ""nu_deg"": ""nu_deg"", ""pred_dec_deg"": ""pred_dec_deg"", ""pred_ra_deg"": ""pred_ra_deg"", ""raan_deg"": ""raan_deg"", ""rejected_tracklets"": ""rejected_tracklets"", ""rms_arcsec"": ""rms_arcsec"", ""seed_max_v_kms"": ""seed_max_v_kms"", ""seed_tracklets"": ""seed_tracklets""}",[],[]
20260422,orbit_obs_residuals,/home/admin/pipeline/xiaoyunao/data/heliolincrr/20260422/rr_links/orbit_confirm/orbit_obs_residuals.fits,True,ok,,,83520,2026-05-15T06:54:25.820786+00:00,1778828065820785428,0e5917d1e11d9ac6500dd8227c480168641ab88e0a4ac239367a1286b31d7f44,,,1,790,790,,"{""dec_deg"": ""dec_deg"", ""linkage_id"": ""linkage_id"", ""mjd"": ""mjd"", ""obs_key"": ""obs_key"", ""ra_deg"": ""ra_deg"", ""resid_arcsec"": ""resid_arcsec"", ""tracklet_id"": ""tracklet_id"", ""used"": ""used""}",[],[]
20260423,known_all,/processed1/20260423/L4/20260423_all_asteroids.fits,True,ok_with_missing_optional,,,6289920,2026-06-19T17:58:35.113048+00:00,1781891915113047922,a3713486f2a8eeef353066d84211b6a9e96e190809cd141c9aa871ec79e2e532,,,1,32057,32057,source_file,"{""asteroid_name"": ""name"", ""asteroid_number"": ""number"", ""epoch_mjd"": ""epoch"", ""pred_dec_deg"": ""dec"", ""pred_geocentric_distance_au"": null, ""pred_heliocentric_distance_au"": null, ""pred_phase_angle_deg"": null, ""pred_ra_deg"": ""ra"", ""pred_solar_elongation_deg"": null, ""pred_v_mag"": ""mag""}",[],"[""pred_heliocentric_distance_au"", ""pred_geocentric_distance_au"", ""pred_solar_elongation_deg"", ""pred_phase_angle_deg""]"
20260423,known_matched,/processed1/20260423/L4/20260423_matched_asteroids.fits,True,ok_with_missing_optional,,,688320,2026-06-19T17:58:35.357043+00:00,1781891915357043261,f525fd835663e30458890e9e6b14c62f6f0249f2f66d673b67c63a5f0d544965,,,1,855,855,source_file,"{""asteroid_name"": ""name"", ""asteroid_number"": ""number"", ""epoch_mjd"": ""epoch"", ""flag"": ""Flag"", ""flag_iso_num"": ""Flag_ISO_Num"", ""flux_aper4"": ""Flux_Aper4"", ""fluxerr_aper4"": ""FluxErr_Aper4"", ""fwhm_px"": ""FWHM"", ""mag_aper4"": ""Mag_Aper4"", ""mag_aper8"": ""Mag_Aper8"", ""mag_kron"": ""Mag_Kron"", ""mag_psf"": ""Mag_PSF"", ""magerr_aper4"": ""MagErr_Aper4"", ""magerr_aper8"": ""MagErr_Aper8"", ""magerr_kron"": ""MagErr_Kron"", ""magerr_psf"": ""MagErr_PSF"", ""obj_id"": ""objID"", ""obs_dec_err_deg"": ""DECErr_Win"", ""obs_dec_psf_deg"": ""DEC_PSF"", ""obs_dec_win_deg"": ""DEC_Win"", ""obs_ra_err_deg"": ""RAErr_Win"", ""obs_ra_psf_deg"": ""RA_PSF"", ""obs_ra_win_deg"": ""RA_Win"", ""pred_dec_deg"": ""dec"", ""pred_geocentric_distance_au"": null, ""pred_heliocentric_distance_au"": null, ""pred_phase_angle_deg"": null, ""pred_ra_deg"": ""ra"", ""pred_solar_elongation_deg"": null, ""pred_v_mag"": ""mag"", ""x_win_px"": ""X_Win"", ""y_win_px"": ""Y_Win""}",[],"[""pred_heliocentric_distance_au"", ""pred_geocentric_distance_au"", ""pred_solar_elongation_deg"", ""pred_phase_angle_deg""]"
20260423,known_mask15,/processed1/20260423/L4/20260423_matched_asteroids_mask15.fits,True,ok_with_missing_optional,,,705600,2026-06-19T17:58:35.597039+00:00,1781891915597038676,68d2e541c930b4c8a1fe54c7d22fedf7f48ba2f2f46c59c8fbf0ee2b6586bd68,,,1,876,876,source_file,"{""asteroid_name"": ""name"", ""asteroid_number"": ""number"", ""epoch_mjd"": ""epoch"", ""flag"": ""Flag"", ""flag_iso_num"": ""Flag_ISO_Num"", ""flux_aper4"": ""Flux_Aper4"", ""fluxerr_aper4"": ""FluxErr_Aper4"", ""fwhm_px"": ""FWHM"", ""mag_aper4"": ""Mag_Aper4"", ""mag_aper8"": ""Mag_Aper8"", ""mag_kron"": ""Mag_Kron"", ""mag_psf"": ""Mag_PSF"", ""magerr_aper4"": ""MagErr_Aper4"", ""magerr_aper8"": ""MagErr_Aper8"", ""magerr_kron"": ""MagErr_Kron"", ""magerr_psf"": ""MagErr_PSF"", ""obj_id"": ""objID"", ""obs_dec_err_deg"": ""DECErr_Win"", ""obs_dec_psf_deg"": ""DEC_PSF"", ""obs_dec_win_deg"": ""DEC_Win"", ""obs_ra_err_deg"": ""RAErr_Win"", ""obs_ra_psf_deg"": ""RA_PSF"", ""obs_ra_win_deg"": ""RA_Win"", ""pred_dec_deg"": ""dec"", ""pred_geocentric_distance_au"": null, ""pred_heliocentric_distance_au"": null, ""pred_phase_angle_deg"": null, ""pred_ra_deg"": ""ra"", ""pred_solar_elongation_deg"": null, ""pred_v_mag"": ""mag"", ""x_win_px"": ""X_Win"", ""y_win_px"": ""Y_Win""}",[],"[""pred_heliocentric_distance_au"", ""pred_geocentric_distance_au"", ""pred_solar_elongation_deg"", ""pred_phase_angle_deg""]"
20260423,unknown_catalog,/processed1/20260423/L4/20260423_unknown_links.fits,True,ok,,,11520,2026-06-20T03:13:28.722269+00:00,1781925208722268766,6eff8e6fa4b6a2d3a90a944104febb7a36f3a79498aea1a5f6bfe51edcee04d7,,,1,1,1,image_names,"{""a_au"": ""a_au"", ""argp_deg"": ""argp_deg"", ""best_v1_kms"": ""best_v1_kms"", ""decs_deg"": ""decs_deg"", ""ecc"": ""ecc"", ""exp_pairs"": ""exp_pairs"", ""fit_ok"": ""fit_ok"", ""groups"": ""groups"", ""image_names"": ""image_names"", ""inc_deg"": ""inc_deg"", ""is_good"": ""is_good"", ""lin_dir_deg"": ""lin_dir_deg"", ""lin_rms_arcsec"": ""lin_rms_arcsec"", ""lin_speed_arcsec_per_day"": ""lin_speed_arcsec_per_day"", ""linkage_id"": ""linkage_id"", ""max_arcsec"": ""max_arcsec"", ""med_arcsec"": ""med_arcsec"", ""mjds"": ""mjds"", ""n_obs"": ""n_obs"", ""n_tracklets"": ""n_tracklets"", ""nu_deg"": ""nu_deg"", ""objids"": ""objids"", ""raan_deg"": ""raan_deg"", ""ras_deg"": ""ras_deg"", ""rms_arcsec"": ""rms_arcsec"", ""tracklet_ids"": ""tracklet_ids"", ""trk_sub"": ""trk_sub""}",[],[]
20260423,orbit_links,/home/admin/pipeline/xiaoyunao/data/heliolincrr/20260423/rr_links/orbit_confirm/orbit_links.fits,True,ok,,,46080,2026-05-15T06:56:38.914027+00:00,1778828198914027545,63d415aedc1eb970d19f984a24bafbc3414093071eeffcf351e57c85fc21aa24,,,1,118,118,,"{""a_au"": ""a_au"", ""argp_deg"": ""argp_deg"", ""best_rejected_max_v_kms"": ""best_rejected_max_v_kms"", ""best_v1_kms"": ""best_v1_kms"", ""ecc"": ""ecc"", ""fail_counts"": ""fail_counts"", ""fail_reason"": ""fail_reason"", ""final_max_v_kms"": ""final_max_v_kms"", ""fit_ok"": ""fit_ok"", ""hypo_r_au"": ""hypo_r_au"", ""hypo_rdd_au_day2"": ""hypo_rdd_au_day2"", ""hypo_rdot_au_day"": ""hypo_rdot_au_day"", ""inc_deg"": ""inc_deg"", ""inlier_tracklets"": ""inlier_tracklets"", ""is_good"": ""is_good"", ""lin_dir_deg"": ""lin_dir_deg"", ""lin_rms_arcsec"": ""lin_rms_arcsec"", ""lin_speed_arcsec_per_day"": ""lin_speed_arcsec_per_day"", ""linkage_id"": ""linkage_id"", ""max_arcsec"": ""max_arcsec"", ""med_arcsec"": ""med_arcsec"", ""min_rejected_max_v_kms"": ""min_rejected_max_v_kms"", ""n_nights"": ""n_nights"", ""n_obs"": ""n_obs"", ""n_tracklets"": ""n_tracklets"", ""nu_deg"": ""nu_deg"", ""pred_dec_deg"": ""pred_dec_deg"", ""pred_ra_deg"": ""pred_ra_deg"", ""raan_deg"": ""raan_deg"", ""rejected_tracklets"": ""rejected_tracklets"", ""rms_arcsec"": ""rms_arcsec"", ""seed_max_v_kms"": ""seed_max_v_kms"", ""seed_tracklets"": ""seed_tracklets""}",[],[]
20260423,orbit_obs_residuals,/home/admin/pipeline/xiaoyunao/data/heliolincrr/20260423/rr_links/orbit_confirm/orbit_obs_residuals.fits,True,ok,,,40320,2026-05-15T06:56:38.922864+00:00,1778828198922863610,0dfbb9ad730118a91cdba1306deca9fa48f148f4d50874a277d3a7d49a4c193c,,,1,358,358,,"{""dec_deg"": ""dec_deg"", ""linkage_id"": ""linkage_id"", ""mjd"": ""mjd"", ""obs_key"": ""obs_key"", ""ra_deg"": ""ra_deg"", ""resid_arcsec"": ""resid_arcsec"", ""tracklet_id"": ""tracklet_id"", ""used"": ""used""}",[],[]
20260424,known_all,/processed1/20260424/L4/20260424_all_asteroids.fits,False,missing,,,0,,0,,,,1,0,0,,{},[],[]
20260424,known_matched,/processed1/20260424/L4/20260424_matched_asteroids.fits,False,missing,,,0,,0,,,,1,0,0,,{},[],[]
20260424,known_mask15,/processed1/20260424/L4/20260424_matched_asteroids_mask15.fits,False,missing,,,0,,0,,,,1,0,0,,{},[],[]
20260424,unknown_catalog,/processed1/20260424/L4/20260424_unknown_links.fits,False,missing,,,0,,0,,,,1,0,0,,{},[],[]
20260424,orbit_links,/home/admin/pipeline/xiaoyunao/data/heliolincrr/20260424/rr_links/orbit_confirm/orbit_links.fits,False,missing,,,0,,0,,,,1,0,0,,{},[],[]
20260424,orbit_obs_residuals,/home/admin/pipeline/xiaoyunao/data/heliolincrr/20260424/rr_links/orbit_confirm/orbit_obs_residuals.fits,False,missing,,,0,,0,,,,1,0,0,,{},[],[]
20260425,known_all,/processed1/20260425/L4/20260425_all_asteroids.fits,True,ok_with_missing_optional,,,7600320,2026-06-19T18:00:40.548652+00:00,1781892040548651659,71fa96b31b44ea70a60a658b9641b4451c626fdb0bf6fa927c546c050ace750a,,,1,38743,38743,source_file,"{""asteroid_name"": ""name"", ""asteroid_number"": ""number"", ""epoch_mjd"": ""epoch"", ""pred_dec_deg"": ""dec"", ""pred_geocentric_distance_au"": null, ""pred_heliocentric_distance_au"": null, ""pred_phase_angle_deg"": null, ""pred_ra_deg"": ""ra"", ""pred_solar_elongation_deg"": null, ""pred_v_mag"": ""mag""}",[],"[""pred_heliocentric_distance_au"", ""pred_geocentric_distance_au"", ""pred_solar_elongation_deg"", ""pred_phase_angle_deg""]"
20260425,known_matched,/processed1/20260425/L4/20260425_matched_asteroids.fits,True,ok_with_missing_optional,,,397440,2026-06-19T18:00:40.784647+00:00,1781892040784647150,523d513486fca7d5829f138f9e98dedf292ddca6d9e795c0a9a36b9be9c63597,,,1,477,477,source_file,"{""asteroid_name"": ""name"", ""asteroid_number"": ""number"", ""epoch_mjd"": ""epoch"", ""flag"": ""Flag"", ""flag_iso_num"": ""Flag_ISO_Num"", ""flux_aper4"": ""Flux_Aper4"", ""fluxerr_aper4"": ""FluxErr_Aper4"", ""fwhm_px"": ""FWHM"", ""mag_aper4"": ""Mag_Aper4"", ""mag_aper8"": ""Mag_Aper8"", ""mag_kron"": ""Mag_Kron"", ""mag_psf"": ""Mag_PSF"", ""magerr_aper4"": ""MagErr_Aper4"", ""magerr_aper8"": ""MagErr_Aper8"", ""magerr_kron"": ""MagErr_Kron"", ""magerr_psf"": ""MagErr_PSF"", ""obj_id"": ""objID"", ""obs_dec_err_deg"": ""DECErr_Win"", ""obs_dec_psf_deg"": ""DEC_PSF"", ""obs_dec_win_deg"": ""DEC_Win"", ""obs_ra_err_deg"": ""RAErr_Win"", ""obs_ra_psf_deg"": ""RA_PSF"", ""obs_ra_win_deg"": ""RA_Win"", ""pred_dec_deg"": ""dec"", ""pred_geocentric_distance_au"": null, ""pred_heliocentric_distance_au"": null, ""pred_phase_angle_deg"": null, ""pred_ra_deg"": ""ra"", ""pred_solar_elongation_deg"": null, ""pred_v_mag"": ""mag"", ""x_win_px"": ""X_Win"", ""y_win_px"": ""Y_Win""}",[],"[""pred_heliocentric_distance_au"", ""pred_geocentric_distance_au"", ""pred_solar_elongation_deg"", ""pred_phase_angle_deg""]"
20260425,known_mask15,/processed1/20260425/L4/20260425_matched_asteroids_mask15.fits,True,ok_with_missing_optional,,,408960,2026-06-19T18:00:41.010643+00:00,1781892041010642833,b33953affb28b704ea92d21a0eebd59d920e2b7ae88c870c76148a263ce357b3,,,1,493,493,source_file,"{""asteroid_name"": ""name"", ""asteroid_number"": ""number"", ""epoch_mjd"": ""epoch"", ""flag"": ""Flag"", ""flag_iso_num"": ""Flag_ISO_Num"", ""flux_aper4"": ""Flux_Aper4"", ""fluxerr_aper4"": ""FluxErr_Aper4"", ""fwhm_px"": ""FWHM"", ""mag_aper4"": ""Mag_Aper4"", ""mag_aper8"": ""Mag_Aper8"", ""mag_kron"": ""Mag_Kron"", ""mag_psf"": ""Mag_PSF"", ""magerr_aper4"": ""MagErr_Aper4"", ""magerr_aper8"": ""MagErr_Aper8"", ""magerr_kron"": ""MagErr_Kron"", ""magerr_psf"": ""MagErr_PSF"", ""obj_id"": ""objID"", ""obs_dec_err_deg"": ""DECErr_Win"", ""obs_dec_psf_deg"": ""DEC_PSF"", ""obs_dec_win_deg"": ""DEC_Win"", ""obs_ra_err_deg"": ""RAErr_Win"", ""obs_ra_psf_deg"": ""RA_PSF"", ""obs_ra_win_deg"": ""RA_Win"", ""pred_dec_deg"": ""dec"", ""pred_geocentric_distance_au"": null, ""pred_heliocentric_distance_au"": null, ""pred_phase_angle_deg"": null, ""pred_ra_deg"": ""ra"", ""pred_solar_elongation_deg"": null, ""pred_v_mag"": ""mag"", ""x_win_px"": ""X_Win"", ""y_win_px"": ""Y_Win""}",[],"[""pred_heliocentric_distance_au"", ""pred_geocentric_distance_au"", ""pred_solar_elongation_deg"", ""pred_phase_angle_deg""]"
20260425,unknown_catalog,/processed1/20260425/L4/20260425_unknown_links.fits,True,ok,,,11520,2026-06-20T03:13:37.481101+00:00,1781925217481101089,fdeb2bf22f6706e561dc5be210420c79c91e00ee92ec3bd1f75c095f7875100f,,,1,2,2,image_names,"{""a_au"": ""a_au"", ""argp_deg"": ""argp_deg"", ""best_v1_kms"": ""best_v1_kms"", ""decs_deg"": ""decs_deg"", ""ecc"": ""ecc"", ""exp_pairs"": ""exp_pairs"", ""fit_ok"": ""fit_ok"", ""groups"": ""groups"", ""image_names"": ""image_names"", ""inc_deg"": ""inc_deg"", ""is_good"": ""is_good"", ""lin_dir_deg"": ""lin_dir_deg"", ""lin_rms_arcsec"": ""lin_rms_arcsec"", ""lin_speed_arcsec_per_day"": ""lin_speed_arcsec_per_day"", ""linkage_id"": ""linkage_id"", ""max_arcsec"": ""max_arcsec"", ""med_arcsec"": ""med_arcsec"", ""mjds"": ""mjds"", ""n_obs"": ""n_obs"", ""n_tracklets"": ""n_tracklets"", ""nu_deg"": ""nu_deg"", ""objids"": ""objids"", ""raan_deg"": ""raan_deg"", ""ras_deg"": ""ras_deg"", ""rms_arcsec"": ""rms_arcsec"", ""tracklet_ids"": ""tracklet_ids"", ""trk_sub"": ""trk_sub""}",[],[]
20260425,orbit_links,/home/admin/pipeline/xiaoyunao/data/heliolincrr/20260425/rr_links/orbit_confirm/orbit_links.fits,True,ok,,,28800,2026-05-15T06:57:28.552816+00:00,1778828248552815738,e4215bd8241b129137dfce047625e45a829351d27338dd85c346a928a952ae0f,,,1,53,53,,"{""a_au"": ""a_au"", ""argp_deg"": ""argp_deg"", ""best_rejected_max_v_kms"": ""best_rejected_max_v_kms"", ""best_v1_kms"": ""best_v1_kms"", ""ecc"": ""ecc"", ""fail_counts"": ""fail_counts"", ""fail_reason"": ""fail_reason"", ""final_max_v_kms"": ""final_max_v_kms"", ""fit_ok"": ""fit_ok"", ""hypo_r_au"": ""hypo_r_au"", ""hypo_rdd_au_day2"": ""hypo_rdd_au_day2"", ""hypo_rdot_au_day"": ""hypo_rdot_au_day"", ""inc_deg"": ""inc_deg"", ""inlier_tracklets"": ""inlier_tracklets"", ""is_good"": ""is_good"", ""lin_dir_deg"": ""lin_dir_deg"", ""lin_rms_arcsec"": ""lin_rms_arcsec"", ""lin_speed_arcsec_per_day"": ""lin_speed_arcsec_per_day"", ""linkage_id"": ""linkage_id"", ""max_arcsec"": ""max_arcsec"", ""med_arcsec"": ""med_arcsec"", ""min_rejected_max_v_kms"": ""min_rejected_max_v_kms"", ""n_nights"": ""n_nights"", ""n_obs"": ""n_obs"", ""n_tracklets"": ""n_tracklets"", ""nu_deg"": ""nu_deg"", ""pred_dec_deg"": ""pred_dec_deg"", ""pred_ra_deg"": ""pred_ra_deg"", ""raan_deg"": ""raan_deg"", ""rejected_tracklets"": ""rejected_tracklets"", ""rms_arcsec"": ""rms_arcsec"", ""seed_max_v_kms"": ""seed_max_v_kms"", ""seed_tracklets"": ""seed_tracklets""}",[],[]
20260425,orbit_obs_residuals,/home/admin/pipeline/xiaoyunao/data/heliolincrr/20260425/rr_links/orbit_confirm/orbit_obs_residuals.fits,True,ok,,,25920,2026-05-15T06:57:28.559773+00:00,1778828248559772894,2f0fa00621af334c764fda4244a9f5e86ffca02d931febaee6201bf744343900,,,1,200,200,,"{""dec_deg"": ""dec_deg"", ""linkage_id"": ""linkage_id"", ""mjd"": ""mjd"", ""obs_key"": ""obs_key"", ""ra_deg"": ""ra_deg"", ""resid_arcsec"": ""resid_arcsec"", ""tracklet_id"": ""tracklet_id"", ""used"": ""used""}",[],[]
20260426,known_all,/processed1/20260426/L4/20260426_all_asteroids.fits,True,ok_with_missing_optional,,,10111680,2026-06-19T18:03:33.339351+00:00,1781892213339350745,fc1160fc02d6a042bed9784348a798919f1d0f4047706af28f9ffdb112de4c14,,,1,51548,51548,source_file,"{""asteroid_name"": ""name"", ""asteroid_number"": ""number"", ""epoch_mjd"": ""epoch"", ""pred_dec_deg"": ""dec"", ""pred_geocentric_distance_au"": null, ""pred_heliocentric_distance_au"": null, ""pred_phase_angle_deg"": null, ""pred_ra_deg"": ""ra"", ""pred_solar_elongation_deg"": null, ""pred_v_mag"": ""mag""}",[],"[""pred_heliocentric_distance_au"", ""pred_geocentric_distance_au"", ""pred_solar_elongation_deg"", ""pred_phase_angle_deg""]"
20260426,known_matched,/processed1/20260426/L4/20260426_matched_asteroids.fits,True,ok_with_missing_optional,,,512640,2026-06-19T18:03:33.658345+00:00,1781892213658344651,1d83eb9c3571d45776a34cfb36404d0afb910ee4aeb3e7f8fa77a72747407dd6,,,1,626,626,source_file,"{""asteroid_name"": ""name"", ""asteroid_number"": ""number"", ""epoch_mjd"": ""epoch"", ""flag"": ""Flag"", ""flag_iso_num"": ""Flag_ISO_Num"", ""flux_aper4"": ""Flux_Aper4"", ""fluxerr_aper4"": ""FluxErr_Aper4"", ""fwhm_px"": ""FWHM"", ""mag_aper4"": ""Mag_Aper4"", ""mag_aper8"": ""Mag_Aper8"", ""mag_kron"": ""Mag_Kron"", ""mag_psf"": ""Mag_PSF"", ""magerr_aper4"": ""MagErr_Aper4"", ""magerr_aper8"": ""MagErr_Aper8"", ""magerr_kron"": ""MagErr_Kron"", ""magerr_psf"": ""MagErr_PSF"", ""obj_id"": ""objID"", ""obs_dec_err_deg"": ""DECErr_Win"", ""obs_dec_psf_deg"": ""DEC_PSF"", ""obs_dec_win_deg"": ""DEC_Win"", ""obs_ra_err_deg"": ""RAErr_Win"", ""obs_ra_psf_deg"": ""RA_PSF"", ""obs_ra_win_deg"": ""RA_Win"", ""pred_dec_deg"": ""dec"", ""pred_geocentric_distance_au"": null, ""pred_heliocentric_distance_au"": null, ""pred_phase_angle_deg"": null, ""pred_ra_deg"": ""ra"", ""pred_solar_elongation_deg"": null, ""pred_v_mag"": ""mag"", ""x_win_px"": ""X_Win"", ""y_win_px"": ""Y_Win""}",[],"[""pred_heliocentric_distance_au"", ""pred_geocentric_distance_au"", ""pred_solar_elongation_deg"", ""pred_phase_angle_deg""]"
20260426,known_mask15,/processed1/20260426/L4/20260426_matched_asteroids_mask15.fits,True,ok_with_missing_optional,,,544320,2026-06-19T18:03:33.958339+00:00,1781892213958338920,021fad00fd01b6309482f949b8d4a8f2cec2b25497b8f5b24ca3bc6898c78ecc,,,1,667,667,source_file,"{""asteroid_name"": ""name"", ""asteroid_number"": ""number"", ""epoch_mjd"": ""epoch"", ""flag"": ""Flag"", ""flag_iso_num"": ""Flag_ISO_Num"", ""flux_aper4"": ""Flux_Aper4"", ""fluxerr_aper4"": ""FluxErr_Aper4"", ""fwhm_px"": ""FWHM"", ""mag_aper4"": ""Mag_Aper4"", ""mag_aper8"": ""Mag_Aper8"", ""mag_kron"": ""Mag_Kron"", ""mag_psf"": ""Mag_PSF"", ""magerr_aper4"": ""MagErr_Aper4"", ""magerr_aper8"": ""MagErr_Aper8"", ""magerr_kron"": ""MagErr_Kron"", ""magerr_psf"": ""MagErr_PSF"", ""obj_id"": ""objID"", ""obs_dec_err_deg"": ""DECErr_Win"", ""obs_dec_psf_deg"": ""DEC_PSF"", ""obs_dec_win_deg"": ""DEC_Win"", ""obs_ra_err_deg"": ""RAErr_Win"", ""obs_ra_psf_deg"": ""RA_PSF"", ""obs_ra_win_deg"": ""RA_Win"", ""pred_dec_deg"": ""dec"", ""pred_geocentric_distance_au"": null, ""pred_heliocentric_distance_au"": null, ""pred_phase_angle_deg"": null, ""pred_ra_deg"": ""ra"", ""pred_solar_elongation_deg"": null, ""pred_v_mag"": ""mag"", ""x_win_px"": ""X_Win"", ""y_win_px"": ""Y_Win""}",[],"[""pred_heliocentric_distance_au"", ""pred_geocentric_distance_au"", ""pred_solar_elongation_deg"", ""pred_phase_angle_deg""]"
20260426,unknown_catalog,/processed1/20260426/L4/20260426_unknown_links.fits,True,ok,,,11520,2026-06-20T03:13:49.838865+00:00,1781925229838864515,a015f8659fd98dda7072d273de6f42152b625b0328ff84f456e24942f8b366f8,,,1,1,1,image_names,"{""a_au"": ""a_au"", ""argp_deg"": ""argp_deg"", ""best_v1_kms"": ""best_v1_kms"", ""decs_deg"": ""decs_deg"", ""ecc"": ""ecc"", ""exp_pairs"": ""exp_pairs"", ""fit_ok"": ""fit_ok"", ""groups"": ""groups"", ""image_names"": ""image_names"", ""inc_deg"": ""inc_deg"", ""is_good"": ""is_good"", ""lin_dir_deg"": ""lin_dir_deg"", ""lin_rms_arcsec"": ""lin_rms_arcsec"", ""lin_speed_arcsec_per_day"": ""lin_speed_arcsec_per_day"", ""linkage_id"": ""linkage_id"", ""max_arcsec"": ""max_arcsec"", ""med_arcsec"": ""med_arcsec"", ""mjds"": ""mjds"", ""n_obs"": ""n_obs"", ""n_tracklets"": ""n_tracklets"", ""nu_deg"": ""nu_deg"", ""objids"": ""objids"", ""raan_deg"": ""raan_deg"", ""ras_deg"": ""ras_deg"", ""rms_arcsec"": ""rms_arcsec"", ""tracklet_ids"": ""tracklet_ids"", ""trk_sub"": ""trk_sub""}",[],[]
20260426,orbit_links,/home/admin/pipeline/xiaoyunao/data/heliolincrr/20260426/rr_links/orbit_confirm/orbit_links.fits,True,ok,,,43200,2026-05-15T06:58:43.089987+00:00,1778828323089986631,f318db300171ddad497998c7fca016c6c9a117f36782c2fc0690c9746b97b369,,,1,103,103,,"{""a_au"": ""a_au"", ""argp_deg"": ""argp_deg"", ""best_rejected_max_v_kms"": ""best_rejected_max_v_kms"", ""best_v1_kms"": ""best_v1_kms"", ""ecc"": ""ecc"", ""fail_counts"": ""fail_counts"", ""fail_reason"": ""fail_reason"", ""final_max_v_kms"": ""final_max_v_kms"", ""fit_ok"": ""fit_ok"", ""hypo_r_au"": ""hypo_r_au"", ""hypo_rdd_au_day2"": ""hypo_rdd_au_day2"", ""hypo_rdot_au_day"": ""hypo_rdot_au_day"", ""inc_deg"": ""inc_deg"", ""inlier_tracklets"": ""inlier_tracklets"", ""is_good"": ""is_good"", ""lin_dir_deg"": ""lin_dir_deg"", ""lin_rms_arcsec"": ""lin_rms_arcsec"", ""lin_speed_arcsec_per_day"": ""lin_speed_arcsec_per_day"", ""linkage_id"": ""linkage_id"", ""max_arcsec"": ""max_arcsec"", ""med_arcsec"": ""med_arcsec"", ""min_rejected_max_v_kms"": ""min_rejected_max_v_kms"", ""n_nights"": ""n_nights"", ""n_obs"": ""n_obs"", ""n_tracklets"": ""n_tracklets"", ""nu_deg"": ""nu_deg"", ""pred_dec_deg"": ""pred_dec_deg"", ""pred_ra_deg"": ""pred_ra_deg"", ""raan_deg"": ""raan_deg"", ""rejected_tracklets"": ""rejected_tracklets"", ""rms_arcsec"": ""rms_arcsec"", ""seed_max_v_kms"": ""seed_max_v_kms"", ""seed_tracklets"": ""seed_tracklets""}",[],[]
20260426,orbit_obs_residuals,/home/admin/pipeline/xiaoyunao/data/heliolincrr/20260426/rr_links/orbit_confirm/orbit_obs_residuals.fits,True,ok,,,34560,2026-05-15T06:58:43.097733+00:00,1778828323097733453,e3d8e93dbe6be2eebc13badc2e48058c13fcba53e3df0956f5c77212be50949b,,,1,291,291,,"{""dec_deg"": ""dec_deg"", ""linkage_id"": ""linkage_id"", ""mjd"": ""mjd"", ""obs_key"": ""obs_key"", ""ra_deg"": ""ra_deg"", ""resid_arcsec"": ""resid_arcsec"", ""tracklet_id"": ""tracklet_id"", ""used"": ""used""}",[],[]
20260427,known_all,/processed1/20260427/L4/20260427_all_asteroids.fits,True,ok_with_missing_optional,,,16168320,2026-06-19T18:07:53.569380+00:00,1781892473569379888,2a893f4e90a91c1f21e971b0145ff4d1fbe39b5511ba1c4aa95cef8c115be3d3,,,1,82462,82462,source_file,"{""asteroid_name"": ""name"", ""asteroid_number"": ""number"", ""epoch_mjd"": ""epoch"", ""pred_dec_deg"": ""dec"", ""pred_geocentric_distance_au"": null, ""pred_heliocentric_distance_au"": null, ""pred_phase_angle_deg"": null, ""pred_ra_deg"": ""ra"", ""pred_solar_elongation_deg"": null, ""pred_v_mag"": ""mag""}",[],"[""pred_heliocentric_distance_au"", ""pred_geocentric_distance_au"", ""pred_solar_elongation_deg"", ""pred_phase_angle_deg""]"
20260427,known_matched,/processed1/20260427/L4/20260427_matched_asteroids.fits,True,ok_with_missing_optional,,,2148480,2026-06-19T18:07:54.084370+00:00,1781892474084370052,a934b48050a6f40c3ccaf8f679d8899691e7e4d883db58f377268a3035ed4036,,,1,2739,2739,source_file,"{""asteroid_name"": ""name"", ""asteroid_number"": ""number"", ""epoch_mjd"": ""epoch"", ""flag"": ""Flag"", ""flag_iso_num"": ""Flag_ISO_Num"", ""flux_aper4"": ""Flux_Aper4"", ""fluxerr_aper4"": ""FluxErr_Aper4"", ""fwhm_px"": ""FWHM"", ""mag_aper4"": ""Mag_Aper4"", ""mag_aper8"": ""Mag_Aper8"", ""mag_kron"": ""Mag_Kron"", ""mag_psf"": ""Mag_PSF"", ""magerr_aper4"": ""MagErr_Aper4"", ""magerr_aper8"": ""MagErr_Aper8"", ""magerr_kron"": ""MagErr_Kron"", ""magerr_psf"": ""MagErr_PSF"", ""obj_id"": ""objID"", ""obs_dec_err_deg"": ""DECErr_Win"", ""obs_dec_psf_deg"": ""DEC_PSF"", ""obs_dec_win_deg"": ""DEC_Win"", ""obs_ra_err_deg"": ""RAErr_Win"", ""obs_ra_psf_deg"": ""RA_PSF"", ""obs_ra_win_deg"": ""RA_Win"", ""pred_dec_deg"": ""dec"", ""pred_geocentric_distance_au"": null, ""pred_heliocentric_distance_au"": null, ""pred_phase_angle_deg"": null, ""pred_ra_deg"": ""ra"", ""pred_solar_elongation_deg"": null, ""pred_v_mag"": ""mag"", ""x_win_px"": ""X_Win"", ""y_win_px"": ""Y_Win""}",[],"[""pred_heliocentric_distance_au"", ""pred_geocentric_distance_au"", ""pred_solar_elongation_deg"", ""pred_phase_angle_deg""]"
20260427,known_mask15,/processed1/20260427/L4/20260427_matched_asteroids_mask15.fits,True,ok_with_missing_optional,,,2214720,2026-06-19T18:07:54.582361+00:00,1781892474582360542,3134c63f7d639004521dffa398769b229eee64cd104ec0a1532c6bcc468eab1f,,,1,2826,2826,source_file,"{""asteroid_name"": ""name"", ""asteroid_number"": ""number"", ""epoch_mjd"": ""epoch"", ""flag"": ""Flag"", ""flag_iso_num"": ""Flag_ISO_Num"", ""flux_aper4"": ""Flux_Aper4"", ""fluxerr_aper4"": ""FluxErr_Aper4"", ""fwhm_px"": ""FWHM"", ""mag_aper4"": ""Mag_Aper4"", ""mag_aper8"": ""Mag_Aper8"", ""mag_kron"": ""Mag_Kron"", ""mag_psf"": ""Mag_PSF"", ""magerr_aper4"": ""MagErr_Aper4"", ""magerr_aper8"": ""MagErr_Aper8"", ""magerr_kron"": ""MagErr_Kron"", ""magerr_psf"": ""MagErr_PSF"", ""obj_id"": ""objID"", ""obs_dec_err_deg"": ""DECErr_Win"", ""obs_dec_psf_deg"": ""DEC_PSF"", ""obs_dec_win_deg"": ""DEC_Win"", ""obs_ra_err_deg"": ""RAErr_Win"", ""obs_ra_psf_deg"": ""RA_PSF"", ""obs_ra_win_deg"": ""RA_Win"", ""pred_dec_deg"": ""dec"", ""pred_geocentric_distance_au"": null, ""pred_heliocentric_distance_au"": null, ""pred_phase_angle_deg"": null, ""pred_ra_deg"": ""ra"", ""pred_solar_elongation_deg"": null, ""pred_v_mag"": ""mag"", ""x_win_px"": ""X_Win"", ""y_win_px"": ""Y_Win""}",[],"[""pred_heliocentric_distance_au"", ""pred_geocentric_distance_au"", ""pred_solar_elongation_deg"", ""pred_phase_angle_deg""]"
20260427,unknown_catalog,/processed1/20260427/L4/20260427_unknown_links.fits,True,ok,,,20160,2026-06-20T03:14:05.873558+00:00,1781925245873557552,63b061b150dbd4b0eff7f05ef2aa6a5efc82e6c1a183ce391b771aef90d0eeff,,,1,22,22,image_names,"{""a_au"": ""a_au"", ""argp_deg"": ""argp_deg"", ""best_v1_kms"": ""best_v1_kms"", ""decs_deg"": ""decs_deg"", ""ecc"": ""ecc"", ""exp_pairs"": ""exp_pairs"", ""fit_ok"": ""fit_ok"", ""groups"": ""groups"", ""image_names"": ""image_names"", ""inc_deg"": ""inc_deg"", ""is_good"": ""is_good"", ""lin_dir_deg"": ""lin_dir_deg"", ""lin_rms_arcsec"": ""lin_rms_arcsec"", ""lin_speed_arcsec_per_day"": ""lin_speed_arcsec_per_day"", ""linkage_id"": ""linkage_id"", ""max_arcsec"": ""max_arcsec"", ""med_arcsec"": ""med_arcsec"", ""mjds"": ""mjds"", ""n_obs"": ""n_obs"", ""n_tracklets"": ""n_tracklets"", ""nu_deg"": ""nu_deg"", ""objids"": ""objids"", ""raan_deg"": ""raan_deg"", ""ras_deg"": ""ras_deg"", ""rms_arcsec"": ""rms_arcsec"", ""tracklet_ids"": ""tracklet_ids"", ""trk_sub"": ""trk_sub""}",[],[]
20260427,orbit_links,/home/admin/pipeline/xiaoyunao/data/heliolincrr/20260427/rr_links/orbit_confirm/orbit_links.fits,True,ok,,,172800,2026-05-15T07:00:19.020676+00:00,1778828419020675855,62961cadef439f1903166da42b5dc8cd5a4cd989746154482d49374351abaf62,,,1,459,459,,"{""a_au"": ""a_au"", ""argp_deg"": ""argp_deg"", ""best_rejected_max_v_kms"": ""best_rejected_max_v_kms"", ""best_v1_kms"": ""best_v1_kms"", ""ecc"": ""ecc"", ""fail_counts"": ""fail_counts"", ""fail_reason"": ""fail_reason"", ""final_max_v_kms"": ""final_max_v_kms"", ""fit_ok"": ""fit_ok"", ""hypo_r_au"": ""hypo_r_au"", ""hypo_rdd_au_day2"": ""hypo_rdd_au_day2"", ""hypo_rdot_au_day"": ""hypo_rdot_au_day"", ""inc_deg"": ""inc_deg"", ""inlier_tracklets"": ""inlier_tracklets"", ""is_good"": ""is_good"", ""lin_dir_deg"": ""lin_dir_deg"", ""lin_rms_arcsec"": ""lin_rms_arcsec"", ""lin_speed_arcsec_per_day"": ""lin_speed_arcsec_per_day"", ""linkage_id"": ""linkage_id"", ""max_arcsec"": ""max_arcsec"", ""med_arcsec"": ""med_arcsec"", ""min_rejected_max_v_kms"": ""min_rejected_max_v_kms"", ""n_nights"": ""n_nights"", ""n_obs"": ""n_obs"", ""n_tracklets"": ""n_tracklets"", ""nu_deg"": ""nu_deg"", ""pred_dec_deg"": ""pred_dec_deg"", ""pred_ra_deg"": ""pred_ra_deg"", ""raan_deg"": ""raan_deg"", ""rejected_tracklets"": ""rejected_tracklets"", ""rms_arcsec"": ""rms_arcsec"", ""seed_max_v_kms"": ""seed_max_v_kms"", ""seed_tracklets"": ""seed_tracklets""}",[],[]
20260427,orbit_obs_residuals,/home/admin/pipeline/xiaoyunao/data/heliolincrr/20260427/rr_links/orbit_confirm/orbit_obs_residuals.fits,True,ok,,,204480,2026-05-15T07:00:19.030676+00:00,1778828419030675931,dfd1649b0e940c3912b8f230832aa786e368d2d55c7118988dc167309f566c1c,,,1,2082,2082,,"{""dec_deg"": ""dec_deg"", ""linkage_id"": ""linkage_id"", ""mjd"": ""mjd"", ""obs_key"": ""obs_key"", ""ra_deg"": ""ra_deg"", ""resid_arcsec"": ""resid_arcsec"", ""tracklet_id"": ""tracklet_id"", ""used"": ""used""}",[],[]
20260428,known_all,/processed1/20260428/L4/20260428_all_asteroids.fits,True,ok_with_missing_optional,,,23702400,2026-06-19T18:14:18.182034+00:00,1781892858182034497,b1f4097a9fd7e82070cc97115ca1d719fc0378e8dceebd31ab161bdd4b725e4d,,,1,120887,120887,source_file,"{""asteroid_name"": ""name"", ""asteroid_number"": ""number"", ""epoch_mjd"": ""epoch"", ""pred_dec_deg"": ""dec"", ""pred_geocentric_distance_au"": null, ""pred_heliocentric_distance_au"": null, ""pred_phase_angle_deg"": null, ""pred_ra_deg"": ""ra"", ""pred_solar_elongation_deg"": null, ""pred_v_mag"": ""mag""}",[],"[""pred_heliocentric_distance_au"", ""pred_geocentric_distance_au"", ""pred_solar_elongation_deg"", ""pred_phase_angle_deg""]"
20260428,known_matched,/processed1/20260428/L4/20260428_matched_asteroids.fits,True,ok_with_missing_optional,,,2989440,2026-06-19T18:14:18.932020+00:00,1781892858932020174,ab4267d411a80f8407f462eb7d06ccb0128b79f87ba933e56006fb1d655e673d,,,1,3827,3827,source_file,"{""asteroid_name"": ""name"", ""asteroid_number"": ""number"", ""epoch_mjd"": ""epoch"", ""flag"": ""Flag"", ""flag_iso_num"": ""Flag_ISO_Num"", ""flux_aper4"": ""Flux_Aper4"", ""fluxerr_aper4"": ""FluxErr_Aper4"", ""fwhm_px"": ""FWHM"", ""mag_aper4"": ""Mag_Aper4"", ""mag_aper8"": ""Mag_Aper8"", ""mag_kron"": ""Mag_Kron"", ""mag_psf"": ""Mag_PSF"", ""magerr_aper4"": ""MagErr_Aper4"", ""magerr_aper8"": ""MagErr_Aper8"", ""magerr_kron"": ""MagErr_Kron"", ""magerr_psf"": ""MagErr_PSF"", ""obj_id"": ""objID"", ""obs_dec_err_deg"": ""DECErr_Win"", ""obs_dec_psf_deg"": ""DEC_PSF"", ""obs_dec_win_deg"": ""DEC_Win"", ""obs_ra_err_deg"": ""RAErr_Win"", ""obs_ra_psf_deg"": ""RA_PSF"", ""obs_ra_win_deg"": ""RA_Win"", ""pred_dec_deg"": ""dec"", ""pred_geocentric_distance_au"": null, ""pred_heliocentric_distance_au"": null, ""pred_phase_angle_deg"": null, ""pred_ra_deg"": ""ra"", ""pred_solar_elongation_deg"": null, ""pred_v_mag"": ""mag"", ""x_win_px"": ""X_Win"", ""y_win_px"": ""Y_Win""}",[],"[""pred_heliocentric_distance_au"", ""pred_geocentric_distance_au"", ""pred_solar_elongation_deg"", ""pred_phase_angle_deg""]"
20260428,known_mask15,/processed1/20260428/L4/20260428_matched_asteroids_mask15.fits,True,ok_with_missing_optional,,,3119040,2026-06-19T18:14:19.646007+00:00,1781892859646006538,8b65c1e7048eb03c0540a497a6e79e097acb1b62ad26e2a64e4d0d4bbde00f09,,,1,3996,3996,source_file,"{""asteroid_name"": ""name"", ""asteroid_number"": ""number"", ""epoch_mjd"": ""epoch"", ""flag"": ""Flag"", ""flag_iso_num"": ""Flag_ISO_Num"", ""flux_aper4"": ""Flux_Aper4"", ""fluxerr_aper4"": ""FluxErr_Aper4"", ""fwhm_px"": ""FWHM"", ""mag_aper4"": ""Mag_Aper4"", ""mag_aper8"": ""Mag_Aper8"", ""mag_kron"": ""Mag_Kron"", ""mag_psf"": ""Mag_PSF"", ""magerr_aper4"": ""MagErr_Aper4"", ""magerr_aper8"": ""MagErr_Aper8"", ""magerr_kron"": ""MagErr_Kron"", ""magerr_psf"": ""MagErr_PSF"", ""obj_id"": ""objID"", ""obs_dec_err_deg"": ""DECErr_Win"", ""obs_dec_psf_deg"": ""DEC_PSF"", ""obs_dec_win_deg"": ""DEC_Win"", ""obs_ra_err_deg"": ""RAErr_Win"", ""obs_ra_psf_deg"": ""RA_PSF"", ""obs_ra_win_deg"": ""RA_Win"", ""pred_dec_deg"": ""dec"", ""pred_geocentric_distance_au"": null, ""pred_heliocentric_distance_au"": null, ""pred_phase_angle_deg"": null, ""pred_ra_deg"": ""ra"", ""pred_solar_elongation_deg"": null, ""pred_v_mag"": ""mag"", ""x_win_px"": ""X_Win"", ""y_win_px"": ""Y_Win""}",[],"[""pred_heliocentric_distance_au"", ""pred_geocentric_distance_au"", ""pred_solar_elongation_deg"", ""pred_phase_angle_deg""]"
20260428,unknown_catalog,/processed1/20260428/L4/20260428_unknown_links.fits,True,ok,,,23040,2026-06-20T03:14:48.576740+00:00,1781925288576740052,1a8246fd5fc3305620e0e1d6ab3e6c35656d93744234da581ecb0da0b434f126,,,1,31,31,image_names,"{""a_au"": ""a_au"", ""argp_deg"": ""argp_deg"", ""best_v1_kms"": ""best_v1_kms"", ""decs_deg"": ""decs_deg"", ""ecc"": ""ecc"", ""exp_pairs"": ""exp_pairs"", ""fit_ok"": ""fit_ok"", ""groups"": ""groups"", ""image_names"": ""image_names"", ""inc_deg"": ""inc_deg"", ""is_good"": ""is_good"", ""lin_dir_deg"": ""lin_dir_deg"", ""lin_rms_arcsec"": ""lin_rms_arcsec"", ""lin_speed_arcsec_per_day"": ""lin_speed_arcsec_per_day"", ""linkage_id"": ""linkage_id"", ""max_arcsec"": ""max_arcsec"", ""med_arcsec"": ""med_arcsec"", ""mjds"": ""mjds"", ""n_obs"": ""n_obs"", ""n_tracklets"": ""n_tracklets"", ""nu_deg"": ""nu_deg"", ""objids"": ""objids"", ""raan_deg"": ""raan_deg"", ""ras_deg"": ""ras_deg"", ""rms_arcsec"": ""rms_arcsec"", ""tracklet_ids"": ""tracklet_ids"", ""trk_sub"": ""trk_sub""}",[],[]
20260428,orbit_links,/home/admin/pipeline/xiaoyunao/data/heliolincrr/20260428/rr_links/orbit_confirm/orbit_links.fits,True,ok,,,296640,2026-05-15T07:07:31.611453+00:00,1778828851611452709,1d3995426f490388ebde9738207e314224f429ecd96f66a084490eb61a4d73e6,,,1,623,623,,"{""a_au"": ""a_au"", ""argp_deg"": ""argp_deg"", ""best_rejected_max_v_kms"": ""best_rejected_max_v_kms"", ""best_v1_kms"": ""best_v1_kms"", ""ecc"": ""ecc"", ""fail_counts"": ""fail_counts"", ""fail_reason"": ""fail_reason"", ""final_max_v_kms"": ""final_max_v_kms"", ""fit_ok"": ""fit_ok"", ""hypo_r_au"": ""hypo_r_au"", ""hypo_rdd_au_day2"": ""hypo_rdd_au_day2"", ""hypo_rdot_au_day"": ""hypo_rdot_au_day"", ""inc_deg"": ""inc_deg"", ""inlier_tracklets"": ""inlier_tracklets"", ""is_good"": ""is_good"", ""lin_dir_deg"": ""lin_dir_deg"", ""lin_rms_arcsec"": ""lin_rms_arcsec"", ""lin_speed_arcsec_per_day"": ""lin_speed_arcsec_per_day"", ""linkage_id"": ""linkage_id"", ""max_arcsec"": ""max_arcsec"", ""med_arcsec"": ""med_arcsec"", ""min_rejected_max_v_kms"": ""min_rejected_max_v_kms"", ""n_nights"": ""n_nights"", ""n_obs"": ""n_obs"", ""n_tracklets"": ""n_tracklets"", ""nu_deg"": ""nu_deg"", ""pred_dec_deg"": ""pred_dec_deg"", ""pred_ra_deg"": ""pred_ra_deg"", ""raan_deg"": ""raan_deg"", ""rejected_tracklets"": ""rejected_tracklets"", ""rms_arcsec"": ""rms_arcsec"", ""seed_max_v_kms"": ""seed_max_v_kms"", ""seed_tracklets"": ""seed_tracklets""}",[],[]
20260428,orbit_obs_residuals,/home/admin/pipeline/xiaoyunao/data/heliolincrr/20260428/rr_links/orbit_confirm/orbit_obs_residuals.fits,True,ok,,,279360,2026-05-15T07:07:31.623998+00:00,1778828851623998372,170a11e52f887e564d4f3a7c71ea509e9130fb33791def84d89773ca6f4169db,,,1,2859,2859,,"{""dec_deg"": ""dec_deg"", ""linkage_id"": ""linkage_id"", ""mjd"": ""mjd"", ""obs_key"": ""obs_key"", ""ra_deg"": ""ra_deg"", ""resid_arcsec"": ""resid_arcsec"", ""tracklet_id"": ""tracklet_id"", ""used"": ""used""}",[],[]
20260429,known_all,/processed1/20260429/L4/20260429_all_asteroids.fits,True,ok_with_missing_optional,,,21453120,2026-06-19T18:20:15.976201+00:00,1781893215976201290,16c25605edb0d339b55b2f3b18702e567da984be738294ef32937cbb774bb7f9,,,1,109420,109420,source_file,"{""asteroid_name"": ""name"", ""asteroid_number"": ""number"", ""epoch_mjd"": ""epoch"", ""pred_dec_deg"": ""dec"", ""pred_geocentric_distance_au"": null, ""pred_heliocentric_distance_au"": null, ""pred_phase_angle_deg"": null, ""pred_ra_deg"": ""ra"", ""pred_solar_elongation_deg"": null, ""pred_v_mag"": ""mag""}",[],"[""pred_heliocentric_distance_au"", ""pred_geocentric_distance_au"", ""pred_solar_elongation_deg"", ""pred_phase_angle_deg""]"
20260429,known_matched,/processed1/20260429/L4/20260429_matched_asteroids.fits,True,ok_with_missing_optional,,,2355840,2026-06-19T18:20:16.644189+00:00,1781893216644188533,49aacd6954a1c95f6f664954eda7e1c5bda13fd530b812859ebaf70e98bc3587,,,1,3008,3008,source_file,"{""asteroid_name"": ""name"", ""asteroid_number"": ""number"", ""epoch_mjd"": ""epoch"", ""flag"": ""Flag"", ""flag_iso_num"": ""Flag_ISO_Num"", ""flux_aper4"": ""Flux_Aper4"", ""fluxerr_aper4"": ""FluxErr_Aper4"", ""fwhm_px"": ""FWHM"", ""mag_aper4"": ""Mag_Aper4"", ""mag_aper8"": ""Mag_Aper8"", ""mag_kron"": ""Mag_Kron"", ""mag_psf"": ""Mag_PSF"", ""magerr_aper4"": ""MagErr_Aper4"", ""magerr_aper8"": ""MagErr_Aper8"", ""magerr_kron"": ""MagErr_Kron"", ""magerr_psf"": ""MagErr_PSF"", ""obj_id"": ""objID"", ""obs_dec_err_deg"": ""DECErr_Win"", ""obs_dec_psf_deg"": ""DEC_PSF"", ""obs_dec_win_deg"": ""DEC_Win"", ""obs_ra_err_deg"": ""RAErr_Win"", ""obs_ra_psf_deg"": ""RA_PSF"", ""obs_ra_win_deg"": ""RA_Win"", ""pred_dec_deg"": ""dec"", ""pred_geocentric_distance_au"": null, ""pred_heliocentric_distance_au"": null, ""pred_phase_angle_deg"": null, ""pred_ra_deg"": ""ra"", ""pred_solar_elongation_deg"": null, ""pred_v_mag"": ""mag"", ""x_win_px"": ""X_Win"", ""y_win_px"": ""Y_Win""}",[],"[""pred_heliocentric_distance_au"", ""pred_geocentric_distance_au"", ""pred_solar_elongation_deg"", ""pred_phase_angle_deg""]"
20260429,known_mask15,/processed1/20260429/L4/20260429_matched_asteroids_mask15.fits,True,ok_with_missing_optional,,,2471040,2026-06-19T18:20:17.296176+00:00,1781893217296176081,e950033774d578747ed5a5ec47a319f099c20fcfb6022847269fda7d393d243a,,,1,3157,3157,source_file,"{""asteroid_name"": ""name"", ""asteroid_number"": ""number"", ""epoch_mjd"": ""epoch"", ""flag"": ""Flag"", ""flag_iso_num"": ""Flag_ISO_Num"", ""flux_aper4"": ""Flux_Aper4"", ""fluxerr_aper4"": ""FluxErr_Aper4"", ""fwhm_px"": ""FWHM"", ""mag_aper4"": ""Mag_Aper4"", ""mag_aper8"": ""Mag_Aper8"", ""mag_kron"": ""Mag_Kron"", ""mag_psf"": ""Mag_PSF"", ""magerr_aper4"": ""MagErr_Aper4"", ""magerr_aper8"": ""MagErr_Aper8"", ""magerr_kron"": ""MagErr_Kron"", ""magerr_psf"": ""MagErr_PSF"", ""obj_id"": ""objID"", ""obs_dec_err_deg"": ""DECErr_Win"", ""obs_dec_psf_deg"": ""DEC_PSF"", ""obs_dec_win_deg"": ""DEC_Win"", ""obs_ra_err_deg"": ""RAErr_Win"", ""obs_ra_psf_deg"": ""RA_PSF"", ""obs_ra_win_deg"": ""RA_Win"", ""pred_dec_deg"": ""dec"", ""pred_geocentric_distance_au"": null, ""pred_heliocentric_distance_au"": null, ""pred_phase_angle_deg"": null, ""pred_ra_deg"": ""ra"", ""pred_solar_elongation_deg"": null, ""pred_v_mag"": ""mag"", ""x_win_px"": ""X_Win"", ""y_win_px"": ""Y_Win""}",[],"[""pred_heliocentric_distance_au"", ""pred_geocentric_distance_au"", ""pred_solar_elongation_deg"", ""pred_phase_angle_deg""]"
20260429,unknown_catalog,/processed1/20260429/L4/20260429_unknown_links.fits,True,ok,,,34560,2026-06-20T03:15:40.262751+00:00,1781925340262750588,e26ffa2a5688cb71cac29038c770780790f4e98613076b5734a34eaeb3473f6a,,,1,58,58,image_names,"{""a_au"": ""a_au"", ""argp_deg"": ""argp_deg"", ""best_v1_kms"": ""best_v1_kms"", ""decs_deg"": ""decs_deg"", ""ecc"": ""ecc"", ""exp_pairs"": ""exp_pairs"", ""fit_ok"": ""fit_ok"", ""groups"": ""groups"", ""image_names"": ""image_names"", ""inc_deg"": ""inc_deg"", ""is_good"": ""is_good"", ""lin_dir_deg"": ""lin_dir_deg"", ""lin_rms_arcsec"": ""lin_rms_arcsec"", ""lin_speed_arcsec_per_day"": ""lin_speed_arcsec_per_day"", ""linkage_id"": ""linkage_id"", ""max_arcsec"": ""max_arcsec"", ""med_arcsec"": ""med_arcsec"", ""mjds"": ""mjds"", ""n_obs"": ""n_obs"", ""n_tracklets"": ""n_tracklets"", ""nu_deg"": ""nu_deg"", ""objids"": ""objids"", ""raan_deg"": ""raan_deg"", ""ras_deg"": ""ras_deg"", ""rms_arcsec"": ""rms_arcsec"", ""tracklet_ids"": ""tracklet_ids"", ""trk_sub"": ""trk_sub""}",[],[]
20260429,orbit_links,/home/admin/pipeline/xiaoyunao/data/heliolincrr/20260429/rr_links/orbit_confirm/orbit_links.fits,True,ok,,,190080,2026-05-15T07:17:04.617324+00:00,1778829424617324017,5ceffefa7133885a07a62735f08ef1dc5eea30a8508079809730f7225469b51b,,,1,457,457,,"{""a_au"": ""a_au"", ""argp_deg"": ""argp_deg"", ""best_rejected_max_v_kms"": ""best_rejected_max_v_kms"", ""best_v1_kms"": ""best_v1_kms"", ""ecc"": ""ecc"", ""fail_counts"": ""fail_counts"", ""fail_reason"": ""fail_reason"", ""final_max_v_kms"": ""final_max_v_kms"", ""fit_ok"": ""fit_ok"", ""hypo_r_au"": ""hypo_r_au"", ""hypo_rdd_au_day2"": ""hypo_rdd_au_day2"", ""hypo_rdot_au_day"": ""hypo_rdot_au_day"", ""inc_deg"": ""inc_deg"", ""inlier_tracklets"": ""inlier_tracklets"", ""is_good"": ""is_good"", ""lin_dir_deg"": ""lin_dir_deg"", ""lin_rms_arcsec"": ""lin_rms_arcsec"", ""lin_speed_arcsec_per_day"": ""lin_speed_arcsec_per_day"", ""linkage_id"": ""linkage_id"", ""max_arcsec"": ""max_arcsec"", ""med_arcsec"": ""med_arcsec"", ""min_rejected_max_v_kms"": ""min_rejected_max_v_kms"", ""n_nights"": ""n_nights"", ""n_obs"": ""n_obs"", ""n_tracklets"": ""n_tracklets"", ""nu_deg"": ""nu_deg"", ""pred_dec_deg"": ""pred_dec_deg"", ""pred_ra_deg"": ""pred_ra_deg"", ""raan_deg"": ""raan_deg"", ""rejected_tracklets"": ""rejected_tracklets"", ""rms_arcsec"": ""rms_arcsec"", ""seed_max_v_kms"": ""seed_max_v_kms"", ""seed_tracklets"": ""seed_tracklets""}",[],[]
20260429,orbit_obs_residuals,/home/admin/pipeline/xiaoyunao/data/heliolincrr/20260429/rr_links/orbit_confirm/orbit_obs_residuals.fits,True,ok,,,207360,2026-05-15T07:17:04.633882+00:00,1778829424633881886,cf7ac2cae2bcb4de67c19f118dbee5f9f2a949e5127a89c0299ca71f2977ced6,,,1,2117,2117,,"{""dec_deg"": ""dec_deg"", ""linkage_id"": ""linkage_id"", ""mjd"": ""mjd"", ""obs_key"": ""obs_key"", ""ra_deg"": ""ra_deg"", ""resid_arcsec"": ""resid_arcsec"", ""tracklet_id"": ""tracklet_id"", ""used"": ""used""}",[],[]
20260430,known_all,/processed1/20260430/L4/20260430_all_asteroids.fits,True,ok_with_missing_optional,,,3888000,2026-06-19T18:21:26.680851+00:00,1781893286680850962,f81f16576c7de13dda1061ab2063cd660643fdbd69867089e89d5f9d47f5258f,,,1,19801,19801,source_file,"{""asteroid_name"": ""name"", ""asteroid_number"": ""number"", ""epoch_mjd"": ""epoch"", ""pred_dec_deg"": ""dec"", ""pred_geocentric_distance_au"": null, ""pred_heliocentric_distance_au"": null, ""pred_phase_angle_deg"": null, ""pred_ra_deg"": ""ra"", ""pred_solar_elongation_deg"": null, ""pred_v_mag"": ""mag""}",[],"[""pred_heliocentric_distance_au"", ""pred_geocentric_distance_au"", ""pred_solar_elongation_deg"", ""pred_phase_angle_deg""]"
20260430,known_matched,/processed1/20260430/L4/20260430_matched_asteroids.fits,True,ok_with_missing_optional,,,169920,2026-06-19T18:21:26.810848+00:00,1781893286810848479,013cf7aa28b5591986e932c5ac578c0e5d8d6831600f7732003f3b02cf567573,,,1,185,185,source_file,"{""asteroid_name"": ""name"", ""asteroid_number"": ""number"", ""epoch_mjd"": ""epoch"", ""flag"": ""Flag"", ""flag_iso_num"": ""Flag_ISO_Num"", ""flux_aper4"": ""Flux_Aper4"", ""fluxerr_aper4"": ""FluxErr_Aper4"", ""fwhm_px"": ""FWHM"", ""mag_aper4"": ""Mag_Aper4"", ""mag_aper8"": ""Mag_Aper8"", ""mag_kron"": ""Mag_Kron"", ""mag_psf"": ""Mag_PSF"", ""magerr_aper4"": ""MagErr_Aper4"", ""magerr_aper8"": ""MagErr_Aper8"", ""magerr_kron"": ""MagErr_Kron"", ""magerr_psf"": ""MagErr_PSF"", ""obj_id"": ""objID"", ""obs_dec_err_deg"": ""DECErr_Win"", ""obs_dec_psf_deg"": ""DEC_PSF"", ""obs_dec_win_deg"": ""DEC_Win"", ""obs_ra_err_deg"": ""RAErr_Win"", ""obs_ra_psf_deg"": ""RA_PSF"", ""obs_ra_win_deg"": ""RA_Win"", ""pred_dec_deg"": ""dec"", ""pred_geocentric_distance_au"": null, ""pred_heliocentric_distance_au"": null, ""pred_phase_angle_deg"": null, ""pred_ra_deg"": ""ra"", ""pred_solar_elongation_deg"": null, ""pred_v_mag"": ""mag"", ""x_win_px"": ""X_Win"", ""y_win_px"": ""Y_Win""}",[],"[""pred_heliocentric_distance_au"", ""pred_geocentric_distance_au"", ""pred_solar_elongation_deg"", ""pred_phase_angle_deg""]"
20260430,known_mask15,/processed1/20260430/L4/20260430_matched_asteroids_mask15.fits,True,ok_with_missing_optional,,,175680,2026-06-19T18:21:26.939846+00:00,1781893286939846015,85f32519848d5cfa1eacef6ca860aba3b9b1ae0b2269121452fd70d2f3243457,,,1,192,192,source_file,"{""asteroid_name"": ""name"", ""asteroid_number"": ""number"", ""epoch_mjd"": ""epoch"", ""flag"": ""Flag"", ""flag_iso_num"": ""Flag_ISO_Num"", ""flux_aper4"": ""Flux_Aper4"", ""fluxerr_aper4"": ""FluxErr_Aper4"", ""fwhm_px"": ""FWHM"", ""mag_aper4"": ""Mag_Aper4"", ""mag_aper8"": ""Mag_Aper8"", ""mag_kron"": ""Mag_Kron"", ""mag_psf"": ""Mag_PSF"", ""magerr_aper4"": ""MagErr_Aper4"", ""magerr_aper8"": ""MagErr_Aper8"", ""magerr_kron"": ""MagErr_Kron"", ""magerr_psf"": ""MagErr_PSF"", ""obj_id"": ""objID"", ""obs_dec_err_deg"": ""DECErr_Win"", ""obs_dec_psf_deg"": ""DEC_PSF"", ""obs_dec_win_deg"": ""DEC_Win"", ""obs_ra_err_deg"": ""RAErr_Win"", ""obs_ra_psf_deg"": ""RA_PSF"", ""obs_ra_win_deg"": ""RA_Win"", ""pred_dec_deg"": ""dec"", ""pred_geocentric_distance_au"": null, ""pred_heliocentric_distance_au"": null, ""pred_phase_angle_deg"": null, ""pred_ra_deg"": ""ra"", ""pred_solar_elongation_deg"": null, ""pred_v_mag"": ""mag"", ""x_win_px"": ""X_Win"", ""y_win_px"": ""Y_Win""}",[],"[""pred_heliocentric_distance_au"", ""pred_geocentric_distance_au"", ""pred_solar_elongation_deg"", ""pred_phase_angle_deg""]"
20260430,unknown_catalog,/processed1/20260430/L4/20260430_unknown_links.fits,True,ok,,,8640,2026-06-20T03:16:49.779420+00:00,1781925409779419779,ae49cc5e768ea74f2b9233e8e4b56e4db77dd4c3219b06a6ce6ae1d2f558cb89,,,1,0,0,image_names,"{""a_au"": ""a_au"", ""argp_deg"": ""argp_deg"", ""best_v1_kms"": ""best_v1_kms"", ""decs_deg"": ""decs_deg"", ""ecc"": ""ecc"", ""exp_pairs"": ""exp_pairs"", ""fit_ok"": ""fit_ok"", ""groups"": ""groups"", ""image_names"": ""image_names"", ""inc_deg"": ""inc_deg"", ""is_good"": ""is_good"", ""lin_dir_deg"": ""lin_dir_deg"", ""lin_rms_arcsec"": ""lin_rms_arcsec"", ""lin_speed_arcsec_per_day"": ""lin_speed_arcsec_per_day"", ""linkage_id"": ""linkage_id"", ""max_arcsec"": ""max_arcsec"", ""med_arcsec"": ""med_arcsec"", ""mjds"": ""mjds"", ""n_obs"": ""n_obs"", ""n_tracklets"": ""n_tracklets"", ""nu_deg"": ""nu_deg"", ""objids"": ""objids"", ""raan_deg"": ""raan_deg"", ""ras_deg"": ""ras_deg"", ""rms_arcsec"": ""rms_arcsec"", ""tracklet_ids"": ""tracklet_ids"", ""trk_sub"": ""trk_sub""}",[],[]
20260430,orbit_links,/home/admin/pipeline/xiaoyunao/data/heliolincrr/20260430/rr_links/orbit_confirm/orbit_links.fits,True,ok,,,14400,2026-05-15T07:32:31.307414+00:00,1778830351307414260,a4fd47e5487b2d987d979fbfc4865c3284cbc6e2c511fccfdcf9983f1927ecbf,,,1,7,7,,"{""a_au"": ""a_au"", ""argp_deg"": ""argp_deg"", ""best_rejected_max_v_kms"": ""best_rejected_max_v_kms"", ""best_v1_kms"": ""best_v1_kms"", ""ecc"": ""ecc"", ""fail_counts"": ""fail_counts"", ""fail_reason"": ""fail_reason"", ""final_max_v_kms"": ""final_max_v_kms"", ""fit_ok"": ""fit_ok"", ""hypo_r_au"": ""hypo_r_au"", ""hypo_rdd_au_day2"": ""hypo_rdd_au_day2"", ""hypo_rdot_au_day"": ""hypo_rdot_au_day"", ""inc_deg"": ""inc_deg"", ""inlier_tracklets"": ""inlier_tracklets"", ""is_good"": ""is_good"", ""lin_dir_deg"": ""lin_dir_deg"", ""lin_rms_arcsec"": ""lin_rms_arcsec"", ""lin_speed_arcsec_per_day"": ""lin_speed_arcsec_per_day"", ""linkage_id"": ""linkage_id"", ""max_arcsec"": ""max_arcsec"", ""med_arcsec"": ""med_arcsec"", ""min_rejected_max_v_kms"": ""min_rejected_max_v_kms"", ""n_nights"": ""n_nights"", ""n_obs"": ""n_obs"", ""n_tracklets"": ""n_tracklets"", ""nu_deg"": ""nu_deg"", ""pred_dec_deg"": ""pred_dec_deg"", ""pred_ra_deg"": ""pred_ra_deg"", ""raan_deg"": ""raan_deg"", ""rejected_tracklets"": ""rejected_tracklets"", ""rms_arcsec"": ""rms_arcsec"", ""seed_max_v_kms"": ""seed_max_v_kms"", ""seed_tracklets"": ""seed_tracklets""}",[],[]
20260430,orbit_obs_residuals,/home/admin/pipeline/xiaoyunao/data/heliolincrr/20260430/rr_links/orbit_confirm/orbit_obs_residuals.fits,True,ok,,,8640,2026-05-15T07:32:31.315968+00:00,1778830351315968091,3f529523f121424377307832981d69893f96d4f4f80a3cb525425fe19b7005f0,,,1,21,21,,"{""dec_deg"": ""dec_deg"", ""linkage_id"": ""linkage_id"", ""mjd"": ""mjd"", ""obs_key"": ""obs_key"", ""ra_deg"": ""ra_deg"", ""resid_arcsec"": ""resid_arcsec"", ""tracklet_id"": ""tracklet_id"", ""used"": ""used""}",[],[]
20260501,known_all,/processed1/20260501/L4/20260501_all_asteroids.fits,False,missing,,,0,,0,,,,1,0,0,,{},[],[]
20260501,known_matched,/processed1/20260501/L4/20260501_matched_asteroids.fits,False,missing,,,0,,0,,,,1,0,0,,{},[],[]
20260501,known_mask15,/processed1/20260501/L4/20260501_matched_asteroids_mask15.fits,False,missing,,,0,,0,,,,1,0,0,,{},[],[]
20260501,unknown_catalog,/processed1/20260501/L4/20260501_unknown_links.fits,False,missing,,,0,,0,,,,1,0,0,,{},[],[]
20260501,orbit_links,/home/admin/pipeline/xiaoyunao/data/heliolincrr/20260501/rr_links/orbit_confirm/orbit_links.fits,False,missing,,,0,,0,,,,1,0,0,,{},[],[]
20260501,orbit_obs_residuals,/home/admin/pipeline/xiaoyunao/data/heliolincrr/20260501/rr_links/orbit_confirm/orbit_obs_residuals.fits,False,missing,,,0,,0,,,,1,0,0,,{},[],[]
20260502,known_all,/processed1/20260502/L4/20260502_all_asteroids.fits,False,missing,,,0,,0,,,,1,0,0,,{},[],[]
20260502,known_matched,/processed1/20260502/L4/20260502_matched_asteroids.fits,False,missing,,,0,,0,,,,1,0,0,,{},[],[]
20260502,known_mask15,/processed1/20260502/L4/20260502_matched_asteroids_mask15.fits,False,missing,,,0,,0,,,,1,0,0,,{},[],[]
20260502,unknown_catalog,/processed1/20260502/L4/20260502_unknown_links.fits,False,missing,,,0,,0,,,,1,0,0,,{},[],[]
20260502,orbit_links,/home/admin/pipeline/xiaoyunao/data/heliolincrr/20260502/rr_links/orbit_confirm/orbit_links.fits,False,missing,,,0,,0,,,,1,0,0,,{},[],[]
20260502,orbit_obs_residuals,/home/admin/pipeline/xiaoyunao/data/heliolincrr/20260502/rr_links/orbit_confirm/orbit_obs_residuals.fits,False,missing,,,0,,0,,,,1,0,0,,{},[],[]
20260503,known_all,/processed1/20260503/L4/20260503_all_asteroids.fits,True,ok_with_missing_optional,,,18789120,2026-06-19T18:29:35.652516+00:00,1781893775652515948,cea00c46d6251188ca67f28234a1096a10f72f137632c6fed187e5a439887fd4,,,1,95824,95824,source_file,"{""asteroid_name"": ""name"", ""asteroid_number"": ""number"", ""epoch_mjd"": ""epoch"", ""pred_dec_deg"": ""dec"", ""pred_geocentric_distance_au"": null, ""pred_heliocentric_distance_au"": null, ""pred_phase_angle_deg"": null, ""pred_ra_deg"": ""ra"", ""pred_solar_elongation_deg"": null, ""pred_v_mag"": ""mag""}",[],"[""pred_heliocentric_distance_au"", ""pred_geocentric_distance_au"", ""pred_solar_elongation_deg"", ""pred_phase_angle_deg""]"
20260503,known_matched,/processed1/20260503/L4/20260503_matched_asteroids.fits,True,ok_with_missing_optional,,,2367360,2026-06-19T18:29:36.367502+00:00,1781893776367502300,6d8dcfd5c53e61b971f0dae8a0d994119882d9fa20724f7f202286e774103f3e,,,1,3022,3022,source_file,"{""asteroid_name"": ""name"", ""asteroid_number"": ""number"", ""epoch_mjd"": ""epoch"", ""flag"": ""Flag"", ""flag_iso_num"": ""Flag_ISO_Num"", ""flux_aper4"": ""Flux_Aper4"", ""fluxerr_aper4"": ""FluxErr_Aper4"", ""fwhm_px"": ""FWHM"", ""mag_aper4"": ""Mag_Aper4"", ""mag_aper8"": ""Mag_Aper8"", ""mag_kron"": ""Mag_Kron"", ""mag_psf"": ""Mag_PSF"", ""magerr_aper4"": ""MagErr_Aper4"", ""magerr_aper8"": ""MagErr_Aper8"", ""magerr_kron"": ""MagErr_Kron"", ""magerr_psf"": ""MagErr_PSF"", ""obj_id"": ""objID"", ""obs_dec_err_deg"": ""DECErr_Win"", ""obs_dec_psf_deg"": ""DEC_PSF"", ""obs_dec_win_deg"": ""DEC_Win"", ""obs_ra_err_deg"": ""RAErr_Win"", ""obs_ra_psf_deg"": ""RA_PSF"", ""obs_ra_win_deg"": ""RA_Win"", ""pred_dec_deg"": ""dec"", ""pred_geocentric_distance_au"": null, ""pred_heliocentric_distance_au"": null, ""pred_phase_angle_deg"": null, ""pred_ra_deg"": ""ra"", ""pred_solar_elongation_deg"": null, ""pred_v_mag"": ""mag"", ""x_win_px"": ""X_Win"", ""y_win_px"": ""Y_Win""}",[],"[""pred_heliocentric_distance_au"", ""pred_geocentric_distance_au"", ""pred_solar_elongation_deg"", ""pred_phase_angle_deg""]"
20260503,known_mask15,/processed1/20260503/L4/20260503_matched_asteroids_mask15.fits,True,ok_with_missing_optional,,,2580480,2026-06-19T18:29:37.071489+00:00,1781893777071488862,e8d76853f47818d63bf4420e9329e491a115b1f03cae3990b8300cecd0377ad7,,,1,3297,3297,source_file,"{""asteroid_name"": ""name"", ""asteroid_number"": ""number"", ""epoch_mjd"": ""epoch"", ""flag"": ""Flag"", ""flag_iso_num"": ""Flag_ISO_Num"", ""flux_aper4"": ""Flux_Aper4"", ""fluxerr_aper4"": ""FluxErr_Aper4"", ""fwhm_px"": ""FWHM"", ""mag_aper4"": ""Mag_Aper4"", ""mag_aper8"": ""Mag_Aper8"", ""mag_kron"": ""Mag_Kron"", ""mag_psf"": ""Mag_PSF"", ""magerr_aper4"": ""MagErr_Aper4"", ""magerr_aper8"": ""MagErr_Aper8"", ""magerr_kron"": ""MagErr_Kron"", ""magerr_psf"": ""MagErr_PSF"", ""obj_id"": ""objID"", ""obs_dec_err_deg"": ""DECErr_Win"", ""obs_dec_psf_deg"": ""DEC_PSF"", ""obs_dec_win_deg"": ""DEC_Win"", ""obs_ra_err_deg"": ""RAErr_Win"", ""obs_ra_psf_deg"": ""RA_PSF"", ""obs_ra_win_deg"": ""RA_Win"", ""pred_dec_deg"": ""dec"", ""pred_geocentric_distance_au"": null, ""pred_heliocentric_distance_au"": null, ""pred_phase_angle_deg"": null, ""pred_ra_deg"": ""ra"", ""pred_solar_elongation_deg"": null, ""pred_v_mag"": ""mag"", ""x_win_px"": ""X_Win"", ""y_win_px"": ""Y_Win""}",[],"[""pred_heliocentric_distance_au"", ""pred_geocentric_distance_au"", ""pred_solar_elongation_deg"", ""pred_phase_angle_deg""]"
20260503,unknown_catalog,/processed1/20260503/L4/20260503_unknown_links.fits,True,ok,,,23040,2026-06-20T03:17:18.442871+00:00,1781925438442871053,041b7f15fea42399784e867b260d1892c53b402531ff3f72a3bbb10ef4ae4ec6,,,1,32,32,image_names,"{""a_au"": ""a_au"", ""argp_deg"": ""argp_deg"", ""best_v1_kms"": ""best_v1_kms"", ""decs_deg"": ""decs_deg"", ""ecc"": ""ecc"", ""exp_pairs"": ""exp_pairs"", ""fit_ok"": ""fit_ok"", ""groups"": ""groups"", ""image_names"": ""image_names"", ""inc_deg"": ""inc_deg"", ""is_good"": ""is_good"", ""lin_dir_deg"": ""lin_dir_deg"", ""lin_rms_arcsec"": ""lin_rms_arcsec"", ""lin_speed_arcsec_per_day"": ""lin_speed_arcsec_per_day"", ""linkage_id"": ""linkage_id"", ""max_arcsec"": ""max_arcsec"", ""med_arcsec"": ""med_arcsec"", ""mjds"": ""mjds"", ""n_obs"": ""n_obs"", ""n_tracklets"": ""n_tracklets"", ""nu_deg"": ""nu_deg"", ""objids"": ""objids"", ""raan_deg"": ""raan_deg"", ""ras_deg"": ""ras_deg"", ""rms_arcsec"": ""rms_arcsec"", ""tracklet_ids"": ""tracklet_ids"", ""trk_sub"": ""trk_sub""}",[],[]
20260503,orbit_links,/home/admin/pipeline/xiaoyunao/data/heliolincrr/20260503/rr_links/orbit_confirm/orbit_links.fits,True,ok,,,181440,2026-05-15T07:41:24.843280+00:00,1778830884843279896,83633e08512ae5418c4f3605aa30a8185e8c82b4edff5c6ef27614f4b14be582,,,1,508,508,,"{""a_au"": ""a_au"", ""argp_deg"": ""argp_deg"", ""best_rejected_max_v_kms"": ""best_rejected_max_v_kms"", ""best_v1_kms"": ""best_v1_kms"", ""ecc"": ""ecc"", ""fail_counts"": ""fail_counts"", ""fail_reason"": ""fail_reason"", ""final_max_v_kms"": ""final_max_v_kms"", ""fit_ok"": ""fit_ok"", ""hypo_r_au"": ""hypo_r_au"", ""hypo_rdd_au_day2"": ""hypo_rdd_au_day2"", ""hypo_rdot_au_day"": ""hypo_rdot_au_day"", ""inc_deg"": ""inc_deg"", ""inlier_tracklets"": ""inlier_tracklets"", ""is_good"": ""is_good"", ""lin_dir_deg"": ""lin_dir_deg"", ""lin_rms_arcsec"": ""lin_rms_arcsec"", ""lin_speed_arcsec_per_day"": ""lin_speed_arcsec_per_day"", ""linkage_id"": ""linkage_id"", ""max_arcsec"": ""max_arcsec"", ""med_arcsec"": ""med_arcsec"", ""min_rejected_max_v_kms"": ""min_rejected_max_v_kms"", ""n_nights"": ""n_nights"", ""n_obs"": ""n_obs"", ""n_tracklets"": ""n_tracklets"", ""nu_deg"": ""nu_deg"", ""pred_dec_deg"": ""pred_dec_deg"", ""pred_ra_deg"": ""pred_ra_deg"", ""raan_deg"": ""raan_deg"", ""rejected_tracklets"": ""rejected_tracklets"", ""rms_arcsec"": ""rms_arcsec"", ""seed_max_v_kms"": ""seed_max_v_kms"", ""seed_tracklets"": ""seed_tracklets""}",[],[]
20260503,orbit_obs_residuals,/home/admin/pipeline/xiaoyunao/data/heliolincrr/20260503/rr_links/orbit_confirm/orbit_obs_residuals.fits,True,ok,,,187200,2026-05-15T07:41:24.852997+00:00,1778830884852997004,338bd8b355e1cf7f128769fd99160904443b79d542e63fe4f72f9591620bd89d,,,1,1875,1875,,"{""dec_deg"": ""dec_deg"", ""linkage_id"": ""linkage_id"", ""mjd"": ""mjd"", ""obs_key"": ""obs_key"", ""ra_deg"": ""ra_deg"", ""resid_arcsec"": ""resid_arcsec"", ""tracklet_id"": ""tracklet_id"", ""used"": ""used""}",[],[]
20260504,known_all,/processed1/20260504/L4/20260504_all_asteroids.fits,True,ok_with_missing_optional,,,22769280,2026-06-19T18:35:57.479228+00:00,1781894157479227440,54c44544042ddf894e7f7700a454f138520afea3abe078ddd4335dd73bd17820,,,1,116127,116127,source_file,"{""asteroid_name"": ""name"", ""asteroid_number"": ""number"", ""epoch_mjd"": ""epoch"", ""pred_dec_deg"": ""dec"", ""pred_geocentric_distance_au"": null, ""pred_heliocentric_distance_au"": null, ""pred_phase_angle_deg"": null, ""pred_ra_deg"": ""ra"", ""pred_solar_elongation_deg"": null, ""pred_v_mag"": ""mag""}",[],"[""pred_heliocentric_distance_au"", ""pred_geocentric_distance_au"", ""pred_solar_elongation_deg"", ""pred_phase_angle_deg""]"
20260504,known_matched,/processed1/20260504/L4/20260504_matched_asteroids.fits,True,ok_with_missing_optional,,,2407680,2026-06-19T18:35:58.202214+00:00,1781894158202213639,621cfc02f47809d10e3e8874eb86b60af2b608280c24b8553e6e1be551737886,,,1,3075,3075,source_file,"{""asteroid_name"": ""name"", ""asteroid_number"": ""number"", ""epoch_mjd"": ""epoch"", ""flag"": ""Flag"", ""flag_iso_num"": ""Flag_ISO_Num"", ""flux_aper4"": ""Flux_Aper4"", ""fluxerr_aper4"": ""FluxErr_Aper4"", ""fwhm_px"": ""FWHM"", ""mag_aper4"": ""Mag_Aper4"", ""mag_aper8"": ""Mag_Aper8"", ""mag_kron"": ""Mag_Kron"", ""mag_psf"": ""Mag_PSF"", ""magerr_aper4"": ""MagErr_Aper4"", ""magerr_aper8"": ""MagErr_Aper8"", ""magerr_kron"": ""MagErr_Kron"", ""magerr_psf"": ""MagErr_PSF"", ""obj_id"": ""objID"", ""obs_dec_err_deg"": ""DECErr_Win"", ""obs_dec_psf_deg"": ""DEC_PSF"", ""obs_dec_win_deg"": ""DEC_Win"", ""obs_ra_err_deg"": ""RAErr_Win"", ""obs_ra_psf_deg"": ""RA_PSF"", ""obs_ra_win_deg"": ""RA_Win"", ""pred_dec_deg"": ""dec"", ""pred_geocentric_distance_au"": null, ""pred_heliocentric_distance_au"": null, ""pred_phase_angle_deg"": null, ""pred_ra_deg"": ""ra"", ""pred_solar_elongation_deg"": null, ""pred_v_mag"": ""mag"", ""x_win_px"": ""X_Win"", ""y_win_px"": ""Y_Win""}",[],"[""pred_heliocentric_distance_au"", ""pred_geocentric_distance_au"", ""pred_solar_elongation_deg"", ""pred_phase_angle_deg""]"
20260504,known_mask15,/processed1/20260504/L4/20260504_matched_asteroids_mask15.fits,True,ok_with_missing_optional,,,2496960,2026-06-19T18:35:58.911200+00:00,1781894158911200105,8b7ef983cc095d08f3e5869eee93b4b0524a26a4bf6c1d70902d05eeeaca4ded,,,1,3190,3190,source_file,"{""asteroid_name"": ""name"", ""asteroid_number"": ""number"", ""epoch_mjd"": ""epoch"", ""flag"": ""Flag"", ""flag_iso_num"": ""Flag_ISO_Num"", ""flux_aper4"": ""Flux_Aper4"", ""fluxerr_aper4"": ""FluxErr_Aper4"", ""fwhm_px"": ""FWHM"", ""mag_aper4"": ""Mag_Aper4"", ""mag_aper8"": ""Mag_Aper8"", ""mag_kron"": ""Mag_Kron"", ""mag_psf"": ""Mag_PSF"", ""magerr_aper4"": ""MagErr_Aper4"", ""magerr_aper8"": ""MagErr_Aper8"", ""magerr_kron"": ""MagErr_Kron"", ""magerr_psf"": ""MagErr_PSF"", ""obj_id"": ""objID"", ""obs_dec_err_deg"": ""DECErr_Win"", ""obs_dec_psf_deg"": ""DEC_PSF"", ""obs_dec_win_deg"": ""DEC_Win"", ""obs_ra_err_deg"": ""RAErr_Win"", ""obs_ra_psf_deg"": ""RA_PSF"", ""obs_ra_win_deg"": ""RA_Win"", ""pred_dec_deg"": ""dec"", ""pred_geocentric_distance_au"": null, ""pred_heliocentric_distance_au"": null, ""pred_phase_angle_deg"": null, ""pred_ra_deg"": ""ra"", ""pred_solar_elongation_deg"": null, ""pred_v_mag"": ""mag"", ""x_win_px"": ""X_Win"", ""y_win_px"": ""Y_Win""}",[],"[""pred_heliocentric_distance_au"", ""pred_geocentric_distance_au"", ""pred_solar_elongation_deg"", ""pred_phase_angle_deg""]"
20260504,unknown_catalog,/processed1/20260504/L4/20260504_unknown_links.fits,True,ok,,,28800,2026-06-20T03:18:39.990307+00:00,1781925519990306659,e2a66d1a7b6ec1a6cdd94b99059a87ee4da3e8de2fc1843f462fc7e4f3b6694f,,,1,39,39,image_names,"{""a_au"": ""a_au"", ""argp_deg"": ""argp_deg"", ""best_v1_kms"": ""best_v1_kms"", ""decs_deg"": ""decs_deg"", ""ecc"": ""ecc"", ""exp_pairs"": ""exp_pairs"", ""fit_ok"": ""fit_ok"", ""groups"": ""groups"", ""image_names"": ""image_names"", ""inc_deg"": ""inc_deg"", ""is_good"": ""is_good"", ""lin_dir_deg"": ""lin_dir_deg"", ""lin_rms_arcsec"": ""lin_rms_arcsec"", ""lin_speed_arcsec_per_day"": ""lin_speed_arcsec_per_day"", ""linkage_id"": ""linkage_id"", ""max_arcsec"": ""max_arcsec"", ""med_arcsec"": ""med_arcsec"", ""mjds"": ""mjds"", ""n_obs"": ""n_obs"", ""n_tracklets"": ""n_tracklets"", ""nu_deg"": ""nu_deg"", ""objids"": ""objids"", ""raan_deg"": ""raan_deg"", ""ras_deg"": ""ras_deg"", ""rms_arcsec"": ""rms_arcsec"", ""tracklet_ids"": ""tracklet_ids"", ""trk_sub"": ""trk_sub""}",[],[]
20260504,orbit_links,/home/admin/pipeline/xiaoyunao/data/heliolincrr/20260504/rr_links/orbit_confirm/orbit_links.fits,True,ok,,,239040,2026-05-15T07:52:19.272633+00:00,1778831539272632845,b24def54d548e51ac93dcd07c8d28d4d108de51ecc263798bcc9e5a1b0cdfe4c,,,1,641,641,,"{""a_au"": ""a_au"", ""argp_deg"": ""argp_deg"", ""best_rejected_max_v_kms"": ""best_rejected_max_v_kms"", ""best_v1_kms"": ""best_v1_kms"", ""ecc"": ""ecc"", ""fail_counts"": ""fail_counts"", ""fail_reason"": ""fail_reason"", ""final_max_v_kms"": ""final_max_v_kms"", ""fit_ok"": ""fit_ok"", ""hypo_r_au"": ""hypo_r_au"", ""hypo_rdd_au_day2"": ""hypo_rdd_au_day2"", ""hypo_rdot_au_day"": ""hypo_rdot_au_day"", ""inc_deg"": ""inc_deg"", ""inlier_tracklets"": ""inlier_tracklets"", ""is_good"": ""is_good"", ""lin_dir_deg"": ""lin_dir_deg"", ""lin_rms_arcsec"": ""lin_rms_arcsec"", ""lin_speed_arcsec_per_day"": ""lin_speed_arcsec_per_day"", ""linkage_id"": ""linkage_id"", ""max_arcsec"": ""max_arcsec"", ""med_arcsec"": ""med_arcsec"", ""min_rejected_max_v_kms"": ""min_rejected_max_v_kms"", ""n_nights"": ""n_nights"", ""n_obs"": ""n_obs"", ""n_tracklets"": ""n_tracklets"", ""nu_deg"": ""nu_deg"", ""pred_dec_deg"": ""pred_dec_deg"", ""pred_ra_deg"": ""pred_ra_deg"", ""raan_deg"": ""raan_deg"", ""rejected_tracklets"": ""rejected_tracklets"", ""rms_arcsec"": ""rms_arcsec"", ""seed_max_v_kms"": ""seed_max_v_kms"", ""seed_tracklets"": ""seed_tracklets""}",[],[]
20260504,orbit_obs_residuals,/home/admin/pipeline/xiaoyunao/data/heliolincrr/20260504/rr_links/orbit_confirm/orbit_obs_residuals.fits,True,ok,,,216000,2026-05-15T07:52:19.283735+00:00,1778831539283735292,5dfa08560c502a6ed7b70ab0ed0ef63c0211334d36fae87a585a44d75cc61f25,,,1,2183,2183,,"{""dec_deg"": ""dec_deg"", ""linkage_id"": ""linkage_id"", ""mjd"": ""mjd"", ""obs_key"": ""obs_key"", ""ra_deg"": ""ra_deg"", ""resid_arcsec"": ""resid_arcsec"", ""tracklet_id"": ""tracklet_id"", ""used"": ""used""}",[],[]
20260505,known_all,/processed1/20260505/L4/20260505_all_asteroids.fits,False,missing,,,0,,0,,,,1,0,0,,{},[],[]
20260505,known_matched,/processed1/20260505/L4/20260505_matched_asteroids.fits,False,missing,,,0,,0,,,,1,0,0,,{},[],[]
20260505,known_mask15,/processed1/20260505/L4/20260505_matched_asteroids_mask15.fits,False,missing,,,0,,0,,,,1,0,0,,{},[],[]
20260505,unknown_catalog,/processed1/20260505/L4/20260505_unknown_links.fits,False,missing,,,0,,0,,,,1,0,0,,{},[],[]
20260505,orbit_links,/home/admin/pipeline/xiaoyunao/data/heliolincrr/20260505/rr_links/orbit_confirm/orbit_links.fits,False,missing,,,0,,0,,,,1,0,0,,{},[],[]
20260505,orbit_obs_residuals,/home/admin/pipeline/xiaoyunao/data/heliolincrr/20260505/rr_links/orbit_confirm/orbit_obs_residuals.fits,False,missing,,,0,,0,,,,1,0,0,,{},[],[]
20260506,known_all,/processed1/20260506/L4/20260506_all_asteroids.fits,True,ok_with_missing_optional,,,9403200,2026-06-19T18:38:50.300929+00:00,1781894330300928529,44a9c3b5920143fa25e839072d8c98c17549849aa82e987e3608de54f044a635,,,1,47941,47941,source_file,"{""asteroid_name"": ""name"", ""asteroid_number"": ""number"", ""epoch_mjd"": ""epoch"", ""pred_dec_deg"": ""dec"", ""pred_geocentric_distance_au"": null, ""pred_heliocentric_distance_au"": null, ""pred_phase_angle_deg"": null, ""pred_ra_deg"": ""ra"", ""pred_solar_elongation_deg"": null, ""pred_v_mag"": ""mag""}",[],"[""pred_heliocentric_distance_au"", ""pred_geocentric_distance_au"", ""pred_solar_elongation_deg"", ""pred_phase_angle_deg""]"
20260506,known_matched,/processed1/20260506/L4/20260506_matched_asteroids.fits,True,ok_with_missing_optional,,,1440000,2026-06-19T18:38:50.652922+00:00,1781894330652921810,f4014c545f0b14b55dc883bc673a3b9b7b34e5538033d3e335adf61edc59cd5d,,,1,1826,1826,source_file,"{""asteroid_name"": ""name"", ""asteroid_number"": ""number"", ""epoch_mjd"": ""epoch"", ""flag"": ""Flag"", ""flag_iso_num"": ""Flag_ISO_Num"", ""flux_aper4"": ""Flux_Aper4"", ""fluxerr_aper4"": ""FluxErr_Aper4"", ""fwhm_px"": ""FWHM"", ""mag_aper4"": ""Mag_Aper4"", ""mag_aper8"": ""Mag_Aper8"", ""mag_kron"": ""Mag_Kron"", ""mag_psf"": ""Mag_PSF"", ""magerr_aper4"": ""MagErr_Aper4"", ""magerr_aper8"": ""MagErr_Aper8"", ""magerr_kron"": ""MagErr_Kron"", ""magerr_psf"": ""MagErr_PSF"", ""obj_id"": ""objID"", ""obs_dec_err_deg"": ""DECErr_Win"", ""obs_dec_psf_deg"": ""DEC_PSF"", ""obs_dec_win_deg"": ""DEC_Win"", ""obs_ra_err_deg"": ""RAErr_Win"", ""obs_ra_psf_deg"": ""RA_PSF"", ""obs_ra_win_deg"": ""RA_Win"", ""pred_dec_deg"": ""dec"", ""pred_geocentric_distance_au"": null, ""pred_heliocentric_distance_au"": null, ""pred_phase_angle_deg"": null, ""pred_ra_deg"": ""ra"", ""pred_solar_elongation_deg"": null, ""pred_v_mag"": ""mag"", ""x_win_px"": ""X_Win"", ""y_win_px"": ""Y_Win""}",[],"[""pred_heliocentric_distance_au"", ""pred_geocentric_distance_au"", ""pred_solar_elongation_deg"", ""pred_phase_angle_deg""]"
20260506,known_mask15,/processed1/20260506/L4/20260506_matched_asteroids_mask15.fits,True,ok_with_missing_optional,,,1509120,2026-06-19T18:38:51.005915+00:00,1781894331005915071,eb84f40f88ef8bf265b6419c8516cc92438dad9397eb475bf991dd8795dd0427,,,1,1913,1913,source_file,"{""asteroid_name"": ""name"", ""asteroid_number"": ""number"", ""epoch_mjd"": ""epoch"", ""flag"": ""Flag"", ""flag_iso_num"": ""Flag_ISO_Num"", ""flux_aper4"": ""Flux_Aper4"", ""fluxerr_aper4"": ""FluxErr_Aper4"", ""fwhm_px"": ""FWHM"", ""mag_aper4"": ""Mag_Aper4"", ""mag_aper8"": ""Mag_Aper8"", ""mag_kron"": ""Mag_Kron"", ""mag_psf"": ""Mag_PSF"", ""magerr_aper4"": ""MagErr_Aper4"", ""magerr_aper8"": ""MagErr_Aper8"", ""magerr_kron"": ""MagErr_Kron"", ""magerr_psf"": ""MagErr_PSF"", ""obj_id"": ""objID"", ""obs_dec_err_deg"": ""DECErr_Win"", ""obs_dec_psf_deg"": ""DEC_PSF"", ""obs_dec_win_deg"": ""DEC_Win"", ""obs_ra_err_deg"": ""RAErr_Win"", ""obs_ra_psf_deg"": ""RA_PSF"", ""obs_ra_win_deg"": ""RA_Win"", ""pred_dec_deg"": ""dec"", ""pred_geocentric_distance_au"": null, ""pred_heliocentric_distance_au"": null, ""pred_phase_angle_deg"": null, ""pred_ra_deg"": ""ra"", ""pred_solar_elongation_deg"": null, ""pred_v_mag"": ""mag"", ""x_win_px"": ""X_Win"", ""y_win_px"": ""Y_Win""}",[],"[""pred_heliocentric_distance_au"", ""pred_geocentric_distance_au"", ""pred_solar_elongation_deg"", ""pred_phase_angle_deg""]"
20260506,unknown_catalog,/processed1/20260506/L4/20260506_unknown_links.fits,True,ok,,,23040,2026-06-20T03:19:33.440279+00:00,1781925573440279477,566be776a36b98bb1f0177d2595abe0f4a974bd6cebbf75557623650557b900b,,,1,24,24,image_names,"{""a_au"": ""a_au"", ""argp_deg"": ""argp_deg"", ""best_v1_kms"": ""best_v1_kms"", ""decs_deg"": ""decs_deg"", ""ecc"": ""ecc"", ""exp_pairs"": ""exp_pairs"", ""fit_ok"": ""fit_ok"", ""groups"": ""groups"", ""image_names"": ""image_names"", ""inc_deg"": ""inc_deg"", ""is_good"": ""is_good"", ""lin_dir_deg"": ""lin_dir_deg"", ""lin_rms_arcsec"": ""lin_rms_arcsec"", ""lin_speed_arcsec_per_day"": ""lin_speed_arcsec_per_day"", ""linkage_id"": ""linkage_id"", ""max_arcsec"": ""max_arcsec"", ""med_arcsec"": ""med_arcsec"", ""mjds"": ""mjds"", ""n_obs"": ""n_obs"", ""n_tracklets"": ""n_tracklets"", ""nu_deg"": ""nu_deg"", ""objids"": ""objids"", ""raan_deg"": ""raan_deg"", ""ras_deg"": ""ras_deg"", ""rms_arcsec"": ""rms_arcsec"", ""tracklet_ids"": ""tracklet_ids"", ""trk_sub"": ""trk_sub""}",[],[]
20260506,orbit_links,/home/admin/pipeline/xiaoyunao/data/heliolincrr/20260506/rr_links/orbit_confirm/orbit_links.fits,True,ok,,,129600,2026-05-15T08:02:34.269235+00:00,1778832154269234735,689a8b10d76a2f9747511a7cfc210ba04585774febb3edc364728ac51891a11e,,,1,340,340,,"{""a_au"": ""a_au"", ""argp_deg"": ""argp_deg"", ""best_rejected_max_v_kms"": ""best_rejected_max_v_kms"", ""best_v1_kms"": ""best_v1_kms"", ""ecc"": ""ecc"", ""fail_counts"": ""fail_counts"", ""fail_reason"": ""fail_reason"", ""final_max_v_kms"": ""final_max_v_kms"", ""fit_ok"": ""fit_ok"", ""hypo_r_au"": ""hypo_r_au"", ""hypo_rdd_au_day2"": ""hypo_rdd_au_day2"", ""hypo_rdot_au_day"": ""hypo_rdot_au_day"", ""inc_deg"": ""inc_deg"", ""inlier_tracklets"": ""inlier_tracklets"", ""is_good"": ""is_good"", ""lin_dir_deg"": ""lin_dir_deg"", ""lin_rms_arcsec"": ""lin_rms_arcsec"", ""lin_speed_arcsec_per_day"": ""lin_speed_arcsec_per_day"", ""linkage_id"": ""linkage_id"", ""max_arcsec"": ""max_arcsec"", ""med_arcsec"": ""med_arcsec"", ""min_rejected_max_v_kms"": ""min_rejected_max_v_kms"", ""n_nights"": ""n_nights"", ""n_obs"": ""n_obs"", ""n_tracklets"": ""n_tracklets"", ""nu_deg"": ""nu_deg"", ""pred_dec_deg"": ""pred_dec_deg"", ""pred_ra_deg"": ""pred_ra_deg"", ""raan_deg"": ""raan_deg"", ""rejected_tracklets"": ""rejected_tracklets"", ""rms_arcsec"": ""rms_arcsec"", ""seed_max_v_kms"": ""seed_max_v_kms"", ""seed_tracklets"": ""seed_tracklets""}",[],[]
20260506,orbit_obs_residuals,/home/admin/pipeline/xiaoyunao/data/heliolincrr/20260506/rr_links/orbit_confirm/orbit_obs_residuals.fits,True,ok,,,129600,2026-05-15T08:02:34.280235+00:00,1778832154280234717,e263c949fde18b2858e28fcc35eb5ce07d313ab4b40aed77363a52aa0ca3c451,,,1,1293,1293,,"{""dec_deg"": ""dec_deg"", ""linkage_id"": ""linkage_id"", ""mjd"": ""mjd"", ""obs_key"": ""obs_key"", ""ra_deg"": ""ra_deg"", ""resid_arcsec"": ""resid_arcsec"", ""tracklet_id"": ""tracklet_id"", ""used"": ""used""}",[],[]
20260507,known_all,/processed1/20260507/L4/20260507_all_asteroids.fits,True,ok_with_missing_optional,,,9455040,2026-06-19T18:41:48.093536+00:00,1781894508093535636,f6221f8b901d468e630701597f3f3e6555f4904a17cc1b048c99418e30a80af0,,,1,48207,48207,source_file,"{""asteroid_name"": ""name"", ""asteroid_number"": ""number"", ""epoch_mjd"": ""epoch"", ""pred_dec_deg"": ""dec"", ""pred_geocentric_distance_au"": null, ""pred_heliocentric_distance_au"": null, ""pred_phase_angle_deg"": null, ""pred_ra_deg"": ""ra"", ""pred_solar_elongation_deg"": null, ""pred_v_mag"": ""mag""}",[],"[""pred_heliocentric_distance_au"", ""pred_geocentric_distance_au"", ""pred_solar_elongation_deg"", ""pred_phase_angle_deg""]"
20260507,known_matched,/processed1/20260507/L4/20260507_matched_asteroids.fits,True,ok_with_missing_optional,,,2162880,2026-06-19T18:41:48.463529+00:00,1781894508463528579,1b7be7ff812080f7771e9f57f2c9fc412f1165eacee81465ab2f2c08e8515d32,,,1,2758,2758,source_file,"{""asteroid_name"": ""name"", ""asteroid_number"": ""number"", ""epoch_mjd"": ""epoch"", ""flag"": ""Flag"", ""flag_iso_num"": ""Flag_ISO_Num"", ""flux_aper4"": ""Flux_Aper4"", ""fluxerr_aper4"": ""FluxErr_Aper4"", ""fwhm_px"": ""FWHM"", ""mag_aper4"": ""Mag_Aper4"", ""mag_aper8"": ""Mag_Aper8"", ""mag_kron"": ""Mag_Kron"", ""mag_psf"": ""Mag_PSF"", ""magerr_aper4"": ""MagErr_Aper4"", ""magerr_aper8"": ""MagErr_Aper8"", ""magerr_kron"": ""MagErr_Kron"", ""magerr_psf"": ""MagErr_PSF"", ""obj_id"": ""objID"", ""obs_dec_err_deg"": ""DECErr_Win"", ""obs_dec_psf_deg"": ""DEC_PSF"", ""obs_dec_win_deg"": ""DEC_Win"", ""obs_ra_err_deg"": ""RAErr_Win"", ""obs_ra_psf_deg"": ""RA_PSF"", ""obs_ra_win_deg"": ""RA_Win"", ""pred_dec_deg"": ""dec"", ""pred_geocentric_distance_au"": null, ""pred_heliocentric_distance_au"": null, ""pred_phase_angle_deg"": null, ""pred_ra_deg"": ""ra"", ""pred_solar_elongation_deg"": null, ""pred_v_mag"": ""mag"", ""x_win_px"": ""X_Win"", ""y_win_px"": ""Y_Win""}",[],"[""pred_heliocentric_distance_au"", ""pred_geocentric_distance_au"", ""pred_solar_elongation_deg"", ""pred_phase_angle_deg""]"
20260507,known_mask15,/processed1/20260507/L4/20260507_matched_asteroids_mask15.fits,True,ok_with_missing_optional,,,2240640,2026-06-19T18:41:48.820522+00:00,1781894508820521770,ec7257217a6704838a97dedf369ebc134fd0f82f3db16c9bb9cfb2be0ba7b832,,,1,2860,2860,source_file,"{""asteroid_name"": ""name"", ""asteroid_number"": ""number"", ""epoch_mjd"": ""epoch"", ""flag"": ""Flag"", ""flag_iso_num"": ""Flag_ISO_Num"", ""flux_aper4"": ""Flux_Aper4"", ""fluxerr_aper4"": ""FluxErr_Aper4"", ""fwhm_px"": ""FWHM"", ""mag_aper4"": ""Mag_Aper4"", ""mag_aper8"": ""Mag_Aper8"", ""mag_kron"": ""Mag_Kron"", ""mag_psf"": ""Mag_PSF"", ""magerr_aper4"": ""MagErr_Aper4"", ""magerr_aper8"": ""MagErr_Aper8"", ""magerr_kron"": ""MagErr_Kron"", ""magerr_psf"": ""MagErr_PSF"", ""obj_id"": ""objID"", ""obs_dec_err_deg"": ""DECErr_Win"", ""obs_dec_psf_deg"": ""DEC_PSF"", ""obs_dec_win_deg"": ""DEC_Win"", ""obs_ra_err_deg"": ""RAErr_Win"", ""obs_ra_psf_deg"": ""RA_PSF"", ""obs_ra_win_deg"": ""RA_Win"", ""pred_dec_deg"": ""dec"", ""pred_geocentric_distance_au"": null, ""pred_heliocentric_distance_au"": null, ""pred_phase_angle_deg"": null, ""pred_ra_deg"": ""ra"", ""pred_solar_elongation_deg"": null, ""pred_v_mag"": ""mag"", ""x_win_px"": ""X_Win"", ""y_win_px"": ""Y_Win""}",[],"[""pred_heliocentric_distance_au"", ""pred_geocentric_distance_au"", ""pred_solar_elongation_deg"", ""pred_phase_angle_deg""]"
20260507,unknown_catalog,/processed1/20260507/L4/20260507_unknown_links.fits,True,ok,,,17280,2026-06-20T03:20:07.596623+00:00,1781925607596623073,f9da8da916e24da1efb0d603745febb066b384978a9f8c07ca22789fe03907d2,,,1,16,16,image_names,"{""a_au"": ""a_au"", ""argp_deg"": ""argp_deg"", ""best_v1_kms"": ""best_v1_kms"", ""decs_deg"": ""decs_deg"", ""ecc"": ""ecc"", ""exp_pairs"": ""exp_pairs"", ""fit_ok"": ""fit_ok"", ""groups"": ""groups"", ""image_names"": ""image_names"", ""inc_deg"": ""inc_deg"", ""is_good"": ""is_good"", ""lin_dir_deg"": ""lin_dir_deg"", ""lin_rms_arcsec"": ""lin_rms_arcsec"", ""lin_speed_arcsec_per_day"": ""lin_speed_arcsec_per_day"", ""linkage_id"": ""linkage_id"", ""max_arcsec"": ""max_arcsec"", ""med_arcsec"": ""med_arcsec"", ""mjds"": ""mjds"", ""n_obs"": ""n_obs"", ""n_tracklets"": ""n_tracklets"", ""nu_deg"": ""nu_deg"", ""objids"": ""objids"", ""raan_deg"": ""raan_deg"", ""ras_deg"": ""ras_deg"", ""rms_arcsec"": ""rms_arcsec"", ""tracklet_ids"": ""tracklet_ids"", ""trk_sub"": ""trk_sub""}",[],[]
20260507,orbit_links,/home/admin/pipeline/xiaoyunao/data/heliolincrr/20260507/rr_links/orbit_confirm/orbit_links.fits,True,ok,,,77760,2026-05-15T08:09:01.038671+00:00,1778832541038670757,349accbb8779c7298c51094e0d41f3f3d183166af04e667b491c464ef72c2470,,,1,216,216,,"{""a_au"": ""a_au"", ""argp_deg"": ""argp_deg"", ""best_rejected_max_v_kms"": ""best_rejected_max_v_kms"", ""best_v1_kms"": ""best_v1_kms"", ""ecc"": ""ecc"", ""fail_counts"": ""fail_counts"", ""fail_reason"": ""fail_reason"", ""final_max_v_kms"": ""final_max_v_kms"", ""fit_ok"": ""fit_ok"", ""hypo_r_au"": ""hypo_r_au"", ""hypo_rdd_au_day2"": ""hypo_rdd_au_day2"", ""hypo_rdot_au_day"": ""hypo_rdot_au_day"", ""inc_deg"": ""inc_deg"", ""inlier_tracklets"": ""inlier_tracklets"", ""is_good"": ""is_good"", ""lin_dir_deg"": ""lin_dir_deg"", ""lin_rms_arcsec"": ""lin_rms_arcsec"", ""lin_speed_arcsec_per_day"": ""lin_speed_arcsec_per_day"", ""linkage_id"": ""linkage_id"", ""max_arcsec"": ""max_arcsec"", ""med_arcsec"": ""med_arcsec"", ""min_rejected_max_v_kms"": ""min_rejected_max_v_kms"", ""n_nights"": ""n_nights"", ""n_obs"": ""n_obs"", ""n_tracklets"": ""n_tracklets"", ""nu_deg"": ""nu_deg"", ""pred_dec_deg"": ""pred_dec_deg"", ""pred_ra_deg"": ""pred_ra_deg"", ""raan_deg"": ""raan_deg"", ""rejected_tracklets"": ""rejected_tracklets"", ""rms_arcsec"": ""rms_arcsec"", ""seed_max_v_kms"": ""seed_max_v_kms"", ""seed_tracklets"": ""seed_tracklets""}",[],[]
20260507,orbit_obs_residuals,/home/admin/pipeline/xiaoyunao/data/heliolincrr/20260507/rr_links/orbit_confirm/orbit_obs_residuals.fits,True,ok,,,69120,2026-05-15T08:09:01.046671+00:00,1778832541046671430,0af4ee5aaf11ddaae25cd39c56572283ee7a69e284989bf93bb7c0121e106f7d,,,1,657,657,,"{""dec_deg"": ""dec_deg"", ""linkage_id"": ""linkage_id"", ""mjd"": ""mjd"", ""obs_key"": ""obs_key"", ""ra_deg"": ""ra_deg"", ""resid_arcsec"": ""resid_arcsec"", ""tracklet_id"": ""tracklet_id"", ""used"": ""used""}",[],[]
20260508,known_all,/processed1/20260508/L4/20260508_all_asteroids.fits,True,ok_with_missing_optional,,,14302080,2026-06-19T18:46:04.883638+00:00,1781894764883637865,e9183c32782ee279aa72e9db0a7a3edaf6e8ae6f05ed107ac552841362e9d827,,,1,72938,72938,source_file,"{""asteroid_name"": ""name"", ""asteroid_number"": ""number"", ""epoch_mjd"": ""epoch"", ""pred_dec_deg"": ""dec"", ""pred_geocentric_distance_au"": null, ""pred_heliocentric_distance_au"": null, ""pred_phase_angle_deg"": null, ""pred_ra_deg"": ""ra"", ""pred_solar_elongation_deg"": null, ""pred_v_mag"": ""mag""}",[],"[""pred_heliocentric_distance_au"", ""pred_geocentric_distance_au"", ""pred_solar_elongation_deg"", ""pred_phase_angle_deg""]"
20260508,known_matched,/processed1/20260508/L4/20260508_matched_asteroids.fits,True,ok_with_missing_optional,,,2511360,2026-06-19T18:46:05.404628+00:00,1781894765404627929,0db145c2062e0bf774d147f287b0f66842a6f7253fd4578a4421d0a9febbddd7,,,1,3211,3211,source_file,"{""asteroid_name"": ""name"", ""asteroid_number"": ""number"", ""epoch_mjd"": ""epoch"", ""flag"": ""Flag"", ""flag_iso_num"": ""Flag_ISO_Num"", ""flux_aper4"": ""Flux_Aper4"", ""fluxerr_aper4"": ""FluxErr_Aper4"", ""fwhm_px"": ""FWHM"", ""mag_aper4"": ""Mag_Aper4"", ""mag_aper8"": ""Mag_Aper8"", ""mag_kron"": ""Mag_Kron"", ""mag_psf"": ""Mag_PSF"", ""magerr_aper4"": ""MagErr_Aper4"", ""magerr_aper8"": ""MagErr_Aper8"", ""magerr_kron"": ""MagErr_Kron"", ""magerr_psf"": ""MagErr_PSF"", ""obj_id"": ""objID"", ""obs_dec_err_deg"": ""DECErr_Win"", ""obs_dec_psf_deg"": ""DEC_PSF"", ""obs_dec_win_deg"": ""DEC_Win"", ""obs_ra_err_deg"": ""RAErr_Win"", ""obs_ra_psf_deg"": ""RA_PSF"", ""obs_ra_win_deg"": ""RA_Win"", ""pred_dec_deg"": ""dec"", ""pred_geocentric_distance_au"": null, ""pred_heliocentric_distance_au"": null, ""pred_phase_angle_deg"": null, ""pred_ra_deg"": ""ra"", ""pred_solar_elongation_deg"": null, ""pred_v_mag"": ""mag"", ""x_win_px"": ""X_Win"", ""y_win_px"": ""Y_Win""}",[],"[""pred_heliocentric_distance_au"", ""pred_geocentric_distance_au"", ""pred_solar_elongation_deg"", ""pred_phase_angle_deg""]"
20260508,known_mask15,/processed1/20260508/L4/20260508_matched_asteroids_mask15.fits,True,ok_with_missing_optional,,,2597760,2026-06-19T18:46:05.902618+00:00,1781894765902618430,b159b9832115771c6063dbaa3279b4b83e0ddbf772de53f26d308834f1c11e0a,,,1,3320,3320,source_file,"{""asteroid_name"": ""name"", ""asteroid_number"": ""number"", ""epoch_mjd"": ""epoch"", ""flag"": ""Flag"", ""flag_iso_num"": ""Flag_ISO_Num"", ""flux_aper4"": ""Flux_Aper4"", ""fluxerr_aper4"": ""FluxErr_Aper4"", ""fwhm_px"": ""FWHM"", ""mag_aper4"": ""Mag_Aper4"", ""mag_aper8"": ""Mag_Aper8"", ""mag_kron"": ""Mag_Kron"", ""mag_psf"": ""Mag_PSF"", ""magerr_aper4"": ""MagErr_Aper4"", ""magerr_aper8"": ""MagErr_Aper8"", ""magerr_kron"": ""MagErr_Kron"", ""magerr_psf"": ""MagErr_PSF"", ""obj_id"": ""objID"", ""obs_dec_err_deg"": ""DECErr_Win"", ""obs_dec_psf_deg"": ""DEC_PSF"", ""obs_dec_win_deg"": ""DEC_Win"", ""obs_ra_err_deg"": ""RAErr_Win"", ""obs_ra_psf_deg"": ""RA_PSF"", ""obs_ra_win_deg"": ""RA_Win"", ""pred_dec_deg"": ""dec"", ""pred_geocentric_distance_au"": null, ""pred_heliocentric_distance_au"": null, ""pred_phase_angle_deg"": null, ""pred_ra_deg"": ""ra"", ""pred_solar_elongation_deg"": null, ""pred_v_mag"": ""mag"", ""x_win_px"": ""X_Win"", ""y_win_px"": ""Y_Win""}",[],"[""pred_heliocentric_distance_au"", ""pred_geocentric_distance_au"", ""pred_solar_elongation_deg"", ""pred_phase_angle_deg""]"
20260508,unknown_catalog,/processed1/20260508/L4/20260508_unknown_links.fits,True,ok,,,31680,2026-06-20T03:20:55.224708+00:00,1781925655224707774,29d876302a4a01fb360cee483d55f1c16a4177589bafe5b0e4f279268f391edf,,,1,33,33,image_names,"{""a_au"": ""a_au"", ""argp_deg"": ""argp_deg"", ""best_v1_kms"": ""best_v1_kms"", ""decs_deg"": ""decs_deg"", ""ecc"": ""ecc"", ""exp_pairs"": ""exp_pairs"", ""fit_ok"": ""fit_ok"", ""groups"": ""groups"", ""image_names"": ""image_names"", ""inc_deg"": ""inc_deg"", ""is_good"": ""is_good"", ""lin_dir_deg"": ""lin_dir_deg"", ""lin_rms_arcsec"": ""lin_rms_arcsec"", ""lin_speed_arcsec_per_day"": ""lin_speed_arcsec_per_day"", ""linkage_id"": ""linkage_id"", ""max_arcsec"": ""max_arcsec"", ""med_arcsec"": ""med_arcsec"", ""mjds"": ""mjds"", ""n_obs"": ""n_obs"", ""n_tracklets"": ""n_tracklets"", ""nu_deg"": ""nu_deg"", ""objids"": ""objids"", ""raan_deg"": ""raan_deg"", ""ras_deg"": ""ras_deg"", ""rms_arcsec"": ""rms_arcsec"", ""tracklet_ids"": ""tracklet_ids"", ""trk_sub"": ""trk_sub""}",[],[]
20260508,orbit_links,/home/admin/pipeline/xiaoyunao/data/heliolincrr/20260508/rr_links/orbit_confirm/orbit_links.fits,True,ok,,,175680,2026-05-15T08:14:12.211313+00:00,1778832852211313457,aa4a02f12928870852e5d6e9a4c0aec853a3af37d974ded44b3535520c17d5d7,,,1,497,497,,"{""a_au"": ""a_au"", ""argp_deg"": ""argp_deg"", ""best_rejected_max_v_kms"": ""best_rejected_max_v_kms"", ""best_v1_kms"": ""best_v1_kms"", ""ecc"": ""ecc"", ""fail_counts"": ""fail_counts"", ""fail_reason"": ""fail_reason"", ""final_max_v_kms"": ""final_max_v_kms"", ""fit_ok"": ""fit_ok"", ""hypo_r_au"": ""hypo_r_au"", ""hypo_rdd_au_day2"": ""hypo_rdd_au_day2"", ""hypo_rdot_au_day"": ""hypo_rdot_au_day"", ""inc_deg"": ""inc_deg"", ""inlier_tracklets"": ""inlier_tracklets"", ""is_good"": ""is_good"", ""lin_dir_deg"": ""lin_dir_deg"", ""lin_rms_arcsec"": ""lin_rms_arcsec"", ""lin_speed_arcsec_per_day"": ""lin_speed_arcsec_per_day"", ""linkage_id"": ""linkage_id"", ""max_arcsec"": ""max_arcsec"", ""med_arcsec"": ""med_arcsec"", ""min_rejected_max_v_kms"": ""min_rejected_max_v_kms"", ""n_nights"": ""n_nights"", ""n_obs"": ""n_obs"", ""n_tracklets"": ""n_tracklets"", ""nu_deg"": ""nu_deg"", ""pred_dec_deg"": ""pred_dec_deg"", ""pred_ra_deg"": ""pred_ra_deg"", ""raan_deg"": ""raan_deg"", ""rejected_tracklets"": ""rejected_tracklets"", ""rms_arcsec"": ""rms_arcsec"", ""seed_max_v_kms"": ""seed_max_v_kms"", ""seed_tracklets"": ""seed_tracklets""}",[],[]
20260508,orbit_obs_residuals,/home/admin/pipeline/xiaoyunao/data/heliolincrr/20260508/rr_links/orbit_confirm/orbit_obs_residuals.fits,True,ok,,,184320,2026-05-15T08:14:12.221333+00:00,1778832852221332708,87809f277e55673db5c257d8fa5542c0452d0b665997f3ee8efe72192b114a9c,,,1,1875,1875,,"{""dec_deg"": ""dec_deg"", ""linkage_id"": ""linkage_id"", ""mjd"": ""mjd"", ""obs_key"": ""obs_key"", ""ra_deg"": ""ra_deg"", ""resid_arcsec"": ""resid_arcsec"", ""tracklet_id"": ""tracklet_id"", ""used"": ""used""}",[],[]
20260509,known_all,/processed1/20260509/L4/20260509_all_asteroids.fits,True,ok_with_missing_optional,,,12605760,2026-06-19T18:50:13.831890+00:00,1781895013831889663,2fddc94e19d492da1711ac240af538aaaf48ef784adf2962cb329b858dbdc58a,,,1,64280,64280,source_file,"{""asteroid_name"": ""name"", ""asteroid_number"": ""number"", ""epoch_mjd"": ""epoch"", ""pred_dec_deg"": ""dec"", ""pred_geocentric_distance_au"": null, ""pred_heliocentric_distance_au"": null, ""pred_phase_angle_deg"": null, ""pred_ra_deg"": ""ra"", ""pred_solar_elongation_deg"": null, ""pred_v_mag"": ""mag""}",[],"[""pred_heliocentric_distance_au"", ""pred_geocentric_distance_au"", ""pred_solar_elongation_deg"", ""pred_phase_angle_deg""]"
20260509,known_matched,/processed1/20260509/L4/20260509_matched_asteroids.fits,True,ok_with_missing_optional,,,2672640,2026-06-19T18:50:14.324880+00:00,1781895014324880260,c8e3606ffc0fdd9df9d0adec66dd52cde098a2bc4943578ec503bdb71a9d5c0a,,,1,3419,3419,source_file,"{""asteroid_name"": ""name"", ""asteroid_number"": ""number"", ""epoch_mjd"": ""epoch"", ""flag"": ""Flag"", ""flag_iso_num"": ""Flag_ISO_Num"", ""flux_aper4"": ""Flux_Aper4"", ""fluxerr_aper4"": ""FluxErr_Aper4"", ""fwhm_px"": ""FWHM"", ""mag_aper4"": ""Mag_Aper4"", ""mag_aper8"": ""Mag_Aper8"", ""mag_kron"": ""Mag_Kron"", ""mag_psf"": ""Mag_PSF"", ""magerr_aper4"": ""MagErr_Aper4"", ""magerr_aper8"": ""MagErr_Aper8"", ""magerr_kron"": ""MagErr_Kron"", ""magerr_psf"": ""MagErr_PSF"", ""obj_id"": ""objID"", ""obs_dec_err_deg"": ""DECErr_Win"", ""obs_dec_psf_deg"": ""DEC_PSF"", ""obs_dec_win_deg"": ""DEC_Win"", ""obs_ra_err_deg"": ""RAErr_Win"", ""obs_ra_psf_deg"": ""RA_PSF"", ""obs_ra_win_deg"": ""RA_Win"", ""pred_dec_deg"": ""dec"", ""pred_geocentric_distance_au"": null, ""pred_heliocentric_distance_au"": null, ""pred_phase_angle_deg"": null, ""pred_ra_deg"": ""ra"", ""pred_solar_elongation_deg"": null, ""pred_v_mag"": ""mag"", ""x_win_px"": ""X_Win"", ""y_win_px"": ""Y_Win""}",[],"[""pred_heliocentric_distance_au"", ""pred_geocentric_distance_au"", ""pred_solar_elongation_deg"", ""pred_phase_angle_deg""]"
20260509,known_mask15,/processed1/20260509/L4/20260509_matched_asteroids_mask15.fits,True,ok_with_missing_optional,,,2770560,2026-06-19T18:50:14.794871+00:00,1781895014794871296,883fd96ec7957751c985eda78adb80cf8fe1d57ae0e62887f2b691aa1205113f,,,1,3543,3543,source_file,"{""asteroid_name"": ""name"", ""asteroid_number"": ""number"", ""epoch_mjd"": ""epoch"", ""flag"": ""Flag"", ""flag_iso_num"": ""Flag_ISO_Num"", ""flux_aper4"": ""Flux_Aper4"", ""fluxerr_aper4"": ""FluxErr_Aper4"", ""fwhm_px"": ""FWHM"", ""mag_aper4"": ""Mag_Aper4"", ""mag_aper8"": ""Mag_Aper8"", ""mag_kron"": ""Mag_Kron"", ""mag_psf"": ""Mag_PSF"", ""magerr_aper4"": ""MagErr_Aper4"", ""magerr_aper8"": ""MagErr_Aper8"", ""magerr_kron"": ""MagErr_Kron"", ""magerr_psf"": ""MagErr_PSF"", ""obj_id"": ""objID"", ""obs_dec_err_deg"": ""DECErr_Win"", ""obs_dec_psf_deg"": ""DEC_PSF"", ""obs_dec_win_deg"": ""DEC_Win"", ""obs_ra_err_deg"": ""RAErr_Win"", ""obs_ra_psf_deg"": ""RA_PSF"", ""obs_ra_win_deg"": ""RA_Win"", ""pred_dec_deg"": ""dec"", ""pred_geocentric_distance_au"": null, ""pred_heliocentric_distance_au"": null, ""pred_phase_angle_deg"": null, ""pred_ra_deg"": ""ra"", ""pred_solar_elongation_deg"": null, ""pred_v_mag"": ""mag"", ""x_win_px"": ""X_Win"", ""y_win_px"": ""Y_Win""}",[],"[""pred_heliocentric_distance_au"", ""pred_geocentric_distance_au"", ""pred_solar_elongation_deg"", ""pred_phase_angle_deg""]"
20260509,unknown_catalog,/processed1/20260509/L4/20260509_unknown_links.fits,True,ok,,,28800,2026-06-20T03:21:40.174844+00:00,1781925700174843939,f80330858ed6f9cdb7f9eab38c8726c55896c4547f514c133221263bb8fdf55d,,,1,44,44,image_names,"{""a_au"": ""a_au"", ""argp_deg"": ""argp_deg"", ""best_v1_kms"": ""best_v1_kms"", ""decs_deg"": ""decs_deg"", ""ecc"": ""ecc"", ""exp_pairs"": ""exp_pairs"", ""fit_ok"": ""fit_ok"", ""groups"": ""groups"", ""image_names"": ""image_names"", ""inc_deg"": ""inc_deg"", ""is_good"": ""is_good"", ""lin_dir_deg"": ""lin_dir_deg"", ""lin_rms_arcsec"": ""lin_rms_arcsec"", ""lin_speed_arcsec_per_day"": ""lin_speed_arcsec_per_day"", ""linkage_id"": ""linkage_id"", ""max_arcsec"": ""max_arcsec"", ""med_arcsec"": ""med_arcsec"", ""mjds"": ""mjds"", ""n_obs"": ""n_obs"", ""n_tracklets"": ""n_tracklets"", ""nu_deg"": ""nu_deg"", ""objids"": ""objids"", ""raan_deg"": ""raan_deg"", ""ras_deg"": ""ras_deg"", ""rms_arcsec"": ""rms_arcsec"", ""tracklet_ids"": ""tracklet_ids"", ""trk_sub"": ""trk_sub""}",[],[]
20260509,orbit_links,/home/admin/pipeline/xiaoyunao/data/heliolincrr/20260509/rr_links/orbit_confirm/orbit_links.fits,True,ok,,,207360,2026-05-15T08:23:14.299252+00:00,1778833394299252202,90e8edf2c50f2e290b6614f4fdeae83b2288d92005eb886eab3b73fdd5e95e08,,,1,598,598,,"{""a_au"": ""a_au"", ""argp_deg"": ""argp_deg"", ""best_rejected_max_v_kms"": ""best_rejected_max_v_kms"", ""best_v1_kms"": ""best_v1_kms"", ""ecc"": ""ecc"", ""fail_counts"": ""fail_counts"", ""fail_reason"": ""fail_reason"", ""final_max_v_kms"": ""final_max_v_kms"", ""fit_ok"": ""fit_ok"", ""hypo_r_au"": ""hypo_r_au"", ""hypo_rdd_au_day2"": ""hypo_rdd_au_day2"", ""hypo_rdot_au_day"": ""hypo_rdot_au_day"", ""inc_deg"": ""inc_deg"", ""inlier_tracklets"": ""inlier_tracklets"", ""is_good"": ""is_good"", ""lin_dir_deg"": ""lin_dir_deg"", ""lin_rms_arcsec"": ""lin_rms_arcsec"", ""lin_speed_arcsec_per_day"": ""lin_speed_arcsec_per_day"", ""linkage_id"": ""linkage_id"", ""max_arcsec"": ""max_arcsec"", ""med_arcsec"": ""med_arcsec"", ""min_rejected_max_v_kms"": ""min_rejected_max_v_kms"", ""n_nights"": ""n_nights"", ""n_obs"": ""n_obs"", ""n_tracklets"": ""n_tracklets"", ""nu_deg"": ""nu_deg"", ""pred_dec_deg"": ""pred_dec_deg"", ""pred_ra_deg"": ""pred_ra_deg"", ""raan_deg"": ""raan_deg"", ""rejected_tracklets"": ""rejected_tracklets"", ""rms_arcsec"": ""rms_arcsec"", ""seed_max_v_kms"": ""seed_max_v_kms"", ""seed_tracklets"": ""seed_tracklets""}",[],[]
20260509,orbit_obs_residuals,/home/admin/pipeline/xiaoyunao/data/heliolincrr/20260509/rr_links/orbit_confirm/orbit_obs_residuals.fits,True,ok,,,256320,2026-05-15T08:23:14.309810+00:00,1778833394309809571,d0bdbe8430729ad995e1f1a75de10b2cc4a4da2e48e296a297bf006eba4c27bb,,,1,2612,2612,,"{""dec_deg"": ""dec_deg"", ""linkage_id"": ""linkage_id"", ""mjd"": ""mjd"", ""obs_key"": ""obs_key"", ""ra_deg"": ""ra_deg"", ""resid_arcsec"": ""resid_arcsec"", ""tracklet_id"": ""tracklet_id"", ""used"": ""used""}",[],[]
20260510,known_all,/processed1/20260510/L4/20260510_all_asteroids.fits,False,missing,,,0,,0,,,,1,0,0,,{},[],[]
20260510,known_matched,/processed1/20260510/L4/20260510_matched_asteroids.fits,False,missing,,,0,,0,,,,1,0,0,,{},[],[]
20260510,known_mask15,/processed1/20260510/L4/20260510_matched_asteroids_mask15.fits,False,missing,,,0,,0,,,,1,0,0,,{},[],[]
20260510,unknown_catalog,/processed1/20260510/L4/20260510_unknown_links.fits,False,missing,,,0,,0,,,,1,0,0,,{},[],[]
20260510,orbit_links,/home/admin/pipeline/xiaoyunao/data/heliolincrr/20260510/rr_links/orbit_confirm/orbit_links.fits,False,missing,,,0,,0,,,,1,0,0,,{},[],[]
20260510,orbit_obs_residuals,/home/admin/pipeline/xiaoyunao/data/heliolincrr/20260510/rr_links/orbit_confirm/orbit_obs_residuals.fits,False,missing,,,0,,0,,,,1,0,0,,{},[],[]
20260511,known_all,/processed1/20260511/L4/20260511_all_asteroids.fits,False,missing,,,0,,0,,,,1,0,0,,{},[],[]
20260511,known_matched,/processed1/20260511/L4/20260511_matched_asteroids.fits,False,missing,,,0,,0,,,,1,0,0,,{},[],[]
20260511,known_mask15,/processed1/20260511/L4/20260511_matched_asteroids_mask15.fits,False,missing,,,0,,0,,,,1,0,0,,{},[],[]
20260511,unknown_catalog,/processed1/20260511/L4/20260511_unknown_links.fits,False,missing,,,0,,0,,,,1,0,0,,{},[],[]
20260511,orbit_links,/home/admin/pipeline/xiaoyunao/data/heliolincrr/20260511/rr_links/orbit_confirm/orbit_links.fits,False,missing,,,0,,0,,,,1,0,0,,{},[],[]
20260511,orbit_obs_residuals,/home/admin/pipeline/xiaoyunao/data/heliolincrr/20260511/rr_links/orbit_confirm/orbit_obs_residuals.fits,False,missing,,,0,,0,,,,1,0,0,,{},[],[]
20260512,known_all,/processed1/20260512/L4/20260512_all_asteroids.fits,True,ok_with_missing_optional,,,14990400,2026-06-19T18:54:54.270541+00:00,1781895294270540843,5e6c65a8676c81c4df4b408e65f10bbe6435c8fb4b7cc020274e5cf49a0c3419,,,1,76447,76447,source_file,"{""asteroid_name"": ""name"", ""asteroid_number"": ""number"", ""epoch_mjd"": ""epoch"", ""pred_dec_deg"": ""dec"", ""pred_geocentric_distance_au"": null, ""pred_heliocentric_distance_au"": null, ""pred_phase_angle_deg"": null, ""pred_ra_deg"": ""ra"", ""pred_solar_elongation_deg"": null, ""pred_v_mag"": ""mag""}",[],"[""pred_heliocentric_distance_au"", ""pred_geocentric_distance_au"", ""pred_solar_elongation_deg"", ""pred_phase_angle_deg""]"
20260512,known_matched,/processed1/20260512/L4/20260512_matched_asteroids.fits,True,ok_with_missing_optional,,,1776960,2026-06-19T18:54:54.823530+00:00,1781895294823530296,e53daae22463c96ea7388d59db6693acc7113ed8627b04646eb2484c8a1030f9,,,1,2261,2261,source_file,"{""asteroid_name"": ""name"", ""asteroid_number"": ""number"", ""epoch_mjd"": ""epoch"", ""flag"": ""Flag"", ""flag_iso_num"": ""Flag_ISO_Num"", ""flux_aper4"": ""Flux_Aper4"", ""fluxerr_aper4"": ""FluxErr_Aper4"", ""fwhm_px"": ""FWHM"", ""mag_aper4"": ""Mag_Aper4"", ""mag_aper8"": ""Mag_Aper8"", ""mag_kron"": ""Mag_Kron"", ""mag_psf"": ""Mag_PSF"", ""magerr_aper4"": ""MagErr_Aper4"", ""magerr_aper8"": ""MagErr_Aper8"", ""magerr_kron"": ""MagErr_Kron"", ""magerr_psf"": ""MagErr_PSF"", ""obj_id"": ""objID"", ""obs_dec_err_deg"": ""DECErr_Win"", ""obs_dec_psf_deg"": ""DEC_PSF"", ""obs_dec_win_deg"": ""DEC_Win"", ""obs_ra_err_deg"": ""RAErr_Win"", ""obs_ra_psf_deg"": ""RA_PSF"", ""obs_ra_win_deg"": ""RA_Win"", ""pred_dec_deg"": ""dec"", ""pred_geocentric_distance_au"": null, ""pred_heliocentric_distance_au"": null, ""pred_phase_angle_deg"": null, ""pred_ra_deg"": ""ra"", ""pred_solar_elongation_deg"": null, ""pred_v_mag"": ""mag"", ""x_win_px"": ""X_Win"", ""y_win_px"": ""Y_Win""}",[],"[""pred_heliocentric_distance_au"", ""pred_geocentric_distance_au"", ""pred_solar_elongation_deg"", ""pred_phase_angle_deg""]"
20260512,known_mask15,/processed1/20260512/L4/20260512_matched_asteroids_mask15.fits,True,ok_with_missing_optional,,,1825920,2026-06-19T18:54:55.353520+00:00,1781895295353520187,c0441960623d8a30e109f529e310b6fa95acfa4268a277659b7dfebad58048b3,,,1,2324,2324,source_file,"{""asteroid_name"": ""name"", ""asteroid_number"": ""number"", ""epoch_mjd"": ""epoch"", ""flag"": ""Flag"", ""flag_iso_num"": ""Flag_ISO_Num"", ""flux_aper4"": ""Flux_Aper4"", ""fluxerr_aper4"": ""FluxErr_Aper4"", ""fwhm_px"": ""FWHM"", ""mag_aper4"": ""Mag_Aper4"", ""mag_aper8"": ""Mag_Aper8"", ""mag_kron"": ""Mag_Kron"", ""mag_psf"": ""Mag_PSF"", ""magerr_aper4"": ""MagErr_Aper4"", ""magerr_aper8"": ""MagErr_Aper8"", ""magerr_kron"": ""MagErr_Kron"", ""magerr_psf"": ""MagErr_PSF"", ""obj_id"": ""objID"", ""obs_dec_err_deg"": ""DECErr_Win"", ""obs_dec_psf_deg"": ""DEC_PSF"", ""obs_dec_win_deg"": ""DEC_Win"", ""obs_ra_err_deg"": ""RAErr_Win"", ""obs_ra_psf_deg"": ""RA_PSF"", ""obs_ra_win_deg"": ""RA_Win"", ""pred_dec_deg"": ""dec"", ""pred_geocentric_distance_au"": null, ""pred_heliocentric_distance_au"": null, ""pred_phase_angle_deg"": null, ""pred_ra_deg"": ""ra"", ""pred_solar_elongation_deg"": null, ""pred_v_mag"": ""mag"", ""x_win_px"": ""X_Win"", ""y_win_px"": ""Y_Win""}",[],"[""pred_heliocentric_distance_au"", ""pred_geocentric_distance_au"", ""pred_solar_elongation_deg"", ""pred_phase_angle_deg""]"
20260512,unknown_catalog,/processed1/20260512/L4/20260512_unknown_links.fits,True,ok,,,20160,2026-06-20T03:22:54.157422+00:00,1781925774157422169,83876a50171936b6b062fcf89a58da7bca0e27665b6f9960490a62c61f72c717,,,1,28,28,image_names,"{""a_au"": ""a_au"", ""argp_deg"": ""argp_deg"", ""best_v1_kms"": ""best_v1_kms"", ""decs_deg"": ""decs_deg"", ""ecc"": ""ecc"", ""exp_pairs"": ""exp_pairs"", ""fit_ok"": ""fit_ok"", ""groups"": ""groups"", ""image_names"": ""image_names"", ""inc_deg"": ""inc_deg"", ""is_good"": ""is_good"", ""lin_dir_deg"": ""lin_dir_deg"", ""lin_rms_arcsec"": ""lin_rms_arcsec"", ""lin_speed_arcsec_per_day"": ""lin_speed_arcsec_per_day"", ""linkage_id"": ""linkage_id"", ""max_arcsec"": ""max_arcsec"", ""med_arcsec"": ""med_arcsec"", ""mjds"": ""mjds"", ""n_obs"": ""n_obs"", ""n_tracklets"": ""n_tracklets"", ""nu_deg"": ""nu_deg"", ""objids"": ""objids"", ""raan_deg"": ""raan_deg"", ""ras_deg"": ""ras_deg"", ""rms_arcsec"": ""rms_arcsec"", ""tracklet_ids"": ""tracklet_ids"", ""trk_sub"": ""trk_sub""}",[],[]
20260512,orbit_links,/home/admin/pipeline/xiaoyunao/data/heliolincrr/20260512/rr_links/orbit_confirm/orbit_links.fits,True,ok,,,138240,2026-05-15T08:34:26.349311+00:00,1778834066349311209,04ac5ef6c9c0a7ebaeffd06cc1a42684ea8d3a855c6f39ab1605de1168b4c954,,,1,382,382,,"{""a_au"": ""a_au"", ""argp_deg"": ""argp_deg"", ""best_rejected_max_v_kms"": ""best_rejected_max_v_kms"", ""best_v1_kms"": ""best_v1_kms"", ""ecc"": ""ecc"", ""fail_counts"": ""fail_counts"", ""fail_reason"": ""fail_reason"", ""final_max_v_kms"": ""final_max_v_kms"", ""fit_ok"": ""fit_ok"", ""hypo_r_au"": ""hypo_r_au"", ""hypo_rdd_au_day2"": ""hypo_rdd_au_day2"", ""hypo_rdot_au_day"": ""hypo_rdot_au_day"", ""inc_deg"": ""inc_deg"", ""inlier_tracklets"": ""inlier_tracklets"", ""is_good"": ""is_good"", ""lin_dir_deg"": ""lin_dir_deg"", ""lin_rms_arcsec"": ""lin_rms_arcsec"", ""lin_speed_arcsec_per_day"": ""lin_speed_arcsec_per_day"", ""linkage_id"": ""linkage_id"", ""max_arcsec"": ""max_arcsec"", ""med_arcsec"": ""med_arcsec"", ""min_rejected_max_v_kms"": ""min_rejected_max_v_kms"", ""n_nights"": ""n_nights"", ""n_obs"": ""n_obs"", ""n_tracklets"": ""n_tracklets"", ""nu_deg"": ""nu_deg"", ""pred_dec_deg"": ""pred_dec_deg"", ""pred_ra_deg"": ""pred_ra_deg"", ""raan_deg"": ""raan_deg"", ""rejected_tracklets"": ""rejected_tracklets"", ""rms_arcsec"": ""rms_arcsec"", ""seed_max_v_kms"": ""seed_max_v_kms"", ""seed_tracklets"": ""seed_tracklets""}",[],[]
20260512,orbit_obs_residuals,/home/admin/pipeline/xiaoyunao/data/heliolincrr/20260512/rr_links/orbit_confirm/orbit_obs_residuals.fits,True,ok,,,146880,2026-05-15T08:34:26.358894+00:00,1778834066358894119,948dd56dc6a97c8f1f6f7289aeb7b4718b3e9b8dd6dcfa38f975ab39344127d2,,,1,1457,1457,,"{""dec_deg"": ""dec_deg"", ""linkage_id"": ""linkage_id"", ""mjd"": ""mjd"", ""obs_key"": ""obs_key"", ""ra_deg"": ""ra_deg"", ""resid_arcsec"": ""resid_arcsec"", ""tracklet_id"": ""tracklet_id"", ""used"": ""used""}",[],[]
20260513,known_all,/processed1/20260513/L4/20260513_all_asteroids.fits,False,missing,,,0,,0,,,,1,0,0,,{},[],[]
20260513,known_matched,/processed1/20260513/L4/20260513_matched_asteroids.fits,False,missing,,,0,,0,,,,1,0,0,,{},[],[]
20260513,known_mask15,/processed1/20260513/L4/20260513_matched_asteroids_mask15.fits,False,missing,,,0,,0,,,,1,0,0,,{},[],[]
20260513,unknown_catalog,/processed1/20260513/L4/20260513_unknown_links.fits,False,missing,,,0,,0,,,,1,0,0,,{},[],[]
20260513,orbit_links,/home/admin/pipeline/xiaoyunao/data/heliolincrr/20260513/rr_links/orbit_confirm/orbit_links.fits,False,missing,,,0,,0,,,,1,0,0,,{},[],[]
20260513,orbit_obs_residuals,/home/admin/pipeline/xiaoyunao/data/heliolincrr/20260513/rr_links/orbit_confirm/orbit_obs_residuals.fits,False,missing,,,0,,0,,,,1,0,0,,{},[],[]
20260514,known_all,/processed1/20260514/L4/20260514_all_asteroids.fits,False,missing,,,0,,0,,,,1,0,0,,{},[],[]
20260514,known_matched,/processed1/20260514/L4/20260514_matched_asteroids.fits,False,missing,,,0,,0,,,,1,0,0,,{},[],[]
20260514,known_mask15,/processed1/20260514/L4/20260514_matched_asteroids_mask15.fits,False,missing,,,0,,0,,,,1,0,0,,{},[],[]
20260514,unknown_catalog,/processed1/20260514/L4/20260514_unknown_links.fits,False,missing,,,0,,0,,,,1,0,0,,{},[],[]
20260514,orbit_links,/home/admin/pipeline/xiaoyunao/data/heliolincrr/20260514/rr_links/orbit_confirm/orbit_links.fits,False,missing,,,0,,0,,,,1,0,0,,{},[],[]
20260514,orbit_obs_residuals,/home/admin/pipeline/xiaoyunao/data/heliolincrr/20260514/rr_links/orbit_confirm/orbit_obs_residuals.fits,False,missing,,,0,,0,,,,1,0,0,,{},[],[]
20260515,known_all,/processed1/20260515/L4/20260515_all_asteroids.fits,False,missing,,,0,,0,,,,1,0,0,,{},[],[]
20260515,known_matched,/processed1/20260515/L4/20260515_matched_asteroids.fits,False,missing,,,0,,0,,,,1,0,0,,{},[],[]
20260515,known_mask15,/processed1/20260515/L4/20260515_matched_asteroids_mask15.fits,False,missing,,,0,,0,,,,1,0,0,,{},[],[]
20260515,unknown_catalog,/processed1/20260515/L4/20260515_unknown_links.fits,False,missing,,,0,,0,,,,1,0,0,,{},[],[]
20260515,orbit_links,/home/admin/pipeline/xiaoyunao/data/heliolincrr/20260515/rr_links/orbit_confirm/orbit_links.fits,False,missing,,,0,,0,,,,1,0,0,,{},[],[]
20260515,orbit_obs_residuals,/home/admin/pipeline/xiaoyunao/data/heliolincrr/20260515/rr_links/orbit_confirm/orbit_obs_residuals.fits,False,missing,,,0,,0,,,,1,0,0,,{},[],[]
20260516,known_all,/processed1/20260516/L4/20260516_all_asteroids.fits,False,missing,,,0,,0,,,,1,0,0,,{},[],[]
20260516,known_matched,/processed1/20260516/L4/20260516_matched_asteroids.fits,False,missing,,,0,,0,,,,1,0,0,,{},[],[]
20260516,known_mask15,/processed1/20260516/L4/20260516_matched_asteroids_mask15.fits,False,missing,,,0,,0,,,,1,0,0,,{},[],[]
20260516,unknown_catalog,/processed1/20260516/L4/20260516_unknown_links.fits,False,missing,,,0,,0,,,,1,0,0,,{},[],[]
20260516,orbit_links,/home/admin/pipeline/xiaoyunao/data/heliolincrr/20260516/rr_links/orbit_confirm/orbit_links.fits,False,missing,,,0,,0,,,,1,0,0,,{},[],[]
20260516,orbit_obs_residuals,/home/admin/pipeline/xiaoyunao/data/heliolincrr/20260516/rr_links/orbit_confirm/orbit_obs_residuals.fits,False,missing,,,0,,0,,,,1,0,0,,{},[],[]
20260517,known_all,/processed1/20260517/L4/20260517_all_asteroids.fits,False,missing,,,0,,0,,,,1,0,0,,{},[],[]
20260517,known_matched,/processed1/20260517/L4/20260517_matched_asteroids.fits,False,missing,,,0,,0,,,,1,0,0,,{},[],[]
20260517,known_mask15,/processed1/20260517/L4/20260517_matched_asteroids_mask15.fits,False,missing,,,0,,0,,,,1,0,0,,{},[],[]
20260517,unknown_catalog,/processed1/20260517/L4/20260517_unknown_links.fits,False,missing,,,0,,0,,,,1,0,0,,{},[],[]
20260517,orbit_links,/home/admin/pipeline/xiaoyunao/data/heliolincrr/20260517/rr_links/orbit_confirm/orbit_links.fits,False,missing,,,0,,0,,,,1,0,0,,{},[],[]
20260517,orbit_obs_residuals,/home/admin/pipeline/xiaoyunao/data/heliolincrr/20260517/rr_links/orbit_confirm/orbit_obs_residuals.fits,False,missing,,,0,,0,,,,1,0,0,,{},[],[]
20260518,known_all,/processed1/20260518/L4/20260518_all_asteroids.fits,False,missing,,,0,,0,,,,1,0,0,,{},[],[]
20260518,known_matched,/processed1/20260518/L4/20260518_matched_asteroids.fits,False,missing,,,0,,0,,,,1,0,0,,{},[],[]
20260518,known_mask15,/processed1/20260518/L4/20260518_matched_asteroids_mask15.fits,False,missing,,,0,,0,,,,1,0,0,,{},[],[]
20260518,unknown_catalog,/processed1/20260518/L4/20260518_unknown_links.fits,False,missing,,,0,,0,,,,1,0,0,,{},[],[]
20260518,orbit_links,/home/admin/pipeline/xiaoyunao/data/heliolincrr/20260518/rr_links/orbit_confirm/orbit_links.fits,False,missing,,,0,,0,,,,1,0,0,,{},[],[]
20260518,orbit_obs_residuals,/home/admin/pipeline/xiaoyunao/data/heliolincrr/20260518/rr_links/orbit_confirm/orbit_obs_residuals.fits,False,missing,,,0,,0,,,,1,0,0,,{},[],[]
20260519,known_all,/processed1/20260519/L4/20260519_all_asteroids.fits,False,missing,,,0,,0,,,,1,0,0,,{},[],[]
20260519,known_matched,/processed1/20260519/L4/20260519_matched_asteroids.fits,False,missing,,,0,,0,,,,1,0,0,,{},[],[]
20260519,known_mask15,/processed1/20260519/L4/20260519_matched_asteroids_mask15.fits,False,missing,,,0,,0,,,,1,0,0,,{},[],[]
20260519,unknown_catalog,/processed1/20260519/L4/20260519_unknown_links.fits,False,missing,,,0,,0,,,,1,0,0,,{},[],[]
20260519,orbit_links,/home/admin/pipeline/xiaoyunao/data/heliolincrr/20260519/rr_links/orbit_confirm/orbit_links.fits,False,missing,,,0,,0,,,,1,0,0,,{},[],[]
20260519,orbit_obs_residuals,/home/admin/pipeline/xiaoyunao/data/heliolincrr/20260519/rr_links/orbit_confirm/orbit_obs_residuals.fits,False,missing,,,0,,0,,,,1,0,0,,{},[],[]
20260520,known_all,/processed1/20260520/L4/20260520_all_asteroids.fits,False,missing,,,0,,0,,,,1,0,0,,{},[],[]
20260520,known_matched,/processed1/20260520/L4/20260520_matched_asteroids.fits,False,missing,,,0,,0,,,,1,0,0,,{},[],[]
20260520,known_mask15,/processed1/20260520/L4/20260520_matched_asteroids_mask15.fits,False,missing,,,0,,0,,,,1,0,0,,{},[],[]
20260520,unknown_catalog,/processed1/20260520/L4/20260520_unknown_links.fits,False,missing,,,0,,0,,,,1,0,0,,{},[],[]
20260520,orbit_links,/home/admin/pipeline/xiaoyunao/data/heliolincrr/20260520/rr_links/orbit_confirm/orbit_links.fits,False,missing,,,0,,0,,,,1,0,0,,{},[],[]
20260520,orbit_obs_residuals,/home/admin/pipeline/xiaoyunao/data/heliolincrr/20260520/rr_links/orbit_confirm/orbit_obs_residuals.fits,False,missing,,,0,,0,,,,1,0,0,,{},[],[]
20260521,known_all,/processed1/20260521/L4/20260521_all_asteroids.fits,False,missing,,,0,,0,,,,1,0,0,,{},[],[]
20260521,known_matched,/processed1/20260521/L4/20260521_matched_asteroids.fits,False,missing,,,0,,0,,,,1,0,0,,{},[],[]
20260521,known_mask15,/processed1/20260521/L4/20260521_matched_asteroids_mask15.fits,False,missing,,,0,,0,,,,1,0,0,,{},[],[]
20260521,unknown_catalog,/processed1/20260521/L4/20260521_unknown_links.fits,False,missing,,,0,,0,,,,1,0,0,,{},[],[]
20260521,orbit_links,/home/admin/pipeline/xiaoyunao/data/heliolincrr/20260521/rr_links/orbit_confirm/orbit_links.fits,False,missing,,,0,,0,,,,1,0,0,,{},[],[]
20260521,orbit_obs_residuals,/home/admin/pipeline/xiaoyunao/data/heliolincrr/20260521/rr_links/orbit_confirm/orbit_obs_residuals.fits,False,missing,,,0,,0,,,,1,0,0,,{},[],[]
20260522,known_all,/processed1/20260522/L4/20260522_all_asteroids.fits,False,missing,,,0,,0,,,,1,0,0,,{},[],[]
20260522,known_matched,/processed1/20260522/L4/20260522_matched_asteroids.fits,False,missing,,,0,,0,,,,1,0,0,,{},[],[]
20260522,known_mask15,/processed1/20260522/L4/20260522_matched_asteroids_mask15.fits,False,missing,,,0,,0,,,,1,0,0,,{},[],[]
20260522,unknown_catalog,/processed1/20260522/L4/20260522_unknown_links.fits,False,missing,,,0,,0,,,,1,0,0,,{},[],[]
20260522,orbit_links,/home/admin/pipeline/xiaoyunao/data/heliolincrr/20260522/rr_links/orbit_confirm/orbit_links.fits,False,missing,,,0,,0,,,,1,0,0,,{},[],[]
20260522,orbit_obs_residuals,/home/admin/pipeline/xiaoyunao/data/heliolincrr/20260522/rr_links/orbit_confirm/orbit_obs_residuals.fits,False,missing,,,0,,0,,,,1,0,0,,{},[],[]
20260523,known_all,/processed1/20260523/L4/20260523_all_asteroids.fits,False,missing,,,0,,0,,,,1,0,0,,{},[],[]
20260523,known_matched,/processed1/20260523/L4/20260523_matched_asteroids.fits,False,missing,,,0,,0,,,,1,0,0,,{},[],[]
20260523,known_mask15,/processed1/20260523/L4/20260523_matched_asteroids_mask15.fits,False,missing,,,0,,0,,,,1,0,0,,{},[],[]
20260523,unknown_catalog,/processed1/20260523/L4/20260523_unknown_links.fits,False,missing,,,0,,0,,,,1,0,0,,{},[],[]
20260523,orbit_links,/home/admin/pipeline/xiaoyunao/data/heliolincrr/20260523/rr_links/orbit_confirm/orbit_links.fits,False,missing,,,0,,0,,,,1,0,0,,{},[],[]
20260523,orbit_obs_residuals,/home/admin/pipeline/xiaoyunao/data/heliolincrr/20260523/rr_links/orbit_confirm/orbit_obs_residuals.fits,False,missing,,,0,,0,,,,1,0,0,,{},[],[]
20260524,known_all,/processed1/20260524/L4/20260524_all_asteroids.fits,False,missing,,,0,,0,,,,1,0,0,,{},[],[]
20260524,known_matched,/processed1/20260524/L4/20260524_matched_asteroids.fits,False,missing,,,0,,0,,,,1,0,0,,{},[],[]
20260524,known_mask15,/processed1/20260524/L4/20260524_matched_asteroids_mask15.fits,False,missing,,,0,,0,,,,1,0,0,,{},[],[]
20260524,unknown_catalog,/processed1/20260524/L4/20260524_unknown_links.fits,False,missing,,,0,,0,,,,1,0,0,,{},[],[]
20260524,orbit_links,/home/admin/pipeline/xiaoyunao/data/heliolincrr/20260524/rr_links/orbit_confirm/orbit_links.fits,False,missing,,,0,,0,,,,1,0,0,,{},[],[]
20260524,orbit_obs_residuals,/home/admin/pipeline/xiaoyunao/data/heliolincrr/20260524/rr_links/orbit_confirm/orbit_obs_residuals.fits,False,missing,,,0,,0,,,,1,0,0,,{},[],[]
20260525,known_all,/processed1/20260525/L4/20260525_all_asteroids.fits,False,missing,,,0,,0,,,,1,0,0,,{},[],[]
20260525,known_matched,/processed1/20260525/L4/20260525_matched_asteroids.fits,False,missing,,,0,,0,,,,1,0,0,,{},[],[]
20260525,known_mask15,/processed1/20260525/L4/20260525_matched_asteroids_mask15.fits,False,missing,,,0,,0,,,,1,0,0,,{},[],[]
20260525,unknown_catalog,/processed1/20260525/L4/20260525_unknown_links.fits,False,missing,,,0,,0,,,,1,0,0,,{},[],[]
20260525,orbit_links,/home/admin/pipeline/xiaoyunao/data/heliolincrr/20260525/rr_links/orbit_confirm/orbit_links.fits,False,missing,,,0,,0,,,,1,0,0,,{},[],[]
20260525,orbit_obs_residuals,/home/admin/pipeline/xiaoyunao/data/heliolincrr/20260525/rr_links/orbit_confirm/orbit_obs_residuals.fits,False,missing,,,0,,0,,,,1,0,0,,{},[],[]
20260526,known_all,/processed1/20260526/L4/20260526_all_asteroids.fits,False,missing,,,0,,0,,,,1,0,0,,{},[],[]
20260526,known_matched,/processed1/20260526/L4/20260526_matched_asteroids.fits,False,missing,,,0,,0,,,,1,0,0,,{},[],[]
20260526,known_mask15,/processed1/20260526/L4/20260526_matched_asteroids_mask15.fits,False,missing,,,0,,0,,,,1,0,0,,{},[],[]
20260526,unknown_catalog,/processed1/20260526/L4/20260526_unknown_links.fits,False,missing,,,0,,0,,,,1,0,0,,{},[],[]
20260526,orbit_links,/home/admin/pipeline/xiaoyunao/data/heliolincrr/20260526/rr_links/orbit_confirm/orbit_links.fits,False,missing,,,0,,0,,,,1,0,0,,{},[],[]
20260526,orbit_obs_residuals,/home/admin/pipeline/xiaoyunao/data/heliolincrr/20260526/rr_links/orbit_confirm/orbit_obs_residuals.fits,False,missing,,,0,,0,,,,1,0,0,,{},[],[]
20260527,known_all,/processed1/20260527/L4/20260527_all_asteroids.fits,False,missing,,,0,,0,,,,1,0,0,,{},[],[]
20260527,known_matched,/processed1/20260527/L4/20260527_matched_asteroids.fits,False,missing,,,0,,0,,,,1,0,0,,{},[],[]
20260527,known_mask15,/processed1/20260527/L4/20260527_matched_asteroids_mask15.fits,False,missing,,,0,,0,,,,1,0,0,,{},[],[]
20260527,unknown_catalog,/processed1/20260527/L4/20260527_unknown_links.fits,False,missing,,,0,,0,,,,1,0,0,,{},[],[]
20260527,orbit_links,/home/admin/pipeline/xiaoyunao/data/heliolincrr/20260527/rr_links/orbit_confirm/orbit_links.fits,False,missing,,,0,,0,,,,1,0,0,,{},[],[]
20260527,orbit_obs_residuals,/home/admin/pipeline/xiaoyunao/data/heliolincrr/20260527/rr_links/orbit_confirm/orbit_obs_residuals.fits,False,missing,,,0,,0,,,,1,0,0,,{},[],[]
20260528,known_all,/processed1/20260528/L4/20260528_all_asteroids.fits,True,ok_with_missing_optional,,,16113600,2026-06-19T19:01:50.406619+00:00,1781895710406618966,a88af3bfe007c175dba81653ae8661e4ba4376d57eeb5a51b03b4eea8aa4ba0f,,,1,82171,82171,source_file,"{""asteroid_name"": ""name"", ""asteroid_number"": ""number"", ""epoch_mjd"": ""epoch"", ""pred_dec_deg"": ""dec"", ""pred_geocentric_distance_au"": null, ""pred_heliocentric_distance_au"": null, ""pred_phase_angle_deg"": null, ""pred_ra_deg"": ""ra"", ""pred_solar_elongation_deg"": null, ""pred_v_mag"": ""mag""}",[],"[""pred_heliocentric_distance_au"", ""pred_geocentric_distance_au"", ""pred_solar_elongation_deg"", ""pred_phase_angle_deg""]"
20260528,known_matched,/processed1/20260528/L4/20260528_matched_asteroids.fits,True,ok_with_missing_optional,,,1877760,2026-06-19T19:01:51.019607+00:00,1781895711019607314,d1af9d615f4223856c8ed3db4d96929431653c71837605185821eb4221b7e39a,,,1,2390,2390,source_file,"{""asteroid_name"": ""name"", ""asteroid_number"": ""number"", ""epoch_mjd"": ""epoch"", ""flag"": ""Flag"", ""flag_iso_num"": ""Flag_ISO_Num"", ""flux_aper4"": ""Flux_Aper4"", ""fluxerr_aper4"": ""FluxErr_Aper4"", ""fwhm_px"": ""FWHM"", ""mag_aper4"": ""Mag_Aper4"", ""mag_aper8"": ""Mag_Aper8"", ""mag_kron"": ""Mag_Kron"", ""mag_psf"": ""Mag_PSF"", ""magerr_aper4"": ""MagErr_Aper4"", ""magerr_aper8"": ""MagErr_Aper8"", ""magerr_kron"": ""MagErr_Kron"", ""magerr_psf"": ""MagErr_PSF"", ""obj_id"": ""objID"", ""obs_dec_err_deg"": ""DECErr_Win"", ""obs_dec_psf_deg"": ""DEC_PSF"", ""obs_dec_win_deg"": ""DEC_Win"", ""obs_ra_err_deg"": ""RAErr_Win"", ""obs_ra_psf_deg"": ""RA_PSF"", ""obs_ra_win_deg"": ""RA_Win"", ""pred_dec_deg"": ""dec"", ""pred_geocentric_distance_au"": null, ""pred_heliocentric_distance_au"": null, ""pred_phase_angle_deg"": null, ""pred_ra_deg"": ""ra"", ""pred_solar_elongation_deg"": null, ""pred_v_mag"": ""mag"", ""x_win_px"": ""X_Win"", ""y_win_px"": ""Y_Win""}",[],"[""pred_heliocentric_distance_au"", ""pred_geocentric_distance_au"", ""pred_solar_elongation_deg"", ""pred_phase_angle_deg""]"
20260528,known_mask15,/processed1/20260528/L4/20260528_matched_asteroids_mask15.fits,True,ok_with_missing_optional,,,2188800,2026-06-19T19:01:51.628596+00:00,1781895711628595738,8618f624d4ab86b0f8bf89b8ffcedf784ad6f92e493507fc2c38c26fc0c1532b,,,1,2794,2794,source_file,"{""asteroid_name"": ""name"", ""asteroid_number"": ""number"", ""epoch_mjd"": ""epoch"", ""flag"": ""Flag"", ""flag_iso_num"": ""Flag_ISO_Num"", ""flux_aper4"": ""Flux_Aper4"", ""fluxerr_aper4"": ""FluxErr_Aper4"", ""fwhm_px"": ""FWHM"", ""mag_aper4"": ""Mag_Aper4"", ""mag_aper8"": ""Mag_Aper8"", ""mag_kron"": ""Mag_Kron"", ""mag_psf"": ""Mag_PSF"", ""magerr_aper4"": ""MagErr_Aper4"", ""magerr_aper8"": ""MagErr_Aper8"", ""magerr_kron"": ""MagErr_Kron"", ""magerr_psf"": ""MagErr_PSF"", ""obj_id"": ""objID"", ""obs_dec_err_deg"": ""DECErr_Win"", ""obs_dec_psf_deg"": ""DEC_PSF"", ""obs_dec_win_deg"": ""DEC_Win"", ""obs_ra_err_deg"": ""RAErr_Win"", ""obs_ra_psf_deg"": ""RA_PSF"", ""obs_ra_win_deg"": ""RA_Win"", ""pred_dec_deg"": ""dec"", ""pred_geocentric_distance_au"": null, ""pred_heliocentric_distance_au"": null, ""pred_phase_angle_deg"": null, ""pred_ra_deg"": ""ra"", ""pred_solar_elongation_deg"": null, ""pred_v_mag"": ""mag"", ""x_win_px"": ""X_Win"", ""y_win_px"": ""Y_Win""}",[],"[""pred_heliocentric_distance_au"", ""pred_geocentric_distance_au"", ""pred_solar_elongation_deg"", ""pred_phase_angle_deg""]"
20260528,unknown_catalog,/processed1/20260528/L4/20260528_unknown_links.fits,False,missing,,,0,,0,,,,1,0,0,,{},[],[]
20260528,orbit_links,/home/admin/pipeline/xiaoyunao/data/heliolincrr/20260528/rr_links/orbit_confirm/orbit_links.fits,True,ok,,,518400,2026-06-17T08:22:43.742417+00:00,1781684563742417285,acbaf695f5fcc7ff836c17ef773524ab6ea93d0ade6b803d6e7f0c94cd0a32cb,,,1,1170,1170,,"{""a_au"": ""a_au"", ""argp_deg"": ""argp_deg"", ""best_rejected_max_v_kms"": ""best_rejected_max_v_kms"", ""best_v1_kms"": ""best_v1_kms"", ""ecc"": ""ecc"", ""fail_counts"": ""fail_counts"", ""fail_reason"": ""fail_reason"", ""final_max_v_kms"": ""final_max_v_kms"", ""fit_ok"": ""fit_ok"", ""hypo_r_au"": ""hypo_r_au"", ""hypo_rdd_au_day2"": ""hypo_rdd_au_day2"", ""hypo_rdot_au_day"": ""hypo_rdot_au_day"", ""inc_deg"": ""inc_deg"", ""inlier_tracklets"": ""inlier_tracklets"", ""is_good"": ""is_good"", ""lin_dir_deg"": ""lin_dir_deg"", ""lin_rms_arcsec"": ""lin_rms_arcsec"", ""lin_speed_arcsec_per_day"": ""lin_speed_arcsec_per_day"", ""linkage_id"": ""linkage_id"", ""max_arcsec"": ""max_arcsec"", ""med_arcsec"": ""med_arcsec"", ""min_rejected_max_v_kms"": ""min_rejected_max_v_kms"", ""n_nights"": ""n_nights"", ""n_obs"": ""n_obs"", ""n_tracklets"": ""n_tracklets"", ""nu_deg"": ""nu_deg"", ""pred_dec_deg"": ""pred_dec_deg"", ""pred_ra_deg"": ""pred_ra_deg"", ""raan_deg"": ""raan_deg"", ""rejected_tracklets"": ""rejected_tracklets"", ""rms_arcsec"": ""rms_arcsec"", ""seed_max_v_kms"": ""seed_max_v_kms"", ""seed_tracklets"": ""seed_tracklets""}",[],[]
20260528,orbit_obs_residuals,/home/admin/pipeline/xiaoyunao/data/heliolincrr/20260528/rr_links/orbit_confirm/orbit_obs_residuals.fits,True,ok,,,380160,2026-06-17T08:22:43.754580+00:00,1781684563754579700,564869c5309a5481d79960de68c1d5516349553f2d7315a0e071aba5ec37c377,,,1,3843,3843,,"{""dec_deg"": ""dec_deg"", ""linkage_id"": ""linkage_id"", ""mjd"": ""mjd"", ""obs_key"": ""obs_key"", ""ra_deg"": ""ra_deg"", ""resid_arcsec"": ""resid_arcsec"", ""tracklet_id"": ""tracklet_id"", ""used"": ""used""}",[],[]
20260529,known_all,/processed1/20260529/L4/20260529_all_asteroids.fits,True,ok_with_missing_optional,,,16888320,2026-06-19T19:08:52.683592+00:00,1781896132683592338,3c0962322dadf36799106077792334f5ae1941672dacf738f1a04f0168da22af,,,1,86130,86130,source_file,"{""asteroid_name"": ""name"", ""asteroid_number"": ""number"", ""epoch_mjd"": ""epoch"", ""pred_dec_deg"": ""dec"", ""pred_geocentric_distance_au"": null, ""pred_heliocentric_distance_au"": null, ""pred_phase_angle_deg"": null, ""pred_ra_deg"": ""ra"", ""pred_solar_elongation_deg"": null, ""pred_v_mag"": ""mag""}",[],"[""pred_heliocentric_distance_au"", ""pred_geocentric_distance_au"", ""pred_solar_elongation_deg"", ""pred_phase_angle_deg""]"
20260529,known_matched,/processed1/20260529/L4/20260529_matched_asteroids.fits,True,ok_with_missing_optional,,,1111680,2026-06-19T19:08:53.304580+00:00,1781896133304580535,1fca7e05020cb2f5ecf9f0d2beeb7b0b0badad64b9d08406ee1c61a037bbf295,,,1,1400,1400,source_file,"{""asteroid_name"": ""name"", ""asteroid_number"": ""number"", ""epoch_mjd"": ""epoch"", ""flag"": ""Flag"", ""flag_iso_num"": ""Flag_ISO_Num"", ""flux_aper4"": ""Flux_Aper4"", ""fluxerr_aper4"": ""FluxErr_Aper4"", ""fwhm_px"": ""FWHM"", ""mag_aper4"": ""Mag_Aper4"", ""mag_aper8"": ""Mag_Aper8"", ""mag_kron"": ""Mag_Kron"", ""mag_psf"": ""Mag_PSF"", ""magerr_aper4"": ""MagErr_Aper4"", ""magerr_aper8"": ""MagErr_Aper8"", ""magerr_kron"": ""MagErr_Kron"", ""magerr_psf"": ""MagErr_PSF"", ""obj_id"": ""objID"", ""obs_dec_err_deg"": ""DECErr_Win"", ""obs_dec_psf_deg"": ""DEC_PSF"", ""obs_dec_win_deg"": ""DEC_Win"", ""obs_ra_err_deg"": ""RAErr_Win"", ""obs_ra_psf_deg"": ""RA_PSF"", ""obs_ra_win_deg"": ""RA_Win"", ""pred_dec_deg"": ""dec"", ""pred_geocentric_distance_au"": null, ""pred_heliocentric_distance_au"": null, ""pred_phase_angle_deg"": null, ""pred_ra_deg"": ""ra"", ""pred_solar_elongation_deg"": null, ""pred_v_mag"": ""mag"", ""x_win_px"": ""X_Win"", ""y_win_px"": ""Y_Win""}",[],"[""pred_heliocentric_distance_au"", ""pred_geocentric_distance_au"", ""pred_solar_elongation_deg"", ""pred_phase_angle_deg""]"
20260529,known_mask15,/processed1/20260529/L4/20260529_matched_asteroids_mask15.fits,True,ok_with_missing_optional,,,1316160,2026-06-19T19:08:53.929569+00:00,1781896133929568655,55fe43acf2c5da281589e863f598ffd866a84c16eaa663923db40e6489de2e22,,,1,1664,1664,source_file,"{""asteroid_name"": ""name"", ""asteroid_number"": ""number"", ""epoch_mjd"": ""epoch"", ""flag"": ""Flag"", ""flag_iso_num"": ""Flag_ISO_Num"", ""flux_aper4"": ""Flux_Aper4"", ""fluxerr_aper4"": ""FluxErr_Aper4"", ""fwhm_px"": ""FWHM"", ""mag_aper4"": ""Mag_Aper4"", ""mag_aper8"": ""Mag_Aper8"", ""mag_kron"": ""Mag_Kron"", ""mag_psf"": ""Mag_PSF"", ""magerr_aper4"": ""MagErr_Aper4"", ""magerr_aper8"": ""MagErr_Aper8"", ""magerr_kron"": ""MagErr_Kron"", ""magerr_psf"": ""MagErr_PSF"", ""obj_id"": ""objID"", ""obs_dec_err_deg"": ""DECErr_Win"", ""obs_dec_psf_deg"": ""DEC_PSF"", ""obs_dec_win_deg"": ""DEC_Win"", ""obs_ra_err_deg"": ""RAErr_Win"", ""obs_ra_psf_deg"": ""RA_PSF"", ""obs_ra_win_deg"": ""RA_Win"", ""pred_dec_deg"": ""dec"", ""pred_geocentric_distance_au"": null, ""pred_heliocentric_distance_au"": null, ""pred_phase_angle_deg"": null, ""pred_ra_deg"": ""ra"", ""pred_solar_elongation_deg"": null, ""pred_v_mag"": ""mag"", ""x_win_px"": ""X_Win"", ""y_win_px"": ""Y_Win""}",[],"[""pred_heliocentric_distance_au"", ""pred_geocentric_distance_au"", ""pred_solar_elongation_deg"", ""pred_phase_angle_deg""]"
20260529,unknown_catalog,/processed1/20260529/L4/20260529_unknown_links.fits,True,ok,,,23040,2026-06-20T03:24:05.121058+00:00,1781925845121058416,eb1f27010f839e8ccab9c265de635e96781b42325ec6ccfd1f7353442755fc11,,,1,29,29,image_names,"{""a_au"": ""a_au"", ""argp_deg"": ""argp_deg"", ""best_v1_kms"": ""best_v1_kms"", ""decs_deg"": ""decs_deg"", ""ecc"": ""ecc"", ""exp_pairs"": ""exp_pairs"", ""fit_ok"": ""fit_ok"", ""groups"": ""groups"", ""image_names"": ""image_names"", ""inc_deg"": ""inc_deg"", ""is_good"": ""is_good"", ""lin_dir_deg"": ""lin_dir_deg"", ""lin_rms_arcsec"": ""lin_rms_arcsec"", ""lin_speed_arcsec_per_day"": ""lin_speed_arcsec_per_day"", ""linkage_id"": ""linkage_id"", ""max_arcsec"": ""max_arcsec"", ""med_arcsec"": ""med_arcsec"", ""mjds"": ""mjds"", ""n_obs"": ""n_obs"", ""n_tracklets"": ""n_tracklets"", ""nu_deg"": ""nu_deg"", ""objids"": ""objids"", ""raan_deg"": ""raan_deg"", ""ras_deg"": ""ras_deg"", ""rms_arcsec"": ""rms_arcsec"", ""tracklet_ids"": ""tracklet_ids"", ""trk_sub"": ""trk_sub""}",[],[]
20260529,orbit_links,/home/admin/pipeline/xiaoyunao/data/heliolincrr/20260529/rr_links/orbit_confirm/orbit_links.fits,True,ok,,,72000,2026-06-17T08:30:46.254539+00:00,1781685046254538431,ccd55a7042cd3a1ba4871707f2ba7a7029f2d0220f3f0aa9e98bc2dcafe715c4,,,1,183,183,,"{""a_au"": ""a_au"", ""argp_deg"": ""argp_deg"", ""best_rejected_max_v_kms"": ""best_rejected_max_v_kms"", ""best_v1_kms"": ""best_v1_kms"", ""ecc"": ""ecc"", ""fail_counts"": ""fail_counts"", ""fail_reason"": ""fail_reason"", ""final_max_v_kms"": ""final_max_v_kms"", ""fit_ok"": ""fit_ok"", ""hypo_r_au"": ""hypo_r_au"", ""hypo_rdd_au_day2"": ""hypo_rdd_au_day2"", ""hypo_rdot_au_day"": ""hypo_rdot_au_day"", ""inc_deg"": ""inc_deg"", ""inlier_tracklets"": ""inlier_tracklets"", ""is_good"": ""is_good"", ""lin_dir_deg"": ""lin_dir_deg"", ""lin_rms_arcsec"": ""lin_rms_arcsec"", ""lin_speed_arcsec_per_day"": ""lin_speed_arcsec_per_day"", ""linkage_id"": ""linkage_id"", ""max_arcsec"": ""max_arcsec"", ""med_arcsec"": ""med_arcsec"", ""min_rejected_max_v_kms"": ""min_rejected_max_v_kms"", ""n_nights"": ""n_nights"", ""n_obs"": ""n_obs"", ""n_tracklets"": ""n_tracklets"", ""nu_deg"": ""nu_deg"", ""pred_dec_deg"": ""pred_dec_deg"", ""pred_ra_deg"": ""pred_ra_deg"", ""raan_deg"": ""raan_deg"", ""rejected_tracklets"": ""rejected_tracklets"", ""rms_arcsec"": ""rms_arcsec"", ""seed_max_v_kms"": ""seed_max_v_kms"", ""seed_tracklets"": ""seed_tracklets""}",[],[]
20260529,orbit_obs_residuals,/home/admin/pipeline/xiaoyunao/data/heliolincrr/20260529/rr_links/orbit_confirm/orbit_obs_residuals.fits,True,ok,,,83520,2026-06-17T08:30:46.262467+00:00,1781685046262467265,701ff47832ca490b5377efe72947e8ae48a5e53469b34282637d9c878a883d83,,,1,787,787,,"{""dec_deg"": ""dec_deg"", ""linkage_id"": ""linkage_id"", ""mjd"": ""mjd"", ""obs_key"": ""obs_key"", ""ra_deg"": ""ra_deg"", ""resid_arcsec"": ""resid_arcsec"", ""tracklet_id"": ""tracklet_id"", ""used"": ""used""}",[],[]
20260530,known_all,/processed1/20260530/L4/20260530_all_asteroids.fits,True,ok_with_missing_optional,,,14832000,2026-06-19T19:15:12.548372+00:00,1781896512548371881,9b26a76e59623ce40fd77f60af40938cb451e255401852eef214cb8050ccc9b2,,,1,75636,75636,source_file,"{""asteroid_name"": ""name"", ""asteroid_number"": ""number"", ""epoch_mjd"": ""epoch"", ""pred_dec_deg"": ""dec"", ""pred_geocentric_distance_au"": null, ""pred_heliocentric_distance_au"": null, ""pred_phase_angle_deg"": null, ""pred_ra_deg"": ""ra"", ""pred_solar_elongation_deg"": null, ""pred_v_mag"": ""mag""}",[],"[""pred_heliocentric_distance_au"", ""pred_geocentric_distance_au"", ""pred_solar_elongation_deg"", ""pred_phase_angle_deg""]"
20260530,known_matched,/processed1/20260530/L4/20260530_matched_asteroids.fits,True,ok_with_missing_optional,,,619200,2026-06-19T19:15:13.073362+00:00,1781896513073361902,68e542aca37ab751193f42a8e08a91ef7880cb9dc0ff1d7036da8a8f2978b7e1,,,1,763,763,source_file,"{""asteroid_name"": ""name"", ""asteroid_number"": ""number"", ""epoch_mjd"": ""epoch"", ""flag"": ""Flag"", ""flag_iso_num"": ""Flag_ISO_Num"", ""flux_aper4"": ""Flux_Aper4"", ""fluxerr_aper4"": ""FluxErr_Aper4"", ""fwhm_px"": ""FWHM"", ""mag_aper4"": ""Mag_Aper4"", ""mag_aper8"": ""Mag_Aper8"", ""mag_kron"": ""Mag_Kron"", ""mag_psf"": ""Mag_PSF"", ""magerr_aper4"": ""MagErr_Aper4"", ""magerr_aper8"": ""MagErr_Aper8"", ""magerr_kron"": ""MagErr_Kron"", ""magerr_psf"": ""MagErr_PSF"", ""obj_id"": ""objID"", ""obs_dec_err_deg"": ""DECErr_Win"", ""obs_dec_psf_deg"": ""DEC_PSF"", ""obs_dec_win_deg"": ""DEC_Win"", ""obs_ra_err_deg"": ""RAErr_Win"", ""obs_ra_psf_deg"": ""RA_PSF"", ""obs_ra_win_deg"": ""RA_Win"", ""pred_dec_deg"": ""dec"", ""pred_geocentric_distance_au"": null, ""pred_heliocentric_distance_au"": null, ""pred_phase_angle_deg"": null, ""pred_ra_deg"": ""ra"", ""pred_solar_elongation_deg"": null, ""pred_v_mag"": ""mag"", ""x_win_px"": ""X_Win"", ""y_win_px"": ""Y_Win""}",[],"[""pred_heliocentric_distance_au"", ""pred_geocentric_distance_au"", ""pred_solar_elongation_deg"", ""pred_phase_angle_deg""]"
20260530,known_mask15,/processed1/20260530/L4/20260530_matched_asteroids_mask15.fits,True,ok_with_missing_optional,,,745920,2026-06-19T19:15:13.619352+00:00,1781896513619351524,0b615a8d100aedbb3223cbc3f073f484f0fa782fcf72d7910c6f8d6cdc68942e,,,1,928,928,source_file,"{""asteroid_name"": ""name"", ""asteroid_number"": ""number"", ""epoch_mjd"": ""epoch"", ""flag"": ""Flag"", ""flag_iso_num"": ""Flag_ISO_Num"", ""flux_aper4"": ""Flux_Aper4"", ""fluxerr_aper4"": ""FluxErr_Aper4"", ""fwhm_px"": ""FWHM"", ""mag_aper4"": ""Mag_Aper4"", ""mag_aper8"": ""Mag_Aper8"", ""mag_kron"": ""Mag_Kron"", ""mag_psf"": ""Mag_PSF"", ""magerr_aper4"": ""MagErr_Aper4"", ""magerr_aper8"": ""MagErr_Aper8"", ""magerr_kron"": ""MagErr_Kron"", ""magerr_psf"": ""MagErr_PSF"", ""obj_id"": ""objID"", ""obs_dec_err_deg"": ""DECErr_Win"", ""obs_dec_psf_deg"": ""DEC_PSF"", ""obs_dec_win_deg"": ""DEC_Win"", ""obs_ra_err_deg"": ""RAErr_Win"", ""obs_ra_psf_deg"": ""RA_PSF"", ""obs_ra_win_deg"": ""RA_Win"", ""pred_dec_deg"": ""dec"", ""pred_geocentric_distance_au"": null, ""pred_heliocentric_distance_au"": null, ""pred_phase_angle_deg"": null, ""pred_ra_deg"": ""ra"", ""pred_solar_elongation_deg"": null, ""pred_v_mag"": ""mag"", ""x_win_px"": ""X_Win"", ""y_win_px"": ""Y_Win""}",[],"[""pred_heliocentric_distance_au"", ""pred_geocentric_distance_au"", ""pred_solar_elongation_deg"", ""pred_phase_angle_deg""]"
20260530,unknown_catalog,/processed1/20260530/L4/20260530_unknown_links.fits,True,ok,,,20160,2026-06-20T03:25:04.182923+00:00,1781925904182923387,d881bca4333187598795faea8cac0a626ade0be057b9266fb38a77f47b74226c,,,1,21,21,image_names,"{""a_au"": ""a_au"", ""argp_deg"": ""argp_deg"", ""best_v1_kms"": ""best_v1_kms"", ""decs_deg"": ""decs_deg"", ""ecc"": ""ecc"", ""exp_pairs"": ""exp_pairs"", ""fit_ok"": ""fit_ok"", ""groups"": ""groups"", ""image_names"": ""image_names"", ""inc_deg"": ""inc_deg"", ""is_good"": ""is_good"", ""lin_dir_deg"": ""lin_dir_deg"", ""lin_rms_arcsec"": ""lin_rms_arcsec"", ""lin_speed_arcsec_per_day"": ""lin_speed_arcsec_per_day"", ""linkage_id"": ""linkage_id"", ""max_arcsec"": ""max_arcsec"", ""med_arcsec"": ""med_arcsec"", ""mjds"": ""mjds"", ""n_obs"": ""n_obs"", ""n_tracklets"": ""n_tracklets"", ""nu_deg"": ""nu_deg"", ""objids"": ""objids"", ""raan_deg"": ""raan_deg"", ""ras_deg"": ""ras_deg"", ""rms_arcsec"": ""rms_arcsec"", ""tracklet_ids"": ""tracklet_ids"", ""trk_sub"": ""trk_sub""}",[],[]
20260530,orbit_links,/home/admin/pipeline/xiaoyunao/data/heliolincrr/20260530/rr_links/orbit_confirm/orbit_links.fits,True,ok,,,46080,2026-06-17T08:46:28.747688+00:00,1781685988747687865,fb7e75290ffb70e631aa6e98d7f139082ec6842a18ab2bbeed1812e67a0d3691,,,1,115,115,,"{""a_au"": ""a_au"", ""argp_deg"": ""argp_deg"", ""best_rejected_max_v_kms"": ""best_rejected_max_v_kms"", ""best_v1_kms"": ""best_v1_kms"", ""ecc"": ""ecc"", ""fail_counts"": ""fail_counts"", ""fail_reason"": ""fail_reason"", ""final_max_v_kms"": ""final_max_v_kms"", ""fit_ok"": ""fit_ok"", ""hypo_r_au"": ""hypo_r_au"", ""hypo_rdd_au_day2"": ""hypo_rdd_au_day2"", ""hypo_rdot_au_day"": ""hypo_rdot_au_day"", ""inc_deg"": ""inc_deg"", ""inlier_tracklets"": ""inlier_tracklets"", ""is_good"": ""is_good"", ""lin_dir_deg"": ""lin_dir_deg"", ""lin_rms_arcsec"": ""lin_rms_arcsec"", ""lin_speed_arcsec_per_day"": ""lin_speed_arcsec_per_day"", ""linkage_id"": ""linkage_id"", ""max_arcsec"": ""max_arcsec"", ""med_arcsec"": ""med_arcsec"", ""min_rejected_max_v_kms"": ""min_rejected_max_v_kms"", ""n_nights"": ""n_nights"", ""n_obs"": ""n_obs"", ""n_tracklets"": ""n_tracklets"", ""nu_deg"": ""nu_deg"", ""pred_dec_deg"": ""pred_dec_deg"", ""pred_ra_deg"": ""pred_ra_deg"", ""raan_deg"": ""raan_deg"", ""rejected_tracklets"": ""rejected_tracklets"", ""rms_arcsec"": ""rms_arcsec"", ""seed_max_v_kms"": ""seed_max_v_kms"", ""seed_tracklets"": ""seed_tracklets""}",[],[]
20260530,orbit_obs_residuals,/home/admin/pipeline/xiaoyunao/data/heliolincrr/20260530/rr_links/orbit_confirm/orbit_obs_residuals.fits,True,ok,,,40320,2026-06-17T08:46:28.757518+00:00,1781685988757518246,fe5aa46344afe2db19882434581c89330d4f4e2291a0bff69f18c1fd3fad8b2d,,,1,352,352,,"{""dec_deg"": ""dec_deg"", ""linkage_id"": ""linkage_id"", ""mjd"": ""mjd"", ""obs_key"": ""obs_key"", ""ra_deg"": ""ra_deg"", ""resid_arcsec"": ""resid_arcsec"", ""tracklet_id"": ""tracklet_id"", ""used"": ""used""}",[],[]
20260531,known_all,/processed1/20260531/L4/20260531_all_asteroids.fits,False,missing,,,0,,0,,,,1,0,0,,{},[],[]
20260531,known_matched,/processed1/20260531/L4/20260531_matched_asteroids.fits,False,missing,,,0,,0,,,,1,0,0,,{},[],[]
20260531,known_mask15,/processed1/20260531/L4/20260531_matched_asteroids_mask15.fits,False,missing,,,0,,0,,,,1,0,0,,{},[],[]
20260531,unknown_catalog,/processed1/20260531/L4/20260531_unknown_links.fits,False,missing,,,0,,0,,,,1,0,0,,{},[],[]
20260531,orbit_links,/home/admin/pipeline/xiaoyunao/data/heliolincrr/20260531/rr_links/orbit_confirm/orbit_links.fits,False,missing,,,0,,0,,,,1,0,0,,{},[],[]
20260531,orbit_obs_residuals,/home/admin/pipeline/xiaoyunao/data/heliolincrr/20260531/rr_links/orbit_confirm/orbit_obs_residuals.fits,False,missing,,,0,,0,,,,1,0,0,,{},[],[]
20260601,known_all,/processed1/20260601/L4/20260601_all_asteroids.fits,True,ok_with_missing_optional,,,14840640,2026-06-19T19:20:56.304812+00:00,1781896856304811734,1317b0ec8658b880ccb24227c3d4e662fe45b09e31cfed7483a1985414bee21f,,,1,75678,75678,source_file,"{""asteroid_name"": ""name"", ""asteroid_number"": ""number"", ""epoch_mjd"": ""epoch"", ""pred_dec_deg"": ""dec"", ""pred_geocentric_distance_au"": null, ""pred_heliocentric_distance_au"": null, ""pred_phase_angle_deg"": null, ""pred_ra_deg"": ""ra"", ""pred_solar_elongation_deg"": null, ""pred_v_mag"": ""mag""}",[],"[""pred_heliocentric_distance_au"", ""pred_geocentric_distance_au"", ""pred_solar_elongation_deg"", ""pred_phase_angle_deg""]"
20260601,known_matched,/processed1/20260601/L4/20260601_matched_asteroids.fits,True,ok_with_missing_optional,,,1103040,2026-06-19T19:20:56.948799+00:00,1781896856948799444,51ec1d8065252535f250b9e35cb8e872286992823361d2b4b058f92b7c9aff0b,,,1,1389,1389,source_file,"{""asteroid_name"": ""name"", ""asteroid_number"": ""number"", ""epoch_mjd"": ""epoch"", ""flag"": ""Flag"", ""flag_iso_num"": ""Flag_ISO_Num"", ""flux_aper4"": ""Flux_Aper4"", ""fluxerr_aper4"": ""FluxErr_Aper4"", ""fwhm_px"": ""FWHM"", ""mag_aper4"": ""Mag_Aper4"", ""mag_aper8"": ""Mag_Aper8"", ""mag_kron"": ""Mag_Kron"", ""mag_psf"": ""Mag_PSF"", ""magerr_aper4"": ""MagErr_Aper4"", ""magerr_aper8"": ""MagErr_Aper8"", ""magerr_kron"": ""MagErr_Kron"", ""magerr_psf"": ""MagErr_PSF"", ""obj_id"": ""objID"", ""obs_dec_err_deg"": ""DECErr_Win"", ""obs_dec_psf_deg"": ""DEC_PSF"", ""obs_dec_win_deg"": ""DEC_Win"", ""obs_ra_err_deg"": ""RAErr_Win"", ""obs_ra_psf_deg"": ""RA_PSF"", ""obs_ra_win_deg"": ""RA_Win"", ""pred_dec_deg"": ""dec"", ""pred_geocentric_distance_au"": null, ""pred_heliocentric_distance_au"": null, ""pred_phase_angle_deg"": null, ""pred_ra_deg"": ""ra"", ""pred_solar_elongation_deg"": null, ""pred_v_mag"": ""mag"", ""x_win_px"": ""X_Win"", ""y_win_px"": ""Y_Win""}",[],"[""pred_heliocentric_distance_au"", ""pred_geocentric_distance_au"", ""pred_solar_elongation_deg"", ""pred_phase_angle_deg""]"
20260601,known_mask15,/processed1/20260601/L4/20260601_matched_asteroids_mask15.fits,True,ok_with_missing_optional,,,1154880,2026-06-19T19:20:57.566788+00:00,1781896857566787650,fbf0c1900d0cbc5e70d045ca702000b266251249528380444250808b4aa42730,,,1,1457,1457,source_file,"{""asteroid_name"": ""name"", ""asteroid_number"": ""number"", ""epoch_mjd"": ""epoch"", ""flag"": ""Flag"", ""flag_iso_num"": ""Flag_ISO_Num"", ""flux_aper4"": ""Flux_Aper4"", ""fluxerr_aper4"": ""FluxErr_Aper4"", ""fwhm_px"": ""FWHM"", ""mag_aper4"": ""Mag_Aper4"", ""mag_aper8"": ""Mag_Aper8"", ""mag_kron"": ""Mag_Kron"", ""mag_psf"": ""Mag_PSF"", ""magerr_aper4"": ""MagErr_Aper4"", ""magerr_aper8"": ""MagErr_Aper8"", ""magerr_kron"": ""MagErr_Kron"", ""magerr_psf"": ""MagErr_PSF"", ""obj_id"": ""objID"", ""obs_dec_err_deg"": ""DECErr_Win"", ""obs_dec_psf_deg"": ""DEC_PSF"", ""obs_dec_win_deg"": ""DEC_Win"", ""obs_ra_err_deg"": ""RAErr_Win"", ""obs_ra_psf_deg"": ""RA_PSF"", ""obs_ra_win_deg"": ""RA_Win"", ""pred_dec_deg"": ""dec"", ""pred_geocentric_distance_au"": null, ""pred_heliocentric_distance_au"": null, ""pred_phase_angle_deg"": null, ""pred_ra_deg"": ""ra"", ""pred_solar_elongation_deg"": null, ""pred_v_mag"": ""mag"", ""x_win_px"": ""X_Win"", ""y_win_px"": ""Y_Win""}",[],"[""pred_heliocentric_distance_au"", ""pred_geocentric_distance_au"", ""pred_solar_elongation_deg"", ""pred_phase_angle_deg""]"
20260601,unknown_catalog,/processed1/20260601/L4/20260601_unknown_links.fits,True,ok,,,17280,2026-06-20T03:26:41.998044+00:00,1781926001998043612,8561e23a85660940f1db1850ffbeebae288be9f597a19840e3874f0226462b48,,,1,19,19,image_names,"{""a_au"": ""a_au"", ""argp_deg"": ""argp_deg"", ""best_v1_kms"": ""best_v1_kms"", ""decs_deg"": ""decs_deg"", ""ecc"": ""ecc"", ""exp_pairs"": ""exp_pairs"", ""fit_ok"": ""fit_ok"", ""groups"": ""groups"", ""image_names"": ""image_names"", ""inc_deg"": ""inc_deg"", ""is_good"": ""is_good"", ""lin_dir_deg"": ""lin_dir_deg"", ""lin_rms_arcsec"": ""lin_rms_arcsec"", ""lin_speed_arcsec_per_day"": ""lin_speed_arcsec_per_day"", ""linkage_id"": ""linkage_id"", ""max_arcsec"": ""max_arcsec"", ""med_arcsec"": ""med_arcsec"", ""mjds"": ""mjds"", ""n_obs"": ""n_obs"", ""n_tracklets"": ""n_tracklets"", ""nu_deg"": ""nu_deg"", ""objids"": ""objids"", ""raan_deg"": ""raan_deg"", ""ras_deg"": ""ras_deg"", ""rms_arcsec"": ""rms_arcsec"", ""tracklet_ids"": ""tracklet_ids"", ""trk_sub"": ""trk_sub""}",[],[]
20260601,orbit_links,/home/admin/pipeline/xiaoyunao/data/heliolincrr/20260601/rr_links/orbit_confirm/orbit_links.fits,True,ok,,,95040,2026-06-17T08:54:34.872954+00:00,1781686474872954279,c1f9f8489ca3b0cb521b235a270c16ce028d171466884d20644dd6ecbbe38a23,,,1,236,236,,"{""a_au"": ""a_au"", ""argp_deg"": ""argp_deg"", ""best_rejected_max_v_kms"": ""best_rejected_max_v_kms"", ""best_v1_kms"": ""best_v1_kms"", ""ecc"": ""ecc"", ""fail_counts"": ""fail_counts"", ""fail_reason"": ""fail_reason"", ""final_max_v_kms"": ""final_max_v_kms"", ""fit_ok"": ""fit_ok"", ""hypo_r_au"": ""hypo_r_au"", ""hypo_rdd_au_day2"": ""hypo_rdd_au_day2"", ""hypo_rdot_au_day"": ""hypo_rdot_au_day"", ""inc_deg"": ""inc_deg"", ""inlier_tracklets"": ""inlier_tracklets"", ""is_good"": ""is_good"", ""lin_dir_deg"": ""lin_dir_deg"", ""lin_rms_arcsec"": ""lin_rms_arcsec"", ""lin_speed_arcsec_per_day"": ""lin_speed_arcsec_per_day"", ""linkage_id"": ""linkage_id"", ""max_arcsec"": ""max_arcsec"", ""med_arcsec"": ""med_arcsec"", ""min_rejected_max_v_kms"": ""min_rejected_max_v_kms"", ""n_nights"": ""n_nights"", ""n_obs"": ""n_obs"", ""n_tracklets"": ""n_tracklets"", ""nu_deg"": ""nu_deg"", ""pred_dec_deg"": ""pred_dec_deg"", ""pred_ra_deg"": ""pred_ra_deg"", ""raan_deg"": ""raan_deg"", ""rejected_tracklets"": ""rejected_tracklets"", ""rms_arcsec"": ""rms_arcsec"", ""seed_max_v_kms"": ""seed_max_v_kms"", ""seed_tracklets"": ""seed_tracklets""}",[],[]
20260601,orbit_obs_residuals,/home/admin/pipeline/xiaoyunao/data/heliolincrr/20260601/rr_links/orbit_confirm/orbit_obs_residuals.fits,True,ok,,,89280,2026-06-17T08:54:34.881948+00:00,1781686474881948565,08e6d62e5056feee80837ccbdb9bf3d2e832f657a56a84b66b722b00f8ef0299,,,1,860,860,,"{""dec_deg"": ""dec_deg"", ""linkage_id"": ""linkage_id"", ""mjd"": ""mjd"", ""obs_key"": ""obs_key"", ""ra_deg"": ""ra_deg"", ""resid_arcsec"": ""resid_arcsec"", ""tracklet_id"": ""tracklet_id"", ""used"": ""used""}",[],[]
20260602,known_all,/processed1/20260602/L4/20260602_all_asteroids.fits,False,missing,,,0,,0,,,,1,0,0,,{},[],[]
20260602,known_matched,/processed1/20260602/L4/20260602_matched_asteroids.fits,False,missing,,,0,,0,,,,1,0,0,,{},[],[]
20260602,known_mask15,/processed1/20260602/L4/20260602_matched_asteroids_mask15.fits,False,missing,,,0,,0,,,,1,0,0,,{},[],[]
20260602,unknown_catalog,/processed1/20260602/L4/20260602_unknown_links.fits,False,missing,,,0,,0,,,,1,0,0,,{},[],[]
20260602,orbit_links,/home/admin/pipeline/xiaoyunao/data/heliolincrr/20260602/rr_links/orbit_confirm/orbit_links.fits,False,missing,,,0,,0,,,,1,0,0,,{},[],[]
20260602,orbit_obs_residuals,/home/admin/pipeline/xiaoyunao/data/heliolincrr/20260602/rr_links/orbit_confirm/orbit_obs_residuals.fits,False,missing,,,0,,0,,,,1,0,0,,{},[],[]
20260603,known_all,/processed1/20260603/L4/20260603_all_asteroids.fits,False,missing,,,0,,0,,,,1,0,0,,{},[],[]
20260603,known_matched,/processed1/20260603/L4/20260603_matched_asteroids.fits,False,missing,,,0,,0,,,,1,0,0,,{},[],[]
20260603,known_mask15,/processed1/20260603/L4/20260603_matched_asteroids_mask15.fits,False,missing,,,0,,0,,,,1,0,0,,{},[],[]
20260603,unknown_catalog,/processed1/20260603/L4/20260603_unknown_links.fits,False,missing,,,0,,0,,,,1,0,0,,{},[],[]
20260603,orbit_links,/home/admin/pipeline/xiaoyunao/data/heliolincrr/20260603/rr_links/orbit_confirm/orbit_links.fits,False,missing,,,0,,0,,,,1,0,0,,{},[],[]
20260603,orbit_obs_residuals,/home/admin/pipeline/xiaoyunao/data/heliolincrr/20260603/rr_links/orbit_confirm/orbit_obs_residuals.fits,False,missing,,,0,,0,,,,1,0,0,,{},[],[]
20260604,known_all,/processed1/20260604/L4/20260604_all_asteroids.fits,False,missing,,,0,,0,,,,1,0,0,,{},[],[]
20260604,known_matched,/processed1/20260604/L4/20260604_matched_asteroids.fits,False,missing,,,0,,0,,,,1,0,0,,{},[],[]
20260604,known_mask15,/processed1/20260604/L4/20260604_matched_asteroids_mask15.fits,False,missing,,,0,,0,,,,1,0,0,,{},[],[]
20260604,unknown_catalog,/processed1/20260604/L4/20260604_unknown_links.fits,False,missing,,,0,,0,,,,1,0,0,,{},[],[]
20260604,orbit_links,/home/admin/pipeline/xiaoyunao/data/heliolincrr/20260604/rr_links/orbit_confirm/orbit_links.fits,False,missing,,,0,,0,,,,1,0,0,,{},[],[]
20260604,orbit_obs_residuals,/home/admin/pipeline/xiaoyunao/data/heliolincrr/20260604/rr_links/orbit_confirm/orbit_obs_residuals.fits,False,missing,,,0,,0,,,,1,0,0,,{},[],[]
20260605,known_all,/processed1/20260605/L4/20260605_all_asteroids.fits,True,ok_with_missing_optional,,,66240,2026-06-19T19:21:25.724250+00:00,1781896885724250274,83eb2df1e7f6a90048bb78262e266d9462ed07a875aa255577b02b83edd3a9f9,,,1,304,304,source_file,"{""asteroid_name"": ""name"", ""asteroid_number"": ""number"", ""epoch_mjd"": ""epoch"", ""pred_dec_deg"": ""dec"", ""pred_geocentric_distance_au"": null, ""pred_heliocentric_distance_au"": null, ""pred_phase_angle_deg"": null, ""pred_ra_deg"": ""ra"", ""pred_solar_elongation_deg"": null, ""pred_v_mag"": ""mag""}",[],"[""pred_heliocentric_distance_au"", ""pred_geocentric_distance_au"", ""pred_solar_elongation_deg"", ""pred_phase_angle_deg""]"
20260605,known_matched,/processed1/20260605/L4/20260605_matched_asteroids.fits,False,missing,,,0,,0,,,,1,0,0,,{},[],[]
20260605,known_mask15,/processed1/20260605/L4/20260605_matched_asteroids_mask15.fits,False,missing,,,0,,0,,,,1,0,0,,{},[],[]
20260605,unknown_catalog,/processed1/20260605/L4/20260605_unknown_links.fits,False,missing,,,0,,0,,,,1,0,0,,{},[],[]
20260605,orbit_links,/home/admin/pipeline/xiaoyunao/data/heliolincrr/20260605/rr_links/orbit_confirm/orbit_links.fits,False,missing,,,0,,0,,,,1,0,0,,{},[],[]
20260605,orbit_obs_residuals,/home/admin/pipeline/xiaoyunao/data/heliolincrr/20260605/rr_links/orbit_confirm/orbit_obs_residuals.fits,False,missing,,,0,,0,,,,1,0,0,,{},[],[]
20260606,known_all,/processed1/20260606/L4/20260606_all_asteroids.fits,False,missing,,,0,,0,,,,1,0,0,,{},[],[]
20260606,known_matched,/processed1/20260606/L4/20260606_matched_asteroids.fits,False,missing,,,0,,0,,,,1,0,0,,{},[],[]
20260606,known_mask15,/processed1/20260606/L4/20260606_matched_asteroids_mask15.fits,False,missing,,,0,,0,,,,1,0,0,,{},[],[]
20260606,unknown_catalog,/processed1/20260606/L4/20260606_unknown_links.fits,False,missing,,,0,,0,,,,1,0,0,,{},[],[]
20260606,orbit_links,/home/admin/pipeline/xiaoyunao/data/heliolincrr/20260606/rr_links/orbit_confirm/orbit_links.fits,False,missing,,,0,,0,,,,1,0,0,,{},[],[]
20260606,orbit_obs_residuals,/home/admin/pipeline/xiaoyunao/data/heliolincrr/20260606/rr_links/orbit_confirm/orbit_obs_residuals.fits,False,missing,,,0,,0,,,,1,0,0,,{},[],[]
20260607,known_all,/processed1/20260607/L4/20260607_all_asteroids.fits,False,missing,,,0,,0,,,,1,0,0,,{},[],[]
20260607,known_matched,/processed1/20260607/L4/20260607_matched_asteroids.fits,False,missing,,,0,,0,,,,1,0,0,,{},[],[]
20260607,known_mask15,/processed1/20260607/L4/20260607_matched_asteroids_mask15.fits,False,missing,,,0,,0,,,,1,0,0,,{},[],[]
20260607,unknown_catalog,/processed1/20260607/L4/20260607_unknown_links.fits,False,missing,,,0,,0,,,,1,0,0,,{},[],[]
20260607,orbit_links,/home/admin/pipeline/xiaoyunao/data/heliolincrr/20260607/rr_links/orbit_confirm/orbit_links.fits,False,missing,,,0,,0,,,,1,0,0,,{},[],[]
20260607,orbit_obs_residuals,/home/admin/pipeline/xiaoyunao/data/heliolincrr/20260607/rr_links/orbit_confirm/orbit_obs_residuals.fits,False,missing,,,0,,0,,,,1,0,0,,{},[],[]
20260608,known_all,/processed1/20260608/L4/20260608_all_asteroids.fits,False,missing,,,0,,0,,,,1,0,0,,{},[],[]
20260608,known_matched,/processed1/20260608/L4/20260608_matched_asteroids.fits,False,missing,,,0,,0,,,,1,0,0,,{},[],[]
20260608,known_mask15,/processed1/20260608/L4/20260608_matched_asteroids_mask15.fits,False,missing,,,0,,0,,,,1,0,0,,{},[],[]
20260608,unknown_catalog,/processed1/20260608/L4/20260608_unknown_links.fits,False,missing,,,0,,0,,,,1,0,0,,{},[],[]
20260608,orbit_links,/home/admin/pipeline/xiaoyunao/data/heliolincrr/20260608/rr_links/orbit_confirm/orbit_links.fits,False,missing,,,0,,0,,,,1,0,0,,{},[],[]
20260608,orbit_obs_residuals,/home/admin/pipeline/xiaoyunao/data/heliolincrr/20260608/rr_links/orbit_confirm/orbit_obs_residuals.fits,False,missing,,,0,,0,,,,1,0,0,,{},[],[]
20260609,known_all,/processed1/20260609/L4/20260609_all_asteroids.fits,False,missing,,,0,,0,,,,1,0,0,,{},[],[]
20260609,known_matched,/processed1/20260609/L4/20260609_matched_asteroids.fits,False,missing,,,0,,0,,,,1,0,0,,{},[],[]
20260609,known_mask15,/processed1/20260609/L4/20260609_matched_asteroids_mask15.fits,False,missing,,,0,,0,,,,1,0,0,,{},[],[]
20260609,unknown_catalog,/processed1/20260609/L4/20260609_unknown_links.fits,False,missing,,,0,,0,,,,1,0,0,,{},[],[]
20260609,orbit_links,/home/admin/pipeline/xiaoyunao/data/heliolincrr/20260609/rr_links/orbit_confirm/orbit_links.fits,False,missing,,,0,,0,,,,1,0,0,,{},[],[]
20260609,orbit_obs_residuals,/home/admin/pipeline/xiaoyunao/data/heliolincrr/20260609/rr_links/orbit_confirm/orbit_obs_residuals.fits,False,missing,,,0,,0,,,,1,0,0,,{},[],[]
20260610,known_all,/processed1/20260610/L4/20260610_all_asteroids.fits,False,missing,,,0,,0,,,,1,0,0,,{},[],[]
20260610,known_matched,/processed1/20260610/L4/20260610_matched_asteroids.fits,False,missing,,,0,,0,,,,1,0,0,,{},[],[]
20260610,known_mask15,/processed1/20260610/L4/20260610_matched_asteroids_mask15.fits,False,missing,,,0,,0,,,,1,0,0,,{},[],[]
20260610,unknown_catalog,/processed1/20260610/L4/20260610_unknown_links.fits,False,missing,,,0,,0,,,,1,0,0,,{},[],[]
20260610,orbit_links,/home/admin/pipeline/xiaoyunao/data/heliolincrr/20260610/rr_links/orbit_confirm/orbit_links.fits,False,missing,,,0,,0,,,,1,0,0,,{},[],[]
20260610,orbit_obs_residuals,/home/admin/pipeline/xiaoyunao/data/heliolincrr/20260610/rr_links/orbit_confirm/orbit_obs_residuals.fits,False,missing,,,0,,0,,,,1,0,0,,{},[],[]
20260611,known_all,/processed1/20260611/L4/20260611_all_asteroids.fits,True,ok_with_missing_optional,,,14846400,2026-06-19T19:28:21.626313+00:00,1781897301626312924,f31bd663b219476be6a58086bd570f6a706b1294289d818d348ec3b6e1e7f925,,,1,75709,75709,source_file,"{""asteroid_name"": ""name"", ""asteroid_number"": ""number"", ""epoch_mjd"": ""epoch"", ""pred_dec_deg"": ""dec"", ""pred_geocentric_distance_au"": null, ""pred_heliocentric_distance_au"": null, ""pred_phase_angle_deg"": null, ""pred_ra_deg"": ""ra"", ""pred_solar_elongation_deg"": null, ""pred_v_mag"": ""mag""}",[],"[""pred_heliocentric_distance_au"", ""pred_geocentric_distance_au"", ""pred_solar_elongation_deg"", ""pred_phase_angle_deg""]"
20260611,known_matched,/processed1/20260611/L4/20260611_matched_asteroids.fits,True,ok_with_missing_optional,,,3631680,2026-06-19T19:28:22.241301+00:00,1781897302241301187,714264572a62e74d18a45911defb64258649ac4626d0dd7004ac29f10598d232,,,1,4655,4655,source_file,"{""asteroid_name"": ""name"", ""asteroid_number"": ""number"", ""epoch_mjd"": ""epoch"", ""flag"": ""Flag"", ""flag_iso_num"": ""Flag_ISO_Num"", ""flux_aper4"": ""Flux_Aper4"", ""fluxerr_aper4"": ""FluxErr_Aper4"", ""fwhm_px"": ""FWHM"", ""mag_aper4"": ""Mag_Aper4"", ""mag_aper8"": ""Mag_Aper8"", ""mag_kron"": ""Mag_Kron"", ""mag_psf"": ""Mag_PSF"", ""magerr_aper4"": ""MagErr_Aper4"", ""magerr_aper8"": ""MagErr_Aper8"", ""magerr_kron"": ""MagErr_Kron"", ""magerr_psf"": ""MagErr_PSF"", ""obj_id"": ""objID"", ""obs_dec_err_deg"": ""DECErr_Win"", ""obs_dec_psf_deg"": ""DEC_PSF"", ""obs_dec_win_deg"": ""DEC_Win"", ""obs_ra_err_deg"": ""RAErr_Win"", ""obs_ra_psf_deg"": ""RA_PSF"", ""obs_ra_win_deg"": ""RA_Win"", ""pred_dec_deg"": ""dec"", ""pred_geocentric_distance_au"": null, ""pred_heliocentric_distance_au"": null, ""pred_phase_angle_deg"": null, ""pred_ra_deg"": ""ra"", ""pred_solar_elongation_deg"": null, ""pred_v_mag"": ""mag"", ""x_win_px"": ""X_Win"", ""y_win_px"": ""Y_Win""}",[],"[""pred_heliocentric_distance_au"", ""pred_geocentric_distance_au"", ""pred_solar_elongation_deg"", ""pred_phase_angle_deg""]"
20260611,known_mask15,/processed1/20260611/L4/20260611_matched_asteroids_mask15.fits,True,ok_with_missing_optional,,,3991680,2026-06-19T19:28:22.860289+00:00,1781897302860289374,b858c43eb592ebf85c2bc9c315f2912f6f96f6cc53a0161b9046dcc0404a83ba,,,1,5123,5123,source_file,"{""asteroid_name"": ""name"", ""asteroid_number"": ""number"", ""epoch_mjd"": ""epoch"", ""flag"": ""Flag"", ""flag_iso_num"": ""Flag_ISO_Num"", ""flux_aper4"": ""Flux_Aper4"", ""fluxerr_aper4"": ""FluxErr_Aper4"", ""fwhm_px"": ""FWHM"", ""mag_aper4"": ""Mag_Aper4"", ""mag_aper8"": ""Mag_Aper8"", ""mag_kron"": ""Mag_Kron"", ""mag_psf"": ""Mag_PSF"", ""magerr_aper4"": ""MagErr_Aper4"", ""magerr_aper8"": ""MagErr_Aper8"", ""magerr_kron"": ""MagErr_Kron"", ""magerr_psf"": ""MagErr_PSF"", ""obj_id"": ""objID"", ""obs_dec_err_deg"": ""DECErr_Win"", ""obs_dec_psf_deg"": ""DEC_PSF"", ""obs_dec_win_deg"": ""DEC_Win"", ""obs_ra_err_deg"": ""RAErr_Win"", ""obs_ra_psf_deg"": ""RA_PSF"", ""obs_ra_win_deg"": ""RA_Win"", ""pred_dec_deg"": ""dec"", ""pred_geocentric_distance_au"": null, ""pred_heliocentric_distance_au"": null, ""pred_phase_angle_deg"": null, ""pred_ra_deg"": ""ra"", ""pred_solar_elongation_deg"": null, ""pred_v_mag"": ""mag"", ""x_win_px"": ""X_Win"", ""y_win_px"": ""Y_Win""}",[],"[""pred_heliocentric_distance_au"", ""pred_geocentric_distance_au"", ""pred_solar_elongation_deg"", ""pred_phase_angle_deg""]"
20260611,unknown_catalog,/processed1/20260611/L4/20260611_unknown_links.fits,False,missing,,,0,,0,,,,1,0,0,,{},[],[]
20260611,orbit_links,/home/admin/pipeline/xiaoyunao/data/heliolincrr/20260611/rr_links/orbit_confirm/orbit_links.fits,True,ok,,,443520,2026-06-17T09:05:35.316782+00:00,1781687135316782269,98b2974b166ff329e5473c0568f71eab74db8a1c0f92318751b6abdd9b97e602,,,1,1319,1319,,"{""a_au"": ""a_au"", ""argp_deg"": ""argp_deg"", ""best_rejected_max_v_kms"": ""best_rejected_max_v_kms"", ""best_v1_kms"": ""best_v1_kms"", ""ecc"": ""ecc"", ""fail_counts"": ""fail_counts"", ""fail_reason"": ""fail_reason"", ""final_max_v_kms"": ""final_max_v_kms"", ""fit_ok"": ""fit_ok"", ""hypo_r_au"": ""hypo_r_au"", ""hypo_rdd_au_day2"": ""hypo_rdd_au_day2"", ""hypo_rdot_au_day"": ""hypo_rdot_au_day"", ""inc_deg"": ""inc_deg"", ""inlier_tracklets"": ""inlier_tracklets"", ""is_good"": ""is_good"", ""lin_dir_deg"": ""lin_dir_deg"", ""lin_rms_arcsec"": ""lin_rms_arcsec"", ""lin_speed_arcsec_per_day"": ""lin_speed_arcsec_per_day"", ""linkage_id"": ""linkage_id"", ""max_arcsec"": ""max_arcsec"", ""med_arcsec"": ""med_arcsec"", ""min_rejected_max_v_kms"": ""min_rejected_max_v_kms"", ""n_nights"": ""n_nights"", ""n_obs"": ""n_obs"", ""n_tracklets"": ""n_tracklets"", ""nu_deg"": ""nu_deg"", ""pred_dec_deg"": ""pred_dec_deg"", ""pred_ra_deg"": ""pred_ra_deg"", ""raan_deg"": ""raan_deg"", ""rejected_tracklets"": ""rejected_tracklets"", ""rms_arcsec"": ""rms_arcsec"", ""seed_max_v_kms"": ""seed_max_v_kms"", ""seed_tracklets"": ""seed_tracklets""}",[],[]
20260611,orbit_obs_residuals,/home/admin/pipeline/xiaoyunao/data/heliolincrr/20260611/rr_links/orbit_confirm/orbit_obs_residuals.fits,True,ok,,,463680,2026-06-17T09:05:35.330782+00:00,1781687135330782400,cc0502dfe99399fa77a207632e5e02e148de7d29c894a3d13aa72aefe7c98a7c,,,1,4711,4711,,"{""dec_deg"": ""dec_deg"", ""linkage_id"": ""linkage_id"", ""mjd"": ""mjd"", ""obs_key"": ""obs_key"", ""ra_deg"": ""ra_deg"", ""resid_arcsec"": ""resid_arcsec"", ""tracklet_id"": ""tracklet_id"", ""used"": ""used""}",[],[]
20260612,known_all,/processed1/20260612/L4/20260612_all_asteroids.fits,False,missing,,,0,,0,,,,1,0,0,,{},[],[]
20260612,known_matched,/processed1/20260612/L4/20260612_matched_asteroids.fits,False,missing,,,0,,0,,,,1,0,0,,{},[],[]
20260612,known_mask15,/processed1/20260612/L4/20260612_matched_asteroids_mask15.fits,False,missing,,,0,,0,,,,1,0,0,,{},[],[]
20260612,unknown_catalog,/processed1/20260612/L4/20260612_unknown_links.fits,False,missing,,,0,,0,,,,1,0,0,,{},[],[]
20260612,orbit_links,/home/admin/pipeline/xiaoyunao/data/heliolincrr/20260612/rr_links/orbit_confirm/orbit_links.fits,False,missing,,,0,,0,,,,1,0,0,,{},[],[]
20260612,orbit_obs_residuals,/home/admin/pipeline/xiaoyunao/data/heliolincrr/20260612/rr_links/orbit_confirm/orbit_obs_residuals.fits,False,missing,,,0,,0,,,,1,0,0,,{},[],[]
20260613,known_all,/processed1/20260613/L4/20260613_all_asteroids.fits,False,missing,,,0,,0,,,,1,0,0,,{},[],[]
20260613,known_matched,/processed1/20260613/L4/20260613_matched_asteroids.fits,False,missing,,,0,,0,,,,1,0,0,,{},[],[]
20260613,known_mask15,/processed1/20260613/L4/20260613_matched_asteroids_mask15.fits,False,missing,,,0,,0,,,,1,0,0,,{},[],[]
20260613,unknown_catalog,/processed1/20260613/L4/20260613_unknown_links.fits,False,missing,,,0,,0,,,,1,0,0,,{},[],[]
20260613,orbit_links,/home/admin/pipeline/xiaoyunao/data/heliolincrr/20260613/rr_links/orbit_confirm/orbit_links.fits,False,missing,,,0,,0,,,,1,0,0,,{},[],[]
20260613,orbit_obs_residuals,/home/admin/pipeline/xiaoyunao/data/heliolincrr/20260613/rr_links/orbit_confirm/orbit_obs_residuals.fits,False,missing,,,0,,0,,,,1,0,0,,{},[],[]
20260614,known_all,/processed1/20260614/L4/20260614_all_asteroids.fits,False,missing,,,0,,0,,,,1,0,0,,{},[],[]
20260614,known_matched,/processed1/20260614/L4/20260614_matched_asteroids.fits,False,missing,,,0,,0,,,,1,0,0,,{},[],[]
20260614,known_mask15,/processed1/20260614/L4/20260614_matched_asteroids_mask15.fits,False,missing,,,0,,0,,,,1,0,0,,{},[],[]
20260614,unknown_catalog,/processed1/20260614/L4/20260614_unknown_links.fits,False,missing,,,0,,0,,,,1,0,0,,{},[],[]
20260614,orbit_links,/home/admin/pipeline/xiaoyunao/data/heliolincrr/20260614/rr_links/orbit_confirm/orbit_links.fits,False,missing,,,0,,0,,,,1,0,0,,{},[],[]
20260614,orbit_obs_residuals,/home/admin/pipeline/xiaoyunao/data/heliolincrr/20260614/rr_links/orbit_confirm/orbit_obs_residuals.fits,False,missing,,,0,,0,,,,1,0,0,,{},[],[]
20260615,known_all,/processed1/20260615/L4/20260615_all_asteroids.fits,False,missing,,,0,,0,,,,1,0,0,,{},[],[]
20260615,known_matched,/processed1/20260615/L4/20260615_matched_asteroids.fits,False,missing,,,0,,0,,,,1,0,0,,{},[],[]
20260615,known_mask15,/processed1/20260615/L4/20260615_matched_asteroids_mask15.fits,False,missing,,,0,,0,,,,1,0,0,,{},[],[]
20260615,unknown_catalog,/processed1/20260615/L4/20260615_unknown_links.fits,False,missing,,,0,,0,,,,1,0,0,,{},[],[]
20260615,orbit_links,/home/admin/pipeline/xiaoyunao/data/heliolincrr/20260615/rr_links/orbit_confirm/orbit_links.fits,False,missing,,,0,,0,,,,1,0,0,,{},[],[]
20260615,orbit_obs_residuals,/home/admin/pipeline/xiaoyunao/data/heliolincrr/20260615/rr_links/orbit_confirm/orbit_obs_residuals.fits,False,missing,,,0,,0,,,,1,0,0,,{},[],[]
20260616,known_all,/processed1/20260616/L4/20260616_all_asteroids.fits,False,missing,,,0,,0,,,,1,0,0,,{},[],[]
20260616,known_matched,/processed1/20260616/L4/20260616_matched_asteroids.fits,False,missing,,,0,,0,,,,1,0,0,,{},[],[]
20260616,known_mask15,/processed1/20260616/L4/20260616_matched_asteroids_mask15.fits,False,missing,,,0,,0,,,,1,0,0,,{},[],[]
20260616,unknown_catalog,/processed1/20260616/L4/20260616_unknown_links.fits,False,missing,,,0,,0,,,,1,0,0,,{},[],[]
20260616,orbit_links,/home/admin/pipeline/xiaoyunao/data/heliolincrr/20260616/rr_links/orbit_confirm/orbit_links.fits,False,missing,,,0,,0,,,,1,0,0,,{},[],[]
20260616,orbit_obs_residuals,/home/admin/pipeline/xiaoyunao/data/heliolincrr/20260616/rr_links/orbit_confirm/orbit_obs_residuals.fits,False,missing,,,0,,0,,,,1,0,0,,{},[],[]
20260617,known_all,/processed1/20260617/L4/20260617_all_asteroids.fits,True,ok_with_missing_optional,,,1385280,2026-06-19T19:29:06.687453+00:00,1781897346687452947,f8fad3ea7d2245ab2daa53a33811f3e0bd5a70c3fdd889ad3df5e2d2cb5afd4c,,,1,7029,7029,source_file,"{""asteroid_name"": ""name"", ""asteroid_number"": ""number"", ""epoch_mjd"": ""epoch"", ""pred_dec_deg"": ""dec"", ""pred_geocentric_distance_au"": null, ""pred_heliocentric_distance_au"": null, ""pred_phase_angle_deg"": null, ""pred_ra_deg"": ""ra"", ""pred_solar_elongation_deg"": null, ""pred_v_mag"": ""mag""}",[],"[""pred_heliocentric_distance_au"", ""pred_geocentric_distance_au"", ""pred_solar_elongation_deg"", ""pred_phase_angle_deg""]"
20260617,known_matched,/processed1/20260617/L4/20260617_matched_asteroids.fits,True,ok_with_missing_optional,,,417600,2026-06-19T19:29:06.798451+00:00,1781897346798450829,3386475b608cf8acd7b47715f4babf50881489b4ad1934a8c30dad080abb4234,,,1,503,503,source_file,"{""asteroid_name"": ""name"", ""asteroid_number"": ""number"", ""epoch_mjd"": ""epoch"", ""flag"": ""Flag"", ""flag_iso_num"": ""Flag_ISO_Num"", ""flux_aper4"": ""Flux_Aper4"", ""fluxerr_aper4"": ""FluxErr_Aper4"", ""fwhm_px"": ""FWHM"", ""mag_aper4"": ""Mag_Aper4"", ""mag_aper8"": ""Mag_Aper8"", ""mag_kron"": ""Mag_Kron"", ""mag_psf"": ""Mag_PSF"", ""magerr_aper4"": ""MagErr_Aper4"", ""magerr_aper8"": ""MagErr_Aper8"", ""magerr_kron"": ""MagErr_Kron"", ""magerr_psf"": ""MagErr_PSF"", ""obj_id"": ""objID"", ""obs_dec_err_deg"": ""DECErr_Win"", ""obs_dec_psf_deg"": ""DEC_PSF"", ""obs_dec_win_deg"": ""DEC_Win"", ""obs_ra_err_deg"": ""RAErr_Win"", ""obs_ra_psf_deg"": ""RA_PSF"", ""obs_ra_win_deg"": ""RA_Win"", ""pred_dec_deg"": ""dec"", ""pred_geocentric_distance_au"": null, ""pred_heliocentric_distance_au"": null, ""pred_phase_angle_deg"": null, ""pred_ra_deg"": ""ra"", ""pred_solar_elongation_deg"": null, ""pred_v_mag"": ""mag"", ""x_win_px"": ""X_Win"", ""y_win_px"": ""Y_Win""}",[],"[""pred_heliocentric_distance_au"", ""pred_geocentric_distance_au"", ""pred_solar_elongation_deg"", ""pred_phase_angle_deg""]"
20260617,known_mask15,/processed1/20260617/L4/20260617_matched_asteroids_mask15.fits,True,ok_with_missing_optional,,,426240,2026-06-19T19:29:06.912449+00:00,1781897346912448653,eddb0e056af4a0ba4c3b58c7170f5333700d88eca85811330653fdd13b920701,,,1,515,515,source_file,"{""asteroid_name"": ""name"", ""asteroid_number"": ""number"", ""epoch_mjd"": ""epoch"", ""flag"": ""Flag"", ""flag_iso_num"": ""Flag_ISO_Num"", ""flux_aper4"": ""Flux_Aper4"", ""fluxerr_aper4"": ""FluxErr_Aper4"", ""fwhm_px"": ""FWHM"", ""mag_aper4"": ""Mag_Aper4"", ""mag_aper8"": ""Mag_Aper8"", ""mag_kron"": ""Mag_Kron"", ""mag_psf"": ""Mag_PSF"", ""magerr_aper4"": ""MagErr_Aper4"", ""magerr_aper8"": ""MagErr_Aper8"", ""magerr_kron"": ""MagErr_Kron"", ""magerr_psf"": ""MagErr_PSF"", ""obj_id"": ""objID"", ""obs_dec_err_deg"": ""DECErr_Win"", ""obs_dec_psf_deg"": ""DEC_PSF"", ""obs_dec_win_deg"": ""DEC_Win"", ""obs_ra_err_deg"": ""RAErr_Win"", ""obs_ra_psf_deg"": ""RA_PSF"", ""obs_ra_win_deg"": ""RA_Win"", ""pred_dec_deg"": ""dec"", ""pred_geocentric_distance_au"": null, ""pred_heliocentric_distance_au"": null, ""pred_phase_angle_deg"": null, ""pred_ra_deg"": ""ra"", ""pred_solar_elongation_deg"": null, ""pred_v_mag"": ""mag"", ""x_win_px"": ""X_Win"", ""y_win_px"": ""Y_Win""}",[],"[""pred_heliocentric_distance_au"", ""pred_geocentric_distance_au"", ""pred_solar_elongation_deg"", ""pred_phase_angle_deg""]"
20260617,unknown_catalog,/processed1/20260617/L4/20260617_unknown_links.fits,True,ok,,,8640,2026-06-20T04:41:55.868288+00:00,1781930515868288141,ae49cc5e768ea74f2b9233e8e4b56e4db77dd4c3219b06a6ce6ae1d2f558cb89,,,1,0,0,image_names,"{""a_au"": ""a_au"", ""argp_deg"": ""argp_deg"", ""best_v1_kms"": ""best_v1_kms"", ""decs_deg"": ""decs_deg"", ""ecc"": ""ecc"", ""exp_pairs"": ""exp_pairs"", ""fit_ok"": ""fit_ok"", ""groups"": ""groups"", ""image_names"": ""image_names"", ""inc_deg"": ""inc_deg"", ""is_good"": ""is_good"", ""lin_dir_deg"": ""lin_dir_deg"", ""lin_rms_arcsec"": ""lin_rms_arcsec"", ""lin_speed_arcsec_per_day"": ""lin_speed_arcsec_per_day"", ""linkage_id"": ""linkage_id"", ""max_arcsec"": ""max_arcsec"", ""med_arcsec"": ""med_arcsec"", ""mjds"": ""mjds"", ""n_obs"": ""n_obs"", ""n_tracklets"": ""n_tracklets"", ""nu_deg"": ""nu_deg"", ""objids"": ""objids"", ""raan_deg"": ""raan_deg"", ""ras_deg"": ""ras_deg"", ""rms_arcsec"": ""rms_arcsec"", ""tracklet_ids"": ""tracklet_ids"", ""trk_sub"": ""trk_sub""}",[],[]
20260617,orbit_links,/home/admin/pipeline/xiaoyunao/data/heliolincrr/20260617/rr_links/orbit_confirm/orbit_links.fits,True,ok,,,11520,2026-06-20T04:41:52.964828+00:00,1781930512964828314,394e4e06fc5a4b09519fd4de91445e51b9c42d48334e18891c54c66cd1774b65,,,1,0,0,,"{""a_au"": ""a_au"", ""argp_deg"": ""argp_deg"", ""best_rejected_max_v_kms"": ""best_rejected_max_v_kms"", ""best_v1_kms"": ""best_v1_kms"", ""ecc"": ""ecc"", ""fail_counts"": ""fail_counts"", ""fail_reason"": ""fail_reason"", ""final_max_v_kms"": ""final_max_v_kms"", ""fit_ok"": ""fit_ok"", ""hypo_r_au"": ""hypo_r_au"", ""hypo_rdd_au_day2"": ""hypo_rdd_au_day2"", ""hypo_rdot_au_day"": ""hypo_rdot_au_day"", ""inc_deg"": ""inc_deg"", ""inlier_tracklets"": ""inlier_tracklets"", ""is_good"": ""is_good"", ""lin_dir_deg"": ""lin_dir_deg"", ""lin_rms_arcsec"": ""lin_rms_arcsec"", ""lin_speed_arcsec_per_day"": ""lin_speed_arcsec_per_day"", ""linkage_id"": ""linkage_id"", ""max_arcsec"": ""max_arcsec"", ""med_arcsec"": ""med_arcsec"", ""min_rejected_max_v_kms"": ""min_rejected_max_v_kms"", ""n_nights"": ""n_nights"", ""n_obs"": ""n_obs"", ""n_tracklets"": ""n_tracklets"", ""nu_deg"": ""nu_deg"", ""pred_dec_deg"": ""pred_dec_deg"", ""pred_ra_deg"": ""pred_ra_deg"", ""raan_deg"": ""raan_deg"", ""rejected_tracklets"": ""rejected_tracklets"", ""rms_arcsec"": ""rms_arcsec"", ""seed_max_v_kms"": ""seed_max_v_kms"", ""seed_tracklets"": ""seed_tracklets""}",[],[]
20260617,orbit_obs_residuals,/home/admin/pipeline/xiaoyunao/data/heliolincrr/20260617/rr_links/orbit_confirm/orbit_obs_residuals.fits,True,ok,,,5760,2026-06-20T04:41:52.972191+00:00,1781930512972191108,8cb9bc87ba4df7002239bfc6d8a94042f298c42b20abaf56814238a5bf926e3f,,,1,0,0,,"{""dec_deg"": ""dec_deg"", ""linkage_id"": ""linkage_id"", ""mjd"": ""mjd"", ""obs_key"": ""obs_key"", ""ra_deg"": ""ra_deg"", ""resid_arcsec"": ""resid_arcsec"", ""tracklet_id"": ""tracklet_id"", ""used"": ""used""}",[],[]
20260618,known_all,/processed1/20260618/L4/20260618_all_asteroids.fits,False,missing,,,0,,0,,,,1,0,0,,{},[],[]
20260618,known_matched,/processed1/20260618/L4/20260618_matched_asteroids.fits,False,missing,,,0,,0,,,,1,0,0,,{},[],[]
20260618,known_mask15,/processed1/20260618/L4/20260618_matched_asteroids_mask15.fits,False,missing,,,0,,0,,,,1,0,0,,{},[],[]
20260618,unknown_catalog,/processed1/20260618/L4/20260618_unknown_links.fits,False,missing,,,0,,0,,,,1,0,0,,{},[],[]
20260618,orbit_links,/home/admin/pipeline/xiaoyunao/data/heliolincrr/20260618/rr_links/orbit_confirm/orbit_links.fits,False,missing,,,0,,0,,,,1,0,0,,{},[],[]
20260618,orbit_obs_residuals,/home/admin/pipeline/xiaoyunao/data/heliolincrr/20260618/rr_links/orbit_confirm/orbit_obs_residuals.fits,False,missing,,,0,,0,,,,1,0,0,,{},[],[]
20260619,known_all,/processed1/20260619/L4/20260619_all_asteroids.fits,False,missing,,,0,,0,,,,1,0,0,,{},[],[]
20260619,known_matched,/processed1/20260619/L4/20260619_matched_asteroids.fits,False,missing,,,0,,0,,,,1,0,0,,{},[],[]
20260619,known_mask15,/processed1/20260619/L4/20260619_matched_asteroids_mask15.fits,False,missing,,,0,,0,,,,1,0,0,,{},[],[]
20260619,unknown_catalog,/processed1/20260619/L4/20260619_unknown_links.fits,False,missing,,,0,,0,,,,1,0,0,,{},[],[]
20260619,orbit_links,/home/admin/pipeline/xiaoyunao/data/heliolincrr/20260619/rr_links/orbit_confirm/orbit_links.fits,False,missing,,,0,,0,,,,1,0,0,,{},[],[]
20260619,orbit_obs_residuals,/home/admin/pipeline/xiaoyunao/data/heliolincrr/20260619/rr_links/orbit_confirm/orbit_obs_residuals.fits,False,missing,,,0,,0,,,,1,0,0,,{},[],[]
20260620,known_all,/processed1/20260620/L4/20260620_all_asteroids.fits,True,ok_with_missing_optional,,,11825280,2026-06-21T01:06:35.376441+00:00,1782003995376441369,715f663421f6e092be4d947ad67db96b2022cc9634c6822bbfc54ecf361e0585,,,1,60293,60293,source_file,"{""asteroid_name"": ""name"", ""asteroid_number"": ""number"", ""epoch_mjd"": ""epoch"", ""pred_dec_deg"": ""dec"", ""pred_geocentric_distance_au"": null, ""pred_heliocentric_distance_au"": null, ""pred_phase_angle_deg"": null, ""pred_ra_deg"": ""ra"", ""pred_solar_elongation_deg"": null, ""pred_v_mag"": ""mag""}",[],"[""pred_heliocentric_distance_au"", ""pred_geocentric_distance_au"", ""pred_solar_elongation_deg"", ""pred_phase_angle_deg""]"
20260620,known_matched,/processed1/20260620/L4/20260620_matched_asteroids.fits,True,ok_with_missing_optional,,,2295360,2026-06-21T01:06:35.914431+00:00,1782003995914430987,ac0aa7f994d224be4ad68a4598ffdbf1f9de2571bf8aeeb0c34cf881593bee07,,,1,2931,2931,source_file,"{""asteroid_name"": ""name"", ""asteroid_number"": ""number"", ""epoch_mjd"": ""epoch"", ""flag"": ""Flag"", ""flag_iso_num"": ""Flag_ISO_Num"", ""flux_aper4"": ""Flux_Aper4"", ""fluxerr_aper4"": ""FluxErr_Aper4"", ""fwhm_px"": ""FWHM"", ""mag_aper4"": ""Mag_Aper4"", ""mag_aper8"": ""Mag_Aper8"", ""mag_kron"": ""Mag_Kron"", ""mag_psf"": ""Mag_PSF"", ""magerr_aper4"": ""MagErr_Aper4"", ""magerr_aper8"": ""MagErr_Aper8"", ""magerr_kron"": ""MagErr_Kron"", ""magerr_psf"": ""MagErr_PSF"", ""obj_id"": ""objID"", ""obs_dec_err_deg"": ""DECErr_Win"", ""obs_dec_psf_deg"": ""DEC_PSF"", ""obs_dec_win_deg"": ""DEC_Win"", ""obs_ra_err_deg"": ""RAErr_Win"", ""obs_ra_psf_deg"": ""RA_PSF"", ""obs_ra_win_deg"": ""RA_Win"", ""pred_dec_deg"": ""dec"", ""pred_geocentric_distance_au"": null, ""pred_heliocentric_distance_au"": null, ""pred_phase_angle_deg"": null, ""pred_ra_deg"": ""ra"", ""pred_solar_elongation_deg"": null, ""pred_v_mag"": ""mag"", ""x_win_px"": ""X_Win"", ""y_win_px"": ""Y_Win""}",[],"[""pred_heliocentric_distance_au"", ""pred_geocentric_distance_au"", ""pred_solar_elongation_deg"", ""pred_phase_angle_deg""]"
20260620,known_mask15,/processed1/20260620/L4/20260620_matched_asteroids_mask15.fits,True,ok_with_missing_optional,,,2560320,2026-06-21T01:06:36.436421+00:00,1782003996436420913,8395c6389d45817f092f9cc9c19c8455de858dc24a5be10a31f21ffe7fb4ca7d,,,1,3274,3274,source_file,"{""asteroid_name"": ""name"", ""asteroid_number"": ""number"", ""epoch_mjd"": ""epoch"", ""flag"": ""Flag"", ""flag_iso_num"": ""Flag_ISO_Num"", ""flux_aper4"": ""Flux_Aper4"", ""fluxerr_aper4"": ""FluxErr_Aper4"", ""fwhm_px"": ""FWHM"", ""mag_aper4"": ""Mag_Aper4"", ""mag_aper8"": ""Mag_Aper8"", ""mag_kron"": ""Mag_Kron"", ""mag_psf"": ""Mag_PSF"", ""magerr_aper4"": ""MagErr_Aper4"", ""magerr_aper8"": ""MagErr_Aper8"", ""magerr_kron"": ""MagErr_Kron"", ""magerr_psf"": ""MagErr_PSF"", ""obj_id"": ""objID"", ""obs_dec_err_deg"": ""DECErr_Win"", ""obs_dec_psf_deg"": ""DEC_PSF"", ""obs_dec_win_deg"": ""DEC_Win"", ""obs_ra_err_deg"": ""RAErr_Win"", ""obs_ra_psf_deg"": ""RA_PSF"", ""obs_ra_win_deg"": ""RA_Win"", ""pred_dec_deg"": ""dec"", ""pred_geocentric_distance_au"": null, ""pred_heliocentric_distance_au"": null, ""pred_phase_angle_deg"": null, ""pred_ra_deg"": ""ra"", ""pred_solar_elongation_deg"": null, ""pred_v_mag"": ""mag"", ""x_win_px"": ""X_Win"", ""y_win_px"": ""Y_Win""}",[],"[""pred_heliocentric_distance_au"", ""pred_geocentric_distance_au"", ""pred_solar_elongation_deg"", ""pred_phase_angle_deg""]"
20260620,unknown_catalog,/processed1/20260620/L4/20260620_unknown_links.fits,True,ok,,,17280,2026-06-21T03:49:29.548413+00:00,1782013769548412581,9f4357efd3166105cf6b3d57bee7e040b18771d12c3455ccbf45d69564da5aad,,,1,19,19,image_names,"{""a_au"": ""a_au"", ""argp_deg"": ""argp_deg"", ""best_v1_kms"": ""best_v1_kms"", ""decs_deg"": ""decs_deg"", ""ecc"": ""ecc"", ""exp_pairs"": ""exp_pairs"", ""fit_ok"": ""fit_ok"", ""groups"": ""groups"", ""image_names"": ""image_names"", ""inc_deg"": ""inc_deg"", ""is_good"": ""is_good"", ""lin_dir_deg"": ""lin_dir_deg"", ""lin_rms_arcsec"": ""lin_rms_arcsec"", ""lin_speed_arcsec_per_day"": ""lin_speed_arcsec_per_day"", ""linkage_id"": ""linkage_id"", ""max_arcsec"": ""max_arcsec"", ""med_arcsec"": ""med_arcsec"", ""mjds"": ""mjds"", ""n_obs"": ""n_obs"", ""n_tracklets"": ""n_tracklets"", ""nu_deg"": ""nu_deg"", ""objids"": ""objids"", ""raan_deg"": ""raan_deg"", ""ras_deg"": ""ras_deg"", ""rms_arcsec"": ""rms_arcsec"", ""tracklet_ids"": ""tracklet_ids"", ""trk_sub"": ""trk_sub""}",[],[]
20260620,orbit_links,/home/admin/pipeline/xiaoyunao/data/heliolincrr/20260620/rr_links/orbit_confirm/orbit_links.fits,True,ok,,,126720,2026-06-21T03:49:14.223662+00:00,1782013754223661627,d1cca2e1ee1ba9679449234bd2435fd040c2f2564b585ae54fc2290482d014a1,,,1,405,405,,"{""a_au"": ""a_au"", ""argp_deg"": ""argp_deg"", ""best_rejected_max_v_kms"": ""best_rejected_max_v_kms"", ""best_v1_kms"": ""best_v1_kms"", ""ecc"": ""ecc"", ""fail_counts"": ""fail_counts"", ""fail_reason"": ""fail_reason"", ""final_max_v_kms"": ""final_max_v_kms"", ""fit_ok"": ""fit_ok"", ""hypo_r_au"": ""hypo_r_au"", ""hypo_rdd_au_day2"": ""hypo_rdd_au_day2"", ""hypo_rdot_au_day"": ""hypo_rdot_au_day"", ""inc_deg"": ""inc_deg"", ""inlier_tracklets"": ""inlier_tracklets"", ""is_good"": ""is_good"", ""lin_dir_deg"": ""lin_dir_deg"", ""lin_rms_arcsec"": ""lin_rms_arcsec"", ""lin_speed_arcsec_per_day"": ""lin_speed_arcsec_per_day"", ""linkage_id"": ""linkage_id"", ""max_arcsec"": ""max_arcsec"", ""med_arcsec"": ""med_arcsec"", ""min_rejected_max_v_kms"": ""min_rejected_max_v_kms"", ""n_nights"": ""n_nights"", ""n_obs"": ""n_obs"", ""n_tracklets"": ""n_tracklets"", ""nu_deg"": ""nu_deg"", ""pred_dec_deg"": ""pred_dec_deg"", ""pred_ra_deg"": ""pred_ra_deg"", ""raan_deg"": ""raan_deg"", ""rejected_tracklets"": ""rejected_tracklets"", ""rms_arcsec"": ""rms_arcsec"", ""seed_max_v_kms"": ""seed_max_v_kms"", ""seed_tracklets"": ""seed_tracklets""}",[],[]
20260620,orbit_obs_residuals,/home/admin/pipeline/xiaoyunao/data/heliolincrr/20260620/rr_links/orbit_confirm/orbit_obs_residuals.fits,True,ok,,,126720,2026-06-21T03:49:14.232349+00:00,1782013754232348955,4994b55c26fd738837d3605783b0e12285e4b1c9c348963e3a0ce1f8ec3f954d,,,1,1234,1234,,"{""dec_deg"": ""dec_deg"", ""linkage_id"": ""linkage_id"", ""mjd"": ""mjd"", ""obs_key"": ""obs_key"", ""ra_deg"": ""ra_deg"", ""resid_arcsec"": ""resid_arcsec"", ""tracklet_id"": ""tracklet_id"", ""used"": ""used""}",[],[]
20260621,known_all,/processed1/20260621/L4/20260621_all_asteroids.fits,False,missing,,,0,,0,,,,1,0,0,,{},[],[]
20260621,known_matched,/processed1/20260621/L4/20260621_matched_asteroids.fits,False,missing,,,0,,0,,,,1,0,0,,{},[],[]
20260621,known_mask15,/processed1/20260621/L4/20260621_matched_asteroids_mask15.fits,False,missing,,,0,,0,,,,1,0,0,,{},[],[]
20260621,unknown_catalog,/processed1/20260621/L4/20260621_unknown_links.fits,False,missing,,,0,,0,,,,1,0,0,,{},[],[]
20260621,orbit_links,/home/admin/pipeline/xiaoyunao/data/heliolincrr/20260621/rr_links/orbit_confirm/orbit_links.fits,False,missing,,,0,,0,,,,1,0,0,,{},[],[]
20260621,orbit_obs_residuals,/home/admin/pipeline/xiaoyunao/data/heliolincrr/20260621/rr_links/orbit_confirm/orbit_obs_residuals.fits,False,missing,,,0,,0,,,,1,0,0,,{},[],[]
20260622,known_all,/processed1/20260622/L4/20260622_all_asteroids.fits,False,missing,,,0,,0,,,,1,0,0,,{},[],[]
20260622,known_matched,/processed1/20260622/L4/20260622_matched_asteroids.fits,False,missing,,,0,,0,,,,1,0,0,,{},[],[]
20260622,known_mask15,/processed1/20260622/L4/20260622_matched_asteroids_mask15.fits,False,missing,,,0,,0,,,,1,0,0,,{},[],[]
20260622,unknown_catalog,/processed1/20260622/L4/20260622_unknown_links.fits,False,missing,,,0,,0,,,,1,0,0,,{},[],[]
20260622,orbit_links,/home/admin/pipeline/xiaoyunao/data/heliolincrr/20260622/rr_links/orbit_confirm/orbit_links.fits,False,missing,,,0,,0,,,,1,0,0,,{},[],[]
20260622,orbit_obs_residuals,/home/admin/pipeline/xiaoyunao/data/heliolincrr/20260622/rr_links/orbit_confirm/orbit_obs_residuals.fits,False,missing,,,0,,0,,,,1,0,0,,{},[],[]
20260623,known_all,/processed1/20260623/L4/20260623_all_asteroids.fits,False,missing,,,0,,0,,,,1,0,0,,{},[],[]
20260623,known_matched,/processed1/20260623/L4/20260623_matched_asteroids.fits,False,missing,,,0,,0,,,,1,0,0,,{},[],[]
20260623,known_mask15,/processed1/20260623/L4/20260623_matched_asteroids_mask15.fits,False,missing,,,0,,0,,,,1,0,0,,{},[],[]
20260623,unknown_catalog,/processed1/20260623/L4/20260623_unknown_links.fits,False,missing,,,0,,0,,,,1,0,0,,{},[],[]
20260623,orbit_links,/home/admin/pipeline/xiaoyunao/data/heliolincrr/20260623/rr_links/orbit_confirm/orbit_links.fits,False,missing,,,0,,0,,,,1,0,0,,{},[],[]
20260623,orbit_obs_residuals,/home/admin/pipeline/xiaoyunao/data/heliolincrr/20260623/rr_links/orbit_confirm/orbit_obs_residuals.fits,False,missing,,,0,,0,,,,1,0,0,,{},[],[]
20260624,known_all,/processed1/20260624/L4/20260624_all_asteroids.fits,False,missing,,,0,,0,,,,1,0,0,,{},[],[]
20260624,known_matched,/processed1/20260624/L4/20260624_matched_asteroids.fits,False,missing,,,0,,0,,,,1,0,0,,{},[],[]
20260624,known_mask15,/processed1/20260624/L4/20260624_matched_asteroids_mask15.fits,False,missing,,,0,,0,,,,1,0,0,,{},[],[]
20260624,unknown_catalog,/processed1/20260624/L4/20260624_unknown_links.fits,False,missing,,,0,,0,,,,1,0,0,,{},[],[]
20260624,orbit_links,/home/admin/pipeline/xiaoyunao/data/heliolincrr/20260624/rr_links/orbit_confirm/orbit_links.fits,False,missing,,,0,,0,,,,1,0,0,,{},[],[]
20260624,orbit_obs_residuals,/home/admin/pipeline/xiaoyunao/data/heliolincrr/20260624/rr_links/orbit_confirm/orbit_obs_residuals.fits,False,missing,,,0,,0,,,,1,0,0,,{},[],[]
20260625,known_all,/processed1/20260625/L4/20260625_all_asteroids.fits,False,missing,,,0,,0,,,,1,0,0,,{},[],[]
20260625,known_matched,/processed1/20260625/L4/20260625_matched_asteroids.fits,False,missing,,,0,,0,,,,1,0,0,,{},[],[]
20260625,known_mask15,/processed1/20260625/L4/20260625_matched_asteroids_mask15.fits,False,missing,,,0,,0,,,,1,0,0,,{},[],[]
20260625,unknown_catalog,/processed1/20260625/L4/20260625_unknown_links.fits,False,missing,,,0,,0,,,,1,0,0,,{},[],[]
20260625,orbit_links,/home/admin/pipeline/xiaoyunao/data/heliolincrr/20260625/rr_links/orbit_confirm/orbit_links.fits,False,missing,,,0,,0,,,,1,0,0,,{},[],[]
20260625,orbit_obs_residuals,/home/admin/pipeline/xiaoyunao/data/heliolincrr/20260625/rr_links/orbit_confirm/orbit_obs_residuals.fits,False,missing,,,0,,0,,,,1,0,0,,{},[],[]
20260626,known_all,/processed1/20260626/L4/20260626_all_asteroids.fits,False,missing,,,0,,0,,,,1,0,0,,{},[],[]
20260626,known_matched,/processed1/20260626/L4/20260626_matched_asteroids.fits,False,missing,,,0,,0,,,,1,0,0,,{},[],[]
20260626,known_mask15,/processed1/20260626/L4/20260626_matched_asteroids_mask15.fits,False,missing,,,0,,0,,,,1,0,0,,{},[],[]
20260626,unknown_catalog,/processed1/20260626/L4/20260626_unknown_links.fits,False,missing,,,0,,0,,,,1,0,0,,{},[],[]
20260626,orbit_links,/home/admin/pipeline/xiaoyunao/data/heliolincrr/20260626/rr_links/orbit_confirm/orbit_links.fits,False,missing,,,0,,0,,,,1,0,0,,{},[],[]
20260626,orbit_obs_residuals,/home/admin/pipeline/xiaoyunao/data/heliolincrr/20260626/rr_links/orbit_confirm/orbit_obs_residuals.fits,False,missing,,,0,,0,,,,1,0,0,,{},[],[]
20260627,known_all,/processed1/20260627/L4/20260627_all_asteroids.fits,False,missing,,,0,,0,,,,1,0,0,,{},[],[]
20260627,known_matched,/processed1/20260627/L4/20260627_matched_asteroids.fits,False,missing,,,0,,0,,,,1,0,0,,{},[],[]
20260627,known_mask15,/processed1/20260627/L4/20260627_matched_asteroids_mask15.fits,False,missing,,,0,,0,,,,1,0,0,,{},[],[]
20260627,unknown_catalog,/processed1/20260627/L4/20260627_unknown_links.fits,False,missing,,,0,,0,,,,1,0,0,,{},[],[]
20260627,orbit_links,/home/admin/pipeline/xiaoyunao/data/heliolincrr/20260627/rr_links/orbit_confirm/orbit_links.fits,False,missing,,,0,,0,,,,1,0,0,,{},[],[]
20260627,orbit_obs_residuals,/home/admin/pipeline/xiaoyunao/data/heliolincrr/20260627/rr_links/orbit_confirm/orbit_obs_residuals.fits,False,missing,,,0,,0,,,,1,0,0,,{},[],[]
20260628,known_all,/processed1/20260628/L4/20260628_all_asteroids.fits,False,missing,,,0,,0,,,,1,0,0,,{},[],[]
20260628,known_matched,/processed1/20260628/L4/20260628_matched_asteroids.fits,False,missing,,,0,,0,,,,1,0,0,,{},[],[]
20260628,known_mask15,/processed1/20260628/L4/20260628_matched_asteroids_mask15.fits,False,missing,,,0,,0,,,,1,0,0,,{},[],[]
20260628,unknown_catalog,/processed1/20260628/L4/20260628_unknown_links.fits,False,missing,,,0,,0,,,,1,0,0,,{},[],[]
20260628,orbit_links,/home/admin/pipeline/xiaoyunao/data/heliolincrr/20260628/rr_links/orbit_confirm/orbit_links.fits,False,missing,,,0,,0,,,,1,0,0,,{},[],[]
20260628,orbit_obs_residuals,/home/admin/pipeline/xiaoyunao/data/heliolincrr/20260628/rr_links/orbit_confirm/orbit_obs_residuals.fits,False,missing,,,0,,0,,,,1,0,0,,{},[],[]
20260629,known_all,/processed1/20260629/L4/20260629_all_asteroids.fits,False,missing,,,0,,0,,,,1,0,0,,{},[],[]
20260629,known_matched,/processed1/20260629/L4/20260629_matched_asteroids.fits,False,missing,,,0,,0,,,,1,0,0,,{},[],[]
20260629,known_mask15,/processed1/20260629/L4/20260629_matched_asteroids_mask15.fits,False,missing,,,0,,0,,,,1,0,0,,{},[],[]
20260629,unknown_catalog,/processed1/20260629/L4/20260629_unknown_links.fits,False,missing,,,0,,0,,,,1,0,0,,{},[],[]
20260629,orbit_links,/home/admin/pipeline/xiaoyunao/data/heliolincrr/20260629/rr_links/orbit_confirm/orbit_links.fits,False,missing,,,0,,0,,,,1,0,0,,{},[],[]
20260629,orbit_obs_residuals,/home/admin/pipeline/xiaoyunao/data/heliolincrr/20260629/rr_links/orbit_confirm/orbit_obs_residuals.fits,False,missing,,,0,,0,,,,1,0,0,,{},[],[]
20260630,known_all,/processed1/20260630/L4/20260630_all_asteroids.fits,False,missing,,,0,,0,,,,1,0,0,,{},[],[]
20260630,known_matched,/processed1/20260630/L4/20260630_matched_asteroids.fits,False,missing,,,0,,0,,,,1,0,0,,{},[],[]
20260630,known_mask15,/processed1/20260630/L4/20260630_matched_asteroids_mask15.fits,False,missing,,,0,,0,,,,1,0,0,,{},[],[]
20260630,unknown_catalog,/processed1/20260630/L4/20260630_unknown_links.fits,False,missing,,,0,,0,,,,1,0,0,,{},[],[]
20260630,orbit_links,/home/admin/pipeline/xiaoyunao/data/heliolincrr/20260630/rr_links/orbit_confirm/orbit_links.fits,False,missing,,,0,,0,,,,1,0,0,,{},[],[]
20260630,orbit_obs_residuals,/home/admin/pipeline/xiaoyunao/data/heliolincrr/20260630/rr_links/orbit_confirm/orbit_obs_residuals.fits,False,missing,,,0,,0,,,,1,0,0,,{},[],[]
20260701,known_all,/processed1/20260701/L4/20260701_all_asteroids.fits,False,missing,,,0,,0,,,,1,0,0,,{},[],[]
20260701,known_matched,/processed1/20260701/L4/20260701_matched_asteroids.fits,False,missing,,,0,,0,,,,1,0,0,,{},[],[]
20260701,known_mask15,/processed1/20260701/L4/20260701_matched_asteroids_mask15.fits,False,missing,,,0,,0,,,,1,0,0,,{},[],[]
20260701,unknown_catalog,/processed1/20260701/L4/20260701_unknown_links.fits,False,missing,,,0,,0,,,,1,0,0,,{},[],[]
20260701,orbit_links,/home/admin/pipeline/xiaoyunao/data/heliolincrr/20260701/rr_links/orbit_confirm/orbit_links.fits,False,missing,,,0,,0,,,,1,0,0,,{},[],[]
20260701,orbit_obs_residuals,/home/admin/pipeline/xiaoyunao/data/heliolincrr/20260701/rr_links/orbit_confirm/orbit_obs_residuals.fits,False,missing,,,0,,0,,,,1,0,0,,{},[],[]
20260702,known_all,/processed1/20260702/L4/20260702_all_asteroids.fits,False,missing,,,0,,0,,,,1,0,0,,{},[],[]
20260702,known_matched,/processed1/20260702/L4/20260702_matched_asteroids.fits,False,missing,,,0,,0,,,,1,0,0,,{},[],[]
20260702,known_mask15,/processed1/20260702/L4/20260702_matched_asteroids_mask15.fits,False,missing,,,0,,0,,,,1,0,0,,{},[],[]
20260702,unknown_catalog,/processed1/20260702/L4/20260702_unknown_links.fits,False,missing,,,0,,0,,,,1,0,0,,{},[],[]
20260702,orbit_links,/home/admin/pipeline/xiaoyunao/data/heliolincrr/20260702/rr_links/orbit_confirm/orbit_links.fits,False,missing,,,0,,0,,,,1,0,0,,{},[],[]
20260702,orbit_obs_residuals,/home/admin/pipeline/xiaoyunao/data/heliolincrr/20260702/rr_links/orbit_confirm/orbit_obs_residuals.fits,False,missing,,,0,,0,,,,1,0,0,,{},[],[]
20260703,known_all,/processed1/20260703/L4/20260703_all_asteroids.fits,False,missing,,,0,,0,,,,1,0,0,,{},[],[]
20260703,known_matched,/processed1/20260703/L4/20260703_matched_asteroids.fits,False,missing,,,0,,0,,,,1,0,0,,{},[],[]
20260703,known_mask15,/processed1/20260703/L4/20260703_matched_asteroids_mask15.fits,False,missing,,,0,,0,,,,1,0,0,,{},[],[]
20260703,unknown_catalog,/processed1/20260703/L4/20260703_unknown_links.fits,False,missing,,,0,,0,,,,1,0,0,,{},[],[]
20260703,orbit_links,/home/admin/pipeline/xiaoyunao/data/heliolincrr/20260703/rr_links/orbit_confirm/orbit_links.fits,False,missing,,,0,,0,,,,1,0,0,,{},[],[]
20260703,orbit_obs_residuals,/home/admin/pipeline/xiaoyunao/data/heliolincrr/20260703/rr_links/orbit_confirm/orbit_obs_residuals.fits,False,missing,,,0,,0,,,,1,0,0,,{},[],[]
20260704,known_all,/processed1/20260704/L4/20260704_all_asteroids.fits,False,missing,,,0,,0,,,,1,0,0,,{},[],[]
20260704,known_matched,/processed1/20260704/L4/20260704_matched_asteroids.fits,False,missing,,,0,,0,,,,1,0,0,,{},[],[]
20260704,known_mask15,/processed1/20260704/L4/20260704_matched_asteroids_mask15.fits,False,missing,,,0,,0,,,,1,0,0,,{},[],[]
20260704,unknown_catalog,/processed1/20260704/L4/20260704_unknown_links.fits,False,missing,,,0,,0,,,,1,0,0,,{},[],[]
20260704,orbit_links,/home/admin/pipeline/xiaoyunao/data/heliolincrr/20260704/rr_links/orbit_confirm/orbit_links.fits,False,missing,,,0,,0,,,,1,0,0,,{},[],[]
20260704,orbit_obs_residuals,/home/admin/pipeline/xiaoyunao/data/heliolincrr/20260704/rr_links/orbit_confirm/orbit_obs_residuals.fits,False,missing,,,0,,0,,,,1,0,0,,{},[],[]
20260705,known_all,/processed1/20260705/L4/20260705_all_asteroids.fits,False,missing,,,0,,0,,,,1,0,0,,{},[],[]
20260705,known_matched,/processed1/20260705/L4/20260705_matched_asteroids.fits,False,missing,,,0,,0,,,,1,0,0,,{},[],[]
20260705,known_mask15,/processed1/20260705/L4/20260705_matched_asteroids_mask15.fits,False,missing,,,0,,0,,,,1,0,0,,{},[],[]
20260705,unknown_catalog,/processed1/20260705/L4/20260705_unknown_links.fits,False,missing,,,0,,0,,,,1,0,0,,{},[],[]
20260705,orbit_links,/home/admin/pipeline/xiaoyunao/data/heliolincrr/20260705/rr_links/orbit_confirm/orbit_links.fits,False,missing,,,0,,0,,,,1,0,0,,{},[],[]
20260705,orbit_obs_residuals,/home/admin/pipeline/xiaoyunao/data/heliolincrr/20260705/rr_links/orbit_confirm/orbit_obs_residuals.fits,False,missing,,,0,,0,,,,1,0,0,,{},[],[]
20260706,known_all,/processed1/20260706/L4/20260706_all_asteroids.fits,False,missing,,,0,,0,,,,1,0,0,,{},[],[]
20260706,known_matched,/processed1/20260706/L4/20260706_matched_asteroids.fits,False,missing,,,0,,0,,,,1,0,0,,{},[],[]
20260706,known_mask15,/processed1/20260706/L4/20260706_matched_asteroids_mask15.fits,False,missing,,,0,,0,,,,1,0,0,,{},[],[]
20260706,unknown_catalog,/processed1/20260706/L4/20260706_unknown_links.fits,False,missing,,,0,,0,,,,1,0,0,,{},[],[]
20260706,orbit_links,/home/admin/pipeline/xiaoyunao/data/heliolincrr/20260706/rr_links/orbit_confirm/orbit_links.fits,False,missing,,,0,,0,,,,1,0,0,,{},[],[]
20260706,orbit_obs_residuals,/home/admin/pipeline/xiaoyunao/data/heliolincrr/20260706/rr_links/orbit_confirm/orbit_obs_residuals.fits,False,missing,,,0,,0,,,,1,0,0,,{},[],[]
20260707,known_all,/processed1/20260707/L4/20260707_all_asteroids.fits,False,missing,,,0,,0,,,,1,0,0,,{},[],[]
20260707,known_matched,/processed1/20260707/L4/20260707_matched_asteroids.fits,False,missing,,,0,,0,,,,1,0,0,,{},[],[]
20260707,known_mask15,/processed1/20260707/L4/20260707_matched_asteroids_mask15.fits,False,missing,,,0,,0,,,,1,0,0,,{},[],[]
20260707,unknown_catalog,/processed1/20260707/L4/20260707_unknown_links.fits,False,missing,,,0,,0,,,,1,0,0,,{},[],[]
20260707,orbit_links,/home/admin/pipeline/xiaoyunao/data/heliolincrr/20260707/rr_links/orbit_confirm/orbit_links.fits,False,missing,,,0,,0,,,,1,0,0,,{},[],[]
20260707,orbit_obs_residuals,/home/admin/pipeline/xiaoyunao/data/heliolincrr/20260707/rr_links/orbit_confirm/orbit_obs_residuals.fits,False,missing,,,0,,0,,,,1,0,0,,{},[],[]
20260708,known_all,/processed1/20260708/L4/20260708_all_asteroids.fits,False,missing,,,0,,0,,,,1,0,0,,{},[],[]
20260708,known_matched,/processed1/20260708/L4/20260708_matched_asteroids.fits,False,missing,,,0,,0,,,,1,0,0,,{},[],[]
20260708,known_mask15,/processed1/20260708/L4/20260708_matched_asteroids_mask15.fits,False,missing,,,0,,0,,,,1,0,0,,{},[],[]
20260708,unknown_catalog,/processed1/20260708/L4/20260708_unknown_links.fits,False,missing,,,0,,0,,,,1,0,0,,{},[],[]
20260708,orbit_links,/home/admin/pipeline/xiaoyunao/data/heliolincrr/20260708/rr_links/orbit_confirm/orbit_links.fits,False,missing,,,0,,0,,,,1,0,0,,{},[],[]
20260708,orbit_obs_residuals,/home/admin/pipeline/xiaoyunao/data/heliolincrr/20260708/rr_links/orbit_confirm/orbit_obs_residuals.fits,False,missing,,,0,,0,,,,1,0,0,,{},[],[]
20260709,known_all,/processed1/20260709/L4/20260709_all_asteroids.fits,False,missing,,,0,,0,,,,1,0,0,,{},[],[]
20260709,known_matched,/processed1/20260709/L4/20260709_matched_asteroids.fits,False,missing,,,0,,0,,,,1,0,0,,{},[],[]
20260709,known_mask15,/processed1/20260709/L4/20260709_matched_asteroids_mask15.fits,False,missing,,,0,,0,,,,1,0,0,,{},[],[]
20260709,unknown_catalog,/processed1/20260709/L4/20260709_unknown_links.fits,False,missing,,,0,,0,,,,1,0,0,,{},[],[]
20260709,orbit_links,/home/admin/pipeline/xiaoyunao/data/heliolincrr/20260709/rr_links/orbit_confirm/orbit_links.fits,False,missing,,,0,,0,,,,1,0,0,,{},[],[]
20260709,orbit_obs_residuals,/home/admin/pipeline/xiaoyunao/data/heliolincrr/20260709/rr_links/orbit_confirm/orbit_obs_residuals.fits,False,missing,,,0,,0,,,,1,0,0,,{},[],[]
20260710,known_all,/processed1/20260710/L4/20260710_all_asteroids.fits,False,missing,,,0,,0,,,,1,0,0,,{},[],[]
20260710,known_matched,/processed1/20260710/L4/20260710_matched_asteroids.fits,False,missing,,,0,,0,,,,1,0,0,,{},[],[]
20260710,known_mask15,/processed1/20260710/L4/20260710_matched_asteroids_mask15.fits,False,missing,,,0,,0,,,,1,0,0,,{},[],[]
20260710,unknown_catalog,/processed1/20260710/L4/20260710_unknown_links.fits,False,missing,,,0,,0,,,,1,0,0,,{},[],[]
20260710,orbit_links,/home/admin/pipeline/xiaoyunao/data/heliolincrr/20260710/rr_links/orbit_confirm/orbit_links.fits,False,missing,,,0,,0,,,,1,0,0,,{},[],[]
20260710,orbit_obs_residuals,/home/admin/pipeline/xiaoyunao/data/heliolincrr/20260710/rr_links/orbit_confirm/orbit_obs_residuals.fits,False,missing,,,0,,0,,,,1,0,0,,{},[],[]
20260711,known_all,/processed1/20260711/L4/20260711_all_asteroids.fits,False,missing,,,0,,0,,,,1,0,0,,{},[],[]
20260711,known_matched,/processed1/20260711/L4/20260711_matched_asteroids.fits,False,missing,,,0,,0,,,,1,0,0,,{},[],[]
20260711,known_mask15,/processed1/20260711/L4/20260711_matched_asteroids_mask15.fits,False,missing,,,0,,0,,,,1,0,0,,{},[],[]
20260711,unknown_catalog,/processed1/20260711/L4/20260711_unknown_links.fits,False,missing,,,0,,0,,,,1,0,0,,{},[],[]
20260711,orbit_links,/home/admin/pipeline/xiaoyunao/data/heliolincrr/20260711/rr_links/orbit_confirm/orbit_links.fits,False,missing,,,0,,0,,,,1,0,0,,{},[],[]
20260711,orbit_obs_residuals,/home/admin/pipeline/xiaoyunao/data/heliolincrr/20260711/rr_links/orbit_confirm/orbit_obs_residuals.fits,False,missing,,,0,,0,,,,1,0,0,,{},[],[]
20260712,known_all,/processed1/20260712/L4/20260712_all_asteroids.fits,False,missing,,,0,,0,,,,1,0,0,,{},[],[]
20260712,known_matched,/processed1/20260712/L4/20260712_matched_asteroids.fits,False,missing,,,0,,0,,,,1,0,0,,{},[],[]
20260712,known_mask15,/processed1/20260712/L4/20260712_matched_asteroids_mask15.fits,False,missing,,,0,,0,,,,1,0,0,,{},[],[]
20260712,unknown_catalog,/processed1/20260712/L4/20260712_unknown_links.fits,False,missing,,,0,,0,,,,1,0,0,,{},[],[]
20260712,orbit_links,/home/admin/pipeline/xiaoyunao/data/heliolincrr/20260712/rr_links/orbit_confirm/orbit_links.fits,False,missing,,,0,,0,,,,1,0,0,,{},[],[]
20260712,orbit_obs_residuals,/home/admin/pipeline/xiaoyunao/data/heliolincrr/20260712/rr_links/orbit_confirm/orbit_obs_residuals.fits,False,missing,,,0,,0,,,,1,0,0,,{},[],[]
20260713,known_all,/processed1/20260713/L4/20260713_all_asteroids.fits,False,missing,,,0,,0,,,,1,0,0,,{},[],[]
20260713,known_matched,/processed1/20260713/L4/20260713_matched_asteroids.fits,False,missing,,,0,,0,,,,1,0,0,,{},[],[]
20260713,known_mask15,/processed1/20260713/L4/20260713_matched_asteroids_mask15.fits,False,missing,,,0,,0,,,,1,0,0,,{},[],[]
20260713,unknown_catalog,/processed1/20260713/L4/20260713_unknown_links.fits,False,missing,,,0,,0,,,,1,0,0,,{},[],[]
20260713,orbit_links,/home/admin/pipeline/xiaoyunao/data/heliolincrr/20260713/rr_links/orbit_confirm/orbit_links.fits,False,missing,,,0,,0,,,,1,0,0,,{},[],[]
20260713,orbit_obs_residuals,/home/admin/pipeline/xiaoyunao/data/heliolincrr/20260713/rr_links/orbit_confirm/orbit_obs_residuals.fits,False,missing,,,0,,0,,,,1,0,0,,{},[],[]
20260714,known_all,/processed1/20260714/L4/20260714_all_asteroids.fits,False,missing,,,0,,0,,,,1,0,0,,{},[],[]
20260714,known_matched,/processed1/20260714/L4/20260714_matched_asteroids.fits,False,missing,,,0,,0,,,,1,0,0,,{},[],[]
20260714,known_mask15,/processed1/20260714/L4/20260714_matched_asteroids_mask15.fits,False,missing,,,0,,0,,,,1,0,0,,{},[],[]
20260714,unknown_catalog,/processed1/20260714/L4/20260714_unknown_links.fits,False,missing,,,0,,0,,,,1,0,0,,{},[],[]
20260714,orbit_links,/home/admin/pipeline/xiaoyunao/data/heliolincrr/20260714/rr_links/orbit_confirm/orbit_links.fits,False,missing,,,0,,0,,,,1,0,0,,{},[],[]
20260714,orbit_obs_residuals,/home/admin/pipeline/xiaoyunao/data/heliolincrr/20260714/rr_links/orbit_confirm/orbit_obs_residuals.fits,False,missing,,,0,,0,,,,1,0,0,,{},[],[]
20260715,known_all,/processed1/20260715/L4/20260715_all_asteroids.fits,True,ok_with_missing_optional,,,2255040,2026-07-16T01:02:31.443713+00:00,1784163751443712870,5f4f916f98cca0dadb6c8173610074d6a43aef7d49ca22de7bcd7a2ed2a4ad9c,,,1,11465,11465,source_file,"{""asteroid_name"": ""name"", ""asteroid_number"": ""number"", ""epoch_mjd"": ""epoch"", ""pred_dec_deg"": ""dec"", ""pred_geocentric_distance_au"": null, ""pred_heliocentric_distance_au"": null, ""pred_phase_angle_deg"": null, ""pred_ra_deg"": ""ra"", ""pred_solar_elongation_deg"": null, ""pred_v_mag"": ""mag""}",[],"[""pred_heliocentric_distance_au"", ""pred_geocentric_distance_au"", ""pred_solar_elongation_deg"", ""pred_phase_angle_deg""]"
20260715,known_matched,/processed1/20260715/L4/20260715_matched_asteroids.fits,True,ok_with_missing_optional,,,368640,2026-07-16T01:02:31.593710+00:00,1784163751593710129,ac56aa7a773691912ecc03d7cb77aa5d7d7cca6d13e081ee25fba721e7714de1,,,1,442,442,source_file,"{""asteroid_name"": ""name"", ""asteroid_number"": ""number"", ""epoch_mjd"": ""epoch"", ""flag"": ""Flag"", ""flag_iso_num"": ""Flag_ISO_Num"", ""flux_aper4"": ""Flux_Aper4"", ""fluxerr_aper4"": ""FluxErr_Aper4"", ""fwhm_px"": ""FWHM"", ""mag_aper4"": ""Mag_Aper4"", ""mag_aper8"": ""Mag_Aper8"", ""mag_kron"": ""Mag_Kron"", ""mag_psf"": ""Mag_PSF"", ""magerr_aper4"": ""MagErr_Aper4"", ""magerr_aper8"": ""MagErr_Aper8"", ""magerr_kron"": ""MagErr_Kron"", ""magerr_psf"": ""MagErr_PSF"", ""obj_id"": ""objID"", ""obs_dec_err_deg"": ""DECErr_Win"", ""obs_dec_psf_deg"": ""DEC_PSF"", ""obs_dec_win_deg"": ""DEC_Win"", ""obs_ra_err_deg"": ""RAErr_Win"", ""obs_ra_psf_deg"": ""RA_PSF"", ""obs_ra_win_deg"": ""RA_Win"", ""pred_dec_deg"": ""dec"", ""pred_geocentric_distance_au"": null, ""pred_heliocentric_distance_au"": null, ""pred_phase_angle_deg"": null, ""pred_ra_deg"": ""ra"", ""pred_solar_elongation_deg"": null, ""pred_v_mag"": ""mag"", ""x_win_px"": ""X_Win"", ""y_win_px"": ""Y_Win""}",[],"[""pred_heliocentric_distance_au"", ""pred_geocentric_distance_au"", ""pred_solar_elongation_deg"", ""pred_phase_angle_deg""]"
20260715,known_mask15,/processed1/20260715/L4/20260715_matched_asteroids_mask15.fits,True,ok_with_missing_optional,,,380160,2026-07-16T01:02:31.747707+00:00,1784163751747707313,79e7ff3517786cca7e6c92f18fff8de06352e952f25305cb69e95a0de3ad3253,,,1,456,456,source_file,"{""asteroid_name"": ""name"", ""asteroid_number"": ""number"", ""epoch_mjd"": ""epoch"", ""flag"": ""Flag"", ""flag_iso_num"": ""Flag_ISO_Num"", ""flux_aper4"": ""Flux_Aper4"", ""fluxerr_aper4"": ""FluxErr_Aper4"", ""fwhm_px"": ""FWHM"", ""mag_aper4"": ""Mag_Aper4"", ""mag_aper8"": ""Mag_Aper8"", ""mag_kron"": ""Mag_Kron"", ""mag_psf"": ""Mag_PSF"", ""magerr_aper4"": ""MagErr_Aper4"", ""magerr_aper8"": ""MagErr_Aper8"", ""magerr_kron"": ""MagErr_Kron"", ""magerr_psf"": ""MagErr_PSF"", ""obj_id"": ""objID"", ""obs_dec_err_deg"": ""DECErr_Win"", ""obs_dec_psf_deg"": ""DEC_PSF"", ""obs_dec_win_deg"": ""DEC_Win"", ""obs_ra_err_deg"": ""RAErr_Win"", ""obs_ra_psf_deg"": ""RA_PSF"", ""obs_ra_win_deg"": ""RA_Win"", ""pred_dec_deg"": ""dec"", ""pred_geocentric_distance_au"": null, ""pred_heliocentric_distance_au"": null, ""pred_phase_angle_deg"": null, ""pred_ra_deg"": ""ra"", ""pred_solar_elongation_deg"": null, ""pred_v_mag"": ""mag"", ""x_win_px"": ""X_Win"", ""y_win_px"": ""Y_Win""}",[],"[""pred_heliocentric_distance_au"", ""pred_geocentric_distance_au"", ""pred_solar_elongation_deg"", ""pred_phase_angle_deg""]"
20260715,unknown_catalog,/processed1/20260715/L4/20260715_unknown_links.fits,True,ok,,,8640,2026-07-16T01:04:51.849146+00:00,1784163891849146132,ae49cc5e768ea74f2b9233e8e4b56e4db77dd4c3219b06a6ce6ae1d2f558cb89,,,1,0,0,image_names,"{""a_au"": ""a_au"", ""argp_deg"": ""argp_deg"", ""best_v1_kms"": ""best_v1_kms"", ""decs_deg"": ""decs_deg"", ""ecc"": ""ecc"", ""exp_pairs"": ""exp_pairs"", ""fit_ok"": ""fit_ok"", ""groups"": ""groups"", ""image_names"": ""image_names"", ""inc_deg"": ""inc_deg"", ""is_good"": ""is_good"", ""lin_dir_deg"": ""lin_dir_deg"", ""lin_rms_arcsec"": ""lin_rms_arcsec"", ""lin_speed_arcsec_per_day"": ""lin_speed_arcsec_per_day"", ""linkage_id"": ""linkage_id"", ""max_arcsec"": ""max_arcsec"", ""med_arcsec"": ""med_arcsec"", ""mjds"": ""mjds"", ""n_obs"": ""n_obs"", ""n_tracklets"": ""n_tracklets"", ""nu_deg"": ""nu_deg"", ""objids"": ""objids"", ""raan_deg"": ""raan_deg"", ""ras_deg"": ""ras_deg"", ""rms_arcsec"": ""rms_arcsec"", ""tracklet_ids"": ""tracklet_ids"", ""trk_sub"": ""trk_sub""}",[],[]
20260715,orbit_links,/home/admin/pipeline/xiaoyunao/data/heliolincrr/20260715/rr_links/orbit_confirm/orbit_links.fits,True,ok,,,17280,2026-07-16T01:04:47.612101+00:00,1784163887612101249,5601a7b19da97f9dd105f46a6c1130455fcd8c77d76f6cb15773b1b5b33fe34f,,,1,17,17,,"{""a_au"": ""a_au"", ""argp_deg"": ""argp_deg"", ""best_rejected_max_v_kms"": ""best_rejected_max_v_kms"", ""best_v1_kms"": ""best_v1_kms"", ""ecc"": ""ecc"", ""fail_counts"": ""fail_counts"", ""fail_reason"": ""fail_reason"", ""final_max_v_kms"": ""final_max_v_kms"", ""fit_ok"": ""fit_ok"", ""hypo_r_au"": ""hypo_r_au"", ""hypo_rdd_au_day2"": ""hypo_rdd_au_day2"", ""hypo_rdot_au_day"": ""hypo_rdot_au_day"", ""inc_deg"": ""inc_deg"", ""inlier_tracklets"": ""inlier_tracklets"", ""is_good"": ""is_good"", ""lin_dir_deg"": ""lin_dir_deg"", ""lin_rms_arcsec"": ""lin_rms_arcsec"", ""lin_speed_arcsec_per_day"": ""lin_speed_arcsec_per_day"", ""linkage_id"": ""linkage_id"", ""max_arcsec"": ""max_arcsec"", ""med_arcsec"": ""med_arcsec"", ""min_rejected_max_v_kms"": ""min_rejected_max_v_kms"", ""n_nights"": ""n_nights"", ""n_obs"": ""n_obs"", ""n_tracklets"": ""n_tracklets"", ""nu_deg"": ""nu_deg"", ""pred_dec_deg"": ""pred_dec_deg"", ""pred_ra_deg"": ""pred_ra_deg"", ""raan_deg"": ""raan_deg"", ""rejected_tracklets"": ""rejected_tracklets"", ""rms_arcsec"": ""rms_arcsec"", ""seed_max_v_kms"": ""seed_max_v_kms"", ""seed_tracklets"": ""seed_tracklets""}",[],[]
20260715,orbit_obs_residuals,/home/admin/pipeline/xiaoyunao/data/heliolincrr/20260715/rr_links/orbit_confirm/orbit_obs_residuals.fits,True,ok,,,11520,2026-07-16T01:04:47.619742+00:00,1784163887619742166,3d6138e9a0d337d8939d96e13cddd53aa809eec0fd4355680517b189b5f6c298,,,1,51,51,,"{""dec_deg"": ""dec_deg"", ""linkage_id"": ""linkage_id"", ""mjd"": ""mjd"", ""obs_key"": ""obs_key"", ""ra_deg"": ""ra_deg"", ""resid_arcsec"": ""resid_arcsec"", ""tracklet_id"": ""tracklet_id"", ""used"": ""used""}",[],[]
