fit_ok_link_class_counts_all_asteroid_mixed_objects,fit_ok_link_class_counts_all_non_asteroid,fit_ok_link_class_counts_all_same_asteroid,fit_ok_link_class_counts_mixed_with_non_asteroid,is_good_link_class_counts_all_asteroid_mixed_objects,is_good_link_class_counts_all_non_asteroid,is_good_link_class_counts_all_same_asteroid,is_good_link_class_counts_mixed_with_non_asteroid,known_ades_exists,known_ades_mtime_utc,known_ades_rows,known_all_exists,known_all_mtime_utc,known_all_rows,known_mask15_exists,known_mask15_mtime_utc,known_mask15_rows,known_match1_exists,known_match1_mtime_utc,known_match1_rows,known_reply_exists,known_reply_mtime_utc,known_reply_text,known_status_complete,known_status_exists,known_submission_id,link_class_counts_all_asteroid_mixed_objects,link_class_counts_all_non_asteroid,link_class_counts_all_same_asteroid,link_class_counts_mixed_with_non_asteroid,night,requested_known_objects_with_ge_3_detections_linked_fraction,requested_known_objects_with_ge_3_detections_linked_objects,requested_known_objects_with_ge_3_detections_total_objects,requested_links_all_different_known,requested_links_all_non_known,requested_links_all_same_known,requested_links_known_plus_non_known,requested_mask_gaia_known_detection_delete_fraction,requested_mask_gaia_known_detection_fraction_in_masked_catalog,requested_mask_gaia_known_detections_after_mask,requested_mask_gaia_known_detections_deleted,requested_mask_gaia_known_detections_total,requested_mask_gaia_masked_catalog_total_detections,requested_orbit_fit_all_same_known_links,requested_orbit_fit_fit_ok_all_non_known_links,requested_orbit_fit_fit_ok_fraction,requested_orbit_fit_fit_ok_links,requested_orbit_fit_is_good_fraction,requested_orbit_fit_is_good_links,requested_tracklets_all_non_asteroid,requested_tracklets_one_endpoint_known,requested_tracklets_two_endpoints_different_known,requested_tracklets_two_endpoints_same_known,review_blank,review_csv_exists,review_false,review_manifest_exists,review_manifest_mtime_utc,review_manifest_n_catalog_rows,review_manifest_n_gifs_copied,review_manifest_n_gifs_missing,review_manifest_review_ades_rows,review_manifest_review_full_rows,review_mtime_utc,review_real,review_rows,submit_blank,submit_csv_exists,submit_false,submit_mtime_utc,submit_real,submit_rows,summary_exists,summary_links_total,summary_mask_gaia_known_detections,summary_mask_gaia_total_detections,summary_matched_detections_total,summary_member_rows_total,summary_mtime_utc,summary_orbit_fit_ok,summary_orbit_is_good,summary_tracklets_total,unknown_ades_exists,unknown_ades_mtime_utc,unknown_ades_rows,unknown_links_exists,unknown_links_mtime_utc,unknown_links_rows,unknown_reply_exists,unknown_reply_mtime_utc,unknown_reply_text,unknown_submission_id,unknown_validate_reply_exists,unknown_validate_reply_mtime_utc,unknown_validate_reply_text,unknown_validate_submission_id
,,,,,,,,True,2026-03-30T11:09:11.845798+00:00,0,True,2026-03-29T07:49:55.236175+00:00,79486,False,,0,True,2026-03-29T07:49:55.414171+00:00,58,False,,,,False,,,,,,20251115,,,,,,,,,,,,,,,,,,,,,,,,0,False,0,False,,,,,,,,0,0,0,False,0,,0,0,False,,,,,,,,,,False,,0,False,,0,False,,,,False,,,
,11,366,6,,11,366,6,False,,0,True,2026-06-19T06:22:04.819276+00:00,82312,True,2026-06-19T06:22:06.070252+00:00,2885,True,2026-06-19T06:22:05.453264+00:00,2596,False,,,,False,,,11,366,6,20251116,0.6371841155234657,353,554,0,11,366,6,0.14696707105719237,0.010199641085364489,2461,424,2885,241283,366,11,1.0,383,1.0,383,3511,59,0,1153,0,True,11,True,2026-06-19T19:49:37.689525+00:00,11,11,0,33,33,2026-06-20T02:43:27.145141+00:00,0,11,0,True,11,2026-06-20T02:43:27.145141+00:00,0,11,True,383,2461,241283,2885,767,2026-06-19T19:46:46.089373+00:00,383,383,4723,True,2026-06-20T05:00:07.256313+00:00,0,True,2026-06-19T19:46:46.688212+00:00,11,False,,,,False,,,
,72,888,7,,72,888,7,True,2026-03-30T11:09:16.445699+00:00,3884,True,2026-06-19T06:22:53.036355+00:00,82741,True,2026-06-19T06:22:54.442328+00:00,5604,True,2026-06-19T06:22:53.737342+00:00,5297,True,2026-03-30T11:09:30.570395+00:00,[Known-object ADES submission].  Submission ID is 2026-03-30T11:09:29.482_0000BrRR,,False,2026-03-30T11:09:29.482_0000BrRR,,72,888,7,20251118,0.7076271186440678,835,1180,0,72,888,7,0.12009279086366881,0.01707977721126136,4931,673,5604,288704,888,72,1.0,967,1.0,967,22955,46,0,2479,0,True,72,True,2026-06-19T20:07:09.962423+00:00,72,72,0,216,216,2026-06-20T02:51:46.312690+00:00,0,72,0,True,72,2026-06-20T02:51:46.312690+00:00,0,72,True,967,4931,288704,5604,1943,2026-06-19T19:49:57.812990+00:00,967,967,25480,True,2026-06-20T05:00:07.736304+00:00,0,True,2026-06-19T19:49:58.342552+00:00,72,False,,,,False,,,
,64,1407,10,,64,1407,10,True,2026-03-30T11:09:31.191381+00:00,6013,True,2026-06-19T06:23:46.712330+00:00,148809,True,2026-06-19T06:23:49.741272+00:00,8783,True,2026-06-19T06:23:48.089303+00:00,8311,True,2026-03-30T11:09:36.268272+00:00,[Known-object ADES submission].  Submission ID is 2026-03-30T11:09:34.394_0000BrRS,,False,2026-03-30T11:09:34.394_0000BrRS,,76,1407,10,20251119,0.7203208556149733,1347,1870,0,76,1407,10,0.1204599795058636,0.021335181922127276,7725,1058,8783,362078,1407,64,0.9919624916275954,1481,0.9919624916275954,1481,5708,95,0,3707,0,True,64,True,2026-06-19T20:21:38.604115+00:00,64,64,0,192,192,2026-06-20T02:57:38.088162+00:00,0,64,0,True,64,2026-06-20T02:57:38.088162+00:00,0,64,True,1493,7725,362078,8783,2999,2026-06-19T20:07:36.889563+00:00,1481,1481,9510,True,2026-06-20T05:00:08.220294+00:00,0,True,2026-06-19T20:07:37.394327+00:00,64,False,,,,False,,,
,63,1025,10,,63,1025,10,True,2026-03-30T11:09:36.852259+00:00,4667,True,2026-06-19T06:24:52.952064+00:00,97437,True,2026-06-19T06:24:55.042024+00:00,6962,True,2026-06-19T06:24:54.128042+00:00,6587,True,2026-03-30T11:09:43.345119+00:00,[Known-object ADES submission].  Submission ID is 2026-03-30T11:09:41.173_0000BrRT,,False,2026-03-30T11:09:41.173_0000BrRT,,85,1025,10,20251120,0.675207756232687,975,1444,0,85,1025,10,0.13027865555874749,0.01241188178886887,6055,907,6962,487839,1025,63,0.9803571428571428,1098,0.9803571428571428,1098,8319,105,1,2773,0,True,63,True,2026-06-19T20:37:15.737482+00:00,63,63,0,189,189,2026-06-20T03:00:37.891663+00:00,0,63,0,True,63,2026-06-20T03:00:37.891663+00:00,0,63,True,1120,6055,487839,6962,2245,2026-06-19T20:22:14.068662+00:00,1098,1098,11198,True,2026-06-20T05:00:08.700285+00:00,0,True,2026-06-19T20:22:14.603580+00:00,63,False,,,,False,,,
,104,1926,12,,104,1926,12,True,2026-03-30T11:09:44.061104+00:00,9129,True,2026-06-19T06:26:01.585753+00:00,157413,True,2026-06-19T06:26:03.842710+00:00,13333,True,2026-06-19T06:26:02.724731+00:00,12749,True,2026-03-30T11:09:50.387968+00:00,[Known-object ADES submission].  Submission ID is 2026-03-30T11:09:47.665_0000BrRU,,False,2026-03-30T11:09:47.665_0000BrRU,,104,1926,12,20251121,0.6544483985765125,1839,2810,0,104,1926,12,0.1614790369759244,0.020523590196405987,11180,2153,13333,544739,1926,104,1.0,2042,1.0,2042,10316,177,2,5307,0,True,103,True,2026-06-19T21:01:55.647887+00:00,104,104,0,312,312,2026-06-20T03:05:15.656240+00:00,1,104,0,True,103,2026-06-20T03:05:15.656240+00:00,1,104,True,2042,11180,544739,13333,4122,2026-06-19T20:37:59.393297+00:00,2042,2042,15802,True,2026-06-20T05:00:09.725265+00:00,3,True,2026-06-19T20:37:59.957527+00:00,104,True,2026-06-20T05:00:15.549153+00:00,[Unknown-object ADES submission].  Submission ID is 2026-06-20T05:00:14.546_0000C0eY,2026-06-20T05:00:14.546_0000C0eY,False,,,
,11,145,4,,11,145,4,True,2026-03-30T11:09:50.871957+00:00,665,True,2026-06-19T06:26:47.804870+00:00,51778,True,2026-06-19T06:26:49.823831+00:00,1195,True,2026-06-19T06:26:48.793851+00:00,1100,True,2026-03-30T11:10:06.585619+00:00,[Known-object ADES submission].  Submission ID is 2026-03-30T11:09:52.156_0000BrRV,,False,2026-03-30T11:09:52.156_0000BrRV,,32,145,4,20251122,0.6715686274509803,137,204,0,32,145,4,0.19748953974895397,0.007081776425585964,959,236,1195,135418,145,11,0.8839779005524862,160,0.8839779005524862,160,2832,13,0,414,0,True,11,True,2026-06-19T21:04:56.256863+00:00,11,11,0,33,33,2026-06-20T03:05:43.653456+00:00,0,11,0,True,11,2026-06-20T03:05:43.653456+00:00,0,11,True,181,959,135418,1195,364,2026-06-19T21:02:12.231780+00:00,160,160,3259,True,2026-06-20T05:00:16.052144+00:00,0,True,2026-06-19T21:02:12.754825+00:00,11,False,,,,False,,,
,63,302,,,63,302,,True,2026-03-30T11:10:07.086608+00:00,1346,True,2026-06-19T06:27:08.463475+00:00,40088,True,2026-06-19T06:27:09.280459+00:00,1879,True,2026-06-19T06:27:08.875467+00:00,1825,True,2026-03-30T11:10:10.500535+00:00,[Known-object ADES submission].  Submission ID is 2026-03-30T11:10:08.667_0000BrRW,,False,2026-03-30T11:10:08.667_0000BrRW,,63,302,,20251123,0.691747572815534,285,412,0,63,302,0,0.1059073975518893,0.015085800490288516,1680,199,1879,111363,302,63,1.0,365,1.0,365,2127,10,0,722,0,True,63,True,2026-06-19T21:19:32.568540+00:00,63,63,0,189,189,2026-06-20T03:49:36.237317+00:00,0,63,0,True,63,2026-06-20T03:49:36.237317+00:00,0,63,True,365,1680,111363,1879,731,2026-06-19T21:05:09.622951+00:00,365,365,2859,True,2026-06-20T05:00:16.535134+00:00,0,True,2026-06-19T21:05:10.132440+00:00,63,False,,,,False,,,
,14,114,4,,14,114,4,True,2026-03-30T11:10:10.977524+00:00,382,True,2026-06-19T06:27:51.343656+00:00,44622,True,2026-06-19T06:27:52.177640+00:00,1128,True,2026-06-19T06:27:51.706649+00:00,1008,True,2026-03-30T11:10:17.693379+00:00,[Known-object ADES submission].  Submission ID is 2026-03-30T11:10:12.331_0000BrRX,,False,2026-03-30T11:10:12.331_0000BrRX,,15,114,4,20251124,0.7925925925925926,107,135,0,15,114,4,0.1125886524822695,0.012836954012670241,1001,127,1128,77978,114,14,0.9924812030075187,132,0.9924812030075187,132,1670,18,1,307,0,True,13,True,2026-06-19T21:23:08.308817+00:00,14,14,0,42,42,2026-06-20T04:07:39.042387+00:00,1,14,0,True,13,2026-06-20T04:07:39.042387+00:00,1,14,True,133,1001,77978,1128,266,2026-06-19T21:19:44.518749+00:00,132,132,1996,True,2026-06-20T05:02:18.682786+00:00,3,True,2026-06-19T21:19:45.007746+00:00,14,True,2026-06-20T05:02:23.247698+00:00,[Unknown-object ADES submission].  Submission ID is 2026-06-20T05:02:22.435_0000C0ea,2026-06-20T05:02:22.435_0000C0ea,False,,,
,20,212,6,,20,212,6,True,2026-03-30T11:10:18.171369+00:00,826,True,2026-06-19T06:28:17.453157+00:00,63197,True,2026-06-19T06:28:18.885130+00:00,1741,True,2026-06-19T06:28:18.168143+00:00,1595,True,2026-03-30T11:10:22.197282+00:00,[Known-object ADES submission].  Submission ID is 2026-03-30T11:10:19.750_0000BrRY,,False,2026-03-30T11:10:19.750_0000BrRY,,23,212,6,20251125,0.7528089887640449,201,267,0,23,212,6,0.06031016657093624,0.015152076464268515,1636,105,1741,107972,212,20,0.9875518672199171,238,0.9875518672199171,238,2885,41,1,696,0,True,18,True,2026-06-19T21:28:18.524065+00:00,20,20,0,60,60,2026-06-20T04:09:27.852104+00:00,2,20,0,True,18,2026-06-20T04:09:27.852104+00:00,2,20,True,241,1636,107972,1741,482,2026-06-19T21:23:21.366261+00:00,238,238,3623,True,2026-06-20T05:00:48.494520+00:00,6,True,2026-06-19T21:23:21.865609+00:00,20,True,2026-06-20T05:00:54.510404+00:00,[Unknown-object ADES submission].  Submission ID is 2026-06-20T05:00:53.443_0000C0eZ,2026-06-20T05:00:53.443_0000C0eZ,False,,,
,5,249,2,,5,249,2,True,2026-03-30T11:10:22.707271+00:00,1652,True,2026-06-19T06:28:57.024401+00:00,80006,True,2026-06-19T06:28:58.057381+00:00,3032,True,2026-06-19T06:28:57.552391+00:00,2849,True,2026-03-30T11:10:29.823118+00:00,[Known-object ADES submission].  Submission ID is 2026-03-30T11:10:28.387_0000BrRZ,,False,2026-03-30T11:10:28.387_0000BrRZ,,5,249,2,20251127,0.4789579158316633,239,499,0,5,249,2,0.08377308707124011,0.01859313298975972,2778,254,3032,149410,249,5,1.0,256,1.0,256,2037,21,1,1025,0,True,5,True,2026-06-19T21:29:58.430801+00:00,5,5,0,15,15,2026-06-20T04:10:59.790921+00:00,0,5,0,True,5,2026-06-20T04:10:59.790921+00:00,0,5,True,256,2778,149410,3032,513,2026-06-19T21:28:36.097739+00:00,256,256,3084,True,2026-06-20T05:00:55.023394+00:00,0,True,2026-06-19T21:28:36.593606+00:00,5,False,,,,False,,,
,,33,,,,33,,True,2026-03-30T11:10:30.303108+00:00,295,True,2026-06-19T06:29:20.924944+00:00,51802,True,2026-06-19T06:29:21.956925+00:00,1527,True,2026-06-19T06:29:21.440934+00:00,1446,True,2026-03-30T11:10:32.291065+00:00,[Known-object ADES submission].  Submission ID is 2026-03-30T11:10:31.424_0000BrRa,,False,2026-03-30T11:10:31.424_0000BrRa,,,33,,20251128,0.367816091954023,32,87,0,0,33,0,0.08906352324819908,0.024465746196464692,1391,136,1527,56855,33,0,1.0,33,1.0,33,676,10,0,379,0,True,0,True,2026-06-19T21:30:08.720904+00:00,0,0,0,0,0,2026-06-19T21:30:08.720822+00:00,0,0,0,False,0,,0,0,True,33,1391,56855,1527,66,2026-06-19T21:30:06.924617+00:00,33,33,1065,False,,0,True,2026-06-19T21:30:07.416874+00:00,0,False,,,,False,,,
,16,288,,,16,288,,True,2026-03-30T11:10:32.780054+00:00,1057,True,2026-06-19T06:29:52.836335+00:00,51977,True,2026-06-19T06:29:53.624320+00:00,1682,True,2026-06-19T06:29:53.194328+00:00,1643,True,2026-03-30T11:10:36.368977+00:00,[Known-object ADES submission].  Submission ID is 2026-03-30T11:10:35.329_0000BrRb,,False,2026-03-30T11:10:35.329_0000BrRb,,16,288,,20251129,0.8683385579937304,277,319,0,16,288,0,0.07015457788347206,0.0311392505873452,1564,118,1682,50226,288,16,1.0,304,1.0,304,1396,38,0,828,0,True,16,True,2026-06-19T21:34:14.581811+00:00,16,16,0,49,49,2026-06-20T05:03:20.953596+00:00,0,16,0,True,16,2026-06-20T05:03:20.953596+00:00,0,16,True,304,1564,50226,1682,651,2026-06-19T21:30:18.461217+00:00,304,304,2262,True,2026-06-20T05:07:23.913918+00:00,0,True,2026-06-19T21:30:18.908655+00:00,16,False,,,,False,,,
,1,47,,,1,47,,True,2026-03-30T11:10:36.835967+00:00,335,True,2026-06-19T06:30:09.806010+00:00,59293,True,2026-06-19T06:30:10.484998+00:00,569,True,2026-06-19T06:30:10.154004+00:00,524,True,2026-03-30T11:10:40.367891+00:00,[Known-object ADES submission].  Submission ID is 2026-03-30T11:10:39.106_0000BrRc,,False,2026-03-30T11:10:39.106_0000BrRc,,9,47,,20251130,0.5465116279069767,47,86,0,9,47,0,0.13181019332161686,0.01155312331906733,494,75,569,42759,47,1,0.8571428571428571,48,0.8571428571428571,48,773,5,0,220,0,True,1,True,2026-06-19T21:34:43.073420+00:00,1,1,0,3,3,2026-06-20T05:04:07.100322+00:00,0,1,0,True,1,2026-06-20T05:04:07.100322+00:00,0,1,True,56,494,42759,569,155,2026-06-19T21:34:25.874564+00:00,48,48,998,True,2026-06-20T05:07:24.392908+00:00,0,True,2026-06-19T21:34:26.363934+00:00,1,False,,,,False,,,
,,,,,,,,True,2026-03-30T11:10:40.837881+00:00,0,True,2026-06-19T06:30:24.528729+00:00,10843,True,2026-06-19T06:30:25.037719+00:00,473,True,2026-06-19T06:30:24.781724+00:00,443,False,,,,False,,,,,,20251201,,0,0,0,0,0,0,0.13953488372093023,0.013080087414834811,407,66,473,31116,0,0,,0,,0,0,0,0,0,0,True,0,True,2026-06-19T21:34:48.590794+00:00,0,0,0,0,0,2026-06-19T21:34:48.590702+00:00,0,0,0,True,0,2026-06-19T21:34:48.590702+00:00,0,0,True,0,407,31116,473,0,2026-06-19T21:34:46.794999+00:00,0,0,0,True,2026-06-20T05:07:24.873899+00:00,0,True,2026-06-19T21:34:47.294535+00:00,0,False,,,,False,,,
,13,137,1,,13,137,1,True,2026-03-30T11:10:41.304871+00:00,523,True,2026-06-19T06:30:53.930167+00:00,35984,True,2026-06-19T06:30:54.636154+00:00,725,True,2026-06-19T06:30:54.287161+00:00,682,True,2026-03-30T11:10:46.571757+00:00,[Known-object ADES submission].  Submission ID is 2026-03-30T11:10:44.813_0000BrRd,,False,2026-03-30T11:10:44.813_0000BrRd,,13,137,1,20251202,0.8129032258064516,126,155,0,13,137,1,0.07586206896551724,0.012714920104755759,670,55,725,52694,137,13,1.0,151,1.0,151,1170,3,0,329,0,True,13,True,2026-06-19T21:38:14.829487+00:00,13,13,0,39,39,2026-06-20T05:04:39.093990+00:00,0,13,0,True,13,2026-06-20T05:04:39.093990+00:00,0,13,True,151,670,52694,725,302,2026-06-19T21:34:59.202034+00:00,151,151,1502,True,2026-06-20T05:07:25.356890+00:00,0,True,2026-06-19T21:34:59.693298+00:00,13,False,,,,False,,,
,74,554,3,,74,554,3,True,2026-03-30T11:10:47.100746+00:00,2345,True,2026-06-19T06:31:55.924983+00:00,139830,True,2026-06-19T06:31:57.721949+00:00,3526,True,2026-06-19T06:31:56.834965+00:00,3339,True,2026-03-30T11:10:50.349676+00:00,[Known-object ADES submission].  Submission ID is 2026-03-30T11:10:49.238_0000BrRe,,False,2026-03-30T11:10:49.238_0000BrRe,,74,554,3,20251203,0.7333333333333333,539,735,0,74,554,3,0.09954622802041974,0.01827474861428481,3175,351,3526,173737,554,74,1.0,631,1.0,631,3571,21,1,1456,0,True,73,True,2026-06-19T21:57:08.859456+00:00,74,74,0,222,222,2026-06-20T05:08:29.040057+00:00,1,74,0,True,73,2026-06-20T05:08:29.040057+00:00,1,74,True,631,3175,173737,3526,1263,2026-06-19T21:38:42.689722+00:00,631,631,5049,True,2026-06-20T05:12:26.957091+00:00,3,True,2026-06-19T21:38:43.202032+00:00,74,True,2026-06-20T05:12:29.784037+00:00,[Unknown-object ADES submission].  Submission ID is 2026-06-20T05:12:28.993_0000C0ed,2026-06-20T05:12:28.993_0000C0ed,False,,,
,32,317,1,,32,317,1,True,2026-03-30T11:10:50.873665+00:00,1524,True,2026-06-19T06:32:59.571767+00:00,138880,True,2026-06-19T06:33:01.342733+00:00,3036,True,2026-06-19T06:33:00.468750+00:00,2806,True,2026-03-30T11:10:59.226485+00:00,[Known-object ADES submission].  Submission ID is 2026-03-30T11:10:58.204_0000BrRf,,False,2026-03-30T11:10:58.204_0000BrRf,,34,317,1,20251204,0.6392405063291139,303,474,0,34,317,1,0.152832674571805,0.01672769369849828,2572,464,3036,153757,317,32,0.9943181818181818,350,0.9943181818181818,350,4486,16,1,1178,0,True,29,True,2026-06-19T22:06:04.436962+00:00,32,32,0,96,96,2026-06-20T05:18:28.248682+00:00,3,32,0,True,29,2026-06-20T05:18:28.248682+00:00,3,32,True,352,2572,153757,3036,706,2026-06-19T21:57:39.319094+00:00,350,350,5681,True,2026-06-20T05:22:33.030421+00:00,9,True,2026-06-19T21:57:39.832334+00:00,32,True,2026-06-20T05:22:45.937171+00:00,[Unknown-object ADES submission].  Submission ID is 2026-06-20T05:22:44.629_0000C0ee,2026-06-20T05:22:44.629_0000C0ee,False,,,
,19,170,1,,19,170,1,True,2026-03-30T11:10:59.707474+00:00,669,True,2026-06-19T06:33:55.668695+00:00,110931,True,2026-06-19T06:33:57.273664+00:00,1171,True,2026-06-19T06:33:56.469680+00:00,1077,True,2026-03-30T11:11:06.867320+00:00,[Known-object ADES submission].  Submission ID is 2026-03-30T11:11:05.972_0000BrRg,,False,2026-03-30T11:11:05.972_0000BrRg,,24,170,1,20251205,0.7931034482758621,161,203,0,24,170,1,0.13578138343296328,0.009453791325305707,1012,159,1171,107047,170,19,0.9743589743589743,190,0.9743589743589743,190,2173,8,0,468,0,True,19,True,2026-06-19T22:11:37.127003+00:00,19,19,0,57,57,2026-06-20T05:20:58.241201+00:00,0,19,0,True,19,2026-06-20T05:20:58.241201+00:00,0,19,True,195,1012,107047,1171,391,2026-06-19T22:06:35.648290+00:00,190,190,2649,True,2026-06-20T05:22:46.442161+00:00,0,True,2026-06-19T22:06:36.178091+00:00,19,False,,,,False,,,
,41,716,2,,41,716,2,True,2026-03-30T11:21:35.065675+00:00,3281,True,2026-06-19T06:35:04.268384+00:00,137564,True,2026-06-19T06:35:05.829355+00:00,4253,True,2026-06-19T06:35:05.059369+00:00,4144,True,2026-03-30T11:21:39.382581+00:00,[Known-object ADES submission].  Submission ID is 2026-03-30T11:21:37.911_0000BrS1,,False,2026-03-30T11:21:37.911_0000BrS1,,41,716,2,20251206,0.7314715359828142,681,931,0,41,716,2,0.05572537032682812,0.028409131102197886,4016,237,4253,141363,716,41,1.0,759,1.0,759,2849,20,0,1949,0,True,41,True,2026-06-19T22:22:01.837673+00:00,41,41,0,123,123,2026-06-20T05:22:59.668250+00:00,0,41,0,True,41,2026-06-20T05:22:59.668250+00:00,0,41,True,759,4016,141363,4253,1526,2026-06-19T22:12:01.773320+00:00,759,759,4818,True,2026-06-20T05:27:47.093355+00:00,0,True,2026-06-19T22:12:02.270861+00:00,41,False,,,,False,,,
,111,1250,6,,111,1250,6,True,2026-03-30T11:11:13.892169+00:00,4974,True,2026-06-19T06:37:24.566704+00:00,182408,True,2026-06-19T06:37:29.773605+00:00,6561,True,2026-06-19T06:37:26.961659+00:00,6328,True,2026-03-30T11:11:18.239075+00:00,[Known-object ADES submission].  Submission ID is 2026-03-30T11:11:16.882_0000BrRi,,False,2026-03-30T11:11:16.882_0000BrRi,,111,1250,6,20251207,0.8302816901408451,1179,1420,0,111,1250,6,0.06858710562414266,0.024986915704425763,6111,450,6561,244568,1250,111,1.0,1367,1.0,1367,13811,81,3,3276,0,True,109,True,2026-06-19T22:49:06.695640+00:00,111,111,0,333,333,2026-06-20T05:27:43.797260+00:00,2,111,0,True,109,2026-06-20T05:27:43.797260+00:00,2,111,True,1367,6111,244568,6561,2838,2026-06-19T22:22:38.426159+00:00,1367,1367,17171,True,2026-06-20T05:32:48.547533+00:00,6,True,2026-06-19T22:22:38.942697+00:00,111,True,2026-06-20T05:32:57.144367+00:00,[Unknown-object ADES submission].  Submission ID is 2026-06-20T05:32:55.092_0000C0ek,2026-06-20T05:32:55.092_0000C0ek,False,,,
,46,1133,6,,46,1133,6,True,2026-03-30T11:11:18.814063+00:00,4301,True,2026-06-19T06:41:20.282203+00:00,133243,True,2026-06-19T06:41:24.199129+00:00,6183,True,2026-06-19T06:41:22.242166+00:00,6022,True,2026-03-30T11:11:30.578809+00:00,[Known-object ADES submission].  Submission ID is 2026-03-30T11:11:29.332_0000BrRj,,False,2026-03-30T11:11:29.332_0000BrRj,,46,1133,6,20251208,0.8339889850511408,1060,1271,0,46,1133,6,0.06922206048843603,0.024416216950072973,5755,428,6183,235704,1133,46,1.0,1185,1.0,1185,4697,47,5,2864,0,True,43,True,2026-06-19T23:00:56.237244+00:00,46,46,0,138,138,2026-06-20T05:30:07.447016+00:00,3,46,0,True,43,2026-06-20T05:30:07.447016+00:00,3,46,True,1185,5755,235704,6183,2413,2026-06-19T22:49:38.613581+00:00,1185,1185,7613,True,2026-06-20T05:32:59.484322+00:00,9,True,2026-06-19T22:49:39.118710+00:00,46,True,2026-06-20T05:33:16.421995+00:00,[Unknown-object ADES submission].  Submission ID is 2026-06-20T05:33:12.576_0000C0el,2026-06-20T05:33:12.576_0000C0el,False,,,
,82,1155,20,,82,1155,20,True,2026-03-30T11:11:31.162796+00:00,4543,True,2026-06-19T07:03:03.411316+00:00,176099,True,2026-06-19T07:03:05.483277+00:00,6914,True,2026-06-19T07:03:04.461296+00:00,6585,True,2026-03-30T11:11:40.055605+00:00,[Known-object ADES submission].  Submission ID is 2026-03-30T11:11:36.285_0000BrRk,,False,2026-03-30T11:11:36.285_0000BrRk,,82,1155,20,20251209,0.7861818181818182,1081,1375,0,82,1155,20,0.09719409892970785,0.026582515671845188,6242,672,6914,234816,1155,82,1.0,1257,1.0,1257,4826,80,0,3209,0,True,81,True,2026-06-19T23:21:30.639058+00:00,82,82,0,246,246,2026-06-20T05:35:50.527421+00:00,1,82,0,True,81,2026-06-20T05:35:50.527421+00:00,1,82,True,1257,6242,234816,6914,2544,2026-06-19T23:01:31.255420+00:00,1257,1257,8115,True,2026-06-20T05:38:17.707176+00:00,3,True,2026-06-19T23:01:31.771083+00:00,82,True,2026-06-20T05:38:24.580044+00:00,[Unknown-object ADES submission].  Submission ID is 2026-06-20T05:38:22.632_0000C0em,2026-06-20T05:38:22.632_0000C0em,False,,,
,69,1346,11,,69,1346,11,True,2026-03-30T11:11:40.652592+00:00,5324,True,2026-06-19T07:06:08.589779+00:00,133427,True,2026-06-19T07:06:10.441744+00:00,7701,True,2026-06-19T07:06:09.524761+00:00,7375,True,2026-03-30T11:11:45.495488+00:00,[Known-object ADES submission].  Submission ID is 2026-03-30T11:11:43.939_0000BrRl,,False,2026-03-30T11:11:43.939_0000BrRl,,69,1346,11,20251210,0.8115849777211966,1275,1571,0,69,1346,11,0.11284248798857291,0.023479680384912792,6832,869,7701,290975,1346,69,1.0,1426,1.0,1426,4722,78,1,3636,0,True,69,True,2026-06-19T23:38:56.430696+00:00,69,69,0,207,207,2026-06-20T05:39:17.640052+00:00,0,69,0,True,69,2026-06-20T05:39:17.640052+00:00,0,69,True,1426,6832,290975,7701,2936,2026-06-19T23:22:05.892582+00:00,1426,1426,8437,True,2026-06-20T05:43:25.156239+00:00,0,True,2026-06-19T23:22:06.409462+00:00,69,False,,,,False,,,
,43,675,12,,43,675,12,True,2026-03-30T11:11:46.104475+00:00,4706,True,2026-06-19T07:08:49.184711+00:00,157148,True,2026-06-19T07:08:50.878679+00:00,7816,True,2026-06-19T07:08:50.043695+00:00,7344,True,2026-03-30T11:11:52.312341+00:00,[Known-object ADES submission].  Submission ID is 2026-03-30T11:11:49.621_0000BrRm,,False,2026-03-30T11:11:49.621_0000BrRm,,43,675,12,20251213,0.5015360983102919,653,1302,0,43,675,12,0.12743091095189354,0.034186834559781845,6820,996,7816,199492,675,43,1.0,730,1.0,730,2379,86,3,2243,0,True,43,True,2026-06-19T23:50:05.947753+00:00,43,43,0,129,129,2026-06-20T05:40:27.835888+00:00,0,43,0,True,43,2026-06-20T05:40:27.835888+00:00,0,43,True,730,6820,199492,7816,1520,2026-06-19T23:39:24.807176+00:00,730,730,4711,True,2026-06-20T05:43:25.637229+00:00,0,True,2026-06-19T23:39:25.333577+00:00,43,False,,,,False,,,
,51,1258,8,,51,1258,8,True,2026-03-30T11:11:52.913328+00:00,5079,True,2026-06-19T07:26:04.245949+00:00,108319,True,2026-06-19T07:26:05.513924+00:00,7279,True,2026-06-19T07:26:04.889936+00:00,7087,True,2026-03-30T11:12:04.419080+00:00,[Known-object ADES submission].  Submission ID is 2026-03-30T11:12:02.724_0000BrRn,,False,2026-03-30T11:12:02.724_0000BrRn,,51,1258,8,20251214,0.7987967914438503,1195,1496,0,51,1258,8,0.08874845445802995,0.03868901798838104,6633,646,7279,171444,1258,51,1.0,1317,1.0,1317,3047,56,5,3409,0,True,50,True,2026-06-20T00:03:05.350257+00:00,51,51,0,153,153,2026-06-20T05:42:59.337184+00:00,1,51,0,True,50,2026-06-20T05:42:59.337184+00:00,1,51,True,1317,6633,171444,7279,2712,2026-06-19T23:50:27.360070+00:00,1317,1317,6517,True,2026-06-20T05:43:26.859206+00:00,3,True,2026-06-19T23:50:27.884906+00:00,51,True,2026-06-20T05:43:30.040144+00:00,[Unknown-object ADES submission].  Submission ID is 2026-06-20T05:43:29.195_0000C0en,2026-06-20T05:43:29.195_0000C0en,False,,,
,128,1754,11,,128,1754,11,True,2026-03-30T11:12:05.076066+00:00,7290,True,2026-06-19T08:39:26.999803+00:00,165680,True,2026-06-19T08:39:29.046764+00:00,10149,True,2026-06-19T08:39:28.033783+00:00,9771,True,2026-03-30T11:12:09.556969+00:00,[Known-object ADES submission].  Submission ID is 2026-03-30T11:12:07.582_0000BrRo,,False,2026-03-30T11:12:07.582_0000BrRo,,128,1754,11,20251215,0.7819025522041764,1685,2155,0,128,1754,11,0.09606857818504286,0.031349633502486034,9174,975,10149,292635,1754,128,1.0,1893,1.0,1893,5529,142,10,4724,0,True,127,True,2026-06-20T00:33:46.316832+00:00,128,128,0,384,384,2026-06-20T05:47:23.863670+00:00,1,128,0,True,127,2026-06-20T05:47:23.863670+00:00,1,128,True,1893,9174,292635,10149,3912,2026-06-20T00:03:39.967660+00:00,1893,1893,10405,True,2026-06-20T05:48:31.374325+00:00,3,True,2026-06-20T00:03:40.532759+00:00,128,True,2026-06-20T05:48:56.572838+00:00,[Unknown-object ADES submission].  Submission ID is 2026-06-20T05:48:34.039_0000C0eq,2026-06-20T05:48:34.039_0000C0eq,False,,,
,106,1590,10,,106,1590,10,True,2026-03-30T11:12:10.179956+00:00,6655,True,2026-06-19T08:47:36.019461+00:00,154876,True,2026-06-19T08:47:38.037422+00:00,10082,True,2026-06-19T08:47:37.040441+00:00,9635,True,2026-03-30T11:12:17.554797+00:00,[Known-object ADES submission].  Submission ID is 2026-03-30T11:12:14.974_0000BrRp,,False,2026-03-30T11:12:14.974_0000BrRp,,106,1590,10,20251216,0.7740286298568507,1514,1956,0,106,1590,10,0.11148581630628844,0.029423454020515615,8958,1124,10082,304451,1590,106,1.0,1706,1.0,1706,5131,118,4,4347,0,True,105,True,2026-06-20T00:59:37.231812+00:00,106,106,0,318,318,2026-06-20T05:51:59.658332+00:00,1,106,0,True,105,2026-06-20T05:51:59.658332+00:00,1,106,True,1706,8958,304451,10082,3477,2026-06-20T00:34:23.342885+00:00,1706,1706,9600,True,2026-06-20T05:53:57.939007+00:00,3,True,2026-06-20T00:34:23.893528+00:00,106,True,2026-06-20T05:54:04.397880+00:00,[Unknown-object ADES submission].  Submission ID is 2026-06-20T05:54:03.247_0000C0er,2026-06-20T05:54:03.247_0000C0er,False,,,
,47,1128,18,,47,1128,18,True,2026-03-30T11:12:18.154784+00:00,5259,True,2026-06-19T08:56:07.367693+00:00,155643,True,2026-06-19T08:56:09.779647+00:00,8151,True,2026-06-19T08:56:08.782666+00:00,7683,True,2026-03-30T11:12:26.868596+00:00,[Known-object ADES submission].  Submission ID is 2026-03-30T11:12:25.198_0000BrRq,,False,2026-03-30T11:12:25.198_0000BrRq,,47,1128,18,20251217,0.6790352504638218,1098,1617,0,47,1128,18,0.14660777818672555,0.022746595858785367,6956,1195,8151,305804,1128,47,1.0,1193,1.0,1193,6649,104,5,3227,0,True,44,True,2026-06-20T01:12:11.974149+00:00,47,47,0,141,141,2026-06-20T05:54:16.480788+00:00,3,47,0,True,44,2026-06-20T05:54:16.480788+00:00,3,47,True,1193,6956,305804,8151,2434,2026-06-20T01:00:13.071843+00:00,1193,1193,9985,True,2026-06-20T05:59:07.537876+00:00,9,True,2026-06-20T01:00:13.596855+00:00,47,True,2026-06-20T05:59:11.548797+00:00,[Unknown-object ADES submission].  Submission ID is 2026-06-20T05:59:10.666_0000C0es,2026-06-20T05:59:10.666_0000C0es,False,,,
1,20,1224,7,1,20,1224,7,True,2026-03-30T11:12:27.548582+00:00,7810,True,2026-06-19T09:08:01.121068+00:00,198759,True,2026-06-19T09:08:03.463024+00:00,13038,True,2026-06-19T09:08:02.281046+00:00,12405,True,2026-03-30T11:12:34.228438+00:00,[Known-object ADES submission].  Submission ID is 2026-03-30T11:12:30.247_0000BrRr,,False,2026-03-30T11:12:30.247_0000BrRr,1,20,1224,7,20251220,0.4767915309446254,1171,2456,1,20,1224,7,0.13468323362478907,0.02514245982488083,11282,1756,13038,448723,1224,20,1.0,1252,1.0,1252,4105,104,13,3908,0,True,20,True,2026-06-20T01:22:34.139245+00:00,20,20,0,60,60,2026-06-20T05:55:16.791488+00:00,0,20,0,True,20,2026-06-20T05:55:16.791488+00:00,0,20,True,1252,11282,448723,13038,2513,2026-06-20T01:22:02.808086+00:00,1252,1252,8130,True,2026-06-20T05:59:12.040787+00:00,0,True,2026-06-20T01:22:03.328729+00:00,20,False,,,,False,,,
,38,276,2,,38,276,2,True,2026-03-30T11:12:34.715427+00:00,1044,True,2026-06-19T09:13:41.772563+00:00,70546,True,2026-06-19T09:13:42.969540+00:00,2136,True,2026-06-19T09:13:42.382551+00:00,2049,True,2026-03-30T11:12:39.708320+00:00,[Known-object ADES submission].  Submission ID is 2026-03-30T11:12:37.348_0000BrRs,,False,2026-03-30T11:12:37.348_0000BrRs,,38,276,2,20251221,0.8098159509202454,264,326,0,38,276,2,0.062265917602996254,0.010711000834206756,2003,133,2136,187004,276,38,1.0,316,1.0,316,2785,15,0,767,0,True,38,True,2026-06-20T01:31:03.119520+00:00,38,38,0,114,114,2026-06-20T05:56:42.773600+00:00,0,38,0,True,38,2026-06-20T05:56:42.773600+00:00,0,38,True,316,2003,187004,2136,632,2026-06-20T01:23:16.422812+00:00,316,316,3567,True,2026-06-20T05:59:12.538777+00:00,0,True,2026-06-20T01:23:16.924322+00:00,38,False,,,,False,,,
,53,1403,14,,53,1403,14,True,2026-03-30T11:12:40.334306+00:00,6581,True,2026-06-19T09:20:38.433598+00:00,139713,True,2026-06-19T09:20:40.033567+00:00,10573,True,2026-06-19T09:20:39.249582+00:00,10134,True,2026-03-30T11:12:45.840188+00:00,[Known-object ADES submission].  Submission ID is 2026-03-30T11:12:44.356_0000BrRt,,False,2026-03-30T11:12:44.356_0000BrRt,,53,1403,14,20251223,0.6511739338763776,1359,2087,0,53,1403,14,0.12333301806488224,0.030373632711376757,9269,1304,10573,305166,1403,53,1.0,1470,1.0,1470,3169,128,5,3937,0,True,53,True,2026-06-20T01:33:04.534599+00:00,53,53,0,159,159,2026-06-20T05:58:44.120930+00:00,0,53,0,True,53,2026-06-20T05:58:44.120930+00:00,0,53,True,1470,9269,305166,10573,2944,2026-06-20T01:31:34.703099+00:00,1470,1470,7239,True,2026-06-20T05:59:13.025768+00:00,0,True,2026-06-20T01:31:35.302793+00:00,53,False,,,,False,,,
,67,768,6,,67,768,6,True,2026-03-30T11:21:39.934569+00:00,3656,True,2026-06-19T09:27:50.525337+00:00,81282,True,2026-06-19T09:27:52.018309+00:00,5673,True,2026-06-19T09:27:51.272323+00:00,5444,True,2026-03-30T11:21:48.579381+00:00,[Known-object ADES submission].  Submission ID is 2026-03-30T11:21:43.971_0000BrS2,,False,2026-03-30T11:21:43.971_0000BrS2,,67,768,6,20251225,0.6329004329004329,731,1155,0,67,768,6,0.1041776837652036,0.01471427041018707,5082,591,5673,345379,768,67,1.0,841,1.0,841,4958,60,4,2292,0,True,67,True,2026-06-20T01:35:12.530109+00:00,67,67,0,201,201,2026-06-20T06:00:49.216350+00:00,0,67,0,True,67,2026-06-20T06:00:49.216350+00:00,0,67,True,841,5082,345379,5673,1682,2026-06-20T01:33:30.097684+00:00,841,841,7314,True,2026-06-20T06:04:13.661814+00:00,0,True,2026-06-20T01:33:30.627588+00:00,67,False,,,,False,,,
3,366,1348,57,1,276,1348,38,True,2026-03-30T11:12:51.700061+00:00,6223,True,2026-06-19T19:40:53.742953+00:00,157974,True,2026-06-19T19:40:56.512900+00:00,9540,True,2026-06-19T19:40:55.141926+00:00,9133,True,2026-03-30T11:12:55.999969+00:00,[Known-object ADES submission].  Submission ID is 2026-03-30T11:12:54.164_0000BrRv,,False,2026-03-30T11:12:54.164_0000BrRv,3,398,1348,58,20251226,0.7676470588235295,1305,1700,3,398,1348,58,0.11331236897274632,0.015209651898734177,8459,1081,9540,556160,1348,366,0.981737686773658,1774,0.9203099059214167,1663,99979,7378,232,4344,0,False,0,False,,,,,,,,0,0,0,False,0,,0,0,True,1807,8459,556160,9540,4102,2026-06-20T01:36:03.397224+00:00,1774,1663,111933,False,,0,False,,0,False,,,,False,,,
,38,1141,4,,38,1141,4,True,2026-03-30T11:12:56.579956+00:00,4464,True,2026-06-19T09:48:17.885874+00:00,125182,True,2026-06-19T09:48:20.104831+00:00,7006,True,2026-06-19T09:48:18.929853+00:00,6732,True,2026-03-30T11:13:01.782844+00:00,[Known-object ADES submission].  Submission ID is 2026-03-30T11:13:00.117_0000BrRw,,False,2026-03-30T11:13:00.117_0000BrRw,,39,1141,4,20251227,0.7877492877492878,1106,1404,0,39,1141,4,0.09292035398230089,0.016394626793283233,6355,651,7006,387627,1141,38,0.9991554054054054,1183,0.9991554054054054,1183,5254,75,0,3080,0,True,38,True,2026-06-20T01:37:25.491680+00:00,38,38,0,114,114,2026-06-20T06:02:09.488121+00:00,0,38,0,True,38,2026-06-20T06:02:09.488121+00:00,0,38,True,1184,6355,387627,7006,2387,2026-06-20T01:36:36.602267+00:00,1183,1183,8409,True,2026-06-20T06:04:14.141805+00:00,0,True,2026-06-20T01:36:37.144017+00:00,38,False,,,,False,,,
,181,1775,21,,181,1775,21,True,2026-03-30T11:13:02.438830+00:00,8066,True,2026-06-19T09:58:21.984328+00:00,182851,True,2026-06-19T09:58:24.248285+00:00,10545,True,2026-06-19T09:58:23.128306+00:00,10122,True,2026-03-30T11:13:08.547698+00:00,[Known-object ADES submission].  Submission ID is 2026-03-30T11:13:05.359_0000BrRx,,False,2026-03-30T11:13:05.359_0000BrRx,,181,1775,21,20251228,0.8297974927675988,1721,2074,0,181,1775,21,0.08297771455666192,0.0193761170822413,9670,875,10545,499068,1775,181,1.0,1977,1.0,1977,8684,173,5,5529,0,True,181,True,2026-06-20T01:41:51.153522+00:00,181,181,0,544,544,2026-06-20T06:07:48.771365+00:00,0,181,0,True,181,2026-06-20T06:07:48.771365+00:00,0,181,True,1977,9670,499068,10545,5036,2026-06-20T01:37:59.101682+00:00,1977,1977,14391,True,2026-06-20T06:09:14.780851+00:00,0,True,2026-06-20T01:37:59.677436+00:00,181,False,,,,False,,,
,75,1823,7,,75,1823,7,True,2026-03-30T11:13:09.198684+00:00,7261,True,2026-06-19T10:08:13.411033+00:00,181142,True,2026-06-19T10:08:15.566992+00:00,9710,True,2026-06-19T10:08:14.497012+00:00,9371,True,2026-03-30T11:13:14.566569+00:00,[Known-object ADES submission].  Submission ID is 2026-03-30T11:13:12.305_0000BrRy,,False,2026-03-30T11:13:12.305_0000BrRy,,99,1823,7,20251229,0.7855215827338129,1747,2224,0,99,1823,7,0.09073120494335736,0.019336103038280185,8829,881,9710,456607,1823,75,0.9875583203732504,1905,0.9875583203732504,1905,7485,128,2,4664,0,True,75,True,2026-06-20T01:43:52.492970+00:00,75,75,0,225,225,2026-06-20T06:09:35.523474+00:00,0,75,0,True,75,2026-06-20T06:09:35.523474+00:00,0,75,True,1929,8829,456607,9710,3902,2026-06-20T01:42:26.867296+00:00,1905,1905,12279,True,2026-06-20T06:14:15.416005+00:00,0,True,2026-06-20T01:42:27.426308+00:00,75,False,,,,False,,,
,84,546,4,,84,546,4,True,2026-03-30T11:13:15.086557+00:00,2092,True,2026-06-19T10:16:23.299684+00:00,131670,True,2026-06-19T10:16:25.090650+00:00,3461,True,2026-06-19T10:16:24.210667+00:00,3245,True,2026-03-30T11:13:19.345466+00:00,[Known-object ADES submission].  Submission ID is 2026-03-30T11:13:17.926_0000BrRz,,False,2026-03-30T11:13:17.926_0000BrRz,,84,546,4,20251230,0.7764350453172205,514,662,0,84,546,4,0.08350187806992199,0.015149850746268657,3172,289,3461,209375,546,84,1.0,634,1.0,634,6442,46,0,1457,0,True,84,True,2026-06-20T01:45:37.824200+00:00,84,84,0,252,252,2026-06-20T06:13:47.829521+00:00,0,84,0,True,84,2026-06-20T06:13:47.829521+00:00,0,84,True,634,3172,209375,3461,1269,2026-06-20T01:44:20.219080+00:00,634,634,7945,True,2026-06-20T06:14:15.891996+00:00,0,True,2026-06-20T01:44:20.762137+00:00,84,False,,,,False,,,
,41,467,8,,41,467,8,True,2026-03-30T11:13:19.847455+00:00,1763,True,2026-06-19T10:24:57.421881+00:00,113685,True,2026-06-19T10:24:59.221847+00:00,2961,True,2026-06-19T10:24:58.349864+00:00,2777,True,2026-03-30T11:13:23.822369+00:00,[Known-object ADES submission].  Submission ID is 2026-03-30T11:13:21.620_0000BrS0,,False,2026-03-30T11:13:21.620_0000BrS0,,42,467,8,20251231,0.8206521739130435,453,552,0,42,467,8,0.06551840594393786,0.014080135153013974,2767,194,2961,196518,467,41,0.9980657640232108,516,0.9980657640232108,516,4705,37,0,1388,0,True,41,True,2026-06-20T01:46:43.098148+00:00,41,41,0,123,123,2026-06-20T06:15:01.891657+00:00,0,41,0,True,41,2026-06-20T06:15:01.891657+00:00,0,41,True,517,2767,196518,2961,1067,2026-06-20T01:46:10.284875+00:00,516,516,6130,True,2026-06-20T06:19:16.535197+00:00,0,True,2026-06-20T01:46:10.829029+00:00,41,False,,,,False,,,
,30,399,,,30,399,,True,2026-04-01T03:21:58.989571+00:00,1404,True,2026-06-19T10:33:10.573486+00:00,108836,True,2026-06-19T10:33:12.208455+00:00,2355,True,2026-06-19T10:33:11.395471+00:00,2269,True,2026-04-01T03:22:06.936398+00:00,[Known-object ADES submission].  Submission ID is 2026-04-01T03:22:03.340_0000BrXc,,False,2026-04-01T03:22:03.340_0000BrXc,,32,399,,20260101,0.859375,385,448,0,32,399,0,0.05222929936305733,0.016081618537091474,2232,123,2355,138792,399,30,0.9953596287703016,429,0.9953596287703016,429,2694,8,0,1066,0,True,30,True,2026-06-20T01:47:36.360464+00:00,30,30,0,90,90,2026-06-20T06:33:05.673492+00:00,0,30,0,True,30,2026-06-20T06:33:05.673492+00:00,0,30,True,431,2232,138792,2355,863,2026-06-20T01:47:13.851196+00:00,429,429,3768,True,2026-06-20T06:34:17.426821+00:00,0,True,2026-06-20T01:47:14.381811+00:00,30,False,,,,False,,,
1,43,393,4,1,43,393,4,True,2026-04-01T03:22:59.947244+00:00,1493,True,2026-06-19T10:43:11.605030+00:00,188399,True,2026-06-19T10:43:13.655991+00:00,2659,True,2026-06-19T10:43:12.635010+00:00,2451,True,2026-04-01T03:23:02.965178+00:00,[Known-object ADES submission].  Submission ID is 2026-04-01T03:23:01.941_0000BrXd,,False,2026-04-01T03:23:01.941_0000BrXd,1,50,393,4,20260102,0.7876288659793814,382,485,1,50,393,4,0.07822489657766077,0.016633977834936104,2451,208,2659,147349,393,43,0.984375,441,0.984375,441,4786,23,1,1157,0,True,43,True,2026-06-20T01:48:46.562845+00:00,43,43,0,129,129,2026-06-20T06:34:36.480610+00:00,0,43,0,True,43,2026-06-20T06:34:36.480610+00:00,0,43,True,448,2451,147349,2659,908,2026-06-20T01:48:11.050704+00:00,441,441,5967,True,2026-06-20T06:39:17.970024+00:00,0,True,2026-06-20T01:48:11.592716+00:00,43,False,,,,False,,,
,1,73,,,1,73,,True,2026-04-01T03:23:59.867939+00:00,336,True,2026-06-19T10:45:56.632882+00:00,40207,True,2026-06-19T10:45:57.142873+00:00,672,True,2026-06-19T10:45:56.887877+00:00,624,True,2026-04-01T03:24:02.337885+00:00,[Known-object ADES submission].  Submission ID is 2026-04-01T03:24:01.329_0000BrXe,,False,2026-04-01T03:24:01.329_0000BrXe,,6,73,,20260103,0.5964912280701754,68,114,0,6,73,0,0.07142857142857142,0.0195317390759985,624,48,672,31948,73,1,0.9367088607594937,74,0.9367088607594937,74,503,4,0,211,0,True,0,True,2026-06-20T01:48:57.741400+00:00,1,1,0,3,3,2026-06-20T06:34:46.130509+00:00,1,1,0,True,0,2026-06-20T06:34:46.130509+00:00,1,1,True,79,624,31948,672,164,2026-06-20T01:48:55.932017+00:00,74,74,718,True,2026-06-20T06:39:18.770009+00:00,3,True,2026-06-20T01:48:56.459856+00:00,1,True,2026-06-20T06:39:25.443880+00:00,[Unknown-object ADES submission].  Submission ID is 2026-06-20T06:39:24.422_0000C0f6,2026-06-20T06:39:24.422_0000C0f6,False,,,
,64,733,3,,64,733,3,True,2026-04-01T03:25:01.960587+00:00,2852,True,2026-06-19T10:55:34.064869+00:00,131978,True,2026-06-19T10:55:36.091830+00:00,4059,True,2026-06-19T10:55:35.088850+00:00,3863,True,2026-04-01T03:25:05.187516+00:00,[Known-object ADES submission].  Submission ID is 2026-04-01T03:25:04.020_0000BrXf,,False,2026-04-01T03:25:04.020_0000BrXf,,64,733,3,20260104,0.7952218430034129,699,879,0,64,733,3,0.10199556541019955,0.01745104610523292,3645,414,4059,208870,733,64,1.0,800,1.0,800,7404,21,0,1900,0,True,64,True,2026-06-20T01:50:33.811344+00:00,64,64,0,192,192,2026-06-20T06:42:19.820373+00:00,0,64,0,True,64,2026-06-20T06:42:19.820373+00:00,0,64,True,800,3645,208870,4059,1600,2026-06-20T01:49:31.524258+00:00,800,800,9325,True,2026-06-20T06:44:26.058082+00:00,0,True,2026-06-20T01:49:32.072174+00:00,64,False,,,,False,,,
,42,437,1,,42,437,1,True,2026-04-01T03:26:31.948627+00:00,1696,True,2026-06-19T11:04:58.021098+00:00,133598,True,2026-06-19T11:04:59.879063+00:00,3175,True,2026-06-19T11:04:58.952080+00:00,3025,True,2026-04-01T03:26:34.962561+00:00,[Known-object ADES submission].  Submission ID is 2026-04-01T03:26:33.594_0000BrXh,,False,2026-04-01T03:26:33.594_0000BrXh,,61,437,1,20260105,0.7847619047619048,412,525,0,61,437,1,0.08818897637795275,0.013817560472708528,2895,280,3175,209516,437,42,0.9619238476953907,480,0.9619238476953907,480,9466,20,0,1291,0,True,42,True,2026-06-20T01:51:46.828546+00:00,42,42,0,126,126,2026-06-20T06:43:59.826593+00:00,0,42,0,True,42,2026-06-20T06:43:59.826593+00:00,0,42,True,499,2895,209516,3175,1005,2026-06-20T01:51:08.798298+00:00,480,480,10777,True,2026-06-20T06:44:26.542073+00:00,0,True,2026-06-20T01:51:09.344311+00:00,42,False,,,,False,,,
,60,421,15,,60,421,15,True,2026-04-01T03:27:31.957320+00:00,1843,True,2026-06-19T11:13:38.002169+00:00,159380,True,2026-06-19T11:13:39.771135+00:00,3275,True,2026-06-19T11:13:38.898152+00:00,2931,True,2026-04-01T03:27:35.855235+00:00,[Known-object ADES submission].  Submission ID is 2026-04-01T03:27:34.643_0000BrXi,,False,2026-04-01T03:27:34.643_0000BrXi,,60,421,15,20260106,0.6887417218543046,416,604,0,60,421,15,0.16946564885496182,0.012516393254032166,2720,555,3275,217315,421,60,1.0,496,1.0,496,8890,114,1,1265,0,True,60,True,2026-06-20T01:53:21.465911+00:00,60,60,0,180,180,2026-06-20T06:45:42.600183+00:00,0,60,0,True,60,2026-06-20T06:45:42.600183+00:00,0,60,True,496,2720,217315,3275,1021,2026-06-20T01:52:17.170914+00:00,496,496,10270,True,2026-06-20T06:49:27.086286+00:00,0,True,2026-06-20T01:52:17.716995+00:00,60,False,,,,False,,,
,79,1197,11,,79,1197,11,True,2026-04-01T03:28:32.077011+00:00,5105,True,2026-06-19T11:23:01.710417+00:00,147139,True,2026-06-19T11:23:03.756378+00:00,7770,True,2026-06-19T11:23:02.743397+00:00,7352,True,2026-04-01T03:28:35.863928+00:00,[Known-object ADES submission].  Submission ID is 2026-04-01T03:28:34.573_0000BrXj,,False,2026-04-01T03:28:34.573_0000BrXj,,79,1197,11,20260107,0.7204968944099379,1160,1610,0,79,1197,11,0.16036036036036036,0.025688073394495414,6524,1246,7770,253970,1197,79,1.0,1287,1.0,1287,5305,66,3,3213,0,True,79,True,2026-06-20T01:56:19.105007+00:00,79,79,0,237,237,2026-06-20T06:48:05.572288+00:00,0,79,0,True,79,2026-06-20T06:48:05.572288+00:00,0,79,True,1287,6524,253970,7770,2605,2026-06-20T01:53:53.768021+00:00,1287,1287,8587,True,2026-06-20T06:49:27.568276+00:00,0,True,2026-06-20T01:53:54.324126+00:00,79,False,,,,False,,,
,27,430,11,,27,430,11,True,2026-04-01T03:29:32.004708+00:00,2253,True,2026-06-19T11:28:12.868482+00:00,81573,True,2026-06-19T11:28:14.007460+00:00,4234,True,2026-06-19T11:28:13.411471+00:00,3919,True,2026-04-01T03:29:36.334614+00:00,[Known-object ADES submission].  Submission ID is 2026-04-01T03:29:35.232_0000BrXk,,False,2026-04-01T03:29:35.232_0000BrXk,,27,430,11,20260108,0.5937052932761088,415,699,0,27,430,11,0.23145961265942372,0.02725315957420079,3254,980,4234,119399,430,27,1.0,468,1.0,468,2078,55,1,1447,0,True,27,True,2026-06-20T01:58:00.947705+00:00,27,27,0,81,81,2026-06-20T06:49:22.082663+00:00,0,27,0,True,27,2026-06-20T06:49:22.082663+00:00,0,27,True,468,3254,119399,4234,950,2026-06-20T01:56:37.635829+00:00,468,468,3581,True,2026-06-20T06:49:28.046267+00:00,0,True,2026-06-20T01:56:38.179955+00:00,27,False,,,,False,,,
,17,332,4,,17,332,4,True,2026-04-01T03:30:31.889407+00:00,1474,True,2026-06-19T11:33:44.945145+00:00,97433,True,2026-06-19T11:33:46.160122+00:00,3017,True,2026-06-19T11:33:45.566133+00:00,2731,True,2026-04-01T03:30:36.806301+00:00,[Known-object ADES submission].  Submission ID is 2026-04-01T03:30:34.689_0000BrXl,,False,2026-04-01T03:30:34.689_0000BrXl,,17,332,4,20260109,0.7266355140186916,311,428,0,17,332,4,0.14385150812064965,0.015476889522691049,2583,434,3017,166894,332,17,1.0,353,1.0,353,2608,46,2,1140,0,True,17,True,2026-06-20T01:58:38.047067+00:00,17,17,0,51,51,2026-06-20T06:49:51.435295+00:00,0,17,0,True,17,2026-06-20T06:49:51.435295+00:00,0,17,True,353,2583,166894,3017,797,2026-06-20T01:58:20.794911+00:00,353,353,3796,True,2026-06-20T06:54:28.704480+00:00,0,True,2026-06-20T01:58:21.339959+00:00,17,False,,,,False,,,
,29,505,13,,29,505,13,True,2026-04-01T03:31:31.968102+00:00,2563,True,2026-06-19T11:42:02.757645+00:00,134043,True,2026-06-19T11:42:04.467613+00:00,4992,True,2026-06-19T11:42:03.620629+00:00,4516,True,2026-04-01T03:31:35.752020+00:00,[Known-object ADES submission].  Submission ID is 2026-04-01T03:31:33.846_0000BrXm,,False,2026-04-01T03:31:33.846_0000BrXm,,29,505,13,20260110,0.5905325443786982,499,845,0,29,505,13,0.23798076923076922,0.019602891993424475,3804,1188,4992,194053,505,29,1.0,547,1.0,547,4543,67,0,1609,0,True,29,True,2026-06-20T01:59:59.777534+00:00,29,29,0,87,87,2026-06-20T06:50:54.707196+00:00,0,29,0,True,29,2026-06-20T06:50:54.707196+00:00,0,29,True,547,3804,194053,4992,1116,2026-06-20T01:59:04.789596+00:00,547,547,6219,True,2026-06-20T06:54:29.190471+00:00,0,True,2026-06-20T01:59:05.339108+00:00,29,False,,,,False,,,
,378,,,,378,,,True,2026-04-01T03:32:31.818802+00:00,0,True,2026-06-19T11:49:27.036163+00:00,106042,True,2026-06-19T11:49:27.778149+00:00,419,True,2026-06-19T11:49:27.357157+00:00,180,False,,,,False,,,378,,,20260111,0.0,0,1,0,378,0,0,0.9785202863961814,3.585400250181262e-05,9,410,419,251018,0,378,1.0,378,1.0,378,7670,1,0,0,0,False,0,False,,,,,,,,0,0,0,False,0,,0,0,True,378,9,251018,419,765,2026-06-20T02:00:24.815374+00:00,378,378,7671,False,,0,False,,0,False,,,,False,,,
,17,406,17,,17,406,17,True,2026-04-01T03:33:32.013495+00:00,2887,True,2026-06-19T11:56:10.689449+00:00,91060,True,2026-06-19T11:56:11.963424+00:00,5459,True,2026-06-19T11:56:11.334436+00:00,4900,True,2026-04-01T03:33:38.711349+00:00,[Known-object ADES submission].  Submission ID is 2026-04-01T03:33:36.609_0000BrXn,,False,2026-04-01T03:33:36.609_0000BrXn,,18,406,17,20260112,0.4671280276816609,405,867,0,18,406,17,0.3209379007144166,0.024318881082180367,3707,1752,5459,152433,406,17,0.9977324263038548,440,0.9977324263038548,440,3506,127,2,1413,0,True,16,True,2026-06-20T02:02:00.834296+00:00,17,17,0,51,51,2026-06-20T07:07:49.491381+00:00,1,17,0,True,16,2026-06-20T07:07:49.491381+00:00,1,17,True,441,3707,152433,5459,897,2026-06-20T02:00:43.399147+00:00,440,440,5048,True,2026-06-20T07:14:55.539742+00:00,3,True,2026-06-20T02:00:43.942200+00:00,17,True,2026-06-20T07:15:00.548645+00:00,[Unknown-object ADES submission].  Submission ID is 2026-06-20T07:14:59.263_0000C0fR,2026-06-20T07:14:59.263_0000C0fR,False,,,
,62,1082,16,,62,1082,16,True,2026-04-01T03:34:32.157188+00:00,5678,True,2026-06-19T12:05:22.963896+00:00,158086,True,2026-06-19T12:05:24.829860+00:00,10177,True,2026-06-19T12:05:23.914877+00:00,9501,True,2026-04-01T03:34:36.165102+00:00,[Known-object ADES submission].  Submission ID is 2026-04-01T03:34:34.592_0000BrXo,,False,2026-04-01T03:34:34.592_0000BrXo,,62,1082,16,20260114,0.6028735632183908,1049,1740,0,62,1082,16,0.21538763879335757,0.020651057897962826,7985,2192,10177,386663,1082,62,1.0,1160,1.0,1160,6410,144,0,3609,0,True,62,True,2026-06-20T02:05:34.321385+00:00,62,62,0,186,186,2026-06-21T03:58:47.645169+00:00,0,62,0,True,62,2026-06-21T03:58:47.645169+00:00,0,62,True,1160,7985,386663,10177,2345,2026-06-20T02:02:33.117417+00:00,1160,1160,10163,True,2026-06-21T04:01:40.069284+00:00,0,True,2026-06-20T02:02:33.686077+00:00,62,False,,,,False,,,
,47,536,8,,47,536,8,True,2026-04-01T03:35:31.987889+00:00,2749,True,2026-06-19T12:14:25.121544+00:00,151260,True,2026-06-19T12:14:26.924509+00:00,5572,True,2026-06-19T12:14:26.037526+00:00,5072,True,2026-04-01T03:35:35.127821+00:00,[Known-object ADES submission].  Submission ID is 2026-04-01T03:35:34.014_0000BrXp,,False,2026-04-01T03:35:34.014_0000BrXp,,47,536,8,20260115,0.6215895610913404,524,843,0,47,536,8,0.2383345297918162,0.018605548346368322,4244,1328,5572,228104,536,47,1.0,591,1.0,591,3138,56,2,1693,0,True,47,True,2026-06-20T02:07:43.124546+00:00,47,47,0,141,141,2026-06-20T08:23:21.257338+00:00,0,47,0,True,47,2026-06-20T08:23:21.257338+00:00,0,47,True,591,4244,228104,5572,1191,2026-06-20T02:06:04.429666+00:00,591,591,4889,True,2026-06-20T08:25:03.065664+00:00,0,True,2026-06-20T02:06:04.964988+00:00,47,False,,,,False,,,
,41,594,10,,41,594,10,True,2026-04-01T03:36:32.013585+00:00,2780,True,2026-06-19T12:22:20.872459+00:00,139571,True,2026-06-19T12:22:22.620426+00:00,5997,True,2026-06-19T12:22:21.752443+00:00,5521,True,2026-04-01T03:36:35.027520+00:00,[Known-object ADES submission].  Submission ID is 2026-04-01T03:36:33.903_0000BrXq,,False,2026-04-01T03:36:33.903_0000BrXq,,62,594,10,20260116,0.63954802259887,566,885,0,62,594,10,0.16741704185426046,0.017175841678161947,4993,1004,5997,290699,594,41,0.9684684684684685,645,0.9684684684684685,645,4364,67,3,2050,0,True,41,True,2026-06-20T02:09:13.479234+00:00,41,41,0,123,123,2026-06-20T08:24:42.371711+00:00,0,41,0,True,41,2026-06-20T08:24:42.371711+00:00,0,41,True,666,4993,290699,5997,1332,2026-06-20T02:08:12.801375+00:00,645,645,6484,True,2026-06-20T08:25:03.543655+00:00,0,True,2026-06-20T02:08:13.330505+00:00,41,False,,,,False,,,
,22,255,1,,22,255,1,True,2026-04-01T03:37:31.892284+00:00,988,True,2026-06-19T12:27:25.167645+00:00,81235,True,2026-06-19T12:27:26.196625+00:00,1869,True,2026-06-19T12:27:25.679635+00:00,1761,True,2026-04-01T03:37:36.686180+00:00,[Known-object ADES submission].  Submission ID is 2026-04-01T03:37:35.700_0000BrXr,,False,2026-04-01T03:37:35.700_0000BrXr,,30,255,1,20260117,0.7859424920127795,246,313,0,30,255,1,0.1032637774210808,0.020489999510978532,1676,193,1869,81796,255,22,0.972027972027972,278,0.972027972027972,278,1685,9,0,802,0,True,22,True,2026-06-20T02:09:53.781648+00:00,22,22,0,66,66,2026-06-20T08:25:38.010676+00:00,0,22,0,True,22,2026-06-20T08:25:38.010676+00:00,0,22,True,286,1676,81796,1869,574,2026-06-20T02:09:31.045223+00:00,278,278,2496,True,2026-06-20T08:30:04.571868+00:00,0,True,2026-06-20T02:09:31.553994+00:00,22,False,,,,False,,,
,4,70,1,,4,70,1,True,2026-04-01T03:38:31.913981+00:00,1271,True,2026-06-19T12:36:30.191229+00:00,128302,True,2026-06-19T12:36:32.112193+00:00,4081,True,2026-06-19T12:36:31.168211+00:00,3819,True,2026-04-01T03:38:38.031848+00:00,[Known-object ADES submission].  Submission ID is 2026-04-01T03:38:35.886_0000BrXs,,False,2026-04-01T03:38:35.886_0000BrXs,,5,70,1,20260119,0.17,68,400,0,5,70,1,0.13575104141141878,0.013002860850586917,3527,554,4081,271248,70,4,0.9868421052631579,75,0.9868421052631579,75,2287,29,0,703,0,True,4,True,2026-06-20T02:10:32.306567+00:00,4,4,0,12,12,2026-06-20T08:25:50.840890+00:00,0,4,0,True,4,2026-06-20T08:25:50.840890+00:00,0,4,True,76,3527,271248,4081,152,2026-06-20T02:10:26.394553+00:00,75,75,3019,True,2026-06-20T08:30:05.044859+00:00,0,True,2026-06-20T02:10:26.919928+00:00,4,False,,,,False,,,
,11,266,3,,11,266,3,True,2026-04-01T03:39:31.872678+00:00,1636,True,2026-06-19T12:46:26.968817+00:00,91904,True,2026-06-19T12:46:29.004778+00:00,3569,True,2026-06-19T12:46:27.999797+00:00,3279,True,2026-04-01T03:39:36.721573+00:00,[Known-object ADES submission].  Submission ID is 2026-04-01T03:39:34.633_0000BrXt,,False,2026-04-01T03:39:34.633_0000BrXt,,21,266,3,20260120,0.48282442748091603,253,524,0,21,266,3,0.15018212384421406,0.00812940577340588,3033,536,3569,373090,266,11,0.9655172413793104,280,0.9655172413793104,280,2989,28,0,804,0,True,11,True,2026-06-20T02:11:22.603156+00:00,11,11,0,33,33,2026-06-20T08:26:06.105938+00:00,0,11,0,True,11,2026-06-20T08:26:06.105938+00:00,0,11,True,290,3033,373090,3569,580,2026-06-20T02:11:06.587888+00:00,280,280,3821,True,2026-06-20T08:30:05.521850+00:00,0,True,2026-06-20T02:11:07.111154+00:00,11,False,,,,False,,,
,65,1219,5,,65,1219,5,True,2026-04-01T03:40:31.987372+00:00,4906,True,2026-06-19T12:56:24.786383+00:00,132159,True,2026-06-19T12:56:26.960341+00:00,7842,True,2026-06-19T12:56:25.894362+00:00,7455,True,2026-04-01T03:40:39.236215+00:00,[Known-object ADES submission].  Submission ID is 2026-04-01T03:40:35.253_0000BrXu,,False,2026-04-01T03:40:35.253_0000BrXu,,103,1219,5,20260121,0.7535121328224776,1180,1566,0,103,1219,5,0.15314970670747258,0.013943947054574773,6641,1201,7842,476264,1219,65,0.9713639788997739,1289,0.9713639788997739,1289,6358,80,0,3197,0,True,65,True,2026-06-20T02:13:27.409156+00:00,65,65,0,195,195,2026-06-21T04:07:37.873305+00:00,0,65,0,True,65,2026-06-21T04:07:37.873305+00:00,0,65,True,1327,6641,476264,7842,2657,2026-06-20T02:11:56.957232+00:00,1289,1289,9635,True,2026-06-21T04:11:40.759671+00:00,0,True,2026-06-20T02:11:57.488183+00:00,65,False,,,,False,,,
,49,1147,3,,49,1147,3,True,2026-04-01T03:41:32.051068+00:00,4806,True,2026-06-19T13:06:25.293897+00:00,160040,True,2026-06-19T13:06:27.475855+00:00,8253,True,2026-06-19T13:06:26.397876+00:00,7876,True,2026-04-01T03:41:36.283976+00:00,[Known-object ADES submission].  Submission ID is 2026-04-01T03:41:34.220_0000BrXv,,False,2026-04-01T03:41:34.220_0000BrXv,,84,1147,3,20260122,0.7280701754385965,1079,1482,0,84,1147,3,0.12298558100084818,0.014383971351294418,7238,1015,8253,503199,1147,49,0.9716369529983793,1199,0.9716369529983793,1199,7533,99,0,3312,0,True,49,True,2026-06-20T02:14:56.342442+00:00,49,49,0,147,147,2026-06-21T04:10:12.544576+00:00,0,49,0,True,49,2026-06-21T04:10:12.544576+00:00,0,49,True,1234,7238,503199,8253,2471,2026-06-20T02:14:04.421837+00:00,1199,1199,10944,True,2026-06-21T04:11:41.237662+00:00,0,True,2026-06-20T02:14:04.957728+00:00,49,False,,,,False,,,
1,36,1121,5,1,36,1121,5,True,2026-04-01T03:42:32.021765+00:00,4844,True,2026-06-19T13:16:24.067446+00:00,187961,True,2026-06-19T13:16:26.266403+00:00,9837,True,2026-06-19T13:16:25.177424+00:00,9448,True,2026-04-01T03:42:36.250673+00:00,[Known-object ADES submission].  Submission ID is 2026-04-01T03:42:34.996_0000BrXw,,False,2026-04-01T03:42:34.996_0000BrXw,1,73,1121,5,20260123,0.7210386151797603,1083,1502,1,73,1121,5,0.13693199146081123,0.018633376789265067,8490,1347,9837,455634,1121,36,0.9691666666666666,1163,0.9691666666666666,1163,5902,100,1,3682,0,True,36,True,2026-06-20T02:16:09.130863+00:00,36,36,0,108,108,2026-06-21T04:11:09.647241+00:00,0,36,0,True,36,2026-06-21T04:11:09.647241+00:00,0,36,True,1200,8490,455634,9837,2409,2026-06-20T02:15:31.989560+00:00,1163,1163,9685,True,2026-06-21T04:11:41.722652+00:00,0,True,2026-06-20T02:15:32.516042+00:00,36,False,,,,False,,,
,45,867,14,,45,867,14,True,2026-04-01T03:43:32.018462+00:00,4622,True,2026-06-19T13:27:16.166977+00:00,175862,True,2026-06-19T13:27:18.346935+00:00,8396,True,2026-06-19T13:27:17.261956+00:00,7692,True,2026-04-01T03:43:35.814379+00:00,[Known-object ADES submission].  Submission ID is 2026-04-01T03:43:34.209_0000BrXx,,False,2026-04-01T03:43:34.209_0000BrXx,,45,867,14,20260124,0.6004273504273504,843,1404,0,45,867,14,0.25,0.018056069299520857,6297,2099,8396,348747,867,45,1.0,926,1.0,926,5633,157,6,2903,0,True,45,True,2026-06-20T02:19:26.138493+00:00,45,45,0,135,135,2026-06-22T07:18:02.207575+00:00,0,45,0,True,45,2026-06-22T07:18:02.207575+00:00,0,45,True,926,6297,348747,8396,1871,2026-06-20T02:16:42.901956+00:00,926,926,8699,True,2026-06-22T08:38:56.190771+00:00,0,True,2026-06-20T02:16:43.431676+00:00,45,False,,,,False,,,
,55,1207,17,,55,1207,17,True,2026-04-01T03:44:31.989159+00:00,5761,True,2026-06-19T13:37:15.583518+00:00,159664,True,2026-06-19T13:37:17.766476+00:00,8205,True,2026-06-19T13:37:16.682497+00:00,7818,True,2026-04-01T03:44:36.551060+00:00,[Known-object ADES submission].  Submission ID is 2026-04-01T03:44:34.511_0000BrXy,,False,2026-04-01T03:44:34.511_0000BrXy,,55,1207,17,20260126,0.7633333333333333,1145,1500,0,55,1207,17,0.12407068860450944,0.01570177335876378,7187,1018,8205,457719,1207,55,1.0,1279,1.0,1279,6119,128,10,3884,0,True,55,True,2026-06-20T02:21:06.747481+00:00,55,55,0,165,165,2026-06-22T08:33:54.072086+00:00,0,55,0,True,55,2026-06-22T08:33:54.072086+00:00,0,55,True,1279,7187,457719,8205,3401,2026-06-20T02:20:01.372570+00:00,1279,1279,10141,True,2026-06-22T08:38:56.717761+00:00,0,True,2026-06-20T02:20:01.900853+00:00,55,False,,,,False,,,
,4,181,,,4,181,,True,2026-04-01T03:45:31.862859+00:00,998,True,2026-06-19T13:44:29.538223+00:00,112177,True,2026-06-19T13:44:30.959195+00:00,2431,True,2026-06-19T13:44:30.259209+00:00,2287,True,2026-04-01T03:45:38.236720+00:00,[Known-object ADES submission].  Submission ID is 2026-04-01T03:45:34.240_0000BrXz,,False,2026-04-01T03:45:34.240_0000BrXz,,5,181,,20260127,0.5792880258899676,179,309,0,5,181,0,0.24064171122994651,0.015386923615510285,1846,585,2431,119972,181,4,0.9946236559139785,185,0.9946236559139785,185,2674,25,0,671,0,True,4,True,2026-06-20T02:21:46.238974+00:00,4,4,0,12,12,2026-06-22T08:34:10.885304+00:00,0,4,0,True,4,2026-06-22T08:34:10.885304+00:00,0,4,True,186,1846,119972,2431,384,2026-06-20T02:21:31.653555+00:00,185,185,3370,True,2026-06-22T08:38:57.214751+00:00,0,True,2026-06-20T02:21:32.146115+00:00,4,False,,,,False,,,
,,,,,,,,True,2026-04-01T03:46:31.834556+00:00,6,True,2026-06-19T13:45:24.582170+00:00,10597,True,2026-06-19T13:45:24.828166+00:00,162,True,2026-06-19T13:45:24.705168+00:00,128,True,2026-04-01T03:46:34.839491+00:00,[Known-object ADES submission].  Submission ID is 2026-04-01T03:46:33.708_0000BrY0,,False,2026-04-01T03:46:33.708_0000BrY0,,,,,20260128,0.0,0,2,0,0,0,0,0.4074074074074074,0.009700889248181084,96,66,162,9896,0,0,,0,,0,24,0,0,3,0,True,0,True,2026-06-20T02:21:49.969793+00:00,0,0,0,0,0,2026-06-20T02:21:49.969695+00:00,0,0,0,False,0,,0,0,True,0,96,9896,162,0,2026-06-20T02:21:48.963035+00:00,0,0,27,False,,0,True,2026-06-20T02:21:49.456781+00:00,0,False,,,,False,,,
,18,191,,,18,191,,True,2026-04-01T03:47:31.849253+00:00,731,True,2026-06-19T13:51:41.240972+00:00,97949,True,2026-06-19T13:51:42.479948+00:00,1282,True,2026-06-19T13:51:41.865960+00:00,1179,True,2026-04-01T03:47:41.203050+00:00,[Known-object ADES submission].  Submission ID is 2026-04-01T03:47:40.224_0000BrY1,,False,2026-04-01T03:47:40.224_0000BrY1,,18,191,,20260129,0.7947598253275109,182,229,0,18,191,0,0.18954758190327614,0.013459595305334611,1039,243,1282,77194,191,18,1.0,209,1.0,209,2619,3,0,504,0,True,18,True,2026-06-20T02:22:32.770578+00:00,18,18,0,54,54,2026-06-22T08:34:51.746479+00:00,0,18,0,True,18,2026-06-22T08:34:51.746479+00:00,0,18,True,209,1039,77194,1282,422,2026-06-20T02:22:08.110832+00:00,209,209,3126,True,2026-06-22T08:38:57.646743+00:00,0,True,2026-06-20T02:22:08.610413+00:00,18,False,,,,False,,,
,6,206,1,,6,206,1,True,2026-04-01T03:48:31.896949+00:00,708,True,2026-06-19T13:57:41.567086+00:00,99937,True,2026-06-19T13:57:42.848062+00:00,1702,True,2026-06-19T13:57:42.220074+00:00,1631,True,2026-04-01T03:48:34.888884+00:00,[Known-object ADES submission].  Submission ID is 2026-04-01T03:48:33.964_0000BrY2,,False,2026-04-01T03:48:33.964_0000BrY2,,15,206,1,20260131,0.8361344537815126,199,238,0,15,206,1,0.07168037602820211,0.01461014943038911,1580,122,1702,108144,206,6,0.9594594594594594,213,0.9594594594594594,213,1602,8,0,661,0,True,6,True,2026-06-20T02:22:57.773059+00:00,6,6,0,18,18,2026-06-22T08:35:05.390240+00:00,0,6,0,True,6,2026-06-22T08:35:05.390240+00:00,0,6,True,222,1580,108144,1702,447,2026-06-20T02:22:52.276533+00:00,213,213,2271,True,2026-06-22T08:38:58.145733+00:00,0,True,2026-06-20T02:22:52.770562+00:00,6,False,,,,False,,,
,17,115,2,,17,115,2,True,2026-04-01T03:49:31.807648+00:00,463,True,2026-06-19T14:03:10.023810+00:00,100115,True,2026-06-19T14:03:11.175788+00:00,1157,True,2026-06-19T14:03:10.613799+00:00,1066,True,2026-04-01T03:49:34.200596+00:00,[Known-object ADES submission].  Submission ID is 2026-04-01T03:49:33.098_0000BrY3,,False,2026-04-01T03:49:33.098_0000BrY3,,17,115,2,20260201,0.7044025157232704,112,159,0,17,115,2,0.11235955056179775,0.013328488183458139,1027,130,1157,77053,115,17,1.0,134,1.0,134,2686,7,0,351,0,True,17,True,2026-06-20T02:23:26.797687+00:00,17,17,0,51,51,2026-06-22T08:35:31.365632+00:00,0,17,0,True,17,2026-06-22T08:35:31.365632+00:00,0,17,True,134,1027,77053,1157,269,2026-06-20T02:23:15.137716+00:00,134,134,3044,True,2026-06-22T08:38:58.594725+00:00,0,True,2026-06-20T02:23:15.631122+00:00,17,False,,,,False,,,
,54,462,1,,54,462,1,True,2026-04-01T03:50:31.926343+00:00,1868,True,2026-06-19T14:12:46.041802+00:00,169185,True,2026-06-19T14:12:48.065764+00:00,3448,True,2026-06-19T14:12:47.064783+00:00,3216,True,2026-04-01T03:50:40.959147+00:00,[Known-object ADES submission].  Submission ID is 2026-04-01T03:50:38.645_0000BrY4,,False,2026-04-01T03:50:38.645_0000BrY4,,57,462,1,20260202,0.7678883071553229,440,573,0,57,462,1,0.15806264501160092,0.019408583099891023,2903,545,3448,149573,462,54,0.9942307692307693,517,0.9942307692307693,517,6092,21,0,1412,0,True,54,True,2026-06-20T02:24:43.076063+00:00,54,54,0,162,162,2026-06-22T15:36:04.335921+00:00,0,54,0,True,54,2026-06-22T15:36:04.335921+00:00,0,54,True,520,2903,149573,3448,1046,2026-06-20T02:23:56.454721+00:00,517,517,7525,True,2026-06-22T15:38:58.203911+00:00,0,True,2026-06-20T02:23:56.956326+00:00,54,False,,,,False,,,
,14,155,9,,14,155,9,True,2026-04-01T03:51:31.845042+00:00,907,True,2026-06-19T14:19:17.885314+00:00,87895,True,2026-06-19T14:19:19.051292+00:00,2208,True,2026-06-19T14:19:18.472303+00:00,1876,True,2026-04-01T03:51:36.620938+00:00,[Known-object ADES submission].  Submission ID is 2026-04-01T03:51:34.659_0000BrY5,,False,2026-04-01T03:51:34.659_0000BrY5,,14,155,9,20260205,0.4783950617283951,155,324,0,14,155,9,0.365036231884058,0.007008808502554566,1402,806,2208,200034,155,14,1.0,178,1.0,178,3171,55,0,538,0,True,12,True,2026-06-20T02:25:47.968829+00:00,14,14,0,42,42,2026-06-22T15:38:53.721079+00:00,2,14,0,True,12,2026-06-22T15:38:53.721079+00:00,2,14,True,178,1402,200034,2208,357,2026-06-20T02:25:02.461186+00:00,178,178,3764,True,2026-06-22T15:49:33.749703+00:00,6,True,2026-06-20T02:25:02.957054+00:00,14,True,2026-06-22T15:49:45.750475+00:00,[Unknown-object ADES submission].  Submission ID is 2026-06-22T15:49:44.502_0000C10D,2026-06-22T15:49:44.502_0000C10D,False,,,
,14,278,7,,14,278,7,True,2026-04-01T03:52:31.876738+00:00,1497,True,2026-06-19T14:25:05.097679+00:00,74943,True,2026-06-19T14:25:06.174658+00:00,2927,True,2026-06-19T14:25:05.647668+00:00,2574,True,2026-04-01T03:52:36.666634+00:00,[Known-object ADES submission].  Submission ID is 2026-04-01T03:52:34.606_0000BrY6,,False,2026-04-01T03:52:34.606_0000BrY6,,14,278,7,20260206,0.5555555555555556,275,495,0,14,278,7,0.3262726340963444,0.011715570658792916,1972,955,2927,168323,278,14,1.0,299,1.0,299,2354,46,1,872,0,True,13,True,2026-06-20T02:26:52.415322+00:00,14,14,0,42,42,2026-06-22T15:40:37.728119+00:00,1,14,0,True,13,2026-06-22T15:40:37.728119+00:00,1,14,True,299,1972,168323,2927,600,2026-06-20T02:26:03.409809+00:00,299,299,3273,True,2026-06-22T15:44:23.723606+00:00,3,True,2026-06-20T02:26:03.902880+00:00,14,True,2026-06-22T15:44:30.943468+00:00,[Unknown-object ADES submission].  Submission ID is 2026-06-22T15:44:28.804_0000C10B,2026-06-22T15:44:28.804_0000C10B,False,,,
,51,908,18,,51,908,18,True,2026-04-01T03:53:31.885435+00:00,3724,True,2026-06-19T14:35:27.628779+00:00,165113,True,2026-06-19T14:35:29.766739+00:00,6128,True,2026-06-19T14:35:28.706759+00:00,5602,True,2026-04-01T03:53:45.658136+00:00,[Known-object ADES submission].  Submission ID is 2026-04-01T03:53:43.915_0000BrY7,,False,2026-04-01T03:53:43.915_0000BrY7,,51,908,18,20260207,0.717588769611891,869,1211,0,51,908,18,0.19598563968668406,0.014415959084073102,4927,1201,6128,341774,908,51,1.0,977,1.0,977,5520,102,1,2401,0,True,45,True,2026-06-20T02:29:17.121447+00:00,51,51,0,153,153,2026-06-22T15:48:39.923700+00:00,6,51,0,True,45,2026-06-22T15:48:39.923700+00:00,6,51,True,977,4927,341774,6128,1989,2026-06-20T02:27:24.759578+00:00,977,977,8024,True,2026-06-22T15:54:54.290601+00:00,18,True,2026-06-20T02:27:25.270318+00:00,51,True,2026-06-22T15:54:59.405503+00:00,[Unknown-object ADES submission].  Submission ID is 2026-06-22T15:54:58.188_0000C10F,2026-06-22T15:54:58.188_0000C10F,False,,,
,92,1399,13,,92,1399,13,True,2026-04-01T03:54:31.994130+00:00,5735,True,2026-06-19T14:45:53.130823+00:00,178174,True,2026-06-19T14:45:55.308781+00:00,9212,True,2026-06-19T14:45:54.231802+00:00,8683,True,2026-04-01T03:54:37.003021+00:00,[Known-object ADES submission].  Submission ID is 2026-04-01T03:54:34.480_0000BrY8,,False,2026-04-01T03:54:34.480_0000BrY8,,92,1399,13,20260208,0.745819397993311,1338,1794,0,92,1399,13,0.1601172383847156,0.01727591219361883,7737,1475,9212,447849,1399,92,1.0,1504,1.0,1504,7387,103,1,3816,0,True,89,True,2026-06-20T02:33:49.980611+00:00,92,92,0,276,276,2026-06-23T02:25:39.590515+00:00,3,92,0,True,89,2026-06-23T02:25:39.590515+00:00,3,92,True,1504,7737,447849,9212,3047,2026-06-20T02:29:54.241635+00:00,1504,1504,11307,True,2026-06-23T02:30:18.384758+00:00,9,True,2026-06-20T02:29:54.752448+00:00,92,True,2026-06-23T02:30:23.166664+00:00,[Unknown-object ADES submission].  Submission ID is 2026-06-23T02:30:21.495_0000C14C,2026-06-23T02:30:21.495_0000C14C,False,,,
,23,538,6,,23,538,6,True,2026-04-01T03:55:31.874830+00:00,2457,True,2026-06-19T14:49:03.882176+00:00,52862,True,2026-06-19T14:49:04.622162+00:00,4027,True,2026-06-19T14:49:04.262169+00:00,3858,True,2026-04-01T03:55:35.248756+00:00,[Known-object ADES submission].  Submission ID is 2026-04-01T03:55:33.847_0000BrY9,,False,2026-04-01T03:55:33.847_0000BrY9,,23,538,6,20260210,0.6843501326259946,516,754,0,23,538,6,0.1368264216538366,0.021807869905641437,3476,551,4027,159392,538,23,1.0,567,1.0,567,2153,59,1,1661,0,True,22,True,2026-06-20T02:34:52.317845+00:00,23,23,0,69,69,2026-06-23T02:32:00.904504+00:00,1,23,0,True,22,2026-06-23T02:32:00.904504+00:00,1,23,True,567,3476,159392,4027,1144,2026-06-20T02:34:02.896709+00:00,567,567,3874,True,2026-06-23T02:35:24.935728+00:00,3,True,2026-06-20T02:34:03.387673+00:00,23,True,2026-06-23T02:35:28.590656+00:00,[Unknown-object ADES submission].  Submission ID is 2026-06-23T02:35:27.691_0000C14D,2026-06-23T02:35:27.691_0000C14D,False,,,
,81,1467,11,,81,1467,11,True,2026-04-01T03:56:31.919526+00:00,5973,True,2026-06-19T14:57:07.581930+00:00,140230,True,2026-06-19T14:57:09.506893+00:00,9051,True,2026-06-19T14:57:08.557911+00:00,8751,True,2026-04-01T03:56:37.576403+00:00,[Known-object ADES submission].  Submission ID is 2026-04-01T03:56:35.451_0000BrYA,,False,2026-04-01T03:56:35.451_0000BrYA,,81,1467,11,20260211,0.7740516767454645,1408,1819,0,81,1467,11,0.08982432880344714,0.018104579328956996,8238,813,9051,455023,1467,81,1.0,1559,1.0,1559,5990,128,2,4148,0,True,81,True,2026-06-20T02:37:22.155897+00:00,81,81,0,243,243,2026-06-23T02:36:10.520969+00:00,0,81,0,True,81,2026-06-23T02:36:10.520969+00:00,0,81,True,1559,8238,455023,9051,3178,2026-06-20T02:35:23.523653+00:00,1559,1559,10268,True,2026-06-23T02:40:29.216734+00:00,0,True,2026-06-20T02:35:24.049124+00:00,81,False,,,,False,,,
,15,150,4,,15,150,4,True,2026-04-01T03:57:31.862224+00:00,1150,True,2026-06-19T15:02:48.920407+00:00,103689,True,2026-06-19T15:02:50.229382+00:00,5051,True,2026-06-19T15:02:49.587394+00:00,4914,True,2026-04-01T03:57:40.554035+00:00,[Known-object ADES submission].  Submission ID is 2026-04-01T03:57:37.276_0000BrYB,,False,2026-04-01T03:57:37.276_0000BrYB,,15,150,4,20260212,0.4188034188034188,147,351,0,15,150,4,0.12037220352405464,0.016615867910768713,4443,608,5051,267395,150,15,1.0,169,1.0,169,2585,60,2,1582,0,True,15,True,2026-06-20T02:38:07.256256+00:00,15,15,0,45,45,2026-06-23T02:36:54.536161+00:00,0,15,0,True,15,2026-06-23T02:36:54.536161+00:00,0,15,True,169,4443,267395,5051,351,2026-06-20T02:37:45.356058+00:00,169,169,4229,True,2026-06-23T02:40:29.687725+00:00,0,True,2026-06-20T02:37:45.849402+00:00,15,False,,,,False,,,
,107,1485,4,,107,1485,4,True,2026-04-01T03:58:31.905920+00:00,5747,True,2026-06-19T15:10:37.215458+00:00,138501,True,2026-06-19T15:10:39.156421+00:00,8255,True,2026-06-19T15:10:38.262438+00:00,7967,True,2026-04-01T03:58:36.494821+00:00,[Known-object ADES submission].  Submission ID is 2026-04-01T03:58:34.330_0000BrYC,,False,2026-04-01T03:58:34.330_0000BrYC,,107,1485,4,20260213,0.7923894795747062,1416,1787,0,107,1485,4,0.09230769230769231,0.020521626721661232,7493,762,8255,365127,1485,107,1.0,1596,1.0,1596,5571,87,2,3838,0,True,106,True,2026-06-20T02:41:34.816128+00:00,107,107,0,321,321,2026-06-23T08:30:15.062359+00:00,1,107,0,True,106,2026-06-23T08:30:15.062359+00:00,1,107,True,1596,7493,365127,8255,3222,2026-06-20T02:38:35.365083+00:00,1596,1596,9498,True,2026-06-23T08:33:59.093609+00:00,3,True,2026-06-20T02:38:35.881441+00:00,107,True,2026-06-23T08:34:04.268509+00:00,[Unknown-object ADES submission].  Submission ID is 2026-06-23T08:34:03.262_0000C15H,2026-06-23T08:34:03.262_0000C15H,False,,,
,42,1072,15,,42,1072,15,True,2026-04-01T04:00:01.877967+00:00,4275,True,2026-06-19T15:19:23.292408+00:00,150050,True,2026-06-19T15:19:25.301370+00:00,7069,True,2026-06-19T15:19:24.307389+00:00,6753,True,2026-04-01T04:00:05.758882+00:00,[Known-object ADES submission].  Submission ID is 2026-04-01T04:00:04.344_0000BrYD,,False,2026-04-01T04:00:04.344_0000BrYD,,42,1072,15,20260215,0.7703814510097232,1030,1337,0,42,1072,15,0.07525816947234404,0.01889808850908334,6537,532,7069,345908,1072,42,1.0,1129,1.0,1129,4736,79,5,2985,0,True,42,True,2026-06-20T02:42:58.139062+00:00,42,42,0,126,126,2026-06-23T08:32:01.420455+00:00,0,42,0,True,42,2026-06-23T08:32:01.420455+00:00,0,42,True,1129,6537,345908,7069,2258,2026-06-20T02:42:08.302805+00:00,1129,1129,7805,True,2026-06-23T08:34:04.787499+00:00,0,True,2026-06-20T02:42:09.271343+00:00,42,False,,,,False,,,
,70,2098,15,,70,2098,15,True,2026-04-01T04:01:01.972662+00:00,8713,True,2026-06-19T15:28:39.364788+00:00,174240,True,2026-06-19T15:28:41.590745+00:00,12582,True,2026-06-19T15:28:40.487766+00:00,12203,True,2026-04-01T04:01:06.726558+00:00,[Known-object ADES submission].  Submission ID is 2026-04-01T04:01:04.970_0000BrYE,,False,2026-04-01T04:01:04.970_0000BrYE,,70,2098,15,20260216,0.8066612510154346,1986,2462,0,70,2098,15,0.0797170561119059,0.01895570889505521,11579,1003,12582,610845,2098,70,1.0,2183,1.0,2183,7794,234,10,5965,0,True,68,True,2026-06-20T02:45:07.082086+00:00,70,70,0,210,210,2026-06-23T08:35:39.767955+00:00,2,70,0,True,68,2026-06-23T08:35:39.767955+00:00,2,70,True,2183,11579,610845,12582,4593,2026-06-20T02:43:34.943621+00:00,2183,2183,14003,True,2026-06-23T08:39:07.187618+00:00,6,True,2026-06-20T02:43:35.470688+00:00,70,True,2026-06-23T08:39:13.875488+00:00,[Unknown-object ADES submission].  Submission ID is 2026-06-23T08:39:13.084_0000C15N,2026-06-23T08:39:13.084_0000C15N,False,,,
,127,1693,12,,127,1693,12,True,2026-04-01T04:02:01.956359+00:00,6307,True,2026-06-19T15:37:59.437107+00:00,154147,True,2026-06-19T15:38:01.596066+00:00,9704,True,2026-06-19T15:38:00.529086+00:00,9335,True,2026-04-01T04:02:06.374263+00:00,[Known-object ADES submission].  Submission ID is 2026-04-01T04:02:04.411_0000BrYF,,False,2026-04-01T04:02:04.411_0000BrYF,,127,1693,12,20260217,0.7935960591133004,1611,2030,0,127,1693,12,0.07883347073371806,0.017421860839500206,8939,765,9704,513091,1693,127,1.0,1832,1.0,1832,7935,168,4,4438,0,True,127,True,2026-06-20T02:48:36.867362+00:00,127,127,0,381,381,2026-06-23T08:40:53.377652+00:00,0,127,0,True,127,2026-06-23T08:40:53.377652+00:00,0,127,True,1832,8939,513091,9704,3695,2026-06-20T02:45:42.475569+00:00,1832,1832,12545,True,2026-06-23T08:44:14.484719+00:00,0,True,2026-06-20T02:45:42.993235+00:00,127,False,,,,False,,,
,67,1422,13,,67,1422,13,True,2026-04-01T04:03:01.913057+00:00,5487,True,2026-06-19T15:48:04.437576+00:00,161610,True,2026-06-19T15:48:06.606535+00:00,8815,True,2026-06-19T15:48:05.537555+00:00,8367,True,2026-04-01T04:03:05.781973+00:00,[Known-object ADES submission].  Submission ID is 2026-04-01T04:03:04.175_0000BrYG,,False,2026-04-01T04:03:04.175_0000BrYG,,85,1422,13,20260218,0.7552255225522553,1373,1818,0,85,1422,13,0.12943845717526942,0.01508174684126432,7674,1141,8815,508827,1422,67,0.9881578947368421,1502,0.9881578947368421,1502,7223,135,4,3642,0,True,67,True,2026-06-20T02:50:47.162879+00:00,67,67,0,201,201,2026-06-23T08:43:20.820000+00:00,0,67,0,True,67,2026-06-23T08:43:20.820000+00:00,0,67,True,1520,7674,508827,8815,3040,2026-06-20T02:49:14.538889+00:00,1502,1502,11004,True,2026-06-23T08:44:14.985709+00:00,0,True,2026-06-20T02:49:15.037158+00:00,67,False,,,,False,,,
1,91,841,9,1,91,841,9,True,2026-04-01T04:04:01.899754+00:00,3474,True,2026-06-19T15:53:34.667280+00:00,114937,True,2026-06-19T15:53:35.984255+00:00,6211,True,2026-06-19T15:53:35.337267+00:00,6048,True,2026-04-01T04:04:06.413656+00:00,[Known-object ADES submission].  Submission ID is 2026-04-01T04:04:05.094_0000BrYH,,False,2026-04-01T04:04:05.094_0000BrYH,1,91,841,9,20260219,0.7554092191909689,803,1063,1,91,841,9,0.07357913379488006,0.025187792194148236,5754,457,6211,228444,841,91,1.0,942,1.0,942,3566,75,6,2609,0,True,91,True,2026-06-20T02:53:14.824456+00:00,91,91,0,273,273,2026-06-23T08:45:20.774484+00:00,0,91,0,True,91,2026-06-23T08:45:20.774484+00:00,0,91,True,942,5754,228444,6211,1884,2026-06-20T02:51:08.149178+00:00,942,942,6256,True,2026-06-23T08:49:15.513951+00:00,0,True,2026-06-20T02:51:08.640973+00:00,91,False,,,,False,,,
,28,527,3,,28,527,3,False,,0,True,2026-06-19T16:02:40.879866+00:00,126746,True,2026-06-19T16:02:42.697831+00:00,3531,True,2026-06-19T16:02:41.795848+00:00,3305,False,,,,False,,,41,527,3,20260220,0.8213114754098361,501,610,0,41,527,3,0.12715944491645426,0.013630352965110365,3082,449,3531,226113,527,28,0.9772329246935202,558,0.9772329246935202,558,4078,42,0,1426,0,True,28,True,2026-06-20T02:54:30.615489+00:00,28,28,0,84,84,2026-06-23T08:46:13.323667+00:00,0,28,0,True,28,2026-06-23T08:46:13.323667+00:00,0,28,True,571,3082,226113,3531,1144,2026-06-20T02:53:47.413577+00:00,558,558,5546,True,2026-06-23T08:49:16.006941+00:00,0,True,2026-06-20T02:53:47.899910+00:00,28,False,,,,False,,,
,49,1237,9,,49,1237,9,True,2026-04-01T04:06:01.971146+00:00,4574,True,2026-06-19T16:11:18.099993+00:00,145211,True,2026-06-19T16:11:20.054956+00:00,7672,True,2026-06-19T16:11:19.089974+00:00,7286,True,2026-04-01T04:06:09.338986+00:00,[Known-object ADES submission].  Submission ID is 2026-04-01T04:06:06.301_0000BrYJ,,False,2026-04-01T04:06:06.301_0000BrYJ,,49,1237,9,20260222,0.8171667829727843,1171,1433,0,49,1237,9,0.11131386861313869,0.01386787079977219,6818,854,7672,491640,1237,49,1.0,1295,1.0,1295,4922,104,1,3114,0,True,49,True,2026-06-20T02:56:10.343712+00:00,49,49,0,147,147,2026-06-23T08:47:56.024687+00:00,0,49,0,True,49,2026-06-23T08:47:56.024687+00:00,0,49,True,1295,6818,491640,7672,2609,2026-06-20T02:55:02.624941+00:00,1295,1295,8141,True,2026-06-23T08:49:16.489932+00:00,0,True,2026-06-20T02:55:03.211462+00:00,49,False,,,,False,,,
,2,281,1,,2,281,1,True,2026-04-01T04:07:01.806846+00:00,996,True,2026-06-19T16:13:08.624882+00:00,29100,True,2026-06-19T16:13:09.053874+00:00,1986,True,2026-06-19T16:13:08.839878+00:00,1939,True,2026-04-01T04:07:04.319792+00:00,[Known-object ADES submission].  Submission ID is 2026-04-01T04:07:03.365_0000BrYK,,False,2026-04-01T04:07:03.365_0000BrYK,,2,281,1,20260223,0.8863636363636364,273,308,0,2,281,1,0.06042296072507553,0.016120114724074777,1866,120,1986,115756,281,2,1.0,284,1.0,284,754,24,0,658,0,True,2,True,2026-06-20T02:56:21.481114+00:00,2,2,0,6,6,2026-06-23T08:48:05.054724+00:00,0,2,0,True,2,2026-06-23T08:48:05.054724+00:00,0,2,True,284,1866,115756,1986,598,2026-06-20T02:56:18.500374+00:00,284,284,1436,True,2026-06-23T08:49:17.001922+00:00,0,True,2026-06-20T02:56:18.981004+00:00,2,False,,,,False,,,
,,,,,,,,True,2026-04-01T04:08:01.860542+00:00,37,True,2026-06-19T16:14:19.497528+00:00,20538,True,2026-06-19T16:14:19.796523+00:00,442,True,2026-06-19T16:14:19.645525+00:00,426,True,2026-04-01T04:08:05.467463+00:00,[Known-object ADES submission].  Submission ID is 2026-04-01T04:08:02.712_0000BrYL,,False,2026-04-01T04:08:02.712_0000BrYL,,,,,20260224,0.0,0,11,0,0,0,0,0.06787330316742081,0.03549276361130255,412,30,442,11608,0,0,,0,,0,170,1,0,132,0,True,0,True,2026-06-20T02:56:26.158182+00:00,0,0,0,0,0,2026-06-20T02:56:26.158101+00:00,0,0,0,False,0,,0,0,True,0,412,11608,442,0,2026-06-20T02:56:25.194926+00:00,0,0,303,False,,0,True,2026-06-20T02:56:25.647876+00:00,0,False,,,,False,,,
,9,249,3,,9,249,3,True,2026-04-01T04:09:01.847239+00:00,1054,True,2026-06-19T16:18:01.370291+00:00,62213,True,2026-06-19T16:18:02.183275+00:00,1976,True,2026-06-19T16:18:01.784282+00:00,1895,True,2026-04-01T04:09:04.698177+00:00,[Known-object ADES submission].  Submission ID is 2026-04-01T04:09:03.465_0000BrYM,,False,2026-04-01T04:09:03.465_0000BrYM,,9,249,3,20260303,0.7620578778135049,237,311,0,9,249,3,0.08906882591093117,0.020793623288858084,1800,176,1976,86565,249,9,1.0,261,1.0,261,1933,28,1,845,0,True,9,True,2026-06-20T02:56:49.987676+00:00,9,9,0,27,27,2026-06-23T08:48:24.718726+00:00,0,9,0,True,9,2026-06-23T08:48:24.718726+00:00,0,9,True,261,1800,86565,1976,526,2026-06-20T02:56:38.520672+00:00,261,261,2807,True,2026-06-23T08:49:17.449914+00:00,0,True,2026-06-20T02:56:39.010619+00:00,9,False,,,,False,,,
,9,222,1,,9,222,1,True,2026-04-01T04:10:01.828936+00:00,1046,True,2026-06-19T16:24:48.562514+00:00,87107,True,2026-06-19T16:24:49.899488+00:00,2759,True,2026-06-19T16:24:49.238501+00:00,2553,True,2026-04-01T04:10:06.385837+00:00,[Known-object ADES submission].  Submission ID is 2026-04-01T04:10:05.391_0000BrYN,,False,2026-04-01T04:10:05.391_0000BrYN,,12,222,1,20260306,0.675,216,320,0,12,222,1,0.18448713301920985,0.01534192026292642,2250,509,2759,146657,222,9,0.9872340425531915,232,0.9872340425531915,232,2312,16,0,969,0,True,9,True,2026-06-20T02:57:29.710679+00:00,9,9,0,27,27,2026-06-23T08:48:38.756652+00:00,0,9,0,True,9,2026-06-23T08:48:38.756652+00:00,0,9,True,235,2250,146657,2759,475,2026-06-20T02:57:10.142399+00:00,232,232,3297,True,2026-06-23T08:49:17.882905+00:00,0,True,2026-06-20T02:57:10.629011+00:00,9,False,,,,False,,,
,15,224,1,,15,224,1,True,2026-04-01T04:11:01.849632+00:00,884,True,2026-06-19T16:29:58.363600+00:00,52060,True,2026-06-19T16:29:59.411580+00:00,1732,True,2026-06-19T16:29:58.890590+00:00,1619,True,2026-04-01T04:11:07.604507+00:00,[Known-object ADES submission].  Submission ID is 2026-04-01T04:11:06.345_0000BrYP,,False,2026-04-01T04:11:06.345_0000BrYP,,17,224,1,20260308,0.7712177121771218,209,271,0,17,224,1,0.15011547344110854,0.011164032399963596,1472,260,1732,131852,224,15,0.9917355371900827,240,0.9917355371900827,240,2553,8,0,637,0,True,15,True,2026-06-20T02:58:24.295904+00:00,15,15,0,45,45,2026-06-23T08:49:08.504811+00:00,0,15,0,True,15,2026-06-23T08:49:08.504811+00:00,0,15,True,242,1472,131852,1732,494,2026-06-20T02:57:45.292461+00:00,240,240,3198,True,2026-06-23T08:49:18.356896+00:00,0,True,2026-06-20T02:57:45.781335+00:00,15,False,,,,False,,,
,8,207,1,,8,207,1,True,2026-04-01T04:12:01.836329+00:00,819,True,2026-06-19T16:33:27.788602+00:00,61796,True,2026-06-19T16:33:28.625587+00:00,1136,True,2026-06-19T16:33:28.216594+00:00,1087,True,2026-04-01T04:12:12.347101+00:00,[Known-object ADES submission].  Submission ID is 2026-04-01T04:12:05.163_0000BrYQ,,False,2026-04-01T04:12:05.163_0000BrYQ,,8,207,1,20260309,0.8778280542986425,194,221,0,8,207,1,0.07130281690140845,0.020746072011484082,1055,81,1136,50853,207,8,1.0,216,1.0,216,825,9,0,590,0,True,7,True,2026-06-20T02:58:44.484412+00:00,8,8,0,25,25,2026-06-23T08:49:54.055642+00:00,1,8,0,True,7,2026-06-23T08:49:54.055642+00:00,1,8,True,216,1055,50853,1136,535,2026-06-20T02:58:37.010190+00:00,216,216,1424,True,2026-06-23T08:54:19.626123+00:00,4,True,2026-06-20T02:58:37.498340+00:00,8,True,2026-06-23T08:54:26.276996+00:00,[Unknown-object ADES submission].  Submission ID is 2026-06-23T08:54:23.288_0000C15U,2026-06-23T08:54:23.288_0000C15U,False,,,
,87,1268,5,,87,1268,5,True,2026-04-01T04:13:01.859025+00:00,4934,True,2026-06-19T16:42:05.315722+00:00,137732,True,2026-06-19T16:42:07.323684+00:00,6965,True,2026-06-19T16:42:06.335702+00:00,6791,True,2026-04-01T04:13:15.252734+00:00,[Known-object ADES submission].  Submission ID is 2026-04-01T04:13:05.603_0000BrYR,,False,2026-04-01T04:13:05.603_0000BrYR,,87,1268,5,20260310,0.811193526635199,1203,1483,0,87,1268,5,0.08485283560660445,0.016663355258342134,6374,591,6965,382516,1268,87,1.0,1360,1.0,1360,5782,64,1,3366,0,True,85,True,2026-06-20T03:00:50.187303+00:00,87,87,0,261,261,2026-06-23T08:54:02.160406+00:00,2,87,0,True,85,2026-06-23T08:54:02.160406+00:00,2,87,True,1360,6374,382516,6965,2778,2026-06-20T02:59:15.681436+00:00,1360,1360,9213,True,2026-06-23T08:54:28.143960+00:00,6,True,2026-06-20T02:59:16.204596+00:00,87,True,2026-06-23T08:54:35.533818+00:00,[Unknown-object ADES submission].  Submission ID is 2026-06-23T08:54:33.441_0000C15V,2026-06-23T08:54:33.441_0000C15V,False,,,
,69,1291,7,,69,1291,7,True,2026-04-01T04:14:01.888721+00:00,5090,True,2026-06-19T16:49:42.881981+00:00,128380,True,2026-06-19T16:49:44.712946+00:00,7119,True,2026-06-19T16:49:43.807963+00:00,6973,True,2026-04-01T04:14:08.066587+00:00,[Known-object ADES submission].  Submission ID is 2026-04-01T04:14:06.549_0000BrYS,,False,2026-04-01T04:14:06.549_0000BrYS,,69,1291,7,20260311,0.8081740276862228,1226,1517,0,69,1291,7,0.10071639275179098,0.018248206391147825,6402,717,7119,350829,1291,69,1.0,1367,1.0,1367,5559,64,1,3407,0,True,68,True,2026-06-20T03:02:27.299323+00:00,69,69,0,207,207,2026-06-23T08:56:11.837205+00:00,1,69,0,True,68,2026-06-23T08:56:11.837205+00:00,1,69,True,1367,6402,350829,7119,2751,2026-06-20T03:01:20.944086+00:00,1367,1367,9031,True,2026-06-23T08:59:36.751015+00:00,3,True,2026-06-20T03:01:21.461191+00:00,69,True,2026-06-23T08:59:43.022894+00:00,[Unknown-object ADES submission].  Submission ID is 2026-06-23T08:59:42.236_0000C15Z,2026-06-23T08:59:42.236_0000C15Z,False,,,
,5,306,,,5,306,,True,2026-04-01T04:15:01.753421+00:00,1308,True,2026-06-19T16:52:17.607025+00:00,54901,True,2026-06-19T16:52:18.257013+00:00,2284,True,2026-06-19T16:52:17.939019+00:00,2244,True,2026-04-01T04:15:04.706357+00:00,[Known-object ADES submission].  Submission ID is 2026-04-01T04:15:03.417_0000BrYT,,False,2026-04-01T04:15:03.417_0000BrYT,,5,306,,20260315,0.7381546134663342,296,401,0,5,306,0,0.06436077057793345,0.026167560551514705,2137,147,2284,81666,306,5,1.0,311,1.0,311,1185,12,1,969,0,True,5,True,2026-06-20T03:02:43.591866+00:00,5,5,0,15,15,2026-06-23T08:56:44.486100+00:00,0,5,0,True,5,2026-06-23T08:56:44.486100+00:00,0,5,True,311,2137,81666,2284,622,2026-06-20T03:02:38.527488+00:00,311,311,2167,True,2026-06-23T08:59:43.500884+00:00,0,True,2026-06-20T03:02:39.020706+00:00,5,False,,,,False,,,
,16,361,3,,16,361,3,True,2026-04-01T04:16:01.805116+00:00,1391,True,2026-06-19T16:55:05.784812+00:00,61342,True,2026-06-19T16:55:06.499799+00:00,2539,True,2026-06-19T16:55:06.153805+00:00,2477,True,2026-04-01T04:16:05.343040+00:00,[Known-object ADES submission].  Submission ID is 2026-04-01T04:16:04.314_0000BrYU,,False,2026-04-01T04:16:04.314_0000BrYU,,16,361,3,20260316,0.8203309692671394,347,423,0,16,361,3,0.05080740448995667,0.02490312580728494,2410,129,2539,96775,361,16,1.0,380,1.0,380,1192,32,2,1109,0,True,16,True,2026-06-20T03:03:06.538366+00:00,16,16,0,48,48,2026-06-23T08:57:05.051780+00:00,0,16,0,True,16,2026-06-23T08:57:05.051780+00:00,0,16,True,380,2410,96775,2539,771,2026-06-20T03:02:53.330348+00:00,380,380,2335,True,2026-06-23T08:59:43.940876+00:00,0,True,2026-06-20T03:02:53.820423+00:00,16,False,,,,False,,,
,18,629,,,18,629,,True,2026-04-01T04:17:01.850812+00:00,2239,True,2026-06-19T16:57:05.744521+00:00,43773,True,2026-06-19T16:57:06.291510+00:00,3390,True,2026-06-19T16:57:06.019516+00:00,3318,True,2026-04-01T04:18:12.190284+00:00,[Known-object ADES submission].  Submission ID is 2026-04-01T04:18:10.532_0000BrYV,,False,2026-04-01T04:18:10.532_0000BrYV,,18,629,,20260318,0.863768115942029,596,690,0,18,629,0,0.0471976401179941,0.020213398416721425,3230,160,3390,159795,629,18,1.0,647,1.0,647,1917,48,4,1503,0,True,18,True,2026-06-20T03:03:31.917609+00:00,18,18,0,54,54,2026-06-23T08:57:39.958172+00:00,0,18,0,True,18,2026-06-23T08:57:39.958172+00:00,0,18,True,647,3230,159795,3390,1298,2026-06-20T03:03:15.190260+00:00,647,647,3472,True,2026-06-23T08:59:44.371867+00:00,0,True,2026-06-20T03:03:15.696004+00:00,18,False,,,,False,,,
,9,162,2,,9,162,2,True,2026-03-31T08:11:15.982749+00:00,728,True,2026-06-19T17:03:02.291711+00:00,107231,True,2026-06-19T17:03:03.461688+00:00,1264,True,2026-06-19T17:03:02.886699+00:00,1175,True,2026-03-31T08:11:20.497651+00:00,[Known-object ADES submission].  Submission ID is 2026-03-31T08:11:19.006_0000BrUO,,False,2026-03-31T08:11:19.006_0000BrUO,,9,162,2,20260330,0.8031088082901554,155,193,0,9,162,2,0.17958860759493672,0.017261756138160632,1037,227,1264,60075,162,9,1.0,173,1.0,173,856,2,0,520,0,True,9,True,2026-06-20T03:04:01.237362+00:00,9,9,0,27,27,2026-06-23T08:58:11.035269+00:00,0,9,0,True,9,2026-06-23T08:58:11.035269+00:00,0,9,True,173,1037,60075,1264,443,2026-06-20T03:03:52.880255+00:00,173,173,1378,True,2026-06-23T08:59:44.839859+00:00,0,True,2026-06-20T03:03:53.371283+00:00,9,False,,,,False,,,
,28,222,,,28,222,,True,2026-04-01T08:11:48.205859+00:00,1549,True,2026-06-19T17:09:28.810328+00:00,108017,True,2026-06-19T17:09:30.208301+00:00,1803,True,2026-06-19T17:09:29.518315+00:00,1736,True,2026-04-01T08:11:52.912757+00:00,[Known-object ADES submission].  Submission ID is 2026-04-01T08:11:51.499_0000BrYp,,False,2026-04-01T08:11:51.499_0000BrYp,,28,222,,20260331,0.7915057915057915,205,259,0,28,222,0,0.11259012756516916,0.02188662727073758,1600,203,1803,73104,222,28,1.0,250,1.0,250,1532,8,1,1116,0,True,28,True,2026-06-20T03:04:51.610360+00:00,28,28,0,84,84,2026-06-23T08:58:57.884612+00:00,0,28,0,True,28,2026-06-23T08:58:57.884612+00:00,0,28,True,250,1600,73104,1803,1105,2026-06-20T03:04:24.287664+00:00,250,250,2657,True,2026-06-23T08:59:45.295850+00:00,0,True,2026-06-20T03:04:24.786682+00:00,28,False,,,,False,,,
,19,167,2,,19,167,2,True,2026-04-02T08:13:18.045371+00:00,974,True,2026-06-19T17:16:22.204432+00:00,118218,True,2026-06-19T17:16:23.572406+00:00,1274,True,2026-06-19T17:16:22.894418+00:00,1188,True,2026-04-02T08:13:25.160216+00:00,[Known-object ADES submission].  Submission ID is 2026-04-02T08:13:23.649_0000BrcT,,False,2026-04-02T08:13:23.649_0000BrcT,,19,167,2,20260401,0.7345971563981043,155,211,0,19,167,2,0.13971742543171115,0.017038741371805236,1096,178,1274,64324,167,19,1.0,188,1.0,188,1148,9,0,632,0,True,19,True,2026-06-20T03:05:32.572961+00:00,19,19,0,57,57,2026-06-23T08:59:26.413935+00:00,0,19,0,True,19,2026-06-23T08:59:26.413935+00:00,0,19,True,188,1096,64324,1274,569,2026-06-20T03:05:16.158630+00:00,188,188,1789,True,2026-06-23T08:59:45.771840+00:00,0,True,2026-06-20T03:05:16.657689+00:00,19,False,,,,False,,,
,15,286,1,,15,286,1,True,2026-04-04T08:05:44.811120+00:00,1240,True,2026-06-19T17:21:12.192892+00:00,74900,True,2026-06-19T17:21:13.222872+00:00,1916,True,2026-06-19T17:21:12.710882+00:00,1804,True,2026-04-04T08:05:50.218001+00:00,[Known-object ADES submission].  Submission ID is 2026-04-04T08:05:47.702_0000Brmp,,False,2026-04-04T08:05:47.702_0000Brmp,,15,286,1,20260403,0.8540372670807453,275,322,0,15,286,1,0.09864300626304802,0.019094899549992814,1727,189,1916,90443,286,15,1.0,302,1.0,302,1175,9,0,884,0,True,15,True,2026-06-20T03:06:07.564899+00:00,15,15,0,45,45,2026-06-23T09:00:00.329146+00:00,0,15,0,True,15,2026-06-23T09:00:00.329146+00:00,0,15,True,302,1727,90443,1916,795,2026-06-20T03:05:48.145108+00:00,302,302,2068,True,2026-06-23T09:04:46.355022+00:00,0,True,2026-06-20T03:05:48.646076+00:00,15,False,,,,False,,,
,2,115,,,2,115,,True,2026-04-05T08:02:09.629676+00:00,611,True,2026-06-19T17:22:45.744105+00:00,32075,True,2026-06-19T17:22:46.151097+00:00,826,True,2026-06-19T17:22:45.950101+00:00,796,True,2026-04-05T08:02:16.246536+00:00,[Known-object ADES submission].  Submission ID is 2026-04-05T08:02:13.632_0000Brr1,,False,2026-04-05T08:02:13.632_0000Brr1,,2,115,,20260404,0.5873015873015873,111,189,0,2,115,0,0.04721549636803874,0.0265627109491022,787,39,826,29628,115,2,1.0,117,1.0,117,377,3,0,349,0,True,2,True,2026-06-20T03:06:15.705209+00:00,2,2,0,6,6,2026-06-23T09:00:07.069692+00:00,0,2,0,True,2,2026-06-23T09:00:07.069692+00:00,0,2,True,117,787,29628,826,240,2026-06-20T03:06:13.067188+00:00,117,117,729,True,2026-06-23T09:04:46.807013+00:00,0,True,2026-06-20T03:06:13.558599+00:00,2,False,,,,False,,,
,7,295,1,,7,295,1,True,2026-04-06T08:02:41.138107+00:00,1660,True,2026-06-19T17:25:06.484416+00:00,50157,True,2026-06-19T17:25:07.093404+00:00,2648,True,2026-06-19T17:25:06.798410+00:00,2553,True,2026-04-06T08:02:48.124953+00:00,[Known-object ADES submission].  Submission ID is 2026-04-06T08:02:46.499_0000Brxg,,False,2026-04-06T08:02:46.499_0000Brxg,,7,295,1,20260405,0.5991471215351812,281,469,0,7,295,1,0.06117824773413897,0.018189667156895024,2486,162,2648,136671,295,7,1.0,303,1.0,303,1352,12,0,1063,0,True,7,True,2026-06-20T03:06:33.002087+00:00,7,7,0,21,21,2026-06-23T09:00:18.124680+00:00,0,7,0,True,7,2026-06-23T09:00:18.124680+00:00,0,7,True,303,2486,136671,2648,669,2026-06-20T03:06:24.664620+00:00,303,303,2427,True,2026-06-23T09:04:47.254005+00:00,0,True,2026-06-20T03:06:25.159377+00:00,7,False,,,,False,,,
,61,1419,11,,61,1419,11,True,2026-04-07T08:08:53.854841+00:00,6851,True,2026-06-19T17:32:29.170959+00:00,160663,True,2026-06-19T17:32:30.949925+00:00,8679,True,2026-06-19T17:32:30.064942+00:00,8395,True,2026-04-07T08:09:07.114549+00:00,[Known-object ADES submission].  Submission ID is 2026-04-07T08:08:59.436_0000Bs3v,,False,2026-04-07T08:08:59.436_0000Bs3v,,61,1419,11,20260406,0.7681895093062606,1362,1773,0,61,1419,11,0.05691899988477935,0.02081145608998889,8185,494,8679,393293,1419,61,1.0,1491,1.0,1491,4302,95,0,4418,0,True,61,True,2026-06-20T03:07:54.082644+00:00,61,61,0,183,183,2026-06-23T09:02:06.603593+00:00,0,61,0,True,61,2026-06-23T09:02:06.603593+00:00,0,61,True,1491,8185,393293,8679,3783,2026-06-20T03:07:00.185193+00:00,1491,1491,8815,True,2026-06-23T09:04:47.728996+00:00,0,True,2026-06-20T03:07:00.708697+00:00,61,False,,,,False,,,
,98,1367,5,,98,1367,5,True,2026-04-08T08:08:52.807108+00:00,6540,True,2026-06-19T17:39:48.002577+00:00,151761,True,2026-06-19T17:39:49.746544+00:00,8166,True,2026-06-19T17:39:48.870561+00:00,7933,True,2026-04-08T08:08:59.405960+00:00,[Known-object ADES submission].  Submission ID is 2026-04-08T08:08:57.095_0000BsBz,,False,2026-04-08T08:08:57.095_0000BsBz,,98,1367,5,20260407,0.7948557089084065,1267,1594,0,98,1367,5,0.050453098212098944,0.02031837536849001,7754,412,8166,381625,1367,98,1.0,1470,1.0,1470,5106,76,3,4489,0,True,96,True,2026-06-20T03:09:49.568031+00:00,98,98,0,296,296,2026-06-23T09:11:11.051139+00:00,2,98,0,True,96,2026-06-23T09:11:11.051139+00:00,2,98,True,1470,7754,381625,8166,4028,2026-06-20T03:08:22.712198+00:00,1470,1470,9674,True,2026-06-23T09:14:49.697345+00:00,6,True,2026-06-20T03:08:23.243117+00:00,98,True,2026-06-23T09:14:53.801265+00:00,[Unknown-object ADES submission].  Submission ID is 2026-06-23T09:14:51.784_0000C15f,2026-06-23T09:14:51.784_0000C15f,False,,,
,27,1118,6,,27,1118,6,True,2026-04-11T01:05:54.880577+00:00,4496,True,2026-06-19T17:44:29.802195+00:00,88515,True,2026-06-19T17:44:30.960173+00:00,6426,True,2026-06-19T17:44:30.394184+00:00,6261,True,2026-04-11T01:05:59.858469+00:00,[Known-object ADES submission].  Submission ID is 2026-04-11T01:05:57.598_0000Bsaj,,False,2026-04-11T01:05:57.598_0000Bsaj,,27,1118,6,20260410,0.8628246753246753,1063,1232,0,27,1118,6,0.0683162153750389,0.020950268045854738,5987,439,6426,285772,1118,27,1.0,1151,1.0,1151,3133,46,8,3198,0,True,24,True,2026-06-20T03:10:38.520062+00:00,27,27,0,82,82,2026-06-23T09:13:22.144716+00:00,3,27,0,True,24,2026-06-23T09:13:22.144716+00:00,3,27,True,1151,5987,285772,6426,2789,2026-06-20T03:10:09.682116+00:00,1151,1151,6385,True,2026-06-23T09:14:56.929205+00:00,10,True,2026-06-20T03:10:10.199069+00:00,27,True,2026-06-23T09:15:04.077067+00:00,[Unknown-object ADES submission].  Submission ID is 2026-06-23T09:15:02.266_0000C15g,2026-06-23T09:15:02.266_0000C15g,False,,,
,7,161,,,7,161,,True,2026-04-12T01:03:13.185803+00:00,966,True,2026-06-19T17:47:14.273054+00:00,57085,True,2026-06-19T17:47:14.941041+00:00,1410,True,2026-06-19T17:47:14.619047+00:00,1336,True,2026-04-12T01:03:17.385712+00:00,[Known-object ADES submission].  Submission ID is 2026-04-12T01:03:16.259_0000Bsh9,,False,2026-04-12T01:03:16.259_0000Bsh9,,7,161,,20260411,0.6007751937984496,155,258,0,7,161,0,0.07943262411347518,0.020564005069708492,1298,112,1410,63120,161,7,1.0,168,1.0,168,916,8,0,572,0,True,7,True,2026-06-20T03:10:54.979328+00:00,7,7,0,21,21,2026-06-23T09:13:38.813979+00:00,0,7,0,True,7,2026-06-23T09:13:38.813979+00:00,0,7,True,168,1298,63120,1410,406,2026-06-20T03:10:48.369750+00:00,168,168,1496,True,2026-06-23T09:15:04.579057+00:00,0,True,2026-06-20T03:10:48.867329+00:00,7,False,,,,False,,,
,,,,,,,,True,2026-04-13T01:01:04.975248+00:00,0,True,2026-06-19T17:47:55.853260+00:00,9517,True,2026-06-19T17:47:56.060256+00:00,205,True,2026-06-19T17:47:55.956258+00:00,195,False,,,,False,,,,,,20260412,,0,0,0,0,0,0,0.05853658536585366,0.025850522368068576,193,12,205,7466,0,0,,0,,0,3,0,0,4,0,True,0,True,2026-06-20T03:10:58.364154+00:00,0,0,0,0,0,2026-06-20T03:10:58.364073+00:00,0,0,0,False,0,,0,0,True,0,193,7466,205,0,2026-06-20T03:10:57.375906+00:00,0,0,7,False,,0,True,2026-06-20T03:10:57.881156+00:00,0,False,,,,False,,,
,,,,,,,,False,,0,True,2026-06-19T19:43:04.672452+00:00,35394,True,2026-06-19T19:43:05.129443+00:00,520,True,2026-06-19T19:43:04.902448+00:00,499,False,,,,False,,,,,,20260414,,,,,,,,,,,,,,,,,,,,,,,,0,False,0,False,,,,,,,,0,0,0,False,0,,0,0,False,,,,,,,,,,False,,0,False,,0,False,,,,False,,,
,106,1631,13,,106,1631,13,True,2026-04-21T01:09:32.398509+00:00,6581,True,2026-06-19T17:54:44.578452+00:00,138784,True,2026-06-19T17:54:46.188421+00:00,8480,True,2026-06-19T17:54:45.399436+00:00,8194,True,2026-04-21T01:09:38.043389+00:00,[Known-object ADES submission].  Submission ID is 2026-04-21T01:09:36.763_0000BtpQ,,False,2026-04-21T01:09:36.763_0000BtpQ,,106,1631,13,20260420,0.8577777777777778,1544,1800,0,106,1631,13,0.06061320754716981,0.01972133647580757,7966,514,8480,403928,1631,106,1.0,1750,1.0,1750,6067,119,2,4558,0,True,105,True,2026-06-20T03:13:05.861378+00:00,106,106,0,319,319,2026-06-23T09:18:44.974227+00:00,1,106,0,True,105,2026-06-23T09:18:44.974227+00:00,1,106,True,1750,7966,403928,8480,4257,2026-06-20T03:11:23.771494+00:00,1750,1750,10746,True,2026-06-23T09:20:05.904237+00:00,3,True,2026-06-20T03:11:24.312650+00:00,106,True,2026-06-23T09:20:13.573088+00:00,[Unknown-object ADES submission].  Submission ID is 2026-06-23T09:20:12.039_0000C15h,2026-06-23T09:20:12.039_0000C15h,False,,,
,7,213,,,7,213,,True,2026-04-23T01:02:15.910276+00:00,948,True,2026-06-19T17:56:39.304260+00:00,30835,True,2026-06-19T17:56:39.791251+00:00,1310,True,2026-06-19T17:56:39.548256+00:00,1278,True,2026-04-23T01:02:20.716175+00:00,[Known-object ADES submission].  Submission ID is 2026-04-23T01:02:17.840_0000Bu82,,False,2026-04-23T01:02:17.840_0000Bu82,,7,213,,20260422,0.8166666666666667,196,240,0,7,213,0,0.07786259541984733,0.019822776501476864,1208,102,1310,60940,213,7,1.0,220,1.0,220,671,6,0,638,0,True,6,True,2026-06-20T03:13:21.822424+00:00,7,7,0,21,21,2026-06-23T09:19:49.063733+00:00,1,7,0,True,6,2026-06-23T09:19:49.063733+00:00,1,7,True,220,1208,60940,1310,570,2026-06-20T03:13:15.206355+00:00,220,220,1315,True,2026-06-23T09:20:14.658067+00:00,3,True,2026-06-20T03:13:15.706518+00:00,7,True,2026-06-23T09:20:17.534012+00:00,[Unknown-object ADES submission].  Submission ID is 2026-06-23T09:20:16.471_0000C15i,2026-06-23T09:20:16.471_0000C15i,False,,,
,1,117,,,1,117,,True,2026-04-24T01:02:45.638219+00:00,501,True,2026-06-19T17:58:35.113048+00:00,32057,True,2026-06-19T17:58:35.597039+00:00,876,True,2026-06-19T17:58:35.357043+00:00,855,True,2026-04-24T01:02:48.080168+00:00,[Known-object ADES submission].  Submission ID is 2026-04-24T01:02:47.179_0000BuIB,,False,2026-04-24T01:02:47.179_0000BuIB,,1,117,,20260423,0.7315436241610739,109,149,0,1,117,0,0.2808219178082192,0.02243429955131401,630,246,876,28082,117,1,1.0,118,1.0,118,345,1,0,281,0,True,1,True,2026-06-20T03:13:29.970664+00:00,1,1,0,3,3,2026-06-23T09:20:07.131531+00:00,0,1,0,True,1,2026-06-23T09:20:07.131531+00:00,0,1,True,118,630,28082,876,240,2026-06-20T03:13:28.225995+00:00,118,118,627,True,2026-06-23T09:25:18.198204+00:00,0,True,2026-06-20T03:13:28.722269+00:00,1,False,,,,False,,,
,2,51,,,2,51,,True,2026-04-26T01:03:15.797249+00:00,301,True,2026-06-19T18:00:40.548652+00:00,38743,True,2026-06-19T18:00:41.010643+00:00,493,True,2026-06-19T18:00:40.784647+00:00,477,True,2026-04-26T01:03:18.435195+00:00,[Known-object ADES submission].  Submission ID is 2026-04-26T01:03:17.178_0000Bua2,,False,2026-04-26T01:03:17.178_0000Bua2,,2,51,,20260425,0.6666666666666666,50,75,0,2,51,0,0.08113590263691683,0.019866678361547232,453,40,493,22802,51,2,1.0,53,1.0,53,269,1,0,186,0,True,2,True,2026-06-20T03:13:39.896645+00:00,2,2,0,6,6,2026-06-23T09:20:13.217381+00:00,0,2,0,True,2,2026-06-23T09:20:13.217381+00:00,0,2,True,53,453,22802,493,147,2026-06-20T03:13:36.986350+00:00,53,53,456,True,2026-06-23T09:25:18.709194+00:00,0,True,2026-06-20T03:13:37.481101+00:00,2,False,,,,False,,,
,1,93,,,1,93,,True,2026-04-27T01:04:17.945042+00:00,355,True,2026-06-19T18:03:33.339351+00:00,51548,True,2026-06-19T18:03:33.958339+00:00,667,True,2026-06-19T18:03:33.658345+00:00,626,True,2026-04-27T01:04:22.637944+00:00,[Known-object ADES submission].  Submission ID is 2026-04-27T01:04:21.706_0000BugX,,False,2026-04-27T01:04:21.706_0000BugX,,10,93,,20260426,0.8198198198198198,91,111,0,10,93,0,0.08545727136431784,0.01595563809473987,610,57,667,38231,93,1,0.912621359223301,94,0.912621359223301,94,615,3,0,266,0,True,1,True,2026-06-20T03:13:51.127724+00:00,1,1,0,3,3,2026-06-23T09:20:20.782471+00:00,0,1,0,True,1,2026-06-23T09:20:20.782471+00:00,0,1,True,103,610,38231,667,215,2026-06-20T03:13:49.344709+00:00,94,94,884,True,2026-06-23T09:25:19.199185+00:00,0,True,2026-06-20T03:13:49.838865+00:00,1,False,,,,False,,,
,22,433,4,,22,433,4,True,2026-04-28T01:05:22.747989+00:00,2300,True,2026-06-19T18:07:53.569380+00:00,82462,True,2026-06-19T18:07:54.582361+00:00,2826,True,2026-06-19T18:07:54.084370+00:00,2739,True,2026-04-28T01:05:28.101876+00:00,[Known-object ADES submission].  Submission ID is 2026-04-28T01:05:26.528_0000Bumu,,False,2026-04-28T01:05:26.528_0000Bumu,,22,433,4,20260427,0.8917748917748918,412,462,0,22,433,4,0.0697098372257608,0.02758656873032529,2629,197,2826,95300,433,22,1.0,459,1.0,459,1527,12,0,1705,0,True,22,True,2026-06-20T03:14:27.116844+00:00,22,22,0,66,66,2026-06-23T09:20:55.799335+00:00,0,22,0,True,22,2026-06-23T09:20:55.799335+00:00,0,22,True,459,2629,95300,2826,1623,2026-06-20T03:14:05.368347+00:00,459,459,3244,True,2026-06-23T09:25:19.675176+00:00,0,True,2026-06-20T03:14:05.873558+00:00,22,False,,,,False,,,
,31,575,8,,31,575,8,True,2026-04-29T01:08:32.562047+00:00,3348,True,2026-06-19T18:14:18.182034+00:00,120887,True,2026-06-19T18:14:19.646007+00:00,3996,True,2026-06-19T18:14:18.932020+00:00,3827,True,2026-04-29T01:08:37.293945+00:00,[Known-object ADES submission].  Submission ID is 2026-04-29T01:08:35.398_0000BuvO,,False,2026-04-29T01:08:35.398_0000BuvO,,40,575,8,20260428,0.8243451463790447,535,649,0,40,575,8,0.08858858858858859,0.02767519263210687,3642,354,3996,131598,575,31,0.985553772070626,614,0.985553772070626,614,2162,23,10,2403,0,True,31,True,2026-06-20T03:15:20.024733+00:00,31,31,0,93,93,2026-06-23T09:21:35.911403+00:00,0,31,0,True,31,2026-06-23T09:21:35.911403+00:00,0,31,True,623,3642,131598,3996,2263,2026-06-20T03:14:48.069361+00:00,614,614,4598,True,2026-06-23T09:25:20.146167+00:00,0,True,2026-06-20T03:14:48.576740+00:00,31,False,,,,False,,,
,58,398,1,,58,398,1,True,2026-04-30T01:08:01.873182+00:00,2657,True,2026-06-19T18:20:15.976201+00:00,109420,True,2026-06-19T18:20:17.296176+00:00,3157,True,2026-06-19T18:20:16.644189+00:00,3008,True,2026-04-30T01:08:06.166092+00:00,[Known-object ADES submission].  Submission ID is 2026-04-30T01:08:04.342_0000Bv07,,False,2026-04-30T01:08:04.342_0000Bv07,,58,398,1,20260429,0.7654320987654321,372,486,0,58,398,1,0.17168197656002535,0.023289574464295255,2615,542,3157,112282,398,58,1.0,457,1.0,457,2570,17,1,1694,0,True,58,True,2026-06-20T03:16:44.214426+00:00,58,58,0,174,174,2026-06-23T09:23:07.387961+00:00,0,58,0,True,58,2026-06-23T09:23:07.387961+00:00,0,58,True,457,2615,112282,3157,1660,2026-06-20T03:15:39.749079+00:00,457,457,4282,True,2026-06-23T09:25:20.622157+00:00,0,True,2026-06-20T03:15:40.262751+00:00,58,False,,,,False,,,
,,7,,,,7,,True,2026-05-01T01:01:45.140350+00:00,36,True,2026-06-19T18:21:26.680851+00:00,19801,True,2026-06-19T18:21:26.939846+00:00,192,True,2026-06-19T18:21:26.810848+00:00,185,True,2026-05-01T01:01:52.339199+00:00,[Known-object ADES submission].  Submission ID is 2026-05-01T01:01:51.471_0000Bv3d,,False,2026-05-01T01:01:51.471_0000Bv3d,,,7,,20260430,0.5833333333333334,7,12,0,0,7,0,0.10416666666666667,0.01655916048907288,172,20,192,10387,7,0,1.0,7,1.0,7,50,0,0,33,0,True,0,True,2026-06-20T03:16:50.274154+00:00,0,0,0,0,0,2026-06-20T03:16:50.274073+00:00,0,0,0,False,0,,0,0,True,7,172,10387,192,14,2026-06-20T03:16:49.261705+00:00,7,7,83,False,,0,True,2026-06-20T03:16:49.779420+00:00,0,False,,,,False,,,
,32,469,6,,32,469,6,True,2026-05-04T01:09:35.108794+00:00,2138,True,2026-06-19T18:29:35.652516+00:00,95824,True,2026-06-19T18:29:37.071489+00:00,3297,True,2026-06-19T18:29:36.367502+00:00,3022,False,,,,False,,,33,469,6,20260503,0.8173431734317343,443,542,0,33,469,6,0.16772823779193205,0.0026752383487227784,2744,553,3297,1025703,469,32,0.9980314960629921,507,0.9980314960629921,507,3694,31,0,1488,0,True,31,True,2026-06-20T03:18:16.969693+00:00,32,32,0,96,96,2026-06-23T09:24:50.798298+00:00,1,32,0,True,31,2026-06-23T09:24:50.798298+00:00,1,32,True,508,2744,1025703,3297,1370,2026-06-20T03:17:17.886358+00:00,507,507,5213,True,2026-06-23T09:25:21.704137+00:00,3,True,2026-06-20T03:17:18.442871+00:00,32,True,2026-06-23T09:25:25.617061+00:00,[Unknown-object ADES submission].  Submission ID is 2026-06-23T09:25:24.781_0000C15j,2026-06-23T09:25:24.781_0000C15j,False,,,
,39,596,3,,39,596,3,True,2026-05-05T01:08:35.162905+00:00,2371,True,2026-06-19T18:35:57.479228+00:00,116127,True,2026-06-19T18:35:58.911200+00:00,3190,True,2026-06-19T18:35:58.202214+00:00,3075,True,2026-05-05T01:08:39.559813+00:00,[Known-object ADES submission].  Submission ID is 2026-05-05T01:08:38.193_0000BvSd,,False,2026-05-05T01:08:38.193_0000BvSd,,42,596,3,20260504,0.8779342723004695,561,639,0,42,596,3,0.08463949843260188,0.017388818751339893,2920,270,3190,167924,596,39,0.9953198127925117,638,0.9953198127925117,638,3036,22,0,1646,0,True,39,True,2026-06-20T03:19:22.111671+00:00,39,39,0,119,119,2026-06-23T09:41:03.619336+00:00,0,39,0,True,39,2026-06-23T09:41:03.619336+00:00,0,39,True,641,2920,167924,3190,1551,2026-06-20T03:18:39.471371+00:00,638,638,4704,True,2026-06-23T09:45:26.777897+00:00,0,True,2026-06-20T03:18:39.990307+00:00,39,False,,,,False,,,
,24,312,4,,24,312,4,True,2026-05-07T01:03:45.508997+00:00,1354,True,2026-06-19T18:38:50.300929+00:00,47941,True,2026-06-19T18:38:51.005915+00:00,1913,True,2026-06-19T18:38:50.652922+00:00,1826,True,2026-05-07T01:03:50.562890+00:00,[Known-object ADES submission].  Submission ID is 2026-05-07T01:03:49.456_0000Bvnq,,False,2026-05-07T01:03:49.456_0000Bvnq,,24,312,4,20260506,0.8735294117647059,297,340,0,24,312,4,0.06116048092002091,0.022560830077756982,1796,117,1913,79607,312,24,1.0,340,1.0,340,1098,24,0,1059,0,True,24,True,2026-06-20T03:19:56.405502+00:00,24,24,0,73,73,2026-06-23T09:45:34.071830+00:00,0,24,0,True,24,2026-06-23T09:45:34.071830+00:00,0,24,True,340,1796,79607,1913,953,2026-06-20T03:19:32.930612+00:00,340,340,2181,True,2026-06-23T09:50:27.430103+00:00,0,True,2026-06-20T03:19:33.440279+00:00,24,False,,,,False,,,
,16,192,8,,16,192,8,True,2026-05-08T01:03:51.966416+00:00,921,True,2026-06-19T18:41:48.093536+00:00,48207,True,2026-06-19T18:41:48.820522+00:00,2860,True,2026-06-19T18:41:48.463529+00:00,2758,True,2026-05-08T01:03:57.732294+00:00,[Known-object ADES submission].  Submission ID is 2026-05-08T01:03:56.607_0000Bvzi,,False,2026-05-08T01:03:56.607_0000Bvzi,,16,192,8,20260507,0.6433566433566433,184,286,0,16,192,8,0.08531468531468532,0.022893748851374414,2616,244,2860,114267,192,16,1.0,216,1.0,216,1345,29,0,986,0,True,15,True,2026-06-20T03:20:38.904720+00:00,16,16,0,48,48,2026-06-24T15:20:29.822192+00:00,1,16,0,True,16,2026-06-23T09:59:18.913924+00:00,0,16,True,216,2616,114267,2860,441,2026-06-20T03:20:07.090671+00:00,216,216,2360,True,2026-06-23T10:00:28.038521+00:00,0,True,2026-06-20T03:20:07.596623+00:00,16,False,,,,False,,,
,33,459,5,,33,459,5,True,2026-05-09T01:05:55.599654+00:00,2449,True,2026-06-19T18:46:04.883638+00:00,72938,True,2026-06-19T18:46:05.902618+00:00,3320,True,2026-06-19T18:46:05.404628+00:00,3211,True,2026-05-09T01:06:01.222535+00:00,[Known-object ADES submission].  Submission ID is 2026-05-09T01:05:59.795_0000BwCX,,False,2026-05-09T01:05:59.795_0000BwCX,,33,459,5,20260508,0.7072368421052632,430,608,0,33,459,5,0.0858433734939759,0.015845419707838652,3035,285,3320,191538,459,33,1.0,497,1.0,497,2310,31,0,1668,0,True,32,True,2026-06-20T03:21:25.280972+00:00,33,33,0,102,102,2026-06-24T07:14:59.434046+00:00,1,33,0,True,32,2026-06-24T07:14:59.434046+00:00,1,33,True,497,3035,191538,3320,1378,2026-06-20T03:20:54.702866+00:00,497,497,4009,True,2026-06-24T07:20:18.983294+00:00,6,True,2026-06-20T03:20:55.224708+00:00,33,True,2026-06-24T07:20:24.947179+00:00,[Unknown-object ADES submission].  Submission ID is 2026-06-24T07:20:24.187_0000C1CG,2026-06-24T07:20:24.187_0000C1CG,False,,,
,44,551,3,,44,551,3,True,2026-05-10T01:04:57.466597+00:00,3000,True,2026-06-19T18:50:13.831890+00:00,64280,True,2026-06-19T18:50:14.794871+00:00,3543,True,2026-06-19T18:50:14.324880+00:00,3419,True,2026-05-10T01:05:01.442513+00:00,[Known-object ADES submission].  Submission ID is 2026-05-10T01:04:59.948_0000BwQC,,False,2026-05-10T01:04:59.948_0000BwQC,,44,551,3,20260509,0.8394863563402889,523,623,0,44,551,3,0.09088343211967259,0.024873739323829677,3221,322,3543,129494,551,44,1.0,598,1.0,598,2480,26,6,2093,0,True,42,True,2026-06-20T03:22:37.132225+00:00,44,44,0,132,132,2026-06-24T07:17:20.764935+00:00,2,44,0,True,42,2026-06-24T07:17:20.764935+00:00,2,44,True,598,3221,129494,3543,2014,2026-06-20T03:21:39.656711+00:00,598,598,4605,True,2026-06-24T07:20:26.936141+00:00,6,True,2026-06-20T03:21:40.174844+00:00,44,True,2026-06-24T07:20:29.860084+00:00,[Unknown-object ADES submission].  Submission ID is 2026-06-24T07:20:29.003_0000C1CH,2026-06-24T07:20:29.003_0000C1CH,False,,,
,28,352,2,,28,352,2,True,2026-05-13T01:06:28.617707+00:00,1814,True,2026-06-19T18:54:54.270541+00:00,76447,True,2026-06-19T18:54:55.353520+00:00,2324,True,2026-06-19T18:54:54.823530+00:00,2261,True,2026-05-13T01:06:33.630604+00:00,[Known-object ADES submission].  Submission ID is 2026-05-13T01:06:32.192_0000Bwwd,,False,2026-05-13T01:06:32.192_0000Bwwd,,28,352,2,20260512,0.7592592592592593,328,432,0,28,352,2,0.13253012048192772,0.018918563840768756,2016,308,2324,106562,352,28,1.0,382,1.0,382,1802,15,0,1164,0,True,27,True,2026-06-20T03:23:18.035614+00:00,28,28,0,84,84,2026-06-24T07:18:20.529631+00:00,1,28,0,True,27,2026-06-24T07:18:20.529631+00:00,1,28,True,382,2016,106562,2324,1075,2026-06-20T03:22:53.646169+00:00,382,382,2981,True,2026-06-24T07:20:30.946063+00:00,3,True,2026-06-20T03:22:54.157422+00:00,28,True,2026-06-24T07:20:34.760989+00:00,[Unknown-object ADES submission].  Submission ID is 2026-06-24T07:20:33.964_0000C1CI,2026-06-24T07:20:33.964_0000C1CI,False,,,
,926,239,5,,926,239,5,True,2026-06-02T08:03:01.401729+00:00,1555,True,2026-06-19T19:01:50.406619+00:00,82171,True,2026-06-19T19:01:51.628596+00:00,2794,True,2026-06-19T19:01:51.019607+00:00,2390,True,2026-06-02T08:03:01.402729+00:00,[Known-object ADES submission].  Submission ID is 2026-05-29T01:07:39.459_0000Byel,,False,2026-05-29T01:07:39.459_0000Byel,,926,239,5,20260528,0.6397694524495677,222,347,0,926,239,5,0.3847530422333572,0.0077006468722561686,1719,1075,2794,223228,239,926,1.0,1170,1.0,1170,91779,50,0,963,0,False,0,False,,,,,,,,0,0,0,False,0,,0,0,True,1170,1719,223228,2794,2673,2026-06-20T03:23:42.064534+00:00,1170,1170,92792,False,,0,False,,0,False,,,,False,,,
1,29,147,6,1,29,147,6,True,2026-05-30T01:07:35.030266+00:00,1030,True,2026-06-19T19:08:52.683592+00:00,86130,True,2026-06-19T19:08:53.929569+00:00,1664,True,2026-06-19T19:08:53.304580+00:00,1400,True,2026-05-30T01:07:38.920194+00:00,[Known-object ADES submission].  Submission ID is 2026-05-30T01:07:37.479_0000Byj7,,False,2026-05-30T01:07:37.479_0000Byj7,1,29,147,6,20260529,0.7157894736842105,136,190,1,29,147,6,0.38100961538461536,0.003862813853625607,1030,634,1664,266645,147,29,1.0,183,1.0,183,3916,15,1,613,0,True,22,True,2026-06-20T03:24:42.962998+00:00,29,29,0,87,87,2026-06-24T07:20:49.029633+00:00,7,29,0,True,22,2026-06-24T07:20:49.029633+00:00,7,29,True,183,1030,266645,1664,604,2026-06-20T03:24:04.605074+00:00,183,183,4545,True,2026-06-24T07:25:38.973118+00:00,21,True,2026-06-20T03:24:05.121058+00:00,29,True,2026-06-24T07:25:44.621009+00:00,[Unknown-object ADES submission].  Submission ID is 2026-06-24T07:25:42.861_0000C1CJ,2026-06-24T07:25:42.861_0000C1CJ,False,,,
,21,94,,,21,94,,True,2026-05-31T01:06:55.638647+00:00,450,True,2026-06-19T19:15:12.548372+00:00,75636,True,2026-06-19T19:15:13.619352+00:00,928,True,2026-06-19T19:15:13.073362+00:00,763,True,2026-05-31T01:06:58.650592+00:00,[Known-object ADES submission].  Submission ID is 2026-05-31T01:06:57.428_0000Byma,,False,2026-05-31T01:06:57.428_0000Byma,,21,94,,20260530,0.6296296296296297,85,135,0,21,94,0,0.37176724137931033,0.0017589804551022502,583,345,928,331442,94,21,1.0,115,1.0,115,6821,5,1,271,0,True,17,True,2026-06-20T03:26:22.368693+00:00,21,21,0,63,63,2026-06-24T07:21:42.559134+00:00,4,21,0,True,17,2026-06-24T07:21:42.559134+00:00,4,21,True,115,583,331442,928,237,2026-06-20T03:25:03.658476+00:00,115,115,7098,True,2026-06-24T07:25:47.025963+00:00,12,True,2026-06-20T03:25:04.182923+00:00,21,True,2026-06-24T07:25:56.269785+00:00,[Unknown-object ADES submission].  Submission ID is 2026-06-24T07:25:51.136_0000C1CK,2026-06-24T07:25:51.136_0000C1CK,False,,,
,19,216,1,,19,216,1,True,2026-06-02T01:07:17.330596+00:00,1096,True,2026-06-19T19:20:56.304812+00:00,75678,True,2026-06-19T19:20:57.566788+00:00,1457,True,2026-06-19T19:20:56.948799+00:00,1389,True,2026-06-02T01:07:20.311542+00:00,[Known-object ADES submission].  Submission ID is 2026-06-02T01:07:19.068_0000ByrT,,False,2026-06-02T01:07:19.068_0000ByrT,,19,216,1,20260601,0.7295373665480427,205,281,0,19,216,1,0.212079615648593,0.015800267007996478,1148,309,1457,72657,216,19,1.0,236,1.0,236,1678,2,0,672,0,True,17,True,2026-06-20T03:27:05.277261+00:00,19,19,0,57,57,2026-06-24T07:28:41.228765+00:00,2,19,0,True,17,2026-06-24T07:28:41.228765+00:00,2,19,True,236,1148,72657,1457,624,2026-06-20T03:26:41.488985+00:00,236,236,2352,True,2026-06-24T07:30:57.950970+00:00,6,True,2026-06-20T03:26:41.998044+00:00,19,True,2026-06-24T07:31:03.382865+00:00,[Unknown-object ADES submission].  Submission ID is 2026-06-24T07:31:02.232_0000C1CM,2026-06-24T07:31:02.232_0000C1CM,False,,,
,,,,,,,,False,,0,True,2026-06-19T19:21:25.724250+00:00,304,False,,0,False,,0,False,,,,False,,,,,,20260605,,,,,,,,,,,,,,,,,,,,,,,,0,False,0,False,,,,,,,,0,0,0,False,0,,0,0,False,,,,,,,,,,False,,0,False,,0,False,,,,False,,,
,653,660,6,,653,660,6,True,2026-06-12T01:07:33.810496+00:00,3597,True,2026-06-19T19:28:21.626313+00:00,75709,True,2026-06-19T19:28:22.860289+00:00,5123,True,2026-06-19T19:28:22.241301+00:00,4655,True,2026-06-12T01:07:39.486387+00:00,[Known-object ADES submission].  Submission ID is 2026-06-12T01:07:36.703_0000Bziu,,False,2026-06-12T01:07:36.703_0000Bziu,,653,660,6,20260611,0.7236842105263158,605,836,0,653,660,6,0.23618973257856724,0.003599084270815225,3913,1210,5123,1087221,660,653,1.0,1319,1.0,1319,265028,69,2,2351,0,False,0,False,,,,,,,,0,0,0,False,0,,0,0,True,1319,3913,1087221,5123,3392,2026-06-20T03:27:40.699009+00:00,1319,1319,267450,False,,0,False,,0,False,,,,False,,,
,,,,,,,,True,2026-06-18T01:01:05.562678+00:00,26,True,2026-06-19T19:29:06.687453+00:00,7029,True,2026-06-19T19:29:06.912449+00:00,515,True,2026-06-19T19:29:06.798451+00:00,503,True,2026-06-18T01:01:07.531640+00:00,[Known-object ADES submission].  Submission ID is 2026-06-18T01:01:06.753_0000C0P1,,False,2026-06-18T01:01:06.753_0000C0P1,,,,,20260617,0.0,0,8,0,0,0,0,0.19805825242718447,0.013761162201785953,413,102,515,30012,0,0,,0,,0,114,2,0,57,0,True,0,True,2026-06-20T04:41:57.131372+00:00,0,0,0,0,0,2026-06-20T04:41:57.131287+00:00,0,0,0,False,0,,0,0,True,0,413,30012,515,0,2026-06-20T04:41:55.344174+00:00,0,0,173,False,,0,True,2026-06-20T04:41:55.868288+00:00,0,False,,,,False,,,
,19,378,8,,19,378,8,True,2026-06-21T03:45:22.624188+00:00,1917,True,2026-06-21T01:06:35.376441+00:00,60293,True,2026-06-21T01:06:36.436421+00:00,3274,True,2026-06-21T01:06:35.914431+00:00,2931,True,2026-06-21T03:45:28.516074+00:00,[Known-object ADES submission].  Submission ID is 2026-06-21T03:45:26.122_0000C0oS,True,True,2026-06-21T03:45:26.122_0000C0oS,,19,378,8,20260620,0.5694444444444444,369,648,0,19,378,8,0.27367135003054366,0.009088511708433817,2378,896,3274,261649,378,19,1.0,405,1.0,405,3022,40,0,1096,0,True,19,True,2026-06-21T03:53:31.389239+00:00,19,19,0,57,57,2026-06-23T02:21:03.467211+00:00,0,19,0,True,19,2026-06-21T03:57:43.609582+00:00,0,19,True,405,2378,261649,3274,829,2026-06-21T03:49:28.958504+00:00,405,405,4158,True,2026-06-21T03:58:10.285341+00:00,0,True,2026-06-21T03:49:29.548413+00:00,19,False,,,,False,,,
,,17,,,,17,,True,2026-07-16T01:02:33.886668+00:00,123,True,2026-07-16T01:02:31.443713+00:00,11465,True,2026-07-16T01:02:31.747707+00:00,456,True,2026-07-16T01:02:31.593710+00:00,442,True,2026-07-16T01:02:37.424603+00:00,[Known-object ADES submission].  Submission ID is 2026-07-16T01:02:36.577_0000C3CF,True,True,2026-07-16T01:02:36.577_0000C3CF,,,17,,20260715,0.4722222222222222,17,36,0,0,17,0,0.09429824561403509,0.010283096382242363,413,43,456,40163,17,0,1.0,17,1.0,17,506,0,0,129,0,True,0,True,2026-07-16T01:04:53.737965+00:00,0,0,0,0,0,2026-07-16T01:04:53.737882+00:00,0,0,0,False,0,,0,0,True,17,413,40163,456,34,2026-07-16T01:04:51.249392+00:00,17,17,635,False,,0,True,2026-07-16T01:04:51.849146+00:00,0,False,,,,False,,,
