night,pair_id,field_id,cycle_id,repeat,mode,match_status,match_rule,planned_start_utc,actual_start_utc,actual_time_source,computed_time_residual_s,raw_file_name,raw_sequence_id,l2_file_name,input_manifest_hash
20260420,20260420:0978:0001,0978,1,1,normal,matched,monotonic_minimum_total_absolute_time_residual,2026-04-20T11:57:35Z,2026-04-20T12:21:45.672000Z,l2_obs_time_utc,1450.672,OBJ_MP_0978_0060.fits,0060,OBJ_MP_0978_0060_cat.fits.gz,dbb46a8e7c9ac8b676de38304feef9c2622d52b25c200fe3ca598e1949fb0263
20260420,20260420:0844:0001,0844,1,1,normal,matched,monotonic_minimum_total_absolute_time_residual,2026-04-20T11:58:55Z,2026-04-20T12:23:01.406000Z,l2_obs_time_utc,1446.406,OBJ_MP_0844_0061.fits,0061,OBJ_MP_0844_0061_cat.fits.gz,dbb46a8e7c9ac8b676de38304feef9c2622d52b25c200fe3ca598e1949fb0263
20260420,20260420:0710:0001,0710,1,1,normal,matched,monotonic_minimum_total_absolute_time_residual,2026-04-20T12:00:15Z,2026-04-20T12:24:16.318000Z,l2_obs_time_utc,1441.318,OBJ_MP_0710_0062.fits,0062,OBJ_MP_0710_0062_cat.fits.gz,dbb46a8e7c9ac8b676de38304feef9c2622d52b25c200fe3ca598e1949fb0263
20260420,20260420:1114:0001,1114,1,1,normal,matched,monotonic_minimum_total_absolute_time_residual,2026-04-20T12:01:35Z,2026-04-20T12:25:46.444000Z,l2_obs_time_utc,1451.444,OBJ_MP_1114_0063.fits,0063,OBJ_MP_1114_0063_cat.fits.gz,dbb46a8e7c9ac8b676de38304feef9c2622d52b25c200fe3ca598e1949fb0263
20260420,20260420:1248:0001,1248,1,1,normal,matched,monotonic_minimum_total_absolute_time_residual,2026-04-20T12:02:55Z,2026-04-20T12:27:00.189000Z,l2_obs_time_utc,1445.189,OBJ_MP_1248_0064.fits,0064,OBJ_MP_1248_0064_cat.fits.gz,dbb46a8e7c9ac8b676de38304feef9c2622d52b25c200fe3ca598e1949fb0263
20260420,20260420:0979:0001,0979,1,1,normal,matched,monotonic_minimum_total_absolute_time_residual,2026-04-20T12:04:15Z,2026-04-20T12:28:22.925000Z,l2_obs_time_utc,1447.925,OBJ_MP_0979_0065.fits,0065,OBJ_MP_0979_0065_cat.fits.gz,dbb46a8e7c9ac8b676de38304feef9c2622d52b25c200fe3ca598e1949fb0263
20260420,20260420:0845:0001,0845,1,1,normal,matched,monotonic_minimum_total_absolute_time_residual,2026-04-20T12:05:35Z,2026-04-20T12:29:37.783000Z,l2_obs_time_utc,1442.783,OBJ_MP_0845_0066.fits,0066,OBJ_MP_0845_0066_cat.fits.gz,dbb46a8e7c9ac8b676de38304feef9c2622d52b25c200fe3ca598e1949fb0263
20260420,20260420:0711:0001,0711,1,1,normal,matched,monotonic_minimum_total_absolute_time_residual,2026-04-20T12:06:55Z,2026-04-20T12:30:53.704000Z,l2_obs_time_utc,1438.704,OBJ_MP_0711_0067.fits,0067,OBJ_MP_0711_0067_cat.fits.gz,dbb46a8e7c9ac8b676de38304feef9c2622d52b25c200fe3ca598e1949fb0263
20260420,20260420:1115:0001,1115,1,1,normal,matched,monotonic_minimum_total_absolute_time_residual,2026-04-20T12:08:15Z,2026-04-20T12:32:22.723000Z,l2_obs_time_utc,1447.723,OBJ_MP_1115_0068.fits,0068,OBJ_MP_1115_0068_cat.fits.gz,dbb46a8e7c9ac8b676de38304feef9c2622d52b25c200fe3ca598e1949fb0263
20260420,20260420:1249:0001,1249,1,1,normal,matched,monotonic_minimum_total_absolute_time_residual,2026-04-20T12:09:35Z,2026-04-20T12:33:37.863000Z,l2_obs_time_utc,1442.863,OBJ_MP_1249_0069.fits,0069,OBJ_MP_1249_0069_cat.fits.gz,dbb46a8e7c9ac8b676de38304feef9c2622d52b25c200fe3ca598e1949fb0263
20260420,20260420:0980:0001,0980,1,1,normal,matched,monotonic_minimum_total_absolute_time_residual,2026-04-20T12:10:55Z,2026-04-20T12:35:00.945000Z,l2_obs_time_utc,1445.945,OBJ_MP_0980_0070.fits,0070,OBJ_MP_0980_0070_cat.fits.gz,dbb46a8e7c9ac8b676de38304feef9c2622d52b25c200fe3ca598e1949fb0263
20260420,20260420:1383:0001,1383,1,1,normal,matched,monotonic_minimum_total_absolute_time_residual,2026-04-20T12:12:15Z,2026-04-20T12:36:29.903000Z,l2_obs_time_utc,1454.903,OBJ_MP_1383_0071.fits,0071,OBJ_MP_1383_0071_cat.fits.gz,dbb46a8e7c9ac8b676de38304feef9c2622d52b25c200fe3ca598e1949fb0263
20260420,20260420:0846:0001,0846,1,1,normal,matched,monotonic_minimum_total_absolute_time_residual,2026-04-20T12:13:35Z,2026-04-20T12:38:04.583000Z,l2_obs_time_utc,1469.583,OBJ_MP_0846_0072.fits,0072,OBJ_MP_0846_0072_cat.fits.gz,dbb46a8e7c9ac8b676de38304feef9c2622d52b25c200fe3ca598e1949fb0263
20260420,20260420:0712:0001,0712,1,1,normal,matched,monotonic_minimum_total_absolute_time_residual,2026-04-20T12:14:55Z,2026-04-20T12:39:19.320000Z,l2_obs_time_utc,1464.32,OBJ_MP_0712_0073.fits,0073,OBJ_MP_0712_0073_cat.fits.gz,dbb46a8e7c9ac8b676de38304feef9c2622d52b25c200fe3ca598e1949fb0263
20260420,20260420:1116:0001,1116,1,1,normal,matched,monotonic_minimum_total_absolute_time_residual,2026-04-20T12:16:15Z,2026-04-20T12:40:47.781000Z,l2_obs_time_utc,1472.781,OBJ_MP_1116_0074.fits,0074,OBJ_MP_1116_0074_cat.fits.gz,dbb46a8e7c9ac8b676de38304feef9c2622d52b25c200fe3ca598e1949fb0263
20260420,20260420:1250:0001,1250,1,1,normal,matched,monotonic_minimum_total_absolute_time_residual,2026-04-20T12:17:35Z,2026-04-20T12:42:02.802000Z,l2_obs_time_utc,1467.802,OBJ_MP_1250_0075.fits,0075,OBJ_MP_1250_0075_cat.fits.gz,dbb46a8e7c9ac8b676de38304feef9c2622d52b25c200fe3ca598e1949fb0263
20260420,20260420:0981:0001,0981,1,1,normal,matched,monotonic_minimum_total_absolute_time_residual,2026-04-20T12:18:55Z,2026-04-20T12:43:25.766000Z,l2_obs_time_utc,1470.766,OBJ_MP_0981_0076.fits,0076,OBJ_MP_0981_0076_cat.fits.gz,dbb46a8e7c9ac8b676de38304feef9c2622d52b25c200fe3ca598e1949fb0263
20260420,20260420:0847:0001,0847,1,1,normal,matched,monotonic_minimum_total_absolute_time_residual,2026-04-20T12:20:15Z,2026-04-20T12:44:40.681000Z,l2_obs_time_utc,1465.681,OBJ_MP_0847_0077.fits,0077,OBJ_MP_0847_0077_cat.fits.gz,dbb46a8e7c9ac8b676de38304feef9c2622d52b25c200fe3ca598e1949fb0263
20260420,20260420:1384:0001,1384,1,1,normal,matched,monotonic_minimum_total_absolute_time_residual,2026-04-20T12:21:35Z,2026-04-20T12:46:15.375000Z,l2_obs_time_utc,1480.375,OBJ_MP_1384_0078.fits,0078,OBJ_MP_1384_0078_cat.fits.gz,dbb46a8e7c9ac8b676de38304feef9c2622d52b25c200fe3ca598e1949fb0263
20260420,20260420:0713:0001,0713,1,1,normal,matched,monotonic_minimum_total_absolute_time_residual,2026-04-20T12:22:55Z,2026-04-20T12:47:55.553000Z,l2_obs_time_utc,1500.553,OBJ_MP_0713_0079.fits,0079,OBJ_MP_0713_0079_cat.fits.gz,dbb46a8e7c9ac8b676de38304feef9c2622d52b25c200fe3ca598e1949fb0263
20260420,20260420:1517:0001,1517,1,1,normal,matched,monotonic_minimum_total_absolute_time_residual,2026-04-20T12:24:15Z,2026-04-20T12:49:40.308000Z,l2_obs_time_utc,1525.308,OBJ_MP_1517_0080.fits,0080,OBJ_MP_1517_0080_cat.fits.gz,dbb46a8e7c9ac8b676de38304feef9c2622d52b25c200fe3ca598e1949fb0263
20260420,20260420:1117:0001,1117,1,1,normal,matched,monotonic_minimum_total_absolute_time_residual,2026-04-20T12:25:35Z,2026-04-20T12:51:11.355000Z,l2_obs_time_utc,1536.355,OBJ_MP_1117_0081.fits,0081,OBJ_MP_1117_0081_cat.fits.gz,dbb46a8e7c9ac8b676de38304feef9c2622d52b25c200fe3ca598e1949fb0263
20260420,20260420:0978:0002,0978,1,2,normal,matched,monotonic_minimum_total_absolute_time_residual,2026-04-20T12:27:35Z,2026-04-20T12:52:42.167000Z,l2_obs_time_utc,1507.167,OBJ_MP_0978_0082.fits,0082,OBJ_MP_0978_0082_cat.fits.gz,dbb46a8e7c9ac8b676de38304feef9c2622d52b25c200fe3ca598e1949fb0263
20260420,20260420:0844:0002,0844,1,2,normal,matched,monotonic_minimum_total_absolute_time_residual,2026-04-20T12:28:55Z,2026-04-20T12:53:56.716000Z,l2_obs_time_utc,1501.716,OBJ_MP_0844_0083.fits,0083,OBJ_MP_0844_0083_cat.fits.gz,dbb46a8e7c9ac8b676de38304feef9c2622d52b25c200fe3ca598e1949fb0263
20260420,20260420:0710:0002,0710,1,2,normal,matched,monotonic_minimum_total_absolute_time_residual,2026-04-20T12:30:15Z,2026-04-20T12:55:11.603000Z,l2_obs_time_utc,1496.603,OBJ_MP_0710_0084.fits,0084,OBJ_MP_0710_0084_cat.fits.gz,dbb46a8e7c9ac8b676de38304feef9c2622d52b25c200fe3ca598e1949fb0263
20260420,20260420:1114:0002,1114,1,2,normal,matched,monotonic_minimum_total_absolute_time_residual,2026-04-20T12:31:35Z,2026-04-20T12:56:41.252000Z,l2_obs_time_utc,1506.252,OBJ_MP_1114_0085.fits,0085,OBJ_MP_1114_0085_cat.fits.gz,dbb46a8e7c9ac8b676de38304feef9c2622d52b25c200fe3ca598e1949fb0263
20260420,20260420:1248:0002,1248,1,2,normal,matched,monotonic_minimum_total_absolute_time_residual,2026-04-20T12:32:55Z,2026-04-20T12:57:55.238000Z,l2_obs_time_utc,1500.238,OBJ_MP_1248_0086.fits,0086,OBJ_MP_1248_0086_cat.fits.gz,dbb46a8e7c9ac8b676de38304feef9c2622d52b25c200fe3ca598e1949fb0263
20260420,20260420:0979:0002,0979,1,2,normal,matched,monotonic_minimum_total_absolute_time_residual,2026-04-20T12:34:15Z,2026-04-20T12:59:17.811000Z,l2_obs_time_utc,1502.811,OBJ_MP_0979_0087.fits,0087,OBJ_MP_0979_0087_cat.fits.gz,dbb46a8e7c9ac8b676de38304feef9c2622d52b25c200fe3ca598e1949fb0263
20260420,20260420:0845:0002,0845,1,2,normal,matched,monotonic_minimum_total_absolute_time_residual,2026-04-20T12:35:35Z,2026-04-20T13:00:32.722000Z,l2_obs_time_utc,1497.722,OBJ_MP_0845_0088.fits,0088,OBJ_MP_0845_0088_cat.fits.gz,dbb46a8e7c9ac8b676de38304feef9c2622d52b25c200fe3ca598e1949fb0263
20260420,20260420:0711:0002,0711,1,2,normal,matched,monotonic_minimum_total_absolute_time_residual,2026-04-20T12:36:55Z,2026-04-20T13:01:48.526000Z,l2_obs_time_utc,1493.526,OBJ_MP_0711_0089.fits,0089,OBJ_MP_0711_0089_cat.fits.gz,dbb46a8e7c9ac8b676de38304feef9c2622d52b25c200fe3ca598e1949fb0263
20260420,20260420:1115:0002,1115,1,2,normal,matched,monotonic_minimum_total_absolute_time_residual,2026-04-20T12:38:15Z,2026-04-20T13:03:16.584000Z,l2_obs_time_utc,1501.584,OBJ_MP_1115_0090.fits,0090,OBJ_MP_1115_0090_cat.fits.gz,dbb46a8e7c9ac8b676de38304feef9c2622d52b25c200fe3ca598e1949fb0263
20260420,20260420:1249:0002,1249,1,2,normal,matched,monotonic_minimum_total_absolute_time_residual,2026-04-20T12:39:35Z,2026-04-20T13:04:30.263000Z,l2_obs_time_utc,1495.263,OBJ_MP_1249_0091.fits,0091,OBJ_MP_1249_0091_cat.fits.gz,dbb46a8e7c9ac8b676de38304feef9c2622d52b25c200fe3ca598e1949fb0263
20260420,20260420:0980:0002,0980,1,2,normal,matched,monotonic_minimum_total_absolute_time_residual,2026-04-20T12:40:55Z,2026-04-20T13:05:52.619000Z,l2_obs_time_utc,1497.619,OBJ_MP_0980_0092.fits,0092,OBJ_MP_0980_0092_cat.fits.gz,dbb46a8e7c9ac8b676de38304feef9c2622d52b25c200fe3ca598e1949fb0263
20260420,20260420:1383:0002,1383,1,2,normal,matched,monotonic_minimum_total_absolute_time_residual,2026-04-20T12:42:15Z,2026-04-20T13:07:21.154000Z,l2_obs_time_utc,1506.154,OBJ_MP_1383_0093.fits,0093,OBJ_MP_1383_0093_cat.fits.gz,dbb46a8e7c9ac8b676de38304feef9c2622d52b25c200fe3ca598e1949fb0263
20260420,20260420:0846:0002,0846,1,2,normal,matched,monotonic_minimum_total_absolute_time_residual,2026-04-20T12:43:35Z,2026-04-20T13:08:56.694000Z,l2_obs_time_utc,1521.694,OBJ_MP_0846_0094.fits,0094,OBJ_MP_0846_0094_cat.fits.gz,dbb46a8e7c9ac8b676de38304feef9c2622d52b25c200fe3ca598e1949fb0263
20260420,20260420:0712:0002,0712,1,2,normal,matched,monotonic_minimum_total_absolute_time_residual,2026-04-20T12:44:55Z,2026-04-20T13:10:12.791000Z,l2_obs_time_utc,1517.791,OBJ_MP_0712_0095.fits,0095,OBJ_MP_0712_0095_cat.fits.gz,dbb46a8e7c9ac8b676de38304feef9c2622d52b25c200fe3ca598e1949fb0263
20260420,20260420:1116:0002,1116,1,2,normal,matched,monotonic_minimum_total_absolute_time_residual,2026-04-20T12:46:15Z,2026-04-20T13:11:41.593000Z,l2_obs_time_utc,1526.593,OBJ_MP_1116_0096.fits,0096,OBJ_MP_1116_0096_cat.fits.gz,dbb46a8e7c9ac8b676de38304feef9c2622d52b25c200fe3ca598e1949fb0263
20260420,20260420:1250:0002,1250,1,2,normal,matched,monotonic_minimum_total_absolute_time_residual,2026-04-20T12:47:35Z,2026-04-20T13:12:55.105000Z,l2_obs_time_utc,1520.105,OBJ_MP_1250_0097.fits,0097,OBJ_MP_1250_0097_cat.fits.gz,dbb46a8e7c9ac8b676de38304feef9c2622d52b25c200fe3ca598e1949fb0263
20260420,20260420:0981:0002,0981,1,2,normal,matched,monotonic_minimum_total_absolute_time_residual,2026-04-20T12:48:55Z,2026-04-20T13:14:17.855000Z,l2_obs_time_utc,1522.855,OBJ_MP_0981_0098.fits,0098,OBJ_MP_0981_0098_cat.fits.gz,dbb46a8e7c9ac8b676de38304feef9c2622d52b25c200fe3ca598e1949fb0263
20260420,20260420:0847:0002,0847,1,2,normal,matched,monotonic_minimum_total_absolute_time_residual,2026-04-20T12:50:15Z,2026-04-20T13:15:33.046000Z,l2_obs_time_utc,1518.046,OBJ_MP_0847_0099.fits,0099,OBJ_MP_0847_0099_cat.fits.gz,dbb46a8e7c9ac8b676de38304feef9c2622d52b25c200fe3ca598e1949fb0263
20260420,20260420:1384:0002,1384,1,2,normal,matched,monotonic_minimum_total_absolute_time_residual,2026-04-20T12:51:35Z,2026-04-20T13:17:07.674000Z,l2_obs_time_utc,1532.674,OBJ_MP_1384_0100.fits,0100,OBJ_MP_1384_0100_cat.fits.gz,dbb46a8e7c9ac8b676de38304feef9c2622d52b25c200fe3ca598e1949fb0263
20260420,20260420:0713:0002,0713,1,2,normal,matched,monotonic_minimum_total_absolute_time_residual,2026-04-20T12:52:55Z,2026-04-20T13:18:47.764000Z,l2_obs_time_utc,1552.764,OBJ_MP_0713_0101.fits,0101,OBJ_MP_0713_0101_cat.fits.gz,dbb46a8e7c9ac8b676de38304feef9c2622d52b25c200fe3ca598e1949fb0263
20260420,20260420:1517:0002,1517,1,2,normal,matched,monotonic_minimum_total_absolute_time_residual,2026-04-20T12:54:15Z,2026-04-20T13:20:32.397000Z,l2_obs_time_utc,1577.397,OBJ_MP_1517_0102.fits,0102,OBJ_MP_1517_0102_cat.fits.gz,dbb46a8e7c9ac8b676de38304feef9c2622d52b25c200fe3ca598e1949fb0263
20260420,20260420:1117:0002,1117,1,2,normal,matched,monotonic_minimum_total_absolute_time_residual,2026-04-20T12:55:35Z,2026-04-20T13:22:04.420000Z,l2_obs_time_utc,1589.42,OBJ_MP_1117_0103.fits,0103,OBJ_MP_1117_0103_cat.fits.gz,dbb46a8e7c9ac8b676de38304feef9c2622d52b25c200fe3ca598e1949fb0263
20260420,20260420:0978:0003,0978,1,3,normal,matched,monotonic_minimum_total_absolute_time_residual,2026-04-20T12:57:35Z,2026-04-20T13:23:36.452000Z,l2_obs_time_utc,1561.452,OBJ_MP_0978_0104.fits,0104,OBJ_MP_0978_0104_cat.fits.gz,dbb46a8e7c9ac8b676de38304feef9c2622d52b25c200fe3ca598e1949fb0263
20260420,20260420:0844:0003,0844,1,3,normal,matched,monotonic_minimum_total_absolute_time_residual,2026-04-20T12:58:55Z,2026-04-20T13:24:52.406000Z,l2_obs_time_utc,1557.406,OBJ_MP_0844_0105.fits,0105,OBJ_MP_0844_0105_cat.fits.gz,dbb46a8e7c9ac8b676de38304feef9c2622d52b25c200fe3ca598e1949fb0263
20260420,20260420:0710:0003,0710,1,3,normal,matched,monotonic_minimum_total_absolute_time_residual,2026-04-20T13:00:15Z,2026-04-20T13:26:07.071000Z,l2_obs_time_utc,1552.071,OBJ_MP_0710_0106.fits,0106,OBJ_MP_0710_0106_cat.fits.gz,dbb46a8e7c9ac8b676de38304feef9c2622d52b25c200fe3ca598e1949fb0263
20260420,20260420:1114:0003,1114,1,3,normal,matched,monotonic_minimum_total_absolute_time_residual,2026-04-20T13:01:35Z,2026-04-20T13:27:37.424000Z,l2_obs_time_utc,1562.424,OBJ_MP_1114_0107.fits,0107,OBJ_MP_1114_0107_cat.fits.gz,dbb46a8e7c9ac8b676de38304feef9c2622d52b25c200fe3ca598e1949fb0263
20260420,20260420:1248:0003,1248,1,3,normal,matched,monotonic_minimum_total_absolute_time_residual,2026-04-20T13:02:55Z,2026-04-20T13:28:50.090000Z,l2_obs_time_utc,1555.09,OBJ_MP_1248_0108.fits,0108,OBJ_MP_1248_0108_cat.fits.gz,dbb46a8e7c9ac8b676de38304feef9c2622d52b25c200fe3ca598e1949fb0263
20260420,20260420:0979:0003,0979,1,3,normal,matched,monotonic_minimum_total_absolute_time_residual,2026-04-20T13:04:15Z,2026-04-20T13:30:13.168000Z,l2_obs_time_utc,1558.168,OBJ_MP_0979_0109.fits,0109,OBJ_MP_0979_0109_cat.fits.gz,dbb46a8e7c9ac8b676de38304feef9c2622d52b25c200fe3ca598e1949fb0263
20260420,20260420:0845:0003,0845,1,3,normal,matched,monotonic_minimum_total_absolute_time_residual,2026-04-20T13:05:35Z,2026-04-20T13:31:27.695000Z,l2_obs_time_utc,1552.695,OBJ_MP_0845_0110.fits,0110,OBJ_MP_0845_0110_cat.fits.gz,dbb46a8e7c9ac8b676de38304feef9c2622d52b25c200fe3ca598e1949fb0263
20260420,20260420:0711:0003,0711,1,3,normal,matched,monotonic_minimum_total_absolute_time_residual,2026-04-20T13:06:55Z,2026-04-20T13:32:42.277000Z,l2_obs_time_utc,1547.277,OBJ_MP_0711_0111.fits,0111,OBJ_MP_0711_0111_cat.fits.gz,dbb46a8e7c9ac8b676de38304feef9c2622d52b25c200fe3ca598e1949fb0263
20260420,20260420:1115:0003,1115,1,3,normal,matched,monotonic_minimum_total_absolute_time_residual,2026-04-20T13:08:15Z,2026-04-20T13:34:12.173000Z,l2_obs_time_utc,1557.173,OBJ_MP_1115_0112.fits,0112,OBJ_MP_1115_0112_cat.fits.gz,dbb46a8e7c9ac8b676de38304feef9c2622d52b25c200fe3ca598e1949fb0263
20260420,20260420:1249:0003,1249,1,3,normal,matched,monotonic_minimum_total_absolute_time_residual,2026-04-20T13:09:35Z,2026-04-20T13:35:25.800000Z,l2_obs_time_utc,1550.8,OBJ_MP_1249_0113.fits,0113,OBJ_MP_1249_0113_cat.fits.gz,dbb46a8e7c9ac8b676de38304feef9c2622d52b25c200fe3ca598e1949fb0263
20260420,20260420:0980:0003,0980,1,3,normal,matched,monotonic_minimum_total_absolute_time_residual,2026-04-20T13:10:55Z,2026-04-20T13:36:48.542000Z,l2_obs_time_utc,1553.542,OBJ_MP_0980_0114.fits,0114,OBJ_MP_0980_0114_cat.fits.gz,dbb46a8e7c9ac8b676de38304feef9c2622d52b25c200fe3ca598e1949fb0263
20260420,20260420:1383:0003,1383,1,3,normal,matched,monotonic_minimum_total_absolute_time_residual,2026-04-20T13:12:15Z,2026-04-20T13:38:17.350000Z,l2_obs_time_utc,1562.35,OBJ_MP_1383_0115.fits,0115,OBJ_MP_1383_0115_cat.fits.gz,dbb46a8e7c9ac8b676de38304feef9c2622d52b25c200fe3ca598e1949fb0263
20260420,20260420:0846:0003,0846,1,3,normal,matched,monotonic_minimum_total_absolute_time_residual,2026-04-20T13:13:35Z,2026-04-20T13:39:53.471000Z,l2_obs_time_utc,1578.471,OBJ_MP_0846_0116.fits,0116,OBJ_MP_0846_0116_cat.fits.gz,dbb46a8e7c9ac8b676de38304feef9c2622d52b25c200fe3ca598e1949fb0263
20260420,20260420:0712:0003,0712,1,3,normal,matched,monotonic_minimum_total_absolute_time_residual,2026-04-20T13:14:55Z,2026-04-20T13:41:09.443000Z,l2_obs_time_utc,1574.443,OBJ_MP_0712_0117.fits,0117,OBJ_MP_0712_0117_cat.fits.gz,dbb46a8e7c9ac8b676de38304feef9c2622d52b25c200fe3ca598e1949fb0263
20260420,20260420:1116:0003,1116,1,3,normal,matched,monotonic_minimum_total_absolute_time_residual,2026-04-20T13:16:15Z,2026-04-20T13:42:38.298000Z,l2_obs_time_utc,1583.298,OBJ_MP_1116_0118.fits,0118,OBJ_MP_1116_0118_cat.fits.gz,dbb46a8e7c9ac8b676de38304feef9c2622d52b25c200fe3ca598e1949fb0263
20260420,20260420:1250:0003,1250,1,3,normal,matched,monotonic_minimum_total_absolute_time_residual,2026-04-20T13:17:35Z,2026-04-20T13:43:53.368000Z,l2_obs_time_utc,1578.368,OBJ_MP_1250_0119.fits,0119,OBJ_MP_1250_0119_cat.fits.gz,dbb46a8e7c9ac8b676de38304feef9c2622d52b25c200fe3ca598e1949fb0263
20260420,20260420:0981:0003,0981,1,3,normal,matched,monotonic_minimum_total_absolute_time_residual,2026-04-20T13:18:55Z,2026-04-20T13:45:16.455000Z,l2_obs_time_utc,1581.455,OBJ_MP_0981_0120.fits,0120,OBJ_MP_0981_0120_cat.fits.gz,dbb46a8e7c9ac8b676de38304feef9c2622d52b25c200fe3ca598e1949fb0263
20260420,20260420:0847:0003,0847,1,3,normal,matched,monotonic_minimum_total_absolute_time_residual,2026-04-20T13:20:15Z,2026-04-20T13:46:31.360000Z,l2_obs_time_utc,1576.36,OBJ_MP_0847_0121.fits,0121,OBJ_MP_0847_0121_cat.fits.gz,dbb46a8e7c9ac8b676de38304feef9c2622d52b25c200fe3ca598e1949fb0263
20260420,20260420:1384:0003,1384,1,3,normal,matched,monotonic_minimum_total_absolute_time_residual,2026-04-20T13:21:35Z,2026-04-20T13:48:06.141000Z,l2_obs_time_utc,1591.141,OBJ_MP_1384_0122.fits,0122,OBJ_MP_1384_0122_cat.fits.gz,dbb46a8e7c9ac8b676de38304feef9c2622d52b25c200fe3ca598e1949fb0263
20260420,20260420:0713:0003,0713,1,3,normal,matched,monotonic_minimum_total_absolute_time_residual,2026-04-20T13:22:55Z,2026-04-20T13:49:47.480000Z,l2_obs_time_utc,1612.48,OBJ_MP_0713_0123.fits,0123,OBJ_MP_0713_0123_cat.fits.gz,dbb46a8e7c9ac8b676de38304feef9c2622d52b25c200fe3ca598e1949fb0263
20260420,20260420:1517:0003,1517,1,3,normal,matched,monotonic_minimum_total_absolute_time_residual,2026-04-20T13:24:15Z,2026-04-20T13:51:31.526000Z,l2_obs_time_utc,1636.526,OBJ_MP_1517_0124.fits,0124,OBJ_MP_1517_0124_cat.fits.gz,dbb46a8e7c9ac8b676de38304feef9c2622d52b25c200fe3ca598e1949fb0263
20260420,20260420:1117:0003,1117,1,3,normal,matched,monotonic_minimum_total_absolute_time_residual,2026-04-20T13:25:35Z,2026-04-20T13:53:02.230000Z,l2_obs_time_utc,1647.23,OBJ_MP_1117_0125.fits,0125,OBJ_MP_1117_0125_cat.fits.gz,dbb46a8e7c9ac8b676de38304feef9c2622d52b25c200fe3ca598e1949fb0263
20260420,20260420:0855:0001,0855,2,1,normal,matched,monotonic_minimum_total_absolute_time_residual,2026-04-20T13:26:55Z,2026-04-20T13:54:44.877000Z,l2_obs_time_utc,1669.877,OBJ_MP_0855_0126.fits,0126,OBJ_MP_0855_0126_cat.fits.gz,dbb46a8e7c9ac8b676de38304feef9c2622d52b25c200fe3ca598e1949fb0263
20260420,20260420:0721:0001,0721,2,1,normal,matched,monotonic_minimum_total_absolute_time_residual,2026-04-20T13:28:15Z,2026-04-20T13:56:00.277000Z,l2_obs_time_utc,1665.277,OBJ_MP_0721_0127.fits,0127,OBJ_MP_0721_0127_cat.fits.gz,dbb46a8e7c9ac8b676de38304feef9c2622d52b25c200fe3ca598e1949fb0263
20260420,20260420:0588:0001,0588,2,1,normal,matched,monotonic_minimum_total_absolute_time_residual,2026-04-20T13:29:35Z,2026-04-20T13:57:15.837000Z,l2_obs_time_utc,1660.837,OBJ_MP_0588_0128.fits,0128,OBJ_MP_0588_0128_cat.fits.gz,dbb46a8e7c9ac8b676de38304feef9c2622d52b25c200fe3ca598e1949fb0263
20260420,20260420:0990:0001,0990,2,1,normal,matched,monotonic_minimum_total_absolute_time_residual,2026-04-20T13:30:55Z,2026-04-20T13:58:46.651000Z,l2_obs_time_utc,1671.651,OBJ_MP_0990_0129.fits,0129,OBJ_MP_0990_0129_cat.fits.gz,dbb46a8e7c9ac8b676de38304feef9c2622d52b25c200fe3ca598e1949fb0263
20260420,20260420:1125:0001,1125,2,1,normal,matched,monotonic_minimum_total_absolute_time_residual,2026-04-20T13:32:15Z,2026-04-20T14:00:02.924000Z,l2_obs_time_utc,1667.924,OBJ_MP_1125_0130.fits,0130,OBJ_MP_1125_0130_cat.fits.gz,dbb46a8e7c9ac8b676de38304feef9c2622d52b25c200fe3ca598e1949fb0263
20260420,20260420:0856:0001,0856,2,1,normal,matched,monotonic_minimum_total_absolute_time_residual,2026-04-20T13:33:35Z,2026-04-20T14:01:26.546000Z,l2_obs_time_utc,1671.546,OBJ_MP_0856_0131.fits,0131,OBJ_MP_0856_0131_cat.fits.gz,dbb46a8e7c9ac8b676de38304feef9c2622d52b25c200fe3ca598e1949fb0263
20260420,20260420:0722:0001,0722,2,1,normal,matched,monotonic_minimum_total_absolute_time_residual,2026-04-20T13:34:55Z,2026-04-20T14:02:41.135000Z,l2_obs_time_utc,1666.135,OBJ_MP_0722_0132.fits,0132,OBJ_MP_0722_0132_cat.fits.gz,dbb46a8e7c9ac8b676de38304feef9c2622d52b25c200fe3ca598e1949fb0263
20260420,20260420:0589:0001,0589,2,1,normal,matched,monotonic_minimum_total_absolute_time_residual,2026-04-20T13:36:15Z,2026-04-20T14:03:57.926000Z,l2_obs_time_utc,1662.926,OBJ_MP_0589_0133.fits,0133,OBJ_MP_0589_0133_cat.fits.gz,dbb46a8e7c9ac8b676de38304feef9c2622d52b25c200fe3ca598e1949fb0263
20260420,20260420:0991:0001,0991,2,1,normal,matched,monotonic_minimum_total_absolute_time_residual,2026-04-20T13:37:35Z,2026-04-20T14:05:27.444000Z,l2_obs_time_utc,1672.444,OBJ_MP_0991_0134.fits,0134,OBJ_MP_0991_0134_cat.fits.gz,dbb46a8e7c9ac8b676de38304feef9c2622d52b25c200fe3ca598e1949fb0263
20260420,20260420:1126:0001,1126,2,1,normal,matched,monotonic_minimum_total_absolute_time_residual,2026-04-20T13:38:55Z,2026-04-20T14:06:41.972000Z,l2_obs_time_utc,1666.972,OBJ_MP_1126_0135.fits,0135,OBJ_MP_1126_0135_cat.fits.gz,dbb46a8e7c9ac8b676de38304feef9c2622d52b25c200fe3ca598e1949fb0263
20260420,20260420:0857:0001,0857,2,1,normal,matched,monotonic_minimum_total_absolute_time_residual,2026-04-20T13:40:15Z,2026-04-20T14:08:06.147000Z,l2_obs_time_utc,1671.147,OBJ_MP_0857_0136.fits,0136,OBJ_MP_0857_0136_cat.fits.gz,dbb46a8e7c9ac8b676de38304feef9c2622d52b25c200fe3ca598e1949fb0263
20260420,20260420:1260:0001,1260,2,1,normal,matched,monotonic_minimum_total_absolute_time_residual,2026-04-20T13:41:35Z,2026-04-20T14:09:34.983000Z,l2_obs_time_utc,1679.983,OBJ_MP_1260_0137.fits,0137,OBJ_MP_1260_0137_cat.fits.gz,dbb46a8e7c9ac8b676de38304feef9c2622d52b25c200fe3ca598e1949fb0263
20260420,20260420:0723:0001,0723,2,1,normal,matched,monotonic_minimum_total_absolute_time_residual,2026-04-20T13:42:55Z,2026-04-20T14:11:11.999000Z,l2_obs_time_utc,1696.999,OBJ_MP_0723_0138.fits,0138,OBJ_MP_0723_0138_cat.fits.gz,dbb46a8e7c9ac8b676de38304feef9c2622d52b25c200fe3ca598e1949fb0263
20260420,20260420:0590:0001,0590,2,1,normal,matched,monotonic_minimum_total_absolute_time_residual,2026-04-20T13:44:15Z,2026-04-20T14:12:28.102000Z,l2_obs_time_utc,1693.102,OBJ_MP_0590_0139.fits,0139,OBJ_MP_0590_0139_cat.fits.gz,dbb46a8e7c9ac8b676de38304feef9c2622d52b25c200fe3ca598e1949fb0263
20260420,20260420:0992:0001,0992,2,1,normal,matched,monotonic_minimum_total_absolute_time_residual,2026-04-20T13:45:35Z,2026-04-20T14:13:56.890000Z,l2_obs_time_utc,1701.89,OBJ_MP_0992_0140.fits,0140,OBJ_MP_0992_0140_cat.fits.gz,dbb46a8e7c9ac8b676de38304feef9c2622d52b25c200fe3ca598e1949fb0263
20260420,20260420:1127:0001,1127,2,1,normal,matched,monotonic_minimum_total_absolute_time_residual,2026-04-20T13:46:55Z,2026-04-20T14:15:14.586000Z,l2_obs_time_utc,1699.586,OBJ_MP_1127_0141.fits,0141,OBJ_MP_1127_0141_cat.fits.gz,dbb46a8e7c9ac8b676de38304feef9c2622d52b25c200fe3ca598e1949fb0263
20260420,20260420:0858:0001,0858,2,1,normal,matched,monotonic_minimum_total_absolute_time_residual,2026-04-20T13:48:15Z,2026-04-20T14:16:38.646000Z,l2_obs_time_utc,1703.646,OBJ_MP_0858_0142.fits,0142,OBJ_MP_0858_0142_cat.fits.gz,dbb46a8e7c9ac8b676de38304feef9c2622d52b25c200fe3ca598e1949fb0263
20260420,20260420:1261:0001,1261,2,1,normal,matched,monotonic_minimum_total_absolute_time_residual,2026-04-20T13:49:35Z,2026-04-20T14:18:08.230000Z,l2_obs_time_utc,1713.23,OBJ_MP_1261_0143.fits,0143,OBJ_MP_1261_0143_cat.fits.gz,dbb46a8e7c9ac8b676de38304feef9c2622d52b25c200fe3ca598e1949fb0263
20260420,20260420:0724:0001,0724,2,1,normal,matched,monotonic_minimum_total_absolute_time_residual,2026-04-20T13:50:55Z,2026-04-20T14:19:45Z,l2_obs_time_utc,1730.0,OBJ_MP_0724_0144.fits,0144,OBJ_MP_0724_0144_cat.fits.gz,dbb46a8e7c9ac8b676de38304feef9c2622d52b25c200fe3ca598e1949fb0263
20260420,20260420:1395:0001,1395,2,1,normal,matched,monotonic_minimum_total_absolute_time_residual,2026-04-20T13:52:15Z,2026-04-20T14:21:25.602000Z,l2_obs_time_utc,1750.602,OBJ_MP_1395_0145.fits,0145,OBJ_MP_1395_0145_cat.fits.gz,dbb46a8e7c9ac8b676de38304feef9c2622d52b25c200fe3ca598e1949fb0263
20260420,20260420:0591:0001,0591,2,1,normal,matched,monotonic_minimum_total_absolute_time_residual,2026-04-20T13:53:35Z,2026-04-20T14:23:11.430000Z,l2_obs_time_utc,1776.43,OBJ_MP_0591_0146.fits,0146,OBJ_MP_0591_0146_cat.fits.gz,dbb46a8e7c9ac8b676de38304feef9c2622d52b25c200fe3ca598e1949fb0263
20260420,20260420:0993:0001,0993,2,1,normal,matched,monotonic_minimum_total_absolute_time_residual,2026-04-20T13:54:55Z,2026-04-20T14:24:40.985000Z,l2_obs_time_utc,1785.985,OBJ_MP_0993_0147.fits,0147,OBJ_MP_0993_0147_cat.fits.gz,dbb46a8e7c9ac8b676de38304feef9c2622d52b25c200fe3ca598e1949fb0263
20260420,20260420:0855:0002,0855,2,2,normal,matched,monotonic_minimum_total_absolute_time_residual,2026-04-20T13:56:55Z,2026-04-20T14:26:10.689000Z,l2_obs_time_utc,1755.689,OBJ_MP_0855_0148.fits,0148,OBJ_MP_0855_0148_cat.fits.gz,dbb46a8e7c9ac8b676de38304feef9c2622d52b25c200fe3ca598e1949fb0263
20260420,20260420:0721:0002,0721,2,2,normal,matched,monotonic_minimum_total_absolute_time_residual,2026-04-20T13:58:15Z,2026-04-20T14:27:26.991000Z,l2_obs_time_utc,1751.991,OBJ_MP_0721_0149.fits,0149,OBJ_MP_0721_0149_cat.fits.gz,dbb46a8e7c9ac8b676de38304feef9c2622d52b25c200fe3ca598e1949fb0263
20260420,20260420:0588:0002,0588,2,2,normal,matched,monotonic_minimum_total_absolute_time_residual,2026-04-20T13:59:35Z,2026-04-20T14:28:44.160000Z,l2_obs_time_utc,1749.16,OBJ_MP_0588_0150.fits,0150,OBJ_MP_0588_0150_cat.fits.gz,dbb46a8e7c9ac8b676de38304feef9c2622d52b25c200fe3ca598e1949fb0263
20260420,20260420:0990:0002,0990,2,2,normal,matched,monotonic_minimum_total_absolute_time_residual,2026-04-20T14:00:55Z,2026-04-20T14:30:12.603000Z,l2_obs_time_utc,1757.603,OBJ_MP_0990_0151.fits,0151,OBJ_MP_0990_0151_cat.fits.gz,dbb46a8e7c9ac8b676de38304feef9c2622d52b25c200fe3ca598e1949fb0263
20260420,20260420:1125:0002,1125,2,2,normal,matched,monotonic_minimum_total_absolute_time_residual,2026-04-20T14:02:15Z,2026-04-20T14:31:27.765000Z,l2_obs_time_utc,1752.765,OBJ_MP_1125_0152.fits,0152,OBJ_MP_1125_0152_cat.fits.gz,dbb46a8e7c9ac8b676de38304feef9c2622d52b25c200fe3ca598e1949fb0263
20260420,20260420:0856:0002,0856,2,2,normal,matched,monotonic_minimum_total_absolute_time_residual,2026-04-20T14:03:35Z,2026-04-20T14:32:51.683000Z,l2_obs_time_utc,1756.683,OBJ_MP_0856_0153.fits,0153,OBJ_MP_0856_0153_cat.fits.gz,dbb46a8e7c9ac8b676de38304feef9c2622d52b25c200fe3ca598e1949fb0263
20260420,20260420:0722:0002,0722,2,2,normal,matched,monotonic_minimum_total_absolute_time_residual,2026-04-20T14:04:55Z,2026-04-20T14:34:06.144000Z,l2_obs_time_utc,1751.144,OBJ_MP_0722_0154.fits,0154,OBJ_MP_0722_0154_cat.fits.gz,dbb46a8e7c9ac8b676de38304feef9c2622d52b25c200fe3ca598e1949fb0263
20260420,20260420:0589:0002,0589,2,2,normal,matched,monotonic_minimum_total_absolute_time_residual,2026-04-20T14:06:15Z,2026-04-20T14:35:21.908000Z,l2_obs_time_utc,1746.908,OBJ_MP_0589_0155.fits,0155,OBJ_MP_0589_0155_cat.fits.gz,dbb46a8e7c9ac8b676de38304feef9c2622d52b25c200fe3ca598e1949fb0263
20260420,20260420:0991:0002,0991,2,2,normal,matched,monotonic_minimum_total_absolute_time_residual,2026-04-20T14:07:35Z,2026-04-20T14:36:52.095000Z,l2_obs_time_utc,1757.095,OBJ_MP_0991_0156.fits,0156,OBJ_MP_0991_0156_cat.fits.gz,dbb46a8e7c9ac8b676de38304feef9c2622d52b25c200fe3ca598e1949fb0263
20260420,20260420:1126:0002,1126,2,2,normal,matched,monotonic_minimum_total_absolute_time_residual,2026-04-20T14:08:55Z,2026-04-20T14:38:07.058000Z,l2_obs_time_utc,1752.058,OBJ_MP_1126_0157.fits,0157,OBJ_MP_1126_0157_cat.fits.gz,dbb46a8e7c9ac8b676de38304feef9c2622d52b25c200fe3ca598e1949fb0263
20260420,20260420:0857:0002,0857,2,2,normal,matched,monotonic_minimum_total_absolute_time_residual,2026-04-20T14:10:15Z,2026-04-20T14:39:31.158000Z,l2_obs_time_utc,1756.158,OBJ_MP_0857_0158.fits,0158,OBJ_MP_0857_0158_cat.fits.gz,dbb46a8e7c9ac8b676de38304feef9c2622d52b25c200fe3ca598e1949fb0263
20260420,20260420:1260:0002,1260,2,2,normal,matched,monotonic_minimum_total_absolute_time_residual,2026-04-20T14:11:35Z,2026-04-20T14:41:00.900000Z,l2_obs_time_utc,1765.9,OBJ_MP_1260_0159.fits,0159,OBJ_MP_1260_0159_cat.fits.gz,dbb46a8e7c9ac8b676de38304feef9c2622d52b25c200fe3ca598e1949fb0263
20260420,20260420:0723:0002,0723,2,2,normal,matched,monotonic_minimum_total_absolute_time_residual,2026-04-20T14:12:55Z,2026-04-20T14:42:37.443000Z,l2_obs_time_utc,1782.443,OBJ_MP_0723_0160.fits,0160,OBJ_MP_0723_0160_cat.fits.gz,dbb46a8e7c9ac8b676de38304feef9c2622d52b25c200fe3ca598e1949fb0263
20260420,20260420:0590:0002,0590,2,2,normal,matched,monotonic_minimum_total_absolute_time_residual,2026-04-20T14:14:15Z,2026-04-20T14:43:53.786000Z,l2_obs_time_utc,1778.786,OBJ_MP_0590_0161.fits,0161,OBJ_MP_0590_0161_cat.fits.gz,dbb46a8e7c9ac8b676de38304feef9c2622d52b25c200fe3ca598e1949fb0263
20260420,20260420:0992:0002,0992,2,2,normal,matched,monotonic_minimum_total_absolute_time_residual,2026-04-20T14:15:35Z,2026-04-20T14:45:23.314000Z,l2_obs_time_utc,1788.314,OBJ_MP_0992_0162.fits,0162,OBJ_MP_0992_0162_cat.fits.gz,dbb46a8e7c9ac8b676de38304feef9c2622d52b25c200fe3ca598e1949fb0263
20260420,20260420:1127:0002,1127,2,2,normal,matched,monotonic_minimum_total_absolute_time_residual,2026-04-20T14:16:55Z,2026-04-20T14:46:37.222000Z,l2_obs_time_utc,1782.222,OBJ_MP_1127_0163.fits,0163,OBJ_MP_1127_0163_cat.fits.gz,dbb46a8e7c9ac8b676de38304feef9c2622d52b25c200fe3ca598e1949fb0263
20260420,20260420:0858:0002,0858,2,2,normal,matched,monotonic_minimum_total_absolute_time_residual,2026-04-20T14:18:15Z,2026-04-20T14:48:01.275000Z,l2_obs_time_utc,1786.275,OBJ_MP_0858_0164.fits,0164,OBJ_MP_0858_0164_cat.fits.gz,dbb46a8e7c9ac8b676de38304feef9c2622d52b25c200fe3ca598e1949fb0263
20260420,20260420:1261:0002,1261,2,2,normal,matched,monotonic_minimum_total_absolute_time_residual,2026-04-20T14:19:35Z,2026-04-20T14:49:29.999000Z,l2_obs_time_utc,1794.999,OBJ_MP_1261_0165.fits,0165,OBJ_MP_1261_0165_cat.fits.gz,dbb46a8e7c9ac8b676de38304feef9c2622d52b25c200fe3ca598e1949fb0263
20260420,20260420:0724:0002,0724,2,2,normal,matched,monotonic_minimum_total_absolute_time_residual,2026-04-20T14:20:55Z,2026-04-20T14:51:06.860000Z,l2_obs_time_utc,1811.86,OBJ_MP_0724_0166.fits,0166,OBJ_MP_0724_0166_cat.fits.gz,dbb46a8e7c9ac8b676de38304feef9c2622d52b25c200fe3ca598e1949fb0263
20260420,20260420:1395:0002,1395,2,2,normal,matched,monotonic_minimum_total_absolute_time_residual,2026-04-20T14:22:15Z,2026-04-20T14:52:47.723000Z,l2_obs_time_utc,1832.723,OBJ_MP_1395_0167.fits,0167,OBJ_MP_1395_0167_cat.fits.gz,dbb46a8e7c9ac8b676de38304feef9c2622d52b25c200fe3ca598e1949fb0263
20260420,20260420:0591:0002,0591,2,2,normal,matched,monotonic_minimum_total_absolute_time_residual,2026-04-20T14:23:35Z,2026-04-20T14:54:33.594000Z,l2_obs_time_utc,1858.594,OBJ_MP_0591_0168.fits,0168,OBJ_MP_0591_0168_cat.fits.gz,dbb46a8e7c9ac8b676de38304feef9c2622d52b25c200fe3ca598e1949fb0263
20260420,20260420:0993:0002,0993,2,2,normal,matched,monotonic_minimum_total_absolute_time_residual,2026-04-20T14:24:55Z,2026-04-20T14:56:04.149000Z,l2_obs_time_utc,1869.149,OBJ_MP_0993_0169.fits,0169,OBJ_MP_0993_0169_cat.fits.gz,dbb46a8e7c9ac8b676de38304feef9c2622d52b25c200fe3ca598e1949fb0263
20260420,20260420:0855:0003,0855,2,3,normal,matched,monotonic_minimum_total_absolute_time_residual,2026-04-20T14:26:55Z,2026-04-20T14:57:35.483000Z,l2_obs_time_utc,1840.483,OBJ_MP_0855_0170.fits,0170,OBJ_MP_0855_0170_cat.fits.gz,dbb46a8e7c9ac8b676de38304feef9c2622d52b25c200fe3ca598e1949fb0263
20260420,20260420:0721:0003,0721,2,3,normal,matched,monotonic_minimum_total_absolute_time_residual,2026-04-20T14:28:15Z,2026-04-20T14:58:51.155000Z,l2_obs_time_utc,1836.155,OBJ_MP_0721_0171.fits,0171,OBJ_MP_0721_0171_cat.fits.gz,dbb46a8e7c9ac8b676de38304feef9c2622d52b25c200fe3ca598e1949fb0263
20260420,20260420:0588:0003,0588,2,3,normal,matched,monotonic_minimum_total_absolute_time_residual,2026-04-20T14:29:35Z,2026-04-20T15:00:07.514000Z,l2_obs_time_utc,1832.514,OBJ_MP_0588_0172.fits,0172,OBJ_MP_0588_0172_cat.fits.gz,dbb46a8e7c9ac8b676de38304feef9c2622d52b25c200fe3ca598e1949fb0263
20260420,20260420:0990:0003,0990,2,3,normal,matched,monotonic_minimum_total_absolute_time_residual,2026-04-20T14:30:55Z,2026-04-20T15:01:37.219000Z,l2_obs_time_utc,1842.219,OBJ_MP_0990_0173.fits,0173,OBJ_MP_0990_0173_cat.fits.gz,dbb46a8e7c9ac8b676de38304feef9c2622d52b25c200fe3ca598e1949fb0263
20260420,20260420:1125:0003,1125,2,3,normal,matched,monotonic_minimum_total_absolute_time_residual,2026-04-20T14:32:15Z,2026-04-20T15:02:51.146000Z,l2_obs_time_utc,1836.146,OBJ_MP_1125_0174.fits,0174,OBJ_MP_1125_0174_cat.fits.gz,dbb46a8e7c9ac8b676de38304feef9c2622d52b25c200fe3ca598e1949fb0263
20260420,20260420:0856:0003,0856,2,3,normal,matched,monotonic_minimum_total_absolute_time_residual,2026-04-20T14:33:35Z,2026-04-20T15:04:14.926000Z,l2_obs_time_utc,1839.926,OBJ_MP_0856_0175.fits,0175,OBJ_MP_0856_0175_cat.fits.gz,dbb46a8e7c9ac8b676de38304feef9c2622d52b25c200fe3ca598e1949fb0263
20260420,20260420:0722:0003,0722,2,3,normal,matched,monotonic_minimum_total_absolute_time_residual,2026-04-20T14:34:55Z,2026-04-20T15:05:30.546000Z,l2_obs_time_utc,1835.546,OBJ_MP_0722_0176.fits,0176,OBJ_MP_0722_0176_cat.fits.gz,dbb46a8e7c9ac8b676de38304feef9c2622d52b25c200fe3ca598e1949fb0263
20260420,20260420:0589:0003,0589,2,3,normal,matched,monotonic_minimum_total_absolute_time_residual,2026-04-20T14:36:15Z,2026-04-20T15:06:46.046000Z,l2_obs_time_utc,1831.046,OBJ_MP_0589_0177.fits,0177,OBJ_MP_0589_0177_cat.fits.gz,dbb46a8e7c9ac8b676de38304feef9c2622d52b25c200fe3ca598e1949fb0263
20260420,20260420:0991:0003,0991,2,3,normal,matched,monotonic_minimum_total_absolute_time_residual,2026-04-20T14:37:35Z,2026-04-20T15:08:15.676000Z,l2_obs_time_utc,1840.676,OBJ_MP_0991_0178.fits,0178,OBJ_MP_0991_0178_cat.fits.gz,dbb46a8e7c9ac8b676de38304feef9c2622d52b25c200fe3ca598e1949fb0263
20260420,20260420:1126:0003,1126,2,3,normal,matched,monotonic_minimum_total_absolute_time_residual,2026-04-20T14:38:55Z,2026-04-20T15:09:30.032000Z,l2_obs_time_utc,1835.032,OBJ_MP_1126_0179.fits,0179,OBJ_MP_1126_0179_cat.fits.gz,dbb46a8e7c9ac8b676de38304feef9c2622d52b25c200fe3ca598e1949fb0263
20260420,20260420:0857:0003,0857,2,3,normal,matched,monotonic_minimum_total_absolute_time_residual,2026-04-20T14:40:15Z,2026-04-20T15:10:54.174000Z,l2_obs_time_utc,1839.174,OBJ_MP_0857_0180.fits,0180,OBJ_MP_0857_0180_cat.fits.gz,dbb46a8e7c9ac8b676de38304feef9c2622d52b25c200fe3ca598e1949fb0263
20260420,20260420:1260:0003,1260,2,3,normal,matched,monotonic_minimum_total_absolute_time_residual,2026-04-20T14:41:35Z,2026-04-20T15:12:23.733000Z,l2_obs_time_utc,1848.733,OBJ_MP_1260_0181.fits,0181,OBJ_MP_1260_0181_cat.fits.gz,dbb46a8e7c9ac8b676de38304feef9c2622d52b25c200fe3ca598e1949fb0263
20260420,20260420:0723:0003,0723,2,3,normal,matched,monotonic_minimum_total_absolute_time_residual,2026-04-20T14:42:55Z,2026-04-20T15:14:00.273000Z,l2_obs_time_utc,1865.273,OBJ_MP_0723_0182.fits,0182,OBJ_MP_0723_0182_cat.fits.gz,dbb46a8e7c9ac8b676de38304feef9c2622d52b25c200fe3ca598e1949fb0263
20260420,20260420:0590:0003,0590,2,3,normal,matched,monotonic_minimum_total_absolute_time_residual,2026-04-20T14:44:15Z,2026-04-20T15:15:16.753000Z,l2_obs_time_utc,1861.753,OBJ_MP_0590_0183.fits,0183,OBJ_MP_0590_0183_cat.fits.gz,dbb46a8e7c9ac8b676de38304feef9c2622d52b25c200fe3ca598e1949fb0263
20260420,20260420:0992:0003,0992,2,3,normal,matched,monotonic_minimum_total_absolute_time_residual,2026-04-20T14:45:35Z,2026-04-20T15:16:46.365000Z,l2_obs_time_utc,1871.365,OBJ_MP_0992_0184.fits,0184,OBJ_MP_0992_0184_cat.fits.gz,dbb46a8e7c9ac8b676de38304feef9c2622d52b25c200fe3ca598e1949fb0263
20260420,20260420:1127:0003,1127,2,3,normal,matched,monotonic_minimum_total_absolute_time_residual,2026-04-20T14:46:55Z,2026-04-20T15:18:00.732000Z,l2_obs_time_utc,1865.732,OBJ_MP_1127_0185.fits,0185,OBJ_MP_1127_0185_cat.fits.gz,dbb46a8e7c9ac8b676de38304feef9c2622d52b25c200fe3ca598e1949fb0263
20260420,20260420:0858:0003,0858,2,3,normal,matched,monotonic_minimum_total_absolute_time_residual,2026-04-20T14:48:15Z,2026-04-20T15:19:24.760000Z,l2_obs_time_utc,1869.76,OBJ_MP_0858_0186.fits,0186,OBJ_MP_0858_0186_cat.fits.gz,dbb46a8e7c9ac8b676de38304feef9c2622d52b25c200fe3ca598e1949fb0263
20260420,20260420:1261:0003,1261,2,3,normal,matched,monotonic_minimum_total_absolute_time_residual,2026-04-20T14:49:35Z,2026-04-20T15:20:53.291000Z,l2_obs_time_utc,1878.291,OBJ_MP_1261_0187.fits,0187,OBJ_MP_1261_0187_cat.fits.gz,dbb46a8e7c9ac8b676de38304feef9c2622d52b25c200fe3ca598e1949fb0263
20260420,20260420:0724:0003,0724,2,3,normal,matched,monotonic_minimum_total_absolute_time_residual,2026-04-20T14:50:55Z,2026-04-20T15:22:30.373000Z,l2_obs_time_utc,1895.373,OBJ_MP_0724_0188.fits,0188,OBJ_MP_0724_0188_cat.fits.gz,dbb46a8e7c9ac8b676de38304feef9c2622d52b25c200fe3ca598e1949fb0263
20260420,20260420:1395:0003,1395,2,3,normal,matched,monotonic_minimum_total_absolute_time_residual,2026-04-20T14:52:15Z,2026-04-20T15:24:10.853000Z,l2_obs_time_utc,1915.853,OBJ_MP_1395_0189.fits,0189,OBJ_MP_1395_0189_cat.fits.gz,dbb46a8e7c9ac8b676de38304feef9c2622d52b25c200fe3ca598e1949fb0263
20260420,20260420:0591:0003,0591,2,3,normal,matched,monotonic_minimum_total_absolute_time_residual,2026-04-20T14:53:35Z,2026-04-20T15:25:56.287000Z,l2_obs_time_utc,1941.287,OBJ_MP_0591_0190.fits,0190,OBJ_MP_0591_0190_cat.fits.gz,dbb46a8e7c9ac8b676de38304feef9c2622d52b25c200fe3ca598e1949fb0263
20260420,20260420:0993:0003,0993,2,3,normal,matched,monotonic_minimum_total_absolute_time_residual,2026-04-20T14:54:55Z,2026-04-20T15:27:26.896000Z,l2_obs_time_utc,1951.896,OBJ_MP_0993_0191.fits,0191,OBJ_MP_0993_0191_cat.fits.gz,dbb46a8e7c9ac8b676de38304feef9c2622d52b25c200fe3ca598e1949fb0263
20260420,20260420:1528:0001,1528,3,1,normal,matched,monotonic_minimum_total_absolute_time_residual,2026-04-20T14:56:15Z,2026-04-20T15:29:01.410000Z,l2_obs_time_utc,1966.41,OBJ_MP_1528_0192.fits,0192,OBJ_MP_1528_0192_cat.fits.gz,dbb46a8e7c9ac8b676de38304feef9c2622d52b25c200fe3ca598e1949fb0263
20260420,20260420:1262:0001,1262,3,1,normal,matched,monotonic_minimum_total_absolute_time_residual,2026-04-20T14:57:35Z,2026-04-20T15:30:25.327000Z,l2_obs_time_utc,1970.327,OBJ_MP_1262_0193.fits,0193,OBJ_MP_1262_0193_cat.fits.gz,dbb46a8e7c9ac8b676de38304feef9c2622d52b25c200fe3ca598e1949fb0263
20260420,20260420:1396:0001,1396,3,1,normal,matched,monotonic_minimum_total_absolute_time_residual,2026-04-20T14:58:55Z,2026-04-20T15:31:38.866000Z,l2_obs_time_utc,1963.866,OBJ_MP_1396_0194.fits,0194,OBJ_MP_1396_0194_cat.fits.gz,dbb46a8e7c9ac8b676de38304feef9c2622d52b25c200fe3ca598e1949fb0263
20260420,20260420:1660:0001,1660,3,1,normal,matched,monotonic_minimum_total_absolute_time_residual,2026-04-20T15:00:15Z,2026-04-20T15:33:01.474000Z,l2_obs_time_utc,1966.474,OBJ_MP_1660_0195.fits,0195,OBJ_MP_1660_0195_cat.fits.gz,dbb46a8e7c9ac8b676de38304feef9c2622d52b25c200fe3ca598e1949fb0263
20260420,20260420:1529:0001,1529,3,1,normal,matched,monotonic_minimum_total_absolute_time_residual,2026-04-20T15:01:35Z,2026-04-20T15:34:16.868000Z,l2_obs_time_utc,1961.868,OBJ_MP_1529_0196.fits,0196,OBJ_MP_1529_0196_cat.fits.gz,dbb46a8e7c9ac8b676de38304feef9c2622d52b25c200fe3ca598e1949fb0263
20260420,20260420:1129:0001,1129,3,1,normal,matched,monotonic_minimum_total_absolute_time_residual,2026-04-20T15:02:55Z,2026-04-20T15:35:47.303000Z,l2_obs_time_utc,1972.303,OBJ_MP_1129_0197.fits,0197,OBJ_MP_1129_0197_cat.fits.gz,dbb46a8e7c9ac8b676de38304feef9c2622d52b25c200fe3ca598e1949fb0263
20260420,20260420:1263:0001,1263,3,1,normal,matched,monotonic_minimum_total_absolute_time_residual,2026-04-20T15:04:15Z,2026-04-20T15:37:02.388000Z,l2_obs_time_utc,1967.388,OBJ_MP_1263_0198.fits,0198,OBJ_MP_1263_0198_cat.fits.gz,dbb46a8e7c9ac8b676de38304feef9c2622d52b25c200fe3ca598e1949fb0263
20260420,20260420:1790:0001,1790,3,1,normal,matched,monotonic_minimum_total_absolute_time_residual,2026-04-20T15:05:35Z,2026-04-20T15:38:37.599000Z,l2_obs_time_utc,1982.599,OBJ_MP_1790_0199.fits,0199,OBJ_MP_1790_0199_cat.fits.gz,dbb46a8e7c9ac8b676de38304feef9c2622d52b25c200fe3ca598e1949fb0263
20260420,20260420:1397:0001,1397,3,1,normal,matched,monotonic_minimum_total_absolute_time_residual,2026-04-20T15:06:55Z,2026-04-20T15:40:08.484000Z,l2_obs_time_utc,1993.484,OBJ_MP_1397_0200.fits,0200,OBJ_MP_1397_0200_cat.fits.gz,dbb46a8e7c9ac8b676de38304feef9c2622d52b25c200fe3ca598e1949fb0263
20260420,20260420:1661:0001,1661,3,1,normal,matched,monotonic_minimum_total_absolute_time_residual,2026-04-20T15:08:15Z,2026-04-20T15:41:31.174000Z,l2_obs_time_utc,1996.174,OBJ_MP_1661_0201.fits,0201,OBJ_MP_1661_0201_cat.fits.gz,dbb46a8e7c9ac8b676de38304feef9c2622d52b25c200fe3ca598e1949fb0263
20260420,20260420:1530:0001,1530,3,1,normal,matched,monotonic_minimum_total_absolute_time_residual,2026-04-20T15:09:35Z,2026-04-20T15:42:46.888000Z,l2_obs_time_utc,1991.888,OBJ_MP_1530_0202.fits,0202,OBJ_MP_1530_0202_cat.fits.gz,dbb46a8e7c9ac8b676de38304feef9c2622d52b25c200fe3ca598e1949fb0263
20260420,20260420:1130:0001,1130,3,1,normal,matched,monotonic_minimum_total_absolute_time_residual,2026-04-20T15:10:55Z,2026-04-20T15:44:16.011000Z,l2_obs_time_utc,2001.011,OBJ_MP_1130_0203.fits,0203,OBJ_MP_1130_0203_cat.fits.gz,dbb46a8e7c9ac8b676de38304feef9c2622d52b25c200fe3ca598e1949fb0263
20260420,20260420:1264:0001,1264,3,1,normal,matched,monotonic_minimum_total_absolute_time_residual,2026-04-20T15:12:15Z,2026-04-20T15:45:29.417000Z,l2_obs_time_utc,1994.417,OBJ_MP_1264_0204.fits,0204,OBJ_MP_1264_0204_cat.fits.gz,dbb46a8e7c9ac8b676de38304feef9c2622d52b25c200fe3ca598e1949fb0263
20260420,20260420:1791:0001,1791,3,1,normal,matched,monotonic_minimum_total_absolute_time_residual,2026-04-20T15:13:35Z,2026-04-20T15:47:03.893000Z,l2_obs_time_utc,2008.893,OBJ_MP_1791_0205.fits,0205,OBJ_MP_1791_0205_cat.fits.gz,dbb46a8e7c9ac8b676de38304feef9c2622d52b25c200fe3ca598e1949fb0263
20260420,20260420:1398:0001,1398,3,1,normal,matched,monotonic_minimum_total_absolute_time_residual,2026-04-20T15:14:55Z,2026-04-20T15:48:33.944000Z,l2_obs_time_utc,2018.944,OBJ_MP_1398_0206.fits,0206,OBJ_MP_1398_0206_cat.fits.gz,dbb46a8e7c9ac8b676de38304feef9c2622d52b25c200fe3ca598e1949fb0263
20260420,20260420:1662:0001,1662,3,1,normal,matched,monotonic_minimum_total_absolute_time_residual,2026-04-20T15:16:15Z,2026-04-20T15:49:58.013000Z,l2_obs_time_utc,2023.013,OBJ_MP_1662_0207.fits,0207,OBJ_MP_1662_0207_cat.fits.gz,dbb46a8e7c9ac8b676de38304feef9c2622d52b25c200fe3ca598e1949fb0263
20260420,20260420:1531:0001,1531,3,1,normal,matched,monotonic_minimum_total_absolute_time_residual,2026-04-20T15:17:35Z,2026-04-20T15:51:14.445000Z,l2_obs_time_utc,2019.445,OBJ_MP_1531_0208.fits,0208,OBJ_MP_1531_0208_cat.fits.gz,dbb46a8e7c9ac8b676de38304feef9c2622d52b25c200fe3ca598e1949fb0263
20260420,20260420:1131:0001,1131,3,1,normal,matched,monotonic_minimum_total_absolute_time_residual,2026-04-20T15:18:55Z,2026-04-20T15:52:44.027000Z,l2_obs_time_utc,2029.027,OBJ_MP_1131_0209.fits,0209,OBJ_MP_1131_0209_cat.fits.gz,dbb46a8e7c9ac8b676de38304feef9c2622d52b25c200fe3ca598e1949fb0263
20260420,20260420:1265:0001,1265,3,1,normal,matched,monotonic_minimum_total_absolute_time_residual,2026-04-20T15:20:15Z,2026-04-20T15:53:57.855000Z,l2_obs_time_utc,2022.855,OBJ_MP_1265_0210.fits,0210,OBJ_MP_1265_0210_cat.fits.gz,dbb46a8e7c9ac8b676de38304feef9c2622d52b25c200fe3ca598e1949fb0263
20260420,20260420:1792:0001,1792,3,1,normal,matched,monotonic_minimum_total_absolute_time_residual,2026-04-20T15:21:35Z,2026-04-20T15:55:32.826000Z,l2_obs_time_utc,2037.826,OBJ_MP_1792_0211.fits,0211,OBJ_MP_1792_0211_cat.fits.gz,dbb46a8e7c9ac8b676de38304feef9c2622d52b25c200fe3ca598e1949fb0263
20260420,20260420:1399:0001,1399,3,1,normal,matched,monotonic_minimum_total_absolute_time_residual,2026-04-20T15:22:55Z,2026-04-20T15:57:03.407000Z,l2_obs_time_utc,2048.407,OBJ_MP_1399_0212.fits,0212,OBJ_MP_1399_0212_cat.fits.gz,dbb46a8e7c9ac8b676de38304feef9c2622d52b25c200fe3ca598e1949fb0263
20260420,20260420:1663:0001,1663,3,1,normal,matched,monotonic_minimum_total_absolute_time_residual,2026-04-20T15:24:15Z,2026-04-20T15:58:27.514000Z,l2_obs_time_utc,2052.514,OBJ_MP_1663_0213.fits,0213,OBJ_MP_1663_0213_cat.fits.gz,dbb46a8e7c9ac8b676de38304feef9c2622d52b25c200fe3ca598e1949fb0263
20260420,20260420:1528:0002,1528,3,2,normal,matched,monotonic_minimum_total_absolute_time_residual,2026-04-20T15:26:15Z,2026-04-20T16:00:57.398000Z,l2_obs_time_utc,2082.398,OBJ_MP_1528_0214.fits,0214,OBJ_MP_1528_0214_cat.fits.gz,dbb46a8e7c9ac8b676de38304feef9c2622d52b25c200fe3ca598e1949fb0263
20260420,20260420:1262:0002,1262,3,2,normal,matched,monotonic_minimum_total_absolute_time_residual,2026-04-20T15:27:35Z,2026-04-20T16:02:20.946000Z,l2_obs_time_utc,2085.946,OBJ_MP_1262_0215.fits,0215,OBJ_MP_1262_0215_cat.fits.gz,dbb46a8e7c9ac8b676de38304feef9c2622d52b25c200fe3ca598e1949fb0263
20260420,20260420:1396:0002,1396,3,2,normal,matched,monotonic_minimum_total_absolute_time_residual,2026-04-20T15:28:55Z,2026-04-20T16:03:35.820000Z,l2_obs_time_utc,2080.82,OBJ_MP_1396_0216.fits,0216,OBJ_MP_1396_0216_cat.fits.gz,dbb46a8e7c9ac8b676de38304feef9c2622d52b25c200fe3ca598e1949fb0263
20260420,20260420:1660:0002,1660,3,2,normal,matched,monotonic_minimum_total_absolute_time_residual,2026-04-20T15:30:15Z,2026-04-20T16:04:58.953000Z,l2_obs_time_utc,2083.953,OBJ_MP_1660_0217.fits,0217,OBJ_MP_1660_0217_cat.fits.gz,dbb46a8e7c9ac8b676de38304feef9c2622d52b25c200fe3ca598e1949fb0263
20260420,20260420:1529:0002,1529,3,2,normal,matched,monotonic_minimum_total_absolute_time_residual,2026-04-20T15:31:35Z,2026-04-20T16:06:14.563000Z,l2_obs_time_utc,2079.563,OBJ_MP_1529_0218.fits,0218,OBJ_MP_1529_0218_cat.fits.gz,dbb46a8e7c9ac8b676de38304feef9c2622d52b25c200fe3ca598e1949fb0263
20260420,20260420:1129:0002,1129,3,2,normal,matched,monotonic_minimum_total_absolute_time_residual,2026-04-20T15:32:55Z,2026-04-20T16:07:44.646000Z,l2_obs_time_utc,2089.646,OBJ_MP_1129_0219.fits,0219,OBJ_MP_1129_0219_cat.fits.gz,dbb46a8e7c9ac8b676de38304feef9c2622d52b25c200fe3ca598e1949fb0263
20260420,20260420:1263:0002,1263,3,2,normal,matched,monotonic_minimum_total_absolute_time_residual,2026-04-20T15:34:15Z,2026-04-20T16:08:58.346000Z,l2_obs_time_utc,2083.346,OBJ_MP_1263_0220.fits,0220,OBJ_MP_1263_0220_cat.fits.gz,dbb46a8e7c9ac8b676de38304feef9c2622d52b25c200fe3ca598e1949fb0263
20260420,20260420:1790:0002,1790,3,2,normal,matched,monotonic_minimum_total_absolute_time_residual,2026-04-20T15:35:35Z,2026-04-20T16:10:32.915000Z,l2_obs_time_utc,2097.915,OBJ_MP_1790_0221.fits,0221,OBJ_MP_1790_0221_cat.fits.gz,dbb46a8e7c9ac8b676de38304feef9c2622d52b25c200fe3ca598e1949fb0263
20260420,20260420:1397:0002,1397,3,2,normal,matched,monotonic_minimum_total_absolute_time_residual,2026-04-20T15:36:55Z,2026-04-20T16:12:04.287000Z,l2_obs_time_utc,2109.287,OBJ_MP_1397_0222.fits,0222,OBJ_MP_1397_0222_cat.fits.gz,dbb46a8e7c9ac8b676de38304feef9c2622d52b25c200fe3ca598e1949fb0263
20260420,20260420:1661:0002,1661,3,2,normal,matched,monotonic_minimum_total_absolute_time_residual,2026-04-20T15:38:15Z,2026-04-20T16:13:26.946000Z,l2_obs_time_utc,2111.946,OBJ_MP_1661_0223.fits,0223,OBJ_MP_1661_0223_cat.fits.gz,dbb46a8e7c9ac8b676de38304feef9c2622d52b25c200fe3ca598e1949fb0263
20260420,20260420:1530:0002,1530,3,2,normal,matched,monotonic_minimum_total_absolute_time_residual,2026-04-20T15:39:35Z,2026-04-20T16:14:43.288000Z,l2_obs_time_utc,2108.288,OBJ_MP_1530_0224.fits,0224,OBJ_MP_1530_0224_cat.fits.gz,dbb46a8e7c9ac8b676de38304feef9c2622d52b25c200fe3ca598e1949fb0263
20260420,20260420:1130:0002,1130,3,2,normal,matched,monotonic_minimum_total_absolute_time_residual,2026-04-20T15:40:55Z,2026-04-20T16:16:12.797000Z,l2_obs_time_utc,2117.797,OBJ_MP_1130_0225.fits,0225,OBJ_MP_1130_0225_cat.fits.gz,dbb46a8e7c9ac8b676de38304feef9c2622d52b25c200fe3ca598e1949fb0263
20260420,20260420:1264:0002,1264,3,2,normal,matched,monotonic_minimum_total_absolute_time_residual,2026-04-20T15:42:15Z,2026-04-20T16:17:26.590000Z,l2_obs_time_utc,2111.59,OBJ_MP_1264_0226.fits,0226,OBJ_MP_1264_0226_cat.fits.gz,dbb46a8e7c9ac8b676de38304feef9c2622d52b25c200fe3ca598e1949fb0263
20260420,20260420:1791:0002,1791,3,2,normal,matched,monotonic_minimum_total_absolute_time_residual,2026-04-20T15:43:35Z,2026-04-20T16:19:01.274000Z,l2_obs_time_utc,2126.274,OBJ_MP_1791_0227.fits,0227,OBJ_MP_1791_0227_cat.fits.gz,dbb46a8e7c9ac8b676de38304feef9c2622d52b25c200fe3ca598e1949fb0263
20260420,20260420:1398:0002,1398,3,2,normal,matched,monotonic_minimum_total_absolute_time_residual,2026-04-20T15:44:55Z,2026-04-20T16:20:32.506000Z,l2_obs_time_utc,2137.506,OBJ_MP_1398_0228.fits,0228,OBJ_MP_1398_0228_cat.fits.gz,dbb46a8e7c9ac8b676de38304feef9c2622d52b25c200fe3ca598e1949fb0263
20260420,20260420:1662:0002,1662,3,2,normal,matched,monotonic_minimum_total_absolute_time_residual,2026-04-20T15:46:15Z,2026-04-20T16:21:56.137000Z,l2_obs_time_utc,2141.137,OBJ_MP_1662_0229.fits,0229,OBJ_MP_1662_0229_cat.fits.gz,dbb46a8e7c9ac8b676de38304feef9c2622d52b25c200fe3ca598e1949fb0263
20260420,20260420:1531:0002,1531,3,2,normal,matched,monotonic_minimum_total_absolute_time_residual,2026-04-20T15:47:35Z,2026-04-20T16:23:12.029000Z,l2_obs_time_utc,2137.029,OBJ_MP_1531_0230.fits,0230,OBJ_MP_1531_0230_cat.fits.gz,dbb46a8e7c9ac8b676de38304feef9c2622d52b25c200fe3ca598e1949fb0263
20260420,20260420:1131:0002,1131,3,2,normal,matched,monotonic_minimum_total_absolute_time_residual,2026-04-20T15:48:55Z,2026-04-20T16:24:42.100000Z,l2_obs_time_utc,2147.1,OBJ_MP_1131_0231.fits,0231,OBJ_MP_1131_0231_cat.fits.gz,dbb46a8e7c9ac8b676de38304feef9c2622d52b25c200fe3ca598e1949fb0263
20260420,20260420:1265:0002,1265,3,2,normal,matched,monotonic_minimum_total_absolute_time_residual,2026-04-20T15:50:15Z,2026-04-20T16:25:55.592000Z,l2_obs_time_utc,2140.592,OBJ_MP_1265_0232.fits,0232,OBJ_MP_1265_0232_cat.fits.gz,dbb46a8e7c9ac8b676de38304feef9c2622d52b25c200fe3ca598e1949fb0263
20260420,20260420:1792:0002,1792,3,2,normal,matched,monotonic_minimum_total_absolute_time_residual,2026-04-20T15:51:35Z,2026-04-20T16:27:30.388000Z,l2_obs_time_utc,2155.388,OBJ_MP_1792_0233.fits,0233,OBJ_MP_1792_0233_cat.fits.gz,dbb46a8e7c9ac8b676de38304feef9c2622d52b25c200fe3ca598e1949fb0263
20260420,20260420:1399:0002,1399,3,2,normal,matched,monotonic_minimum_total_absolute_time_residual,2026-04-20T15:52:55Z,2026-04-20T16:29:00.887000Z,l2_obs_time_utc,2165.887,OBJ_MP_1399_0234.fits,0234,OBJ_MP_1399_0234_cat.fits.gz,dbb46a8e7c9ac8b676de38304feef9c2622d52b25c200fe3ca598e1949fb0263
20260420,20260420:1663:0002,1663,3,2,normal,matched,monotonic_minimum_total_absolute_time_residual,2026-04-20T15:54:15Z,2026-04-20T16:30:25.271000Z,l2_obs_time_utc,2170.271,OBJ_MP_1663_0235.fits,0235,OBJ_MP_1663_0235_cat.fits.gz,dbb46a8e7c9ac8b676de38304feef9c2622d52b25c200fe3ca598e1949fb0263
20260420,20260420:1528:0003,1528,3,3,normal,matched,monotonic_minimum_total_absolute_time_residual,2026-04-20T15:56:15Z,2026-04-20T16:31:54.727000Z,l2_obs_time_utc,2139.727,OBJ_MP_1528_0236.fits,0236,OBJ_MP_1528_0236_cat.fits.gz,dbb46a8e7c9ac8b676de38304feef9c2622d52b25c200fe3ca598e1949fb0263
20260420,20260420:1262:0003,1262,3,3,normal,matched,monotonic_minimum_total_absolute_time_residual,2026-04-20T15:57:35Z,2026-04-20T16:33:18.293000Z,l2_obs_time_utc,2143.293,OBJ_MP_1262_0237.fits,0237,OBJ_MP_1262_0237_cat.fits.gz,dbb46a8e7c9ac8b676de38304feef9c2622d52b25c200fe3ca598e1949fb0263
20260420,20260420:1396:0003,1396,3,3,normal,matched,monotonic_minimum_total_absolute_time_residual,2026-04-20T15:58:55Z,2026-04-20T16:34:33.335000Z,l2_obs_time_utc,2138.335,OBJ_MP_1396_0238.fits,0238,OBJ_MP_1396_0238_cat.fits.gz,dbb46a8e7c9ac8b676de38304feef9c2622d52b25c200fe3ca598e1949fb0263
20260420,20260420:1660:0003,1660,3,3,normal,matched,monotonic_minimum_total_absolute_time_residual,2026-04-20T16:00:15Z,2026-04-20T16:35:56.189000Z,l2_obs_time_utc,2141.189,OBJ_MP_1660_0239.fits,0239,OBJ_MP_1660_0239_cat.fits.gz,dbb46a8e7c9ac8b676de38304feef9c2622d52b25c200fe3ca598e1949fb0263
20260420,20260420:1529:0003,1529,3,3,normal,matched,monotonic_minimum_total_absolute_time_residual,2026-04-20T16:01:35Z,2026-04-20T16:37:12.165000Z,l2_obs_time_utc,2137.165,OBJ_MP_1529_0240.fits,0240,OBJ_MP_1529_0240_cat.fits.gz,dbb46a8e7c9ac8b676de38304feef9c2622d52b25c200fe3ca598e1949fb0263
20260420,20260420:1129:0003,1129,3,3,normal,matched,monotonic_minimum_total_absolute_time_residual,2026-04-20T16:02:55Z,2026-04-20T16:38:43.225000Z,l2_obs_time_utc,2148.225,OBJ_MP_1129_0241.fits,0241,OBJ_MP_1129_0241_cat.fits.gz,dbb46a8e7c9ac8b676de38304feef9c2622d52b25c200fe3ca598e1949fb0263
20260420,20260420:1263:0003,1263,3,3,normal,matched,monotonic_minimum_total_absolute_time_residual,2026-04-20T16:04:15Z,2026-04-20T16:39:56.683000Z,l2_obs_time_utc,2141.683,OBJ_MP_1263_0242.fits,0242,OBJ_MP_1263_0242_cat.fits.gz,dbb46a8e7c9ac8b676de38304feef9c2622d52b25c200fe3ca598e1949fb0263
20260420,20260420:1790:0003,1790,3,3,normal,matched,monotonic_minimum_total_absolute_time_residual,2026-04-20T16:05:35Z,2026-04-20T16:41:31.520000Z,l2_obs_time_utc,2156.52,OBJ_MP_1790_0243.fits,0243,OBJ_MP_1790_0243_cat.fits.gz,dbb46a8e7c9ac8b676de38304feef9c2622d52b25c200fe3ca598e1949fb0263
20260420,20260420:1397:0003,1397,3,3,normal,matched,monotonic_minimum_total_absolute_time_residual,2026-04-20T16:06:55Z,2026-04-20T16:43:02.364000Z,l2_obs_time_utc,2167.364,OBJ_MP_1397_0244.fits,0244,OBJ_MP_1397_0244_cat.fits.gz,dbb46a8e7c9ac8b676de38304feef9c2622d52b25c200fe3ca598e1949fb0263
20260420,20260420:1661:0003,1661,3,3,normal,matched,monotonic_minimum_total_absolute_time_residual,2026-04-20T16:08:15Z,2026-04-20T16:44:25.634000Z,l2_obs_time_utc,2170.634,OBJ_MP_1661_0245.fits,0245,OBJ_MP_1661_0245_cat.fits.gz,dbb46a8e7c9ac8b676de38304feef9c2622d52b25c200fe3ca598e1949fb0263
20260420,20260420:1530:0003,1530,3,3,normal,matched,monotonic_minimum_total_absolute_time_residual,2026-04-20T16:09:35Z,2026-04-20T16:45:41.743000Z,l2_obs_time_utc,2166.743,OBJ_MP_1530_0246.fits,0246,OBJ_MP_1530_0246_cat.fits.gz,dbb46a8e7c9ac8b676de38304feef9c2622d52b25c200fe3ca598e1949fb0263
20260420,20260420:1130:0003,1130,3,3,normal,matched,monotonic_minimum_total_absolute_time_residual,2026-04-20T16:10:55Z,2026-04-20T16:47:12.801000Z,l2_obs_time_utc,2177.801,OBJ_MP_1130_0247.fits,0247,OBJ_MP_1130_0247_cat.fits.gz,dbb46a8e7c9ac8b676de38304feef9c2622d52b25c200fe3ca598e1949fb0263
20260420,20260420:1264:0003,1264,3,3,normal,matched,monotonic_minimum_total_absolute_time_residual,2026-04-20T16:12:15Z,2026-04-20T16:48:26.299000Z,l2_obs_time_utc,2171.299,OBJ_MP_1264_0248.fits,0248,OBJ_MP_1264_0248_cat.fits.gz,dbb46a8e7c9ac8b676de38304feef9c2622d52b25c200fe3ca598e1949fb0263
20260420,20260420:1791:0003,1791,3,3,normal,matched,monotonic_minimum_total_absolute_time_residual,2026-04-20T16:13:35Z,2026-04-20T16:50:00.946000Z,l2_obs_time_utc,2185.946,OBJ_MP_1791_0249.fits,0249,OBJ_MP_1791_0249_cat.fits.gz,dbb46a8e7c9ac8b676de38304feef9c2622d52b25c200fe3ca598e1949fb0263
20260420,20260420:1398:0003,1398,3,3,normal,matched,monotonic_minimum_total_absolute_time_residual,2026-04-20T16:14:55Z,2026-04-20T16:51:31.841000Z,l2_obs_time_utc,2196.841,OBJ_MP_1398_0250.fits,0250,OBJ_MP_1398_0250_cat.fits.gz,dbb46a8e7c9ac8b676de38304feef9c2622d52b25c200fe3ca598e1949fb0263
20260420,20260420:1662:0003,1662,3,3,normal,matched,monotonic_minimum_total_absolute_time_residual,2026-04-20T16:16:15Z,2026-04-20T16:52:54.995000Z,l2_obs_time_utc,2199.995,OBJ_MP_1662_0251.fits,0251,OBJ_MP_1662_0251_cat.fits.gz,dbb46a8e7c9ac8b676de38304feef9c2622d52b25c200fe3ca598e1949fb0263
20260420,20260420:1531:0003,1531,3,3,normal,matched,monotonic_minimum_total_absolute_time_residual,2026-04-20T16:17:35Z,2026-04-20T16:54:10.938000Z,l2_obs_time_utc,2195.938,OBJ_MP_1531_0252.fits,0252,OBJ_MP_1531_0252_cat.fits.gz,dbb46a8e7c9ac8b676de38304feef9c2622d52b25c200fe3ca598e1949fb0263
20260420,20260420:1131:0003,1131,3,3,normal,matched,monotonic_minimum_total_absolute_time_residual,2026-04-20T16:18:55Z,2026-04-20T16:55:41.133000Z,l2_obs_time_utc,2206.133,OBJ_MP_1131_0253.fits,0253,OBJ_MP_1131_0253_cat.fits.gz,dbb46a8e7c9ac8b676de38304feef9c2622d52b25c200fe3ca598e1949fb0263
20260420,20260420:1265:0003,1265,3,3,normal,matched,monotonic_minimum_total_absolute_time_residual,2026-04-20T16:20:15Z,2026-04-20T16:56:54.938000Z,l2_obs_time_utc,2199.938,OBJ_MP_1265_0254.fits,0254,OBJ_MP_1265_0254_cat.fits.gz,dbb46a8e7c9ac8b676de38304feef9c2622d52b25c200fe3ca598e1949fb0263
20260420,20260420:1792:0003,1792,3,3,normal,matched,monotonic_minimum_total_absolute_time_residual,2026-04-20T16:21:35Z,2026-04-20T16:58:29.944000Z,l2_obs_time_utc,2214.944,OBJ_MP_1792_0255.fits,0255,OBJ_MP_1792_0255_cat.fits.gz,dbb46a8e7c9ac8b676de38304feef9c2622d52b25c200fe3ca598e1949fb0263
20260420,20260420:1399:0003,1399,3,3,normal,matched,monotonic_minimum_total_absolute_time_residual,2026-04-20T16:22:55Z,2026-04-20T16:59:59.974000Z,l2_obs_time_utc,2224.974,OBJ_MP_1399_0256.fits,0256,OBJ_MP_1399_0256_cat.fits.gz,dbb46a8e7c9ac8b676de38304feef9c2622d52b25c200fe3ca598e1949fb0263
20260420,20260420:1663:0003,1663,3,3,normal,matched,monotonic_minimum_total_absolute_time_residual,2026-04-20T16:24:15Z,2026-04-20T17:01:23.982000Z,l2_obs_time_utc,2228.982,OBJ_MP_1663_0257.fits,0257,OBJ_MP_1663_0257_cat.fits.gz,dbb46a8e7c9ac8b676de38304feef9c2622d52b25c200fe3ca598e1949fb0263
20260420,20260420:1801:plan:0000,1801,4,1,normal,planned_not_acquired,monotonic_minimum_total_absolute_time_residual,2026-04-20T16:25:35Z,,,,,,,dbb46a8e7c9ac8b676de38304feef9c2622d52b25c200fe3ca598e1949fb0263
20260420,20260420:1408:0001,1408,4,1,normal,matched,monotonic_minimum_total_absolute_time_residual,2026-04-20T16:26:55Z,2026-04-20T17:04:43.114000Z,l2_obs_time_utc,2268.114,OBJ_MP_1408_0259.fits,0259,OBJ_MP_1408_0259_cat.fits.gz,dbb46a8e7c9ac8b676de38304feef9c2622d52b25c200fe3ca598e1949fb0263
20260420,20260420:1672:plan:0000,1672,4,1,normal,planned_not_acquired,monotonic_minimum_total_absolute_time_residual,2026-04-20T16:28:15Z,,,,,,,dbb46a8e7c9ac8b676de38304feef9c2622d52b25c200fe3ca598e1949fb0263
20260420,20260420:1541:0001,1541,4,1,normal,matched,monotonic_minimum_total_absolute_time_residual,2026-04-20T16:29:35Z,2026-04-20T17:07:21.546000Z,l2_obs_time_utc,2266.546,OBJ_MP_1541_0261.fits,0261,OBJ_MP_1541_0261_cat.fits.gz,dbb46a8e7c9ac8b676de38304feef9c2622d52b25c200fe3ca598e1949fb0263
20260420,20260420:1275:0001,1275,4,1,normal,matched,monotonic_minimum_total_absolute_time_residual,2026-04-20T16:30:55Z,2026-04-20T17:08:45.223000Z,l2_obs_time_utc,2270.223,OBJ_MP_1275_0262.fits,0262,OBJ_MP_1275_0262_cat.fits.gz,dbb46a8e7c9ac8b676de38304feef9c2622d52b25c200fe3ca598e1949fb0263
20260420,20260420:1802:plan:0000,1802,4,1,normal,planned_not_acquired,monotonic_minimum_total_absolute_time_residual,2026-04-20T16:32:15Z,,,,,,,dbb46a8e7c9ac8b676de38304feef9c2622d52b25c200fe3ca598e1949fb0263
20260420,20260420:1409:0001,1409,4,1,normal,matched,monotonic_minimum_total_absolute_time_residual,2026-04-20T16:33:35Z,2026-04-20T17:11:51.182000Z,l2_obs_time_utc,2296.182,OBJ_MP_1409_0264.fits,0264,OBJ_MP_1409_0264_cat.fits.gz,dbb46a8e7c9ac8b676de38304feef9c2622d52b25c200fe3ca598e1949fb0263
20260420,20260420:1673:plan:0000,1673,4,1,normal,planned_not_acquired,monotonic_minimum_total_absolute_time_residual,2026-04-20T16:34:55Z,,,,,,,dbb46a8e7c9ac8b676de38304feef9c2622d52b25c200fe3ca598e1949fb0263
20260420,20260420:1542:0001,1542,4,1,normal,matched,monotonic_minimum_total_absolute_time_residual,2026-04-20T16:36:15Z,2026-04-20T17:14:28.330000Z,l2_obs_time_utc,2293.33,OBJ_MP_1542_0266.fits,0266,OBJ_MP_1542_0266_cat.fits.gz,dbb46a8e7c9ac8b676de38304feef9c2622d52b25c200fe3ca598e1949fb0263
20260420,20260420:1276:0001,1276,4,1,normal,matched,monotonic_minimum_total_absolute_time_residual,2026-04-20T16:37:35Z,2026-04-20T17:15:52.108000Z,l2_obs_time_utc,2297.108,OBJ_MP_1276_0267.fits,0267,OBJ_MP_1276_0267_cat.fits.gz,dbb46a8e7c9ac8b676de38304feef9c2622d52b25c200fe3ca598e1949fb0263
20260420,20260420:1803:plan:0000,1803,4,1,normal,planned_not_acquired,monotonic_minimum_total_absolute_time_residual,2026-04-20T16:38:55Z,,,,,,,dbb46a8e7c9ac8b676de38304feef9c2622d52b25c200fe3ca598e1949fb0263
20260420,20260420:1410:0001,1410,4,1,normal,matched,monotonic_minimum_total_absolute_time_residual,2026-04-20T16:40:15Z,2026-04-20T17:18:55.248000Z,l2_obs_time_utc,2320.248,OBJ_MP_1410_0269.fits,0269,OBJ_MP_1410_0269_cat.fits.gz,dbb46a8e7c9ac8b676de38304feef9c2622d52b25c200fe3ca598e1949fb0263
20260420,20260420:1674:plan:0000,1674,4,1,normal,planned_not_acquired,monotonic_minimum_total_absolute_time_residual,2026-04-20T16:41:35Z,,,,,,,dbb46a8e7c9ac8b676de38304feef9c2622d52b25c200fe3ca598e1949fb0263
20260420,20260420:1543:plan:0000,1543,4,1,normal,planned_not_acquired,monotonic_minimum_total_absolute_time_residual,2026-04-20T16:42:55Z,,,,,,,dbb46a8e7c9ac8b676de38304feef9c2622d52b25c200fe3ca598e1949fb0263
20260420,20260420:1277:0001,1277,4,1,normal,matched,monotonic_minimum_total_absolute_time_residual,2026-04-20T16:44:15Z,2026-04-20T17:22:59.218000Z,l2_obs_time_utc,2324.218,OBJ_MP_1277_0272.fits,0272,OBJ_MP_1277_0272_cat.fits.gz,dbb46a8e7c9ac8b676de38304feef9c2622d52b25c200fe3ca598e1949fb0263
20260420,20260420:1804:plan:0000,1804,4,1,normal,planned_not_acquired,monotonic_minimum_total_absolute_time_residual,2026-04-20T16:45:35Z,,,,,,,dbb46a8e7c9ac8b676de38304feef9c2622d52b25c200fe3ca598e1949fb0263
20260420,20260420:1411:0001,1411,4,1,normal,matched,monotonic_minimum_total_absolute_time_residual,2026-04-20T16:46:55Z,2026-04-20T17:26:02.085000Z,l2_obs_time_utc,2347.085,OBJ_MP_1411_0274.fits,0274,OBJ_MP_1411_0274_cat.fits.gz,dbb46a8e7c9ac8b676de38304feef9c2622d52b25c200fe3ca598e1949fb0263
20260420,20260420:1675:plan:0000,1675,4,1,normal,planned_not_acquired,monotonic_minimum_total_absolute_time_residual,2026-04-20T16:48:15Z,,,,,,,dbb46a8e7c9ac8b676de38304feef9c2622d52b25c200fe3ca598e1949fb0263
20260420,20260420:1544:plan:0000,1544,4,1,normal,planned_not_acquired,monotonic_minimum_total_absolute_time_residual,2026-04-20T16:49:35Z,,,,,,,dbb46a8e7c9ac8b676de38304feef9c2622d52b25c200fe3ca598e1949fb0263
20260420,20260420:1278:0001,1278,4,1,normal,matched,monotonic_minimum_total_absolute_time_residual,2026-04-20T16:50:55Z,2026-04-20T17:30:02.918000Z,l2_obs_time_utc,2347.918,OBJ_MP_1278_0277.fits,0277,OBJ_MP_1278_0277_cat.fits.gz,dbb46a8e7c9ac8b676de38304feef9c2622d52b25c200fe3ca598e1949fb0263
20260420,20260420:1805:plan:0000,1805,4,1,normal,planned_not_acquired,monotonic_minimum_total_absolute_time_residual,2026-04-20T16:52:15Z,,,,,,,dbb46a8e7c9ac8b676de38304feef9c2622d52b25c200fe3ca598e1949fb0263
20260420,20260420:1412:0001,1412,4,1,normal,matched,monotonic_minimum_total_absolute_time_residual,2026-04-20T16:53:35Z,2026-04-20T17:33:07.074000Z,l2_obs_time_utc,2372.074,OBJ_MP_1412_0279.fits,0279,OBJ_MP_1412_0279_cat.fits.gz,dbb46a8e7c9ac8b676de38304feef9c2622d52b25c200fe3ca598e1949fb0263
20260420,20260420:1801:0001,1801,4,2,normal,matched,monotonic_minimum_total_absolute_time_residual,2026-04-20T16:55:35Z,2026-04-20T17:03:13.534000Z,l2_obs_time_utc,458.534,OBJ_MP_1801_0258.fits,0258,OBJ_MP_1801_0258_cat.fits.gz,dbb46a8e7c9ac8b676de38304feef9c2622d52b25c200fe3ca598e1949fb0263
20260420,20260420:1408:0002,1408,4,2,normal,matched,monotonic_minimum_total_absolute_time_residual,2026-04-20T16:56:55Z,2026-04-20T17:36:12.410000Z,l2_obs_time_utc,2357.41,OBJ_MP_1408_0281.fits,0281,OBJ_MP_1408_0281_cat.fits.gz,dbb46a8e7c9ac8b676de38304feef9c2622d52b25c200fe3ca598e1949fb0263
20260420,20260420:1672:0001,1672,4,2,normal,matched,monotonic_minimum_total_absolute_time_residual,2026-04-20T16:58:15Z,2026-04-20T17:06:05.837000Z,l2_obs_time_utc,470.837,OBJ_MP_1672_0260.fits,0260,OBJ_MP_1672_0260_cat.fits.gz,dbb46a8e7c9ac8b676de38304feef9c2622d52b25c200fe3ca598e1949fb0263
20260420,20260420:1541:0002,1541,4,2,normal,matched,monotonic_minimum_total_absolute_time_residual,2026-04-20T16:59:35Z,2026-04-20T17:38:52.158000Z,l2_obs_time_utc,2357.158,OBJ_MP_1541_0283.fits,0283,OBJ_MP_1541_0283_cat.fits.gz,dbb46a8e7c9ac8b676de38304feef9c2622d52b25c200fe3ca598e1949fb0263
20260420,20260420:1275:0002,1275,4,2,normal,matched,monotonic_minimum_total_absolute_time_residual,2026-04-20T17:00:55Z,2026-04-20T17:40:16.430000Z,l2_obs_time_utc,2361.43,OBJ_MP_1275_0284.fits,0284,OBJ_MP_1275_0284_cat.fits.gz,dbb46a8e7c9ac8b676de38304feef9c2622d52b25c200fe3ca598e1949fb0263
20260420,20260420:1802:0001,1802,4,2,normal,matched,monotonic_minimum_total_absolute_time_residual,2026-04-20T17:02:15Z,2026-04-20T17:10:20.334000Z,l2_obs_time_utc,485.334,OBJ_MP_1802_0263.fits,0263,OBJ_MP_1802_0263_cat.fits.gz,dbb46a8e7c9ac8b676de38304feef9c2622d52b25c200fe3ca598e1949fb0263
20260420,20260420:1409:0002,1409,4,2,normal,matched,monotonic_minimum_total_absolute_time_residual,2026-04-20T17:03:35Z,2026-04-20T17:43:21.981000Z,l2_obs_time_utc,2386.981,OBJ_MP_1409_0286.fits,0286,OBJ_MP_1409_0286_cat.fits.gz,dbb46a8e7c9ac8b676de38304feef9c2622d52b25c200fe3ca598e1949fb0263
20260420,20260420:1673:0001,1673,4,2,normal,matched,monotonic_minimum_total_absolute_time_residual,2026-04-20T17:04:55Z,2026-04-20T17:13:13.677000Z,l2_obs_time_utc,498.677,OBJ_MP_1673_0265.fits,0265,OBJ_MP_1673_0265_cat.fits.gz,dbb46a8e7c9ac8b676de38304feef9c2622d52b25c200fe3ca598e1949fb0263
20260420,20260420:1542:0002,1542,4,2,normal,matched,monotonic_minimum_total_absolute_time_residual,2026-04-20T17:06:15Z,2026-04-20T17:45:59.329000Z,l2_obs_time_utc,2384.329,OBJ_MP_1542_0288.fits,0288,OBJ_MP_1542_0288_cat.fits.gz,dbb46a8e7c9ac8b676de38304feef9c2622d52b25c200fe3ca598e1949fb0263
20260420,20260420:1276:0002,1276,4,2,normal,matched,monotonic_minimum_total_absolute_time_residual,2026-04-20T17:07:35Z,2026-04-20T17:47:23.483000Z,l2_obs_time_utc,2388.483,OBJ_MP_1276_0289.fits,0289,OBJ_MP_1276_0289_cat.fits.gz,dbb46a8e7c9ac8b676de38304feef9c2622d52b25c200fe3ca598e1949fb0263
20260420,20260420:1803:0001,1803,4,2,normal,matched,monotonic_minimum_total_absolute_time_residual,2026-04-20T17:08:55Z,2026-04-20T17:17:25.471000Z,l2_obs_time_utc,510.471,OBJ_MP_1803_0268.fits,0268,OBJ_MP_1803_0268_cat.fits.gz,dbb46a8e7c9ac8b676de38304feef9c2622d52b25c200fe3ca598e1949fb0263
20260420,20260420:1410:0002,1410,4,2,normal,matched,monotonic_minimum_total_absolute_time_residual,2026-04-20T17:10:15Z,2026-04-20T17:50:27.767000Z,l2_obs_time_utc,2412.767,OBJ_MP_1410_0291.fits,0291,OBJ_MP_1410_0291_cat.fits.gz,dbb46a8e7c9ac8b676de38304feef9c2622d52b25c200fe3ca598e1949fb0263
20260420,20260420:1674:0001,1674,4,2,normal,matched,monotonic_minimum_total_absolute_time_residual,2026-04-20T17:11:35Z,2026-04-20T17:20:19.072000Z,l2_obs_time_utc,524.072,OBJ_MP_1674_0270.fits,0270,OBJ_MP_1674_0270_cat.fits.gz,dbb46a8e7c9ac8b676de38304feef9c2622d52b25c200fe3ca598e1949fb0263
20260420,20260420:1543:0001,1543,4,2,normal,matched,monotonic_minimum_total_absolute_time_residual,2026-04-20T17:12:55Z,2026-04-20T17:21:35.181000Z,l2_obs_time_utc,520.181,OBJ_MP_1543_0271.fits,0271,OBJ_MP_1543_0271_cat.fits.gz,dbb46a8e7c9ac8b676de38304feef9c2622d52b25c200fe3ca598e1949fb0263
20260420,20260420:1277:0002,1277,4,2,normal,matched,monotonic_minimum_total_absolute_time_residual,2026-04-20T17:14:15Z,2026-04-20T17:54:27.939000Z,l2_obs_time_utc,2412.939,OBJ_MP_1277_0294.fits,0294,OBJ_MP_1277_0294_cat.fits.gz,dbb46a8e7c9ac8b676de38304feef9c2622d52b25c200fe3ca598e1949fb0263
20260420,20260420:1804:0001,1804,4,2,normal,matched,monotonic_minimum_total_absolute_time_residual,2026-04-20T17:15:35Z,2026-04-20T17:24:33.299000Z,l2_obs_time_utc,538.299,OBJ_MP_1804_0273.fits,0273,OBJ_MP_1804_0273_cat.fits.gz,dbb46a8e7c9ac8b676de38304feef9c2622d52b25c200fe3ca598e1949fb0263
20260420,20260420:1411:0002,1411,4,2,normal,matched,monotonic_minimum_total_absolute_time_residual,2026-04-20T17:16:55Z,2026-04-20T17:57:31.482000Z,l2_obs_time_utc,2436.482,OBJ_MP_1411_0296.fits,0296,OBJ_MP_1411_0296_cat.fits.gz,dbb46a8e7c9ac8b676de38304feef9c2622d52b25c200fe3ca598e1949fb0263
20260420,20260420:1675:0001,1675,4,2,normal,matched,monotonic_minimum_total_absolute_time_residual,2026-04-20T17:18:15Z,2026-04-20T17:27:24.617000Z,l2_obs_time_utc,549.617,OBJ_MP_1675_0275.fits,0275,OBJ_MP_1675_0275_cat.fits.gz,dbb46a8e7c9ac8b676de38304feef9c2622d52b25c200fe3ca598e1949fb0263
20260420,20260420:1544:0001,1544,4,2,normal,matched,monotonic_minimum_total_absolute_time_residual,2026-04-20T17:19:35Z,2026-04-20T17:28:40.147000Z,l2_obs_time_utc,545.147,OBJ_MP_1544_0276.fits,0276,OBJ_MP_1544_0276_cat.fits.gz,dbb46a8e7c9ac8b676de38304feef9c2622d52b25c200fe3ca598e1949fb0263
20260420,20260420:1278:0002,1278,4,2,normal,matched,monotonic_minimum_total_absolute_time_residual,2026-04-20T17:20:55Z,2026-04-20T18:01:30.971000Z,l2_obs_time_utc,2435.971,OBJ_MP_1278_0299.fits,0299,OBJ_MP_1278_0299_cat.fits.gz,dbb46a8e7c9ac8b676de38304feef9c2622d52b25c200fe3ca598e1949fb0263
20260420,20260420:1805:0001,1805,4,2,normal,matched,monotonic_minimum_total_absolute_time_residual,2026-04-20T17:22:15Z,2026-04-20T17:31:37.557000Z,l2_obs_time_utc,562.557,OBJ_MP_1805_0278.fits,0278,OBJ_MP_1805_0278_cat.fits.gz,dbb46a8e7c9ac8b676de38304feef9c2622d52b25c200fe3ca598e1949fb0263
20260420,20260420:1412:0002,1412,4,2,normal,matched,monotonic_minimum_total_absolute_time_residual,2026-04-20T17:23:35Z,2026-04-20T18:04:34.749000Z,l2_obs_time_utc,2459.749,OBJ_MP_1412_0301.fits,0301,OBJ_MP_1412_0301_cat.fits.gz,dbb46a8e7c9ac8b676de38304feef9c2622d52b25c200fe3ca598e1949fb0263
20260420,20260420:1801:0002,1801,4,3,normal,matched,monotonic_minimum_total_absolute_time_residual,2026-04-20T17:25:35Z,2026-04-20T17:34:42.835000Z,l2_obs_time_utc,547.835,OBJ_MP_1801_0280.fits,0280,OBJ_MP_1801_0280_cat.fits.gz,dbb46a8e7c9ac8b676de38304feef9c2622d52b25c200fe3ca598e1949fb0263
20260420,20260420:1408:0003,1408,4,3,normal,matched,monotonic_minimum_total_absolute_time_residual,2026-04-20T17:26:55Z,2026-04-20T18:07:39.951000Z,l2_obs_time_utc,2444.951,OBJ_MP_1408_0303.fits,0303,OBJ_MP_1408_0303_cat.fits.gz,dbb46a8e7c9ac8b676de38304feef9c2622d52b25c200fe3ca598e1949fb0263
20260420,20260420:1672:0002,1672,4,3,normal,matched,monotonic_minimum_total_absolute_time_residual,2026-04-20T17:28:15Z,2026-04-20T17:37:36.222000Z,l2_obs_time_utc,561.222,OBJ_MP_1672_0282.fits,0282,OBJ_MP_1672_0282_cat.fits.gz,dbb46a8e7c9ac8b676de38304feef9c2622d52b25c200fe3ca598e1949fb0263
20260420,20260420:1541:0003,1541,4,3,normal,matched,monotonic_minimum_total_absolute_time_residual,2026-04-20T17:29:35Z,2026-04-20T18:10:19.210000Z,l2_obs_time_utc,2444.21,OBJ_MP_1541_0305.fits,0305,OBJ_MP_1541_0305_cat.fits.gz,dbb46a8e7c9ac8b676de38304feef9c2622d52b25c200fe3ca598e1949fb0263
20260420,20260420:1275:0003,1275,4,3,normal,matched,monotonic_minimum_total_absolute_time_residual,2026-04-20T17:30:55Z,2026-04-20T18:11:42.513000Z,l2_obs_time_utc,2447.513,OBJ_MP_1275_0306.fits,0306,OBJ_MP_1275_0306_cat.fits.gz,dbb46a8e7c9ac8b676de38304feef9c2622d52b25c200fe3ca598e1949fb0263
20260420,20260420:1802:0002,1802,4,3,normal,matched,monotonic_minimum_total_absolute_time_residual,2026-04-20T17:32:15Z,2026-04-20T17:41:51.867000Z,l2_obs_time_utc,576.867,OBJ_MP_1802_0285.fits,0285,OBJ_MP_1802_0285_cat.fits.gz,dbb46a8e7c9ac8b676de38304feef9c2622d52b25c200fe3ca598e1949fb0263
20260420,20260420:1409:0003,1409,4,3,normal,matched,monotonic_minimum_total_absolute_time_residual,2026-04-20T17:33:35Z,2026-04-20T18:14:47.086000Z,l2_obs_time_utc,2472.086,OBJ_MP_1409_0308.fits,0308,OBJ_MP_1409_0308_cat.fits.gz,dbb46a8e7c9ac8b676de38304feef9c2622d52b25c200fe3ca598e1949fb0263
20260420,20260420:1673:0002,1673,4,3,normal,matched,monotonic_minimum_total_absolute_time_residual,2026-04-20T17:34:55Z,2026-04-20T17:44:44.828000Z,l2_obs_time_utc,589.828,OBJ_MP_1673_0287.fits,0287,OBJ_MP_1673_0287_cat.fits.gz,dbb46a8e7c9ac8b676de38304feef9c2622d52b25c200fe3ca598e1949fb0263
20260420,20260420:1542:0003,1542,4,3,normal,matched,monotonic_minimum_total_absolute_time_residual,2026-04-20T17:36:15Z,2026-04-20T18:17:25.860000Z,l2_obs_time_utc,2470.86,OBJ_MP_1542_0310.fits,0310,OBJ_MP_1542_0310_cat.fits.gz,dbb46a8e7c9ac8b676de38304feef9c2622d52b25c200fe3ca598e1949fb0263
20260420,20260420:1276:0003,1276,4,3,normal,matched,monotonic_minimum_total_absolute_time_residual,2026-04-20T17:37:35Z,2026-04-20T18:18:49.027000Z,l2_obs_time_utc,2474.027,OBJ_MP_1276_0311.fits,0311,OBJ_MP_1276_0311_cat.fits.gz,dbb46a8e7c9ac8b676de38304feef9c2622d52b25c200fe3ca598e1949fb0263
20260420,20260420:1803:0002,1803,4,3,normal,matched,monotonic_minimum_total_absolute_time_residual,2026-04-20T17:38:55Z,2026-04-20T17:48:58.058000Z,l2_obs_time_utc,603.058,OBJ_MP_1803_0290.fits,0290,OBJ_MP_1803_0290_cat.fits.gz,dbb46a8e7c9ac8b676de38304feef9c2622d52b25c200fe3ca598e1949fb0263
20260420,20260420:1410:0003,1410,4,3,normal,matched,monotonic_minimum_total_absolute_time_residual,2026-04-20T17:40:15Z,2026-04-20T18:21:53.530000Z,l2_obs_time_utc,2498.53,OBJ_MP_1410_0313.fits,0313,OBJ_MP_1410_0313_cat.fits.gz,dbb46a8e7c9ac8b676de38304feef9c2622d52b25c200fe3ca598e1949fb0263
20260420,20260420:1674:0002,1674,4,3,normal,matched,monotonic_minimum_total_absolute_time_residual,2026-04-20T17:41:35Z,2026-04-20T17:51:49.874000Z,l2_obs_time_utc,614.874,OBJ_MP_1674_0292.fits,0292,OBJ_MP_1674_0292_cat.fits.gz,dbb46a8e7c9ac8b676de38304feef9c2622d52b25c200fe3ca598e1949fb0263
20260420,20260420:1543:0002,1543,4,3,normal,matched,monotonic_minimum_total_absolute_time_residual,2026-04-20T17:42:55Z,2026-04-20T17:53:05.279000Z,l2_obs_time_utc,610.279,OBJ_MP_1543_0293.fits,0293,OBJ_MP_1543_0293_cat.fits.gz,dbb46a8e7c9ac8b676de38304feef9c2622d52b25c200fe3ca598e1949fb0263
20260420,20260420:1277:0003,1277,4,3,normal,matched,monotonic_minimum_total_absolute_time_residual,2026-04-20T17:44:15Z,2026-04-20T18:25:52.726000Z,l2_obs_time_utc,2497.726,OBJ_MP_1277_0316.fits,0316,OBJ_MP_1277_0316_cat.fits.gz,dbb46a8e7c9ac8b676de38304feef9c2622d52b25c200fe3ca598e1949fb0263
20260420,20260420:1804:0002,1804,4,3,normal,matched,monotonic_minimum_total_absolute_time_residual,2026-04-20T17:45:35Z,2026-04-20T17:56:01.516000Z,l2_obs_time_utc,626.516,OBJ_MP_1804_0295.fits,0295,OBJ_MP_1804_0295_cat.fits.gz,dbb46a8e7c9ac8b676de38304feef9c2622d52b25c200fe3ca598e1949fb0263
20260420,20260420:1411:0003,1411,4,3,normal,matched,monotonic_minimum_total_absolute_time_residual,2026-04-20T17:46:55Z,2026-04-20T18:28:55.999000Z,l2_obs_time_utc,2520.999,OBJ_MP_1411_0318.fits,0318,OBJ_MP_1411_0318_cat.fits.gz,dbb46a8e7c9ac8b676de38304feef9c2622d52b25c200fe3ca598e1949fb0263
20260420,20260420:1675:0002,1675,4,3,normal,matched,monotonic_minimum_total_absolute_time_residual,2026-04-20T17:48:15Z,2026-04-20T17:58:53.241000Z,l2_obs_time_utc,638.241,OBJ_MP_1675_0297.fits,0297,OBJ_MP_1675_0297_cat.fits.gz,dbb46a8e7c9ac8b676de38304feef9c2622d52b25c200fe3ca598e1949fb0263
20260420,20260420:1544:0002,1544,4,3,normal,matched,monotonic_minimum_total_absolute_time_residual,2026-04-20T17:49:35Z,2026-04-20T18:00:08.114000Z,l2_obs_time_utc,633.114,OBJ_MP_1544_0298.fits,0298,OBJ_MP_1544_0298_cat.fits.gz,dbb46a8e7c9ac8b676de38304feef9c2622d52b25c200fe3ca598e1949fb0263
20260420,20260420:1278:0003,1278,4,3,normal,matched,monotonic_minimum_total_absolute_time_residual,2026-04-20T17:50:55Z,2026-04-20T18:32:57.638000Z,l2_obs_time_utc,2522.638,OBJ_MP_1278_0321.fits,0321,OBJ_MP_1278_0321_cat.fits.gz,dbb46a8e7c9ac8b676de38304feef9c2622d52b25c200fe3ca598e1949fb0263
20260420,20260420:1805:0002,1805,4,3,normal,matched,monotonic_minimum_total_absolute_time_residual,2026-04-20T17:52:15Z,2026-04-20T18:03:05.505000Z,l2_obs_time_utc,650.505,OBJ_MP_1805_0300.fits,0300,OBJ_MP_1805_0300_cat.fits.gz,dbb46a8e7c9ac8b676de38304feef9c2622d52b25c200fe3ca598e1949fb0263
20260420,20260420:1412:0003,1412,4,3,normal,matched,monotonic_minimum_total_absolute_time_residual,2026-04-20T17:53:35Z,2026-04-20T18:36:03.153000Z,l2_obs_time_utc,2548.153,OBJ_MP_1412_0323.fits,0323,OBJ_MP_1412_0323_cat.fits.gz,dbb46a8e7c9ac8b676de38304feef9c2622d52b25c200fe3ca598e1949fb0263
20260420,20260420:1801:0003,1801,5,1,normal,matched,monotonic_minimum_total_absolute_time_residual,2026-04-20T17:54:55Z,2026-04-20T18:06:10.244000Z,l2_obs_time_utc,675.244,OBJ_MP_1801_0302.fits,0302,OBJ_MP_1801_0302_cat.fits.gz,dbb46a8e7c9ac8b676de38304feef9c2622d52b25c200fe3ca598e1949fb0263
20260420,20260420:1408:0004,1408,5,1,normal,matched,monotonic_minimum_total_absolute_time_residual,2026-04-20T17:56:15Z,2026-04-20T18:39:08.268000Z,l2_obs_time_utc,2573.268,OBJ_MP_1408_0325.fits,0325,OBJ_MP_1408_0325_cat.fits.gz,dbb46a8e7c9ac8b676de38304feef9c2622d52b25c200fe3ca598e1949fb0263
20260420,20260420:1672:0003,1672,5,1,normal,matched,monotonic_minimum_total_absolute_time_residual,2026-04-20T17:57:35Z,2026-04-20T18:09:02.746000Z,l2_obs_time_utc,687.746,OBJ_MP_1672_0304.fits,0304,OBJ_MP_1672_0304_cat.fits.gz,dbb46a8e7c9ac8b676de38304feef9c2622d52b25c200fe3ca598e1949fb0263
20260420,20260420:1541:0004,1541,5,1,normal,matched,monotonic_minimum_total_absolute_time_residual,2026-04-20T17:58:55Z,2026-04-20T18:41:47.640000Z,l2_obs_time_utc,2572.64,OBJ_MP_1541_0327.fits,0327,OBJ_MP_1541_0327_cat.fits.gz,dbb46a8e7c9ac8b676de38304feef9c2622d52b25c200fe3ca598e1949fb0263
20260420,20260420:1275:0004,1275,5,1,normal,matched,monotonic_minimum_total_absolute_time_residual,2026-04-20T18:00:15Z,2026-04-20T18:43:10.321000Z,l2_obs_time_utc,2575.321,OBJ_MP_1275_0328.fits,0328,OBJ_MP_1275_0328_cat.fits.gz,dbb46a8e7c9ac8b676de38304feef9c2622d52b25c200fe3ca598e1949fb0263
20260420,20260420:1802:0003,1802,5,1,normal,matched,monotonic_minimum_total_absolute_time_residual,2026-04-20T18:01:35Z,2026-04-20T18:13:17.419000Z,l2_obs_time_utc,702.419,OBJ_MP_1802_0307.fits,0307,OBJ_MP_1802_0307_cat.fits.gz,dbb46a8e7c9ac8b676de38304feef9c2622d52b25c200fe3ca598e1949fb0263
20260420,20260420:1409:0004,1409,5,1,normal,matched,monotonic_minimum_total_absolute_time_residual,2026-04-20T18:02:55Z,2026-04-20T18:46:14.414000Z,l2_obs_time_utc,2599.414,OBJ_MP_1409_0330.fits,0330,OBJ_MP_1409_0330_cat.fits.gz,dbb46a8e7c9ac8b676de38304feef9c2622d52b25c200fe3ca598e1949fb0263
20260420,20260420:1673:0003,1673,5,1,normal,matched,monotonic_minimum_total_absolute_time_residual,2026-04-20T18:04:15Z,2026-04-20T18:16:09.383000Z,l2_obs_time_utc,714.383,OBJ_MP_1673_0309.fits,0309,OBJ_MP_1673_0309_cat.fits.gz,dbb46a8e7c9ac8b676de38304feef9c2622d52b25c200fe3ca598e1949fb0263
20260420,20260420:1542:0004,1542,5,1,normal,matched,monotonic_minimum_total_absolute_time_residual,2026-04-20T18:05:35Z,2026-04-20T18:48:53.087000Z,l2_obs_time_utc,2598.087,OBJ_MP_1542_0332.fits,0332,OBJ_MP_1542_0332_cat.fits.gz,dbb46a8e7c9ac8b676de38304feef9c2622d52b25c200fe3ca598e1949fb0263
20260420,20260420:1276:0004,1276,5,1,normal,matched,monotonic_minimum_total_absolute_time_residual,2026-04-20T18:06:55Z,2026-04-20T18:50:15.762000Z,l2_obs_time_utc,2600.762,OBJ_MP_1276_0333.fits,0333,OBJ_MP_1276_0333_cat.fits.gz,dbb46a8e7c9ac8b676de38304feef9c2622d52b25c200fe3ca598e1949fb0263
20260420,20260420:1803:0003,1803,5,1,normal,matched,monotonic_minimum_total_absolute_time_residual,2026-04-20T18:08:15Z,2026-04-20T18:20:23.186000Z,l2_obs_time_utc,728.186,OBJ_MP_1803_0312.fits,0312,OBJ_MP_1803_0312_cat.fits.gz,dbb46a8e7c9ac8b676de38304feef9c2622d52b25c200fe3ca598e1949fb0263
20260420,20260420:1410:0004,1410,5,1,normal,matched,monotonic_minimum_total_absolute_time_residual,2026-04-20T18:09:35Z,2026-04-20T18:53:19.437000Z,l2_obs_time_utc,2624.437,OBJ_MP_1410_0335.fits,0335,OBJ_MP_1410_0335_cat.fits.gz,dbb46a8e7c9ac8b676de38304feef9c2622d52b25c200fe3ca598e1949fb0263
20260420,20260420:1674:0003,1674,5,1,normal,matched,monotonic_minimum_total_absolute_time_residual,2026-04-20T18:10:55Z,2026-04-20T18:23:15.063000Z,l2_obs_time_utc,740.063,OBJ_MP_1674_0314.fits,0314,OBJ_MP_1674_0314_cat.fits.gz,dbb46a8e7c9ac8b676de38304feef9c2622d52b25c200fe3ca598e1949fb0263
20260420,20260420:1543:0003,1543,5,1,normal,matched,monotonic_minimum_total_absolute_time_residual,2026-04-20T18:12:15Z,2026-04-20T18:24:30.049000Z,l2_obs_time_utc,735.049,OBJ_MP_1543_0315.fits,0315,OBJ_MP_1543_0315_cat.fits.gz,dbb46a8e7c9ac8b676de38304feef9c2622d52b25c200fe3ca598e1949fb0263
20260420,20260420:1277:0004,1277,5,1,normal,matched,monotonic_minimum_total_absolute_time_residual,2026-04-20T18:13:35Z,2026-04-20T18:57:18.504000Z,l2_obs_time_utc,2623.504,OBJ_MP_1277_0338.fits,0338,OBJ_MP_1277_0338_cat.fits.gz,dbb46a8e7c9ac8b676de38304feef9c2622d52b25c200fe3ca598e1949fb0263
20260420,20260420:1804:0003,1804,5,1,normal,matched,monotonic_minimum_total_absolute_time_residual,2026-04-20T18:14:55Z,2026-04-20T18:27:26.406000Z,l2_obs_time_utc,751.406,OBJ_MP_1804_0317.fits,0317,OBJ_MP_1804_0317_cat.fits.gz,dbb46a8e7c9ac8b676de38304feef9c2622d52b25c200fe3ca598e1949fb0263
20260420,20260420:1411:0004,1411,5,1,normal,matched,monotonic_minimum_total_absolute_time_residual,2026-04-20T18:16:15Z,2026-04-20T19:00:22.393000Z,l2_obs_time_utc,2647.393,OBJ_MP_1411_0340.fits,0340,OBJ_MP_1411_0340_cat.fits.gz,dbb46a8e7c9ac8b676de38304feef9c2622d52b25c200fe3ca598e1949fb0263
20260420,20260420:1675:0003,1675,5,1,normal,matched,monotonic_minimum_total_absolute_time_residual,2026-04-20T18:17:35Z,2026-04-20T18:30:18.801000Z,l2_obs_time_utc,763.801,OBJ_MP_1675_0319.fits,0319,OBJ_MP_1675_0319_cat.fits.gz,dbb46a8e7c9ac8b676de38304feef9c2622d52b25c200fe3ca598e1949fb0263
20260420,20260420:1544:0003,1544,5,1,normal,matched,monotonic_minimum_total_absolute_time_residual,2026-04-20T18:18:55Z,2026-04-20T18:31:33.379000Z,l2_obs_time_utc,758.379,OBJ_MP_1544_0320.fits,0320,OBJ_MP_1544_0320_cat.fits.gz,dbb46a8e7c9ac8b676de38304feef9c2622d52b25c200fe3ca598e1949fb0263
20260420,20260420:1278:0004,1278,5,1,normal,matched,monotonic_minimum_total_absolute_time_residual,2026-04-20T18:20:15Z,2026-04-20T19:04:23.460000Z,l2_obs_time_utc,2648.46,OBJ_MP_1278_0343.fits,0343,OBJ_MP_1278_0343_cat.fits.gz,dbb46a8e7c9ac8b676de38304feef9c2622d52b25c200fe3ca598e1949fb0263
20260420,20260420:1805:0003,1805,5,1,normal,matched,monotonic_minimum_total_absolute_time_residual,2026-04-20T18:21:35Z,2026-04-20T18:34:33.069000Z,l2_obs_time_utc,778.069,OBJ_MP_1805_0322.fits,0322,OBJ_MP_1805_0322_cat.fits.gz,dbb46a8e7c9ac8b676de38304feef9c2622d52b25c200fe3ca598e1949fb0263
20260420,20260420:1412:0004,1412,5,1,normal,matched,monotonic_minimum_total_absolute_time_residual,2026-04-20T18:22:55Z,2026-04-20T19:07:28.211000Z,l2_obs_time_utc,2673.211,OBJ_MP_1412_0345.fits,0345,OBJ_MP_1412_0345_cat.fits.gz,dbb46a8e7c9ac8b676de38304feef9c2622d52b25c200fe3ca598e1949fb0263
20260420,20260420:1801:0004,1801,5,2,normal,matched,monotonic_minimum_total_absolute_time_residual,2026-04-20T18:24:55Z,2026-04-20T18:37:37.864000Z,l2_obs_time_utc,762.864,OBJ_MP_1801_0324.fits,0324,OBJ_MP_1801_0324_cat.fits.gz,dbb46a8e7c9ac8b676de38304feef9c2622d52b25c200fe3ca598e1949fb0263
20260420,20260420:1408:0005,1408,5,2,normal,matched,monotonic_minimum_total_absolute_time_residual,2026-04-20T18:26:15Z,2026-04-20T19:10:32.226000Z,l2_obs_time_utc,2657.226,OBJ_MP_1408_0347.fits,0347,OBJ_MP_1408_0347_cat.fits.gz,dbb46a8e7c9ac8b676de38304feef9c2622d52b25c200fe3ca598e1949fb0263
20260420,20260420:1672:0004,1672,5,2,normal,matched,monotonic_minimum_total_absolute_time_residual,2026-04-20T18:27:35Z,2026-04-20T18:40:31.165000Z,l2_obs_time_utc,776.165,OBJ_MP_1672_0326.fits,0326,OBJ_MP_1672_0326_cat.fits.gz,dbb46a8e7c9ac8b676de38304feef9c2622d52b25c200fe3ca598e1949fb0263
20260420,20260420:1541:0005,1541,5,2,normal,matched,monotonic_minimum_total_absolute_time_residual,2026-04-20T18:28:55Z,2026-04-20T19:13:09.292000Z,l2_obs_time_utc,2654.292,OBJ_MP_1541_0349.fits,0349,OBJ_MP_1541_0349_cat.fits.gz,dbb46a8e7c9ac8b676de38304feef9c2622d52b25c200fe3ca598e1949fb0263
20260420,20260420:1275:0005,1275,5,2,normal,matched,monotonic_minimum_total_absolute_time_residual,2026-04-20T18:30:15Z,2026-04-20T19:14:33.191000Z,l2_obs_time_utc,2658.191,OBJ_MP_1275_0350.fits,0350,OBJ_MP_1275_0350_cat.fits.gz,dbb46a8e7c9ac8b676de38304feef9c2622d52b25c200fe3ca598e1949fb0263
20260420,20260420:1802:0004,1802,5,2,normal,matched,monotonic_minimum_total_absolute_time_residual,2026-04-20T18:31:35Z,2026-04-20T18:44:43.967000Z,l2_obs_time_utc,788.967,OBJ_MP_1802_0329.fits,0329,OBJ_MP_1802_0329_cat.fits.gz,dbb46a8e7c9ac8b676de38304feef9c2622d52b25c200fe3ca598e1949fb0263
20260420,20260420:1409:0005,1409,5,2,normal,matched,monotonic_minimum_total_absolute_time_residual,2026-04-20T18:32:55Z,2026-04-20T19:17:35.911000Z,l2_obs_time_utc,2680.911,OBJ_MP_1409_0352.fits,0352,OBJ_MP_1409_0352_cat.fits.gz,dbb46a8e7c9ac8b676de38304feef9c2622d52b25c200fe3ca598e1949fb0263
20260420,20260420:1673:0004,1673,5,2,normal,matched,monotonic_minimum_total_absolute_time_residual,2026-04-20T18:34:15Z,2026-04-20T18:47:37.366000Z,l2_obs_time_utc,802.366,OBJ_MP_1673_0331.fits,0331,OBJ_MP_1673_0331_cat.fits.gz,dbb46a8e7c9ac8b676de38304feef9c2622d52b25c200fe3ca598e1949fb0263
20260420,20260420:1542:0005,1542,5,2,normal,matched,monotonic_minimum_total_absolute_time_residual,2026-04-20T18:35:35Z,2026-04-20T19:20:13.761000Z,l2_obs_time_utc,2678.761,OBJ_MP_1542_0354.fits,0354,OBJ_MP_1542_0354_cat.fits.gz,dbb46a8e7c9ac8b676de38304feef9c2622d52b25c200fe3ca598e1949fb0263
20260420,20260420:1276:0005,1276,5,2,normal,matched,monotonic_minimum_total_absolute_time_residual,2026-04-20T18:36:55Z,2026-04-20T19:21:36.330000Z,l2_obs_time_utc,2681.33,OBJ_MP_1276_0355.fits,0355,OBJ_MP_1276_0355_cat.fits.gz,dbb46a8e7c9ac8b676de38304feef9c2622d52b25c200fe3ca598e1949fb0263
20260420,20260420:1803:0004,1803,5,2,normal,matched,monotonic_minimum_total_absolute_time_residual,2026-04-20T18:38:15Z,2026-04-20T18:51:49.501000Z,l2_obs_time_utc,814.501,OBJ_MP_1803_0334.fits,0334,OBJ_MP_1803_0334_cat.fits.gz,dbb46a8e7c9ac8b676de38304feef9c2622d52b25c200fe3ca598e1949fb0263
20260420,20260420:1410:0005,1410,5,2,normal,matched,monotonic_minimum_total_absolute_time_residual,2026-04-20T18:39:35Z,2026-04-20T19:24:38.994000Z,l2_obs_time_utc,2703.994,OBJ_MP_1410_0357.fits,0357,OBJ_MP_1410_0357_cat.fits.gz,dbb46a8e7c9ac8b676de38304feef9c2622d52b25c200fe3ca598e1949fb0263
20260420,20260420:1674:0004,1674,5,2,normal,matched,monotonic_minimum_total_absolute_time_residual,2026-04-20T18:40:55Z,2026-04-20T18:54:41.130000Z,l2_obs_time_utc,826.13,OBJ_MP_1674_0336.fits,0336,OBJ_MP_1674_0336_cat.fits.gz,dbb46a8e7c9ac8b676de38304feef9c2622d52b25c200fe3ca598e1949fb0263
20260420,20260420:1543:0004,1543,5,2,normal,matched,monotonic_minimum_total_absolute_time_residual,2026-04-20T18:42:15Z,2026-04-20T18:55:55.994000Z,l2_obs_time_utc,820.994,OBJ_MP_1543_0337.fits,0337,OBJ_MP_1543_0337_cat.fits.gz,dbb46a8e7c9ac8b676de38304feef9c2622d52b25c200fe3ca598e1949fb0263
20260420,20260420:1277:0005,1277,5,2,normal,matched,monotonic_minimum_total_absolute_time_residual,2026-04-20T18:43:35Z,2026-04-20T19:28:38.937000Z,l2_obs_time_utc,2703.937,OBJ_MP_1277_0360.fits,0360,OBJ_MP_1277_0360_cat.fits.gz,dbb46a8e7c9ac8b676de38304feef9c2622d52b25c200fe3ca598e1949fb0263
20260420,20260420:1804:0004,1804,5,2,normal,matched,monotonic_minimum_total_absolute_time_residual,2026-04-20T18:44:55Z,2026-04-20T18:58:53.168000Z,l2_obs_time_utc,838.168,OBJ_MP_1804_0339.fits,0339,OBJ_MP_1804_0339_cat.fits.gz,dbb46a8e7c9ac8b676de38304feef9c2622d52b25c200fe3ca598e1949fb0263
20260420,20260420:1411:0005,1411,5,2,normal,matched,monotonic_minimum_total_absolute_time_residual,2026-04-20T18:46:15Z,2026-04-20T19:31:42.489000Z,l2_obs_time_utc,2727.489,OBJ_MP_1411_0362.fits,0362,OBJ_MP_1411_0362_cat.fits.gz,dbb46a8e7c9ac8b676de38304feef9c2622d52b25c200fe3ca598e1949fb0263
20260420,20260420:1675:0004,1675,5,2,normal,matched,monotonic_minimum_total_absolute_time_residual,2026-04-20T18:47:35Z,2026-04-20T19:01:45.080000Z,l2_obs_time_utc,850.08,OBJ_MP_1675_0341.fits,0341,OBJ_MP_1675_0341_cat.fits.gz,dbb46a8e7c9ac8b676de38304feef9c2622d52b25c200fe3ca598e1949fb0263
20260420,20260420:1544:0004,1544,5,2,normal,matched,monotonic_minimum_total_absolute_time_residual,2026-04-20T18:48:55Z,2026-04-20T19:02:59.614000Z,l2_obs_time_utc,844.614,OBJ_MP_1544_0342.fits,0342,OBJ_MP_1544_0342_cat.fits.gz,dbb46a8e7c9ac8b676de38304feef9c2622d52b25c200fe3ca598e1949fb0263
20260420,20260420:1278:0005,1278,5,2,normal,matched,monotonic_minimum_total_absolute_time_residual,2026-04-20T18:50:15Z,2026-04-20T19:35:41.611000Z,l2_obs_time_utc,2726.611,OBJ_MP_1278_0365.fits,0365,OBJ_MP_1278_0365_cat.fits.gz,dbb46a8e7c9ac8b676de38304feef9c2622d52b25c200fe3ca598e1949fb0263
20260420,20260420:1805:0004,1805,5,2,normal,matched,monotonic_minimum_total_absolute_time_residual,2026-04-20T18:51:35Z,2026-04-20T19:05:58.493000Z,l2_obs_time_utc,863.493,OBJ_MP_1805_0344.fits,0344,OBJ_MP_1805_0344_cat.fits.gz,dbb46a8e7c9ac8b676de38304feef9c2622d52b25c200fe3ca598e1949fb0263
20260420,20260420:1412:0005,1412,5,2,normal,matched,monotonic_minimum_total_absolute_time_residual,2026-04-20T18:52:55Z,2026-04-20T19:38:44.747000Z,l2_obs_time_utc,2749.747,OBJ_MP_1412_0367.fits,0367,OBJ_MP_1412_0367_cat.fits.gz,dbb46a8e7c9ac8b676de38304feef9c2622d52b25c200fe3ca598e1949fb0263
20260420,20260420:1801:0005,1801,5,3,normal,matched,monotonic_minimum_total_absolute_time_residual,2026-04-20T18:54:55Z,2026-04-20T19:09:02.834000Z,l2_obs_time_utc,847.834,OBJ_MP_1801_0346.fits,0346,OBJ_MP_1801_0346_cat.fits.gz,dbb46a8e7c9ac8b676de38304feef9c2622d52b25c200fe3ca598e1949fb0263
20260420,20260420:1408:0006,1408,5,3,normal,matched,monotonic_minimum_total_absolute_time_residual,2026-04-20T18:56:15Z,2026-04-20T19:41:50.091000Z,l2_obs_time_utc,2735.091,OBJ_MP_1408_0369.fits,0369,OBJ_MP_1408_0369_cat.fits.gz,dbb46a8e7c9ac8b676de38304feef9c2622d52b25c200fe3ca598e1949fb0263
20260420,20260420:1672:0005,1672,5,3,normal,matched,monotonic_minimum_total_absolute_time_residual,2026-04-20T18:57:35Z,2026-04-20T19:11:54.703000Z,l2_obs_time_utc,859.703,OBJ_MP_1672_0348.fits,0348,OBJ_MP_1672_0348_cat.fits.gz,dbb46a8e7c9ac8b676de38304feef9c2622d52b25c200fe3ca598e1949fb0263
20260420,20260420:1541:0006,1541,5,3,normal,matched,monotonic_minimum_total_absolute_time_residual,2026-04-20T18:58:55Z,2026-04-20T19:44:29.817000Z,l2_obs_time_utc,2734.817,OBJ_MP_1541_0371.fits,0371,OBJ_MP_1541_0371_cat.fits.gz,dbb46a8e7c9ac8b676de38304feef9c2622d52b25c200fe3ca598e1949fb0263
20260420,20260420:1275:0006,1275,5,3,normal,matched,monotonic_minimum_total_absolute_time_residual,2026-04-20T19:00:15Z,2026-04-20T19:45:52.462000Z,l2_obs_time_utc,2737.462,OBJ_MP_1275_0372.fits,0372,OBJ_MP_1275_0372_cat.fits.gz,dbb46a8e7c9ac8b676de38304feef9c2622d52b25c200fe3ca598e1949fb0263
20260420,20260420:1802:plan:0005,1802,5,3,normal,planned_not_acquired,monotonic_minimum_total_absolute_time_residual,2026-04-20T19:01:35Z,,,,,,,dbb46a8e7c9ac8b676de38304feef9c2622d52b25c200fe3ca598e1949fb0263
20260420,20260420:1409:0006,1409,5,3,normal,matched,monotonic_minimum_total_absolute_time_residual,2026-04-20T19:02:55Z,2026-04-20T19:48:55.470000Z,l2_obs_time_utc,2760.47,OBJ_MP_1409_0374.fits,0374,OBJ_MP_1409_0374_cat.fits.gz,dbb46a8e7c9ac8b676de38304feef9c2622d52b25c200fe3ca598e1949fb0263
20260420,20260420:1673:plan:0005,1673,5,3,normal,planned_not_acquired,monotonic_minimum_total_absolute_time_residual,2026-04-20T19:04:15Z,,,,,,,dbb46a8e7c9ac8b676de38304feef9c2622d52b25c200fe3ca598e1949fb0263
20260420,20260420:1542:0006,1542,5,3,normal,matched,monotonic_minimum_total_absolute_time_residual,2026-04-20T19:05:35Z,2026-04-20T19:51:31.847000Z,l2_obs_time_utc,2756.847,OBJ_MP_1542_0376.fits,0376,OBJ_MP_1542_0376_cat.fits.gz,dbb46a8e7c9ac8b676de38304feef9c2622d52b25c200fe3ca598e1949fb0263
20260420,20260420:1276:0006,1276,5,3,normal,matched,monotonic_minimum_total_absolute_time_residual,2026-04-20T19:06:55Z,2026-04-20T19:52:54.614000Z,l2_obs_time_utc,2759.614,OBJ_MP_1276_0377.fits,0377,OBJ_MP_1276_0377_cat.fits.gz,dbb46a8e7c9ac8b676de38304feef9c2622d52b25c200fe3ca598e1949fb0263
20260420,20260420:1803:plan:0005,1803,5,3,normal,planned_not_acquired,monotonic_minimum_total_absolute_time_residual,2026-04-20T19:08:15Z,,,,,,,dbb46a8e7c9ac8b676de38304feef9c2622d52b25c200fe3ca598e1949fb0263
20260420,20260420:1410:0006,1410,5,3,normal,matched,monotonic_minimum_total_absolute_time_residual,2026-04-20T19:09:35Z,2026-04-20T19:55:58.511000Z,l2_obs_time_utc,2783.511,OBJ_MP_1410_0379.fits,0379,OBJ_MP_1410_0379_cat.fits.gz,dbb46a8e7c9ac8b676de38304feef9c2622d52b25c200fe3ca598e1949fb0263
20260420,20260420:1674:plan:0005,1674,5,3,normal,planned_not_acquired,monotonic_minimum_total_absolute_time_residual,2026-04-20T19:10:55Z,,,,,,,dbb46a8e7c9ac8b676de38304feef9c2622d52b25c200fe3ca598e1949fb0263
20260420,20260420:1543:plan:0005,1543,5,3,normal,planned_not_acquired,monotonic_minimum_total_absolute_time_residual,2026-04-20T19:12:15Z,,,,,,,dbb46a8e7c9ac8b676de38304feef9c2622d52b25c200fe3ca598e1949fb0263
20260420,20260420:1277:0006,1277,5,3,normal,matched,monotonic_minimum_total_absolute_time_residual,2026-04-20T19:13:35Z,2026-04-20T20:00:00.017000Z,l2_obs_time_utc,2785.017,OBJ_MP_1277_0382.fits,0382,OBJ_MP_1277_0382_cat.fits.gz,dbb46a8e7c9ac8b676de38304feef9c2622d52b25c200fe3ca598e1949fb0263
20260420,20260420:1804:plan:0005,1804,5,3,normal,planned_not_acquired,monotonic_minimum_total_absolute_time_residual,2026-04-20T19:14:55Z,,,,,,,dbb46a8e7c9ac8b676de38304feef9c2622d52b25c200fe3ca598e1949fb0263
20260420,20260420:1411:0006,1411,5,3,normal,matched,monotonic_minimum_total_absolute_time_residual,2026-04-20T19:16:15Z,2026-04-20T20:03:04.038000Z,l2_obs_time_utc,2809.038,OBJ_MP_1411_0384.fits,0384,OBJ_MP_1411_0384_cat.fits.gz,dbb46a8e7c9ac8b676de38304feef9c2622d52b25c200fe3ca598e1949fb0263
20260420,20260420:1675:plan:0005,1675,5,3,normal,planned_not_acquired,monotonic_minimum_total_absolute_time_residual,2026-04-20T19:17:35Z,,,,,,,dbb46a8e7c9ac8b676de38304feef9c2622d52b25c200fe3ca598e1949fb0263
20260420,20260420:1544:plan:0005,1544,5,3,normal,planned_not_acquired,monotonic_minimum_total_absolute_time_residual,2026-04-20T19:18:55Z,,,,,,,dbb46a8e7c9ac8b676de38304feef9c2622d52b25c200fe3ca598e1949fb0263
20260420,20260420:1278:0006,1278,5,3,normal,matched,monotonic_minimum_total_absolute_time_residual,2026-04-20T19:20:15Z,2026-04-20T20:07:03.984000Z,l2_obs_time_utc,2808.984,OBJ_MP_1278_0387.fits,0387,OBJ_MP_1278_0387_cat.fits.gz,dbb46a8e7c9ac8b676de38304feef9c2622d52b25c200fe3ca598e1949fb0263
20260420,20260420:1805:plan:0005,1805,5,3,normal,planned_not_acquired,monotonic_minimum_total_absolute_time_residual,2026-04-20T19:21:35Z,,,,,,,dbb46a8e7c9ac8b676de38304feef9c2622d52b25c200fe3ca598e1949fb0263
20260420,20260420:1412:0006,1412,5,3,normal,matched,monotonic_minimum_total_absolute_time_residual,2026-04-20T19:22:55Z,2026-04-20T20:10:07.113000Z,l2_obs_time_utc,2832.113,OBJ_MP_1412_0389.fits,0389,OBJ_MP_1412_0389_cat.fits.gz,dbb46a8e7c9ac8b676de38304feef9c2622d52b25c200fe3ca598e1949fb0263
20260420,20260420:1800:plan:0000,1800,6,1,near_sun,planned_not_acquired,monotonic_minimum_total_absolute_time_residual,2026-04-20T19:24:15Z,,,,,,,dbb46a8e7c9ac8b676de38304feef9c2622d52b25c200fe3ca598e1949fb0263
20260420,20260420:1801:plan:0006,1801,6,1,near_sun,planned_not_acquired,monotonic_minimum_total_absolute_time_residual,2026-04-20T19:25:35Z,,,,,,,dbb46a8e7c9ac8b676de38304feef9c2622d52b25c200fe3ca598e1949fb0263
20260420,20260420:1672:plan:0006,1672,6,1,near_sun,planned_not_acquired,monotonic_minimum_total_absolute_time_residual,2026-04-20T19:26:55Z,,,,,,,dbb46a8e7c9ac8b676de38304feef9c2622d52b25c200fe3ca598e1949fb0263
20260420,20260420:1802:0005,1802,6,1,near_sun,matched,monotonic_minimum_total_absolute_time_residual,2026-04-20T19:28:15Z,2026-04-20T19:16:07.343000Z,l2_obs_time_utc,-727.657,OBJ_MP_1802_0351.fits,0351,OBJ_MP_1802_0351_cat.fits.gz,dbb46a8e7c9ac8b676de38304feef9c2622d52b25c200fe3ca598e1949fb0263
20260420,20260420:1673:0005,1673,6,1,near_sun,matched,monotonic_minimum_total_absolute_time_residual,2026-04-20T19:29:35Z,2026-04-20T19:18:58.003000Z,l2_obs_time_utc,-636.997,OBJ_MP_1673_0353.fits,0353,OBJ_MP_1673_0353_cat.fits.gz,dbb46a8e7c9ac8b676de38304feef9c2622d52b25c200fe3ca598e1949fb0263
20260420,20260420:1803:0005,1803,6,1,near_sun,matched,monotonic_minimum_total_absolute_time_residual,2026-04-20T19:30:55Z,2026-04-20T19:23:09.938000Z,l2_obs_time_utc,-465.062,OBJ_MP_1803_0356.fits,0356,OBJ_MP_1803_0356_cat.fits.gz,dbb46a8e7c9ac8b676de38304feef9c2622d52b25c200fe3ca598e1949fb0263
20260420,20260420:1674:0005,1674,6,1,near_sun,matched,monotonic_minimum_total_absolute_time_residual,2026-04-20T19:32:15Z,2026-04-20T19:26:00.987000Z,l2_obs_time_utc,-374.013,OBJ_MP_1674_0358.fits,0358,OBJ_MP_1674_0358_cat.fits.gz,dbb46a8e7c9ac8b676de38304feef9c2622d52b25c200fe3ca598e1949fb0263
20260420,20260420:1543:0005,1543,6,1,near_sun,matched,monotonic_minimum_total_absolute_time_residual,2026-04-20T19:33:35Z,2026-04-20T19:27:16.207000Z,l2_obs_time_utc,-378.793,OBJ_MP_1543_0359.fits,0359,OBJ_MP_1543_0359_cat.fits.gz,dbb46a8e7c9ac8b676de38304feef9c2622d52b25c200fe3ca598e1949fb0263
20260420,20260420:1804:0005,1804,6,1,near_sun,matched,monotonic_minimum_total_absolute_time_residual,2026-04-20T19:34:55Z,2026-04-20T19:30:12.731000Z,l2_obs_time_utc,-282.269,OBJ_MP_1804_0361.fits,0361,OBJ_MP_1804_0361_cat.fits.gz,dbb46a8e7c9ac8b676de38304feef9c2622d52b25c200fe3ca598e1949fb0263
20260420,20260420:1675:0005,1675,6,1,near_sun,matched,monotonic_minimum_total_absolute_time_residual,2026-04-20T19:36:15Z,2026-04-20T19:33:04.160000Z,l2_obs_time_utc,-190.84,OBJ_MP_1675_0363.fits,0363,OBJ_MP_1675_0363_cat.fits.gz,dbb46a8e7c9ac8b676de38304feef9c2622d52b25c200fe3ca598e1949fb0263
20260420,20260420:1544:0005,1544,6,1,near_sun,matched,monotonic_minimum_total_absolute_time_residual,2026-04-20T19:37:35Z,2026-04-20T19:34:19.122000Z,l2_obs_time_utc,-195.878,OBJ_MP_1544_0364.fits,0364,OBJ_MP_1544_0364_cat.fits.gz,dbb46a8e7c9ac8b676de38304feef9c2622d52b25c200fe3ca598e1949fb0263
20260420,20260420:1805:0005,1805,6,1,near_sun,matched,monotonic_minimum_total_absolute_time_residual,2026-04-20T19:38:55Z,2026-04-20T19:37:15.206000Z,l2_obs_time_utc,-99.794,OBJ_MP_1805_0366.fits,0366,OBJ_MP_1805_0366_cat.fits.gz,dbb46a8e7c9ac8b676de38304feef9c2622d52b25c200fe3ca598e1949fb0263
20260420,20260420:1676:plan:0000,1676,6,1,near_sun,planned_not_acquired,monotonic_minimum_total_absolute_time_residual,2026-04-20T19:40:15Z,,,,,,,dbb46a8e7c9ac8b676de38304feef9c2622d52b25c200fe3ca598e1949fb0263
20260420,20260420:1545:plan:0000,1545,6,1,near_sun,planned_not_acquired,monotonic_minimum_total_absolute_time_residual,2026-04-20T19:41:35Z,,,,,,,dbb46a8e7c9ac8b676de38304feef9c2622d52b25c200fe3ca598e1949fb0263
20260420,20260420:1800:0001,1800,6,2,near_sun,matched,monotonic_minimum_total_absolute_time_residual,2026-04-20T19:42:55Z,2026-04-20T20:11:44.746000Z,l2_obs_time_utc,1729.746,OBJ_MP_1800_0390.fits,0390,OBJ_MP_1800_0390_cat.fits.gz,dbb46a8e7c9ac8b676de38304feef9c2622d52b25c200fe3ca598e1949fb0263
20260420,20260420:1801:0006,1801,6,2,near_sun,matched,monotonic_minimum_total_absolute_time_residual,2026-04-20T19:44:15Z,2026-04-20T19:40:19.518000Z,l2_obs_time_utc,-235.482,OBJ_MP_1801_0368.fits,0368,OBJ_MP_1801_0368_cat.fits.gz,dbb46a8e7c9ac8b676de38304feef9c2622d52b25c200fe3ca598e1949fb0263
20260420,20260420:1672:0006,1672,6,2,near_sun,matched,monotonic_minimum_total_absolute_time_residual,2026-04-20T19:45:35Z,2026-04-20T19:43:13.082000Z,l2_obs_time_utc,-141.918,OBJ_MP_1672_0370.fits,0370,OBJ_MP_1672_0370_cat.fits.gz,dbb46a8e7c9ac8b676de38304feef9c2622d52b25c200fe3ca598e1949fb0263
20260420,20260420:1802:0006,1802,6,2,near_sun,matched,monotonic_minimum_total_absolute_time_residual,2026-04-20T19:46:55Z,2026-04-20T19:47:26.182000Z,l2_obs_time_utc,31.182,OBJ_MP_1802_0373.fits,0373,OBJ_MP_1802_0373_cat.fits.gz,dbb46a8e7c9ac8b676de38304feef9c2622d52b25c200fe3ca598e1949fb0263
20260420,20260420:1673:0006,1673,6,2,near_sun,matched,monotonic_minimum_total_absolute_time_residual,2026-04-20T19:48:15Z,2026-04-20T19:50:17.161000Z,l2_obs_time_utc,122.161,OBJ_MP_1673_0375.fits,0375,OBJ_MP_1673_0375_cat.fits.gz,dbb46a8e7c9ac8b676de38304feef9c2622d52b25c200fe3ca598e1949fb0263
20260420,20260420:1803:0006,1803,6,2,near_sun,matched,monotonic_minimum_total_absolute_time_residual,2026-04-20T19:49:35Z,2026-04-20T19:54:28.007000Z,l2_obs_time_utc,293.007,OBJ_MP_1803_0378.fits,0378,OBJ_MP_1803_0378_cat.fits.gz,dbb46a8e7c9ac8b676de38304feef9c2622d52b25c200fe3ca598e1949fb0263
20260420,20260420:1674:0006,1674,6,2,near_sun,matched,monotonic_minimum_total_absolute_time_residual,2026-04-20T19:50:55Z,2026-04-20T19:57:21.649000Z,l2_obs_time_utc,386.649,OBJ_MP_1674_0380.fits,0380,OBJ_MP_1674_0380_cat.fits.gz,dbb46a8e7c9ac8b676de38304feef9c2622d52b25c200fe3ca598e1949fb0263
20260420,20260420:1543:0006,1543,6,2,near_sun,matched,monotonic_minimum_total_absolute_time_residual,2026-04-20T19:52:15Z,2026-04-20T19:58:37.497000Z,l2_obs_time_utc,382.497,OBJ_MP_1543_0381.fits,0381,OBJ_MP_1543_0381_cat.fits.gz,dbb46a8e7c9ac8b676de38304feef9c2622d52b25c200fe3ca598e1949fb0263
20260420,20260420:1804:0006,1804,6,2,near_sun,matched,monotonic_minimum_total_absolute_time_residual,2026-04-20T19:53:35Z,2026-04-20T20:01:33.940000Z,l2_obs_time_utc,478.94,OBJ_MP_1804_0383.fits,0383,OBJ_MP_1804_0383_cat.fits.gz,dbb46a8e7c9ac8b676de38304feef9c2622d52b25c200fe3ca598e1949fb0263
20260420,20260420:1675:0006,1675,6,2,near_sun,matched,monotonic_minimum_total_absolute_time_residual,2026-04-20T19:54:55Z,2026-04-20T20:04:26.638000Z,l2_obs_time_utc,571.638,OBJ_MP_1675_0385.fits,0385,OBJ_MP_1675_0385_cat.fits.gz,dbb46a8e7c9ac8b676de38304feef9c2622d52b25c200fe3ca598e1949fb0263
20260420,20260420:1544:0006,1544,6,2,near_sun,matched,monotonic_minimum_total_absolute_time_residual,2026-04-20T19:56:15Z,2026-04-20T20:05:41.120000Z,l2_obs_time_utc,566.12,OBJ_MP_1544_0386.fits,0386,OBJ_MP_1544_0386_cat.fits.gz,dbb46a8e7c9ac8b676de38304feef9c2622d52b25c200fe3ca598e1949fb0263
20260420,20260420:1805:0006,1805,6,2,near_sun,matched,monotonic_minimum_total_absolute_time_residual,2026-04-20T19:57:35Z,2026-04-20T20:08:37.647000Z,l2_obs_time_utc,662.647,OBJ_MP_1805_0388.fits,0388,OBJ_MP_1805_0388_cat.fits.gz,dbb46a8e7c9ac8b676de38304feef9c2622d52b25c200fe3ca598e1949fb0263
20260420,20260420:1676:plan:0001,1676,6,2,near_sun,planned_not_acquired,monotonic_minimum_total_absolute_time_residual,2026-04-20T19:58:55Z,,,,,,,dbb46a8e7c9ac8b676de38304feef9c2622d52b25c200fe3ca598e1949fb0263
20260420,20260420:1545:plan:0001,1545,6,2,near_sun,planned_not_acquired,monotonic_minimum_total_absolute_time_residual,2026-04-20T20:00:15Z,,,,,,,dbb46a8e7c9ac8b676de38304feef9c2622d52b25c200fe3ca598e1949fb0263
20260420,20260420:1800:0002,1800,6,3,near_sun,matched,monotonic_minimum_total_absolute_time_residual,2026-04-20T20:01:35Z,2026-04-20T20:29:52.785000Z,l2_obs_time_utc,1697.785,OBJ_MP_1800_0404.fits,0404,OBJ_MP_1800_0404_cat.fits.gz,dbb46a8e7c9ac8b676de38304feef9c2622d52b25c200fe3ca598e1949fb0263
20260420,20260420:1801:0007,1801,6,3,near_sun,matched,monotonic_minimum_total_absolute_time_residual,2026-04-20T20:02:55Z,2026-04-20T20:12:58.023000Z,l2_obs_time_utc,603.023,OBJ_MP_1801_0391.fits,0391,OBJ_MP_1801_0391_cat.fits.gz,dbb46a8e7c9ac8b676de38304feef9c2622d52b25c200fe3ca598e1949fb0263
20260420,20260420:1672:0007,1672,6,3,near_sun,matched,monotonic_minimum_total_absolute_time_residual,2026-04-20T20:04:15Z,2026-04-20T20:14:13.322000Z,l2_obs_time_utc,598.322,OBJ_MP_1672_0392.fits,0392,OBJ_MP_1672_0392_cat.fits.gz,dbb46a8e7c9ac8b676de38304feef9c2622d52b25c200fe3ca598e1949fb0263
20260420,20260420:1802:0007,1802,6,3,near_sun,matched,monotonic_minimum_total_absolute_time_residual,2026-04-20T20:05:35Z,2026-04-20T20:15:32.125000Z,l2_obs_time_utc,597.125,OBJ_MP_1802_0393.fits,0393,OBJ_MP_1802_0393_cat.fits.gz,dbb46a8e7c9ac8b676de38304feef9c2622d52b25c200fe3ca598e1949fb0263
20260420,20260420:1673:0007,1673,6,3,near_sun,matched,monotonic_minimum_total_absolute_time_residual,2026-04-20T20:06:55Z,2026-04-20T20:16:47.012000Z,l2_obs_time_utc,592.012,OBJ_MP_1673_0394.fits,0394,OBJ_MP_1673_0394_cat.fits.gz,dbb46a8e7c9ac8b676de38304feef9c2622d52b25c200fe3ca598e1949fb0263
20260420,20260420:1803:0007,1803,6,3,near_sun,matched,monotonic_minimum_total_absolute_time_residual,2026-04-20T20:08:15Z,2026-04-20T20:18:03.640000Z,l2_obs_time_utc,588.64,OBJ_MP_1803_0395.fits,0395,OBJ_MP_1803_0395_cat.fits.gz,dbb46a8e7c9ac8b676de38304feef9c2622d52b25c200fe3ca598e1949fb0263
20260420,20260420:1674:0007,1674,6,3,near_sun,matched,monotonic_minimum_total_absolute_time_residual,2026-04-20T20:09:35Z,2026-04-20T20:19:18.125000Z,l2_obs_time_utc,583.125,OBJ_MP_1674_0396.fits,0396,OBJ_MP_1674_0396_cat.fits.gz,dbb46a8e7c9ac8b676de38304feef9c2622d52b25c200fe3ca598e1949fb0263
20260420,20260420:1543:0007,1543,6,3,near_sun,matched,monotonic_minimum_total_absolute_time_residual,2026-04-20T20:10:55Z,2026-04-20T20:20:31.816000Z,l2_obs_time_utc,576.816,OBJ_MP_1543_0397.fits,0397,OBJ_MP_1543_0397_cat.fits.gz,dbb46a8e7c9ac8b676de38304feef9c2622d52b25c200fe3ca598e1949fb0263
20260420,20260420:1804:0007,1804,6,3,near_sun,matched,monotonic_minimum_total_absolute_time_residual,2026-04-20T20:12:15Z,2026-04-20T20:21:52.346000Z,l2_obs_time_utc,577.346,OBJ_MP_1804_0398.fits,0398,OBJ_MP_1804_0398_cat.fits.gz,dbb46a8e7c9ac8b676de38304feef9c2622d52b25c200fe3ca598e1949fb0263
20260420,20260420:1675:0007,1675,6,3,near_sun,matched,monotonic_minimum_total_absolute_time_residual,2026-04-20T20:13:35Z,2026-04-20T20:23:07.249000Z,l2_obs_time_utc,572.249,OBJ_MP_1675_0399.fits,0399,OBJ_MP_1675_0399_cat.fits.gz,dbb46a8e7c9ac8b676de38304feef9c2622d52b25c200fe3ca598e1949fb0263
20260420,20260420:1544:0007,1544,6,3,near_sun,matched,monotonic_minimum_total_absolute_time_residual,2026-04-20T20:14:55Z,2026-04-20T20:24:21.828000Z,l2_obs_time_utc,566.828,OBJ_MP_1544_0400.fits,0400,OBJ_MP_1544_0400_cat.fits.gz,dbb46a8e7c9ac8b676de38304feef9c2622d52b25c200fe3ca598e1949fb0263
20260420,20260420:1805:0007,1805,6,3,near_sun,matched,monotonic_minimum_total_absolute_time_residual,2026-04-20T20:16:15Z,2026-04-20T20:25:44.653000Z,l2_obs_time_utc,569.653,OBJ_MP_1805_0401.fits,0401,OBJ_MP_1805_0401_cat.fits.gz,dbb46a8e7c9ac8b676de38304feef9c2622d52b25c200fe3ca598e1949fb0263
20260420,20260420:1676:0001,1676,6,3,near_sun,matched,monotonic_minimum_total_absolute_time_residual,2026-04-20T20:17:35Z,2026-04-20T20:27:00.349000Z,l2_obs_time_utc,565.349,OBJ_MP_1676_0402.fits,0402,OBJ_MP_1676_0402_cat.fits.gz,dbb46a8e7c9ac8b676de38304feef9c2622d52b25c200fe3ca598e1949fb0263
20260420,20260420:1545:0001,1545,6,3,near_sun,matched,monotonic_minimum_total_absolute_time_residual,2026-04-20T20:18:55Z,2026-04-20T20:28:15.088000Z,l2_obs_time_utc,560.088,OBJ_MP_1545_0403.fits,0403,OBJ_MP_1545_0403_cat.fits.gz,dbb46a8e7c9ac8b676de38304feef9c2622d52b25c200fe3ca598e1949fb0263
