radial_residual_arcsec,empirical_cdf
0.00033092448608581636,1.8699278207861177e-06
0.0035979069900718553,0.0002000822768241146
0.004912051740174492,0.0003982946258274431
0.006211897844354579,0.0005965069748307716
0.007166286724788189,0.0007947193238341
0.007997394200508684,0.0009929316728374284
0.008753521659985207,0.001191144021840757
0.009573806172719112,0.0013893563708440855
0.010283602120004162,0.0015875687198474138
0.010994857990715184,0.0017857810688507423
0.011596635828350502,0.0019839934178540707
0.012152019924118698,0.002182205766857399
0.012761002683544223,0.0023804181158607277
0.013238450344164158,0.0025786304648640563
0.013715461276602798,0.002776842813867385
0.014267718311782928,0.0029750551628707133
0.014692287366033535,0.003173267511874042
0.015191263790458895,0.00337147986087737
0.015513294181320126,0.0035696922098806985
0.015935732280369447,0.003767904558884027
0.01631418180423038,0.003966116907887355
0.01668393726557446,0.004164329256890684
0.01704597958606242,0.004362541605894012
0.017420078559146564,0.004560753954897341
0.01780289527714606,0.004758966303900669
0.018217184550569837,0.004957178652903998
0.01863900158578571,0.005155391001907326
0.01892959757280555,0.005353603350910655
0.01932899822414483,0.005551815699913983
0.019636376105395398,0.005750028048917312
0.01995675376493824,0.0059482403979206405
0.020226503174605167,0.006146452746923969
0.020603202651486314,0.0063446650959272976
0.021016269278404137,0.006542877444930626
0.021306256159293952,0.006741089793933954
0.02158187204978424,0.006939302142937282
0.021856752447474967,0.007137514491940611
0.022192188404008894,0.007335726840943939
0.022494470525610613,0.007533939189947268
0.02279800385142735,0.007732151538950596
0.023110214421595585,0.007930363887953925
0.023432680465963317,0.008128576236957253
0.023704766534654014,0.008326788585960582
0.02395176831159716,0.00852500093496391
0.02418711028074869,0.008723213283967239
0.024491042229252524,0.008921425632970567
0.0248050692254127,0.009119637981973896
0.025072373313359465,0.009317850330977224
0.02530188815659596,0.009516062679980553
0.025584042401695966,0.009714275028983881
0.025854506370088595,0.00991248737798721
0.026105394247514208,0.010110699726990538
0.026368417088878115,0.010308912075993867
0.026613464338308877,0.010507124424997195
0.026870799236536264,0.010705336774000523
0.02712954566558564,0.010903549123003852
0.027415915772713594,0.01110176147200718
0.02763426088107982,0.01129997382101051
0.027887988422727116,0.011498186170013837
0.02812228437214985,0.011696398519017166
0.028334558984337576,0.011894610868020494
0.028638387231471888,0.012092823217023823
0.0288460805659436,0.012291035566027151
0.029110235979138203,0.01248924791503048
0.02934016339133761,0.012687460264033808
0.02953120364212242,0.012885672613037137
0.029757065765082108,0.013083884962040465
0.029977636273204367,0.013282097311043795
0.03018427135605176,0.013480309660047122
0.030387986719924348,0.01367852200905045
0.03061514823998615,0.01387673435805378
0.030812387145299932,0.014074946707057107
0.03101786176083181,0.014273159056060436
0.031242426983454214,0.014471371405063764
0.03143557328916821,0.014669583754067093
0.03160143515034122,0.014867796103070421
0.031836912315818165,0.01506600845207375
0.03205561678046567,0.015264220801077078
0.032230056572814754,0.015462433150080408
0.03243686997057971,0.015660645499083737
0.032664852202290276,0.015858857848087063
0.03290454435101729,0.016057070197090392
0.03310397189070926,0.01625528254609372
0.03330897064989392,0.016453494895097048
0.033481042052959695,0.016651707244100377
0.033683084069625266,0.016849919593103706
0.03388570772515187,0.017048131942107036
0.03407094372551536,0.017246344291110362
0.0342822604667748,0.01744455664011369
0.03447727146724272,0.01764276898911702
0.03465642215494094,0.01784098133812035
0.034835782093472295,0.018039193687123676
0.035053690394995556,0.018237406036127005
0.035248688743981106,0.018435618385130335
0.035413776314624126,0.018633830734133664
0.03558829478867911,0.01883204308313699
0.035789943750756496,0.01903025543214032
0.03597515040106287,0.01922846778114365
0.03618477650136649,0.019426680130146975
0.03636559756617648,0.019624892479150304
0.03655891240484491,0.019823104828153634
0.036767177868075165,0.020021317177156963
0.0369240805911923,0.02021952952616029
0.03711606142809145,0.02041774187516362
0.03728850120420298,0.020615954224166948
0.03746659999865487,0.020814166573170277
0.03760528344866988,0.021012378922173603
0.037774020747759866,0.021210591271176932
0.037959970046329776,0.021408803620180262
0.03811960813736715,0.021607015969183588
0.0382854475642699,0.021805228318186917
0.038449505137305384,0.022003440667190247
0.038604791776002706,0.022201653016193576
0.03876651313334286,0.022399865365196902
0.03889783373113313,0.02259807771420023
0.03907044991908073,0.02279629006320356
0.03924315753367048,0.02299450241220689
0.0394192036608917,0.023192714761210216
0.03961365879031831,0.023390927110213545
0.03977434951574859,0.023589139459216875
0.03995514916699404,0.023787351808220204
0.040111447769919345,0.02398556415722353
0.0402776439829479,0.02418377650622686
0.04045906047204874,0.02438198885523019
0.04063919815036841,0.024580201204233515
0.040768666138255916,0.024778413553236844
0.040924904675025194,0.024976625902240174
0.041058757296868295,0.025174838251243503
0.04120219458376154,0.02537305060024683
0.04132994112577453,0.02557126294925016
0.041515748963972574,0.025769475298253488
0.041663793341182725,0.025967687647256817
0.04183374336309801,0.026165899996260143
0.04197231077508151,0.026364112345263473
0.042135370250155145,0.026562324694266802
0.042300836625376884,0.02676053704327013
0.042477423466210855,0.026958749392273457
0.04265202733967159,0.027156961741276787
0.04280751378013489,0.027355174090280116
0.042984090065603775,0.027553386439283442
0.04312535317432154,0.02775159878828677
0.04329455283439738,0.0279498111372901
0.043455942879673824,0.02814802348629343
0.04362673982372524,0.028346235835296756
0.043789862047688574,0.028544448184300086
0.043955220696910366,0.028742660533303415
0.04410876764067367,0.028940872882306744
0.04425291362660928,0.02913908523131007
0.04440355178814857,0.0293372975803134
0.04455155945224955,0.02953550992931673
0.04468615471689524,0.029733722278320055
0.04483784605980698,0.029931934627323385
0.04500303567242019,0.030130146976326714
0.0451641676331351,0.030328359325330043
0.04530969223407578,0.03052657167433337
0.04547766281259915,0.0307247840233367
0.04563678061855642,0.030922996372340028
0.04579226835519002,0.031121208721343357
0.04592934959152527,0.03131942107034669
0.04606566040435485,0.031517633419350016
0.04620479458129384,0.03171584576835334
0.046355239399578085,0.03191405811735667
0.04649157167262861,0.03211227046636
0.04665544771399429,0.03231048281536333
0.04680182311150965,0.032508695164366656
0.04696394353193453,0.032706907513369986
0.04711115502197108,0.032905119862373315
0.047232102658031835,0.03310333221137664
0.04741051150564587,0.03330154456037997
0.04755346573577965,0.033499756909383296
0.04769248135779704,0.033697969258386626
0.047834807409689685,0.033896181607389955
0.04797754591343386,0.034094393956393285
0.048099704637417,0.034292606305396614
0.04825598976340319,0.03449081865439994
0.04839352823805397,0.034689031003403266
0.04854658939025723,0.034887243352406595
0.04868427555826036,0.035085455701409925
0.04882187121925562,0.035283668050413254
0.04898662287397684,0.035481880399416584
0.04911784648662025,0.03568009274841991
0.049240729865649424,0.03587830509742324
0.04939440299270867,0.036076517446426565
0.04952655248469468,0.036274729795429894
0.04969994228727235,0.036472942144433224
0.04982813273351917,0.03667115449343655
0.04997443261301449,0.03686936684243988
0.05011272827945444,0.03706757919144321
0.050235370532359686,0.03726579154044654
0.050392646244802455,0.03746400388944987
0.05053775410520663,0.03766221623845319
0.05068995469873599,0.03786042858745652
0.05081911370922142,0.03805864093645985
0.05099320740444854,0.03825685328546318
0.05113445455683551,0.03845506563446651
0.05127807601702373,0.03865327798346984
0.05141915205658348,0.03885149033247317
0.051544433301208295,0.03904970268147649
0.0516881340021713,0.03924791503047982
0.05182874995413,0.03944612737948315
0.05194921517963058,0.03964433972848648
0.05209493821159824,0.03984255207748981
0.052232319402185326,0.04004076442649314
0.05238285552691873,0.04023897677549647
0.05252124454659465,0.0404371891244998
0.052671224377388436,0.04063540147350312
0.052819656053458654,0.04083361382250645
0.05297625064086401,0.04103182617150978
0.053109798627865815,0.04123003852051311
0.053260566177327405,0.04142825086951644
0.05339933246737154,0.04162646321851977
0.05355078497921512,0.0418246755675231
0.05368550026809336,0.04202288791652642
0.05383077755041691,0.04222110026552975
0.053951037740098975,0.04241931261453308
0.05408223358778723,0.04261752496353641
0.05421561215411065,0.04281573731253974
0.05434243654107711,0.043013949661543066
0.05451464171313407,0.043212162010546395
0.05463665145249973,0.04341037435954972
0.05478370624180635,0.04360858670855305
0.05491433454382157,0.04380679905755638
0.055045479313951234,0.044005011406559706
0.05517019171246925,0.044203223755563036
0.05530708788531231,0.044401436104566365
0.05544252358345245,0.044599648453569694
0.05555986781116894,0.044797860802573024
0.05569070188936192,0.044996073151576346
0.05581498800174024,0.045194285500579676
0.05595543823339991,0.045392497849583005
0.056065011949179226,0.045590710198586334
0.056209186434065805,0.045788922547589664
0.056336453536499555,0.04598713489659299
0.056487478703669214,0.04618534724559632
0.056617878466527854,0.046383559594599645
0.05675436891574818,0.046581771943602975
0.05688900437241312,0.046779984292606304
0.056999599035283115,0.04697819664160963
0.057128354157760866,0.04717640899061296
0.05725561656241916,0.04737462133961629
0.057371475217782124,0.04757283368861962
0.057509583145507186,0.04777104603762295
0.05763481193926256,0.04796925838662627
0.05776364275418248,0.0481674707356296
0.05790672061490686,0.04836568308463293
0.05804181276098108,0.04856389543363626
0.05815292553948199,0.04876210778263959
0.058267449704406706,0.04896032013164292
0.0583859120618268,0.04915853248064625
0.05851039432243247,0.04935674482964957
0.058621579853412674,0.0495549571786529
0.05876374334293831,0.04975316952765623
0.05889195333480341,0.04995138187665956
0.059016076849214116,0.05014959422566289
0.05916066982179388,0.05034780657466622
0.05928389638516013,0.05054601892366955
0.05938843077900553,0.05074423127267288
0.059506958953593814,0.0509424436216762
0.059615870854827224,0.05114065597067953
0.05975667509686878,0.05133886831968286
0.059887965078593244,0.05153708066868619
0.06002703460439889,0.05173529301768952
0.06015745053092405,0.05193350536669285
0.060287260620432576,0.05213171771569618
0.060406953024802076,0.0523299300646995
0.060523162966061875,0.05252814241370283
0.06064202764195728,0.05272635476270616
0.06076790863284234,0.05292456711170949
0.060908295796681194,0.05312277946071282
0.06101450500487505,0.053320991809716146
0.0611536114417136,0.053519204158719476
0.06128115333460601,0.053717416507722805
0.061416658307568164,0.05391562885672613
0.06151180956715456,0.05411384120572946
0.061637002931782585,0.054312053554732787
0.06176082614441498,0.054510265903736116
0.06189774377982656,0.054708478252739445
0.06202564130949027,0.054906690601742775
0.0621415220128869,0.055104902950746104
0.06225100619880919,0.05530311529974943
0.062372282235323165,0.055501327648752756
0.062487297461179855,0.055699539997756085
0.0626302211417023,0.055897752346759415
0.06273989389320092,0.056095964695762744
0.06285924478464956,0.056294177044766074
0.06298220603726619,0.0564923893937694
0.06309780868065262,0.05669060174277273
0.06320775313242746,0.056888814091776055
0.06331780823438747,0.057087026440779384
0.0634361000662954,0.057285238789782714
0.06356588532391245,0.05748345113878604
0.06367496262049657,0.05768166348778937
0.06381533636335542,0.0578798758367927
0.06392764129947379,0.05807808818579603
0.0640473431587171,0.058276300534799354
0.06417945975334743,0.05847451288380268
0.06432322784377272,0.05867272523280601
0.06443322932104943,0.05887093758180934
0.06454472037908934,0.05906914993081267
0.06466117388345764,0.059267362279816
0.06476510848130537,0.05946557462881933
0.06487848417203615,0.05966378697782265
0.06500831911378091,0.05986199932682598
0.06512527025742651,0.06006021167582931
0.06524219104423028,0.06025842402483264
0.0653508737415918,0.06045663637383597
0.06547999939091596,0.0606548487228393
0.0655835619649314,0.06085306107184263
0.06569683044077787,0.06105127342084596
0.06580169269345208,0.06124948576984928
0.06594464698962095,0.06144769811885261
0.06607010954802511,0.06164591046785594
0.06618398693368575,0.06184412281685927
0.06630010658766221,0.0620423351658626
0.06641441662153096,0.06224054751486593
0.06654350534720037,0.06243875986386926
0.06667939595314229,0.06263697221287258
0.06680214679658468,0.06283518456187591
0.06690986219871717,0.06303339691087924
0.06701318115272589,0.06323160925988257
0.06714185737843537,0.0634298216088859
0.06725123423835117,0.06362803395788923
0.06738233239964575,0.06382624630689256
0.06749833953450247,0.06402445865589589
0.06760941577644601,0.06422267100489921
0.0677169753066635,0.06442088335390254
0.06782693232257399,0.06461909570290587
0.06794208551663897,0.0648173080519092
0.068064348700693,0.06501552040091252
0.06819008680323056,0.06521373274991585
0.0682966203597119,0.06541194509891918
0.06839765778449991,0.0656101574479225
0.06851253543817228,0.06580836979692584
0.06863476278522249,0.06600658214592917
0.06873782531417681,0.0662047944949325
0.0688495635453457,0.06640300684393582
0.06896267084083708,0.06660121919293915
0.06907670467820914,0.06679943154194248
0.06919734160920359,0.06699764389094581
0.06930252160992004,0.06719585623994914
0.06941119696905675,0.06739406858895247
0.06951424951263141,0.0675922809379558
0.06963495991000503,0.06779049328695912
0.06974654137415506,0.06798870563596245
0.06985486024093016,0.06818691798496578
0.06995842104993825,0.0683851303339691
0.07005765867396266,0.06858334268297243
0.07018333517378761,0.06878155503197576
0.0702877125294466,0.06897976738097909
0.07039516148579841,0.06917797972998242
0.0705033761481525,0.06937619207898575
0.07061465265331236,0.06957440442798908
0.0707471094097002,0.06977261677699241
0.07085940010874835,0.06997082912599574
0.0709893651515379,0.07016904147499907
0.07110353954665379,0.0703672538240024
0.07121821716159504,0.07056546617300573
0.07131598163259936,0.07076367852200904
0.07142225972048433,0.07096189087101237
0.07153978989891872,0.0711601032200157
0.07164618397747906,0.07135831556901903
0.07176069211387028,0.07155652791802236
0.07187657069875557,0.07175474026702569
0.07198484274051306,0.07195295261602902
0.07210614274672687,0.07215116496503235
0.07219708951418098,0.07234937731403568
0.07231536165282508,0.07254758966303901
0.07241602559260986,0.07274580201204234
0.07251982966886113,0.07294401436104567
0.07264056918210615,0.073142226710049
0.0727446431878095,0.07334043905905233
0.0728590554253888,0.07353865140805566
0.07295952243030046,0.07373686375705897
0.07307413210835308,0.0739350761060623
0.0731658316669141,0.07413328845506563
0.07326065775365549,0.07433150080406896
0.073360881055079,0.07452971315307229
0.07347259927111707,0.07472792550207562
0.07358145032729928,0.07492613785107895
0.07368912727166904,0.07512435020008228
0.0737917133100654,0.0753225625490856
0.07390195555669403,0.07552077489808894
0.0740162268727538,0.07571898724709226
0.07412654771056434,0.0759171995960956
0.07422209359050701,0.07611541194509892
0.07431164044122643,0.07631362429410225
0.07440620287669542,0.07651183664310558
0.07451530486003007,0.0767100489921089
0.074622582879408,0.07690826134111223
0.07473188149109036,0.07710647369011556
0.07482711177264714,0.07730468603911889
0.07491817393431671,0.07750289838812222
0.07502398118581319,0.07770111073712554
0.07513700461640421,0.07789932308612887
0.07524098884517609,0.0780975354351322
0.07535229382933166,0.07829574778413553
0.07545156852055263,0.07849396013313886
0.07556993725339603,0.07869217248214219
0.0756838255878748,0.07889038483114552
0.07577267332238238,0.07908859718014885
0.07588161335311647,0.07928680952915218
0.07597389998452266,0.07948502187815551
0.07608221233932994,0.07968323422715883
0.07618023764645628,0.07988144657616215
0.07629352135314052,0.08007965892516548
0.07640665142560915,0.08027787127416881
0.07651117463225161,0.08047608362317214
0.07663112881334733,0.08067429597217547
0.07673791108007699,0.0808725083211788
0.07684964382950746,0.08107072067018213
0.07696468486609757,0.08126893301918546
0.07706841221182012,0.08146714536818879
0.07715426987816483,0.08166535771719212
0.07725112596262419,0.08186357006619545
0.07737053071944333,0.08206178241519878
0.07746516916117115,0.08225999476420211
0.07757879569068542,0.08245820711320544
0.07769367857374068,0.08265641946220875
0.07778655040729145,0.08285463181121208
0.077892258120009,0.08305284416021541
0.07799498170992251,0.08325105650921874
0.07810512192417357,0.08344926885822207
0.07822003250664378,0.0836474812072254
0.0783563731536885,0.08384569355622873
0.07845232720631465,0.08404390590523206
0.07857723067695838,0.08424211825423539
0.07867402125184988,0.08444033060323872
0.07878775612987059,0.08463854295224205
0.07889584180532046,0.08483675530124538
0.07899927377046384,0.0850349676502487
0.07908402408829206,0.08523317999925203
0.07917157028134698,0.08543139234825536
0.07927879017570737,0.08562960469725868
0.07939853747879817,0.08582781704626201
0.07951609453110704,0.08602602939526534
0.07961617970891119,0.08622424174426867
0.07972804466225088,0.086422454093272
0.07984428822930993,0.08662066644227533
0.07994446959228714,0.08681887879127866
0.08004325409810616,0.08701709114028199
0.0801294543181486,0.08721530348928531
0.08021870736538388,0.08741351583828864
0.0803172998828306,0.08761172818729197
0.08040351076957579,0.0878099405362953
0.08051589132609735,0.08800815288529863
0.08061587212190549,0.08820636523430196
0.08068970927933354,0.08840457758330529
0.0807990281197051,0.0886027899323086
0.08088969315015523,0.08880100228131194
0.08099468660944399,0.08899921463031527
0.0810941335780459,0.0891974269793186
0.08119149624205808,0.08939563932832192
0.08129920603690531,0.08959385167732525
0.08139654582086343,0.08979206402632858
0.08150608399310075,0.08999027637533191
0.08160650346466437,0.09018848872433524
0.08169603429965928,0.09038670107333857
0.08178479947856103,0.0905849134223419
0.081866463105761,0.09078312577134523
0.08197237776954548,0.09098133812034856
0.08207829351476488,0.09117955046935189
0.08218574091118326,0.09137776281835522
0.0822965497085734,0.09157597516735853
0.08238659169351768,0.09177418751636186
0.08248733122026976,0.09197239986536519
0.08258672640847928,0.09217061221436852
0.08267855882886099,0.09236882456337185
0.0827689951312212,0.09256703691237518
0.08286482394363479,0.09276524926137851
0.08295938479739069,0.09296346161038184
0.08304770677707006,0.09316167395938517
0.08315242243995054,0.0933598863083885
0.08325297524349082,0.09355809865739183
0.08333866229854232,0.09375631100639516
0.08345201234399388,0.09395452335539849
0.08355288328770874,0.09415273570440182
0.08363597215752548,0.09435094805340515
0.08372507331722104,0.09454916040240846
0.08382057186063814,0.09474737275141179
0.08392427431019443,0.09494558510041512
0.08400921298274543,0.09514379744941845
0.0841093645220448,0.09534200979842178
0.08420959747116405,0.09554022214742511
0.08431479884371644,0.09573843449642844
0.08442173828250658,0.09593664684543177
0.08452912540803212,0.0961348591944351
0.08462339305239677,0.09633307154343843
0.08472071146000175,0.09653128389244175
0.08481211049055823,0.09672949624144508
0.08491269775887007,0.09692770859044841
0.08500783882934927,0.09712592093945174
0.08510016875697492,0.09732413328845507
0.08520305885238887,0.09752234563745839
0.08529708801800173,0.09772055798646172
0.08538004562456614,0.09791877033546505
0.08547704266359162,0.09811698268446838
0.08557824301540648,0.0983151950334717
0.08567087911648498,0.09851340738247504
0.08576758167317634,0.09871161973147836
0.08585183659438306,0.0989098320804817
0.0859544509453184,0.09910804442948502
0.08605806459305683,0.09930625677848835
0.08616870674422496,0.09950446912749168
0.08625175607760964,0.09970268147649501
0.08634490202402112,0.09990089382549834
0.08644973545669345,0.10009910617450167
0.08654138108122585,0.10029731852350499
0.08664005279364426,0.10049553087250832
0.08672619363421853,0.10069374322151164
0.08680873282046658,0.10089195557051497
0.08692812696548947,0.1010901679195183
0.08702947351237446,0.10128838026852163
0.08714018858557838,0.10148659261752496
0.0872417715480852,0.10168480496652829
0.08733549293649964,0.10188301731553162
0.08742853347712402,0.10208122966453495
0.08753244806783902,0.10227944201353828
0.0876297669226002,0.10247765436254161
0.08772570419802969,0.10267586671154494
0.08782562252872303,0.10287407906054827
0.08791677786674959,0.1030722914095516
0.08800167278114128,0.10327050375855491
0.08809956856671998,0.10346871610755824
0.08819867645384145,0.10366692845656157
0.08827924115694416,0.1038651408055649
0.0883685401140309,0.10406335315456823
0.08845775493877114,0.10426156550357156
0.08856335630574612,0.10445977785257489
0.08865533612093467,0.10465799020157822
0.0887450881598868,0.10485620255058155
0.08883371037348478,0.10505441489958488
0.08892575755759566,0.10525262724858821
0.08904557150815332,0.10545083959759154
0.08913628874929569,0.10564905194659487
0.08922989168790385,0.1058472642955982
0.08932192055764604,0.10604547664460152
0.0894116649290021,0.10624368899360484
0.08950947036501057,0.10644190134260817
0.08959541562824022,0.1066401136916115
0.0896823300594599,0.10683832604061483
0.08977516915700429,0.10703653838961816
0.08987555841398613,0.10723475073862149
0.08996138414227062,0.10743296308762482
0.09006376036707253,0.10763117543662815
0.09015151146043097,0.10782938778563148
0.09023891868895656,0.1080276001346348
0.09033712658282908,0.10822581248363813
0.09043308129495711,0.10842402483264146
0.09051856196217205,0.10862223718164479
0.09061173572086371,0.10882044953064812
0.09072382873528927,0.10901866187965145
0.09079242375459101,0.10921687422865477
0.09089382391183813,0.1094150865776581
0.09098580410792385,0.10961329892666143
0.09107565000292728,0.10981151127566476
0.09117765439993647,0.11000972362466808
0.09127623058297583,0.11020793597367141
0.09137331492998149,0.11040614832267474
0.09145773739105402,0.11060436067167807
0.09156047163298399,0.1108025730206814
0.09164522855363001,0.11100078536968473
0.09173199607243088,0.11119899771868806
0.09183470035610691,0.11139721006769139
0.09192332935700644,0.11159542241669472
0.09201371019759193,0.11179363476569805
0.09210828316786039,0.11199184711470138
0.09219999980429519,0.1121900594637047
0.09230004123623316,0.11238827181270802
0.09238297813590078,0.11258648416171135
0.0924852046265176,0.11278469651071468
0.09257458855440721,0.11298290885971801
0.0926526373485944,0.11318112120872134
0.09275209264578023,0.11337933355772467
0.0928428392179905,0.113577545906728
0.09293433665921885,0.11377575825573133
0.09302337566456792,0.11397397060473466
0.09312409433667633,0.11417218295373799
0.09321133583436651,0.11437039530274132
0.0932941947713377,0.11456860765174465
0.09339279626852849,0.11476682000074798
0.09348817085974102,0.1149650323497513
0.09356922468868577,0.11516324469875462
0.09366854567663396,0.11536145704775795
0.09376792365978025,0.11555966939676128
0.09386998451522889,0.11575788174576461
0.09395737848609662,0.11595609409476794
0.09403874681618418,0.11615430644377127
0.09412800961567284,0.1163525187927746
0.09421728285684267,0.11655073114177793
0.09430578346917988,0.11674894349078126
0.09439487873084106,0.11694715583978459
0.09448909431272054,0.11714536818878792
0.09457793231779957,0.11734358053779124
0.09466179959092168,0.11754179288679457
0.09476711001934675,0.1177400052357979
0.09486965405839744,0.11793821758480123
0.09496586263316222,0.11813642993380455
0.09506166172599695,0.11833464228280788
0.09516182076908097,0.11853285463181121
0.09525751918858663,0.11873106698081454
0.095346431675257,0.11892927932981787
0.09542989465528882,0.1191274916788212
0.09550935707331852,0.11932570402782453
0.09559691454522051,0.11952391637682785
0.09569520815747674,0.11972212872583118
0.09578928139223471,0.11992034107483451
0.09588161094247312,0.12011855342383784
0.09597419714979892,0.12031676577284117
0.09607522729852022,0.1205149781218445
0.09617380131582051,0.12071319047084783
0.09626992261421959,0.12091140281985116
0.09636300750680869,0.12110961516885448
0.09645151825776324,0.1213078275178578
0.09654240843926787,0.12150603986686113
0.0966416076189707,0.12170425221586446
0.09673401936391537,0.1219024645648678
0.09681818818653211,0.12210067691387112
0.09689976094912976,0.12229888926287445
0.0969912040846371,0.12249710161187778
0.09707586827387966,0.12269531396088111
0.09716404497151644,0.12289352630988444
0.09724817736356123,0.12309173865888777
0.09733718630080927,0.1232899510078911
0.0974220138196783,0.12348816335689443
0.09750533973539709,0.12368637570589776
0.09758972356516094,0.12388458805490109
0.09768532922548505,0.1240828004039044
0.0977831491499738,0.12428101275290773
0.0978729078473658,0.12447922510191106
0.09796467731779303,0.12467743745091439
0.09806139108973742,0.12487564979991772
0.09817117439555749,0.12507386214892105
0.09826711112783662,0.12527207449792438
0.09836214273468029,0.1254702868469277
0.09846708717987152,0.12566849919593104
0.09854637597861303,0.12586671154493437
0.09863680674283594,0.1260649238939377
0.09874450811022618,0.12626313624294103
0.09885190832080999,0.12646134859194436
0.09893417070565556,0.12665956094094769
0.09903183106113675,0.12685777328995101
0.09911868779745092,0.12705598563895434
0.09921421158266401,0.12725419798795767
0.09929838838763433,0.127452410336961
0.0993906727322779,0.12765062268596433
0.09949776619562327,0.12784883503496766
0.09959389089568542,0.128047047383971
0.09968250294192588,0.12824525973297432
0.09978490384986419,0.12844347208197762
0.09986586713258301,0.12864168443098095
0.09995488590691257,0.12883989677998428
0.1000466704527441,0.1290381091289876
0.10014499440156391,0.12923632147799094
0.10024140216564155,0.12943453382699427
0.10035203815641278,0.1296327461759976
0.10044071823475875,0.12983095852500093
0.1005342324502023,0.13002917087400426
0.10062631181839007,0.1302273832230076
0.10072329634827043,0.13042559557201092
0.10081135996335104,0.13062380792101425
0.10090813063056399,0.13082202027001757
0.10099163546096061,0.1310202326190209
0.10109517157657133,0.13121844496802423
0.10116523067412556,0.13141665731702756
0.10124853960911544,0.1316148696660309
0.10133594919944922,0.13181308201503422
0.10142824071967962,0.13201129436403755
0.10150517032054004,0.13220950671304088
0.1016183876744786,0.1324077190620442
0.1017145361501035,0.13260593141104754
0.10179457115065246,0.13280414376005087
0.10188838095533188,0.1330023561090542
0.10198018221061714,0.13320056845805753
0.10207097802646738,0.13339878080706086
0.10216235085814891,0.1335969931560642
0.10225234707363381,0.13379520550506752
0.102355630740729,0.13399341785407085
0.1024543051799987,0.13419163020307417
0.10255027945527849,0.13438984255207748
0.1026492070652813,0.1345880549010808
0.10272826556962188,0.13478626725008414
0.10281482797936135,0.13498447959908746
0.1029154163120097,0.1351826919480908
0.10300836892563556,0.13538090429709412
0.10309936447861248,0.13557911664609745
0.10317695164997295,0.13577732899510078
0.10324850283390179,0.1359755413441041
0.1033342129654575,0.13617375369310744
0.10342716297811994,0.13637196604211077
0.10351739966011227,0.1365701783911141
0.10359905982211369,0.13676839074011743
0.10369480082524182,0.13696660308912076
0.10378583395220989,0.1371648154381241
0.10387644114288913,0.13736302778712742
0.1039796828366102,0.13756124013613075
0.10407734343573977,0.13775945248513408
0.104169435886789,0.1379576648341374
0.10424922987609427,0.13815587718314074
0.10435058831886997,0.13835408953214406
0.10443615435113607,0.1385523018811474
0.10452651339089568,0.13875051423015072
0.10460392310583266,0.13894872657915405
0.10468500550797771,0.13914693892815738
0.10478094792733127,0.1393451512771607
0.10487111639186217,0.13954336362616404
0.10494184146920119,0.13974157597516737
0.10503333534198925,0.1399397883241707
0.10512159374998878,0.14013800067317403
0.10520430521612467,0.14033621302217733
0.10529620565766272,0.14053442537118066
0.10537993956417797,0.140732637720184
0.10546493443238385,0.14093085006918732
0.10554656125311926,0.14112906241819065
0.10563434385445696,0.14132727476719398
0.10571037535663835,0.1415254871161973
0.10579138946921182,0.14172369946520064
0.10588120651709557,0.14192191181420397
0.10597328009287033,0.1421201241632073
0.10606911101158034,0.14231833651221062
0.10615667473502594,0.14251654886121395
0.10624420125633655,0.14271476121021728
0.10632860960649852,0.1429129735592206
0.10642833188405902,0.14311118590822394
0.106533091290898,0.14330939825722727
0.10662676529151002,0.1435076106062306
0.10671368214391283,0.14370582295523393
0.10680267633166092,0.14390403530423726
0.10688101850933383,0.1441022476532406
0.10697135570724628,0.14430046000224392
0.10704262373241376,0.14449867235124725
0.10713213020295291,0.14469688470025058
0.10721798736316153,0.1448950970492539
0.10729898700023995,0.14509330939825724
0.10739576241725468,0.14529152174726057
0.10746322519149887,0.1454897340962639
0.10754524818655094,0.14568794644526722
0.10765057155670807,0.14588615879427055
0.10775070073758765,0.14608437114327388
0.10782885495287646,0.14628258349227719
0.10791981507071338,0.14648079584128051
0.1080143676910137,0.14667900819028384
0.1080863073359567,0.14687722053928717
0.10817635776384345,0.1470754328882905
0.1082860768265452,0.14727364523729383
0.10837921735765242,0.14747185758629716
0.10846066813747152,0.1476700699353005
0.10854978376153679,0.14786828228430382
0.1086481477483263,0.14806649463330715
0.10872626312609952,0.14826470698231048
0.10882122764890922,0.1484629193313138
0.1089054755145308,0.14866113168031714
0.10899260227458898,0.14885934402932047
0.10909219600053703,0.1490575563783238
0.10918703798740227,0.14925576872732713
0.1092837416527024,0.14945398107633046
0.10938362190305183,0.14965219342533378
0.1094613971569029,0.14985040577433711
0.10955081319279206,0.15004861812334044
0.10963551113029434,0.15024683047234377
0.10971993548579241,0.1504450428213471
0.10980692244096461,0.15064325517035043
0.10990860067835675,0.15084146751935376
0.10999477670288982,0.1510396798683571
0.11007750924188833,0.15123789221736042
0.11015007016254051,0.15143610456636375
0.11024235581971516,0.15163431691536708
0.11033666059743062,0.1518325292643704
0.11041542688875593,0.1520307416133737
0.11050214521673174,0.15222895396237704
0.11058295465984486,0.15242716631138037
0.11067810020095865,0.1526253786603837
0.11074650335258032,0.15282359100938703
0.11082399284221879,0.15302180335839036
0.11091264038311795,0.1532200157073937
0.1110042681325833,0.15341822805639702
0.11107365193801251,0.15361644040540035
0.11116029682516576,0.15381465275440367
0.11123674669028996,0.154012865103407
0.11133920181793731,0.15421107745241033
0.11143025144409567,0.15440928980141366
0.11151697780126578,0.154607502150417
0.11160054031526444,0.15480571449942032
0.11169015366052015,0.15500392684842365
0.11177753581236505,0.15520213919742698
0.11186127053789956,0.1554003515464303
0.11193929996228077,0.15559856389543364
0.11203328317604455,0.15579677624443697
0.11212850877904246,0.1559949885934403
0.11222387705601512,0.15619320094244363
0.11231101759772352,0.15639141329144696
0.1123929756024136,0.1565896256404503
0.11249044004577446,0.15678783798945362
0.11256392934404383,0.15698605033845695
0.11266545943551448,0.15718426268746027
0.11275170905610098,0.1573824750364636
0.11284418035801595,0.15758068738546693
0.11294325042246593,0.15777889973447026
0.11303381304299558,0.15797711208347356
0.11312504515110751,0.1581753244324769
0.1132166954839515,0.15837353678148022
0.11331559548964956,0.15857174913048355
0.11340366379688403,0.15876996147948688
0.11348748904598285,0.1589681738284902
0.11357601731265056,0.15916638617749354
0.1136626039683835,0.15936459852649687
0.11376362285258591,0.1595628108755002
0.11383614307287804,0.15976102322450353
0.11392195674765723,0.15995923557350686
0.11401143741339242,0.1601574479225102
0.11411575970125498,0.16035566027151352
0.11419896984582141,0.16055387262051685
0.11428783301209912,0.16075208496952018
0.11437352170499486,0.1609502973185235
0.11445708598261423,0.16114850966752683
0.1145480987533172,0.16134672201653016
0.11463825474413125,0.1615449343655335
0.11471769250667048,0.16174314671453682
0.11480104244281748,0.16194135906354015
0.1148925394331937,0.16213957141254348
0.11499557019934306,0.1623377837615468
0.11508703381489789,0.16253599611055014
0.11517230300036407,0.16273420845955347
0.11525399638139815,0.1629324208085568
0.11533409873543482,0.16313063315756013
0.11541459003335365,0.16332884550656346
0.11551047194650912,0.1635270578555668
0.11559661488523318,0.16372527020457012
0.11568313556483428,0.16392348255357342
0.11577152442940679,0.16412169490257675
0.11586077167118117,0.16431990725158008
0.11594699136042917,0.1645181196005834
0.11603514339451931,0.16471633194958674
0.11610697549293904,0.16491454429859007
0.11619098100032,0.1651127566475934
0.11628165481250002,0.16531096899659672
0.11636859147344669,0.16550918134560005
0.11645065932375435,0.16570739369460338
0.11653972935809075,0.1659056060436067
0.1166240258026311,0.16610381839261004
0.11671297238204176,0.16630203074161337
0.11679040891534993,0.1665002430906167
0.11687969940806482,0.16669845543962003
0.11697523868644794,0.16689666778862336
0.11706186011930325,0.1670948801376267
0.11717941141773969,0.16729309248663002
0.11726593901495477,0.16749130483563335
0.11734187610439582,0.16768951718463668
0.11742865097316896,0.16788772953364
0.1175134523523133,0.16808594188264334
0.11759256182954742,0.16828415423164667
0.11768208923431253,0.16848236658065
0.11777189647385265,0.16868057892965332
0.11785867128750517,0.16887879127865665
0.11793142047330703,0.16907700362765998
0.1180226635096096,0.1692752159766633
0.11810090456486169,0.16947342832566664
0.11818079078089234,0.16967164067466997
0.11827320618502521,0.16986985302367327
0.11836170758188928,0.1700680653726766
0.11844424939138364,0.17026627772167993
0.11852955431349678,0.17046449007068326
0.11861767357981923,0.1706627024196866
0.11871313260036681,0.17086091476868992
0.11879051382789312,0.17105912711769325
0.1188715620664296,0.17125733946669658
0.11894295972405014,0.1714555518156999
0.11901937287851164,0.17165376416470324
0.11910562505160203,0.17185197651370657
0.11919191937852675,0.1720501888627099
0.11927130078353929,0.17224840121171323
0.11937029094897089,0.17244661356071656
0.11946102011850906,0.17264482590971988
0.11955006944193787,0.17284303825872321
0.11963632623378996,0.17304125060772654
0.11971219517425383,0.17323946295672987
0.11980840952606668,0.1734376753057332
0.11988462302076956,0.17363588765473653
0.11996595143091796,0.17383410000373986
0.12006189228795587,0.1740323123527432
0.12015466797417365,0.17423052470174652
0.12022743043306491,0.17442873705074985
0.12030976716199265,0.17462694939975318
0.12039033088109392,0.1748251617487565
0.12047148716734314,0.17502337409775984
0.12055320221307048,0.17522158644676317
0.12064483492347636,0.1754197987957665
0.12073719574779819,0.17561801114476983
0.12080761555531665,0.17581622349377313
0.12090271111182237,0.17601443584277646
0.12099101332161728,0.17621264819177979
0.12107652552809521,0.17641086054078312
0.12116861096001114,0.17660907288978644
0.12125103180074819,0.17680728523878977
0.12133543696096098,0.1770054975877931
0.12143659535355349,0.17720370993679643
0.12151617898873533,0.17740192228579976
0.12160934102542652,0.1776001346348031
0.12169222791308623,0.17779834698380642
0.12177021405724833,0.17799655933280975
0.1218655861944121,0.17819477168181308
0.12194149933099588,0.1783929840308164
0.12203283986334565,0.17859119637981974
0.12213141125446608,0.17878940872882307
0.12221576106828862,0.1789876210778264
0.12228952455100929,0.17918583342682973
0.12237651048826538,0.17938404577583306
0.12246836248361118,0.17958225812483639
0.12256383005911653,0.17978047047383972
0.12264579031640058,0.17997868282284304
0.12273232772671679,0.18017689517184637
0.12280461187761806,0.1803751075208497
0.12289113399313895,0.18057331986985303
0.12298476994049781,0.18077153221885636
0.12307601708407265,0.1809697445678597
0.12316676527964786,0.18116795691686302
0.12325349026659521,0.18136616926586635
0.12333833719848984,0.18156438161486968
0.12342278021846526,0.18176259396387298
0.12349752050939262,0.1819608063128763
0.12358682920182126,0.18215901866187964
0.12367124763416752,0.18235723101088297
0.12375393190816407,0.1825554433598863
0.12384313336106333,0.18275365570888963
0.12393012458788007,0.18295186805789296
0.12400941129042187,0.1831500804068963
0.12407841289885267,0.18334829275589962
0.12415907425161678,0.18354650510490295
0.12423330377638549,0.18374471745390628
0.12431846493317968,0.1839429298029096
0.12439247447799802,0.18414114215191293
0.12447940445841232,0.18433935450091626
0.12456665151949507,0.1845375668499196
0.12465935518012339,0.18473577919892292
0.12475144200577425,0.18493399154792625
0.12482627345067057,0.18513220389692958
0.1249259567680644,0.1853304162459329
0.12501366344502637,0.18552862859493624
0.12509801313312596,0.18572684094393957
0.12518442337302424,0.1859250532929429
0.12526728666176074,0.18612326564194623
0.12534204077654088,0.18632147799094956
0.1254181590198703,0.1865196903399529
0.12549148034443605,0.18671790268895622
0.12556927571889773,0.18691611503795955
0.12565880903113677,0.18711432738696288
0.12574554729749082,0.1873125397359662
0.1258286451985398,0.1875107520849695
0.12592030768306978,0.18770896443397284
0.1260102251157451,0.18790717678297617
0.12608451378757915,0.1881053891319795
0.12617376974653202,0.18830360148098282
0.12626075749194313,0.18850181382998615
0.1263403021227486,0.18870002617898948
0.12642478197566526,0.1888982385279928
0.1265075659421176,0.18909645087699614
0.12659551574459912,0.18929466322599947
0.12667081104043781,0.1894928755750028
0.12675266964983256,0.18969108792400613
0.1268499195811548,0.18988930027300946
0.12694276745942984,0.1900875126220128
0.12703425121500386,0.19028572497101612
0.1271231291293657,0.19048393732001945
0.12721474853172474,0.19068214966902278
0.1272953658225616,0.1908803620180261
0.1273734218800486,0.19107857436702944
0.12745404765893886,0.19127678671603277
0.1275374639082373,0.1914749990650361
0.12761484253312178,0.19167321141403942
0.12770980774980448,0.19187142376304275
0.12779216513304026,0.19206963611204608
0.12788201593515053,0.1922678484610494
0.12796864818998907,0.19246606081005274
0.1280563996509699,0.19266427315905607
0.1281271345579291,0.1928624855080594
0.12819688316261793,0.19306069785706273
0.12828032869150904,0.19325891020606606
0.128365868090587,0.19345712255506936
0.12844831163360995,0.1936553349040727
0.12852299547794266,0.19385354725307602
0.12860068188221405,0.19405175960207935
0.1286805759143646,0.19424997195108268
0.12876441727480076,0.194448184300086
0.12885391101820923,0.19464639664908934
0.1289416618695325,0.19484460899809267
0.12903529700526117,0.195042821347096
0.12911100362167244,0.19524103369609933
0.12919118560833348,0.19543924604510265
0.12928950663762453,0.19563745839410598
0.12936424301970567,0.1958356707431093
0.12944980266765507,0.19603388309211264
0.1295313485072061,0.19623209544111597
0.12960475019031387,0.1964303077901193
0.12968266626683397,0.19662852013912263
0.129749447613422,0.19682673248812596
0.1298190434445489,0.1970249448371293
0.12990327367688784,0.19722315718613262
0.12997642876560814,0.19742136953513595
0.1300668295827571,0.19761958188413928
0.13014527076066956,0.1978177942331426
0.1302267673342247,0.19801600658214594
0.13031031203616184,0.19821421893114927
0.13038445161314888,0.1984124312801526
0.13046656769671391,0.19861064362915593
0.13055234295776585,0.19880885597815925
0.13063203136139612,0.19900706832716258
0.13071592479422928,0.1992052806761659
0.13080506073406084,0.19940349302516922
0.13088554783701142,0.19960170537417254
0.1309589635550658,0.19979991772317587
0.13104633831220971,0.1999981300721792
0.1311383610147603,0.20019634242118253
0.13121943203260766,0.20039455477018586
0.13129275294782655,0.2005927671191892
0.13136832170979598,0.20079097946819252
0.1314432475726748,0.20098919181719585
0.13152325552238792,0.20118740416619918
0.13159665907790524,0.2013856165152025
0.13168620404923045,0.20158382886420584
0.13176457794651356,0.20178204121320917
0.13183466057222412,0.2019802535622125
0.13191484186613636,0.20217846591121583
0.1320031803124219,0.20237667826021916
0.13209464396566542,0.20257489060922249
0.1321777800476933,0.20277310295822581
0.13226179620447423,0.20297131530722914
0.13234102315806823,0.20316952765623247
0.1324436940600435,0.2033677400052358
0.1325333302203847,0.20356595235423913
0.1326108731459108,0.20376416470324246
0.13268968548924984,0.2039623770522458
0.13276988735602668,0.20416058940124912
0.13284716879988745,0.20435880175025245
0.13293078430562483,0.20455701409925578
0.1330072501948374,0.2047552264482591
0.133088666013549,0.20495343879726244
0.1331581217824714,0.20515165114626577
0.13324126252882212,0.20534986349526907
0.13332643198639743,0.2055480758442724
0.13341113993224382,0.20574628819327573
0.13348868395838148,0.20594450054227906
0.13357850931354495,0.2061427128912824
0.1336606459175316,0.20634092524028572
0.13374607652972564,0.20653913758928905
0.1338215518847553,0.20673734993829238
0.13390709497565756,0.2069355622872957
0.1339988652941238,0.20713377463629903
0.13409881170315496,0.20733198698530236
0.13418668525117733,0.2075301993343057
0.13429105710493242,0.20772841168330902
0.13437733992910378,0.20792662403231235
0.1344577309912732,0.20812483638131568
0.13454504453961474,0.208323048730319
0.13462297283230748,0.20852126107932234
0.13471314020448907,0.20871947342832567
0.13479825889007405,0.208917685777329
0.13487713999136708,0.20911589812633233
0.13496317229051488,0.20931411047533566
0.13503922080302178,0.209512322824339
0.1351213382089953,0.20971053517334232
0.13520284520901651,0.20990874752234565
0.13527328084152418,0.21010695987134897
0.13535099139217494,0.2103051722203523
0.13543648390877674,0.21050338456935563
0.13551198141170198,0.21070159691835896
0.13560297223023274,0.2108998092673623
0.13568706584129836,0.21109802161636562
0.13576852150503715,0.21129623396536892
0.1358656913079158,0.21149444631437225
0.13596689473714227,0.21169265866337558
0.1360492021930349,0.2118908710123789
0.13612121901703794,0.21208908336138224
0.13621163475451806,0.21228729571038557
0.13629222903349367,0.2124855080593889
0.1363789851539146,0.21268372040839223
0.13646706257948074,0.21288193275739556
0.13654807411554415,0.2130801451063989
0.13664262970942412,0.21327835745540222
0.13672921050593076,0.21347656980440555
0.13680441534293192,0.21367478215340888
0.13687387675505136,0.2138729945024122
0.13696349462637675,0.21407120685141554
0.13707136450410873,0.21426941920041886
0.13714854504446541,0.2144676315494222
0.1372193728326949,0.21466584389842552
0.13729016174759182,0.21486405624742885
0.1373723297994603,0.21506226859643218
0.13745946368087766,0.2152604809454355
0.13753469051844425,0.21545869329443884
0.1376185999535632,0.21565690564344217
0.1376986462878367,0.2158551179924455
0.13779820327009604,0.21605333034144883
0.13788099866534775,0.21625154269045216
0.13797110815577027,0.2164497550394555
0.13804431136651013,0.21664796738845882
0.1381309273507669,0.21684617973746215
0.13822077239458072,0.21704439208646545
0.1383015615125627,0.21724260443546878
0.13839907326933296,0.2174408167844721
0.1384954261219081,0.21763902913347544
0.13856989934104755,0.21783724148247877
0.1386408262767554,0.2180354538314821
0.13872862678941883,0.21823366618048542
0.1388105354593829,0.21843187852948875
0.1388966214314714,0.21863009087849208
0.13898512269105273,0.2188283032274954
0.1390662993823734,0.21902651557649874
0.13915659542019296,0.21922472792550207
0.13924243314700446,0.2194229402745054
0.139338650579804,0.21962115262350873
0.1394219677365679,0.21981936497251206
0.13951833193470453,0.2200175773215154
0.13959426192838975,0.22021578967051872
0.1396763132608795,0.22041400201952205
0.13975994891632604,0.22061221436852538
0.13984690019097953,0.2208104267175287
0.1399225150847838,0.22100863906653204
0.14000818920808197,0.22120685141553537
0.14008366123253718,0.2214050637645387
0.14017476696821182,0.22160327611354202
0.14025387196373215,0.22180148846254535
0.1403289458083835,0.22199970081154868
0.1403942873451202,0.222197913160552
0.14046824100014788,0.22239612550955534
0.14053692441236576,0.22259433785855867
0.14062324841806673,0.222792550207562
0.14072477027584127,0.2229907625565653
0.14081070031501408,0.22318897490556863
0.1408873462167634,0.22338718725457196
0.14096983119054518,0.2235853996035753
0.14105086651279874,0.22378361195257862
0.14112924038232816,0.22398182430158195
0.14120530360754002,0.22418003665058528
0.14127953918139732,0.2243782489995886
0.14137460276906152,0.22457646134859194
0.14144678089963192,0.22477467369759527
0.1415320968169873,0.2249728860465986
0.14162436680723708,0.22517109839560193
0.14170040377821302,0.22536931074460526
0.14177545231290206,0.22556752309360859
0.14185197061137672,0.22576573544261191
0.14193135542412808,0.22596394779161524
0.14201905705832638,0.22616216014061857
0.14209820983462884,0.2263603724896219
0.14217472299550085,0.22655858483862523
0.14225394964196778,0.22675679718762856
0.1423358856606782,0.2269550095366319
0.1424248029198573,0.22715322188563522
0.14250799660539237,0.22735143423463855
0.14259313908068905,0.22754964658364188
0.14267953346210233,0.2277478589326452
0.14277079488219852,0.22794607128164854
0.1428489233304803,0.22814428363065187
0.14293331283873134,0.2283424959796552
0.14301552103269716,0.22854070832865853
0.14310144688220544,0.22873892067766186
0.14318928611052084,0.22893713302666516
0.1432719104817064,0.2291353453756685
0.14336205585796002,0.22933355772467182
0.14343885009543061,0.22953177007367515
0.14352671152918378,0.22972998242267847
0.14360007270718514,0.2299281947716818
0.14367750503159105,0.23012640712068513
0.14376914282310702,0.23032461946968846
0.1438623412853983,0.2305228318186918
0.14393898964543766,0.23072104416769512
0.14401229689226905,0.23091925651669845
0.14409311884544063,0.23111746886570178
0.144175321537191,0.2313156812147051
0.14425739201841395,0.23151389356370844
0.14435185637067371,0.23171210591271177
0.14444068645764255,0.2319103182617151
0.14451623579701037,0.23210853061071843
0.14459322075032,0.23230674295972176
0.1446685672420671,0.2325049553087251
0.14475148352168946,0.23270316765772842
0.14483809626601946,0.23290138000673175
0.14492866073406338,0.23309959235573507
0.14499279717484992,0.2332978047047384
0.14508077022166022,0.23349601705374173
0.14515631529740716,0.23369422940274506
0.14524756843857303,0.2338924417517484
0.14533555383607938,0.23409065410075172
0.14541901933477092,0.23428886644975505
0.14551659327647692,0.23448707879875838
0.14559769466728045,0.2346852911477617
0.14568679898943346,0.234883503496765
0.14577999584096527,0.23508171584576834
0.14585012580649231,0.23527992819477167
0.1459251649748264,0.235478140543775
0.14600220659141244,0.23567635289277833
0.1460708363017138,0.23587456524178166
0.14614836539865628,0.236072777590785
0.14622667556051303,0.23627098993978832
0.14631897479536154,0.23646920228879165
0.14638487299932962,0.23666741463779498
0.14646917234880066,0.2368656269867983
0.14656294326257946,0.23706383933580163
0.14664970534374758,0.23726205168480496
0.1467409990423596,0.2374602640338083
0.14682420632830642,0.23765847638281162
0.14690719022883236,0.23785668873181495
0.1469909910397866,0.23805490108081828
0.1470868211344548,0.2382531134298216
0.14717545957086134,0.23845132577882494
0.14726442194042566,0.23864953812782827
0.14733919650784613,0.2388477504768316
0.14742126412193338,0.23904596282583493
0.14750192715648125,0.23924417517483826
0.14757339511865222,0.2394423875238416
0.1476615350551554,0.23964059987284492
0.14773894880486083,0.23983881222184825
0.14782237502268644,0.24003702457085158
0.14792410842675696,0.2402352369198549
0.14801909430955734,0.24043344926885823
0.14810301650042607,0.24063166161786156
0.14819040809926712,0.24082987396686487
0.14827495196851123,0.2410280863158682
0.14834269031426783,0.24122629866487152
0.148414704758931,0.24142451101387485
0.14849029012632545,0.24162272336287818
0.1485654786168114,0.2418209357118815
0.1486337503810045,0.24201914806088484
0.1487054437994198,0.24221736040988817
0.1487961783998399,0.2424155727588915
0.14888002123341745,0.24261378510789483
0.14895430451933453,0.24281199745689816
0.14903605998914993,0.2430102098059015
0.14910679860666365,0.24320842215490482
0.1491906064394979,0.24340663450390815
0.14926775683926682,0.24360484685291148
0.14935069808264254,0.2438030592019148
0.1494200288243998,0.24400127155091814
0.14950466219029304,0.24419948389992147
0.14960628872893764,0.2443976962489248
0.14968071606210478,0.24459590859792812
0.1497666543776801,0.24479412094693145
0.1498585263516617,0.24499233329593478
0.14992963041245147,0.2451905456449381
0.15001024435908364,0.24538875799394144
0.1500989841643674,0.24558697034294477
0.15017882236895747,0.2457851826919481
0.1502634478652257,0.24598339504095143
0.15034891771137057,0.24618160738995476
0.15043734926926405,0.2463798197389581
0.1505356715600872,0.24657803208796142
0.15060329365413175,0.24677624443696472
0.15069730693697764,0.24697445678596805
0.15077337614317882,0.24717266913497138
0.15086341803598868,0.2473708814839747
0.1509510285207918,0.24756909383297804
0.15103928728087995,0.24776730618198137
0.151133015580699,0.2479655185309847
0.151214273480228,0.24816373087998803
0.15128729155996565,0.24836194322899136
0.1513813143834917,0.24856015557799468
0.15145062245244995,0.24875836792699801
0.15153221760391858,0.24895658027600134
0.15162724112817774,0.24915479262500467
0.15170636215048225,0.249353004974008
0.15178267235115458,0.24955121732301133
0.1518736005426198,0.24974942967201466
0.15195905936302143,0.249947642021018
0.15204789745536168,0.2501458543700213
0.1521458349618561,0.25034406671902465
0.15223053861835742,0.25054227906802795
0.15232188819472645,0.2507404914170313
0.1524048864604872,0.2509387037660346
0.15247600824759444,0.25113691611503797
0.15255731671091932,0.25133512846404127
0.15264748024803196,0.2515333408130446
0.15272692971964338,0.2517315531620479
0.15282133999955821,0.2519297655110513
0.1529098769313306,0.2521279778600546
0.15300360569830973,0.25232619020905794
0.1530914470188236,0.25252440255806125
0.1531740841819248,0.2527226149070646
0.15325551674865767,0.2529208272560679
0.15334922383849622,0.25311903960507126
0.15342579180414428,0.25331725195407456
0.15349761484318725,0.2535154643030779
0.15357587468518608,0.2537136766520812
0.15365383081842904,0.2539118890010846
0.1537338012599264,0.2541101013500879
0.15381897854028684,0.25430831369909124
0.15390173164642465,0.25450652604809454
0.15399226786926581,0.2547047383970979
0.1540868842063948,0.2549029507461012
0.15415995838961521,0.25510116309510456
0.15423930946913347,0.25529937544410786
0.15430608789940115,0.25549758779311116
0.15438210849540351,0.2556958001421145
0.15446384770558613,0.2558940124911178
0.1545561256931597,0.2560922248401212
0.15463433151537678,0.2562904371891245
0.15471707974687157,0.25648864953812783
0.15479060543305723,0.25668686188713113
0.1548645329568096,0.2568850742361345
0.15494159274816538,0.2570832865851378
0.15502136827432142,0.25728149893414115
0.15509597858270283,0.25747971128314445
0.15518002067162529,0.2576779236321478
0.15526759262036882,0.2578761359811511
0.15534314916247188,0.25807434833015447
0.15542452109033206,0.25827256067915777
0.15551047788232433,0.2584707730281611
0.15559234579764256,0.25866898537716443
0.15567595846131826,0.2588671977261678
0.1557543079360488,0.2590654100751711
0.15583541169257462,0.25926362242417444
0.15592432941968615,0.25946183477317775
0.15602464023047083,0.2596600471221811
0.15610487332355466,0.2598582594711844
0.1561784174164852,0.26005647182018776
0.15625350327236365,0.26025468416919106
0.1563381908586288,0.2604528965181944
0.15641855986958936,0.2606511088671977
0.15650849516751988,0.2608493212162011
0.1566005322920941,0.2610475335652044
0.15668101433884443,0.26124574591420774
0.15675675591530847,0.26144395826321104
0.1568393438674047,0.26164217061221434
0.15691559645390088,0.2618403829612177
0.15700623997846802,0.262038595310221
0.15709558899830486,0.26223680765922436
0.15716897082079442,0.26243502000822766
0.15725467126635387,0.262633232357231
0.15735418085997321,0.2628314447062343
0.15744104471409176,0.2630296570552377
0.15753414083740297,0.263227869404241
0.15761562275719693,0.26342608175324433
0.15770154159566718,0.26362429410224764
0.15778551234195778,0.263822506451251
0.15787321071276017,0.2640207188002543
0.15795950250641713,0.26421893114925765
0.15804089837003546,0.26441714349826095
0.15813020022610483,0.2646153558472643
0.15821158127806462,0.2648135681962676
0.1583018193336143,0.26501178054527097
0.15838866358032896,0.26520999289427427
0.15848166212042933,0.26540820524327763
0.15857425913962972,0.26560641759228093
0.15866260520083017,0.2658046299412843
0.15875465201016645,0.2660028422902876
0.1588317535546787,0.26620105463929095
0.15893026715766007,0.26639926698829425
0.15900849969883324,0.2665974793372976
0.159086233654401,0.2667956916863009
0.15918141414502615,0.26699390403530426
0.15925745667454747,0.26719211638430757
0.15933943314015012,0.26739032873331087
0.1594386322013253,0.2675885410823142
0.15951609388024696,0.2677867534313175
0.1595974159757242,0.2679849657803209
0.1596997812550757,0.2681831781293242
0.15980000297426683,0.26838139047832754
0.1598681245213094,0.26857960282733084
0.15995382775955358,0.2687778151763342
0.16002704324615258,0.2689760275253375
0.16009917087792805,0.26917423987434086
0.16018759732151153,0.26937245222334416
0.1602736449054812,0.2695706645723475
0.1603514582959634,0.2697688769213508
0.16043470349067193,0.2699670892703542
0.1605091992541967,0.2701653016193575
0.16059073920352915,0.27036351396836084
0.16067290399077286,0.27056172631736414
0.1607468832718438,0.2707599386663675
0.16081583740976085,0.2709581510153708
0.16089563294677717,0.27115636336437415
0.16097577755546855,0.27135457571337745
0.16106247461088666,0.2715527880623808
0.16113808272433,0.2717510004113841
0.16120421761126433,0.27194921276038747
0.1612883381639382,0.2721474251093908
0.1613750386720289,0.27234563745839413
0.16144557483577593,0.27254384980739743
0.16153400693613792,0.2727420621564008
0.16161740225876653,0.2729402745054041
0.16170108946039216,0.27313848685440745
0.16176900570405578,0.27333669920341075
0.16184993631329445,0.27353491155241405
0.16192488478162156,0.2737331239014174
0.16199760550324868,0.2739313362504207
0.16207923279028688,0.27412954859942407
0.16215682867087855,0.27432776094842737
0.16224323460419363,0.2745259732974307
0.16232595105701975,0.274724185646434
0.16239333699231184,0.2749223979954374
0.1624798199328947,0.2751206103444407
0.16256744142325238,0.27531882269344404
0.1626493869516698,0.27551703504244734
0.16272754002693882,0.2757152473914507
0.16281722351319686,0.275913459740454
0.1629059889390461,0.27611167208945736
0.16298452886834316,0.27630988443846066
0.16306786307820598,0.276508096787464
0.16314964879275726,0.2767063091364673
0.16323341650622633,0.2769045214854707
0.163321288768592,0.277102733834474
0.1634051722042875,0.27730094618347734
0.16348977117562868,0.27749915853248064
0.1635739279272498,0.277697370881484
0.16366020843220952,0.2778955832304873
0.1637391830109788,0.27809379557949065
0.16382789504557657,0.27829200792849396
0.16390131219771023,0.2784902202774973
0.1639789772057766,0.2786884326265006
0.16406581167355488,0.278886644975504
0.1641504476615211,0.2790848573245073
0.16422888326650056,0.2792830696735106
0.16431069059255365,0.27948128202251393
0.16439950399572906,0.27967949437151723
0.1644652423881284,0.2798777067205206
0.16454013670547893,0.2800759190695239
0.16462743169060667,0.28027413141852725
0.16471215188259536,0.28047234376753055
0.16479471130884582,0.2806705561165339
0.16486644006013065,0.2808687684655372
0.16495344770071052,0.28106698081454057
0.16503775263486758,0.28126519316354387
0.1651245668164747,0.2814634055125472
0.16519964504880952,0.28166161786155053
0.16528968677719894,0.2818598302105539
0.16535959931444733,0.2820580425595572
0.16543832414180648,0.28225625490856054
0.16551477075664614,0.28245446725756385
0.16560230513443094,0.2826526796065672
0.16568455917034342,0.2828508919555705
0.1657633899016166,0.28304910430457386
0.16584407664935047,0.28324731665357716
0.16592446275309597,0.2834455290025805
0.16600801308813318,0.2836437413515838
0.1660791263779073,0.2838419537005872
0.1661578030318052,0.2840401660495905
0.16624451925974804,0.28423837839859384
0.16632649690622006,0.28443659074759714
0.16642347454197637,0.2846348030966005
0.16650582022750784,0.2848330154456038
0.16657101440687147,0.2850312277946071
0.16665412833346196,0.28522944014361046
0.16672565816538162,0.28542765249261376
0.16680670861280622,0.2856258648416171
0.16689177895476712,0.2858240771906204
0.1669660747337486,0.2860222895396238
0.16705147916837657,0.2862205018886271
0.16713122231611346,0.28641871423763043
0.16721639779485178,0.28661692658663374
0.1673070787020331,0.2868151389356371
0.16738964061969802,0.2870133512846404
0.16748361817260993,0.28721156363364375
0.16756110668328164,0.28740977598264705
0.16765204108761336,0.2876079883316504
0.16774099272023238,0.2878062006806537
0.1678201766679909,0.28800441302965707
0.16790143721687176,0.28820262537866037
0.16799329758123432,0.28840083772766373
0.1680833042911312,0.28859905007666703
0.1681680920514075,0.2887972624256704
0.16825523427681302,0.2889954747746737
0.1683332315246942,0.28919368712367705
0.16841817405402576,0.28939189947268035
0.16849752605065715,0.2895901118216837
0.1685703918705824,0.289788324170687
0.16864638371093343,0.28998653651969036
0.16875006100824438,0.29018474886869366
0.1688230133925192,0.290382961217697
0.16889462069046876,0.2905811735667003
0.1689597242986935,0.2907793859157037
0.16904575209592906,0.290977598264707
0.16913114467492793,0.2911758106137103
0.16922138757414257,0.29137402296271364
0.1693059527670583,0.29157223531171694
0.16938019927234305,0.2917704476607203
0.1694650879239792,0.2919686600097236
0.1695458853841359,0.29216687235872696
0.16961652814587094,0.29236508470773026
0.16970188895383242,0.2925632970567336
0.16978722555376463,0.2927615094057369
0.16986905395948787,0.2929597217547403
0.169952233088612,0.2931579341037436
0.1700409205254247,0.29335614645274694
0.17012822353068902,0.29355435880175024
0.17021435674419894,0.2937525711507536
0.17029565195684065,0.2939507834997569
0.17038515466668927,0.29414899584876025
0.17046230177951477,0.29434720819776355
0.17054385459081042,0.2945454205467669
0.1706212445848801,0.2947436328957702
0.17069574206464644,0.29494184524477357
0.17077221115561433,0.29514005759377687
0.17085454340358444,0.29533826994278023
0.170933865686687,0.29553648229178353
0.17102573303679194,0.2957346946407869
0.17111937854723358,0.2959329069897902
0.17121191802276958,0.29613111933879355
0.17129385209794398,0.29632933168779685
0.1713776857897402,0.2965275440368002
0.1714639814118565,0.2967257563858035
0.17153792049129976,0.2969239687348068
0.17162713833672985,0.29712218108381017
0.17172346432142985,0.29732039343281347
0.17181446705912032,0.2975186057818168
0.17188600753954492,0.2977168181308201
0.17196008173019134,0.2979150304798235
0.17204235125602413,0.2981132428288268
0.17212669104757533,0.29831145517783014
0.1722095814555293,0.29850966752683344
0.17228740250291852,0.2987078798758368
0.17237379040848927,0.2989060922248401
0.17246327928821661,0.29910430457384346
0.17253595463445517,0.29930251692284676
0.1726265372133965,0.2995007292718501
0.17271020080942562,0.2996989416208534
0.17278168750404943,0.2998971539698568
0.17286078894396462,0.3000953663188601
0.17293493701043816,0.30029357866786344
0.17301897957482812,0.30049179101686674
0.17311585781449826,0.3006900033658701
0.17319617711126445,0.3008882157148734
0.17327984250663933,0.30108642806387675
0.17336418149231198,0.30128464041288006
0.1734461763606449,0.3014828527618834
0.17353118595902717,0.3016810651108867
0.17360973643123961,0.30187927745989007
0.17369658153007791,0.3020774898088934
0.1737855051606014,0.30227570215789673
0.17386206470073254,0.30247391450690003
0.17393277411934882,0.3026721268559034
0.17400911254195706,0.3028703392049067
0.17409092790917172,0.30306855155391
0.1741785015314784,0.30326676390291335
0.17426407414851056,0.30346497625191665
0.1743506245514175,0.30366318860092
0.17441478694309534,0.3038614009499233
0.1745023727649065,0.30405961329892667
0.17457754327812136,0.30425782564792997
0.17465953730809644,0.3044560379969333
0.17473505444629603,0.30465425034593663
0.1748233907893884,0.30485246269494
0.17490863472419324,0.3050506750439433
0.1750029780968741,0.30524888739294664
0.17510040821429312,0.30544709974194995
0.17518084300528358,0.3056453120909533
0.17525340092891556,0.3058435244399566
0.17533074764972567,0.30604173678895996
0.17542226527401,0.30623994913796326
0.17550510771852176,0.3064381614869666
0.17558342762632673,0.3066363738359699
0.17565539781204487,0.3068345861849733
0.17573966727640708,0.3070327985339766
0.17581806361092198,0.30723101088297994
0.17591086527175057,0.30742922323198324
0.17599960222372057,0.3076274355809866
0.17607930039652805,0.3078256479299899
0.17615087633170481,0.30802386027899326
0.1762395022306981,0.30822207262799656
0.17632098128477922,0.3084202849769999
0.17640001910395162,0.3086184973260032
0.1764835830524468,0.3088167096750065
0.17657091083397125,0.3090149220240099
0.17665340296508555,0.3092131343730132
0.1767352432503344,0.30941134672201653
0.17681882257015222,0.30960955907101984
0.17691459681442095,0.3098077714200232
0.17699846747365258,0.3100059837690265
0.1770713634330876,0.31020419611802985
0.17716428824880343,0.31040240846703315
0.17725311039376312,0.3106006208160365
0.17734223430580687,0.3107988331650398
0.17743719728978707,0.31099704551404317
0.1775201046234153,0.31119525786304647
0.17760384861887765,0.3113934702120498
0.17768065495219434,0.31159168256105313
0.1777735832657344,0.3117898949100565
0.1778571670025359,0.3119881072590598
0.17792754071258862,0.31218631960806315
0.17801532660099198,0.31238453195706645
0.1780995381197849,0.3125827443060698
0.17819329959663108,0.3127809566550731
0.17826851027210738,0.31297916900407646
0.1783658316473155,0.31317738135307976
0.17844513293309602,0.3133755937020831
0.1785353895280439,0.3135738060510864
0.17861241548730353,0.3137720184000898
0.1787086898476582,0.3139702307490931
0.17878668785802715,0.31416844309809644
0.1788770339895171,0.31436665544709974
0.17896565204899859,0.3145648677961031
0.17905676092722342,0.3147630801451064
0.17914071968363887,0.3149612924941097
0.17921868128321,0.31515950484311306
0.17929362197951676,0.31535771719211636
0.1793732480906018,0.3155559295411197
0.1794601077389701,0.315754141890123
0.17953627014640197,0.3159523542391264
0.17962893161783866,0.3161505665881297
0.1797106575973423,0.31634877893713303
0.1797834131259796,0.31654699128613634
0.17985874494352577,0.3167452036351397
0.17994311412335873,0.316943415984143
0.18002421374901895,0.31714162833314635
0.18009774831848058,0.31733984068214965
0.18017561438751026,0.317538053031153
0.18025096411464006,0.3177362653801563
0.18033556166385353,0.31793447772915967
0.18042108107541865,0.31813269007816297
0.18050152446910095,0.31833090242716633
0.18058659290916354,0.31852911477616963
0.1806741264884774,0.318727327125173
0.18076450429506416,0.3189255394741763
0.18085115308177868,0.31912375182317965
0.18092891396492955,0.31932196417218295
0.18102906886027167,0.3195201765211863
0.18112380519920115,0.3197183888701896
0.18122661562150336,0.31991660121919296
0.1813120706158601,0.32011481356819627
0.18140020425933848,0.3203130259171996
0.1814893061677283,0.3205112382662029
0.181564308378126,0.3207094506152062
0.1816468610979553,0.3209076629642096
0.18172936926544303,0.3211058753132129
0.18182452268928115,0.32130408766221624
0.18189875244795414,0.32150230001121954
0.18200652345727716,0.3217005123602229
0.1820920255812367,0.3218987247092262
0.182177856804748,0.32209693705822956
0.18225512342356243,0.32229514940723286
0.18232132580463437,0.3224933617562362
0.18240077345848837,0.3226915741052395
0.1824915418930932,0.3228897864542429
0.18257031047662428,0.3230879988032462
0.1826563851526262,0.32328621115224954
0.18273927114337332,0.32348442350125284
0.18281725076205943,0.3236826358502562
0.18290696728327208,0.3238808481992595
0.18298487120295936,0.32407906054826285
0.183071812918729,0.32427727289726616
0.183144900263065,0.3244754852462695
0.1832287156993997,0.3246736975952728
0.1833337076395848,0.32487190994427617
0.18342373637708637,0.3250701222932795
0.1835063600772895,0.32526833464228283
0.1835979040330717,0.32546654699128613
0.18367645479841724,0.3256647593402895
0.18375817439565317,0.3258629716892928
0.18384878164789642,0.32606118403829615
0.1839253813520212,0.32625939638729945
0.18401605588047118,0.32645760873630275
0.18408751829179354,0.3266558210853061
0.18417825922303607,0.3268540334343094
0.1842753884030428,0.32705224578331277
0.18436215341635526,0.32725045813231607
0.18445512146568754,0.3274486704813194
0.184551583464511,0.3276468828303227
0.18464863083044192,0.3278450951793261
0.18472936964601194,0.3280433075283294
0.1848116725369999,0.32824151987733274
0.18490277532999,0.32843973222633605
0.18498003333041232,0.3286379445753394
0.18506569721381222,0.3288361569243427
0.18515069236127152,0.32903436927334606
0.1852402712988097,0.32923258162234936
0.185314268977977,0.3294307939713527
0.18540999264877095,0.329629006320356
0.18549382508223847,0.3298272186693594
0.1855857926956688,0.3300254310183627
0.18567114417636663,0.33022364336736604
0.18575783845236435,0.33042185571636934
0.18583683046796862,0.3306200680653727
0.18591739651437286,0.330818280414376
0.186006045719442,0.33101649276337936
0.18607738132327772,0.33121470511238266
0.1861560352114753,0.331412917461386
0.1862587333747147,0.3316111298103893
0.18633315154394922,0.3318093421593927
0.18639575391015778,0.332007554508396
0.18648819833459923,0.33220576685739933
0.18657278252080703,0.33240397920640263
0.186661873808448,0.33260219155540593
0.1867438491182793,0.3328004039044093
0.18681163817303537,0.3329986162534126
0.18691157658432805,0.33319682860241595
0.18698621557562523,0.33339504095141925
0.18705633594899093,0.3335932533004226
0.1871437885218194,0.3337914656494259
0.18722993769263968,0.33398967799842927
0.1873247878291335,0.33418789034743257
0.1874057513761083,0.3343861026964359
0.18749007260172454,0.33458431504543923
0.1875826981603107,0.3347825273944426
0.1876803879017432,0.3349807397434459
0.18778668604497123,0.33517895209244924
0.1878780261323818,0.33537716444145255
0.1879639697049167,0.3355753767904559
0.18807153539111443,0.3357735891394592
0.18816721174591744,0.33597180148846256
0.18827059985472921,0.33617001383746586
0.18834604948679043,0.3363682261864692
0.18843235949477005,0.3365664385354725
0.18851705290344545,0.3367646508844759
0.18858395682030013,0.3369628632334792
0.18867158804084982,0.33716107558248254
0.1887523850081285,0.33735928793148584
0.1888340787894704,0.3375575002804892
0.18891420115558433,0.3377557126294925
0.1890023351912053,0.33795392497849586
0.18910161253364957,0.33815213732749916
0.1891840362438904,0.33835034967650246
0.1892706857652697,0.3385485620255058
0.18936527624543015,0.3387467743745091
0.18945919414651352,0.3389449867235125
0.18955561753342817,0.3391431990725158
0.18963650931022794,0.33934141142151913
0.18971887347029767,0.33953962377052244
0.18979718515174446,0.3397378361195258
0.18987379234489976,0.3399360484685291
0.18996619230112946,0.34013426081753245
0.19006128323610016,0.34033247316653575
0.19013942628136143,0.3405306855155391
0.19022240593616996,0.3407288978645424
0.19032095739039587,0.34092711021354577
0.1903943027315551,0.34112532256254907
0.19048669677996197,0.34132353491155243
0.19055674589330815,0.34152174726055573
0.19064599816005062,0.3417199596095591
0.19074500363232172,0.3419181719585624
0.1908098756681234,0.34211638430756575
0.19089300435218284,0.34231459665656905
0.19098056563539736,0.3425128090055724
0.19106914561780453,0.3427110213545757
0.1911713756379149,0.34290923370357906
0.19125975295266112,0.34310744605258237
0.19134802714798202,0.3433056584015857
0.19144640283134617,0.343503870750589
0.19152351952363258,0.3437020830995924
0.19160739606375596,0.3439002954485957
0.19168366625583147,0.34409850779759904
0.19176581577986163,0.34429672014660234
0.19184361029832725,0.34449493249560564
0.1919437427028707,0.344693144844609
0.1920251919295274,0.3448913571936123
0.19211890971297538,0.34508956954261566
0.19220512740950235,0.34528778189161896
0.1922940683021015,0.3454859942406223
0.19237625161009922,0.3456842065896256
0.19245738510544005,0.345882418938629
0.19254584656999582,0.3460806312876323
0.19263518254482664,0.34627884363663564
0.19273636448165504,0.34647705598563894
0.19281688432186403,0.3466752683346423
0.19290571288873817,0.3468734806836456
0.1929914015238137,0.34707169303264895
0.1930830851236241,0.34726990538165226
0.19316393516055658,0.3474681177306556
0.19325470217232205,0.3476663300796589
0.19333089022039374,0.34786454242866227
0.1934170178521626,0.3480627547776656
0.19351339541940793,0.34826096712666893
0.19359465110059518,0.34845917947567223
0.19367192906513236,0.3486573918246756
0.19374023389359,0.3488556041736789
0.1938324033486163,0.34905381652268225
0.19391208003426552,0.34925202887168555
0.1940044690326832,0.3494502412206889
0.19410281043553326,0.3496484535696922
0.19419479137916143,0.34984666591869557
0.1942864002473123,0.35004487826769887
0.1943739566570952,0.35024309061670217
0.19446736320524083,0.3504413029657055
0.19454427092972545,0.3506395153147088
0.19463514479473257,0.3508377276637122
0.19471979239768913,0.3510359400127155
0.19480057127655456,0.35123415236171884
0.19489490198912007,0.35143236471072214
0.1949782723775626,0.3516305770597255
0.19506513111318516,0.3518287894087288
0.19513973104736115,0.35202700175773216
0.19523012862503356,0.35222521410673546
0.19532280642397357,0.3524234264557388
0.19543931614697813,0.3526216388047421
0.19552397541827826,0.3528198511537455
0.19560002198295326,0.3530180635027488
0.19568566360461007,0.35321627585175214
0.19577483016137606,0.35341448820075544
0.1958604489954996,0.3536127005497588
0.19595321517297226,0.3538109128987621
0.1960327502905074,0.35400912524776545
0.19610626713603496,0.35420733759676876
0.19618338377737826,0.3544055499457721
0.19626323013659455,0.3546037622947754
0.19635355625111228,0.3548019746437788
0.19644544676167355,0.3550001869927821
0.19653253575519317,0.35519839934178543
0.19660958467044434,0.35539661169078873
0.19669783528166554,0.3555948240397921
0.1967773754758242,0.3557930363887954
0.1968680123030918,0.3559912487377987
0.1969608789574294,0.35618946108680205
0.1970442323705834,0.35638767343580535
0.19712982643363455,0.3565858857848087
0.19721021269078814,0.356784098133812
0.19730384618138666,0.35698231048281537
0.19738061403999013,0.35718052283181867
0.19746924860532183,0.357378735180822
0.19756623817845706,0.35757694752982533
0.19765176369575901,0.3577751598788287
0.19773385559872836,0.357973372227832
0.1978027487529124,0.35817158457683534
0.19788342862427444,0.35836979692583865
0.19795519322368452,0.358568009274842
0.19803328167915207,0.3587662216238453
0.198105852995209,0.35896443397284866
0.19818706876930736,0.35916264632185196
0.19828344919031757,0.3593608586708553
0.19836321684123484,0.3595590710198586
0.19844591458466956,0.359757283368862
0.19854079221936669,0.3599554957178653
0.19863480694378008,0.36015370806686864
0.198722776965797,0.36035192041587194
0.19880195802249556,0.3605501327648753
0.1988855129635754,0.3607483451138786
0.19896992898884622,0.36094655746288196
0.1990471653105422,0.36114476981188526
0.19912516608561417,0.3613429821608886
0.19921045873507293,0.3615411945098919
0.19930333683695617,0.3617394068588953
0.19939529388600005,0.3619376192078986
0.19948842887460255,0.3621358315569019
0.1995800074436427,0.36233404390590523
0.19966897384461268,0.36253225625490854
0.19975286409102355,0.3627304686039119
0.1998546723296585,0.3629286809529152
0.1999555078005796,0.36312689330191855
0.20004454696202914,0.36332510565092185
0.20012513179092709,0.3635233179999252
0.20021650778600153,0.3637215303489285
0.20030287247147355,0.36391974269793187
0.20037994504848167,0.36411795504693517
0.20046516691491376,0.36431616739593853
0.20055070942288447,0.36451437974494183
0.20063051033440438,0.3647125920939452
0.20071365207698172,0.3649108044429485
0.2007957028387554,0.36510901679195185
0.2008696678084195,0.36530722914095515
0.20094666081589505,0.3655054414899585
0.201022821710717,0.3657036538389618
0.20111168434478902,0.36590186618796516
0.2011939600005359,0.36610007853696847
0.20128830898068856,0.3662982908859718
0.20138114123270057,0.3664965032349751
0.201465373097897,0.3666947155839785
0.2015567455378176,0.3668929279329818
0.20165401361403096,0.36709114028198514
0.20173831493469357,0.36728935263098844
0.20183175594638675,0.3674875649799918
0.20190322207234845,0.3676857773289951
0.20198222398219587,0.3678839896779984
0.20208854591844347,0.36808220202700176
0.2021799162690556,0.36828041437600506
0.20226449823230847,0.3684786267250084
0.2023617167259625,0.3686768390740117
0.20245463045365988,0.3688750514230151
0.20252729619059254,0.3690732637720184
0.2026080753682759,0.36927147612102174
0.20268160366908852,0.36946968847002504
0.20276691740485808,0.3696679008190284
0.20285028898490567,0.3698661131680317
0.2029361793767582,0.37006432551703505
0.20301445843283739,0.37026253786603835
0.2030962301165441,0.3704607502150417
0.20319315127493232,0.370658962564045
0.20329199434036102,0.37085717491304837
0.20337457580357865,0.3710553872620517
0.2034601524969243,0.37125359961105503
0.20354779883402876,0.37145181196005833
0.2036188184827617,0.3716500243090617
0.20370272586211102,0.371848236658065
0.20378767594395247,0.37204644900706835
0.20388380388868457,0.37224466135607165
0.2039792615522313,0.372442873705075
0.2040641419181881,0.3726410860540783
0.20415952293215947,0.37283929840308166
0.2042497891704985,0.37303751075208497
0.20434337049942522,0.3732357231010883
0.2044361016626518,0.3734339354500916
0.2045262148257994,0.373632147799095
0.20461483489330898,0.3738303601480983
0.20469956172104992,0.3740285724971016
0.20477701584461486,0.37422678484610494
0.20486731715396556,0.37442499719510824
0.20495217116715403,0.3746232095441116
0.2050393665378229,0.3748214218931149
0.20511239477908866,0.37501963424211826
0.20519452279694414,0.37521784659112156
0.20528945123565326,0.3754160589401249
0.20538115130285325,0.3756142712891282
0.20547850898835412,0.3758124836381316
0.2055574830762912,0.3760106959871349
0.20563528211427531,0.37620890833613824
0.20570593927329883,0.37640712068514154
0.20580090895621264,0.3766053330341449
0.2058834786098945,0.3768035453831482
0.20597842990588408,0.37700175773215155
0.2060556055265068,0.37719997008115486
0.20613643317474517,0.3773981824301582
0.2062201476558957,0.3775963947791615
0.20629627700569625,0.37779460712816487
0.2063698062964867,0.3779928194771682
0.2064636640080692,0.37819103182617153
0.20654269331351105,0.37838924417517483
0.20662612771241345,0.3785874565241782
0.20669372306650174,0.3787856688731815
0.2067713674161841,0.37898388122218485
0.20684824606648575,0.37918209357118815
0.2069353205686573,0.3793803059201915
0.20703103649713717,0.3795785182691948
0.20711923876076824,0.3797767306181981
0.20720058603693634,0.37997494296720147
0.2072888188033239,0.38017315531620477
0.20737671038474764,0.3803713676652081
0.2074631338431216,0.38056958001421143
0.20755580422805506,0.3807677923632148
0.20764622245263697,0.3809660047122181
0.20774176583921325,0.38116421706122144
0.20781544242361857,0.38136242941022475
0.20790326769083955,0.3815606417592281
0.20798795232344536,0.3817588541082314
0.20807191357414354,0.38195706645723476
0.20815471388017595,0.38215527880623806
0.2082363083373416,0.3823534911552414
0.20832058857832533,0.3825517035042447
0.2084329725578403,0.3827499158532481
0.20853074756123788,0.3829481282022514
0.20861820777940845,0.38314634055125474
0.20868890099641582,0.38334455290025804
0.2087778551347391,0.3835427652492614
0.20886865555387413,0.3837409775982647
0.20896809643470693,0.38393918994726806
0.20906709728538553,0.38413740229627136
0.20913738905350313,0.3843356146452747
0.20922397696953818,0.384533826994278
0.2093169923683736,0.3847320393432814
0.2093960296509739,0.3849302516922847
0.20947487085939162,0.38512846404128803
0.20956012186437648,0.38532667639029133
0.2096467235225714,0.38552488873929464
0.20973096254409135,0.385723101088298
0.20981548978507678,0.3859213134373013
0.20990474136568746,0.38611952578630465
0.20998841250776842,0.38631773813530795
0.21006882832828033,0.3865159504843113
0.21015394235026877,0.3867141628333146
0.21024477909149633,0.38691237518231797
0.21033158201598756,0.38711058753132127
0.2104035948073335,0.38730879988032463
0.21049106591446545,0.38750701222932793
0.2105698473324978,0.3877052245783313
0.21065233190869048,0.3879034369273346
0.21074040395209814,0.38810164927633795
0.2108433443711494,0.38829986162534125
0.21093179504657913,0.3884980739743446
0.21103146122715408,0.3886962863233479
0.2111067678739192,0.38889449867235126
0.2112135152574088,0.38909271102135456
0.21129891785379326,0.3892909233703579
0.21138515724958445,0.3894891357193612
0.21146247079348005,0.3896873480683646
0.2115603787511081,0.3898855604173679
0.21165168174997398,0.39008377276637124
0.21174420131556798,0.39028198511537454
0.21183442720521803,0.3904801974643779
0.21191797526076006,0.3906784098133812
0.21201613723911214,0.39087662216238456
0.21209681159595709,0.39107483451138786
0.21220809884655914,0.3912730468603912
0.21230162580971926,0.3914712592093945
0.21239337644480563,0.3916694715583978
0.212497255594736,0.3918676839074012
0.21259166266259932,0.3920658962564045
0.21266262437937367,0.39226410860540784
0.21275737336039222,0.39246232095441114
0.2128327406490453,0.3926605333034145
0.21290515076354782,0.3928587456524178
0.21298965058095726,0.39305695800142115
0.2130641131514814,0.39325517035042445
0.213148270429842,0.3934533826994278
0.21323835722585655,0.3936515950484311
0.21331858615328467,0.39384980739743447
0.21340893796156385,0.39404801974643777
0.21349271848115162,0.39424623209544113
0.2135799176265293,0.39444444444444443
0.2136603006994576,0.3946426567934478
0.21375298269089593,0.3948408691424511
0.21383701551453685,0.39503908149145445
0.21391735210634044,0.39523729384045775
0.21399624300671535,0.3954355061894611
0.21408533778552002,0.3956337185384644
0.21417136502950093,0.39583193088746776
0.21425367050619704,0.39603014323647107
0.21434499292074713,0.3962283555854744
0.21442963115765087,0.3964265679344777
0.2145245292377638,0.3966247802834811
0.21461761105767496,0.3968229926324844
0.2147084893802106,0.39702120498148774
0.21480128595922668,0.39721941733049104
0.2148979722924503,0.39741762967949434
0.21498400820289157,0.3976158420284977
0.21507900525494444,0.397814054377501
0.21516685215007667,0.39801226672650436
0.21525473473149564,0.39821047907550766
0.21534475185134286,0.398408691424511
0.2154202690048347,0.3986069037735143
0.21549925115643323,0.3988051161225177
0.21560465247453994,0.399003328471521
0.21569112891059095,0.39920154082052434
0.2157776388624513,0.39939975316952764
0.21586758930334296,0.399597965518531
0.21595689093223114,0.3997961778675343
0.21603179194706226,0.39999439021653765
0.216105968929708,0.40019260256554096
0.21619328395016768,0.4003908149145443
0.21627609542378826,0.4005890272635476
0.21637359621954266,0.40078723961255097
0.21645981992447944,0.4009854519615543
0.21654837145374933,0.40118366431055763
0.21663180394174883,0.40138187665956093
0.21670131105314672,0.4015800890085643
0.21677668738586178,0.4017783013575676
0.21687300023370354,0.40197651370657095
0.21696168226836327,0.40217472605557425
0.21704662810471134,0.4023729384045776
0.21712725291917295,0.4025711507535809
0.217214819622772,0.40276936310258427
0.21731533493086214,0.40296757545158757
0.217410100439643,0.4031657878005909
0.21749792408645333,0.4033640001495942
0.21757781689345193,0.40356221249859753
0.2176386908674232,0.4037604248476009
0.2177463464865085,0.4039586371966042
0.2178218535886628,0.40415684954560754
0.21791344395339668,0.40435506189461085
0.21800472278078328,0.4045532742436142
0.2180845668906369,0.4047514865926175
0.21816950679954702,0.40494969894162086
0.21825235069644433,0.40514791129062416
0.21833215075034093,0.4053461236396275
0.21843220743849018,0.4055443359886308
0.21851616501210383,0.4057425483376342
0.21862378654671688,0.4059407606866375
0.21870629472669278,0.40613897303564084
0.21879941058037136,0.40633718538464414
0.21888047025591112,0.4065353977336475
0.21895321012832217,0.4067336100826508
0.21903992434958086,0.40693182243165416
0.21913430655674931,0.40713003478065746
0.21922558174816983,0.4073282471296608
0.2193132668348818,0.4075264594786641
0.21940237285897118,0.4077246718276675
0.21947415708564252,0.4079228841766708
0.2195761256412,0.40812109652567413
0.21965591989531963,0.40831930887467743
0.21975309747982957,0.4085175212236808
0.21983446403972823,0.4087157335726841
0.21991514537055823,0.40891394592168745
0.22000831446608315,0.40911215827069075
0.2201030642499507,0.40931037061969405
0.22018707953018382,0.4095085829686974
0.2202858938934687,0.4097067953177007
0.2203748441810541,0.40990500766670407
0.22046014944281217,0.41010322001570737
0.22054241685274908,0.4103014323647107
0.22063627679130862,0.41049964471371403
0.22072404255692452,0.4106978570627174
0.22080970060417934,0.4108960694117207
0.2209030227811628,0.41109428176072405
0.22098078307241753,0.41129249410972735
0.22107627017770298,0.4114907064587307
0.22117467064331015,0.411688918807734
0.22127360621460157,0.41188713115673736
0.22136561910767813,0.41208534350574066
0.22145913031386888,0.412283555854744
0.2215458640734511,0.4124817682037473
0.22162680920416988,0.4126799805527507
0.22171914709994228,0.412878192901754
0.22179111987196168,0.41307640525075734
0.22187409505567537,0.41327461759976064
0.22196588576706747,0.413472829948764
0.22206068137896445,0.4136710422977673
0.22215517781414523,0.41386925464677066
0.22222886227486086,0.41406746699577396
0.2223142147319212,0.4142656793447773
0.22239832919204897,0.4144638916937806
0.2224841808840414,0.414662104042784
0.2225719916267411,0.4148603163917873
0.22268156659457794,0.41505852874079063
0.22276254870439305,0.41525674108979393
0.22285072827691124,0.41545495343879724
0.22295467623780693,0.4156531657878006
0.22304621122162263,0.4158513781368039
0.22313227310901795,0.41604959048580725
0.22321117257717185,0.41624780283481055
0.22330702789194104,0.4164460151838139
0.22338887527202742,0.4166442275328172
0.2234750844887919,0.41684243988182057
0.22355914825128675,0.41704065223082387
0.2236565363364533,0.41723886457982723
0.22374120148588683,0.41743707692883053
0.2238332589332449,0.4176352892778339
0.22391673839762274,0.4178335016268372
0.2240020443635629,0.41803171397584055
0.22407948310307282,0.41822992632484385
0.22416092554741665,0.4184281386738472
0.22426264274697127,0.4186263510228505
0.2243628425430233,0.41882456337185386
0.22445911561091467,0.41902277572085717
0.2245585241682133,0.4192209880698605
0.2246414801230468,0.4194192004188638
0.22473615445910766,0.4196174127678672
0.22482068247403791,0.4198156251168705
0.22489792209716153,0.42001383746587384
0.22499132429178742,0.42021204981487714
0.2250935312610361,0.4204102621638805
0.22518391702010404,0.4206084745128838
0.22529574107341044,0.42080668686188716
0.22539422419016628,0.42100489921089046
0.2254853921026501,0.42120311155989376
0.22556806240160288,0.4214013239088971
0.22565386363301831,0.4215995362579004
0.22574996914948925,0.4217977486069038
0.22585537750948131,0.4219959609559071
0.22593276777402482,0.42219417330491044
0.22602281529746784,0.42239238565391374
0.22611463142131044,0.4225905980029171
0.22621530500023834,0.4227888103519204
0.22630323867085092,0.42298702270092375
0.2264020896388788,0.42318523504992706
0.22650776704908687,0.4233834473989304
0.22660546618196198,0.4235816597479337
0.2266889992878371,0.42377987209693707
0.22679116756564188,0.4239780844459404
0.2269030806158387,0.42417629679494373
0.22699453649560744,0.42437450914394703
0.2270834120116075,0.4245727214929504
0.2271772744785842,0.4247709338419537
0.2272808690035845,0.42496914619095705
0.22737877993681405,0.42516735853996035
0.2274709933436352,0.4253655708889637
0.22755431345844823,0.425563783237967
0.2276467491913322,0.42576199558697037
0.22773639653820735,0.42596020793597367
0.22784854086488934,0.426158420284977
0.2279451459090149,0.4263566326339803
0.2280401086524745,0.4265548449829837
0.22814166932720562,0.426753057331987
0.2282385143876597,0.4269512696809903
0.22833164138819845,0.42714948202999364
0.2284368477178649,0.42734769437899695
0.22854193224147104,0.4275459067280003
0.2286364077923234,0.4277441190770036
0.22873375670066431,0.42794233142600696
0.22882475992232,0.42814054377501026
0.22892211217022518,0.4283387561240136
0.22900200100114826,0.4285369684730169
0.2291145983740881,0.4287351808220203
0.22920466911346352,0.4289333931710236
0.22930384889257888,0.42913160552002694
0.22939531591669,0.42932981786903024
0.22949279030737868,0.4295280302180336
0.22957792397576482,0.4297262425670369
0.22967501424754969,0.42992445491604026
0.22975763659382806,0.43012266726504356
0.22984502144911967,0.4303208796140469
0.22992692389385952,0.4305190919630502
0.2300130815435236,0.4307173043120536
0.23009793895637448,0.4309155166610569
0.23019829921908694,0.43111372901006023
0.23028398564106192,0.43131194135906353
0.23037513675621105,0.4315101537080669
0.23046816418122323,0.4317083660570702
0.23055648489481842,0.43190657840607355
0.23066341229375983,0.43210479075507685
0.23077048370930062,0.4323030031040802
0.23085757660205738,0.4325012154530835
0.230949831612905,0.43269942780208687
0.23102475202589948,0.43289764015109017
0.2311181832359394,0.43309585250009347
0.23121674307161844,0.4332940648490968
0.23130316923873473,0.43349227719810013
0.23138974100638127,0.4336904895471035
0.2314797557303534,0.4338887018961068
0.23157965365840127,0.43408691424511014
0.2316627456417776,0.43428512659411345
0.23175331208707514,0.4344833389431168
0.23185561277056468,0.4346815512921201
0.23194784653496855,0.43487976364112346
0.23203403917222276,0.43507797599012676
0.23210306845596454,0.4352761883391301
0.23218620778324284,0.4354744006881334
0.23227769731327239,0.4356726130371368
0.23236620078466635,0.4358708253861401
0.23245955358958564,0.43606903773514344
0.23255020103841786,0.43626725008414674
0.23264169952017763,0.4364654624331501
0.23273723547115274,0.4366636747821534
0.23282287570310353,0.43686188713115676
0.23292234118230146,0.43706009948016006
0.23302167944913693,0.4372583118291634
0.23309968948414686,0.4374565241781667
0.23319419590781817,0.4376547365271701
0.23328290564566162,0.4378529488761734
0.23338345130883847,0.43805116122517673
0.23347270600022543,0.43824937357418003
0.23355305888646458,0.4384475859231834
0.2336444535141492,0.4386457982721867
0.23374009311560112,0.43884401062119
0.23383418977497356,0.43904222297019335
0.23391237873610882,0.43924043531919665
0.2340101074006356,0.4394386476682
0.2340985002644675,0.4396368600172033
0.23419604728598675,0.43983507236620667
0.23429112049440637,0.44003328471520997
0.2343807914997109,0.44023149706421333
0.23447824948166343,0.44042970941321663
0.23457384015606225,0.44062792176222
0.234674678245672,0.4408261341112233
0.23475679196246207,0.44102434646022665
0.23484226152795923,0.44122255880922995
0.23495371478024332,0.4414207711582333
0.23506230073572254,0.4416189835072366
0.23516630086243753,0.44181719585623996
0.23527729147578327,0.44201540820524327
0.23536744633821793,0.4422136205542466
0.23546661203120817,0.4424118329032499
0.23557676038623093,0.4426100452522533
0.23566336696734103,0.4428082576012566
0.23575297199256987,0.44300646995025994
0.23584886128794194,0.44320468229926324
0.2359424236981221,0.4434028946482666
0.23603088273310796,0.4436011069972699
0.23610533641958453,0.44379931934627326
0.23620412933552629,0.44399753169527656
0.23629855410678358,0.4441957440442799
0.23639179438871855,0.4443939563932832
0.23648944310813513,0.4445921687422866
0.2365972674031195,0.4447903810912899
0.23669723456354227,0.4449885934402932
0.23678648849114864,0.44518680578929654
0.23687537630542832,0.44538501813829984
0.23697113105426176,0.4455832304873032
0.23704303389152587,0.4457814428363065
0.23714308865089964,0.44597965518530985
0.23723659230784883,0.44617786753431316
0.23733314349398096,0.4463760798833165
0.2374108357257261,0.4465742922323198
0.2374947673590171,0.44677250458132317
0.23758889821754653,0.4469707169303265
0.23767640666426845,0.44716892927932983
0.23776880230930098,0.44736714162833313
0.23788459162047465,0.4475653539773365
0.2379785449801512,0.4477635663263398
0.2380837882355102,0.44796177867534315
0.2381837755734255,0.44815999102434645
0.2382846529909323,0.4483582033733498
0.23836942483039514,0.4485564157223531
0.23847214342300221,0.44875462807135647
0.23858207208160392,0.44895284042035977
0.23866851305370337,0.4491510527693631
0.23874543448030788,0.4493492651183664
0.23883222236586432,0.4495474774673698
0.23892337379994238,0.4497456898163731
0.23901332883542908,0.44994390216537644
0.2390942274445237,0.45014211451437974
0.23919172825819038,0.4503403268633831
0.23927624730231667,0.4505385392123864
0.2393632939322317,0.4507367515613897
0.2394503006413408,0.45093496391039306
0.23954837253419042,0.45113317625939636
0.23964438574978394,0.4513313886083997
0.23972482470721254,0.451529600957403
0.23981739563496396,0.4517278133064064
0.23990582701167895,0.4519260256554097
0.24000359958072165,0.45212423800441304
0.24011114887462098,0.45232245035341634
0.24019423941637458,0.4525206627024197
0.24027882463692904,0.452718875051423
0.2403866036259857,0.45291708740042635
0.24046492947392265,0.45311529974942966
0.24055937079695436,0.453313512098433
0.24064930645691537,0.4535117244474363
0.24076358765453346,0.4537099367964397
0.24084226426350208,0.453908149145443
0.24093520962161524,0.45410636149444633
0.24104168273596743,0.45430457384344963
0.24113884920490616,0.454502786192453
0.24124217076977694,0.4547009985414563
0.2413411219206748,0.45489921089045965
0.24143247358313932,0.45509742323946295
0.2415252595503955,0.4552956355884663
0.2416195700783455,0.4554938479374696
0.2417112452887422,0.45569206028647297
0.24180959510095482,0.45589027263547627
0.24189630556505717,0.4560884849844796
0.2419958585871035,0.4562866973334829
0.24208680112208247,0.45648490968248623
0.24217723821239562,0.4566831220314896
0.2422825381749201,0.4568813343804929
0.24238530573488568,0.45707954672949624
0.24247101298663515,0.45727775907849955
0.2425746941262175,0.4574759714275029
0.24266494195093066,0.4576741837765062
0.2427595418735813,0.45787239612550956
0.24285437466513354,0.45807060847451286
0.2429643772563156,0.4582688208235162
0.243059316960005,0.4584670331725195
0.24317170519458606,0.4586652455215229
0.24327196244533045,0.4588634578705262
0.24334921647525642,0.45906167021952954
0.24343454250310576,0.45925988256853284
0.24354827358244882,0.4594580949175362
0.24364791247534592,0.4596563072665395
0.2437295817202656,0.45985451961554286
0.24382460540475048,0.46005273196454616
0.24391456085097307,0.4602509443135495
0.24401983687383516,0.4604491566625528
0.24412586569659728,0.4606473690115562
0.24421118731724922,0.4608455813605595
0.2443033213809454,0.46104379370956283
0.24440885668346216,0.46124200605856613
0.24450108405601917,0.4614402184075695
0.24460484939726476,0.4616384307565728
0.24470571501185065,0.46183664310557615
0.2448008194167627,0.46203485545457945
0.24489594826890138,0.4622330678035828
0.24498640831354715,0.4624312801525861
0.2450883874713274,0.4626294925015894
0.2451653616770005,0.46282770485059277
0.2452590049022673,0.46302591719959607
0.24533285838863522,0.46322412954859943
0.24543092474660108,0.46342234189760273
0.24554269636441,0.4636205542466061
0.2456202187466484,0.4638187665956094
0.24572001059081955,0.46401697894461275
0.24581477854711747,0.46421519129361605
0.2459006140954559,0.4644134036426194
0.24598287116850198,0.4646116159916227
0.2460672546660784,0.46480982834062606
0.2461785027936512,0.46500804068962936
0.24627629126133468,0.4652062530386327
0.2463776343488019,0.465404465387636
0.246477403625315,0.4656026777366394
0.24655982508437396,0.4658008900856427
0.24665637463043263,0.46599910243464604
0.24674775964560253,0.46619731478364934
0.2468420413916804,0.4663955271326527
0.24693621656721812,0.466593739481656
0.2470276367046684,0.46679195183065936
0.2471257561047875,0.46699016417966266
0.2472219752235562,0.467188376528666
0.24730214169332562,0.4673865888776693
0.24740132272345924,0.4675848012266727
0.2474967351067569,0.467783013575676
0.24760111251018116,0.46798122592467933
0.24769275943169766,0.46817943827368264
0.24778850782701234,0.46837765062268594
0.24788192803440906,0.4685758629716893
0.24797967694271655,0.4687740753206926
0.24807482308240722,0.46897228766969595
0.24818138328685482,0.46917050001869925
0.24825721032521209,0.4693687123677026
0.24833924913272912,0.4695669247167059
0.24843483865754826,0.46976513706570927
0.24851875514843907,0.4699633494147126
0.24862483032714602,0.47016156176371593
0.24873301128071873,0.47035977411271923
0.24883001430969726,0.4705579864617226
0.24892449640442846,0.4707561988107259
0.2490356973521524,0.47095441115972925
0.24913339690260067,0.47115262350873255
0.24921658064395366,0.4713508358577359
0.24932919265943138,0.4715490482067392
0.24940189794316106,0.47174726055574256
0.24948505887957567,0.47194547290474587
0.24959805882390212,0.4721436852537492
0.24970017860115082,0.4723418976027525
0.24979419973788397,0.4725401099517559
0.2498831539352993,0.4727383223007592
0.2499892042367323,0.47293653464976254
0.2500813555935976,0.47313474699876584
0.25017611773711024,0.4733329593477692
0.2502691895449132,0.4735311716967725
0.25036603232967314,0.47372938404577586
0.25044865088759116,0.47392759639477916
0.25054118504785305,0.4741258087437825
0.2506311889566552,0.4743240210927858
0.25072463224765373,0.4745222334417891
0.2508234210752127,0.4747204457907925
0.25092495929455105,0.4749186581397958
0.25099951154475664,0.47511687048879914
0.2510893499375211,0.47531508283780244
0.2511730983727215,0.4755132951868058
0.2512894978783306,0.4757115075358091
0.2513950277199152,0.47590971988481245
0.25148789553331075,0.47610793223381576
0.25158179530193536,0.4763061445828191
0.2516636789370822,0.4765043569318224
0.25175571001879776,0.47670256928082577
0.2518415600899346,0.4769007816298291
0.25194470207774466,0.47709899397883243
0.2520312978928811,0.47729720632783573
0.2521453998888565,0.4774954186768391
0.2522552936418332,0.4776936310258424
0.2523649192524246,0.47789184337484575
0.25244678295677114,0.47809005572384905
0.2525686116262384,0.4782882680728524
0.2526666028104052,0.4784864804218557
0.25275150192826873,0.47868469277085907
0.2528432533029168,0.47888290511986237
0.25294835893429074,0.4790811174688657
0.2530438492219102,0.479279329817869
0.2531409687059432,0.4794775421668724
0.2532442861652198,0.4796757545158757
0.253344176542388,0.47987396686487904
0.25346483179786927,0.48007217921388234
0.25355799197150247,0.48027039156288565
0.2536704940744055,0.480468603911889
0.25376947575628134,0.4806668162608923
0.253865047924001,0.48086502860989566
0.2539639583195794,0.48106324095889896
0.2540543777821178,0.4812614533079023
0.2541510313745676,0.4814596656569056
0.2542505645480281,0.481657878005909
0.25432525562512664,0.4818560903549123
0.25441796820832135,0.48205430270391564
0.2545182928835094,0.48225251505291894
0.25460272189873867,0.4824507274019223
0.25469798845610153,0.4826489397509256
0.25481284402907095,0.48284715209992896
0.25490546068624215,0.48304536444893226
0.254997627164089,0.4832435767979356
0.25509223208541837,0.4834417891469389
0.2551740538209764,0.4836400014959423
0.25528693243460215,0.4838382138449456
0.2553891737618914,0.48403642619394893
0.255481646740611,0.48423463854295223
0.25559018997899485,0.4844328508919556
0.2556831478728703,0.4846310632409589
0.25577816618727567,0.48482927558996225
0.2558874160643887,0.48502748793896555
0.25599222000041844,0.4852257002879689
0.25608384050202165,0.4854239126369722
0.25618649076660893,0.48562212498597557
0.256289914890295,0.48582033733497887
0.25638103897679326,0.48601854968398217
0.25648668828282556,0.48621676203298553
0.2565594340364889,0.48641497438198883
0.25664672277382505,0.4866131867309922
0.25676057538052083,0.4868113990799955
0.2568470453145239,0.48700961142899885
0.25695518291938063,0.48720782377800215
0.25704693499800846,0.4874060361270055
0.2571436314042465,0.4876042484760088
0.25724301063037536,0.48780246082501216
0.25735528607863306,0.48800067317401546
0.2574642363247416,0.4881988855230188
0.25756868057109306,0.4883970978720221
0.2576538596785259,0.4885953102210255
0.25774888320161154,0.4887935225700288
0.2578438054884721,0.48899173491903214
0.25794545216625225,0.48918994726803544
0.2580509199691029,0.4893881596170388
0.2581382036078294,0.4895863719660421
0.2582347715826942,0.48978458431504546
0.25832892307788774,0.48998279666404876
0.25843189315086207,0.4901810090130521
0.2585340962477225,0.4903792213620554
0.25864430850011433,0.4905774337110588
0.25873576372442864,0.4907756460600621
0.2588322216203352,0.49097385840906543
0.25894682221628923,0.49117207075806874
0.25903982846496965,0.4913702831070721
0.25914982876935194,0.4915684954560754
0.25925287245840206,0.49176670780507875
0.25934756894309907,0.49196492015408205
0.2594592860037055,0.49216313250308535
0.2595645067432519,0.4923613448520887
0.2596506527676376,0.492559557201092
0.2597533929610422,0.49275776955009537
0.25986044036761535,0.49295598189909867
0.25997533965623787,0.49315419424810203
0.260058400286688,0.49335240659710533
0.26017158485551367,0.4935506189461087
0.26026702951716585,0.493748831295112
0.2603729626877318,0.49394704364411535
0.2604667288675987,0.49414525599311865
0.26056914810816206,0.494343468342122
0.2606576306087983,0.4945416806911253
0.26075476624208316,0.49473989304012866
0.26085637434341197,0.49493810538913197
0.2609748593936669,0.4951363177381353
0.2610823121457994,0.4953345300871386
0.261185216815713,0.495532742436142
0.26128241475379205,0.4957309547851453
0.26138633794068356,0.49592916713414864
0.26149206910435796,0.49612737948315194
0.2615971571711241,0.4963255918321553
0.2616829438428522,0.4965238041811586
0.2617869774115077,0.49672201653016196
0.26187729145639743,0.49692022887916526
0.2619816682146788,0.4971184412281686
0.26208301060938993,0.4973166535771719
0.26217160668156403,0.4975148659261753
0.26228075335584794,0.4977130782751786
0.2623811564765989,0.4979112906241819
0.2624871621619639,0.49810950297318524
0.26258455429285826,0.49830771532218854
0.26267889497753033,0.4985059276711919
0.26277829532756414,0.4987041400201952
0.2628814217645425,0.49890235236919855
0.2629746230802336,0.49910056471820186
0.26306009793873647,0.4992987770672052
0.26316822091254105,0.4994969894162085
0.2632620017943002,0.49969520176521187
0.26335111214596957,0.4998934141142152
0.263439857223998,0.5000916264632185
0.26355533456852387,0.5002898388122219
0.26365179169040087,0.5004880511612252
0.26376472257818584,0.5006862635102285
0.2638599802657814,0.5008844758592318
0.2639628937398903,0.5010826882082352
0.26407553563114433,0.5012809005572385
0.2641797818172453,0.5014791129062418
0.2642850245835276,0.5016773252552451
0.26438220316902417,0.5018755376042485
0.2644940535641845,0.5020737499532518
0.264588345908831,0.5022719623022551
0.2646875791097456,0.5024701746512584
0.264811237247737,0.5026683870002618
0.2649192663954847,0.5028665993492651
0.26501936851912966,0.5030648116982684
0.2651506419677078,0.5032630240472717
0.26525126734125193,0.5034612363962752
0.2653498635693834,0.5036594487452785
0.2654475185797535,0.5038576610942818
0.2655626210227185,0.5040558734432851
0.2656598008486269,0.5042540857922884
0.2657585388142322,0.5044522981412918
0.2658567956064726,0.5046505104902951
0.26594031935839035,0.5048487228392984
0.26603505929569027,0.5050469351883017
0.26614680004435454,0.5052451475373051
0.266245525710969,0.5054433598863084
0.2663447269075155,0.5056415722353117
0.26642699523786,0.505839784584315
0.26651641357533645,0.5060379969333184
0.2666353536392425,0.5062362092823217
0.2667317725337008,0.506434421631325
0.2668360862365591,0.5066326339803283
0.26693488168524493,0.5068308463293317
0.2670379428680847,0.507029058678335
0.2671314722348514,0.5072272710273383
0.2672384896805998,0.5074254833763416
0.2673316090414875,0.507623695725345
0.26745672760603517,0.5078219080743483
0.26756914794897246,0.5080201204233517
0.26767026851831116,0.508218332772355
0.26778143581058583,0.5084165451213584
0.2678879416437609,0.5086147574703617
0.26799180642845866,0.508812969819365
0.2680920191697537,0.5090111821683683
0.2681884939908812,0.5092093945173717
0.26828359032609,0.509407606866375
0.2683859412100243,0.5096058192153783
0.2684812629927423,0.5098040315643816
0.2685605214629006,0.5100022439133849
0.2686539044677599,0.5102004562623883
0.26875578859018034,0.5103986686113916
0.2688506835705766,0.5105968809603949
0.26895136526153873,0.5107950933093982
0.2690518466683215,0.5109933056584016
0.26914968615825274,0.5111915180074049
0.26924567506064356,0.5113897303564082
0.26933987884150395,0.5115879427054115
0.2694489603823301,0.5117861550544149
0.2695606866404377,0.5119843674034182
0.2696560045471724,0.5121825797524215
0.2697501606403169,0.5123807921014248
0.26983773228601954,0.5125790044504283
0.2699412541894152,0.5127772167994316
0.2700224675942692,0.5129754291484349
0.2701175363353328,0.5131736414974382
0.27022291903374124,0.5133718538464416
0.2703207553640606,0.5135700661954449
0.27041319971263666,0.5137682785444482
0.2705113110519941,0.5139664908934515
0.27060813137565537,0.5141647032424549
0.27072567008130877,0.5143629155914582
0.27083798675170595,0.5145611279404615
0.27092194747859205,0.5147593402894648
0.27103235437037393,0.5149575526384682
0.27112910184349864,0.5151557649874715
0.2712394407752818,0.5153539773364748
0.27134907345785664,0.5155521896854781
0.27144452817795817,0.5157504020344814
0.27156113101176055,0.5159486143834848
0.2716659627969055,0.5161468267324881
0.2717759255583097,0.5163450390814914
0.2718832872043544,0.5165432514304947
0.2719880558526909,0.5167414637794981
0.2720935357521714,0.5169396761285014
0.27220501088520793,0.5171378884775047
0.27230910252440976,0.517336100826508
0.27241905221122303,0.5175343131755115
0.2725187272112778,0.5177325255245148
0.27263289892471104,0.5179307378735181
0.27276460100975003,0.5181289502225214
0.2728614223499259,0.5183271625715248
0.27297550538760956,0.5185253749205281
0.2730683784066703,0.5187235872695314
0.273193863028953,0.5189217996185347
0.2733015548507366,0.5191200119675381
0.2733996533797584,0.5193182243165414
0.2734940169918851,0.5195164366655447
0.2735958522275893,0.519714649014548
0.27370364901427735,0.5199128613635514
0.273807989229008,0.5201110737125547
0.2739086448425475,0.520309286061558
0.2740109031563658,0.5205074984105613
0.27411012047020916,0.5207057107595647
0.2742132986984603,0.520903923108568
0.27432310046402825,0.5211021354575713
0.27441579455626935,0.5213003478065746
0.27450625256939304,0.5214985601555779
0.27460509884873147,0.5216967725045814
0.2747011320640863,0.5218949848535847
0.2748097754437457,0.522093197202588
0.2749136896030461,0.5222914095515913
0.27501274514566054,0.5224896219005947
0.2751215273306767,0.522687834249598
0.27522072810922943,0.5228860465986013
0.27529981252949154,0.5230842589476046
0.27539774748136864,0.523282471296608
0.2755310384273248,0.5234806836456113
0.2756337945653964,0.5236788959946146
0.2757296264070895,0.5238771083436179
0.2758337138836421,0.5240753206926213
0.275960958679342,0.5242735330416246
0.27606355895668055,0.5244717453906279
0.2761758692995314,0.5246699577396312
0.27628671525600007,0.5248681700886346
0.27639629924265485,0.5250663824376379
0.2765024261201607,0.5252645947866412
0.2766043311778701,0.5254628071356445
0.276700727008739,0.5256610194846479
0.27682139528233035,0.5258592318336512
0.27693639222506117,0.5260574441826545
0.27704456106725567,0.5262556565316578
0.2771611031904501,0.5264538688806613
0.27726732386346065,0.5266520812296646
0.27735852455219373,0.5268502935786679
0.2774642501811871,0.5270485059276712
0.2775673424713757,0.5272467182766746
0.2776865913724532,0.5274449306256779
0.27778828188671545,0.5276431429746812
0.27789773216222385,0.5278413553236845
0.278032304086953,0.5280395676726878
0.2781269482962686,0.5282377800216912
0.27823971567078587,0.5284359923706945
0.27833637436517866,0.5286342047196978
0.27844175334876237,0.5288324170687011
0.27854055558476165,0.5290306294177045
0.27866123661583314,0.5292288417667078
0.27878353802652395,0.5294270541157111
0.27889290427937824,0.5296252664647144
0.2789959124598237,0.5298234788137178
0.2791056920790243,0.5300216911627211
0.2792055831379387,0.5302199035117244
0.27930412692589923,0.5304181158607277
0.2793976063543759,0.5306163282097311
0.2794988655505528,0.5308145405587344
0.279604972243685,0.5310127529077378
0.2797012720900951,0.531210965256741
0.27982054257347866,0.5314091776057445
0.2799490110002252,0.5316073899547478
0.28004843246931027,0.5318056023037511
0.2801634551493226,0.5320038146527544
0.2802907568618244,0.5322020270017578
0.2804006565815006,0.5324002393507611
0.2805061787770244,0.5325984516997644
0.2806107011210951,0.5327966640487677
0.2807120248165999,0.5329948763977711
0.28083430890605465,0.5331930887467744
0.28094801983292744,0.5333913010957777
0.2810520022135867,0.533589513444781
0.281162379916239,0.5337877257937843
0.281267523879826,0.5339859381427877
0.2813773881200286,0.534184150491791
0.28145392300284944,0.5343823628407943
0.2815619730298387,0.5345805751897976
0.28167210652566227,0.534778787538801
0.2817979480532707,0.5349769998878043
0.28190773694236354,0.5351752122368076
0.2820093361775957,0.5353734245858109
0.28211251031393286,0.5355716369348144
0.2822312979607764,0.5357698492838177
0.28233982095320354,0.535968061632821
0.2824320908350884,0.5361662739818243
0.2825505590828011,0.5363644863308277
0.2826652957890541,0.536562698679831
0.2827681956666369,0.5367609110288343
0.2828695531347711,0.5369591233778376
0.28300232028222877,0.537157335726841
0.28311595022188873,0.5373555480758443
0.283220741981057,0.5375537604248476
0.2833198029327022,0.5377519727738509
0.28341368018756624,0.5379501851228543
0.28350711699649506,0.5381483974718576
0.28361416433180503,0.5383466098208609
0.28371522641127733,0.5385448221698642
0.28380701467287917,0.5387430345188676
0.28389961849326695,0.5389412468678709
0.2839980819987555,0.5391394592168742
0.28411016316654786,0.5393376715658775
0.2842144189237878,0.5395358839148808
0.28432185238890656,0.5397340962638842
0.28443092536172554,0.5399323086128875
0.2845111808749534,0.5401305209618908
0.2846208954393142,0.5403287333108941
0.28471925518387375,0.5405269456598976
0.2848270742833962,0.5407251580089009
0.28492803719092513,0.5409233703579042
0.28502857212427546,0.5411215827069075
0.28513198620686064,0.5413197950559109
0.285235683083278,0.5415180074049142
0.28535034754934524,0.5417162197539175
0.28546099001641406,0.5419144321029208
0.2855650669344419,0.5421126444519242
0.2856886624014286,0.5423108568009275
0.28579406359800713,0.5425090691499308
0.2858910701339178,0.5427072814989341
0.28599159430123167,0.5429054938479375
0.286086817096628,0.5431037061969408
0.2861894122960352,0.5433019185459441
0.28630044968160706,0.5435001308949474
0.28640811643577835,0.5436983432439508
0.2865227059043941,0.5438965555929541
0.2866351257548119,0.5440947679419574
0.2867330824571125,0.5442929802909607
0.2868374509796675,0.5444911926399641
0.28693799301522327,0.5446894049889675
0.28703554505761,0.5448876173379708
0.28713479731019204,0.545085829686974
0.2872352596142458,0.5452840420359774
0.2873484226498352,0.5454822543849808
0.28745660001509205,0.5456804667339841
0.28754402344610563,0.5458786790829874
0.28765175623851935,0.5460768914319907
0.28775709046404696,0.5462751037809941
0.2878772104488484,0.5464733161299974
0.2879876325127914,0.5466715284790007
0.288089520464234,0.546869740828004
0.28821174776705444,0.5470679531770074
0.2883121471718088,0.5472661655260107
0.2884130836212658,0.547464377875014
0.2885453333205048,0.5476625902240173
0.28864437994789915,0.5478608025730207
0.2887536668407664,0.548059014922024
0.28885740159713025,0.5482572272710273
0.28896247148125537,0.5484554396200306
0.2890589950416666,0.548653651969034
0.28917787429231173,0.5488518643180373
0.28929171390219754,0.5490500766670406
0.28940855245576824,0.549248289016044
0.2895099490821536,0.5494465013650474
0.28963369635128855,0.5496447137140507
0.2897435935639277,0.549842926063054
0.28985827974703854,0.5500411384120573
0.2899622162773565,0.5502393507610607
0.2901026433129072,0.550437563110064
0.29020974258594673,0.5506357754590673
0.2903118713599838,0.5508339878080706
0.29040613478407984,0.5510322001570739
0.29050322394821404,0.5512304125060773
0.2906095950541009,0.5514286248550806
0.2907121719047118,0.5516268372040839
0.29082384766551983,0.5518250495530872
0.29092551587548854,0.5520232619020906
0.2910224813944535,0.5522214742510939
0.2911286364503762,0.5524196866000972
0.29123743450411144,0.5526178989491005
0.2913356809012938,0.5528161112981039
0.29145658807689967,0.5530143236471072
0.2915602550194626,0.5532125359961105
0.291666138514194,0.5534107483451138
0.29180358425305114,0.5536089606941172
0.2918979632980636,0.5538071730431205
0.29200652650729003,0.5540053853921239
0.2921093846053614,0.5542035977411272
0.2922175116697424,0.5544018100901306
0.2923226861505375,0.5546000224391339
0.29245181945065396,0.5547982347881372
0.29256076856286933,0.5549964471371405
0.29267835443479506,0.5551946594861439
0.29279574812009995,0.5553928718351472
0.2929051096466292,0.5555910841841505
0.29302779943271656,0.5557892965331538
0.2931452254228972,0.5559875088821572
0.29326011138709396,0.5561857212311605
0.29338334670397687,0.5563839335801638
0.29348860378761094,0.5565821459291671
0.29359353700017665,0.5567803582781705
0.2937104386645769,0.5569785706271738
0.2938176780336361,0.5571767829761771
0.29393485896850347,0.5573749953251804
0.2940449732236162,0.5575732076741837
0.29415870627725293,0.5577714200231871
0.29426455773289945,0.5579696323721904
0.2943959821910678,0.5581678447211937
0.29449554198915207,0.558366057070197
0.29459638855251197,0.5585642694192005
0.29469936920468665,0.5587624817682038
0.29480490149070004,0.5589606941172071
0.294929668139929,0.5591589064662104
0.29503490232075097,0.5593571188152138
0.29513993261456767,0.5595553311642171
0.2952571466576184,0.5597535435132204
0.29538148033162986,0.5599517558622237
0.295483231892345,0.5601499682112271
0.2955923731489794,0.5603481805602304
0.29570749345438624,0.5605463929092337
0.29581607226666745,0.560744605258237
0.2959230587251609,0.5609428176072404
0.2960405578528949,0.5611410299562437
0.2961429823536413,0.561339242305247
0.2962613603671196,0.5615374546542503
0.2963619050276364,0.5617356670032537
0.2964751761629946,0.561933879352257
0.2965758215820034,0.5621320917012603
0.2966934766259296,0.5623303040502636
0.2967962466473541,0.562528516399267
0.29688984091756115,0.5627267287482703
0.2970174016031648,0.5629249410972736
0.2971252399943703,0.563123153446277
0.2972418430417077,0.5633213657952802
0.29736571648844556,0.5635195781442837
0.2974620906271378,0.563717790493287
0.2975740851997783,0.5639160028422903
0.29767772459253444,0.5641142151912936
0.29779994786995384,0.564312427540297
0.29790973044217944,0.5645106398893003
0.2980224773297463,0.5647088522383036
0.29812886200364297,0.5649070645873069
0.29823595170695966,0.5651052769363103
0.2983475256570208,0.5653034892853136
0.29846310051764424,0.5655017016343169
0.29856455193896114,0.5656999139833202
0.2986572826922438,0.5658981263323236
0.2987713889063786,0.5660963386813269
0.29886558191258744,0.5662945510303302
0.2989648300315575,0.5664927633793335
0.29907336681715024,0.5666909757283369
0.29917474655488235,0.5668891880773402
0.29926290805180694,0.5670874004263435
0.29936752469204536,0.5672856127753468
0.29948619331591775,0.5674838251243502
0.2995932480181097,0.5676820374733536
0.2996881529584032,0.5678802498223569
0.29980954424321404,0.5680784621713602
0.2999115443610763,0.5682766745203636
0.3000294518201938,0.5684748868693669
0.3001323651208504,0.5686730992183702
0.30024505478806596,0.5688713115673735
0.3003631138540971,0.5690695239163768
0.30047485963440995,0.5692677362653802
0.3005764613828585,0.5694659486143835
0.30069335671616304,0.5696641609633868
0.30079878266352067,0.5698623733123901
0.3009042932970827,0.5700605856613935
0.30102881906850915,0.5702587980103968
0.3011411488272453,0.5704570103594001
0.30125146037099493,0.5706552227084034
0.30135276585547305,0.5708534350574068
0.30145512840428096,0.5710516474064101
0.30156517862010884,0.5712498597554134
0.3016838632591303,0.5714480721044167
0.3017951873656869,0.5716462844534201
0.30190507423857565,0.5718444968024234
0.30202290101694695,0.5720427091514267
0.3021504941009201,0.57224092150043
0.3022471347913734,0.5724391338494335
0.30235653216531166,0.5726373461984368
0.30247576062927,0.5728355585474401
0.30259473097758766,0.5730337708964434
0.3027152443852612,0.5732319832454468
0.3028322492595827,0.5734301955944501
0.30295131750033627,0.5736284079434534
0.3030573986209263,0.5738266202924567
0.30317590552310486,0.5740248326414601
0.3032986204805375,0.5742230449904634
0.30340869472020343,0.5744212573394667
0.3035285289861117,0.57461946968847
0.3036481039038101,0.5748176820374733
0.30375217683805694,0.5750158943864767
0.3038636455514263,0.57521410673548
0.30399522994043127,0.5754123190844833
0.3041161463587562,0.5756105314334866
0.3042568876648102,0.57580874378249
0.30437429509768793,0.5760069561314933
0.30447435754161184,0.5762051684804966
0.30457188463764095,0.5764033808294999
0.3046883601913048,0.5766015931785033
0.3047898041063048,0.5767998055275066
0.30489832855658394,0.57699801787651
0.30502732973511504,0.5771962302255133
0.305151404464702,0.5773944425745167
0.3052725802617342,0.57759265492352
0.305377139679502,0.5777908672725233
0.30549219261678356,0.5779890796215266
0.30560612893415606,0.57818729197053
0.3057271053806495,0.5783855043195333
0.305832366951032,0.5785837166685366
0.30594675533856214,0.5787819290175399
0.30605677028357875,0.5789801413665433
0.30615254304965633,0.5791783537155466
0.3062591531048976,0.5793765660645499
0.3063633124761622,0.5795747784135532
0.3064699578471415,0.5797729907625566
0.3065694864657751,0.5799712031115599
0.30669066868731026,0.5801694154605632
0.30680020647737866,0.5803676278095665
0.3069042946579624,0.5805658401585699
0.30701086973945446,0.5807640525075732
0.30710880915544125,0.5809622648565765
0.3072114031925214,0.5811604772055798
0.30732099594077017,0.5813586895545831
0.3074340438658085,0.5815569019035866
0.30755579774034464,0.5817551142525899
0.3076583541779343,0.5819533266015932
0.30777913069737395,0.5821515389505965
0.30787613283189036,0.5823497512995999
0.30798265189953417,0.5825479636486032
0.3080910376168959,0.5827461759976065
0.3082099684495406,0.5829443883466098
0.308320183683515,0.5831426006956132
0.3084337325594538,0.5833408130446165
0.3085549100084402,0.5835390253936198
0.3086737611671535,0.5837372377426231
0.30879305885550257,0.5839354500916265
0.3089127140974739,0.5841336624406298
0.3090203427930425,0.5843318747896331
0.3091341480494133,0.5845300871386364
0.3092455898567402,0.5847282994876398
0.3093522009676021,0.5849265118366431
0.3094676759561582,0.5851247241856464
0.3096000949918013,0.5853229365346497
0.3097233319970312,0.5855211488836531
0.3098411574097289,0.5857193612326564
0.30996585797591664,0.5859175735816597
0.31008941072227325,0.586115785930663
0.31020786741245854,0.5863139982796665
0.31031562056954837,0.5865122106286698
0.3104128673810766,0.5867104229776731
0.3105437748291976,0.5869086353266764
0.3106530609891431,0.5871068476756797
0.31077221141064026,0.5873050600246831
0.3109009045917488,0.5875032723736864
0.31101229868610625,0.5877014847226897
0.3111166823125333,0.587899697071693
0.3112305868677005,0.5880979094206964
0.31135148361482423,0.5882961217696997
0.31147355153868017,0.588494334118703
0.31159786982801463,0.5886925464677063
0.3117060227949886,0.5888907588167097
0.31181100053658334,0.589088971165713
0.31193383066060704,0.5892871835147163
0.3120619207362883,0.5894853958637196
0.31218096051370825,0.589683608212723
0.31231595015572505,0.5898818205617263
0.3124391773591194,0.5900800329107296
0.3125456085627523,0.5902782452597329
0.3126724625792838,0.5904764576087363
0.3127743596830456,0.5906746699577397
0.3128824061335491,0.590872882306743
0.3130146017300814,0.5910710946557463
0.3131420719774623,0.5912693070047497
0.31325713091362417,0.591467519353753
0.3133690212564779,0.5916657317027563
0.3134821948166325,0.5918639440517596
0.31360209597477073,0.592062156400763
0.3137263631806281,0.5922603687497663
0.31382756138592377,0.5924585810987696
0.3139490694618172,0.5926567934477729
0.31406138088570873,0.5928550057967762
0.3141744141069735,0.5930532181457796
0.31429279377623937,0.5932514304947829
0.3144024066714241,0.5934496428437862
0.31453398722180337,0.5936478551927895
0.3146573974038523,0.5938460675417929
0.3147898895839793,0.5940442798907962
0.31491320531139777,0.5942424922397995
0.31502620491524325,0.5944407045888028
0.31514952202939334,0.5946389169378062
0.3152684637467246,0.5948371292868095
0.31538124322629146,0.5950353416358128
0.3154986844055826,0.5952335539848161
0.31562500150722644,0.5954317663338196
0.31575955806480516,0.5956299786828229
0.31588735619168923,0.5958281910318262
0.31601380726804523,0.5960264033808295
0.3161454370318604,0.5962246157298329
0.3162621876130159,0.5964228280788362
0.31638117492720585,0.5966210404278395
0.3164852428428594,0.5968192527768428
0.31660382168408985,0.5970174651258462
0.3167247804306409,0.5972156774748495
0.3168452413895941,0.5974138898238528
0.31697401467340164,0.5976121021728561
0.31709453545047545,0.5978103145218595
0.3172384245310523,0.5980085268708628
0.317379440413814,0.5982067392198661
0.31751870227106543,0.5984049515688694
0.31764208325246535,0.5986031639178727
0.31776255357314037,0.5988013762668761
0.3178833527359184,0.5989995886158794
0.31798911333534746,0.5991978009648827
0.3181046758632315,0.599396013313886
0.31822836682402716,0.5995942256628894
0.3183486279525902,0.5997924380118927
0.3184543300667111,0.599990650360896
0.31857456949346186,0.6001888627098994
0.31872258580698776,0.6003870750589028
0.31882757921098576,0.6005852874079061
0.31894935738562163,0.6007834997569094
0.31906808608244447,0.6009817121059127
0.3191878614931658,0.6011799244549161
0.3193237257225671,0.6013781368039194
0.31943173337145864,0.6015763491529227
0.31954434277747296,0.601774561501926
0.31964716741177546,0.6019727738509294
0.31975048987441745,0.6021709861999327
0.31989268359163736,0.602369198548936
0.3200231940547498,0.6025674108979393
0.32015894867796346,0.6027656232469427
0.3202898452318406,0.602963835595946
0.32039927687427183,0.6031620479449493
0.32053504522197623,0.6033602602939526
0.320659948216492,0.603558472642956
0.32076274373912156,0.6037566849919593
0.3208798073114758,0.6039548973409626
0.32098673147113105,0.6041531096899659
0.32112706447109785,0.6043513220389692
0.32124055676003815,0.6045495343879727
0.32136387746569917,0.604747746736976
0.3214941766033512,0.6049459590859793
0.32160681309920086,0.6051441714349826
0.32172421576581905,0.605342383783986
0.3218471346148487,0.6055405961329893
0.3219616637800212,0.6057388084819926
0.3220707080232393,0.6059370208309959
0.3221987690751371,0.6061352331799993
0.32232232833056235,0.6063334455290026
0.32243527233495967,0.6065316578780059
0.3225593798324443,0.6067298702270092
0.32267456135453243,0.6069280825760126
0.3227881949508177,0.6071262949250159
0.3229119735577905,0.6073245072740192
0.32303933244339417,0.6075227196230225
0.3231575313783875,0.6077209319720259
0.32327873003199115,0.6079191443210292
0.3233908992290093,0.6081173566700325
0.32351715480258947,0.6083155690190358
0.3236350767814485,0.6085137813680392
0.3237497498640275,0.6087119937170425
0.32387250590975014,0.6089102060660458
0.32397531874973107,0.6091084184150491
0.32410185115928725,0.6093066307640526
0.32422649060229874,0.6095048431130559
0.3243521747338375,0.6097030554620592
0.32446462795967845,0.6099012678110625
0.324584088935854,0.6100994801600659
0.3246986179851855,0.6102976925090692
0.32482561463230275,0.6104959048580725
0.3249404636627749,0.6106941172070758
0.32508480945070123,0.6108923295560791
0.3251841461626397,0.6110905419050825
0.3253188030345583,0.6112887542540858
0.32543048071477826,0.6114869666030891
0.3255293890351732,0.6116851789520924
0.3256493980467314,0.6118833913010958
0.3257526625913753,0.6120816036500991
0.3258964518963209,0.6122798159991024
0.3260012688101777,0.6124780283481057
0.3261274109358071,0.6126762406971091
0.32624898347269077,0.6128744530461124
0.32635759671271053,0.6130726653951157
0.3264852689133302,0.613270877744119
0.32661042081895886,0.6134690900931224
0.32673256174238935,0.6136673024421258
0.32684460338309007,0.613865514791129
0.3269532227260856,0.6140637271401324
0.3270952008155777,0.6142619394891358
0.3272239297339312,0.6144601518381391
0.3273315974493845,0.6146583641871424
0.32745112125857945,0.6148565765361457
0.32757051101736084,0.6150547888851491
0.3277067008856208,0.6152530012341524
0.3278306616249568,0.6154512135831557
0.32794804117984816,0.615649425932159
0.3280437528876289,0.6158476382811624
0.32814629213871255,0.6160458506301657
0.3282991948782696,0.616244062979169
0.32843207046073936,0.6164422753281723
0.3285562687827342,0.6166404876771756
0.328693136849749,0.616838700026179
0.3288029275105455,0.6170369123751823
0.32892827440882777,0.6172351247241856
0.3290340845134812,0.6174333370731889
0.32914116383124936,0.6176315494221923
0.3292498098209694,0.6178297617711956
0.32936573814507014,0.6180279741201989
0.32950564746647293,0.6182261864692022
0.3296305246087729,0.6184243988182057
0.329765705711114,0.618622611167209
0.3298778191160214,0.6188208235162123
0.32998469124352436,0.6190190358652156
0.3301047846542255,0.619217248214219
0.33022689843434544,0.6194154605632223
0.33033929486680413,0.6196136729122256
0.33047479567371174,0.6198118852612289
0.3306257175965582,0.6200100976102323
0.33074926998330084,0.6202083099592356
0.33087122266918784,0.6204065223082389
0.3309915721376064,0.6206047346572422
0.33113509063124574,0.6208029470062456
0.33125770244231395,0.6210011593552489
0.3313970016705489,0.6211993717042522
0.3315204829731692,0.6213975840532555
0.3316435202602224,0.6215957964022589
0.3317867898725272,0.6217940087512622
0.3319293083983043,0.6219922211002655
0.3320578599302631,0.6221904334492688
0.3321782568835405,0.6223886457982721
0.33229349754073434,0.6225868581472755
0.33240076743105046,0.6227850704962788
0.3325413214528732,0.6229832828452821
0.3326863154348032,0.6231814951942855
0.33281910817332105,0.6233797075432889
0.3329484325429439,0.6235779198922922
0.33309356335868007,0.6237761322412955
0.33324279175366434,0.6239743445902988
0.3333668548813347,0.6241725569393022
0.3334870429843138,0.6243707692883055
0.3336342663829959,0.6245689816373088
0.3337581677456908,0.6247671939863121
0.3339023548647204,0.6249654063353155
0.33402565407969553,0.6251636186843188
0.33415690603051973,0.6253618310333221
0.3342934729832077,0.6255600433823254
0.33442856679764804,0.6257582557313288
0.33457590373684026,0.6259564680803321
0.3347023399832406,0.6261546804293354
0.3348124845936876,0.6263528927783387
0.33493955536748415,0.6265511051273421
0.3350671352971435,0.6267493174763454
0.3351974911579986,0.6269475298253487
0.33532016794641545,0.627145742174352
0.3354553399995862,0.6273439545233555
0.3355810413469133,0.6275421668723588
0.33570357533120876,0.627740379221362
0.3358140017597934,0.6279385915703654
0.3359507176327031,0.6281368039193687
0.33608441144316414,0.6283350162683721
0.3362158238900972,0.6285332286173754
0.33636053062102705,0.6287314409663787
0.3364843804791222,0.628929653315382
0.33661443665511726,0.6291278656643854
0.33674192777454814,0.6293260780133887
0.3368576899250559,0.629524290362392
0.3369791822041223,0.6297225027113953
0.337129040060527,0.6299207150603987
0.3372560472084649,0.630118927409402
0.33739562443282634,0.6303171397584053
0.33750014067882866,0.6305153521074086
0.3376511090898347,0.630713564456412
0.33778174191700944,0.6309117768054153
0.3379044974560456,0.6311099891544186
0.33804039566826305,0.6313082015034219
0.3381560989989002,0.6315064138524253
0.33828113324942477,0.6317046262014286
0.3384091974185206,0.631902838550432
0.33853712199658903,0.6321010508994352
0.33863900324869795,0.6322992632484387
0.33874932306589495,0.632497475597442
0.3388843383833562,0.6326956879464453
0.33900918174150757,0.6328939002954486
0.33914292087306463,0.633092112644452
0.3392813021165111,0.6332903249934553
0.3393940734393008,0.6334885373424586
0.33953099562420824,0.6336867496914619
0.33965704272132596,0.6338849620404652
0.33978692732247867,0.6340831743894686
0.3399071681289922,0.6342813867384719
0.34003143870685243,0.6344795990874752
0.34015793606418543,0.6346778114364785
0.3402840070707927,0.6348760237854819
0.3404105078357052,0.6350742361344852
0.3405225580251964,0.6352724484834885
0.3406646433355804,0.6354706608324918
0.3407936423593478,0.6356688731814952
0.34091607622555525,0.6358670855304985
0.3410477030358801,0.6360652978795018
0.3411873276468278,0.6362635102285051
0.34131993002578515,0.6364617225775085
0.3414357405717528,0.6366599349265119
0.34156378080945576,0.6368581472755152
0.3416753047566933,0.6370563596245185
0.3418180461191986,0.6372545719735219
0.3419390675264712,0.6374527843225252
0.3420782899917332,0.6376509966715285
0.3422039679251531,0.6378492090205318
0.34233991328143304,0.6380474213695352
0.3424461120514351,0.6382456337185385
0.34256559000142867,0.6384438460675418
0.34269781670616517,0.6386420584165451
0.3428293527829125,0.6388402707655485
0.34297751737804183,0.6390384831145518
0.34310210920720485,0.6392366954635551
0.34323045541538044,0.6394349078125584
0.3433716691583309,0.6396331201615618
0.34348724765247046,0.6398313325105651
0.34362378049555387,0.6400295448595684
0.3437729497838528,0.6402277572085717
0.3438909499562538,0.640425969557575
0.34400540363137566,0.6406241819065784
0.344134215350221,0.6408223942555817
0.3442603802067016,0.641020606604585
0.34437474426851117,0.6412188189535883
0.34450017417036644,0.6414170313025918
0.34462810278578493,0.6416152436515951
0.34475949861779126,0.6418134560005984
0.3449113965134059,0.6420116683496017
0.34503130657883213,0.6422098806986051
0.34516142624337204,0.6424080930476084
0.34529236413705333,0.6426063053966117
0.345417621074957,0.642804517745615
0.3455540778135443,0.6430027300946184
0.3456882814211784,0.6432009424436217
0.34583147682599735,0.643399154792625
0.34597680856101315,0.6435973671416283
0.34613324287157965,0.6437955794906317
0.3462508562426162,0.643993791839635
0.3463894834056376,0.6441920041886383
0.34653081051769885,0.6443902165376416
0.34665864431376103,0.644588428886645
0.3467624297768607,0.6447866412356483
0.3468937685633412,0.6449848535846516
0.3470435963826759,0.6451830659336549
0.34717331100420556,0.6453812782826583
0.34730819832755666,0.6455794906316616
0.34746063809807665,0.645777702980665
0.34759493852577494,0.6459759153296682
0.3477264453191077,0.6461741276786716
0.34783668128944706,0.646372340027675
0.34796970774470404,0.6465705523766783
0.348094005775299,0.6467687647256816
0.34822665697499733,0.6469669770746849
0.3483806692604993,0.6471651894236883
0.3485076527577352,0.6473634017726916
0.3486334613734471,0.6475616141216949
0.34876174611886596,0.6477598264706982
0.34890312353272873,0.6479580388197016
0.3490351330167994,0.6481562511687049
0.34916426203213197,0.6483544635177082
0.3493174078489995,0.6485526758667115
0.34943291794174447,0.6487508882157149
0.3495738147506853,0.6489491005647182
0.3497138515581799,0.6491473129137215
0.34986229218324794,0.6493455252627248
0.34998804342635426,0.6495437376117282
0.35012345252130933,0.6497419499607315
0.3502628825634338,0.6499401623097348
0.35040835357625366,0.6501383746587381
0.3505336761537029,0.6503365870077416
0.35064216158214684,0.6505347993567449
0.350780398568118,0.6507330117057482
0.35091356356802056,0.6509312240547515
0.3510364180999287,0.6511294364037549
0.35117638949690333,0.6513276487527582
0.3512786701693262,0.6515258611017615
0.351397463285845,0.6517240734507648
0.3515455266652292,0.6519222857997681
0.3516600099917424,0.6521204981487715
0.3517741455059035,0.6523187104977748
0.3519189633032847,0.6525169228467781
0.3520749624141186,0.6527151351957814
0.3521895493256179,0.6529133475447848
0.3523547941685539,0.6531115598937881
0.3524867617995788,0.6533097722427914
0.3525872942165619,0.6535079845917947
0.35270662817108506,0.6537061969407981
0.3528755538436356,0.6539044092898014
0.35299524573532054,0.6541026216388047
0.35313437306100387,0.654300833987808
0.35324492652299516,0.6544990463368114
0.3533831540929422,0.6546972586858147
0.3535073620483211,0.654895471034818
0.3536325636033031,0.6550936833838213
0.3537697180060156,0.6552918957328248
0.35391410717493765,0.6554901080818281
0.35404846177000154,0.6556883204308314
0.3541782987162779,0.6558865327798347
0.35430095324643057,0.6560847451288381
0.3544322974557247,0.6562829574778414
0.35457140024087413,0.6564811698268447
0.3546998761175434,0.656679382175848
0.35484496814836,0.6568775945248514
0.3549759815953892,0.6570758068738547
0.35510632573476497,0.657274019222858
0.3552548651645146,0.6574722315718613
0.35540073388936877,0.6576704439208646
0.3555217193259945,0.657868656269868
0.3556529269406228,0.6580668686188713
0.35580480010297216,0.6582650809678746
0.35593122998813553,0.6584632933168779
0.35605413014512133,0.6586615056658813
0.35617973186889645,0.6588597180148846
0.3563176076753469,0.6590579303638879
0.35644222904559725,0.6592561427128912
0.35657983010239863,0.6594543550618946
0.3566940319852119,0.659652567410898
0.3568241480560157,0.6598507797599013
0.356976373026162,0.6600489921089046
0.3571244354796176,0.660247204457908
0.35726569238848355,0.6604454168069113
0.35740262706494647,0.6606436291559146
0.35753908934628875,0.6608418415049179
0.35770292481147875,0.6610400538539213
0.3578496494762336,0.6612382662029246
0.35796510091918565,0.6614364785519279
0.3581228035040226,0.6616346909009312
0.3582710644743903,0.6618329032499346
0.35842266677712176,0.6620311155989379
0.3585759912701241,0.6622293279479412
0.3587174388760393,0.6624275402969445
0.3588561639105599,0.6626257526459479
0.3590073020111526,0.6628239649949512
0.35913945791373225,0.6630221773439545
0.35929761082245065,0.6632203896929578
0.3594494589594258,0.6634186020419611
0.35960961803898045,0.6636168143909645
0.3597573249185045,0.6638150267399678
0.3599023831629498,0.6640132390889711
0.36003962552860436,0.6642114514379744
0.3601660373241359,0.6644096637869779
0.36030075246779614,0.6646078761359812
0.36041487859618204,0.6648060884849845
0.360572641665099,0.6650043008339878
0.36070866265883716,0.6652025131829912
0.36085488537999966,0.6654007255319945
0.36098265420783754,0.6655989378809978
0.36112956575613103,0.6657971502300011
0.3612666540483677,0.6659953625790045
0.36141331274543137,0.6661935749280078
0.36154972194283624,0.6663917872770111
0.36169686489709263,0.6665899996260144
0.36181984722835414,0.6667882119750178
0.36196049530666197,0.6669864243240211
0.36211415505527234,0.6671846366730244
0.3622476255650976,0.6673828490220277
0.3623745180143989,0.6675810613710311
0.36250014676945397,0.6677792737200344
0.362628499558062,0.6679774860690377
0.3627909879879001,0.668175698418041
0.36291839254770447,0.6683739107670444
0.3630382302187788,0.6685721231160477
0.36317239897683323,0.668770335465051
0.3633088400643031,0.6689685478140543
0.3634438019183194,0.6691667601630578
0.3636216672849092,0.6693649725120611
0.3637662493391261,0.6695631848610644
0.3639017799920663,0.6697613972100677
0.36405383986850015,0.669959609559071
0.3641801873163452,0.6701578219080744
0.36430551067821537,0.6703560342570777
0.36447409424668165,0.670554246606081
0.36461578766280417,0.6707524589550843
0.36476110376757576,0.6709506713040877
0.36489905268665884,0.671148883653091
0.3650345848667107,0.6713470960020943
0.36516460421433083,0.6715453083510976
0.3653131259083455,0.671743520700101
0.3654415895837333,0.6719417330491043
0.36558257834366376,0.6721399453981076
0.3657305460830348,0.6723381577471109
0.3658780993018515,0.6725363700961143
0.366025463411343,0.6727345824451176
0.36614341864574007,0.6729327947941209
0.36629302691444343,0.6731310071431242
0.36645472869765733,0.6733292194921277
0.366587171808846,0.673527431841131
0.36675980212967335,0.6737256441901343
0.3669044626430626,0.6739238565391376
0.36702604203676714,0.674122068888141
0.367195749391678,0.6743202812371443
0.3673445861720787,0.6745184935861476
0.3674893987487078,0.6747167059351509
0.3676597019733759,0.6749149182841543
0.3678211498496056,0.6751131306331576
0.36796656798502514,0.6753113429821609
0.36813293437988154,0.6755095553311642
0.36828011070327427,0.6757077676801675
0.3684507962641432,0.6759059800291709
0.3686409742919096,0.6761041923781742
0.36878879529167286,0.6763024047271775
0.3689284892810399,0.6765006170761808
0.3690894180911131,0.6766988294251842
0.3692313199062603,0.6768970417741875
0.36940067064287724,0.6770952541231908
0.3695551772229624,0.6772934664721941
0.3696972092199343,0.6774916788211975
0.3698470785978365,0.6776898911702008
0.36999391248029373,0.6778881035192041
0.3701323593534302,0.6780863158682074
0.3702852083816367,0.6782845282172109
0.3704528214365541,0.6784827405662142
0.37057333026616507,0.6786809529152175
0.3707024646045412,0.6788791652642208
0.3708422653895678,0.6790773776132242
0.3710059004897581,0.6792755899622275
0.37115580787127006,0.6794738023112308
0.3712819834518339,0.6796720146602341
0.3714018210152122,0.6798702270092375
0.37155430519571137,0.6800684393582408
0.37167780752603874,0.6802666517072441
0.37184320765770423,0.6804648640562474
0.37201956253097995,0.6806630764052508
0.37218812072746266,0.6808612887542541
0.37232920275779186,0.6810595011032574
0.37246756284415117,0.6812577134522607
0.37263534124632103,0.681455925801264
0.3728013656752608,0.6816541381502674
0.3729596121906613,0.6818523504992707
0.3731026946447908,0.682050562848274
0.37324706722407736,0.6822487751972773
0.373393311764416,0.6824469875462807
0.37352974367205466,0.682645199895284
0.3736550507949959,0.6828434122442874
0.3737774960482554,0.6830416245932907
0.3739038218989544,0.6832398369422941
0.374060954933881,0.6834380492912974
0.3742088846014058,0.6836362616403007
0.37437300011395463,0.683834473989304
0.3745239425982129,0.6840326863383074
0.374663618489432,0.6842308986873107
0.37480469206674316,0.684429111036314
0.3749617988794272,0.6846273233853173
0.3751212185141899,0.6848255357343207
0.37525456050544537,0.685023748083324
0.37539116060789224,0.6852219604323273
0.3755449385507457,0.6854201727813306
0.37569196860403975,0.685618385130334
0.37583144754758613,0.6858165974793373
0.37599751535414433,0.6860148098283406
0.37612042560472764,0.6862130221773439
0.3762818233533801,0.6864112345263473
0.3764191654196715,0.6866094468753506
0.37657325164790606,0.6868076592243539
0.3767167095884995,0.6870058715733572
0.3768795292513664,0.6872040839223605
0.37703886429916017,0.687402296271364
0.3772075071698791,0.6876005086203673
0.3773777668310018,0.6877987209693706
0.37752161969145037,0.6879969333183739
0.377685784052725,0.6881951456673773
0.37783221181386983,0.6883933580163806
0.37800238137402165,0.6885915703653839
0.37814281237164493,0.6887897827143872
0.3783024488589729,0.6889879950633906
0.3784537614112399,0.6891862074123939
0.3785906098283444,0.6893844197613972
0.3787177097207164,0.6895826321104005
0.37888687498635015,0.6897808444594039
0.3790241116027775,0.6899790568084072
0.3791827402784665,0.6901772691574105
0.37932304564865155,0.6903754815064138
0.3794918510801004,0.6905736938554172
0.3796334178221043,0.6907719062044205
0.3797835775610062,0.6909701185534238
0.3799414412109301,0.6911683309024271
0.3800733463596456,0.6913665432514305
0.3802392880579426,0.6915647556004338
0.38037079110831856,0.6917629679494371
0.38049705405145373,0.6919611802984404
0.38065008578765275,0.6921593926474439
0.3807970324239858,0.6923576049964472
0.3809649637597201,0.6925558173454505
0.3811292954469647,0.6927540296944538
0.3812828761485303,0.6929522420434571
0.3814781494831945,0.6931504543924605
0.38163917529714647,0.6933486667414638
0.3818132941727988,0.6935468790904671
0.38197053424257155,0.6937450914394704
0.38211961240155373,0.6939433037884738
0.38227047586401297,0.6941415161374771
0.38240986883589523,0.6943397284864804
0.382550060076072,0.6945379408354837
0.3827015474222689,0.6947361531844871
0.38285628494985346,0.6949343655334904
0.38301724931761516,0.6951325778824937
0.3831716786684479,0.695330790231497
0.38329167512706863,0.6955290025805004
0.38342940725879726,0.6957272149295037
0.38357213983690136,0.695925427278507
0.3837312176294076,0.6961236396275103
0.38388771611015193,0.6963218519765138
0.3840504126811518,0.696520064325517
0.38423191632307185,0.6967182766745204
0.3843884409761162,0.6969164890235237
0.3845355400300376,0.6971147013725271
0.38469242404045373,0.6973129137215304
0.38482585652546075,0.6975111260705337
0.3849724631506509,0.697709338419537
0.3851340844496249,0.6979075507685404
0.3852756647087713,0.6981057631175437
0.3854281600075968,0.698303975466547
0.38561899172302444,0.6985021878155503
0.3858012286248627,0.6987004001645537
0.38593565531245666,0.698898612513557
0.38610567497652587,0.6990968248625603
0.38625237702256215,0.6992950372115636
0.3864176506998672,0.6994932495605669
0.3865736402227944,0.6996914619095703
0.3867277039854105,0.6998896742585736
0.38690627073620903,0.7000878866075769
0.38706758915338135,0.7002860989565802
0.3872121681984835,0.7004843113055836
0.38736576027056413,0.7006825236545869
0.38753555987056576,0.7008807360035902
0.3876761567925248,0.7010789483525935
0.38781308816136273,0.701277160701597
0.38798412174559643,0.7014753730506003
0.38816014184673303,0.7016735853996036
0.3883107425272159,0.7018717977486069
0.38846616139377316,0.7020700100976103
0.3886043329872139,0.7022682224466136
0.3887400776781406,0.7024664347956169
0.3889034883727728,0.7026646471446202
0.38908206366852327,0.7028628594936236
0.38922755038114,0.7030610718426269
0.3893857638303048,0.7032592841916302
0.389550749605738,0.7034574965406335
0.3896904163422561,0.7036557088896369
0.3898196206514275,0.7038539212386402
0.3899674544726654,0.7040521335876435
0.39012937785476864,0.7042503459366468
0.39029032784395173,0.7044485582856502
0.390443463153905,0.7046467706346535
0.3905799009856284,0.7048449829836568
0.3907633334022061,0.7050431953326601
0.39092022176190605,0.7052414076816634
0.3911081011352776,0.7054396200306668
0.3912772727644932,0.7056378323796701
0.3914438225911118,0.7058360447286735
0.3915899554062306,0.7060342570776768
0.39177180560376684,0.7062324694266802
0.3919285325693162,0.7064306817756835
0.3920740611317569,0.7066288941246868
0.3922390258436259,0.7068271064736901
0.39240695305787593,0.7070253188226935
0.39257349278613224,0.7072235311716968
0.39273778409550547,0.7074217435207001
0.3928806711043915,0.7076199558697034
0.3930179236579404,0.7078181682187068
0.393183254762948,0.7080163805677101
0.39336815944241077,0.7082145929167134
0.3935049171953736,0.7084128052657167
0.39367821123419733,0.7086110176147201
0.39383116153431397,0.7088092299637234
0.3940038834199331,0.7090074423127267
0.39414888687113864,0.70920565466173
0.3943214401319181,0.7094038670107334
0.39447984643266587,0.7096020793597367
0.39462408307084496,0.70980029170874
0.3947599775570947,0.7099985040577433
0.3949242716684528,0.7101967164067468
0.39509519897461853,0.71039492875575
0.39525008150202523,0.7105931411047534
0.395411765291872,0.7107913534537567
0.3955780333819803,0.71098956580276
0.3957077126772084,0.7111877781517634
0.3958542827236072,0.7113859905007667
0.396013257341952,0.71158420284977
0.3961701053383495,0.7117824151987733
0.39632301152543764,0.7119806275477767
0.3964977848671358,0.71217883989678
0.3966289856878424,0.7123770522457833
0.39678124267575504,0.7125752645947866
0.39690773972001536,0.71277347694379
0.3970651076062029,0.7129716892927933
0.39718840543568573,0.7131699016417966
0.39733630030495826,0.7133681139907999
0.39751606587466687,0.7135663263398033
0.3976773808753348,0.7137645386888066
0.39783352266509636,0.7139627510378099
0.3979874677416823,0.7141609633868132
0.3981103996722364,0.7143591757358166
0.3982563202012472,0.7145573880848199
0.39841315406810346,0.7147556004338232
0.3986124520146821,0.7149538127828265
0.3988021032565753,0.71515202513183
0.3989886861079774,0.7153502374808333
0.39916186909616785,0.7155484498298366
0.3993133267724497,0.7157466621788399
0.3994650652705295,0.7159448745278433
0.3995958422965701,0.7161430868768466
0.39975876648402403,0.7163412992258499
0.3999220309983879,0.7165395115748532
0.40009238809500114,0.7167377239238565
0.40023043337208675,0.7169359362728599
0.40040648328599004,0.7171341486218632
0.4005791543873736,0.7173323609708665
0.40072687955845787,0.7175305733198698
0.40088982481801133,0.7177287856688732
0.4010377941635315,0.7179269980178765
0.4011889439294986,0.7181252103668798
0.4013315713597931,0.7183234227158831
0.4014928372964829,0.7185216350648865
0.4016896163166752,0.7187198474138898
0.40184030889346983,0.7189180597628931
0.4019954856839406,0.7191162721118964
0.40215284955568587,0.7193144844608999
0.4023298782016943,0.7195126968099032
0.40246967350327767,0.7197109091589065
0.40261551004323437,0.7199091215079098
0.40275361435647306,0.7201073338569132
0.4029171016350457,0.7203055462059165
0.40309951414361,0.7205037585549198
0.40324995157639676,0.7207019709039231
0.40340359335950887,0.7209001832529265
0.40358025383784696,0.7210983956019298
0.403740313092393,0.7212966079509331
0.40392922284336347,0.7214948202999364
0.40407649142338464,0.7216930326489398
0.40423085065359643,0.7218912449979431
0.40444043926880496,0.7220894573469464
0.4046335495961941,0.7222876696959497
0.4048142507337363,0.722485882044953
0.40496743670633195,0.7226840943939564
0.40514059123368384,0.7228823067429597
0.4052816024986853,0.723080519091963
0.4054385722617108,0.7232787314409663
0.4055989952082961,0.7234769437899697
0.4057531184467045,0.723675156138973
0.40592346197154394,0.7238733684879763
0.40607706969957996,0.7240715808369796
0.4062461760453052,0.7242697931859831
0.40643586602105014,0.7244680055349864
0.4065622426226804,0.7246662178839897
0.4067466291378128,0.724864430232993
0.40692359097119835,0.7250626425819964
0.4070685827266985,0.7252608549309997
0.4072135569007978,0.725459067280003
0.4073779671098874,0.7256572796290063
0.40755770893599386,0.7258554919780097
0.4077297892900644,0.726053704327013
0.4079189881002203,0.7262519166760163
0.4080637007918237,0.7264501290250196
0.4082259976822092,0.726648341374023
0.4083824323760164,0.7268465537230263
0.4085813933261773,0.7270447660720296
0.40876306844114646,0.7272429784210329
0.408925374074132,0.7274411907700363
0.4090683395235805,0.7276394031190396
0.4092735946418086,0.7278376154680429
0.4094434789227971,0.7280358278170462
0.40958707040860626,0.7282340401660496
0.4097716343481662,0.728432252515053
0.4099268125754298,0.7286304648640562
0.41007158480955963,0.7288286772130596
0.4102516401807392,0.7290268895620629
0.41042860084402116,0.7292251019110663
0.4106140193946529,0.7294233142600696
0.41080794506268736,0.7296215266090729
0.41095729178438434,0.7298197389580762
0.411143158306402,0.7300179513070796
0.41131632003486274,0.7302161636560829
0.41148250498736316,0.7304143760050862
0.41164809793339546,0.7306125883540895
0.41180353800324493,0.7308108007030929
0.41197552216386374,0.7310090130520962
0.4121531037740425,0.7312072254010995
0.41231494044124567,0.7314054377501028
0.4124715952212984,0.7316036500991062
0.41262693796705163,0.7318018624481095
0.41278042252025215,0.7320000747971128
0.4129543807471815,0.7321982871461161
0.41312894426631847,0.7323964994951195
0.41330522009658854,0.7325947118441228
0.4134934958326124,0.7327929241931261
0.4136390691662153,0.7329911365421294
0.4138421308333493,0.7331893488911329
0.41400628680960666,0.7333875612401362
0.41415661263554754,0.7335857735891395
0.414330677552381,0.7337839859381428
0.414524218923397,0.7339821982871462
0.41470545937581943,0.7341804106361495
0.41489710471649494,0.7343786229851528
0.41505966179887915,0.7345768353341561
0.4152725557985343,0.7347750476831594
0.4154501588982074,0.7349732600321628
0.41561769061328446,0.7351714723811661
0.4158073689415749,0.7353696847301694
0.41599394096353365,0.7355678970791727
0.4161226316335856,0.7357661094281761
0.41634728035203394,0.7359643217771794
0.41653716758017106,0.7361625341261827
0.4167070890017261,0.736360746475186
0.4169040914278668,0.7365589588241894
0.4170793101539277,0.7367571711731927
0.41724981438646186,0.736955383522196
0.4174340656753683,0.7371535958711993
0.4175978080432825,0.7373518082202027
0.41776340572912546,0.737550020569206
0.4179271079664691,0.7377482329182093
0.41809204735947697,0.7379464452672126
0.41828668219353193,0.7381446576162161
0.4184374421615125,0.7383428699652194
0.4186126891179134,0.7385410823142227
0.4188008333832809,0.738739294663226
0.41896439371520466,0.7389375070122294
0.419141057927732,0.7391357193612327
0.4193082402986756,0.739333931710236
0.41949176093339585,0.7395321440592393
0.41968248982828904,0.7397303564082427
0.41985715208380964,0.739928568757246
0.42005816769476034,0.7401267811062493
0.42025500578915137,0.7403249934552526
0.42044151721075046,0.7405232058042559
0.42060551084312753,0.7407214181532593
0.4208083533262411,0.7409196305022626
0.4209673811100217,0.7411178428512659
0.4211472701733336,0.7413160552002692
0.4213205165406381,0.7415142675492726
0.4214889037939856,0.7417124798982759
0.42166328603783065,0.7419106922472792
0.42182792836684324,0.7421089045962825
0.42199816284248165,0.742307116945286
0.42217520076895954,0.7425053292942893
0.4223196970711886,0.7427035416432926
0.4225109677780624,0.7429017539922959
0.4226998118627451,0.7430999663412993
0.42287660715797004,0.7432981786903026
0.42307078806047727,0.7434963910393059
0.4232631151458851,0.7436946033883092
0.42341466860233024,0.7438928157373126
0.42358596443295604,0.7440910280863159
0.4237599067690734,0.7442892404353192
0.42390371348910566,0.7444874527843225
0.42407498422742784,0.7446856651333259
0.42421474322649294,0.7448838774823292
0.4243815006046614,0.7450820898313325
0.42454948018945465,0.7452803021803358
0.42473466534002696,0.7454785145293392
0.4249097717046924,0.7456767268783425
0.42510764457646233,0.7458749392273458
0.42527774209838204,0.7460731515763491
0.42544124410449025,0.7462713639253524
0.4256111363135979,0.7464695762743558
0.42580521163592494,0.7466677886233591
0.4259950128560896,0.7468660009723624
0.42616986167838733,0.7470642133213657
0.42634967877380503,0.7472624256703692
0.42650601835922086,0.7474606380193725
0.42671426891651204,0.7476588503683758
0.4269131533671457,0.7478570627173791
0.427106167383514,0.7480552750663825
0.4272852746601974,0.7482534874153858
0.42745454121820625,0.7484516997643891
0.42764528444281596,0.7486499121133924
0.4278044776455948,0.7488481244623958
0.42800511757401255,0.7490463368113991
0.4282023003447106,0.7492445491604024
0.4283965596315286,0.7494427615094057
0.42852092330677943,0.7496409738584091
0.4287122948607557,0.7498391862074124
0.42887801513152485,0.7500373985564157
0.42906382881201777,0.750235610905419
0.42923487747163536,0.7504338232544224
0.42940996065306675,0.7506320356034257
0.42960846819729903,0.750830247952429
0.42977608576468207,0.7510284603014323
0.42997746918339824,0.7512266726504357
0.4301715132313529,0.751424884999439
0.43035262187183787,0.7516230973484423
0.43051750730964317,0.7518213096974456
0.430699249450615,0.752019522046449
0.4308911973479986,0.7522177343954524
0.43105453393446963,0.7524159467444557
0.43123485632113384,0.752614159093459
0.4314285264997082,0.7528123714424623
0.4316261229934021,0.7530105837914657
0.43181023911079347,0.753208796140469
0.4319891347353126,0.7534070084894723
0.43218326693294784,0.7536052208384756
0.4323921226244792,0.753803433187479
0.4325801683304854,0.7540016455364823
0.4327606622691876,0.7541998578854856
0.43294583651262014,0.7543980702344889
0.4331336278244968,0.7545962825834923
0.43330321457971266,0.7547944949324956
0.4334901877224302,0.7549927072814989
0.4336558157138515,0.7551909196305022
0.4338438926585325,0.7553891319795056
0.43403285963524507,0.7555873443285089
0.4342178917223053,0.7557855566775122
0.43439999329308915,0.7559837690265155
0.43458178929585806,0.756181981375519
0.43476528083878047,0.7563801937245223
0.4349587966201499,0.7565784060735256
0.4351332609257274,0.7567766184225289
0.4353347858041481,0.7569748307715323
0.43550227978050376,0.7571730431205356
0.4356925437447907,0.7573712554695389
0.4358858617616563,0.7575694678185422
0.4360936369466548,0.7577676801675456
0.4362936552736408,0.7579658925165489
0.43651176603185027,0.7581641048655522
0.4367152598760236,0.7583623172145555
0.4369027596212769,0.7585605295635588
0.4370715876631085,0.7587587419125622
0.4372830118541267,0.7589569542615655
0.4374766579612788,0.7591551666105688
0.43767520103929625,0.7593533789595721
0.4378404775196528,0.7595515913085755
0.43804699181323076,0.7597498036575788
0.43824270604850707,0.7599480160065821
0.4384100496047468,0.7601462283555854
0.4386382628974395,0.7603444407045888
0.4388080930943853,0.7605426530535921
0.4390294903608075,0.7607408654025954
0.439258391982412,0.7609390777515987
0.43944934773639904,0.7611372901006022
0.43964797564041375,0.7613355024496055
0.43984283916335526,0.7615337147986088
0.44001956532647596,0.7617319271476121
0.4402035454870814,0.7619301394966155
0.44037557639696023,0.7621283518456188
0.44057550902226444,0.7623265641946221
0.4407792324895314,0.7625247765436254
0.44100231686295843,0.7627229888926288
0.44118774511792436,0.7629212012416321
0.44138956079852804,0.7631194135906354
0.4415761386880733,0.7633176259396387
0.4417679529023895,0.7635158382886421
0.4419439477329333,0.7637140506376454
0.44210991764117513,0.7639122629866487
0.44231320874269414,0.764110475335652
0.4424784307351997,0.7643086876846553
0.442662753642387,0.7645069000336587
0.44284541299322217,0.764705112382662
0.4430171684791094,0.7649033247316653
0.4432186080282915,0.7651015370806686
0.4433872926073281,0.765299749429672
0.4435762850983868,0.7654979617786754
0.4437710080844462,0.7656961741276787
0.44395615242287645,0.765894386476682
0.44412721545842776,0.7660925988256854
0.4442895183992553,0.7662908111746887
0.4444875446944391,0.766489023523692
0.4446669482468174,0.7666872358726953
0.44484473681816816,0.7668854482216987
0.44504891445829264,0.767083660570702
0.445243509680952,0.7672818729197053
0.44546636013147733,0.7674800852687086
0.44564262459590726,0.767678297617712
0.44584800527780244,0.7678765099667153
0.44604150736834447,0.7680747223157186
0.4462110583766027,0.7682729346647219
0.4463735578043921,0.7684711470137253
0.4466077348061605,0.7686693593627286
0.44681199605725197,0.7688675717117319
0.44699321856339874,0.7690657840607352
0.44715155598351347,0.7692639964097386
0.4473212960875705,0.7694622087587419
0.44754212574727054,0.7696604211077452
0.44770608249034316,0.7698586334567485
0.44790971662283485,0.7700568458057518
0.4481375988913505,0.7702550581547553
0.4483077780755815,0.7704532705037586
0.4484953559260352,0.7706514828527619
0.44869704522025056,0.7708496952017652
0.4489003444432579,0.7710479075507686
0.4490918947908055,0.7712461198997719
0.449250665803954,0.7714443322487752
0.44945871782793967,0.7716425445977785
0.44963894822307543,0.7718407569467819
0.449822273305246,0.7720389692957852
0.4500434895486102,0.7722371816447885
0.45023549711327693,0.7724353939937918
0.450440098791076,0.7726336063427952
0.4506230371949152,0.7728318186917985
0.4507979223834437,0.7730300310408018
0.45097662720784315,0.7732282433898051
0.45117302488340116,0.7734264557388085
0.45139031558831355,0.7736246680878118
0.45159395089818727,0.7738228804368151
0.45179785780663456,0.7740210927858184
0.4520023156218026,0.7742193051348218
0.4521900188132214,0.7744175174838251
0.4523641061425382,0.7746157298328284
0.45255833950362484,0.7748139421818317
0.45274009082347205,0.7750121545308352
0.4529233292141182,0.7752103668798385
0.4531532891789148,0.7754085792288418
0.45337552360541816,0.7756067915778451
0.4535733948470884,0.7758050039268484
0.45378246744447637,0.7760032162758518
0.4539761524197363,0.7762014286248551
0.45415655126663945,0.7763996409738584
0.45434763082679996,0.7765978533228617
0.4545405228960342,0.7767960656718651
0.45477204352236833,0.7769942780208684
0.4549967569700446,0.7771924903698717
0.45519805883234055,0.777390702718875
0.45536825312133217,0.7775889150678784
0.45557601966869554,0.7777871274168817
0.45576770044315496,0.777985339765885
0.45597292093170344,0.7781835521148883
0.45617325590139196,0.7783817644638917
0.45639159797502743,0.778579976812895
0.4565961685068379,0.7787781891618983
0.4568223840180921,0.7789764015109016
0.45701535274241234,0.779174613859905
0.4572327301608549,0.7793728262089084
0.45743213292022844,0.7795710385579117
0.45766149579714394,0.779769250906915
0.4578598552052032,0.7799674632559184
0.45805000629308923,0.7801656756049217
0.45825030152804663,0.780363887953925
0.4584383308573646,0.7805621003029283
0.45863306657530123,0.7807603126519317
0.4588058323138341,0.780958525000935
0.45900446705016507,0.7811567373499383
0.45918875348974353,0.7813549496989416
0.4593842414278684,0.781553162047945
0.45964011145153233,0.7817513743969483
0.45985312733315736,0.7819495867459516
0.46008975164706867,0.7821477990949549
0.46031976772521854,0.7823460114439582
0.46053728572794334,0.7825442237929616
0.46074609196205163,0.7827424361419649
0.4609372219696044,0.7829406484909682
0.46115948064776924,0.7831388608399715
0.46139271083424144,0.7833370731889749
0.4615904563318927,0.7835352855379782
0.46178826366322073,0.7837334978869815
0.46203440918085176,0.7839317102359848
0.4622242114185473,0.7841299225849883
0.462422696881146,0.7843281349339916
0.4626838343577637,0.7845263472829949
0.4628773138869349,0.7847245596319982
0.46310985118431625,0.7849227719810016
0.463273216343808,0.7851209843300049
0.4634837796706397,0.7853191966790082
0.4637031781917973,0.7855174090280115
0.46393503149999515,0.7857156213770149
0.464111854279313,0.7859138337260182
0.46430804175230134,0.7861120460750215
0.4645365591017653,0.7863102584240248
0.46475657429937844,0.7865084707730282
0.46500195006796446,0.7867066831220315
0.4652086867333277,0.7869048954710348
0.4654627511751034,0.7871031078200381
0.46567982421349613,0.7873013201690415
0.46588494419914667,0.7874995325180448
0.4661167904398218,0.7876977448670481
0.46630863254979316,0.7878959572160514
0.4665267637497952,0.7880941695650547
0.4667437210973734,0.7882923819140581
0.4669494597901378,0.7884905942630615
0.46712752138197794,0.7886888066120648
0.46732212920415883,0.788887018961068
0.4675544331723936,0.7890852313100715
0.46775588536518786,0.7892834436590748
0.4679572156191343,0.7894816560080781
0.46819641632909265,0.7896798683570814
0.46838273417468473,0.7898780807060848
0.46860867782109955,0.7900762930550881
0.4688137863934912,0.7902745054040914
0.4690205331657358,0.7904727177530947
0.46925447875092097,0.7906709301020981
0.46947186396016766,0.7908691424511014
0.4696528510860444,0.7910673548001047
0.4698559780624181,0.791265567149108
0.47005894436540757,0.7914637794981114
0.47026567689725085,0.7916619918471147
0.4704856408493446,0.791860204196118
0.47067982154233234,0.7920584165451213
0.4708798112171272,0.7922566288941247
0.4710935526870218,0.792454841243128
0.47134375826851854,0.7926530535921313
0.47153691057304853,0.7928512659411346
0.4717552151208185,0.793049478290138
0.4719805132471578,0.7932476906391414
0.4721995032263737,0.7934459029881447
0.47243912230314755,0.793644115337148
0.47266120935430567,0.7938423276861513
0.47287162853369724,0.7940405400351547
0.4731116130666434,0.794238752384158
0.47333918321636126,0.7944369647331613
0.47354341390760835,0.7946351770821646
0.4737563887818749,0.794833389431168
0.47395073972925833,0.7950316017801713
0.4741921306172538,0.7952298141291746
0.47439926774633734,0.7954280264781779
0.47463345904703036,0.7956262388271813
0.4748522065731092,0.7958244511761846
0.4750538962353104,0.7960226635251879
0.47526909953050916,0.7962208758741912
0.4754847499365381,0.7964190882231946
0.47572511272183476,0.7966173005721979
0.4759154240371801,0.7968155129212012
0.4761251693679813,0.7970137252702045
0.476297960353916,0.7972119376192079
0.47651929231505374,0.7974101499682112
0.4767154032317096,0.7976083623172145
0.47691976648370604,0.7978065746662178
0.4771262819298493,0.7980047870152213
0.4773631757724267,0.7982029993642246
0.4775631200132907,0.7984012117132279
0.4777957627495473,0.7985994240622312
0.47800353053904826,0.7987976364112346
0.47822822193178205,0.7989958487602379
0.47846430208760365,0.7991940611092412
0.4786888364811544,0.7993922734582445
0.4789381371136622,0.7995904858072478
0.47916799062030785,0.7997886981562512
0.4793788666317484,0.7999869105052545
0.4795975975130502,0.8001851228542578
0.4798285828321046,0.8003833352032611
0.480062714572727,0.8005815475522645
0.4802977993439498,0.8007797599012678
0.4805233402092326,0.8009779722502711
0.4807472366624609,0.8011761845992744
0.4809559469694489,0.8013743969482778
0.4811791326323276,0.8015726092972811
0.4813967520799445,0.8017708216462844
0.48163257989295905,0.8019690339952877
0.4818554872272201,0.8021672463442912
0.48206561608240145,0.8023654586932945
0.482297218336818,0.8025636710422978
0.4825146755635145,0.8027618833913011
0.4827236573966425,0.8029600957403045
0.48296343167695194,0.8031583080893078
0.4832272708779679,0.8033565204383111
0.48346568656188593,0.8035547327873144
0.4837472932726328,0.8037529451363178
0.4839674824847454,0.8039511574853211
0.48419914660215413,0.8041493698343244
0.48445176475948637,0.8043475821833277
0.4846813583157879,0.8045457945323311
0.48492439085805983,0.8047440068813344
0.4851554092089542,0.8049422192303377
0.48534389293284624,0.805140431579341
0.4855193926884307,0.8053386439283443
0.4857693401983416,0.8055368562773477
0.4860181185652153,0.805735068626351
0.4862239201976834,0.8059332809753543
0.4864577817481853,0.8061314933243576
0.48668356343636265,0.806329705673361
0.4869290841646508,0.8065279180223643
0.48717715666938394,0.8067261303713676
0.48740368692280694,0.806924342720371
0.48765210538930437,0.8071225550693744
0.48786062117429824,0.8073207674183777
0.4881097749547343,0.807518979767381
0.48835223097412717,0.8077171921163843
0.48859996229532154,0.8079154044653877
0.48880524190371605,0.808113616814391
0.4890829174549899,0.8083118291633943
0.48929788899437204,0.8085100415123976
0.48955492603188944,0.808708253861401
0.4897789577307873,0.8089064662104043
0.490026185494827,0.8091046785594076
0.490249954769012,0.8093028909084109
0.49046558312124583,0.8095011032574143
0.49070972399626944,0.8096993156064176
0.49091160959640295,0.8098975279554209
0.4911723653924407,0.8100957403044242
0.49146809721964124,0.8102939526534276
0.4917176898696672,0.8104921650024309
0.4919128127457408,0.8106903773514342
0.49212000867247085,0.8108885897004375
0.4923574872067773,0.811086802049441
0.4925906255104769,0.8112850143984442
0.49283468786875706,0.8114832267474476
0.49307831218448034,0.8116814390964509
0.49328760637314545,0.8118796514454542
0.4934985007734524,0.8120778637944576
0.4937690022918095,0.8122760761434609
0.49397533687641254,0.8124742884924642
0.4942214321698204,0.8126725008414675
0.49444104029859987,0.8128707131904709
0.4946756196993669,0.8130689255394742
0.4949134748441919,0.8132671378884775
0.49513273295371096,0.8134653502374808
0.4953863788165409,0.8136635625864842
0.4956159625968948,0.8138617749354875
0.49585364923225766,0.8140599872844908
0.4961075490077394,0.8142581996334941
0.4963473321020553,0.8144564119824975
0.49655963181283125,0.8146546243315008
0.4967716147948169,0.8148528366805041
0.4970427445565802,0.8150510490295074
0.49724383001940736,0.8152492613785108
0.4974761493341954,0.8154474737275141
0.4977114305044659,0.8156456860765174
0.497948254386231,0.8158438984255207
0.4982241440313131,0.8160421107745242
0.49842662735212956,0.8162403231235275
0.4986371681863794,0.8164385354725308
0.49886038627767326,0.8166367478215341
0.49905070443596977,0.8168349601705375
0.4992816229573726,0.8170331725195408
0.49949179541557076,0.8172313848685441
0.4997369025903651,0.8174295972175474
0.49997464213491605,0.8176278095665507
0.5002050582859664,0.8178260219155541
0.5004365120011832,0.8180242342645574
0.5006945605073184,0.8182224466135607
0.5009124953702995,0.818420658962564
0.5011455719874047,0.8186188713115674
0.5014008643318981,0.8188170836605707
0.5016574591739411,0.819015296009574
0.5019011893978459,0.8192135083585773
0.5021683910068073,0.8194117207075807
0.5024038914627832,0.819609933056584
0.5026276522853346,0.8198081454055873
0.5029033367035779,0.8200063577545906
0.5031415284096666,0.820204570103594
0.5033853169024847,0.8204027824525973
0.5035815753500742,0.8206009948016006
0.5038164381727722,0.820799207150604
0.5040301887480062,0.8209974194996074
0.50427666572884,0.8211956318486107
0.5045263489617993,0.821393844197614
0.5047521712923804,0.8215920565466173
0.5049970863726474,0.8217902688956207
0.5052668098016466,0.821988481244624
0.5055091418753536,0.8221866935936273
0.5057492304179506,0.8223849059426306
0.506030308282666,0.822583118291634
0.5062969747051077,0.8227813306406373
0.5065299232885504,0.8229795429896406
0.5067660411017585,0.8231777553386439
0.5070125385179926,0.8233759676876472
0.5072885070726737,0.8235741800366506
0.5075492766141146,0.8237723923856539
0.5078137741466721,0.8239706047346572
0.5080904750681893,0.8241688170836605
0.5083369889056492,0.8243670294326639
0.50858676510622,0.8245652417816672
0.5088682235345827,0.8247634541306705
0.5090942696596825,0.8249616664796738
0.5093311666089263,0.8251598788286773
0.5095649295012622,0.8253580911776806
0.5098239491672966,0.8255563035266839
0.5100844976850734,0.8257545158756872
0.510353035361008,0.8259527282246906
0.5106027645625334,0.8261509405736939
0.510855385858256,0.8263491529226972
0.5111197818192694,0.8265473652717005
0.5113442937222553,0.8267455776207039
0.5116190534216739,0.8269437899697072
0.5118769734583047,0.8271420023187105
0.5121358361262813,0.8273402146677138
0.5123872993926141,0.8275384270167172
0.5126749203342496,0.8277366393657205
0.5129401422350026,0.8279348517147238
0.513223472418399,0.8281330640637271
0.5135036027535878,0.8283312764127305
0.5138098846963974,0.8285294887617338
0.5140150066725515,0.8287277011107371
0.5142809506269105,0.8289259134597404
0.5145559402947977,0.8291241258087437
0.5148649207762354,0.8293223381577471
0.5151107112554953,0.8295205505067504
0.5154059945769512,0.8297187628557537
0.5156704779791775,0.829916975204757
0.5159049166263022,0.8301151875537605
0.5161538304804643,0.8303133999027638
0.5164439777033314,0.8305116122517671
0.5166685944160807,0.8307098246007704
0.5169368596424908,0.8309080369497738
0.517159268933299,0.8311062492987771
0.5173956013114412,0.8313044616477804
0.5176599739672952,0.8315026739967837
0.5179008199647858,0.8317008863457871
0.5181367352478411,0.8318990986947904
0.5183865561621335,0.8320973110437937
0.5186553920444404,0.832295523392797
0.5189112593218611,0.8324937357418004
0.5192270024514319,0.8326919480908037
0.5194553327272945,0.832890160439807
0.5197187709489756,0.8330883727888103
0.519991328844248,0.8332865851378137
0.5202388824906784,0.833484797486817
0.5204958342616117,0.8336830098358203
0.5207388593983457,0.8338812221848236
0.5210482184284104,0.834079434533827
0.521369377162993,0.8342776468828303
0.5216163003752473,0.8344758592318336
0.5218493685522494,0.834674071580837
0.5221225738740558,0.8348722839298403
0.5224204033492903,0.8350704962788437
0.5226489773866781,0.835268708627847
0.5228799064706171,0.8354669209768503
0.5231327307790171,0.8356651333258536
0.5234194354577679,0.835863345674857
0.5236819640827636,0.8360615580238603
0.5239919925155628,0.8362597703728636
0.524245621203651,0.8364579827218669
0.5244866073493802,0.8366561950708703
0.5247561361978427,0.8368544074198736
0.5249707746735978,0.8370526197688769
0.5252917266355729,0.8372508321178802
0.5255462276403525,0.8374490444668836
0.5258340928861237,0.8376472568158869
0.5260929825964781,0.8378454691648902
0.5263352337732357,0.8380436815138935
0.526658510129328,0.8382418938628969
0.5269379889385882,0.8384401062119002
0.5272286716055573,0.8386383185609035
0.5275197136961001,0.8388365309099068
0.5278051378609164,0.8390347432589103
0.5280502587962067,0.8392329556079136
0.5282822381973122,0.8394311679569169
0.5285525541346864,0.8396293803059202
0.5287895382990414,0.8398275926549236
0.5290546912474726,0.8400258050039269
0.5293347972082172,0.8402240173529302
0.5295795290271326,0.8404222297019335
0.5298858102822369,0.8406204420509369
0.5301385142331814,0.8408186543999402
0.5303908350472328,0.8410168667489435
0.5306785568465161,0.8412150790979468
0.5309620630746954,0.8414132914469501
0.5312433356404938,0.8416115037959535
0.5315039658221558,0.8418097161449568
0.5317683751093734,0.8420079284939601
0.5321014923573337,0.8422061408429634
0.5323360098190879,0.8424043531919668
0.5326025421597109,0.8426025655409701
0.5328607951409983,0.8428007778899734
0.5331091155275436,0.8429989902389767
0.533324276770584,0.8431972025879801
0.5335745349624844,0.8433954149369834
0.5338607465103954,0.8435936272859867
0.5341461707074332,0.84379183963499
0.5344410486667106,0.8439900519839935
0.5347115128531398,0.8441882643329968
0.5349914894785782,0.8443864766820001
0.5352637098491042,0.8445846890310034
0.535555101807299,0.8447829013800068
0.5358249585612936,0.8449811137290101
0.5360989245249926,0.8451793260780134
0.5363584435133394,0.8453775384270167
0.5366800314952584,0.8455757507760201
0.5369206447073357,0.8457739631250234
0.5371930992845563,0.8459721754740267
0.5374359849827125,0.84617038782303
0.5377305978024397,0.8463686001720334
0.5379988279725955,0.8465668125210367
0.5382449914240276,0.84676502487004
0.5385249714767196,0.8469632372190433
0.5387886775803565,0.8471614495680466
0.5390712441789172,0.84735966191705
0.5393425915579898,0.8475578742660533
0.5396580418137676,0.8477560866150566
0.5399115755973016,0.8479542989640599
0.5401603034129374,0.8481525113130634
0.5405198856687312,0.8483507236620667
0.5407814164068349,0.84854893601107
0.5410481462409775,0.8487471483600733
0.5413311398024592,0.8489453607090767
0.5415879767243762,0.84914357305808
0.5418293738250364,0.8493417854070833
0.5421266213334014,0.8495399977560866
0.5423984725255975,0.84973821010509
0.5427090863302013,0.8499364224540933
0.5430079212804042,0.8501346348030966
0.5432679578392986,0.8503328471520999
0.5435461830771571,0.8505310595011033
0.5438334154338403,0.8507292718501066
0.544148038988592,0.8509274841991099
0.544449278084233,0.8511256965481132
0.5446530285853103,0.8513239088971166
0.5449646691381678,0.8515221212461199
0.5452324171042648,0.8517203335951232
0.545502498241621,0.8519185459441265
0.5458132662471146,0.8521167582931299
0.5461045251142433,0.8523149706421332
0.546434573486298,0.8525131829911365
0.546767847372869,0.8527113953401398
0.5470792041952792,0.8529096076891431
0.547321529891735,0.8531078200381466
0.5476368322645574,0.8533060323871499
0.5478930509873328,0.8535042447361532
0.5481992832731661,0.8537024570851565
0.5484543472622128,0.8539006694341599
0.5488112180080069,0.8540988817831632
0.5490808021520001,0.8542970941321665
0.5493768192295351,0.8544953064811698
0.549642407149219,0.8546935188301732
0.549992613514155,0.8548917311791765
0.5502670375759434,0.8550899435281798
0.5505409682287673,0.8552881558771831
0.5508465699340739,0.8554863682261865
0.5511466786747422,0.8556845805751898
0.5514530094646292,0.8558827929241931
0.5517534678763714,0.8560810052731964
0.5520121149199386,0.8562792176221998
0.5522788956704495,0.8564774299712031
0.5525573443833598,0.8566756423202064
0.5528373203770153,0.8568738546692097
0.553096335361739,0.8570720670182131
0.5533531269432331,0.8572702793672164
0.553627144141373,0.8574684917162197
0.5538937094708132,0.857666704065223
0.5541352156418842,0.8578649164142265
0.554489225556576,0.8580631287632298
0.5548157954634427,0.8582613411122331
0.5550862510897723,0.8584595534612364
0.5554058146468003,0.8586577658102397
0.5556888585445126,0.8588559781592431
0.5559859131369368,0.8590541905082464
0.5562690845520293,0.8592524028572497
0.5565547211233532,0.859450615206253
0.5568869884775219,0.8596488275552564
0.5571826247369501,0.8598470399042597
0.5574715020638953,0.860045252253263
0.5577809260979427,0.8602434646022663
0.5580688081412499,0.8604416769512697
0.5583386259591007,0.860639889300273
0.5586801931487284,0.8608381016492763
0.5589979744455126,0.8610363139982796
0.5592754653408282,0.861234526347283
0.55959079133561,0.8614327386962863
0.5598987113146623,0.8616309510452896
0.5602172971499496,0.8618291633942929
0.5605522324882201,0.8620273757432964
0.5608436147214764,0.8622255880922997
0.56117128955878,0.862423800441303
0.5614965669622862,0.8626220127903063
0.5617644642747361,0.8628202251393097
0.5620845731863411,0.863018437488313
0.5623766543618529,0.8632166498373163
0.5626763320591268,0.8634148621863196
0.5630005232214884,0.863613074535323
0.5633096772604373,0.8638112868843263
0.5635726710264275,0.8640094992333296
0.5639021115953622,0.8642077115823329
0.5642018174802775,0.8644059239313362
0.5645420502583901,0.8646041362803396
0.5648873391102773,0.8648023486293429
0.56523618845175,0.8650005609783462
0.5654829966981119,0.8651987733273495
0.5658109691720343,0.8653969856763529
0.5661135199734876,0.8655951980253562
0.5664772139410577,0.8657934103743595
0.5667608195197357,0.8659916227233628
0.5670864483321094,0.8661898350723662
0.5674182568573306,0.8663880474213695
0.567748005108899,0.8665862597703728
0.5680284744775159,0.8667844721193761
0.5683245328028097,0.8669826844683796
0.5686745514331878,0.8671808968173829
0.5689885021208473,0.8673791091663862
0.5693458410700044,0.8675773215153895
0.5696668849098171,0.8677755338643929
0.5700425750158468,0.8679737462133962
0.5703652651721055,0.8681719585623995
0.570685732399955,0.8683701709114028
0.5710287838260747,0.8685683832604062
0.5713591238280087,0.8687665956094095
0.5717072522972161,0.8689648079584128
0.571998566866772,0.8691630203074161
0.5723397507742167,0.8693612326564195
0.5726658278303255,0.8695594450054228
0.5729506221818468,0.8697576573544261
0.5732316164829746,0.8699558697034294
0.5735932695715494,0.8701540820524328
0.5739079671946713,0.8703522944014361
0.5741825804864706,0.8705505067504394
0.5744306004573818,0.8707487190994427
0.5747280020211141,0.870946931448446
0.5751000571082162,0.8711451437974495
0.5754252096232622,0.8713433561464528
0.575741694794991,0.871541568495456
0.5761218861202165,0.8717397808444594
0.5764731017388742,0.8719379931934628
0.5768187657858741,0.8721362055424661
0.5771663147455756,0.8723344178914694
0.5774745614114777,0.8725326302404727
0.5778164181897042,0.8727308425894761
0.5781048894790825,0.8729290549384794
0.5784201637544326,0.8731272672874827
0.5787834920852992,0.873325479636486
0.579157678317986,0.8735236919854894
0.5794646695940625,0.8737219043344927
0.5798120674016978,0.873920116683496
0.5801447380088549,0.8741183290324993
0.5804930865171225,0.8743165413815027
0.5808857141469775,0.874514753730506
0.5812594299469348,0.8747129660795093
0.5816016572350696,0.8749111784285126
0.5819512480582582,0.875109390777516
0.582272782588481,0.8753076031265193
0.5826201459600355,0.8755058154755226
0.582963158133978,0.8757040278245259
0.5833204081436381,0.8759022401735294
0.5835894882181959,0.8761004525225327
0.5839160265142176,0.876298664871536
0.5842392707004055,0.8764968772205393
0.5845979206747732,0.8766950895695426
0.5849214842664051,0.876893301918546
0.5852759130116494,0.8770915142675493
0.5856388636618068,0.8772897266165526
0.5859968078655277,0.8774879389655559
0.586343249303825,0.8776861513145593
0.5866739229835142,0.8778843636635626
0.5869777127270129,0.8780825760125659
0.5873479399054273,0.8782807883615692
0.5876609373336098,0.8784790007105726
0.5879509488545224,0.8786772130595759
0.588245751395265,0.8788754254085792
0.5885202291927427,0.8790736377575825
0.588886787294207,0.8792718501065859
0.5892720686952535,0.8794700624555892
0.5896204747894485,0.8796682748045925
0.5899643997777513,0.8798664871535958
0.5902839338196955,0.8800646995025992
0.5906860380445974,0.8802629118516025
0.5910632551937351,0.8804611242006058
0.5913732338001009,0.8806593365496092
0.5917231957767083,0.8808575488986126
0.5920182168602417,0.8810557612476159
0.5924450978988574,0.8812539735966192
0.5927303808900768,0.8814521859456225
0.5931108509160661,0.8816503982946259
0.5934796849101533,0.8818486106436292
0.5938916885387987,0.8820468229926325
0.5942962201635008,0.8822450353416358
0.5945790801358545,0.8824432476906391
0.5949414325370772,0.8826414600396425
0.5953247612303837,0.8828396723886458
0.5956747705707859,0.8830378847376491
0.5960251763257232,0.8832360970866524
0.596402191517793,0.8834343094356558
0.5967228521831152,0.8836325217846591
0.5971077304491622,0.8838307341336624
0.5973725646601473,0.8840289464826657
0.5977071782443754,0.8842271588316691
0.5980801497137769,0.8844253711806724
0.5984584815995192,0.8846235835296757
0.5988294573453053,0.884821795878679
0.5992223346377801,0.8850200082276825
0.5996203252129091,0.8852182205766858
0.5999799225625386,0.8854164329256891
0.6003672890461098,0.8856146452746924
0.6007112029116668,0.8858128576236958
0.6010810719606827,0.8860110699726991
0.6014461314058195,0.8862092823217024
0.6017869049836918,0.8864074946707057
0.6021593043339404,0.8866057070197091
0.6025770941452889,0.8868039193687124
0.6029171407091792,0.8870021317177157
0.6032765330795261,0.887200344066719
0.6036114634376061,0.8873985564157224
0.6040038723957984,0.8875967687647257
0.6043461705713266,0.887794981113729
0.6047151152477483,0.8879931934627323
0.6050622344914287,0.8881914058117356
0.6054147945131416,0.888389618160739
0.6057929659062518,0.8885878305097423
0.6061140381416507,0.8887860428587456
0.6064946491349166,0.8889842552077489
0.6068782222864241,0.8891824675567523
0.6072706646680909,0.8893806799057556
0.6076445286797434,0.889578892254759
0.6080116718865858,0.8897771046037622
0.608399715596306,0.8899753169527657
0.6087733548589248,0.890173529301769
0.6091510274269273,0.8903717416507723
0.6095672917109393,0.8905699539997756
0.6099581321243807,0.890768166348779
0.6103298688675035,0.8909663786977823
0.6107239809597661,0.8911645910467856
0.6111035597218949,0.8913628033957889
0.6115935519836948,0.8915610157447923
0.6119699873894808,0.8917592280937956
0.6123998898020174,0.8919574404427989
0.6127185612145208,0.8921556527918022
0.613129773840484,0.8923538651408056
0.6134780256801482,0.8925520774898089
0.6139299466979825,0.8927502898388122
0.6142829531509045,0.8929485021878155
0.6146841015107731,0.8931467145368189
0.6151162168150026,0.8933449268858222
0.615459839916379,0.8935431392348255
0.615898532727184,0.8937413515838288
0.6162864458747873,0.8939395639328321
0.6166866538812023,0.8941377762818356
0.6170937289220024,0.8943359886308389
0.617508924020386,0.8945342009798422
0.6178887172567225,0.8947324133288455
0.6182155740163927,0.8949306256778489
0.618661412704983,0.8951288380268522
0.6190499613617133,0.8953270503758555
0.6194598398788878,0.8955252627248588
0.6198461616015578,0.8957234750738622
0.6201952286909829,0.8959216874228655
0.6205020368055608,0.8961198997718688
0.6208934978634835,0.8963181121208721
0.6212814615598703,0.8965163244698755
0.6216738277604368,0.8967145368188788
0.6220366967505121,0.8969127491678821
0.6224108238853617,0.8971109615168854
0.622844796462346,0.8973091738658888
0.6232340815611915,0.8975073862148921
0.6236494974051818,0.8977055985638954
0.6240942346025095,0.8979038109128987
0.6245319976089895,0.8981020232619021
0.6249990337322888,0.8983002356109054
0.6253638853450688,0.8984984479599087
0.6257832408260494,0.898696660308912
0.626094352307962,0.8988948726579155
0.6264952702311313,0.8990930850069188
0.6269424234346977,0.8992912973559221
0.6274083536027091,0.8994895097049254
0.6277989577710892,0.8996877220539288
0.6282124926397009,0.8998859344029321
0.62856879260942,0.9000841467519354
0.6289442923013162,0.9002823591009387
0.6293409294874636,0.900480571449942
0.6296803740681375,0.9006787837989454
0.6300426578954819,0.9008769961479487
0.6304337404050303,0.901075208496952
0.6308861116518522,0.9012734208459553
0.6312792550001324,0.9014716331949587
0.6316943563322861,0.901669845543962
0.6321360857205789,0.9018680578929653
0.6325117550389779,0.9020662702419686
0.632865439276671,0.902264482590972
0.6332554135199697,0.9024626949399753
0.6337236237161014,0.9026609072889786
0.6340617313710037,0.9028591196379819
0.6344706370179952,0.9030573319869853
0.6348940566420214,0.9032555443359886
0.6352866963658892,0.903453756684992
0.635618324193362,0.9036519690339953
0.636065345165704,0.9038501813829987
0.6364927849964991,0.904048393732002
0.6370575636150423,0.9042466060810053
0.6375583381591252,0.9044448184300086
0.6379732700239859,0.904643030779012
0.638369573268613,0.9048412431280153
0.6387730215002555,0.9050394554770186
0.6391716136906453,0.9052376678260219
0.6396042261563101,0.9054358801750253
0.6399990155852116,0.9056340925240286
0.6404012123552392,0.9058323048730319
0.6408553962127059,0.9060305172220352
0.6413278817535304,0.9062287295710385
0.6418459344847923,0.9064269419200419
0.6422683856727907,0.9066251542690452
0.6426232463879468,0.9068233666180485
0.6429883645039041,0.9070215789670518
0.6435029923435179,0.9072197913160552
0.6438640395479533,0.9074180036650585
0.6443853142216148,0.9076162160140618
0.6447640489403634,0.9078144283630651
0.6452399628627757,0.9080126407120686
0.6456008141565168,0.9082108530610719
0.6460354230075865,0.9084090654100752
0.6464971680090268,0.9086072777590785
0.6469230888544862,0.9088054901080819
0.6472749571919791,0.9090037024570852
0.6476363990536051,0.9092019148060885
0.6480785562696428,0.9094001271550918
0.6484291838438687,0.9095983395040952
0.6489010375257204,0.9097965518530985
0.6494123477948864,0.9099947642021018
0.6498676220026091,0.9101929765511051
0.6503808838316929,0.9103911889001085
0.6508190400778495,0.9105894012491118
0.6511783562806577,0.9107876135981151
0.6515562737359265,0.9109858259471184
0.6519566773444332,0.9111840382961218
0.6524665033601135,0.9113822506451251
0.6528663249743716,0.9115804629941284
0.6533123842995003,0.9117786753431317
0.6537186028346116,0.911976887692135
0.6541834656665536,0.9121751000411384
0.6546806867123914,0.9123733123901417
0.655178617024871,0.912571524739145
0.6556142944752115,0.9127697370881483
0.6560255927903643,0.9129679494371518
0.656548447720947,0.9131661617861551
0.65696660073201,0.9133643741351584
0.6573672971762344,0.9135625864841617
0.657843521437482,0.9137607988331651
0.6583630255467356,0.9139590111821684
0.658693982994164,0.9141572235311717
0.6591766896950311,0.914355435880175
0.6595733114574851,0.9145536482291784
0.6599962512806669,0.9147518605781817
0.6604811690846641,0.914950072927185
0.6608464916466278,0.9151482852761883
0.6613145778286176,0.9153464976251917
0.6617170757734581,0.915544709974195
0.6621308151282721,0.9157429223231983
0.6626132389129532,0.9159411346722016
0.6631033952911213,0.916139347021205
0.6635290992928004,0.9163375593702083
0.6639855343340396,0.9165357717192116
0.6644935771917426,0.9167339840682149
0.6649167345274399,0.9169321964172183
0.6653941338224286,0.9171304087662216
0.6659357471211883,0.917328621115225
0.6664445661072464,0.9175268334642283
0.6669370390243365,0.9177250458132316
0.6673909008995451,0.917923258162235
0.667856329400593,0.9181214705112383
0.6684235652147907,0.9183196828602416
0.668912618380575,0.9185178952092449
0.6693567805274906,0.9187161075582483
0.669789760245931,0.9189143199072516
0.6702128566795708,0.9191125322562549
0.6707254877484754,0.9193107446052582
0.6712472534382145,0.9195089569542616
0.6716959322424457,0.9197071693032649
0.6722225616080759,0.9199053816522682
0.6726967743782247,0.9201035940012715
0.6731477064998315,0.9203018063502749
0.6735505793060006,0.9205000186992782
0.674147084225582,0.9206982310482815
0.6746071319110121,0.9208964433972848
0.6751491847068192,0.9210946557462882
0.675523766737298,0.9212928680952915
0.6760128347008816,0.9214910804442948
0.6764631846879872,0.9216892927932981
0.6768949580701658,0.9218875051423016
0.6773547033945803,0.9220857174913049
0.677861276580784,0.9222839298403082
0.6782773099144772,0.9224821421893115
0.678861303643146,0.9226803545383149
0.6793458157659978,0.9228785668873182
0.6798299286312072,0.9230767792363215
0.6802712644220851,0.9232749915853248
0.6807848214363283,0.9234732039343281
0.6812851331823367,0.9236714162833315
0.6817941669080301,0.9238696286323348
0.6823044891254505,0.9240678409813381
0.6828672681128743,0.9242660533303414
0.6834253636913051,0.9244642656793448
0.6838983069175891,0.9246624780283481
0.68442118461066,0.9248606903773514
0.6848967392860229,0.9250589027263547
0.6854295606071369,0.9252571150753581
0.6859158559222165,0.9254553274243614
0.6864160344180966,0.9256535397733647
0.6868478948192682,0.925851752122368
0.6873824286901247,0.9260499644713714
0.6879100217041374,0.9262481768203747
0.6883947356513143,0.926446389169378
0.688888452401126,0.9266446015183814
0.6894599051715875,0.9268428138673848
0.6898860898652592,0.9270410262163881
0.6903377532850863,0.9272392385653914
0.6907995042827539,0.9274374509143947
0.6912758455656044,0.9276356632633981
0.6918114870496914,0.9278338756124014
0.6923481186454334,0.9280320879614047
0.6928575850454682,0.928230300310408
0.6935298588572612,0.9284285126594114
0.6940770454909676,0.9286267250084147
0.6946063725913875,0.928824937357418
0.695149885366205,0.9290231497064213
0.6956595191632959,0.9292213620554247
0.6961350773021582,0.929419574404428
0.696679468581631,0.9296177867534313
0.697174484851613,0.9298159991024346
0.6976646780784185,0.9300142114514379
0.6982241712538393,0.9302124238004413
0.6986858423821181,0.9304106361494446
0.6991231556257556,0.9306088484984479
0.6995594076989066,0.9308070608474512
0.7001003438926403,0.9310052731964547
0.700671274247044,0.931203485545458
0.7011845750398549,0.9314016978944613
0.7017433525334785,0.9315999102434646
0.702250410241841,0.931798122592468
0.7027447344117296,0.9319963349414713
0.7032297960403217,0.9321945472904746
0.7036507693701799,0.9323927596394779
0.7042047848930834,0.9325909719884813
0.70474443592658,0.9327891843374846
0.7053492988543396,0.9329873966864879
0.7059245167722439,0.9331856090354912
0.7064583391860808,0.9333838213844946
0.707007906306149,0.9335820337334979
0.7075479517516954,0.9337802460825012
0.7082256531905848,0.9339784584315045
0.7088125057239245,0.9341766707805079
0.7092713230087397,0.9343748831295112
0.7097408850345706,0.9345730954785145
0.7103081486893824,0.9347713078275178
0.7107638242431941,0.9349695201765212
0.7113668731669118,0.9351677325255245
0.71189275794816,0.9353659448745278
0.712416957133476,0.9355641572235311
0.7130386924371254,0.9357623695725344
0.7136276700605231,0.9359605819215379
0.7142116259763539,0.9361587942705412
0.7147559053788628,0.9363570066195445
0.7153534992018858,0.9365552189685478
0.7159175268333154,0.9367534313175512
0.716512697477782,0.9369516436665545
0.7170520531553201,0.9371498560155578
0.7177230734721478,0.9373480683645611
0.718327700152355,0.9375462807135645
0.7189289271454676,0.9377444930625678
0.7194908972124086,0.9379427054115711
0.7201064839983605,0.9381409177605744
0.7205564936202852,0.9383391301095778
0.7211331132132361,0.9385373424585811
0.7217691297780782,0.9387355548075844
0.7223409485339884,0.9389337671565877
0.7229047452387806,0.9391319795055911
0.7235130373705214,0.9393301918545944
0.7240597675952125,0.9395284042035977
0.7246105856895139,0.939726616552601
0.7252853167043348,0.9399248289016044
0.7259262248717936,0.9401230412506077
0.7265785754023686,0.940321253599611
0.7271318001577132,0.9405194659486144
0.727763580890991,0.9407176782976178
0.7285136096016159,0.9409158906466211
0.7290388739253882,0.9411141029956244
0.7297465371406697,0.9413123153446277
0.7303081569961908,0.941510527693631
0.7309278318839347,0.9417087400426344
0.7314616026608776,0.9419069523916377
0.732148027637537,0.942105164740641
0.7327520384582623,0.9423033770896443
0.7333446530544584,0.9425015894386477
0.7339666405951262,0.942699801787651
0.734600549415024,0.9428980141366543
0.7350880319178154,0.9430962264856576
0.7357103202298614,0.943294438834661
0.7363499367747794,0.9434926511836643
0.7369355281826029,0.9436908635326676
0.7375044595291607,0.9438890758816709
0.7381024790241091,0.9440872882306743
0.7388187173867207,0.9442855005796776
0.7394149514903968,0.9444837129286809
0.7400936203551581,0.9446819252776842
0.7407253477982871,0.9448801376266877
0.7413566794967176,0.945078349975691
0.7419146624200392,0.9452765623246943
0.742563564241392,0.9454747746736976
0.7432061060143457,0.945672987022701
0.7438154196446369,0.9458711993717043
0.744424298997952,0.9460694117207076
0.7450773755890814,0.9462676240697109
0.7456921969215073,0.9464658364187143
0.7464628128962646,0.9466640487677176
0.7471224732998111,0.9468622611167209
0.7478103271778948,0.9470604734657242
0.7484628989690392,0.9472586858147275
0.7490757706477467,0.9474568981637309
0.7497285772555294,0.9476551105127342
0.750322999915989,0.9478533228617375
0.7510066071978295,0.9480515352107408
0.7516022620321215,0.9482497475597442
0.7521338447466464,0.9484479599087475
0.7527665232003349,0.9486461722577508
0.7535135720717028,0.9488443846067541
0.7542031869349888,0.9490425969557575
0.7548154804298665,0.9492408093047608
0.7553925643530357,0.9494390216537641
0.7560540253344761,0.9496372340027674
0.7566266413440882,0.9498354463517709
0.7572728780645053,0.9500336587007742
0.7579772216005991,0.9502318710497775
0.758563662581147,0.9504300833987808
0.7591272861790185,0.9506282957477842
0.7597521031619904,0.9508265080967875
0.7604744273145508,0.9510247204457908
0.7611537429482677,0.9512229327947941
0.7618661362196492,0.9514211451437975
0.7626036275736705,0.9516193574928008
0.7633173975028977,0.9518175698418041
0.7641954753183717,0.9520157821908074
0.7648202929372491,0.9522139945398108
0.7656631712687653,0.9524122068888141
0.7663178976444279,0.9526104192378174
0.7669877574456023,0.9528086315868207
0.7675636260844256,0.953006843935824
0.7682906081488194,0.9532050562848274
0.7690814675151432,0.9534032686338307
0.7697829982208868,0.953601480982834
0.7704696777138319,0.9537996933318373
0.771057485078785,0.9539979056808408
0.7716689038714831,0.954196118029844
0.7723605136928272,0.9543943303788474
0.7731460397594062,0.9545925427278507
0.7737898751755514,0.9547907550768541
0.7745487873363743,0.9549889674258574
0.7752127961992071,0.9551871797748607
0.7758712524703387,0.955385392123864
0.7765746209788197,0.9555836044728674
0.7772982648303125,0.9557818168218707
0.7779932538261517,0.955980029170874
0.7786301522647003,0.9561782415198773
0.7793113312583793,0.9563764538688807
0.7801015357099078,0.956574666217884
0.7809710844895381,0.9567728785668873
0.781731920446703,0.9569710909158906
0.7824567511047407,0.957169303264894
0.7832174643188129,0.9573675156138973
0.7840154986230451,0.9575657279629006
0.784764288300924,0.9577639403119039
0.7854338094133532,0.9579621526609073
0.7861299156260128,0.9581603650099106
0.7869336344575594,0.9583585773589139
0.7877236604409501,0.9585567897079172
0.7884815705899612,0.9587550020569207
0.7893367654095141,0.958953214405924
0.7901158100392561,0.9591514267549273
0.7908887438079085,0.9593496391039306
0.7917003045654122,0.9595478514529339
0.7923360280963968,0.9597460638019373
0.7930742304297438,0.9599442761509406
0.793891258881619,0.9601424884999439
0.7945782530164334,0.9603407008489472
0.7953058537881124,0.9605389131979506
0.7960100306804675,0.9607371255469539
0.7967554425525327,0.9609353378959572
0.7974825357201244,0.9611335502449605
0.7981770958835968,0.9613317625939639
0.7988806926967167,0.9615299749429672
0.7995979884718403,0.9617281872919705
0.8003793480994585,0.9619263996409738
0.8011312385197139,0.9621246119899772
0.8018962178613686,0.9623228243389805
0.8027451559511964,0.9625210366879838
0.8035238083425487,0.9627192490369871
0.804211738693141,0.9629174613859905
0.8050895716999645,0.9631156737349938
0.8058249549635802,0.9633138860839972
0.8066950406843443,0.9635120984330005
0.8074649367711031,0.9637103107820039
0.8082555249342924,0.9639085231310072
0.8090549627014136,0.9641067354800105
0.809917536164962,0.9643049478290138
0.8107416906783396,0.9645031601780172
0.8117323291223127,0.9647013725270205
0.8126644769136023,0.9648995848760238
0.8134806288094433,0.9650977972250271
0.8143666260643647,0.9652960095740304
0.8150649531581133,0.9654942219230338
0.8158684175816514,0.9656924342720371
0.8168423798062618,0.9658906466210404
0.8176681784627018,0.9660888589700437
0.8183614883234755,0.9662870713190471
0.819112837879859,0.9664852836680504
0.8200661295845335,0.9666834960170537
0.8209608677356461,0.966881708366057
0.8218267598076432,0.9670799207150604
0.8225548317221548,0.9672781330640637
0.8234403237495086,0.967476345413067
0.8242774306061498,0.9676745577620703
0.8250779339766391,0.9678727701110738
0.8259368804734442,0.9680709824600771
0.8266944434198698,0.9682691948090804
0.827424834239829,0.9684674071580837
0.8283783024433943,0.9686656195070871
0.8292059647722072,0.9688638318560904
0.8299663172701396,0.9690620442050937
0.8307771531682532,0.969260256554097
0.8316984670637919,0.9694584689031004
0.8325614248857535,0.9696566812521037
0.8335253632433092,0.969854893601107
0.8345152649479791,0.9700531059501103
0.8353215631805615,0.9702513182991137
0.8362007385837164,0.970449530648117
0.8369720811756175,0.9706477429971203
0.8377939317290124,0.9708459553461236
0.8385924443521412,0.9710441676951269
0.8394354355408751,0.9712423800441303
0.840233570752059,0.9714405923931336
0.8410679563254395,0.9716388047421369
0.8419757503351727,0.9718370170911402
0.8429159816424627,0.9720352294401436
0.8438957443406818,0.972233441789147
0.8447923309682447,0.9724316541381502
0.8456309565717088,0.9726298664871535
0.8464591416371184,0.972828078836157
0.847348686726489,0.9730262911851603
0.8483867617636834,0.9732245035341636
0.849221789392626,0.9734227158831669
0.8503201555064118,0.9736209282321703
0.8511486313552827,0.9738191405811736
0.852026631080906,0.9740173529301769
0.8530098886283852,0.9742155652791802
0.8539680090529056,0.9744137776281836
0.8548293783675307,0.9746119899771869
0.8558908995919483,0.9748102023261902
0.8567837834114641,0.9750084146751935
0.8577155168526781,0.9752066270241969
0.8588005260187933,0.9754048393732002
0.8597241687639652,0.9756030517222035
0.8606948490521553,0.9758012640712068
0.8616110609548407,0.9759994764202102
0.8625183285903613,0.9761976887692135
0.86359643323385,0.9763959011182168
0.8645326133993274,0.9765941134672201
0.8654137437254977,0.9767923258162234
0.8664485799055589,0.9769905381652269
0.8673468558901039,0.9771887505142302
0.8684358867986697,0.9773869628632335
0.8693539863202895,0.9775851752122368
0.8703183576826837,0.9777833875612402
0.8711812634242851,0.9779815999102435
0.872006120356515,0.9781798122592468
0.8730866918790801,0.9783780246082501
0.8739772550435234,0.9785762369572535
0.8749754102807922,0.9787744493062568
0.8759834737384355,0.9789726616552601
0.876928572165311,0.9791708740042634
0.8777976558900981,0.9793690863532668
0.8787578501918845,0.9795672987022701
0.8797145724986153,0.9797655110512734
0.8805129258705768,0.9799637234002767
0.881331760693736,0.9801619357492801
0.8822786742944128,0.9803601480982834
0.8831898449027069,0.9805583604472867
0.884195220892775,0.98075657279629
0.8853538064883667,0.9809547851452934
0.8863761134853202,0.9811529974942967
0.8875290957990833,0.9813512098433
0.8884462052575157,0.9815494221923033
0.8894938567035018,0.9817476345413068
0.8904131926852736,0.9819458468903101
0.8913390850593754,0.9821440592393134
0.8927016083988433,0.9823422715883167
0.8936987513825762,0.9825404839373201
0.8947717258474396,0.9827386962863234
0.8956986300113533,0.9829369086353267
0.8967687205282526,0.98313512098433
0.8979104447427441,0.9833333333333333
0.8989132158281689,0.9835315456823367
0.8999575390482747,0.98372975803134
0.9011362220704853,0.9839279703803433
0.9023457017699305,0.9841261827293466
0.9032496199821218,0.98432439507835
0.9043039104091968,0.9845226074273533
0.9052996829785473,0.9847208197763566
0.9066114524654445,0.9849190321253599
0.9079588111971365,0.9851172444743633
0.9090772542257336,0.9853154568233666
0.9103291477238955,0.9855136691723699
0.9113559465628343,0.9857118815213732
0.912529476489318,0.9859100938703766
0.9135716677824411,0.98610830621938
0.9145819879225233,0.9863065185683833
0.9156788378124979,0.9865047309173866
0.9167839866934515,0.98670294326639
0.9180448801286081,0.9869011556153933
0.919018237035036,0.9870993679643966
0.9201462818130373,0.9872975803133999
0.9213932497202291,0.9874957926624033
0.9224338399531908,0.9876940050114066
0.9233604121301139,0.9878922173604099
0.9245636821049368,0.9880904297094132
0.9257641157412372,0.9882886420584166
0.926974796504287,0.9884868544074199
0.9280415231573185,0.9886850667564232
0.929242273367971,0.9888832791054265
0.9304043887988283,0.9890814914544298
0.931567542518769,0.9892797038034332
0.9330306894744325,0.9894779161524365
0.9341820391904665,0.9896761285014398
0.9351357996563507,0.9898743408504431
0.9362033192612037,0.9900725531994465
0.9374453933577523,0.9902707655484498
0.938584439832505,0.9904689778974531
0.9396683019075546,0.9906671902464564
0.9408741313084102,0.9908654025954599
0.942236368572082,0.9910636149444632
0.9434327705404576,0.9912618272934665
0.9446021159589336,0.9914600396424698
0.9459813458867766,0.9916582519914732
0.9472199876860907,0.9918564643404765
0.9483690753111135,0.9920546766894798
0.9494093307625747,0.9922528890384831
0.9504327571161647,0.9924511013874865
0.9517940671097507,0.9926493137364898
0.9530305626928002,0.9928475260854931
0.9545102936614285,0.9930457384344964
0.9556074429982987,0.9932439507834998
0.956878484189152,0.9934421631325031
0.9581998151692922,0.9936403754815064
0.9593011214036579,0.9938385878305097
0.9604576576789019,0.9940368001795131
0.9616588124550212,0.9942350125285164
0.9628219032352853,0.9944332248775197
0.9640298330596713,0.994631437226523
0.9652237274244467,0.9948296495755263
0.9663041745268224,0.9950278619245297
0.9676145451334658,0.995226074273533
0.9688890621131115,0.9954242866225363
0.9702109455625512,0.9956224989715396
0.9716185405412455,0.9958207113205431
0.9727834244456031,0.9960189236695464
0.974062669361641,0.9962171360185497
0.9756539185166438,0.996415348367553
0.9769502157295131,0.9966135607165564
0.9782339436535329,0.9968117730655597
0.9796651690527877,0.997009985414563
0.980925398611069,0.9972081977635663
0.9822823856044004,0.9974064101125697
0.9834595305857181,0.997604622461573
0.9849935524660117,0.9978028348105763
0.9863366943001557,0.9980010471595796
0.9877054173861486,0.998199259508583
0.989105652832222,0.9983974718575863
0.9903598558163765,0.9985956842065896
0.991731895308288,0.9987938965555929
0.9931471831182466,0.9989921089045963
0.9944276050252777,0.9991903212535996
0.9955482394330395,0.9993885336026029
0.9969962899012066,0.9995867459516062
0.9984545444793697,0.9997849583006096
0.999864380183755,0.999983170649613
