dra_bin_center_arcsec,ddec_bin_center_arcsec,matched_n
-0.9875,-0.9875,0
-0.9875,-0.9624999999999999,0
-0.9875,-0.9375,0
-0.9875,-0.9125000000000001,0
-0.9875,-0.8875,0
-0.9875,-0.8625,0
-0.9875,-0.8374999999999999,0
-0.9875,-0.8125,0
-0.9875,-0.7875000000000001,0
-0.9875,-0.7625,0
-0.9875,-0.7375,0
-0.9875,-0.7124999999999999,0
-0.9875,-0.6875,0
-0.9875,-0.6625,0
-0.9875,-0.6375,0
-0.9875,-0.6125,0
-0.9875,-0.5874999999999999,0
-0.9875,-0.5625,0
-0.9875,-0.5375,0
-0.9875,-0.5125,0
-0.9875,-0.4875,0
-0.9875,-0.46249999999999997,0
-0.9875,-0.43749999999999994,0
-0.9875,-0.4124999999999999,0
-0.9875,-0.38749999999999996,0
-0.9875,-0.3625,0
-0.9875,-0.33749999999999997,0
-0.9875,-0.31249999999999994,0
-0.9875,-0.2874999999999999,0
-0.9875,-0.26249999999999996,0
-0.9875,-0.2375,0
-0.9875,-0.21249999999999997,1
-0.9875,-0.18749999999999994,2
-0.9875,-0.16249999999999992,3
-0.9875,-0.13749999999999996,3
-0.9875,-0.11249999999999999,12
-0.9875,-0.08749999999999997,10
-0.9875,-0.062499999999999944,11
-0.9875,-0.03749999999999992,7
-0.9875,-0.012499999999999956,10
-0.9875,0.012500000000000067,16
-0.9875,0.03750000000000009,4
-0.9875,0.0625,5
-0.9875,0.08750000000000002,11
-0.9875,0.11250000000000004,4
-0.9875,0.13750000000000007,3
-0.9875,0.1625000000000001,3
-0.9875,0.1875000000000001,3
-0.9875,0.21250000000000013,0
-0.9875,0.23750000000000004,0
-0.9875,0.26250000000000007,0
-0.9875,0.2875000000000001,0
-0.9875,0.3125000000000001,0
-0.9875,0.33750000000000013,0
-0.9875,0.36250000000000004,0
-0.9875,0.38750000000000007,0
-0.9875,0.4125000000000001,0
-0.9875,0.4375000000000001,0
-0.9875,0.46250000000000013,0
-0.9875,0.48750000000000004,0
-0.9875,0.5125000000000001,0
-0.9875,0.5375000000000001,0
-0.9875,0.5625000000000001,0
-0.9875,0.5875000000000001,0
-0.9875,0.6125,0
-0.9875,0.6375000000000001,0
-0.9875,0.6625000000000001,0
-0.9875,0.6875000000000001,0
-0.9875,0.7125000000000001,0
-0.9875,0.7375,0
-0.9875,0.7625000000000001,0
-0.9875,0.7875000000000001,0
-0.9875,0.8125000000000001,0
-0.9875,0.8375000000000001,0
-0.9875,0.8625,0
-0.9875,0.8875000000000001,0
-0.9875,0.9125000000000001,0
-0.9875,0.9375000000000001,0
-0.9875,0.9625000000000001,0
-0.9875,0.9875,0
-0.9624999999999999,-0.9875,0
-0.9624999999999999,-0.9624999999999999,0
-0.9624999999999999,-0.9375,0
-0.9624999999999999,-0.9125000000000001,0
-0.9624999999999999,-0.8875,0
-0.9624999999999999,-0.8625,0
-0.9624999999999999,-0.8374999999999999,0
-0.9624999999999999,-0.8125,0
-0.9624999999999999,-0.7875000000000001,0
-0.9624999999999999,-0.7625,0
-0.9624999999999999,-0.7375,0
-0.9624999999999999,-0.7124999999999999,0
-0.9624999999999999,-0.6875,0
-0.9624999999999999,-0.6625,0
-0.9624999999999999,-0.6375,0
-0.9624999999999999,-0.6125,0
-0.9624999999999999,-0.5874999999999999,0
-0.9624999999999999,-0.5625,0
-0.9624999999999999,-0.5375,0
-0.9624999999999999,-0.5125,0
-0.9624999999999999,-0.4875,0
-0.9624999999999999,-0.46249999999999997,0
-0.9624999999999999,-0.43749999999999994,0
-0.9624999999999999,-0.4124999999999999,0
-0.9624999999999999,-0.38749999999999996,0
-0.9624999999999999,-0.3625,0
-0.9624999999999999,-0.33749999999999997,0
-0.9624999999999999,-0.31249999999999994,0
-0.9624999999999999,-0.2874999999999999,2
-0.9624999999999999,-0.26249999999999996,6
-0.9624999999999999,-0.2375,4
-0.9624999999999999,-0.21249999999999997,7
-0.9624999999999999,-0.18749999999999994,10
-0.9624999999999999,-0.16249999999999992,10
-0.9624999999999999,-0.13749999999999996,8
-0.9624999999999999,-0.11249999999999999,7
-0.9624999999999999,-0.08749999999999997,12
-0.9624999999999999,-0.062499999999999944,6
-0.9624999999999999,-0.03749999999999992,5
-0.9624999999999999,-0.012499999999999956,5
-0.9624999999999999,0.012500000000000067,7
-0.9624999999999999,0.03750000000000009,14
-0.9624999999999999,0.0625,10
-0.9624999999999999,0.08750000000000002,9
-0.9624999999999999,0.11250000000000004,13
-0.9624999999999999,0.13750000000000007,11
-0.9624999999999999,0.1625000000000001,7
-0.9624999999999999,0.1875000000000001,3
-0.9624999999999999,0.21250000000000013,6
-0.9624999999999999,0.23750000000000004,3
-0.9624999999999999,0.26250000000000007,3
-0.9624999999999999,0.2875000000000001,5
-0.9624999999999999,0.3125000000000001,1
-0.9624999999999999,0.33750000000000013,0
-0.9624999999999999,0.36250000000000004,0
-0.9624999999999999,0.38750000000000007,0
-0.9624999999999999,0.4125000000000001,0
-0.9624999999999999,0.4375000000000001,0
-0.9624999999999999,0.46250000000000013,0
-0.9624999999999999,0.48750000000000004,0
-0.9624999999999999,0.5125000000000001,0
-0.9624999999999999,0.5375000000000001,0
-0.9624999999999999,0.5625000000000001,0
-0.9624999999999999,0.5875000000000001,0
-0.9624999999999999,0.6125,0
-0.9624999999999999,0.6375000000000001,0
-0.9624999999999999,0.6625000000000001,0
-0.9624999999999999,0.6875000000000001,0
-0.9624999999999999,0.7125000000000001,0
-0.9624999999999999,0.7375,0
-0.9624999999999999,0.7625000000000001,0
-0.9624999999999999,0.7875000000000001,0
-0.9624999999999999,0.8125000000000001,0
-0.9624999999999999,0.8375000000000001,0
-0.9624999999999999,0.8625,0
-0.9624999999999999,0.8875000000000001,0
-0.9624999999999999,0.9125000000000001,0
-0.9624999999999999,0.9375000000000001,0
-0.9624999999999999,0.9625000000000001,0
-0.9624999999999999,0.9875,0
-0.9375,-0.9875,0
-0.9375,-0.9624999999999999,0
-0.9375,-0.9375,0
-0.9375,-0.9125000000000001,0
-0.9375,-0.8875,0
-0.9375,-0.8625,0
-0.9375,-0.8374999999999999,0
-0.9375,-0.8125,0
-0.9375,-0.7875000000000001,0
-0.9375,-0.7625,0
-0.9375,-0.7375,0
-0.9375,-0.7124999999999999,0
-0.9375,-0.6875,0
-0.9375,-0.6625,0
-0.9375,-0.6375,0
-0.9375,-0.6125,0
-0.9375,-0.5874999999999999,0
-0.9375,-0.5625,0
-0.9375,-0.5375,0
-0.9375,-0.5125,0
-0.9375,-0.4875,0
-0.9375,-0.46249999999999997,0
-0.9375,-0.43749999999999994,0
-0.9375,-0.4124999999999999,0
-0.9375,-0.38749999999999996,0
-0.9375,-0.3625,2
-0.9375,-0.33749999999999997,5
-0.9375,-0.31249999999999994,10
-0.9375,-0.2874999999999999,7
-0.9375,-0.26249999999999996,12
-0.9375,-0.2375,9
-0.9375,-0.21249999999999997,9
-0.9375,-0.18749999999999994,12
-0.9375,-0.16249999999999992,8
-0.9375,-0.13749999999999996,14
-0.9375,-0.11249999999999999,10
-0.9375,-0.08749999999999997,11
-0.9375,-0.062499999999999944,9
-0.9375,-0.03749999999999992,7
-0.9375,-0.012499999999999956,6
-0.9375,0.012500000000000067,5
-0.9375,0.03750000000000009,8
-0.9375,0.0625,12
-0.9375,0.08750000000000002,11
-0.9375,0.11250000000000004,8
-0.9375,0.13750000000000007,7
-0.9375,0.1625000000000001,10
-0.9375,0.1875000000000001,8
-0.9375,0.21250000000000013,11
-0.9375,0.23750000000000004,6
-0.9375,0.26250000000000007,9
-0.9375,0.2875000000000001,7
-0.9375,0.3125000000000001,4
-0.9375,0.33750000000000013,6
-0.9375,0.36250000000000004,0
-0.9375,0.38750000000000007,0
-0.9375,0.4125000000000001,0
-0.9375,0.4375000000000001,0
-0.9375,0.46250000000000013,0
-0.9375,0.48750000000000004,0
-0.9375,0.5125000000000001,0
-0.9375,0.5375000000000001,0
-0.9375,0.5625000000000001,0
-0.9375,0.5875000000000001,0
-0.9375,0.6125,0
-0.9375,0.6375000000000001,0
-0.9375,0.6625000000000001,0
-0.9375,0.6875000000000001,0
-0.9375,0.7125000000000001,0
-0.9375,0.7375,0
-0.9375,0.7625000000000001,0
-0.9375,0.7875000000000001,0
-0.9375,0.8125000000000001,0
-0.9375,0.8375000000000001,0
-0.9375,0.8625,0
-0.9375,0.8875000000000001,0
-0.9375,0.9125000000000001,0
-0.9375,0.9375000000000001,0
-0.9375,0.9625000000000001,0
-0.9375,0.9875,0
-0.9125000000000001,-0.9875,0
-0.9125000000000001,-0.9624999999999999,0
-0.9125000000000001,-0.9375,0
-0.9125000000000001,-0.9125000000000001,0
-0.9125000000000001,-0.8875,0
-0.9125000000000001,-0.8625,0
-0.9125000000000001,-0.8374999999999999,0
-0.9125000000000001,-0.8125,0
-0.9125000000000001,-0.7875000000000001,0
-0.9125000000000001,-0.7625,0
-0.9125000000000001,-0.7375,0
-0.9125000000000001,-0.7124999999999999,0
-0.9125000000000001,-0.6875,0
-0.9125000000000001,-0.6625,0
-0.9125000000000001,-0.6375,0
-0.9125000000000001,-0.6125,0
-0.9125000000000001,-0.5874999999999999,0
-0.9125000000000001,-0.5625,0
-0.9125000000000001,-0.5375,0
-0.9125000000000001,-0.5125,0
-0.9125000000000001,-0.4875,0
-0.9125000000000001,-0.46249999999999997,0
-0.9125000000000001,-0.43749999999999994,0
-0.9125000000000001,-0.4124999999999999,6
-0.9125000000000001,-0.38749999999999996,7
-0.9125000000000001,-0.3625,8
-0.9125000000000001,-0.33749999999999997,11
-0.9125000000000001,-0.31249999999999994,4
-0.9125000000000001,-0.2874999999999999,6
-0.9125000000000001,-0.26249999999999996,11
-0.9125000000000001,-0.2375,8
-0.9125000000000001,-0.21249999999999997,11
-0.9125000000000001,-0.18749999999999994,10
-0.9125000000000001,-0.16249999999999992,8
-0.9125000000000001,-0.13749999999999996,18
-0.9125000000000001,-0.11249999999999999,9
-0.9125000000000001,-0.08749999999999997,16
-0.9125000000000001,-0.062499999999999944,7
-0.9125000000000001,-0.03749999999999992,6
-0.9125000000000001,-0.012499999999999956,13
-0.9125000000000001,0.012500000000000067,12
-0.9125000000000001,0.03750000000000009,10
-0.9125000000000001,0.0625,16
-0.9125000000000001,0.08750000000000002,6
-0.9125000000000001,0.11250000000000004,5
-0.9125000000000001,0.13750000000000007,9
-0.9125000000000001,0.1625000000000001,12
-0.9125000000000001,0.1875000000000001,6
-0.9125000000000001,0.21250000000000013,12
-0.9125000000000001,0.23750000000000004,13
-0.9125000000000001,0.26250000000000007,10
-0.9125000000000001,0.2875000000000001,13
-0.9125000000000001,0.3125000000000001,10
-0.9125000000000001,0.33750000000000013,5
-0.9125000000000001,0.36250000000000004,7
-0.9125000000000001,0.38750000000000007,5
-0.9125000000000001,0.4125000000000001,2
-0.9125000000000001,0.4375000000000001,0
-0.9125000000000001,0.46250000000000013,0
-0.9125000000000001,0.48750000000000004,0
-0.9125000000000001,0.5125000000000001,0
-0.9125000000000001,0.5375000000000001,0
-0.9125000000000001,0.5625000000000001,0
-0.9125000000000001,0.5875000000000001,0
-0.9125000000000001,0.6125,0
-0.9125000000000001,0.6375000000000001,0
-0.9125000000000001,0.6625000000000001,0
-0.9125000000000001,0.6875000000000001,0
-0.9125000000000001,0.7125000000000001,0
-0.9125000000000001,0.7375,0
-0.9125000000000001,0.7625000000000001,0
-0.9125000000000001,0.7875000000000001,0
-0.9125000000000001,0.8125000000000001,0
-0.9125000000000001,0.8375000000000001,0
-0.9125000000000001,0.8625,0
-0.9125000000000001,0.8875000000000001,0
-0.9125000000000001,0.9125000000000001,0
-0.9125000000000001,0.9375000000000001,0
-0.9125000000000001,0.9625000000000001,0
-0.9125000000000001,0.9875,0
-0.8875,-0.9875,0
-0.8875,-0.9624999999999999,0
-0.8875,-0.9375,0
-0.8875,-0.9125000000000001,0
-0.8875,-0.8875,0
-0.8875,-0.8625,0
-0.8875,-0.8374999999999999,0
-0.8875,-0.8125,0
-0.8875,-0.7875000000000001,0
-0.8875,-0.7625,0
-0.8875,-0.7375,0
-0.8875,-0.7124999999999999,0
-0.8875,-0.6875,0
-0.8875,-0.6625,0
-0.8875,-0.6375,0
-0.8875,-0.6125,0
-0.8875,-0.5874999999999999,0
-0.8875,-0.5625,0
-0.8875,-0.5375,0
-0.8875,-0.5125,0
-0.8875,-0.4875,0
-0.8875,-0.46249999999999997,3
-0.8875,-0.43749999999999994,7
-0.8875,-0.4124999999999999,7
-0.8875,-0.38749999999999996,9
-0.8875,-0.3625,10
-0.8875,-0.33749999999999997,15
-0.8875,-0.31249999999999994,7
-0.8875,-0.2874999999999999,7
-0.8875,-0.26249999999999996,10
-0.8875,-0.2375,11
-0.8875,-0.21249999999999997,13
-0.8875,-0.18749999999999994,9
-0.8875,-0.16249999999999992,11
-0.8875,-0.13749999999999996,11
-0.8875,-0.11249999999999999,15
-0.8875,-0.08749999999999997,18
-0.8875,-0.062499999999999944,10
-0.8875,-0.03749999999999992,14
-0.8875,-0.012499999999999956,15
-0.8875,0.012500000000000067,13
-0.8875,0.03750000000000009,8
-0.8875,0.0625,15
-0.8875,0.08750000000000002,18
-0.8875,0.11250000000000004,14
-0.8875,0.13750000000000007,12
-0.8875,0.1625000000000001,7
-0.8875,0.1875000000000001,5
-0.8875,0.21250000000000013,16
-0.8875,0.23750000000000004,11
-0.8875,0.26250000000000007,10
-0.8875,0.2875000000000001,9
-0.8875,0.3125000000000001,5
-0.8875,0.33750000000000013,8
-0.8875,0.36250000000000004,11
-0.8875,0.38750000000000007,11
-0.8875,0.4125000000000001,4
-0.8875,0.4375000000000001,6
-0.8875,0.46250000000000013,7
-0.8875,0.48750000000000004,0
-0.8875,0.5125000000000001,0
-0.8875,0.5375000000000001,0
-0.8875,0.5625000000000001,0
-0.8875,0.5875000000000001,0
-0.8875,0.6125,0
-0.8875,0.6375000000000001,0
-0.8875,0.6625000000000001,0
-0.8875,0.6875000000000001,0
-0.8875,0.7125000000000001,0
-0.8875,0.7375,0
-0.8875,0.7625000000000001,0
-0.8875,0.7875000000000001,0
-0.8875,0.8125000000000001,0
-0.8875,0.8375000000000001,0
-0.8875,0.8625,0
-0.8875,0.8875000000000001,0
-0.8875,0.9125000000000001,0
-0.8875,0.9375000000000001,0
-0.8875,0.9625000000000001,0
-0.8875,0.9875,0
-0.8625,-0.9875,0
-0.8625,-0.9624999999999999,0
-0.8625,-0.9375,0
-0.8625,-0.9125000000000001,0
-0.8625,-0.8875,0
-0.8625,-0.8625,0
-0.8625,-0.8374999999999999,0
-0.8625,-0.8125,0
-0.8625,-0.7875000000000001,0
-0.8625,-0.7625,0
-0.8625,-0.7375,0
-0.8625,-0.7124999999999999,0
-0.8625,-0.6875,0
-0.8625,-0.6625,0
-0.8625,-0.6375,0
-0.8625,-0.6125,0
-0.8625,-0.5874999999999999,0
-0.8625,-0.5625,0
-0.8625,-0.5375,0
-0.8625,-0.5125,4
-0.8625,-0.4875,8
-0.8625,-0.46249999999999997,7
-0.8625,-0.43749999999999994,10
-0.8625,-0.4124999999999999,7
-0.8625,-0.38749999999999996,9
-0.8625,-0.3625,10
-0.8625,-0.33749999999999997,6
-0.8625,-0.31249999999999994,15
-0.8625,-0.2874999999999999,12
-0.8625,-0.26249999999999996,15
-0.8625,-0.2375,10
-0.8625,-0.21249999999999997,16
-0.8625,-0.18749999999999994,7
-0.8625,-0.16249999999999992,16
-0.8625,-0.13749999999999996,16
-0.8625,-0.11249999999999999,7
-0.8625,-0.08749999999999997,9
-0.8625,-0.062499999999999944,11
-0.8625,-0.03749999999999992,16
-0.8625,-0.012499999999999956,13
-0.8625,0.012500000000000067,13
-0.8625,0.03750000000000009,10
-0.8625,0.0625,15
-0.8625,0.08750000000000002,14
-0.8625,0.11250000000000004,10
-0.8625,0.13750000000000007,18
-0.8625,0.1625000000000001,12
-0.8625,0.1875000000000001,21
-0.8625,0.21250000000000013,8
-0.8625,0.23750000000000004,13
-0.8625,0.26250000000000007,8
-0.8625,0.2875000000000001,7
-0.8625,0.3125000000000001,9
-0.8625,0.33750000000000013,17
-0.8625,0.36250000000000004,5
-0.8625,0.38750000000000007,10
-0.8625,0.4125000000000001,3
-0.8625,0.4375000000000001,13
-0.8625,0.46250000000000013,11
-0.8625,0.48750000000000004,7
-0.8625,0.5125000000000001,1
-0.8625,0.5375000000000001,0
-0.8625,0.5625000000000001,0
-0.8625,0.5875000000000001,0
-0.8625,0.6125,0
-0.8625,0.6375000000000001,0
-0.8625,0.6625000000000001,0
-0.8625,0.6875000000000001,0
-0.8625,0.7125000000000001,0
-0.8625,0.7375,0
-0.8625,0.7625000000000001,0
-0.8625,0.7875000000000001,0
-0.8625,0.8125000000000001,0
-0.8625,0.8375000000000001,0
-0.8625,0.8625,0
-0.8625,0.8875000000000001,0
-0.8625,0.9125000000000001,0
-0.8625,0.9375000000000001,0
-0.8625,0.9625000000000001,0
-0.8625,0.9875,0
-0.8374999999999999,-0.9875,0
-0.8374999999999999,-0.9624999999999999,0
-0.8374999999999999,-0.9375,0
-0.8374999999999999,-0.9125000000000001,0
-0.8374999999999999,-0.8875,0
-0.8374999999999999,-0.8625,0
-0.8374999999999999,-0.8374999999999999,0
-0.8374999999999999,-0.8125,0
-0.8374999999999999,-0.7875000000000001,0
-0.8374999999999999,-0.7625,0
-0.8374999999999999,-0.7375,0
-0.8374999999999999,-0.7124999999999999,0
-0.8374999999999999,-0.6875,0
-0.8374999999999999,-0.6625,0
-0.8374999999999999,-0.6375,0
-0.8374999999999999,-0.6125,0
-0.8374999999999999,-0.5874999999999999,0
-0.8374999999999999,-0.5625,1
-0.8374999999999999,-0.5375,5
-0.8374999999999999,-0.5125,7
-0.8374999999999999,-0.4875,6
-0.8374999999999999,-0.46249999999999997,8
-0.8374999999999999,-0.43749999999999994,11
-0.8374999999999999,-0.4124999999999999,8
-0.8374999999999999,-0.38749999999999996,13
-0.8374999999999999,-0.3625,15
-0.8374999999999999,-0.33749999999999997,8
-0.8374999999999999,-0.31249999999999994,13
-0.8374999999999999,-0.2874999999999999,18
-0.8374999999999999,-0.26249999999999996,13
-0.8374999999999999,-0.2375,23
-0.8374999999999999,-0.21249999999999997,8
-0.8374999999999999,-0.18749999999999994,14
-0.8374999999999999,-0.16249999999999992,18
-0.8374999999999999,-0.13749999999999996,13
-0.8374999999999999,-0.11249999999999999,24
-0.8374999999999999,-0.08749999999999997,16
-0.8374999999999999,-0.062499999999999944,13
-0.8374999999999999,-0.03749999999999992,16
-0.8374999999999999,-0.012499999999999956,10
-0.8374999999999999,0.012500000000000067,19
-0.8374999999999999,0.03750000000000009,16
-0.8374999999999999,0.0625,8
-0.8374999999999999,0.08750000000000002,14
-0.8374999999999999,0.11250000000000004,12
-0.8374999999999999,0.13750000000000007,11
-0.8374999999999999,0.1625000000000001,8
-0.8374999999999999,0.1875000000000001,7
-0.8374999999999999,0.21250000000000013,7
-0.8374999999999999,0.23750000000000004,12
-0.8374999999999999,0.26250000000000007,11
-0.8374999999999999,0.2875000000000001,11
-0.8374999999999999,0.3125000000000001,11
-0.8374999999999999,0.33750000000000013,10
-0.8374999999999999,0.36250000000000004,8
-0.8374999999999999,0.38750000000000007,18
-0.8374999999999999,0.4125000000000001,9
-0.8374999999999999,0.4375000000000001,7
-0.8374999999999999,0.46250000000000013,8
-0.8374999999999999,0.48750000000000004,8
-0.8374999999999999,0.5125000000000001,9
-0.8374999999999999,0.5375000000000001,7
-0.8374999999999999,0.5625000000000001,0
-0.8374999999999999,0.5875000000000001,0
-0.8374999999999999,0.6125,0
-0.8374999999999999,0.6375000000000001,0
-0.8374999999999999,0.6625000000000001,0
-0.8374999999999999,0.6875000000000001,0
-0.8374999999999999,0.7125000000000001,0
-0.8374999999999999,0.7375,0
-0.8374999999999999,0.7625000000000001,0
-0.8374999999999999,0.7875000000000001,0
-0.8374999999999999,0.8125000000000001,0
-0.8374999999999999,0.8375000000000001,0
-0.8374999999999999,0.8625,0
-0.8374999999999999,0.8875000000000001,0
-0.8374999999999999,0.9125000000000001,0
-0.8374999999999999,0.9375000000000001,0
-0.8374999999999999,0.9625000000000001,0
-0.8374999999999999,0.9875,0
-0.8125,-0.9875,0
-0.8125,-0.9624999999999999,0
-0.8125,-0.9375,0
-0.8125,-0.9125000000000001,0
-0.8125,-0.8875,0
-0.8125,-0.8625,0
-0.8125,-0.8374999999999999,0
-0.8125,-0.8125,0
-0.8125,-0.7875000000000001,0
-0.8125,-0.7625,0
-0.8125,-0.7375,0
-0.8125,-0.7124999999999999,0
-0.8125,-0.6875,0
-0.8125,-0.6625,0
-0.8125,-0.6375,0
-0.8125,-0.6125,0
-0.8125,-0.5874999999999999,5
-0.8125,-0.5625,5
-0.8125,-0.5375,9
-0.8125,-0.5125,8
-0.8125,-0.4875,8
-0.8125,-0.46249999999999997,17
-0.8125,-0.43749999999999994,7
-0.8125,-0.4124999999999999,7
-0.8125,-0.38749999999999996,14
-0.8125,-0.3625,13
-0.8125,-0.33749999999999997,18
-0.8125,-0.31249999999999994,14
-0.8125,-0.2874999999999999,17
-0.8125,-0.26249999999999996,8
-0.8125,-0.2375,15
-0.8125,-0.21249999999999997,14
-0.8125,-0.18749999999999994,14
-0.8125,-0.16249999999999992,16
-0.8125,-0.13749999999999996,17
-0.8125,-0.11249999999999999,18
-0.8125,-0.08749999999999997,19
-0.8125,-0.062499999999999944,17
-0.8125,-0.03749999999999992,14
-0.8125,-0.012499999999999956,13
-0.8125,0.012500000000000067,16
-0.8125,0.03750000000000009,18
-0.8125,0.0625,17
-0.8125,0.08750000000000002,17
-0.8125,0.11250000000000004,7
-0.8125,0.13750000000000007,25
-0.8125,0.1625000000000001,18
-0.8125,0.1875000000000001,14
-0.8125,0.21250000000000013,21
-0.8125,0.23750000000000004,11
-0.8125,0.26250000000000007,16
-0.8125,0.2875000000000001,15
-0.8125,0.3125000000000001,13
-0.8125,0.33750000000000013,12
-0.8125,0.36250000000000004,8
-0.8125,0.38750000000000007,10
-0.8125,0.4125000000000001,11
-0.8125,0.4375000000000001,6
-0.8125,0.46250000000000013,9
-0.8125,0.48750000000000004,13
-0.8125,0.5125000000000001,6
-0.8125,0.5375000000000001,13
-0.8125,0.5625000000000001,8
-0.8125,0.5875000000000001,5
-0.8125,0.6125,0
-0.8125,0.6375000000000001,0
-0.8125,0.6625000000000001,0
-0.8125,0.6875000000000001,0
-0.8125,0.7125000000000001,0
-0.8125,0.7375,0
-0.8125,0.7625000000000001,0
-0.8125,0.7875000000000001,0
-0.8125,0.8125000000000001,0
-0.8125,0.8375000000000001,0
-0.8125,0.8625,0
-0.8125,0.8875000000000001,0
-0.8125,0.9125000000000001,0
-0.8125,0.9375000000000001,0
-0.8125,0.9625000000000001,0
-0.8125,0.9875,0
-0.7875000000000001,-0.9875,0
-0.7875000000000001,-0.9624999999999999,0
-0.7875000000000001,-0.9375,0
-0.7875000000000001,-0.9125000000000001,0
-0.7875000000000001,-0.8875,0
-0.7875000000000001,-0.8625,0
-0.7875000000000001,-0.8374999999999999,0
-0.7875000000000001,-0.8125,0
-0.7875000000000001,-0.7875000000000001,0
-0.7875000000000001,-0.7625,0
-0.7875000000000001,-0.7375,0
-0.7875000000000001,-0.7124999999999999,0
-0.7875000000000001,-0.6875,0
-0.7875000000000001,-0.6625,0
-0.7875000000000001,-0.6375,0
-0.7875000000000001,-0.6125,8
-0.7875000000000001,-0.5874999999999999,6
-0.7875000000000001,-0.5625,8
-0.7875000000000001,-0.5375,6
-0.7875000000000001,-0.5125,7
-0.7875000000000001,-0.4875,9
-0.7875000000000001,-0.46249999999999997,7
-0.7875000000000001,-0.43749999999999994,8
-0.7875000000000001,-0.4124999999999999,16
-0.7875000000000001,-0.38749999999999996,10
-0.7875000000000001,-0.3625,14
-0.7875000000000001,-0.33749999999999997,15
-0.7875000000000001,-0.31249999999999994,11
-0.7875000000000001,-0.2874999999999999,23
-0.7875000000000001,-0.26249999999999996,25
-0.7875000000000001,-0.2375,14
-0.7875000000000001,-0.21249999999999997,19
-0.7875000000000001,-0.18749999999999994,19
-0.7875000000000001,-0.16249999999999992,14
-0.7875000000000001,-0.13749999999999996,19
-0.7875000000000001,-0.11249999999999999,23
-0.7875000000000001,-0.08749999999999997,15
-0.7875000000000001,-0.062499999999999944,18
-0.7875000000000001,-0.03749999999999992,19
-0.7875000000000001,-0.012499999999999956,22
-0.7875000000000001,0.012500000000000067,21
-0.7875000000000001,0.03750000000000009,18
-0.7875000000000001,0.0625,27
-0.7875000000000001,0.08750000000000002,11
-0.7875000000000001,0.11250000000000004,20
-0.7875000000000001,0.13750000000000007,20
-0.7875000000000001,0.1625000000000001,19
-0.7875000000000001,0.1875000000000001,17
-0.7875000000000001,0.21250000000000013,14
-0.7875000000000001,0.23750000000000004,17
-0.7875000000000001,0.26250000000000007,16
-0.7875000000000001,0.2875000000000001,13
-0.7875000000000001,0.3125000000000001,17
-0.7875000000000001,0.33750000000000013,12
-0.7875000000000001,0.36250000000000004,15
-0.7875000000000001,0.38750000000000007,13
-0.7875000000000001,0.4125000000000001,13
-0.7875000000000001,0.4375000000000001,15
-0.7875000000000001,0.46250000000000013,11
-0.7875000000000001,0.48750000000000004,9
-0.7875000000000001,0.5125000000000001,12
-0.7875000000000001,0.5375000000000001,13
-0.7875000000000001,0.5625000000000001,7
-0.7875000000000001,0.5875000000000001,8
-0.7875000000000001,0.6125,4
-0.7875000000000001,0.6375000000000001,0
-0.7875000000000001,0.6625000000000001,0
-0.7875000000000001,0.6875000000000001,0
-0.7875000000000001,0.7125000000000001,0
-0.7875000000000001,0.7375,0
-0.7875000000000001,0.7625000000000001,0
-0.7875000000000001,0.7875000000000001,0
-0.7875000000000001,0.8125000000000001,0
-0.7875000000000001,0.8375000000000001,0
-0.7875000000000001,0.8625,0
-0.7875000000000001,0.8875000000000001,0
-0.7875000000000001,0.9125000000000001,0
-0.7875000000000001,0.9375000000000001,0
-0.7875000000000001,0.9625000000000001,0
-0.7875000000000001,0.9875,0
-0.7625,-0.9875,0
-0.7625,-0.9624999999999999,0
-0.7625,-0.9375,0
-0.7625,-0.9125000000000001,0
-0.7625,-0.8875,0
-0.7625,-0.8625,0
-0.7625,-0.8374999999999999,0
-0.7625,-0.8125,0
-0.7625,-0.7875000000000001,0
-0.7625,-0.7625,0
-0.7625,-0.7375,0
-0.7625,-0.7124999999999999,0
-0.7625,-0.6875,0
-0.7625,-0.6625,0
-0.7625,-0.6375,6
-0.7625,-0.6125,6
-0.7625,-0.5874999999999999,11
-0.7625,-0.5625,5
-0.7625,-0.5375,10
-0.7625,-0.5125,8
-0.7625,-0.4875,12
-0.7625,-0.46249999999999997,8
-0.7625,-0.43749999999999994,14
-0.7625,-0.4124999999999999,11
-0.7625,-0.38749999999999996,11
-0.7625,-0.3625,16
-0.7625,-0.33749999999999997,15
-0.7625,-0.31249999999999994,13
-0.7625,-0.2874999999999999,13
-0.7625,-0.26249999999999996,15
-0.7625,-0.2375,19
-0.7625,-0.21249999999999997,17
-0.7625,-0.18749999999999994,27
-0.7625,-0.16249999999999992,21
-0.7625,-0.13749999999999996,23
-0.7625,-0.11249999999999999,18
-0.7625,-0.08749999999999997,29
-0.7625,-0.062499999999999944,18
-0.7625,-0.03749999999999992,21
-0.7625,-0.012499999999999956,16
-0.7625,0.012500000000000067,28
-0.7625,0.03750000000000009,18
-0.7625,0.0625,26
-0.7625,0.08750000000000002,26
-0.7625,0.11250000000000004,14
-0.7625,0.13750000000000007,18
-0.7625,0.1625000000000001,21
-0.7625,0.1875000000000001,15
-0.7625,0.21250000000000013,15
-0.7625,0.23750000000000004,15
-0.7625,0.26250000000000007,20
-0.7625,0.2875000000000001,9
-0.7625,0.3125000000000001,15
-0.7625,0.33750000000000013,21
-0.7625,0.36250000000000004,19
-0.7625,0.38750000000000007,13
-0.7625,0.4125000000000001,9
-0.7625,0.4375000000000001,10
-0.7625,0.46250000000000013,6
-0.7625,0.48750000000000004,10
-0.7625,0.5125000000000001,11
-0.7625,0.5375000000000001,9
-0.7625,0.5625000000000001,14
-0.7625,0.5875000000000001,14
-0.7625,0.6125,13
-0.7625,0.6375000000000001,7
-0.7625,0.6625000000000001,1
-0.7625,0.6875000000000001,0
-0.7625,0.7125000000000001,0
-0.7625,0.7375,0
-0.7625,0.7625000000000001,0
-0.7625,0.7875000000000001,0
-0.7625,0.8125000000000001,0
-0.7625,0.8375000000000001,0
-0.7625,0.8625,0
-0.7625,0.8875000000000001,0
-0.7625,0.9125000000000001,0
-0.7625,0.9375000000000001,0
-0.7625,0.9625000000000001,0
-0.7625,0.9875,0
-0.7375,-0.9875,0
-0.7375,-0.9624999999999999,0
-0.7375,-0.9375,0
-0.7375,-0.9125000000000001,0
-0.7375,-0.8875,0
-0.7375,-0.8625,0
-0.7375,-0.8374999999999999,0
-0.7375,-0.8125,0
-0.7375,-0.7875000000000001,0
-0.7375,-0.7625,0
-0.7375,-0.7375,0
-0.7375,-0.7124999999999999,0
-0.7375,-0.6875,1
-0.7375,-0.6625,5
-0.7375,-0.6375,7
-0.7375,-0.6125,6
-0.7375,-0.5874999999999999,4
-0.7375,-0.5625,10
-0.7375,-0.5375,9
-0.7375,-0.5125,11
-0.7375,-0.4875,11
-0.7375,-0.46249999999999997,15
-0.7375,-0.43749999999999994,14
-0.7375,-0.4124999999999999,16
-0.7375,-0.38749999999999996,19
-0.7375,-0.3625,12
-0.7375,-0.33749999999999997,7
-0.7375,-0.31249999999999994,18
-0.7375,-0.2874999999999999,19
-0.7375,-0.26249999999999996,12
-0.7375,-0.2375,20
-0.7375,-0.21249999999999997,14
-0.7375,-0.18749999999999994,12
-0.7375,-0.16249999999999992,22
-0.7375,-0.13749999999999996,26
-0.7375,-0.11249999999999999,22
-0.7375,-0.08749999999999997,29
-0.7375,-0.062499999999999944,16
-0.7375,-0.03749999999999992,31
-0.7375,-0.012499999999999956,21
-0.7375,0.012500000000000067,19
-0.7375,0.03750000000000009,22
-0.7375,0.0625,29
-0.7375,0.08750000000000002,27
-0.7375,0.11250000000000004,25
-0.7375,0.13750000000000007,25
-0.7375,0.1625000000000001,22
-0.7375,0.1875000000000001,22
-0.7375,0.21250000000000013,16
-0.7375,0.23750000000000004,24
-0.7375,0.26250000000000007,26
-0.7375,0.2875000000000001,23
-0.7375,0.3125000000000001,27
-0.7375,0.33750000000000013,20
-0.7375,0.36250000000000004,15
-0.7375,0.38750000000000007,18
-0.7375,0.4125000000000001,16
-0.7375,0.4375000000000001,18
-0.7375,0.46250000000000013,17
-0.7375,0.48750000000000004,21
-0.7375,0.5125000000000001,13
-0.7375,0.5375000000000001,12
-0.7375,0.5625000000000001,6
-0.7375,0.5875000000000001,6
-0.7375,0.6125,10
-0.7375,0.6375000000000001,5
-0.7375,0.6625000000000001,7
-0.7375,0.6875000000000001,1
-0.7375,0.7125000000000001,0
-0.7375,0.7375,0
-0.7375,0.7625000000000001,0
-0.7375,0.7875000000000001,0
-0.7375,0.8125000000000001,0
-0.7375,0.8375000000000001,0
-0.7375,0.8625,0
-0.7375,0.8875000000000001,0
-0.7375,0.9125000000000001,0
-0.7375,0.9375000000000001,0
-0.7375,0.9625000000000001,0
-0.7375,0.9875,0
-0.7124999999999999,-0.9875,0
-0.7124999999999999,-0.9624999999999999,0
-0.7124999999999999,-0.9375,0
-0.7124999999999999,-0.9125000000000001,0
-0.7124999999999999,-0.8875,0
-0.7124999999999999,-0.8625,0
-0.7124999999999999,-0.8374999999999999,0
-0.7124999999999999,-0.8125,0
-0.7124999999999999,-0.7875000000000001,0
-0.7124999999999999,-0.7625,0
-0.7124999999999999,-0.7375,0
-0.7124999999999999,-0.7124999999999999,2
-0.7124999999999999,-0.6875,8
-0.7124999999999999,-0.6625,8
-0.7124999999999999,-0.6375,9
-0.7124999999999999,-0.6125,9
-0.7124999999999999,-0.5874999999999999,9
-0.7124999999999999,-0.5625,14
-0.7124999999999999,-0.5375,7
-0.7124999999999999,-0.5125,11
-0.7124999999999999,-0.4875,12
-0.7124999999999999,-0.46249999999999997,22
-0.7124999999999999,-0.43749999999999994,9
-0.7124999999999999,-0.4124999999999999,11
-0.7124999999999999,-0.38749999999999996,15
-0.7124999999999999,-0.3625,23
-0.7124999999999999,-0.33749999999999997,14
-0.7124999999999999,-0.31249999999999994,23
-0.7124999999999999,-0.2874999999999999,23
-0.7124999999999999,-0.26249999999999996,19
-0.7124999999999999,-0.2375,24
-0.7124999999999999,-0.21249999999999997,23
-0.7124999999999999,-0.18749999999999994,17
-0.7124999999999999,-0.16249999999999992,20
-0.7124999999999999,-0.13749999999999996,33
-0.7124999999999999,-0.11249999999999999,24
-0.7124999999999999,-0.08749999999999997,25
-0.7124999999999999,-0.062499999999999944,33
-0.7124999999999999,-0.03749999999999992,24
-0.7124999999999999,-0.012499999999999956,24
-0.7124999999999999,0.012500000000000067,24
-0.7124999999999999,0.03750000000000009,24
-0.7124999999999999,0.0625,23
-0.7124999999999999,0.08750000000000002,29
-0.7124999999999999,0.11250000000000004,29
-0.7124999999999999,0.13750000000000007,21
-0.7124999999999999,0.1625000000000001,25
-0.7124999999999999,0.1875000000000001,22
-0.7124999999999999,0.21250000000000013,23
-0.7124999999999999,0.23750000000000004,25
-0.7124999999999999,0.26250000000000007,23
-0.7124999999999999,0.2875000000000001,21
-0.7124999999999999,0.3125000000000001,21
-0.7124999999999999,0.33750000000000013,19
-0.7124999999999999,0.36250000000000004,19
-0.7124999999999999,0.38750000000000007,13
-0.7124999999999999,0.4125000000000001,15
-0.7124999999999999,0.4375000000000001,27
-0.7124999999999999,0.46250000000000013,18
-0.7124999999999999,0.48750000000000004,17
-0.7124999999999999,0.5125000000000001,9
-0.7124999999999999,0.5375000000000001,14
-0.7124999999999999,0.5625000000000001,15
-0.7124999999999999,0.5875000000000001,12
-0.7124999999999999,0.6125,6
-0.7124999999999999,0.6375000000000001,10
-0.7124999999999999,0.6625000000000001,11
-0.7124999999999999,0.6875000000000001,4
-0.7124999999999999,0.7125000000000001,0
-0.7124999999999999,0.7375,0
-0.7124999999999999,0.7625000000000001,0
-0.7124999999999999,0.7875000000000001,0
-0.7124999999999999,0.8125000000000001,0
-0.7124999999999999,0.8375000000000001,0
-0.7124999999999999,0.8625,0
-0.7124999999999999,0.8875000000000001,0
-0.7124999999999999,0.9125000000000001,0
-0.7124999999999999,0.9375000000000001,0
-0.7124999999999999,0.9625000000000001,0
-0.7124999999999999,0.9875,0
-0.6875,-0.9875,0
-0.6875,-0.9624999999999999,0
-0.6875,-0.9375,0
-0.6875,-0.9125000000000001,0
-0.6875,-0.8875,0
-0.6875,-0.8625,0
-0.6875,-0.8374999999999999,0
-0.6875,-0.8125,0
-0.6875,-0.7875000000000001,0
-0.6875,-0.7625,0
-0.6875,-0.7375,1
-0.6875,-0.7124999999999999,12
-0.6875,-0.6875,9
-0.6875,-0.6625,11
-0.6875,-0.6375,3
-0.6875,-0.6125,11
-0.6875,-0.5874999999999999,6
-0.6875,-0.5625,8
-0.6875,-0.5375,9
-0.6875,-0.5125,12
-0.6875,-0.4875,16
-0.6875,-0.46249999999999997,15
-0.6875,-0.43749999999999994,17
-0.6875,-0.4124999999999999,18
-0.6875,-0.38749999999999996,20
-0.6875,-0.3625,14
-0.6875,-0.33749999999999997,14
-0.6875,-0.31249999999999994,23
-0.6875,-0.2874999999999999,25
-0.6875,-0.26249999999999996,35
-0.6875,-0.2375,27
-0.6875,-0.21249999999999997,18
-0.6875,-0.18749999999999994,33
-0.6875,-0.16249999999999992,39
-0.6875,-0.13749999999999996,30
-0.6875,-0.11249999999999999,36
-0.6875,-0.08749999999999997,31
-0.6875,-0.062499999999999944,32
-0.6875,-0.03749999999999992,45
-0.6875,-0.012499999999999956,27
-0.6875,0.012500000000000067,26
-0.6875,0.03750000000000009,38
-0.6875,0.0625,29
-0.6875,0.08750000000000002,28
-0.6875,0.11250000000000004,30
-0.6875,0.13750000000000007,29
-0.6875,0.1625000000000001,30
-0.6875,0.1875000000000001,26
-0.6875,0.21250000000000013,30
-0.6875,0.23750000000000004,27
-0.6875,0.26250000000000007,21
-0.6875,0.2875000000000001,20
-0.6875,0.3125000000000001,25
-0.6875,0.33750000000000013,23
-0.6875,0.36250000000000004,19
-0.6875,0.38750000000000007,16
-0.6875,0.4125000000000001,14
-0.6875,0.4375000000000001,15
-0.6875,0.46250000000000013,13
-0.6875,0.48750000000000004,14
-0.6875,0.5125000000000001,10
-0.6875,0.5375000000000001,16
-0.6875,0.5625000000000001,9
-0.6875,0.5875000000000001,10
-0.6875,0.6125,8
-0.6875,0.6375000000000001,9
-0.6875,0.6625000000000001,6
-0.6875,0.6875000000000001,8
-0.6875,0.7125000000000001,8
-0.6875,0.7375,2
-0.6875,0.7625000000000001,0
-0.6875,0.7875000000000001,0
-0.6875,0.8125000000000001,0
-0.6875,0.8375000000000001,0
-0.6875,0.8625,0
-0.6875,0.8875000000000001,0
-0.6875,0.9125000000000001,0
-0.6875,0.9375000000000001,0
-0.6875,0.9625000000000001,0
-0.6875,0.9875,0
-0.6625,-0.9875,0
-0.6625,-0.9624999999999999,0
-0.6625,-0.9375,0
-0.6625,-0.9125000000000001,0
-0.6625,-0.8875,0
-0.6625,-0.8625,0
-0.6625,-0.8374999999999999,0
-0.6625,-0.8125,0
-0.6625,-0.7875000000000001,0
-0.6625,-0.7625,3
-0.6625,-0.7375,7
-0.6625,-0.7124999999999999,13
-0.6625,-0.6875,9
-0.6625,-0.6625,15
-0.6625,-0.6375,8
-0.6625,-0.6125,8
-0.6625,-0.5874999999999999,7
-0.6625,-0.5625,7
-0.6625,-0.5375,17
-0.6625,-0.5125,15
-0.6625,-0.4875,11
-0.6625,-0.46249999999999997,20
-0.6625,-0.43749999999999994,20
-0.6625,-0.4124999999999999,15
-0.6625,-0.38749999999999996,26
-0.6625,-0.3625,23
-0.6625,-0.33749999999999997,19
-0.6625,-0.31249999999999994,15
-0.6625,-0.2874999999999999,25
-0.6625,-0.26249999999999996,29
-0.6625,-0.2375,40
-0.6625,-0.21249999999999997,33
-0.6625,-0.18749999999999994,28
-0.6625,-0.16249999999999992,35
-0.6625,-0.13749999999999996,35
-0.6625,-0.11249999999999999,33
-0.6625,-0.08749999999999997,31
-0.6625,-0.062499999999999944,29
-0.6625,-0.03749999999999992,39
-0.6625,-0.012499999999999956,41
-0.6625,0.012500000000000067,39
-0.6625,0.03750000000000009,40
-0.6625,0.0625,42
-0.6625,0.08750000000000002,39
-0.6625,0.11250000000000004,45
-0.6625,0.13750000000000007,34
-0.6625,0.1625000000000001,36
-0.6625,0.1875000000000001,21
-0.6625,0.21250000000000013,29
-0.6625,0.23750000000000004,37
-0.6625,0.26250000000000007,35
-0.6625,0.2875000000000001,28
-0.6625,0.3125000000000001,29
-0.6625,0.33750000000000013,24
-0.6625,0.36250000000000004,21
-0.6625,0.38750000000000007,24
-0.6625,0.4125000000000001,13
-0.6625,0.4375000000000001,20
-0.6625,0.46250000000000013,22
-0.6625,0.48750000000000004,15
-0.6625,0.5125000000000001,14
-0.6625,0.5375000000000001,17
-0.6625,0.5625000000000001,11
-0.6625,0.5875000000000001,16
-0.6625,0.6125,13
-0.6625,0.6375000000000001,9
-0.6625,0.6625000000000001,11
-0.6625,0.6875000000000001,16
-0.6625,0.7125000000000001,7
-0.6625,0.7375,6
-0.6625,0.7625000000000001,0
-0.6625,0.7875000000000001,0
-0.6625,0.8125000000000001,0
-0.6625,0.8375000000000001,0
-0.6625,0.8625,0
-0.6625,0.8875000000000001,0
-0.6625,0.9125000000000001,0
-0.6625,0.9375000000000001,0
-0.6625,0.9625000000000001,0
-0.6625,0.9875,0
-0.6375,-0.9875,0
-0.6375,-0.9624999999999999,0
-0.6375,-0.9375,0
-0.6375,-0.9125000000000001,0
-0.6375,-0.8875,0
-0.6375,-0.8625,0
-0.6375,-0.8374999999999999,0
-0.6375,-0.8125,0
-0.6375,-0.7875000000000001,0
-0.6375,-0.7625,5
-0.6375,-0.7375,8
-0.6375,-0.7124999999999999,10
-0.6375,-0.6875,5
-0.6375,-0.6625,8
-0.6375,-0.6375,3
-0.6375,-0.6125,14
-0.6375,-0.5874999999999999,16
-0.6375,-0.5625,12
-0.6375,-0.5375,14
-0.6375,-0.5125,13
-0.6375,-0.4875,13
-0.6375,-0.46249999999999997,13
-0.6375,-0.43749999999999994,18
-0.6375,-0.4124999999999999,31
-0.6375,-0.38749999999999996,22
-0.6375,-0.3625,15
-0.6375,-0.33749999999999997,25
-0.6375,-0.31249999999999994,23
-0.6375,-0.2874999999999999,34
-0.6375,-0.26249999999999996,33
-0.6375,-0.2375,36
-0.6375,-0.21249999999999997,40
-0.6375,-0.18749999999999994,31
-0.6375,-0.16249999999999992,38
-0.6375,-0.13749999999999996,46
-0.6375,-0.11249999999999999,47
-0.6375,-0.08749999999999997,32
-0.6375,-0.062499999999999944,42
-0.6375,-0.03749999999999992,36
-0.6375,-0.012499999999999956,45
-0.6375,0.012500000000000067,51
-0.6375,0.03750000000000009,44
-0.6375,0.0625,47
-0.6375,0.08750000000000002,45
-0.6375,0.11250000000000004,35
-0.6375,0.13750000000000007,38
-0.6375,0.1625000000000001,47
-0.6375,0.1875000000000001,32
-0.6375,0.21250000000000013,48
-0.6375,0.23750000000000004,35
-0.6375,0.26250000000000007,33
-0.6375,0.2875000000000001,25
-0.6375,0.3125000000000001,32
-0.6375,0.33750000000000013,25
-0.6375,0.36250000000000004,32
-0.6375,0.38750000000000007,22
-0.6375,0.4125000000000001,21
-0.6375,0.4375000000000001,24
-0.6375,0.46250000000000013,24
-0.6375,0.48750000000000004,34
-0.6375,0.5125000000000001,20
-0.6375,0.5375000000000001,15
-0.6375,0.5625000000000001,14
-0.6375,0.5875000000000001,14
-0.6375,0.6125,13
-0.6375,0.6375000000000001,12
-0.6375,0.6625000000000001,8
-0.6375,0.6875000000000001,15
-0.6375,0.7125000000000001,13
-0.6375,0.7375,13
-0.6375,0.7625000000000001,13
-0.6375,0.7875000000000001,0
-0.6375,0.8125000000000001,0
-0.6375,0.8375000000000001,0
-0.6375,0.8625,0
-0.6375,0.8875000000000001,0
-0.6375,0.9125000000000001,0
-0.6375,0.9375000000000001,0
-0.6375,0.9625000000000001,0
-0.6375,0.9875,0
-0.6125,-0.9875,0
-0.6125,-0.9624999999999999,0
-0.6125,-0.9375,0
-0.6125,-0.9125000000000001,0
-0.6125,-0.8875,0
-0.6125,-0.8625,0
-0.6125,-0.8374999999999999,0
-0.6125,-0.8125,0
-0.6125,-0.7875000000000001,6
-0.6125,-0.7625,9
-0.6125,-0.7375,14
-0.6125,-0.7124999999999999,9
-0.6125,-0.6875,13
-0.6125,-0.6625,6
-0.6125,-0.6375,8
-0.6125,-0.6125,11
-0.6125,-0.5874999999999999,10
-0.6125,-0.5625,11
-0.6125,-0.5375,12
-0.6125,-0.5125,25
-0.6125,-0.4875,12
-0.6125,-0.46249999999999997,22
-0.6125,-0.43749999999999994,17
-0.6125,-0.4124999999999999,18
-0.6125,-0.38749999999999996,25
-0.6125,-0.3625,27
-0.6125,-0.33749999999999997,33
-0.6125,-0.31249999999999994,25
-0.6125,-0.2874999999999999,37
-0.6125,-0.26249999999999996,30
-0.6125,-0.2375,39
-0.6125,-0.21249999999999997,47
-0.6125,-0.18749999999999994,58
-0.6125,-0.16249999999999992,33
-0.6125,-0.13749999999999996,51
-0.6125,-0.11249999999999999,49
-0.6125,-0.08749999999999997,38
-0.6125,-0.062499999999999944,46
-0.6125,-0.03749999999999992,67
-0.6125,-0.012499999999999956,66
-0.6125,0.012500000000000067,36
-0.6125,0.03750000000000009,57
-0.6125,0.0625,53
-0.6125,0.08750000000000002,58
-0.6125,0.11250000000000004,51
-0.6125,0.13750000000000007,44
-0.6125,0.1625000000000001,30
-0.6125,0.1875000000000001,30
-0.6125,0.21250000000000013,58
-0.6125,0.23750000000000004,45
-0.6125,0.26250000000000007,35
-0.6125,0.2875000000000001,43
-0.6125,0.3125000000000001,41
-0.6125,0.33750000000000013,34
-0.6125,0.36250000000000004,34
-0.6125,0.38750000000000007,20
-0.6125,0.4125000000000001,24
-0.6125,0.4375000000000001,25
-0.6125,0.46250000000000013,22
-0.6125,0.48750000000000004,20
-0.6125,0.5125000000000001,23
-0.6125,0.5375000000000001,16
-0.6125,0.5625000000000001,20
-0.6125,0.5875000000000001,17
-0.6125,0.6125,9
-0.6125,0.6375000000000001,18
-0.6125,0.6625000000000001,13
-0.6125,0.6875000000000001,14
-0.6125,0.7125000000000001,18
-0.6125,0.7375,12
-0.6125,0.7625000000000001,12
-0.6125,0.7875000000000001,3
-0.6125,0.8125000000000001,0
-0.6125,0.8375000000000001,0
-0.6125,0.8625,0
-0.6125,0.8875000000000001,0
-0.6125,0.9125000000000001,0
-0.6125,0.9375000000000001,0
-0.6125,0.9625000000000001,0
-0.6125,0.9875,0
-0.5874999999999999,-0.9875,0
-0.5874999999999999,-0.9624999999999999,0
-0.5874999999999999,-0.9375,0
-0.5874999999999999,-0.9125000000000001,0
-0.5874999999999999,-0.8875,0
-0.5874999999999999,-0.8625,0
-0.5874999999999999,-0.8374999999999999,0
-0.5874999999999999,-0.8125,1
-0.5874999999999999,-0.7875000000000001,9
-0.5874999999999999,-0.7625,6
-0.5874999999999999,-0.7375,10
-0.5874999999999999,-0.7124999999999999,12
-0.5874999999999999,-0.6875,8
-0.5874999999999999,-0.6625,8
-0.5874999999999999,-0.6375,16
-0.5874999999999999,-0.6125,7
-0.5874999999999999,-0.5874999999999999,17
-0.5874999999999999,-0.5625,12
-0.5874999999999999,-0.5375,8
-0.5874999999999999,-0.5125,19
-0.5874999999999999,-0.4875,21
-0.5874999999999999,-0.46249999999999997,21
-0.5874999999999999,-0.43749999999999994,19
-0.5874999999999999,-0.4124999999999999,30
-0.5874999999999999,-0.38749999999999996,29
-0.5874999999999999,-0.3625,26
-0.5874999999999999,-0.33749999999999997,34
-0.5874999999999999,-0.31249999999999994,34
-0.5874999999999999,-0.2874999999999999,41
-0.5874999999999999,-0.26249999999999996,51
-0.5874999999999999,-0.2375,56
-0.5874999999999999,-0.21249999999999997,50
-0.5874999999999999,-0.18749999999999994,45
-0.5874999999999999,-0.16249999999999992,50
-0.5874999999999999,-0.13749999999999996,59
-0.5874999999999999,-0.11249999999999999,55
-0.5874999999999999,-0.08749999999999997,47
-0.5874999999999999,-0.062499999999999944,63
-0.5874999999999999,-0.03749999999999992,55
-0.5874999999999999,-0.012499999999999956,51
-0.5874999999999999,0.012500000000000067,48
-0.5874999999999999,0.03750000000000009,71
-0.5874999999999999,0.0625,63
-0.5874999999999999,0.08750000000000002,59
-0.5874999999999999,0.11250000000000004,51
-0.5874999999999999,0.13750000000000007,57
-0.5874999999999999,0.1625000000000001,71
-0.5874999999999999,0.1875000000000001,44
-0.5874999999999999,0.21250000000000013,44
-0.5874999999999999,0.23750000000000004,37
-0.5874999999999999,0.26250000000000007,48
-0.5874999999999999,0.2875000000000001,46
-0.5874999999999999,0.3125000000000001,37
-0.5874999999999999,0.33750000000000013,45
-0.5874999999999999,0.36250000000000004,23
-0.5874999999999999,0.38750000000000007,30
-0.5874999999999999,0.4125000000000001,33
-0.5874999999999999,0.4375000000000001,22
-0.5874999999999999,0.46250000000000013,33
-0.5874999999999999,0.48750000000000004,29
-0.5874999999999999,0.5125000000000001,15
-0.5874999999999999,0.5375000000000001,24
-0.5874999999999999,0.5625000000000001,21
-0.5874999999999999,0.5875000000000001,23
-0.5874999999999999,0.6125,20
-0.5874999999999999,0.6375000000000001,19
-0.5874999999999999,0.6625000000000001,11
-0.5874999999999999,0.6875000000000001,13
-0.5874999999999999,0.7125000000000001,7
-0.5874999999999999,0.7375,9
-0.5874999999999999,0.7625000000000001,12
-0.5874999999999999,0.7875000000000001,5
-0.5874999999999999,0.8125000000000001,8
-0.5874999999999999,0.8375000000000001,0
-0.5874999999999999,0.8625,0
-0.5874999999999999,0.8875000000000001,0
-0.5874999999999999,0.9125000000000001,0
-0.5874999999999999,0.9375000000000001,0
-0.5874999999999999,0.9625000000000001,0
-0.5874999999999999,0.9875,0
-0.5625,-0.9875,0
-0.5625,-0.9624999999999999,0
-0.5625,-0.9375,0
-0.5625,-0.9125000000000001,0
-0.5625,-0.8875,0
-0.5625,-0.8625,0
-0.5625,-0.8374999999999999,1
-0.5625,-0.8125,11
-0.5625,-0.7875000000000001,13
-0.5625,-0.7625,15
-0.5625,-0.7375,9
-0.5625,-0.7124999999999999,7
-0.5625,-0.6875,12
-0.5625,-0.6625,17
-0.5625,-0.6375,21
-0.5625,-0.6125,9
-0.5625,-0.5874999999999999,19
-0.5625,-0.5625,17
-0.5625,-0.5375,14
-0.5625,-0.5125,19
-0.5625,-0.4875,23
-0.5625,-0.46249999999999997,21
-0.5625,-0.43749999999999994,21
-0.5625,-0.4124999999999999,23
-0.5625,-0.38749999999999996,26
-0.5625,-0.3625,25
-0.5625,-0.33749999999999997,33
-0.5625,-0.31249999999999994,36
-0.5625,-0.2874999999999999,44
-0.5625,-0.26249999999999996,38
-0.5625,-0.2375,36
-0.5625,-0.21249999999999997,61
-0.5625,-0.18749999999999994,45
-0.5625,-0.16249999999999992,56
-0.5625,-0.13749999999999996,67
-0.5625,-0.11249999999999999,63
-0.5625,-0.08749999999999997,65
-0.5625,-0.062499999999999944,59
-0.5625,-0.03749999999999992,70
-0.5625,-0.012499999999999956,68
-0.5625,0.012500000000000067,67
-0.5625,0.03750000000000009,70
-0.5625,0.0625,57
-0.5625,0.08750000000000002,57
-0.5625,0.11250000000000004,81
-0.5625,0.13750000000000007,63
-0.5625,0.1625000000000001,62
-0.5625,0.1875000000000001,48
-0.5625,0.21250000000000013,45
-0.5625,0.23750000000000004,55
-0.5625,0.26250000000000007,39
-0.5625,0.2875000000000001,45
-0.5625,0.3125000000000001,37
-0.5625,0.33750000000000013,39
-0.5625,0.36250000000000004,47
-0.5625,0.38750000000000007,36
-0.5625,0.4125000000000001,27
-0.5625,0.4375000000000001,40
-0.5625,0.46250000000000013,34
-0.5625,0.48750000000000004,32
-0.5625,0.5125000000000001,24
-0.5625,0.5375000000000001,22
-0.5625,0.5625000000000001,22
-0.5625,0.5875000000000001,18
-0.5625,0.6125,9
-0.5625,0.6375000000000001,14
-0.5625,0.6625000000000001,21
-0.5625,0.6875000000000001,15
-0.5625,0.7125000000000001,16
-0.5625,0.7375,12
-0.5625,0.7625000000000001,10
-0.5625,0.7875000000000001,10
-0.5625,0.8125000000000001,4
-0.5625,0.8375000000000001,0
-0.5625,0.8625,0
-0.5625,0.8875000000000001,0
-0.5625,0.9125000000000001,0
-0.5625,0.9375000000000001,0
-0.5625,0.9625000000000001,0
-0.5625,0.9875,0
-0.5375,-0.9875,0
-0.5375,-0.9624999999999999,0
-0.5375,-0.9375,0
-0.5375,-0.9125000000000001,0
-0.5375,-0.8875,0
-0.5375,-0.8625,0
-0.5375,-0.8374999999999999,4
-0.5375,-0.8125,6
-0.5375,-0.7875000000000001,10
-0.5375,-0.7625,11
-0.5375,-0.7375,5
-0.5375,-0.7124999999999999,8
-0.5375,-0.6875,12
-0.5375,-0.6625,15
-0.5375,-0.6375,14
-0.5375,-0.6125,13
-0.5375,-0.5874999999999999,17
-0.5375,-0.5625,21
-0.5375,-0.5375,17
-0.5375,-0.5125,19
-0.5375,-0.4875,19
-0.5375,-0.46249999999999997,28
-0.5375,-0.43749999999999994,28
-0.5375,-0.4124999999999999,19
-0.5375,-0.38749999999999996,33
-0.5375,-0.3625,34
-0.5375,-0.33749999999999997,42
-0.5375,-0.31249999999999994,35
-0.5375,-0.2874999999999999,36
-0.5375,-0.26249999999999996,37
-0.5375,-0.2375,51
-0.5375,-0.21249999999999997,43
-0.5375,-0.18749999999999994,66
-0.5375,-0.16249999999999992,56
-0.5375,-0.13749999999999996,65
-0.5375,-0.11249999999999999,70
-0.5375,-0.08749999999999997,91
-0.5375,-0.062499999999999944,68
-0.5375,-0.03749999999999992,78
-0.5375,-0.012499999999999956,74
-0.5375,0.012500000000000067,70
-0.5375,0.03750000000000009,59
-0.5375,0.0625,87
-0.5375,0.08750000000000002,63
-0.5375,0.11250000000000004,75
-0.5375,0.13750000000000007,84
-0.5375,0.1625000000000001,73
-0.5375,0.1875000000000001,73
-0.5375,0.21250000000000013,64
-0.5375,0.23750000000000004,58
-0.5375,0.26250000000000007,58
-0.5375,0.2875000000000001,43
-0.5375,0.3125000000000001,40
-0.5375,0.33750000000000013,59
-0.5375,0.36250000000000004,45
-0.5375,0.38750000000000007,47
-0.5375,0.4125000000000001,28
-0.5375,0.4375000000000001,42
-0.5375,0.46250000000000013,42
-0.5375,0.48750000000000004,27
-0.5375,0.5125000000000001,26
-0.5375,0.5375000000000001,17
-0.5375,0.5625000000000001,23
-0.5375,0.5875000000000001,21
-0.5375,0.6125,23
-0.5375,0.6375000000000001,20
-0.5375,0.6625000000000001,18
-0.5375,0.6875000000000001,11
-0.5375,0.7125000000000001,14
-0.5375,0.7375,14
-0.5375,0.7625000000000001,14
-0.5375,0.7875000000000001,10
-0.5375,0.8125000000000001,6
-0.5375,0.8375000000000001,8
-0.5375,0.8625,0
-0.5375,0.8875000000000001,0
-0.5375,0.9125000000000001,0
-0.5375,0.9375000000000001,0
-0.5375,0.9625000000000001,0
-0.5375,0.9875,0
-0.5125,-0.9875,0
-0.5125,-0.9624999999999999,0
-0.5125,-0.9375,0
-0.5125,-0.9125000000000001,0
-0.5125,-0.8875,0
-0.5125,-0.8625,3
-0.5125,-0.8374999999999999,8
-0.5125,-0.8125,7
-0.5125,-0.7875000000000001,9
-0.5125,-0.7625,7
-0.5125,-0.7375,9
-0.5125,-0.7124999999999999,12
-0.5125,-0.6875,19
-0.5125,-0.6625,11
-0.5125,-0.6375,16
-0.5125,-0.6125,18
-0.5125,-0.5874999999999999,18
-0.5125,-0.5625,18
-0.5125,-0.5375,14
-0.5125,-0.5125,33
-0.5125,-0.4875,22
-0.5125,-0.46249999999999997,31
-0.5125,-0.43749999999999994,39
-0.5125,-0.4124999999999999,29
-0.5125,-0.38749999999999996,36
-0.5125,-0.3625,43
-0.5125,-0.33749999999999997,37
-0.5125,-0.31249999999999994,42
-0.5125,-0.2874999999999999,50
-0.5125,-0.26249999999999996,50
-0.5125,-0.2375,54
-0.5125,-0.21249999999999997,61
-0.5125,-0.18749999999999994,72
-0.5125,-0.16249999999999992,75
-0.5125,-0.13749999999999996,92
-0.5125,-0.11249999999999999,70
-0.5125,-0.08749999999999997,79
-0.5125,-0.062499999999999944,84
-0.5125,-0.03749999999999992,93
-0.5125,-0.012499999999999956,90
-0.5125,0.012500000000000067,83
-0.5125,0.03750000000000009,93
-0.5125,0.0625,75
-0.5125,0.08750000000000002,81
-0.5125,0.11250000000000004,95
-0.5125,0.13750000000000007,80
-0.5125,0.1625000000000001,76
-0.5125,0.1875000000000001,82
-0.5125,0.21250000000000013,75
-0.5125,0.23750000000000004,71
-0.5125,0.26250000000000007,69
-0.5125,0.2875000000000001,63
-0.5125,0.3125000000000001,51
-0.5125,0.33750000000000013,64
-0.5125,0.36250000000000004,47
-0.5125,0.38750000000000007,49
-0.5125,0.4125000000000001,40
-0.5125,0.4375000000000001,38
-0.5125,0.46250000000000013,36
-0.5125,0.48750000000000004,32
-0.5125,0.5125000000000001,22
-0.5125,0.5375000000000001,34
-0.5125,0.5625000000000001,20
-0.5125,0.5875000000000001,18
-0.5125,0.6125,19
-0.5125,0.6375000000000001,23
-0.5125,0.6625000000000001,17
-0.5125,0.6875000000000001,9
-0.5125,0.7125000000000001,16
-0.5125,0.7375,11
-0.5125,0.7625000000000001,8
-0.5125,0.7875000000000001,13
-0.5125,0.8125000000000001,7
-0.5125,0.8375000000000001,11
-0.5125,0.8625,1
-0.5125,0.8875000000000001,0
-0.5125,0.9125000000000001,0
-0.5125,0.9375000000000001,0
-0.5125,0.9625000000000001,0
-0.5125,0.9875,0
-0.4875,-0.9875,0
-0.4875,-0.9624999999999999,0
-0.4875,-0.9375,0
-0.4875,-0.9125000000000001,0
-0.4875,-0.8875,0
-0.4875,-0.8625,6
-0.4875,-0.8374999999999999,14
-0.4875,-0.8125,9
-0.4875,-0.7875000000000001,12
-0.4875,-0.7625,9
-0.4875,-0.7375,12
-0.4875,-0.7124999999999999,11
-0.4875,-0.6875,11
-0.4875,-0.6625,12
-0.4875,-0.6375,18
-0.4875,-0.6125,21
-0.4875,-0.5874999999999999,24
-0.4875,-0.5625,19
-0.4875,-0.5375,21
-0.4875,-0.5125,27
-0.4875,-0.4875,39
-0.4875,-0.46249999999999997,29
-0.4875,-0.43749999999999994,36
-0.4875,-0.4124999999999999,35
-0.4875,-0.38749999999999996,41
-0.4875,-0.3625,49
-0.4875,-0.33749999999999997,60
-0.4875,-0.31249999999999994,46
-0.4875,-0.2874999999999999,58
-0.4875,-0.26249999999999996,66
-0.4875,-0.2375,75
-0.4875,-0.21249999999999997,67
-0.4875,-0.18749999999999994,76
-0.4875,-0.16249999999999992,86
-0.4875,-0.13749999999999996,86
-0.4875,-0.11249999999999999,84
-0.4875,-0.08749999999999997,114
-0.4875,-0.062499999999999944,106
-0.4875,-0.03749999999999992,89
-0.4875,-0.012499999999999956,110
-0.4875,0.012500000000000067,105
-0.4875,0.03750000000000009,94
-0.4875,0.0625,113
-0.4875,0.08750000000000002,94
-0.4875,0.11250000000000004,114
-0.4875,0.13750000000000007,110
-0.4875,0.1625000000000001,78
-0.4875,0.1875000000000001,72
-0.4875,0.21250000000000013,94
-0.4875,0.23750000000000004,90
-0.4875,0.26250000000000007,64
-0.4875,0.2875000000000001,74
-0.4875,0.3125000000000001,72
-0.4875,0.33750000000000013,40
-0.4875,0.36250000000000004,49
-0.4875,0.38750000000000007,34
-0.4875,0.4125000000000001,53
-0.4875,0.4375000000000001,36
-0.4875,0.46250000000000013,38
-0.4875,0.48750000000000004,28
-0.4875,0.5125000000000001,29
-0.4875,0.5375000000000001,32
-0.4875,0.5625000000000001,21
-0.4875,0.5875000000000001,19
-0.4875,0.6125,22
-0.4875,0.6375000000000001,17
-0.4875,0.6625000000000001,19
-0.4875,0.6875000000000001,12
-0.4875,0.7125000000000001,9
-0.4875,0.7375,20
-0.4875,0.7625000000000001,5
-0.4875,0.7875000000000001,9
-0.4875,0.8125000000000001,16
-0.4875,0.8375000000000001,9
-0.4875,0.8625,9
-0.4875,0.8875000000000001,0
-0.4875,0.9125000000000001,0
-0.4875,0.9375000000000001,0
-0.4875,0.9625000000000001,0
-0.4875,0.9875,0
-0.46249999999999997,-0.9875,0
-0.46249999999999997,-0.9624999999999999,0
-0.46249999999999997,-0.9375,0
-0.46249999999999997,-0.9125000000000001,0
-0.46249999999999997,-0.8875,2
-0.46249999999999997,-0.8625,7
-0.46249999999999997,-0.8374999999999999,12
-0.46249999999999997,-0.8125,7
-0.46249999999999997,-0.7875000000000001,10
-0.46249999999999997,-0.7625,8
-0.46249999999999997,-0.7375,16
-0.46249999999999997,-0.7124999999999999,13
-0.46249999999999997,-0.6875,13
-0.46249999999999997,-0.6625,10
-0.46249999999999997,-0.6375,29
-0.46249999999999997,-0.6125,18
-0.46249999999999997,-0.5874999999999999,22
-0.46249999999999997,-0.5625,23
-0.46249999999999997,-0.5375,22
-0.46249999999999997,-0.5125,25
-0.46249999999999997,-0.4875,25
-0.46249999999999997,-0.46249999999999997,36
-0.46249999999999997,-0.43749999999999994,33
-0.46249999999999997,-0.4124999999999999,34
-0.46249999999999997,-0.38749999999999996,48
-0.46249999999999997,-0.3625,44
-0.46249999999999997,-0.33749999999999997,55
-0.46249999999999997,-0.31249999999999994,81
-0.46249999999999997,-0.2874999999999999,73
-0.46249999999999997,-0.26249999999999996,65
-0.46249999999999997,-0.2375,80
-0.46249999999999997,-0.21249999999999997,83
-0.46249999999999997,-0.18749999999999994,90
-0.46249999999999997,-0.16249999999999992,100
-0.46249999999999997,-0.13749999999999996,99
-0.46249999999999997,-0.11249999999999999,99
-0.46249999999999997,-0.08749999999999997,103
-0.46249999999999997,-0.062499999999999944,128
-0.46249999999999997,-0.03749999999999992,113
-0.46249999999999997,-0.012499999999999956,134
-0.46249999999999997,0.012500000000000067,126
-0.46249999999999997,0.03750000000000009,139
-0.46249999999999997,0.0625,113
-0.46249999999999997,0.08750000000000002,115
-0.46249999999999997,0.11250000000000004,122
-0.46249999999999997,0.13750000000000007,132
-0.46249999999999997,0.1625000000000001,105
-0.46249999999999997,0.1875000000000001,117
-0.46249999999999997,0.21250000000000013,88
-0.46249999999999997,0.23750000000000004,81
-0.46249999999999997,0.26250000000000007,86
-0.46249999999999997,0.2875000000000001,74
-0.46249999999999997,0.3125000000000001,65
-0.46249999999999997,0.33750000000000013,53
-0.46249999999999997,0.36250000000000004,62
-0.46249999999999997,0.38750000000000007,63
-0.46249999999999997,0.4125000000000001,56
-0.46249999999999997,0.4375000000000001,57
-0.46249999999999997,0.46250000000000013,42
-0.46249999999999997,0.48750000000000004,42
-0.46249999999999997,0.5125000000000001,27
-0.46249999999999997,0.5375000000000001,39
-0.46249999999999997,0.5625000000000001,27
-0.46249999999999997,0.5875000000000001,28
-0.46249999999999997,0.6125,27
-0.46249999999999997,0.6375000000000001,15
-0.46249999999999997,0.6625000000000001,19
-0.46249999999999997,0.6875000000000001,23
-0.46249999999999997,0.7125000000000001,17
-0.46249999999999997,0.7375,20
-0.46249999999999997,0.7625000000000001,12
-0.46249999999999997,0.7875000000000001,12
-0.46249999999999997,0.8125000000000001,9
-0.46249999999999997,0.8375000000000001,14
-0.46249999999999997,0.8625,11
-0.46249999999999997,0.8875000000000001,0
-0.46249999999999997,0.9125000000000001,0
-0.46249999999999997,0.9375000000000001,0
-0.46249999999999997,0.9625000000000001,0
-0.46249999999999997,0.9875,0
-0.43749999999999994,-0.9875,0
-0.43749999999999994,-0.9624999999999999,0
-0.43749999999999994,-0.9375,0
-0.43749999999999994,-0.9125000000000001,0
-0.43749999999999994,-0.8875,4
-0.43749999999999994,-0.8625,5
-0.43749999999999994,-0.8374999999999999,8
-0.43749999999999994,-0.8125,7
-0.43749999999999994,-0.7875000000000001,10
-0.43749999999999994,-0.7625,10
-0.43749999999999994,-0.7375,12
-0.43749999999999994,-0.7124999999999999,10
-0.43749999999999994,-0.6875,20
-0.43749999999999994,-0.6625,22
-0.43749999999999994,-0.6375,18
-0.43749999999999994,-0.6125,17
-0.43749999999999994,-0.5874999999999999,22
-0.43749999999999994,-0.5625,27
-0.43749999999999994,-0.5375,32
-0.43749999999999994,-0.5125,38
-0.43749999999999994,-0.4875,31
-0.43749999999999994,-0.46249999999999997,25
-0.43749999999999994,-0.43749999999999994,53
-0.43749999999999994,-0.4124999999999999,42
-0.43749999999999994,-0.38749999999999996,62
-0.43749999999999994,-0.3625,47
-0.43749999999999994,-0.33749999999999997,62
-0.43749999999999994,-0.31249999999999994,81
-0.43749999999999994,-0.2874999999999999,73
-0.43749999999999994,-0.26249999999999996,91
-0.43749999999999994,-0.2375,82
-0.43749999999999994,-0.21249999999999997,91
-0.43749999999999994,-0.18749999999999994,108
-0.43749999999999994,-0.16249999999999992,103
-0.43749999999999994,-0.13749999999999996,113
-0.43749999999999994,-0.11249999999999999,137
-0.43749999999999994,-0.08749999999999997,138
-0.43749999999999994,-0.062499999999999944,149
-0.43749999999999994,-0.03749999999999992,142
-0.43749999999999994,-0.012499999999999956,136
-0.43749999999999994,0.012500000000000067,147
-0.43749999999999994,0.03750000000000009,148
-0.43749999999999994,0.0625,158
-0.43749999999999994,0.08750000000000002,140
-0.43749999999999994,0.11250000000000004,137
-0.43749999999999994,0.13750000000000007,146
-0.43749999999999994,0.1625000000000001,117
-0.43749999999999994,0.1875000000000001,130
-0.43749999999999994,0.21250000000000013,105
-0.43749999999999994,0.23750000000000004,95
-0.43749999999999994,0.26250000000000007,83
-0.43749999999999994,0.2875000000000001,106
-0.43749999999999994,0.3125000000000001,105
-0.43749999999999994,0.33750000000000013,69
-0.43749999999999994,0.36250000000000004,59
-0.43749999999999994,0.38750000000000007,57
-0.43749999999999994,0.4125000000000001,53
-0.43749999999999994,0.4375000000000001,62
-0.43749999999999994,0.46250000000000013,42
-0.43749999999999994,0.48750000000000004,39
-0.43749999999999994,0.5125000000000001,37
-0.43749999999999994,0.5375000000000001,34
-0.43749999999999994,0.5625000000000001,32
-0.43749999999999994,0.5875000000000001,27
-0.43749999999999994,0.6125,29
-0.43749999999999994,0.6375000000000001,19
-0.43749999999999994,0.6625000000000001,26
-0.43749999999999994,0.6875000000000001,20
-0.43749999999999994,0.7125000000000001,17
-0.43749999999999994,0.7375,16
-0.43749999999999994,0.7625000000000001,10
-0.43749999999999994,0.7875000000000001,14
-0.43749999999999994,0.8125000000000001,14
-0.43749999999999994,0.8375000000000001,12
-0.43749999999999994,0.8625,16
-0.43749999999999994,0.8875000000000001,7
-0.43749999999999994,0.9125000000000001,0
-0.43749999999999994,0.9375000000000001,0
-0.43749999999999994,0.9625000000000001,0
-0.43749999999999994,0.9875,0
-0.4124999999999999,-0.9875,0
-0.4124999999999999,-0.9624999999999999,0
-0.4124999999999999,-0.9375,0
-0.4124999999999999,-0.9125000000000001,2
-0.4124999999999999,-0.8875,10
-0.4124999999999999,-0.8625,9
-0.4124999999999999,-0.8374999999999999,7
-0.4124999999999999,-0.8125,7
-0.4124999999999999,-0.7875000000000001,9
-0.4124999999999999,-0.7625,10
-0.4124999999999999,-0.7375,4
-0.4124999999999999,-0.7124999999999999,10
-0.4124999999999999,-0.6875,11
-0.4124999999999999,-0.6625,13
-0.4124999999999999,-0.6375,21
-0.4124999999999999,-0.6125,25
-0.4124999999999999,-0.5874999999999999,24
-0.4124999999999999,-0.5625,22
-0.4124999999999999,-0.5375,28
-0.4124999999999999,-0.5125,31
-0.4124999999999999,-0.4875,38
-0.4124999999999999,-0.46249999999999997,35
-0.4124999999999999,-0.43749999999999994,33
-0.4124999999999999,-0.4124999999999999,43
-0.4124999999999999,-0.38749999999999996,58
-0.4124999999999999,-0.3625,58
-0.4124999999999999,-0.33749999999999997,73
-0.4124999999999999,-0.31249999999999994,85
-0.4124999999999999,-0.2874999999999999,88
-0.4124999999999999,-0.26249999999999996,81
-0.4124999999999999,-0.2375,99
-0.4124999999999999,-0.21249999999999997,101
-0.4124999999999999,-0.18749999999999994,119
-0.4124999999999999,-0.16249999999999992,134
-0.4124999999999999,-0.13749999999999996,126
-0.4124999999999999,-0.11249999999999999,155
-0.4124999999999999,-0.08749999999999997,159
-0.4124999999999999,-0.062499999999999944,157
-0.4124999999999999,-0.03749999999999992,163
-0.4124999999999999,-0.012499999999999956,207
-0.4124999999999999,0.012500000000000067,165
-0.4124999999999999,0.03750000000000009,156
-0.4124999999999999,0.0625,179
-0.4124999999999999,0.08750000000000002,164
-0.4124999999999999,0.11250000000000004,185
-0.4124999999999999,0.13750000000000007,150
-0.4124999999999999,0.1625000000000001,145
-0.4124999999999999,0.1875000000000001,131
-0.4124999999999999,0.21250000000000013,125
-0.4124999999999999,0.23750000000000004,111
-0.4124999999999999,0.26250000000000007,125
-0.4124999999999999,0.2875000000000001,123
-0.4124999999999999,0.3125000000000001,86
-0.4124999999999999,0.33750000000000013,89
-0.4124999999999999,0.36250000000000004,78
-0.4124999999999999,0.38750000000000007,81
-0.4124999999999999,0.4125000000000001,66
-0.4124999999999999,0.4375000000000001,60
-0.4124999999999999,0.46250000000000013,45
-0.4124999999999999,0.48750000000000004,61
-0.4124999999999999,0.5125000000000001,48
-0.4124999999999999,0.5375000000000001,47
-0.4124999999999999,0.5625000000000001,37
-0.4124999999999999,0.5875000000000001,28
-0.4124999999999999,0.6125,36
-0.4124999999999999,0.6375000000000001,14
-0.4124999999999999,0.6625000000000001,16
-0.4124999999999999,0.6875000000000001,21
-0.4124999999999999,0.7125000000000001,15
-0.4124999999999999,0.7375,17
-0.4124999999999999,0.7625000000000001,21
-0.4124999999999999,0.7875000000000001,11
-0.4124999999999999,0.8125000000000001,12
-0.4124999999999999,0.8375000000000001,1
-0.4124999999999999,0.8625,11
-0.4124999999999999,0.8875000000000001,8
-0.4124999999999999,0.9125000000000001,3
-0.4124999999999999,0.9375000000000001,0
-0.4124999999999999,0.9625000000000001,0
-0.4124999999999999,0.9875,0
-0.38749999999999996,-0.9875,0
-0.38749999999999996,-0.9624999999999999,0
-0.38749999999999996,-0.9375,0
-0.38749999999999996,-0.9125000000000001,7
-0.38749999999999996,-0.8875,11
-0.38749999999999996,-0.8625,2
-0.38749999999999996,-0.8374999999999999,8
-0.38749999999999996,-0.8125,11
-0.38749999999999996,-0.7875000000000001,9
-0.38749999999999996,-0.7625,7
-0.38749999999999996,-0.7375,12
-0.38749999999999996,-0.7124999999999999,15
-0.38749999999999996,-0.6875,22
-0.38749999999999996,-0.6625,21
-0.38749999999999996,-0.6375,17
-0.38749999999999996,-0.6125,21
-0.38749999999999996,-0.5874999999999999,17
-0.38749999999999996,-0.5625,22
-0.38749999999999996,-0.5375,35
-0.38749999999999996,-0.5125,23
-0.38749999999999996,-0.4875,35
-0.38749999999999996,-0.46249999999999997,40
-0.38749999999999996,-0.43749999999999994,48
-0.38749999999999996,-0.4124999999999999,74
-0.38749999999999996,-0.38749999999999996,64
-0.38749999999999996,-0.3625,56
-0.38749999999999996,-0.33749999999999997,84
-0.38749999999999996,-0.31249999999999994,71
-0.38749999999999996,-0.2874999999999999,81
-0.38749999999999996,-0.26249999999999996,109
-0.38749999999999996,-0.2375,101
-0.38749999999999996,-0.21249999999999997,105
-0.38749999999999996,-0.18749999999999994,138
-0.38749999999999996,-0.16249999999999992,146
-0.38749999999999996,-0.13749999999999996,172
-0.38749999999999996,-0.11249999999999999,184
-0.38749999999999996,-0.08749999999999997,198
-0.38749999999999996,-0.062499999999999944,184
-0.38749999999999996,-0.03749999999999992,179
-0.38749999999999996,-0.012499999999999956,179
-0.38749999999999996,0.012500000000000067,213
-0.38749999999999996,0.03750000000000009,239
-0.38749999999999996,0.0625,211
-0.38749999999999996,0.08750000000000002,222
-0.38749999999999996,0.11250000000000004,220
-0.38749999999999996,0.13750000000000007,173
-0.38749999999999996,0.1625000000000001,196
-0.38749999999999996,0.1875000000000001,167
-0.38749999999999996,0.21250000000000013,141
-0.38749999999999996,0.23750000000000004,164
-0.38749999999999996,0.26250000000000007,138
-0.38749999999999996,0.2875000000000001,108
-0.38749999999999996,0.3125000000000001,102
-0.38749999999999996,0.33750000000000013,90
-0.38749999999999996,0.36250000000000004,93
-0.38749999999999996,0.38750000000000007,72
-0.38749999999999996,0.4125000000000001,76
-0.38749999999999996,0.4375000000000001,57
-0.38749999999999996,0.46250000000000013,52
-0.38749999999999996,0.48750000000000004,47
-0.38749999999999996,0.5125000000000001,59
-0.38749999999999996,0.5375000000000001,42
-0.38749999999999996,0.5625000000000001,44
-0.38749999999999996,0.5875000000000001,35
-0.38749999999999996,0.6125,19
-0.38749999999999996,0.6375000000000001,31
-0.38749999999999996,0.6625000000000001,25
-0.38749999999999996,0.6875000000000001,21
-0.38749999999999996,0.7125000000000001,17
-0.38749999999999996,0.7375,14
-0.38749999999999996,0.7625000000000001,22
-0.38749999999999996,0.7875000000000001,16
-0.38749999999999996,0.8125000000000001,11
-0.38749999999999996,0.8375000000000001,14
-0.38749999999999996,0.8625,10
-0.38749999999999996,0.8875000000000001,6
-0.38749999999999996,0.9125000000000001,8
-0.38749999999999996,0.9375000000000001,0
-0.38749999999999996,0.9625000000000001,0
-0.38749999999999996,0.9875,0
-0.3625,-0.9875,0
-0.3625,-0.9624999999999999,0
-0.3625,-0.9375,3
-0.3625,-0.9125000000000001,11
-0.3625,-0.8875,11
-0.3625,-0.8625,11
-0.3625,-0.8374999999999999,8
-0.3625,-0.8125,11
-0.3625,-0.7875000000000001,12
-0.3625,-0.7625,17
-0.3625,-0.7375,23
-0.3625,-0.7124999999999999,19
-0.3625,-0.6875,18
-0.3625,-0.6625,13
-0.3625,-0.6375,16
-0.3625,-0.6125,27
-0.3625,-0.5874999999999999,23
-0.3625,-0.5625,37
-0.3625,-0.5375,40
-0.3625,-0.5125,47
-0.3625,-0.4875,40
-0.3625,-0.46249999999999997,50
-0.3625,-0.43749999999999994,54
-0.3625,-0.4124999999999999,60
-0.3625,-0.38749999999999996,65
-0.3625,-0.3625,88
-0.3625,-0.33749999999999997,86
-0.3625,-0.31249999999999994,100
-0.3625,-0.2874999999999999,109
-0.3625,-0.26249999999999996,131
-0.3625,-0.2375,146
-0.3625,-0.21249999999999997,132
-0.3625,-0.18749999999999994,151
-0.3625,-0.16249999999999992,177
-0.3625,-0.13749999999999996,170
-0.3625,-0.11249999999999999,190
-0.3625,-0.08749999999999997,204
-0.3625,-0.062499999999999944,218
-0.3625,-0.03749999999999992,270
-0.3625,-0.012499999999999956,247
-0.3625,0.012500000000000067,279
-0.3625,0.03750000000000009,237
-0.3625,0.0625,252
-0.3625,0.08750000000000002,246
-0.3625,0.11250000000000004,222
-0.3625,0.13750000000000007,231
-0.3625,0.1625000000000001,180
-0.3625,0.1875000000000001,189
-0.3625,0.21250000000000013,172
-0.3625,0.23750000000000004,153
-0.3625,0.26250000000000007,163
-0.3625,0.2875000000000001,138
-0.3625,0.3125000000000001,129
-0.3625,0.33750000000000013,103
-0.3625,0.36250000000000004,95
-0.3625,0.38750000000000007,75
-0.3625,0.4125000000000001,81
-0.3625,0.4375000000000001,69
-0.3625,0.46250000000000013,70
-0.3625,0.48750000000000004,58
-0.3625,0.5125000000000001,52
-0.3625,0.5375000000000001,36
-0.3625,0.5625000000000001,38
-0.3625,0.5875000000000001,31
-0.3625,0.6125,29
-0.3625,0.6375000000000001,33
-0.3625,0.6625000000000001,36
-0.3625,0.6875000000000001,25
-0.3625,0.7125000000000001,16
-0.3625,0.7375,24
-0.3625,0.7625000000000001,16
-0.3625,0.7875000000000001,12
-0.3625,0.8125000000000001,11
-0.3625,0.8375000000000001,6
-0.3625,0.8625,6
-0.3625,0.8875000000000001,11
-0.3625,0.9125000000000001,12
-0.3625,0.9375000000000001,3
-0.3625,0.9625000000000001,0
-0.3625,0.9875,0
-0.33749999999999997,-0.9875,0
-0.33749999999999997,-0.9624999999999999,0
-0.33749999999999997,-0.9375,5
-0.33749999999999997,-0.9125000000000001,2
-0.33749999999999997,-0.8875,10
-0.33749999999999997,-0.8625,7
-0.33749999999999997,-0.8374999999999999,10
-0.33749999999999997,-0.8125,16
-0.33749999999999997,-0.7875000000000001,7
-0.33749999999999997,-0.7625,16
-0.33749999999999997,-0.7375,16
-0.33749999999999997,-0.7124999999999999,12
-0.33749999999999997,-0.6875,20
-0.33749999999999997,-0.6625,23
-0.33749999999999997,-0.6375,26
-0.33749999999999997,-0.6125,20
-0.33749999999999997,-0.5874999999999999,43
-0.33749999999999997,-0.5625,28
-0.33749999999999997,-0.5375,29
-0.33749999999999997,-0.5125,37
-0.33749999999999997,-0.4875,45
-0.33749999999999997,-0.46249999999999997,43
-0.33749999999999997,-0.43749999999999994,55
-0.33749999999999997,-0.4124999999999999,71
-0.33749999999999997,-0.38749999999999996,73
-0.33749999999999997,-0.3625,100
-0.33749999999999997,-0.33749999999999997,111
-0.33749999999999997,-0.31249999999999994,88
-0.33749999999999997,-0.2874999999999999,100
-0.33749999999999997,-0.26249999999999996,139
-0.33749999999999997,-0.2375,157
-0.33749999999999997,-0.21249999999999997,157
-0.33749999999999997,-0.18749999999999994,191
-0.33749999999999997,-0.16249999999999992,188
-0.33749999999999997,-0.13749999999999996,206
-0.33749999999999997,-0.11249999999999999,233
-0.33749999999999997,-0.08749999999999997,247
-0.33749999999999997,-0.062499999999999944,270
-0.33749999999999997,-0.03749999999999992,297
-0.33749999999999997,-0.012499999999999956,281
-0.33749999999999997,0.012500000000000067,309
-0.33749999999999997,0.03750000000000009,285
-0.33749999999999997,0.0625,265
-0.33749999999999997,0.08750000000000002,308
-0.33749999999999997,0.11250000000000004,272
-0.33749999999999997,0.13750000000000007,238
-0.33749999999999997,0.1625000000000001,226
-0.33749999999999997,0.1875000000000001,221
-0.33749999999999997,0.21250000000000013,191
-0.33749999999999997,0.23750000000000004,198
-0.33749999999999997,0.26250000000000007,190
-0.33749999999999997,0.2875000000000001,158
-0.33749999999999997,0.3125000000000001,128
-0.33749999999999997,0.33750000000000013,132
-0.33749999999999997,0.36250000000000004,112
-0.33749999999999997,0.38750000000000007,105
-0.33749999999999997,0.4125000000000001,90
-0.33749999999999997,0.4375000000000001,68
-0.33749999999999997,0.46250000000000013,76
-0.33749999999999997,0.48750000000000004,64
-0.33749999999999997,0.5125000000000001,61
-0.33749999999999997,0.5375000000000001,40
-0.33749999999999997,0.5625000000000001,41
-0.33749999999999997,0.5875000000000001,35
-0.33749999999999997,0.6125,33
-0.33749999999999997,0.6375000000000001,30
-0.33749999999999997,0.6625000000000001,30
-0.33749999999999997,0.6875000000000001,25
-0.33749999999999997,0.7125000000000001,18
-0.33749999999999997,0.7375,14
-0.33749999999999997,0.7625000000000001,16
-0.33749999999999997,0.7875000000000001,10
-0.33749999999999997,0.8125000000000001,16
-0.33749999999999997,0.8375000000000001,14
-0.33749999999999997,0.8625,12
-0.33749999999999997,0.8875000000000001,9
-0.33749999999999997,0.9125000000000001,12
-0.33749999999999997,0.9375000000000001,3
-0.33749999999999997,0.9625000000000001,0
-0.33749999999999997,0.9875,0
-0.31249999999999994,-0.9875,0
-0.31249999999999994,-0.9624999999999999,1
-0.31249999999999994,-0.9375,5
-0.31249999999999994,-0.9125000000000001,9
-0.31249999999999994,-0.8875,8
-0.31249999999999994,-0.8625,12
-0.31249999999999994,-0.8374999999999999,9
-0.31249999999999994,-0.8125,11
-0.31249999999999994,-0.7875000000000001,13
-0.31249999999999994,-0.7625,14
-0.31249999999999994,-0.7375,17
-0.31249999999999994,-0.7124999999999999,13
-0.31249999999999994,-0.6875,11
-0.31249999999999994,-0.6625,30
-0.31249999999999994,-0.6375,29
-0.31249999999999994,-0.6125,24
-0.31249999999999994,-0.5874999999999999,25
-0.31249999999999994,-0.5625,29
-0.31249999999999994,-0.5375,31
-0.31249999999999994,-0.5125,34
-0.31249999999999994,-0.4875,54
-0.31249999999999994,-0.46249999999999997,49
-0.31249999999999994,-0.43749999999999994,65
-0.31249999999999994,-0.4124999999999999,65
-0.31249999999999994,-0.38749999999999996,87
-0.31249999999999994,-0.3625,79
-0.31249999999999994,-0.33749999999999997,100
-0.31249999999999994,-0.31249999999999994,99
-0.31249999999999994,-0.2874999999999999,129
-0.31249999999999994,-0.26249999999999996,146
-0.31249999999999994,-0.2375,153
-0.31249999999999994,-0.21249999999999997,176
-0.31249999999999994,-0.18749999999999994,205
-0.31249999999999994,-0.16249999999999992,239
-0.31249999999999994,-0.13749999999999996,249
-0.31249999999999994,-0.11249999999999999,305
-0.31249999999999994,-0.08749999999999997,309
-0.31249999999999994,-0.062499999999999944,298
-0.31249999999999994,-0.03749999999999992,319
-0.31249999999999994,-0.012499999999999956,362
-0.31249999999999994,0.012500000000000067,333
-0.31249999999999994,0.03750000000000009,357
-0.31249999999999994,0.0625,342
-0.31249999999999994,0.08750000000000002,318
-0.31249999999999994,0.11250000000000004,335
-0.31249999999999994,0.13750000000000007,302
-0.31249999999999994,0.1625000000000001,293
-0.31249999999999994,0.1875000000000001,261
-0.31249999999999994,0.21250000000000013,231
-0.31249999999999994,0.23750000000000004,193
-0.31249999999999994,0.26250000000000007,200
-0.31249999999999994,0.2875000000000001,185
-0.31249999999999994,0.3125000000000001,162
-0.31249999999999994,0.33750000000000013,129
-0.31249999999999994,0.36250000000000004,108
-0.31249999999999994,0.38750000000000007,111
-0.31249999999999994,0.4125000000000001,100
-0.31249999999999994,0.4375000000000001,89
-0.31249999999999994,0.46250000000000013,86
-0.31249999999999994,0.48750000000000004,64
-0.31249999999999994,0.5125000000000001,66
-0.31249999999999994,0.5375000000000001,59
-0.31249999999999994,0.5625000000000001,45
-0.31249999999999994,0.5875000000000001,32
-0.31249999999999994,0.6125,39
-0.31249999999999994,0.6375000000000001,27
-0.31249999999999994,0.6625000000000001,34
-0.31249999999999994,0.6875000000000001,29
-0.31249999999999994,0.7125000000000001,31
-0.31249999999999994,0.7375,15
-0.31249999999999994,0.7625000000000001,12
-0.31249999999999994,0.7875000000000001,25
-0.31249999999999994,0.8125000000000001,17
-0.31249999999999994,0.8375000000000001,12
-0.31249999999999994,0.8625,13
-0.31249999999999994,0.8875000000000001,16
-0.31249999999999994,0.9125000000000001,16
-0.31249999999999994,0.9375000000000001,10
-0.31249999999999994,0.9625000000000001,0
-0.31249999999999994,0.9875,0
-0.2874999999999999,-0.9875,0
-0.2874999999999999,-0.9624999999999999,0
-0.2874999999999999,-0.9375,7
-0.2874999999999999,-0.9125000000000001,9
-0.2874999999999999,-0.8875,9
-0.2874999999999999,-0.8625,11
-0.2874999999999999,-0.8374999999999999,9
-0.2874999999999999,-0.8125,6
-0.2874999999999999,-0.7875000000000001,16
-0.2874999999999999,-0.7625,14
-0.2874999999999999,-0.7375,20
-0.2874999999999999,-0.7124999999999999,17
-0.2874999999999999,-0.6875,28
-0.2874999999999999,-0.6625,30
-0.2874999999999999,-0.6375,24
-0.2874999999999999,-0.6125,23
-0.2874999999999999,-0.5874999999999999,32
-0.2874999999999999,-0.5625,30
-0.2874999999999999,-0.5375,49
-0.2874999999999999,-0.5125,47
-0.2874999999999999,-0.4875,58
-0.2874999999999999,-0.46249999999999997,61
-0.2874999999999999,-0.43749999999999994,63
-0.2874999999999999,-0.4124999999999999,65
-0.2874999999999999,-0.38749999999999996,85
-0.2874999999999999,-0.3625,106
-0.2874999999999999,-0.33749999999999997,120
-0.2874999999999999,-0.31249999999999994,118
-0.2874999999999999,-0.2874999999999999,148
-0.2874999999999999,-0.26249999999999996,164
-0.2874999999999999,-0.2375,180
-0.2874999999999999,-0.21249999999999997,200
-0.2874999999999999,-0.18749999999999994,234
-0.2874999999999999,-0.16249999999999992,252
-0.2874999999999999,-0.13749999999999996,325
-0.2874999999999999,-0.11249999999999999,324
-0.2874999999999999,-0.08749999999999997,331
-0.2874999999999999,-0.062499999999999944,378
-0.2874999999999999,-0.03749999999999992,412
-0.2874999999999999,-0.012499999999999956,442
-0.2874999999999999,0.012500000000000067,384
-0.2874999999999999,0.03750000000000009,445
-0.2874999999999999,0.0625,400
-0.2874999999999999,0.08750000000000002,375
-0.2874999999999999,0.11250000000000004,344
-0.2874999999999999,0.13750000000000007,344
-0.2874999999999999,0.1625000000000001,316
-0.2874999999999999,0.1875000000000001,293
-0.2874999999999999,0.21250000000000013,274
-0.2874999999999999,0.23750000000000004,238
-0.2874999999999999,0.26250000000000007,211
-0.2874999999999999,0.2875000000000001,194
-0.2874999999999999,0.3125000000000001,155
-0.2874999999999999,0.33750000000000013,130
-0.2874999999999999,0.36250000000000004,112
-0.2874999999999999,0.38750000000000007,111
-0.2874999999999999,0.4125000000000001,93
-0.2874999999999999,0.4375000000000001,83
-0.2874999999999999,0.46250000000000013,83
-0.2874999999999999,0.48750000000000004,57
-0.2874999999999999,0.5125000000000001,65
-0.2874999999999999,0.5375000000000001,59
-0.2874999999999999,0.5625000000000001,45
-0.2874999999999999,0.5875000000000001,40
-0.2874999999999999,0.6125,37
-0.2874999999999999,0.6375000000000001,20
-0.2874999999999999,0.6625000000000001,26
-0.2874999999999999,0.6875000000000001,23
-0.2874999999999999,0.7125000000000001,32
-0.2874999999999999,0.7375,21
-0.2874999999999999,0.7625000000000001,15
-0.2874999999999999,0.7875000000000001,22
-0.2874999999999999,0.8125000000000001,20
-0.2874999999999999,0.8375000000000001,11
-0.2874999999999999,0.8625,8
-0.2874999999999999,0.8875000000000001,12
-0.2874999999999999,0.9125000000000001,9
-0.2874999999999999,0.9375000000000001,12
-0.2874999999999999,0.9625000000000001,4
-0.2874999999999999,0.9875,0
-0.26249999999999996,-0.9875,0
-0.26249999999999996,-0.9624999999999999,5
-0.26249999999999996,-0.9375,7
-0.26249999999999996,-0.9125000000000001,5
-0.26249999999999996,-0.8875,13
-0.26249999999999996,-0.8625,13
-0.26249999999999996,-0.8374999999999999,14
-0.26249999999999996,-0.8125,9
-0.26249999999999996,-0.7875000000000001,12
-0.26249999999999996,-0.7625,21
-0.26249999999999996,-0.7375,17
-0.26249999999999996,-0.7124999999999999,16
-0.26249999999999996,-0.6875,26
-0.26249999999999996,-0.6625,25
-0.26249999999999996,-0.6375,37
-0.26249999999999996,-0.6125,31
-0.26249999999999996,-0.5874999999999999,40
-0.26249999999999996,-0.5625,42
-0.26249999999999996,-0.5375,42
-0.26249999999999996,-0.5125,41
-0.26249999999999996,-0.4875,56
-0.26249999999999996,-0.46249999999999997,59
-0.26249999999999996,-0.43749999999999994,57
-0.26249999999999996,-0.4124999999999999,57
-0.26249999999999996,-0.38749999999999996,89
-0.26249999999999996,-0.3625,111
-0.26249999999999996,-0.33749999999999997,108
-0.26249999999999996,-0.31249999999999994,144
-0.26249999999999996,-0.2874999999999999,130
-0.26249999999999996,-0.26249999999999996,171
-0.26249999999999996,-0.2375,212
-0.26249999999999996,-0.21249999999999997,241
-0.26249999999999996,-0.18749999999999994,278
-0.26249999999999996,-0.16249999999999992,309
-0.26249999999999996,-0.13749999999999996,365
-0.26249999999999996,-0.11249999999999999,378
-0.26249999999999996,-0.08749999999999997,422
-0.26249999999999996,-0.062499999999999944,434
-0.26249999999999996,-0.03749999999999992,410
-0.26249999999999996,-0.012499999999999956,493
-0.26249999999999996,0.012500000000000067,465
-0.26249999999999996,0.03750000000000009,497
-0.26249999999999996,0.0625,485
-0.26249999999999996,0.08750000000000002,461
-0.26249999999999996,0.11250000000000004,436
-0.26249999999999996,0.13750000000000007,413
-0.26249999999999996,0.1625000000000001,360
-0.26249999999999996,0.1875000000000001,352
-0.26249999999999996,0.21250000000000013,291
-0.26249999999999996,0.23750000000000004,249
-0.26249999999999996,0.26250000000000007,262
-0.26249999999999996,0.2875000000000001,208
-0.26249999999999996,0.3125000000000001,189
-0.26249999999999996,0.33750000000000013,153
-0.26249999999999996,0.36250000000000004,149
-0.26249999999999996,0.38750000000000007,123
-0.26249999999999996,0.4125000000000001,101
-0.26249999999999996,0.4375000000000001,113
-0.26249999999999996,0.46250000000000013,90
-0.26249999999999996,0.48750000000000004,86
-0.26249999999999996,0.5125000000000001,75
-0.26249999999999996,0.5375000000000001,43
-0.26249999999999996,0.5625000000000001,47
-0.26249999999999996,0.5875000000000001,48
-0.26249999999999996,0.6125,40
-0.26249999999999996,0.6375000000000001,30
-0.26249999999999996,0.6625000000000001,32
-0.26249999999999996,0.6875000000000001,25
-0.26249999999999996,0.7125000000000001,21
-0.26249999999999996,0.7375,23
-0.26249999999999996,0.7625000000000001,25
-0.26249999999999996,0.7875000000000001,13
-0.26249999999999996,0.8125000000000001,20
-0.26249999999999996,0.8375000000000001,16
-0.26249999999999996,0.8625,18
-0.26249999999999996,0.8875000000000001,16
-0.26249999999999996,0.9125000000000001,4
-0.26249999999999996,0.9375000000000001,19
-0.26249999999999996,0.9625000000000001,7
-0.26249999999999996,0.9875,0
-0.2375,-0.9875,0
-0.2375,-0.9624999999999999,12
-0.2375,-0.9375,11
-0.2375,-0.9125000000000001,6
-0.2375,-0.8875,8
-0.2375,-0.8625,9
-0.2375,-0.8374999999999999,10
-0.2375,-0.8125,7
-0.2375,-0.7875000000000001,10
-0.2375,-0.7625,16
-0.2375,-0.7375,20
-0.2375,-0.7124999999999999,23
-0.2375,-0.6875,20
-0.2375,-0.6625,17
-0.2375,-0.6375,28
-0.2375,-0.6125,29
-0.2375,-0.5874999999999999,46
-0.2375,-0.5625,38
-0.2375,-0.5375,50
-0.2375,-0.5125,57
-0.2375,-0.4875,70
-0.2375,-0.46249999999999997,75
-0.2375,-0.43749999999999994,86
-0.2375,-0.4124999999999999,79
-0.2375,-0.38749999999999996,98
-0.2375,-0.3625,131
-0.2375,-0.33749999999999997,137
-0.2375,-0.31249999999999994,168
-0.2375,-0.2874999999999999,141
-0.2375,-0.26249999999999996,214
-0.2375,-0.2375,221
-0.2375,-0.21249999999999997,278
-0.2375,-0.18749999999999994,280
-0.2375,-0.16249999999999992,319
-0.2375,-0.13749999999999996,344
-0.2375,-0.11249999999999999,425
-0.2375,-0.08749999999999997,449
-0.2375,-0.062499999999999944,523
-0.2375,-0.03749999999999992,525
-0.2375,-0.012499999999999956,502
-0.2375,0.012500000000000067,593
-0.2375,0.03750000000000009,598
-0.2375,0.0625,549
-0.2375,0.08750000000000002,570
-0.2375,0.11250000000000004,475
-0.2375,0.13750000000000007,435
-0.2375,0.1625000000000001,445
-0.2375,0.1875000000000001,402
-0.2375,0.21250000000000013,354
-0.2375,0.23750000000000004,307
-0.2375,0.26250000000000007,237
-0.2375,0.2875000000000001,219
-0.2375,0.3125000000000001,220
-0.2375,0.33750000000000013,185
-0.2375,0.36250000000000004,187
-0.2375,0.38750000000000007,143
-0.2375,0.4125000000000001,116
-0.2375,0.4375000000000001,119
-0.2375,0.46250000000000013,93
-0.2375,0.48750000000000004,55
-0.2375,0.5125000000000001,65
-0.2375,0.5375000000000001,69
-0.2375,0.5625000000000001,50
-0.2375,0.5875000000000001,66
-0.2375,0.6125,52
-0.2375,0.6375000000000001,32
-0.2375,0.6625000000000001,25
-0.2375,0.6875000000000001,36
-0.2375,0.7125000000000001,23
-0.2375,0.7375,24
-0.2375,0.7625000000000001,15
-0.2375,0.7875000000000001,14
-0.2375,0.8125000000000001,19
-0.2375,0.8375000000000001,20
-0.2375,0.8625,16
-0.2375,0.8875000000000001,13
-0.2375,0.9125000000000001,11
-0.2375,0.9375000000000001,10
-0.2375,0.9625000000000001,14
-0.2375,0.9875,0
-0.21249999999999997,-0.9875,0
-0.21249999999999997,-0.9624999999999999,6
-0.21249999999999997,-0.9375,11
-0.21249999999999997,-0.9125000000000001,12
-0.21249999999999997,-0.8875,8
-0.21249999999999997,-0.8625,8
-0.21249999999999997,-0.8374999999999999,16
-0.21249999999999997,-0.8125,7
-0.21249999999999997,-0.7875000000000001,19
-0.21249999999999997,-0.7625,11
-0.21249999999999997,-0.7375,17
-0.21249999999999997,-0.7124999999999999,15
-0.21249999999999997,-0.6875,23
-0.21249999999999997,-0.6625,36
-0.21249999999999997,-0.6375,30
-0.21249999999999997,-0.6125,40
-0.21249999999999997,-0.5874999999999999,34
-0.21249999999999997,-0.5625,44
-0.21249999999999997,-0.5375,44
-0.21249999999999997,-0.5125,53
-0.21249999999999997,-0.4875,55
-0.21249999999999997,-0.46249999999999997,66
-0.21249999999999997,-0.43749999999999994,90
-0.21249999999999997,-0.4124999999999999,90
-0.21249999999999997,-0.38749999999999996,98
-0.21249999999999997,-0.3625,117
-0.21249999999999997,-0.33749999999999997,169
-0.21249999999999997,-0.31249999999999994,156
-0.21249999999999997,-0.2874999999999999,210
-0.21249999999999997,-0.26249999999999996,192
-0.21249999999999997,-0.2375,266
-0.21249999999999997,-0.21249999999999997,307
-0.21249999999999997,-0.18749999999999994,321
-0.21249999999999997,-0.16249999999999992,375
-0.21249999999999997,-0.13749999999999996,438
-0.21249999999999997,-0.11249999999999999,495
-0.21249999999999997,-0.08749999999999997,560
-0.21249999999999997,-0.062499999999999944,594
-0.21249999999999997,-0.03749999999999992,604
-0.21249999999999997,-0.012499999999999956,630
-0.21249999999999997,0.012500000000000067,696
-0.21249999999999997,0.03750000000000009,682
-0.21249999999999997,0.0625,660
-0.21249999999999997,0.08750000000000002,606
-0.21249999999999997,0.11250000000000004,582
-0.21249999999999997,0.13750000000000007,621
-0.21249999999999997,0.1625000000000001,488
-0.21249999999999997,0.1875000000000001,480
-0.21249999999999997,0.21250000000000013,389
-0.21249999999999997,0.23750000000000004,310
-0.21249999999999997,0.26250000000000007,293
-0.21249999999999997,0.2875000000000001,247
-0.21249999999999997,0.3125000000000001,219
-0.21249999999999997,0.33750000000000013,226
-0.21249999999999997,0.36250000000000004,153
-0.21249999999999997,0.38750000000000007,122
-0.21249999999999997,0.4125000000000001,134
-0.21249999999999997,0.4375000000000001,114
-0.21249999999999997,0.46250000000000013,89
-0.21249999999999997,0.48750000000000004,81
-0.21249999999999997,0.5125000000000001,80
-0.21249999999999997,0.5375000000000001,80
-0.21249999999999997,0.5625000000000001,63
-0.21249999999999997,0.5875000000000001,42
-0.21249999999999997,0.6125,32
-0.21249999999999997,0.6375000000000001,44
-0.21249999999999997,0.6625000000000001,29
-0.21249999999999997,0.6875000000000001,25
-0.21249999999999997,0.7125000000000001,31
-0.21249999999999997,0.7375,20
-0.21249999999999997,0.7625000000000001,22
-0.21249999999999997,0.7875000000000001,17
-0.21249999999999997,0.8125000000000001,13
-0.21249999999999997,0.8375000000000001,17
-0.21249999999999997,0.8625,13
-0.21249999999999997,0.8875000000000001,15
-0.21249999999999997,0.9125000000000001,8
-0.21249999999999997,0.9375000000000001,6
-0.21249999999999997,0.9625000000000001,6
-0.21249999999999997,0.9875,0
-0.18749999999999994,-0.9875,3
-0.18749999999999994,-0.9624999999999999,8
-0.18749999999999994,-0.9375,4
-0.18749999999999994,-0.9125000000000001,4
-0.18749999999999994,-0.8875,7
-0.18749999999999994,-0.8625,6
-0.18749999999999994,-0.8374999999999999,14
-0.18749999999999994,-0.8125,10
-0.18749999999999994,-0.7875000000000001,13
-0.18749999999999994,-0.7625,20
-0.18749999999999994,-0.7375,13
-0.18749999999999994,-0.7124999999999999,18
-0.18749999999999994,-0.6875,23
-0.18749999999999994,-0.6625,26
-0.18749999999999994,-0.6375,29
-0.18749999999999994,-0.6125,42
-0.18749999999999994,-0.5874999999999999,36
-0.18749999999999994,-0.5625,34
-0.18749999999999994,-0.5375,37
-0.18749999999999994,-0.5125,59
-0.18749999999999994,-0.4875,55
-0.18749999999999994,-0.46249999999999997,67
-0.18749999999999994,-0.43749999999999994,84
-0.18749999999999994,-0.4124999999999999,99
-0.18749999999999994,-0.38749999999999996,120
-0.18749999999999994,-0.3625,112
-0.18749999999999994,-0.33749999999999997,168
-0.18749999999999994,-0.31249999999999994,187
-0.18749999999999994,-0.2874999999999999,219
-0.18749999999999994,-0.26249999999999996,246
-0.18749999999999994,-0.2375,283
-0.18749999999999994,-0.21249999999999997,329
-0.18749999999999994,-0.18749999999999994,412
-0.18749999999999994,-0.16249999999999992,455
-0.18749999999999994,-0.13749999999999996,449
-0.18749999999999994,-0.11249999999999999,538
-0.18749999999999994,-0.08749999999999997,619
-0.18749999999999994,-0.062499999999999944,673
-0.18749999999999994,-0.03749999999999992,749
-0.18749999999999994,-0.012499999999999956,760
-0.18749999999999994,0.012500000000000067,760
-0.18749999999999994,0.03750000000000009,763
-0.18749999999999994,0.0625,758
-0.18749999999999994,0.08750000000000002,698
-0.18749999999999994,0.11250000000000004,705
-0.18749999999999994,0.13750000000000007,618
-0.18749999999999994,0.1625000000000001,553
-0.18749999999999994,0.1875000000000001,477
-0.18749999999999994,0.21250000000000013,404
-0.18749999999999994,0.23750000000000004,354
-0.18749999999999994,0.26250000000000007,332
-0.18749999999999994,0.2875000000000001,263
-0.18749999999999994,0.3125000000000001,237
-0.18749999999999994,0.33750000000000013,218
-0.18749999999999994,0.36250000000000004,182
-0.18749999999999994,0.38750000000000007,172
-0.18749999999999994,0.4125000000000001,128
-0.18749999999999994,0.4375000000000001,128
-0.18749999999999994,0.46250000000000013,100
-0.18749999999999994,0.48750000000000004,89
-0.18749999999999994,0.5125000000000001,72
-0.18749999999999994,0.5375000000000001,64
-0.18749999999999994,0.5625000000000001,57
-0.18749999999999994,0.5875000000000001,39
-0.18749999999999994,0.6125,50
-0.18749999999999994,0.6375000000000001,39
-0.18749999999999994,0.6625000000000001,34
-0.18749999999999994,0.6875000000000001,33
-0.18749999999999994,0.7125000000000001,30
-0.18749999999999994,0.7375,25
-0.18749999999999994,0.7625000000000001,25
-0.18749999999999994,0.7875000000000001,22
-0.18749999999999994,0.8125000000000001,19
-0.18749999999999994,0.8375000000000001,17
-0.18749999999999994,0.8625,11
-0.18749999999999994,0.8875000000000001,16
-0.18749999999999994,0.9125000000000001,11
-0.18749999999999994,0.9375000000000001,8
-0.18749999999999994,0.9625000000000001,7
-0.18749999999999994,0.9875,0
-0.16249999999999992,-0.9875,5
-0.16249999999999992,-0.9624999999999999,7
-0.16249999999999992,-0.9375,4
-0.16249999999999992,-0.9125000000000001,12
-0.16249999999999992,-0.8875,9
-0.16249999999999992,-0.8625,21
-0.16249999999999992,-0.8374999999999999,8
-0.16249999999999992,-0.8125,19
-0.16249999999999992,-0.7875000000000001,15
-0.16249999999999992,-0.7625,18
-0.16249999999999992,-0.7375,16
-0.16249999999999992,-0.7124999999999999,18
-0.16249999999999992,-0.6875,24
-0.16249999999999992,-0.6625,23
-0.16249999999999992,-0.6375,30
-0.16249999999999992,-0.6125,25
-0.16249999999999992,-0.5874999999999999,34
-0.16249999999999992,-0.5625,35
-0.16249999999999992,-0.5375,52
-0.16249999999999992,-0.5125,52
-0.16249999999999992,-0.4875,74
-0.16249999999999992,-0.46249999999999997,86
-0.16249999999999992,-0.43749999999999994,87
-0.16249999999999992,-0.4124999999999999,98
-0.16249999999999992,-0.38749999999999996,125
-0.16249999999999992,-0.3625,139
-0.16249999999999992,-0.33749999999999997,164
-0.16249999999999992,-0.31249999999999994,217
-0.16249999999999992,-0.2874999999999999,241
-0.16249999999999992,-0.26249999999999996,256
-0.16249999999999992,-0.2375,317
-0.16249999999999992,-0.21249999999999997,357
-0.16249999999999992,-0.18749999999999994,423
-0.16249999999999992,-0.16249999999999992,467
-0.16249999999999992,-0.13749999999999996,546
-0.16249999999999992,-0.11249999999999999,669
-0.16249999999999992,-0.08749999999999997,691
-0.16249999999999992,-0.062499999999999944,741
-0.16249999999999992,-0.03749999999999992,841
-0.16249999999999992,-0.012499999999999956,897
-0.16249999999999992,0.012500000000000067,900
-0.16249999999999992,0.03750000000000009,863
-0.16249999999999992,0.0625,883
-0.16249999999999992,0.08750000000000002,831
-0.16249999999999992,0.11250000000000004,772
-0.16249999999999992,0.13750000000000007,756
-0.16249999999999992,0.1625000000000001,586
-0.16249999999999992,0.1875000000000001,620
-0.16249999999999992,0.21250000000000013,457
-0.16249999999999992,0.23750000000000004,415
-0.16249999999999992,0.26250000000000007,326
-0.16249999999999992,0.2875000000000001,317
-0.16249999999999992,0.3125000000000001,234
-0.16249999999999992,0.33750000000000013,209
-0.16249999999999992,0.36250000000000004,205
-0.16249999999999992,0.38750000000000007,159
-0.16249999999999992,0.4125000000000001,144
-0.16249999999999992,0.4375000000000001,131
-0.16249999999999992,0.46250000000000013,121
-0.16249999999999992,0.48750000000000004,84
-0.16249999999999992,0.5125000000000001,85
-0.16249999999999992,0.5375000000000001,87
-0.16249999999999992,0.5625000000000001,63
-0.16249999999999992,0.5875000000000001,48
-0.16249999999999992,0.6125,51
-0.16249999999999992,0.6375000000000001,51
-0.16249999999999992,0.6625000000000001,33
-0.16249999999999992,0.6875000000000001,38
-0.16249999999999992,0.7125000000000001,31
-0.16249999999999992,0.7375,19
-0.16249999999999992,0.7625000000000001,23
-0.16249999999999992,0.7875000000000001,21
-0.16249999999999992,0.8125000000000001,18
-0.16249999999999992,0.8375000000000001,23
-0.16249999999999992,0.8625,14
-0.16249999999999992,0.8875000000000001,16
-0.16249999999999992,0.9125000000000001,9
-0.16249999999999992,0.9375000000000001,9
-0.16249999999999992,0.9625000000000001,9
-0.16249999999999992,0.9875,6
-0.13749999999999996,-0.9875,3
-0.13749999999999996,-0.9624999999999999,13
-0.13749999999999996,-0.9375,8
-0.13749999999999996,-0.9125000000000001,9
-0.13749999999999996,-0.8875,5
-0.13749999999999996,-0.8625,12
-0.13749999999999996,-0.8374999999999999,17
-0.13749999999999996,-0.8125,14
-0.13749999999999996,-0.7875000000000001,16
-0.13749999999999996,-0.7625,20
-0.13749999999999996,-0.7375,12
-0.13749999999999996,-0.7124999999999999,21
-0.13749999999999996,-0.6875,28
-0.13749999999999996,-0.6625,29
-0.13749999999999996,-0.6375,38
-0.13749999999999996,-0.6125,26
-0.13749999999999996,-0.5874999999999999,35
-0.13749999999999996,-0.5625,37
-0.13749999999999996,-0.5375,52
-0.13749999999999996,-0.5125,64
-0.13749999999999996,-0.4875,79
-0.13749999999999996,-0.46249999999999997,79
-0.13749999999999996,-0.43749999999999994,83
-0.13749999999999996,-0.4124999999999999,119
-0.13749999999999996,-0.38749999999999996,145
-0.13749999999999996,-0.3625,120
-0.13749999999999996,-0.33749999999999997,198
-0.13749999999999996,-0.31249999999999994,234
-0.13749999999999996,-0.2874999999999999,243
-0.13749999999999996,-0.26249999999999996,284
-0.13749999999999996,-0.2375,341
-0.13749999999999996,-0.21249999999999997,388
-0.13749999999999996,-0.18749999999999994,435
-0.13749999999999996,-0.16249999999999992,487
-0.13749999999999996,-0.13749999999999996,608
-0.13749999999999996,-0.11249999999999999,709
-0.13749999999999996,-0.08749999999999997,794
-0.13749999999999996,-0.062499999999999944,905
-0.13749999999999996,-0.03749999999999992,941
-0.13749999999999996,-0.012499999999999956,1032
-0.13749999999999996,0.012500000000000067,1051
-0.13749999999999996,0.03750000000000009,1060
-0.13749999999999996,0.0625,1006
-0.13749999999999996,0.08750000000000002,1020
-0.13749999999999996,0.11250000000000004,876
-0.13749999999999996,0.13750000000000007,793
-0.13749999999999996,0.1625000000000001,655
-0.13749999999999996,0.1875000000000001,618
-0.13749999999999996,0.21250000000000013,538
-0.13749999999999996,0.23750000000000004,408
-0.13749999999999996,0.26250000000000007,351
-0.13749999999999996,0.2875000000000001,335
-0.13749999999999996,0.3125000000000001,286
-0.13749999999999996,0.33750000000000013,209
-0.13749999999999996,0.36250000000000004,214
-0.13749999999999996,0.38750000000000007,169
-0.13749999999999996,0.4125000000000001,160
-0.13749999999999996,0.4375000000000001,121
-0.13749999999999996,0.46250000000000013,105
-0.13749999999999996,0.48750000000000004,90
-0.13749999999999996,0.5125000000000001,110
-0.13749999999999996,0.5375000000000001,77
-0.13749999999999996,0.5625000000000001,70
-0.13749999999999996,0.5875000000000001,54
-0.13749999999999996,0.6125,51
-0.13749999999999996,0.6375000000000001,36
-0.13749999999999996,0.6625000000000001,46
-0.13749999999999996,0.6875000000000001,32
-0.13749999999999996,0.7125000000000001,26
-0.13749999999999996,0.7375,26
-0.13749999999999996,0.7625000000000001,19
-0.13749999999999996,0.7875000000000001,20
-0.13749999999999996,0.8125000000000001,12
-0.13749999999999996,0.8375000000000001,20
-0.13749999999999996,0.8625,12
-0.13749999999999996,0.8875000000000001,20
-0.13749999999999996,0.9125000000000001,7
-0.13749999999999996,0.9375000000000001,15
-0.13749999999999996,0.9625000000000001,11
-0.13749999999999996,0.9875,4
-0.11249999999999999,-0.9875,3
-0.11249999999999999,-0.9624999999999999,11
-0.11249999999999999,-0.9375,3
-0.11249999999999999,-0.9125000000000001,14
-0.11249999999999999,-0.8875,11
-0.11249999999999999,-0.8625,7
-0.11249999999999999,-0.8374999999999999,12
-0.11249999999999999,-0.8125,9
-0.11249999999999999,-0.7875000000000001,18
-0.11249999999999999,-0.7625,13
-0.11249999999999999,-0.7375,13
-0.11249999999999999,-0.7124999999999999,21
-0.11249999999999999,-0.6875,24
-0.11249999999999999,-0.6625,28
-0.11249999999999999,-0.6375,38
-0.11249999999999999,-0.6125,45
-0.11249999999999999,-0.5874999999999999,48
-0.11249999999999999,-0.5625,54
-0.11249999999999999,-0.5375,59
-0.11249999999999999,-0.5125,67
-0.11249999999999999,-0.4875,83
-0.11249999999999999,-0.46249999999999997,66
-0.11249999999999999,-0.43749999999999994,103
-0.11249999999999999,-0.4124999999999999,108
-0.11249999999999999,-0.38749999999999996,158
-0.11249999999999999,-0.3625,148
-0.11249999999999999,-0.33749999999999997,187
-0.11249999999999999,-0.31249999999999994,233
-0.11249999999999999,-0.2874999999999999,256
-0.11249999999999999,-0.26249999999999996,310
-0.11249999999999999,-0.2375,361
-0.11249999999999999,-0.21249999999999997,429
-0.11249999999999999,-0.18749999999999994,534
-0.11249999999999999,-0.16249999999999992,556
-0.11249999999999999,-0.13749999999999996,696
-0.11249999999999999,-0.11249999999999999,780
-0.11249999999999999,-0.08749999999999997,878
-0.11249999999999999,-0.062499999999999944,1013
-0.11249999999999999,-0.03749999999999992,1115
-0.11249999999999999,-0.012499999999999956,1185
-0.11249999999999999,0.012500000000000067,1221
-0.11249999999999999,0.03750000000000009,1178
-0.11249999999999999,0.0625,1140
-0.11249999999999999,0.08750000000000002,1049
-0.11249999999999999,0.11250000000000004,941
-0.11249999999999999,0.13750000000000007,841
-0.11249999999999999,0.1625000000000001,737
-0.11249999999999999,0.1875000000000001,607
-0.11249999999999999,0.21250000000000013,584
-0.11249999999999999,0.23750000000000004,486
-0.11249999999999999,0.26250000000000007,401
-0.11249999999999999,0.2875000000000001,326
-0.11249999999999999,0.3125000000000001,303
-0.11249999999999999,0.33750000000000013,250
-0.11249999999999999,0.36250000000000004,222
-0.11249999999999999,0.38750000000000007,200
-0.11249999999999999,0.4125000000000001,165
-0.11249999999999999,0.4375000000000001,142
-0.11249999999999999,0.46250000000000013,106
-0.11249999999999999,0.48750000000000004,102
-0.11249999999999999,0.5125000000000001,76
-0.11249999999999999,0.5375000000000001,78
-0.11249999999999999,0.5625000000000001,71
-0.11249999999999999,0.5875000000000001,68
-0.11249999999999999,0.6125,44
-0.11249999999999999,0.6375000000000001,48
-0.11249999999999999,0.6625000000000001,37
-0.11249999999999999,0.6875000000000001,41
-0.11249999999999999,0.7125000000000001,32
-0.11249999999999999,0.7375,27
-0.11249999999999999,0.7625000000000001,31
-0.11249999999999999,0.7875000000000001,23
-0.11249999999999999,0.8125000000000001,18
-0.11249999999999999,0.8375000000000001,9
-0.11249999999999999,0.8625,22
-0.11249999999999999,0.8875000000000001,16
-0.11249999999999999,0.9125000000000001,12
-0.11249999999999999,0.9375000000000001,17
-0.11249999999999999,0.9625000000000001,9
-0.11249999999999999,0.9875,13
-0.08749999999999997,-0.9875,9
-0.08749999999999997,-0.9624999999999999,9
-0.08749999999999997,-0.9375,3
-0.08749999999999997,-0.9125000000000001,7
-0.08749999999999997,-0.8875,8
-0.08749999999999997,-0.8625,10
-0.08749999999999997,-0.8374999999999999,9
-0.08749999999999997,-0.8125,9
-0.08749999999999997,-0.7875000000000001,13
-0.08749999999999997,-0.7625,16
-0.08749999999999997,-0.7375,20
-0.08749999999999997,-0.7124999999999999,25
-0.08749999999999997,-0.6875,28
-0.08749999999999997,-0.6625,35
-0.08749999999999997,-0.6375,33
-0.08749999999999997,-0.6125,28
-0.08749999999999997,-0.5874999999999999,46
-0.08749999999999997,-0.5625,45
-0.08749999999999997,-0.5375,52
-0.08749999999999997,-0.5125,47
-0.08749999999999997,-0.4875,86
-0.08749999999999997,-0.46249999999999997,89
-0.08749999999999997,-0.43749999999999994,94
-0.08749999999999997,-0.4124999999999999,142
-0.08749999999999997,-0.38749999999999996,164
-0.08749999999999997,-0.3625,169
-0.08749999999999997,-0.33749999999999997,172
-0.08749999999999997,-0.31249999999999994,235
-0.08749999999999997,-0.2874999999999999,269
-0.08749999999999997,-0.26249999999999996,341
-0.08749999999999997,-0.2375,362
-0.08749999999999997,-0.21249999999999997,442
-0.08749999999999997,-0.18749999999999994,513
-0.08749999999999997,-0.16249999999999992,613
-0.08749999999999997,-0.13749999999999996,695
-0.08749999999999997,-0.11249999999999999,856
-0.08749999999999997,-0.08749999999999997,963
-0.08749999999999997,-0.062499999999999944,1199
-0.08749999999999997,-0.03749999999999992,1322
-0.08749999999999997,-0.012499999999999956,1301
-0.08749999999999997,0.012500000000000067,1362
-0.08749999999999997,0.03750000000000009,1359
-0.08749999999999997,0.0625,1266
-0.08749999999999997,0.08750000000000002,1155
-0.08749999999999997,0.11250000000000004,1045
-0.08749999999999997,0.13750000000000007,876
-0.08749999999999997,0.1625000000000001,786
-0.08749999999999997,0.1875000000000001,667
-0.08749999999999997,0.21250000000000013,558
-0.08749999999999997,0.23750000000000004,447
-0.08749999999999997,0.26250000000000007,436
-0.08749999999999997,0.2875000000000001,364
-0.08749999999999997,0.3125000000000001,313
-0.08749999999999997,0.33750000000000013,229
-0.08749999999999997,0.36250000000000004,214
-0.08749999999999997,0.38750000000000007,191
-0.08749999999999997,0.4125000000000001,145
-0.08749999999999997,0.4375000000000001,149
-0.08749999999999997,0.46250000000000013,120
-0.08749999999999997,0.48750000000000004,109
-0.08749999999999997,0.5125000000000001,89
-0.08749999999999997,0.5375000000000001,79
-0.08749999999999997,0.5625000000000001,69
-0.08749999999999997,0.5875000000000001,55
-0.08749999999999997,0.6125,47
-0.08749999999999997,0.6375000000000001,47
-0.08749999999999997,0.6625000000000001,36
-0.08749999999999997,0.6875000000000001,36
-0.08749999999999997,0.7125000000000001,37
-0.08749999999999997,0.7375,30
-0.08749999999999997,0.7625000000000001,22
-0.08749999999999997,0.7875000000000001,25
-0.08749999999999997,0.8125000000000001,14
-0.08749999999999997,0.8375000000000001,22
-0.08749999999999997,0.8625,15
-0.08749999999999997,0.8875000000000001,14
-0.08749999999999997,0.9125000000000001,14
-0.08749999999999997,0.9375000000000001,20
-0.08749999999999997,0.9625000000000001,10
-0.08749999999999997,0.9875,11
-0.062499999999999944,-0.9875,6
-0.062499999999999944,-0.9624999999999999,3
-0.062499999999999944,-0.9375,11
-0.062499999999999944,-0.9125000000000001,10
-0.062499999999999944,-0.8875,6
-0.062499999999999944,-0.8625,12
-0.062499999999999944,-0.8374999999999999,10
-0.062499999999999944,-0.8125,14
-0.062499999999999944,-0.7875000000000001,24
-0.062499999999999944,-0.7625,17
-0.062499999999999944,-0.7375,27
-0.062499999999999944,-0.7124999999999999,19
-0.062499999999999944,-0.6875,26
-0.062499999999999944,-0.6625,33
-0.062499999999999944,-0.6375,30
-0.062499999999999944,-0.6125,37
-0.062499999999999944,-0.5874999999999999,33
-0.062499999999999944,-0.5625,50
-0.062499999999999944,-0.5375,72
-0.062499999999999944,-0.5125,76
-0.062499999999999944,-0.4875,80
-0.062499999999999944,-0.46249999999999997,104
-0.062499999999999944,-0.43749999999999994,90
-0.062499999999999944,-0.4124999999999999,115
-0.062499999999999944,-0.38749999999999996,157
-0.062499999999999944,-0.3625,177
-0.062499999999999944,-0.33749999999999997,193
-0.062499999999999944,-0.31249999999999994,230
-0.062499999999999944,-0.2874999999999999,296
-0.062499999999999944,-0.26249999999999996,321
-0.062499999999999944,-0.2375,382
-0.062499999999999944,-0.21249999999999997,440
-0.062499999999999944,-0.18749999999999994,539
-0.062499999999999944,-0.16249999999999992,643
-0.062499999999999944,-0.13749999999999996,752
-0.062499999999999944,-0.11249999999999999,952
-0.062499999999999944,-0.08749999999999997,1012
-0.062499999999999944,-0.062499999999999944,1182
-0.062499999999999944,-0.03749999999999992,1352
-0.062499999999999944,-0.012499999999999956,1438
-0.062499999999999944,0.012500000000000067,1477
-0.062499999999999944,0.03750000000000009,1454
-0.062499999999999944,0.0625,1419
-0.062499999999999944,0.08750000000000002,1257
-0.062499999999999944,0.11250000000000004,1168
-0.062499999999999944,0.13750000000000007,979
-0.062499999999999944,0.1625000000000001,808
-0.062499999999999944,0.1875000000000001,740
-0.062499999999999944,0.21250000000000013,624
-0.062499999999999944,0.23750000000000004,479
-0.062499999999999944,0.26250000000000007,410
-0.062499999999999944,0.2875000000000001,369
-0.062499999999999944,0.3125000000000001,313
-0.062499999999999944,0.33750000000000013,260
-0.062499999999999944,0.36250000000000004,217
-0.062499999999999944,0.38750000000000007,213
-0.062499999999999944,0.4125000000000001,157
-0.062499999999999944,0.4375000000000001,169
-0.062499999999999944,0.46250000000000013,115
-0.062499999999999944,0.48750000000000004,93
-0.062499999999999944,0.5125000000000001,84
-0.062499999999999944,0.5375000000000001,92
-0.062499999999999944,0.5625000000000001,65
-0.062499999999999944,0.5875000000000001,53
-0.062499999999999944,0.6125,41
-0.062499999999999944,0.6375000000000001,28
-0.062499999999999944,0.6625000000000001,36
-0.062499999999999944,0.6875000000000001,42
-0.062499999999999944,0.7125000000000001,30
-0.062499999999999944,0.7375,33
-0.062499999999999944,0.7625000000000001,20
-0.062499999999999944,0.7875000000000001,18
-0.062499999999999944,0.8125000000000001,27
-0.062499999999999944,0.8375000000000001,7
-0.062499999999999944,0.8625,9
-0.062499999999999944,0.8875000000000001,18
-0.062499999999999944,0.9125000000000001,13
-0.062499999999999944,0.9375000000000001,14
-0.062499999999999944,0.9625000000000001,8
-0.062499999999999944,0.9875,10
-0.03749999999999992,-0.9875,3
-0.03749999999999992,-0.9624999999999999,9
-0.03749999999999992,-0.9375,8
-0.03749999999999992,-0.9125000000000001,8
-0.03749999999999992,-0.8875,8
-0.03749999999999992,-0.8625,12
-0.03749999999999992,-0.8374999999999999,9
-0.03749999999999992,-0.8125,11
-0.03749999999999992,-0.7875000000000001,14
-0.03749999999999992,-0.7625,18
-0.03749999999999992,-0.7375,17
-0.03749999999999992,-0.7124999999999999,20
-0.03749999999999992,-0.6875,23
-0.03749999999999992,-0.6625,24
-0.03749999999999992,-0.6375,34
-0.03749999999999992,-0.6125,45
-0.03749999999999992,-0.5874999999999999,48
-0.03749999999999992,-0.5625,52
-0.03749999999999992,-0.5375,69
-0.03749999999999992,-0.5125,58
-0.03749999999999992,-0.4875,75
-0.03749999999999992,-0.46249999999999997,80
-0.03749999999999992,-0.43749999999999994,116
-0.03749999999999992,-0.4124999999999999,120
-0.03749999999999992,-0.38749999999999996,148
-0.03749999999999992,-0.3625,173
-0.03749999999999992,-0.33749999999999997,213
-0.03749999999999992,-0.31249999999999994,276
-0.03749999999999992,-0.2874999999999999,281
-0.03749999999999992,-0.26249999999999996,335
-0.03749999999999992,-0.2375,420
-0.03749999999999992,-0.21249999999999997,459
-0.03749999999999992,-0.18749999999999994,538
-0.03749999999999992,-0.16249999999999992,723
-0.03749999999999992,-0.13749999999999996,797
-0.03749999999999992,-0.11249999999999999,916
-0.03749999999999992,-0.08749999999999997,1090
-0.03749999999999992,-0.062499999999999944,1346
-0.03749999999999992,-0.03749999999999992,1387
-0.03749999999999992,-0.012499999999999956,1558
-0.03749999999999992,0.012500000000000067,1564
-0.03749999999999992,0.03750000000000009,1571
-0.03749999999999992,0.0625,1400
-0.03749999999999992,0.08750000000000002,1259
-0.03749999999999992,0.11250000000000004,1166
-0.03749999999999992,0.13750000000000007,972
-0.03749999999999992,0.1625000000000001,813
-0.03749999999999992,0.1875000000000001,781
-0.03749999999999992,0.21250000000000013,613
-0.03749999999999992,0.23750000000000004,542
-0.03749999999999992,0.26250000000000007,454
-0.03749999999999992,0.2875000000000001,393
-0.03749999999999992,0.3125000000000001,329
-0.03749999999999992,0.33750000000000013,239
-0.03749999999999992,0.36250000000000004,203
-0.03749999999999992,0.38750000000000007,209
-0.03749999999999992,0.4125000000000001,166
-0.03749999999999992,0.4375000000000001,138
-0.03749999999999992,0.46250000000000013,112
-0.03749999999999992,0.48750000000000004,101
-0.03749999999999992,0.5125000000000001,85
-0.03749999999999992,0.5375000000000001,76
-0.03749999999999992,0.5625000000000001,63
-0.03749999999999992,0.5875000000000001,48
-0.03749999999999992,0.6125,49
-0.03749999999999992,0.6375000000000001,56
-0.03749999999999992,0.6625000000000001,31
-0.03749999999999992,0.6875000000000001,41
-0.03749999999999992,0.7125000000000001,23
-0.03749999999999992,0.7375,30
-0.03749999999999992,0.7625000000000001,27
-0.03749999999999992,0.7875000000000001,13
-0.03749999999999992,0.8125000000000001,23
-0.03749999999999992,0.8375000000000001,12
-0.03749999999999992,0.8625,17
-0.03749999999999992,0.8875000000000001,21
-0.03749999999999992,0.9125000000000001,12
-0.03749999999999992,0.9375000000000001,11
-0.03749999999999992,0.9625000000000001,19
-0.03749999999999992,0.9875,10
-0.012499999999999956,-0.9875,5
-0.012499999999999956,-0.9624999999999999,5
-0.012499999999999956,-0.9375,5
-0.012499999999999956,-0.9125000000000001,12
-0.012499999999999956,-0.8875,11
-0.012499999999999956,-0.8625,8
-0.012499999999999956,-0.8374999999999999,18
-0.012499999999999956,-0.8125,12
-0.012499999999999956,-0.7875000000000001,14
-0.012499999999999956,-0.7625,19
-0.012499999999999956,-0.7375,22
-0.012499999999999956,-0.7124999999999999,25
-0.012499999999999956,-0.6875,22
-0.012499999999999956,-0.6625,31
-0.012499999999999956,-0.6375,36
-0.012499999999999956,-0.6125,40
-0.012499999999999956,-0.5874999999999999,43
-0.012499999999999956,-0.5625,42
-0.012499999999999956,-0.5375,66
-0.012499999999999956,-0.5125,56
-0.012499999999999956,-0.4875,80
-0.012499999999999956,-0.46249999999999997,109
-0.012499999999999956,-0.43749999999999994,114
-0.012499999999999956,-0.4124999999999999,132
-0.012499999999999956,-0.38749999999999996,142
-0.012499999999999956,-0.3625,177
-0.012499999999999956,-0.33749999999999997,192
-0.012499999999999956,-0.31249999999999994,229
-0.012499999999999956,-0.2874999999999999,278
-0.012499999999999956,-0.26249999999999996,319
-0.012499999999999956,-0.2375,381
-0.012499999999999956,-0.21249999999999997,488
-0.012499999999999956,-0.18749999999999994,582
-0.012499999999999956,-0.16249999999999992,666
-0.012499999999999956,-0.13749999999999996,780
-0.012499999999999956,-0.11249999999999999,968
-0.012499999999999956,-0.08749999999999997,1146
-0.012499999999999956,-0.062499999999999944,1297
-0.012499999999999956,-0.03749999999999992,1484
-0.012499999999999956,-0.012499999999999956,1530
-0.012499999999999956,0.012500000000000067,1647
-0.012499999999999956,0.03750000000000009,1733
-0.012499999999999956,0.0625,1457
-0.012499999999999956,0.08750000000000002,1379
-0.012499999999999956,0.11250000000000004,1188
-0.012499999999999956,0.13750000000000007,968
-0.012499999999999956,0.1625000000000001,835
-0.012499999999999956,0.1875000000000001,692
-0.012499999999999956,0.21250000000000013,578
-0.012499999999999956,0.23750000000000004,515
-0.012499999999999956,0.26250000000000007,445
-0.012499999999999956,0.2875000000000001,387
-0.012499999999999956,0.3125000000000001,297
-0.012499999999999956,0.33750000000000013,279
-0.012499999999999956,0.36250000000000004,195
-0.012499999999999956,0.38750000000000007,203
-0.012499999999999956,0.4125000000000001,147
-0.012499999999999956,0.4375000000000001,130
-0.012499999999999956,0.46250000000000013,125
-0.012499999999999956,0.48750000000000004,94
-0.012499999999999956,0.5125000000000001,110
-0.012499999999999956,0.5375000000000001,69
-0.012499999999999956,0.5625000000000001,78
-0.012499999999999956,0.5875000000000001,70
-0.012499999999999956,0.6125,51
-0.012499999999999956,0.6375000000000001,52
-0.012499999999999956,0.6625000000000001,38
-0.012499999999999956,0.6875000000000001,34
-0.012499999999999956,0.7125000000000001,35
-0.012499999999999956,0.7375,23
-0.012499999999999956,0.7625000000000001,18
-0.012499999999999956,0.7875000000000001,14
-0.012499999999999956,0.8125000000000001,11
-0.012499999999999956,0.8375000000000001,9
-0.012499999999999956,0.8625,18
-0.012499999999999956,0.8875000000000001,15
-0.012499999999999956,0.9125000000000001,12
-0.012499999999999956,0.9375000000000001,9
-0.012499999999999956,0.9625000000000001,2
-0.012499999999999956,0.9875,16
0.012500000000000067,-0.9875,6
0.012500000000000067,-0.9624999999999999,8
0.012500000000000067,-0.9375,11
0.012500000000000067,-0.9125000000000001,9
0.012500000000000067,-0.8875,12
0.012500000000000067,-0.8625,14
0.012500000000000067,-0.8374999999999999,13
0.012500000000000067,-0.8125,14
0.012500000000000067,-0.7875000000000001,13
0.012500000000000067,-0.7625,23
0.012500000000000067,-0.7375,21
0.012500000000000067,-0.7124999999999999,21
0.012500000000000067,-0.6875,23
0.012500000000000067,-0.6625,35
0.012500000000000067,-0.6375,31
0.012500000000000067,-0.6125,42
0.012500000000000067,-0.5874999999999999,52
0.012500000000000067,-0.5625,47
0.012500000000000067,-0.5375,47
0.012500000000000067,-0.5125,60
0.012500000000000067,-0.4875,80
0.012500000000000067,-0.46249999999999997,98
0.012500000000000067,-0.43749999999999994,104
0.012500000000000067,-0.4124999999999999,123
0.012500000000000067,-0.38749999999999996,163
0.012500000000000067,-0.3625,171
0.012500000000000067,-0.33749999999999997,208
0.012500000000000067,-0.31249999999999994,243
0.012500000000000067,-0.2874999999999999,261
0.012500000000000067,-0.26249999999999996,345
0.012500000000000067,-0.2375,357
0.012500000000000067,-0.21249999999999997,502
0.012500000000000067,-0.18749999999999994,549
0.012500000000000067,-0.16249999999999992,673
0.012500000000000067,-0.13749999999999996,828
0.012500000000000067,-0.11249999999999999,935
0.012500000000000067,-0.08749999999999997,1119
0.012500000000000067,-0.062499999999999944,1293
0.012500000000000067,-0.03749999999999992,1421
0.012500000000000067,-0.012499999999999956,1488
0.012500000000000067,0.012500000000000067,1625
0.012500000000000067,0.03750000000000009,1654
0.012500000000000067,0.0625,1512
0.012500000000000067,0.08750000000000002,1422
0.012500000000000067,0.11250000000000004,1157
0.012500000000000067,0.13750000000000007,1010
0.012500000000000067,0.1625000000000001,881
0.012500000000000067,0.1875000000000001,723
0.012500000000000067,0.21250000000000013,602
0.012500000000000067,0.23750000000000004,565
0.012500000000000067,0.26250000000000007,426
0.012500000000000067,0.2875000000000001,395
0.012500000000000067,0.3125000000000001,302
0.012500000000000067,0.33750000000000013,276
0.012500000000000067,0.36250000000000004,234
0.012500000000000067,0.38750000000000007,202
0.012500000000000067,0.4125000000000001,178
0.012500000000000067,0.4375000000000001,136
0.012500000000000067,0.46250000000000013,149
0.012500000000000067,0.48750000000000004,115
0.012500000000000067,0.5125000000000001,91
0.012500000000000067,0.5375000000000001,96
0.012500000000000067,0.5625000000000001,70
0.012500000000000067,0.5875000000000001,66
0.012500000000000067,0.6125,60
0.012500000000000067,0.6375000000000001,49
0.012500000000000067,0.6625000000000001,39
0.012500000000000067,0.6875000000000001,36
0.012500000000000067,0.7125000000000001,37
0.012500000000000067,0.7375,27
0.012500000000000067,0.7625000000000001,34
0.012500000000000067,0.7875000000000001,27
0.012500000000000067,0.8125000000000001,17
0.012500000000000067,0.8375000000000001,18
0.012500000000000067,0.8625,16
0.012500000000000067,0.8875000000000001,14
0.012500000000000067,0.9125000000000001,9
0.012500000000000067,0.9375000000000001,10
0.012500000000000067,0.9625000000000001,6
0.012500000000000067,0.9875,9
0.03750000000000009,-0.9875,11
0.03750000000000009,-0.9624999999999999,7
0.03750000000000009,-0.9375,6
0.03750000000000009,-0.9125000000000001,12
0.03750000000000009,-0.8875,6
0.03750000000000009,-0.8625,10
0.03750000000000009,-0.8374999999999999,11
0.03750000000000009,-0.8125,10
0.03750000000000009,-0.7875000000000001,19
0.03750000000000009,-0.7625,13
0.03750000000000009,-0.7375,15
0.03750000000000009,-0.7124999999999999,19
0.03750000000000009,-0.6875,15
0.03750000000000009,-0.6625,38
0.03750000000000009,-0.6375,33
0.03750000000000009,-0.6125,36
0.03750000000000009,-0.5874999999999999,40
0.03750000000000009,-0.5625,44
0.03750000000000009,-0.5375,45
0.03750000000000009,-0.5125,67
0.03750000000000009,-0.4875,61
0.03750000000000009,-0.46249999999999997,93
0.03750000000000009,-0.43749999999999994,103
0.03750000000000009,-0.4124999999999999,129
0.03750000000000009,-0.38749999999999996,129
0.03750000000000009,-0.3625,165
0.03750000000000009,-0.33749999999999997,231
0.03750000000000009,-0.31249999999999994,231
0.03750000000000009,-0.2874999999999999,278
0.03750000000000009,-0.26249999999999996,289
0.03750000000000009,-0.2375,376
0.03750000000000009,-0.21249999999999997,508
0.03750000000000009,-0.18749999999999994,568
0.03750000000000009,-0.16249999999999992,604
0.03750000000000009,-0.13749999999999996,754
0.03750000000000009,-0.11249999999999999,924
0.03750000000000009,-0.08749999999999997,1016
0.03750000000000009,-0.062499999999999944,1169
0.03750000000000009,-0.03749999999999992,1383
0.03750000000000009,-0.012499999999999956,1539
0.03750000000000009,0.012500000000000067,1504
0.03750000000000009,0.03750000000000009,1504
0.03750000000000009,0.0625,1391
0.03750000000000009,0.08750000000000002,1257
0.03750000000000009,0.11250000000000004,1107
0.03750000000000009,0.13750000000000007,965
0.03750000000000009,0.1625000000000001,820
0.03750000000000009,0.1875000000000001,676
0.03750000000000009,0.21250000000000013,610
0.03750000000000009,0.23750000000000004,475
0.03750000000000009,0.26250000000000007,441
0.03750000000000009,0.2875000000000001,392
0.03750000000000009,0.3125000000000001,315
0.03750000000000009,0.33750000000000013,246
0.03750000000000009,0.36250000000000004,200
0.03750000000000009,0.38750000000000007,184
0.03750000000000009,0.4125000000000001,140
0.03750000000000009,0.4375000000000001,146
0.03750000000000009,0.46250000000000013,127
0.03750000000000009,0.48750000000000004,103
0.03750000000000009,0.5125000000000001,102
0.03750000000000009,0.5375000000000001,86
0.03750000000000009,0.5625000000000001,83
0.03750000000000009,0.5875000000000001,63
0.03750000000000009,0.6125,44
0.03750000000000009,0.6375000000000001,39
0.03750000000000009,0.6625000000000001,48
0.03750000000000009,0.6875000000000001,34
0.03750000000000009,0.7125000000000001,35
0.03750000000000009,0.7375,20
0.03750000000000009,0.7625000000000001,22
0.03750000000000009,0.7875000000000001,22
0.03750000000000009,0.8125000000000001,22
0.03750000000000009,0.8375000000000001,23
0.03750000000000009,0.8625,15
0.03750000000000009,0.8875000000000001,17
0.03750000000000009,0.9125000000000001,16
0.03750000000000009,0.9375000000000001,10
0.03750000000000009,0.9625000000000001,14
0.03750000000000009,0.9875,7
0.0625,-0.9875,9
0.0625,-0.9624999999999999,3
0.0625,-0.9375,6
0.0625,-0.9125000000000001,11
0.0625,-0.8875,5
0.0625,-0.8625,11
0.0625,-0.8374999999999999,9
0.0625,-0.8125,18
0.0625,-0.7875000000000001,19
0.0625,-0.7625,24
0.0625,-0.7375,14
0.0625,-0.7124999999999999,27
0.0625,-0.6875,30
0.0625,-0.6625,21
0.0625,-0.6375,35
0.0625,-0.6125,43
0.0625,-0.5874999999999999,41
0.0625,-0.5625,35
0.0625,-0.5375,65
0.0625,-0.5125,75
0.0625,-0.4875,75
0.0625,-0.46249999999999997,86
0.0625,-0.43749999999999994,94
0.0625,-0.4124999999999999,130
0.0625,-0.38749999999999996,132
0.0625,-0.3625,170
0.0625,-0.33749999999999997,176
0.0625,-0.31249999999999994,246
0.0625,-0.2874999999999999,304
0.0625,-0.26249999999999996,327
0.0625,-0.2375,403
0.0625,-0.21249999999999997,399
0.0625,-0.18749999999999994,511
0.0625,-0.16249999999999992,581
0.0625,-0.13749999999999996,727
0.0625,-0.11249999999999999,824
0.0625,-0.08749999999999997,927
0.0625,-0.062499999999999944,1111
0.0625,-0.03749999999999992,1213
0.0625,-0.012499999999999956,1328
0.0625,0.012500000000000067,1297
0.0625,0.03750000000000009,1298
0.0625,0.0625,1253
0.0625,0.08750000000000002,1104
0.0625,0.11250000000000004,1042
0.0625,0.13750000000000007,882
0.0625,0.1625000000000001,764
0.0625,0.1875000000000001,625
0.0625,0.21250000000000013,548
0.0625,0.23750000000000004,470
0.0625,0.26250000000000007,418
0.0625,0.2875000000000001,344
0.0625,0.3125000000000001,299
0.0625,0.33750000000000013,268
0.0625,0.36250000000000004,226
0.0625,0.38750000000000007,178
0.0625,0.4125000000000001,146
0.0625,0.4375000000000001,134
0.0625,0.46250000000000013,130
0.0625,0.48750000000000004,110
0.0625,0.5125000000000001,92
0.0625,0.5375000000000001,86
0.0625,0.5625000000000001,60
0.0625,0.5875000000000001,73
0.0625,0.6125,45
0.0625,0.6375000000000001,41
0.0625,0.6625000000000001,34
0.0625,0.6875000000000001,30
0.0625,0.7125000000000001,26
0.0625,0.7375,37
0.0625,0.7625000000000001,24
0.0625,0.7875000000000001,18
0.0625,0.8125000000000001,18
0.0625,0.8375000000000001,20
0.0625,0.8625,9
0.0625,0.8875000000000001,13
0.0625,0.9125000000000001,9
0.0625,0.9375000000000001,10
0.0625,0.9625000000000001,11
0.0625,0.9875,5
0.08750000000000002,-0.9875,4
0.08750000000000002,-0.9624999999999999,5
0.08750000000000002,-0.9375,10
0.08750000000000002,-0.9125000000000001,5
0.08750000000000002,-0.8875,10
0.08750000000000002,-0.8625,11
0.08750000000000002,-0.8374999999999999,9
0.08750000000000002,-0.8125,15
0.08750000000000002,-0.7875000000000001,14
0.08750000000000002,-0.7625,12
0.08750000000000002,-0.7375,15
0.08750000000000002,-0.7124999999999999,20
0.08750000000000002,-0.6875,23
0.08750000000000002,-0.6625,26
0.08750000000000002,-0.6375,42
0.08750000000000002,-0.6125,37
0.08750000000000002,-0.5874999999999999,36
0.08750000000000002,-0.5625,43
0.08750000000000002,-0.5375,50
0.08750000000000002,-0.5125,71
0.08750000000000002,-0.4875,67
0.08750000000000002,-0.46249999999999997,88
0.08750000000000002,-0.43749999999999994,109
0.08750000000000002,-0.4124999999999999,107
0.08750000000000002,-0.38749999999999996,121
0.08750000000000002,-0.3625,176
0.08750000000000002,-0.33749999999999997,191
0.08750000000000002,-0.31249999999999994,195
0.08750000000000002,-0.2874999999999999,269
0.08750000000000002,-0.26249999999999996,272
0.08750000000000002,-0.2375,347
0.08750000000000002,-0.21249999999999997,413
0.08750000000000002,-0.18749999999999994,434
0.08750000000000002,-0.16249999999999992,555
0.08750000000000002,-0.13749999999999996,658
0.08750000000000002,-0.11249999999999999,738
0.08750000000000002,-0.08749999999999997,833
0.08750000000000002,-0.062499999999999944,945
0.08750000000000002,-0.03749999999999992,1040
0.08750000000000002,-0.012499999999999956,1167
0.08750000000000002,0.012500000000000067,1193
0.08750000000000002,0.03750000000000009,1107
0.08750000000000002,0.0625,1102
0.08750000000000002,0.08750000000000002,998
0.08750000000000002,0.11250000000000004,956
0.08750000000000002,0.13750000000000007,839
0.08750000000000002,0.1625000000000001,721
0.08750000000000002,0.1875000000000001,603
0.08750000000000002,0.21250000000000013,472
0.08750000000000002,0.23750000000000004,434
0.08750000000000002,0.26250000000000007,398
0.08750000000000002,0.2875000000000001,316
0.08750000000000002,0.3125000000000001,241
0.08750000000000002,0.33750000000000013,231
0.08750000000000002,0.36250000000000004,205
0.08750000000000002,0.38750000000000007,184
0.08750000000000002,0.4125000000000001,141
0.08750000000000002,0.4375000000000001,132
0.08750000000000002,0.46250000000000013,119
0.08750000000000002,0.48750000000000004,113
0.08750000000000002,0.5125000000000001,88
0.08750000000000002,0.5375000000000001,81
0.08750000000000002,0.5625000000000001,66
0.08750000000000002,0.5875000000000001,57
0.08750000000000002,0.6125,40
0.08750000000000002,0.6375000000000001,35
0.08750000000000002,0.6625000000000001,32
0.08750000000000002,0.6875000000000001,35
0.08750000000000002,0.7125000000000001,20
0.08750000000000002,0.7375,35
0.08750000000000002,0.7625000000000001,24
0.08750000000000002,0.7875000000000001,19
0.08750000000000002,0.8125000000000001,18
0.08750000000000002,0.8375000000000001,14
0.08750000000000002,0.8625,20
0.08750000000000002,0.8875000000000001,20
0.08750000000000002,0.9125000000000001,4
0.08750000000000002,0.9375000000000001,13
0.08750000000000002,0.9625000000000001,16
0.08750000000000002,0.9875,3
0.11250000000000004,-0.9875,5
0.11250000000000004,-0.9624999999999999,8
0.11250000000000004,-0.9375,8
0.11250000000000004,-0.9125000000000001,11
0.11250000000000004,-0.8875,5
0.11250000000000004,-0.8625,10
0.11250000000000004,-0.8374999999999999,15
0.11250000000000004,-0.8125,16
0.11250000000000004,-0.7875000000000001,13
0.11250000000000004,-0.7625,12
0.11250000000000004,-0.7375,27
0.11250000000000004,-0.7124999999999999,14
0.11250000000000004,-0.6875,31
0.11250000000000004,-0.6625,27
0.11250000000000004,-0.6375,27
0.11250000000000004,-0.6125,45
0.11250000000000004,-0.5874999999999999,29
0.11250000000000004,-0.5625,52
0.11250000000000004,-0.5375,50
0.11250000000000004,-0.5125,66
0.11250000000000004,-0.4875,72
0.11250000000000004,-0.46249999999999997,61
0.11250000000000004,-0.43749999999999994,112
0.11250000000000004,-0.4124999999999999,100
0.11250000000000004,-0.38749999999999996,129
0.11250000000000004,-0.3625,143
0.11250000000000004,-0.33749999999999997,185
0.11250000000000004,-0.31249999999999994,187
0.11250000000000004,-0.2874999999999999,244
0.11250000000000004,-0.26249999999999996,296
0.11250000000000004,-0.2375,287
0.11250000000000004,-0.21249999999999997,350
0.11250000000000004,-0.18749999999999994,450
0.11250000000000004,-0.16249999999999992,528
0.11250000000000004,-0.13749999999999996,567
0.11250000000000004,-0.11249999999999999,680
0.11250000000000004,-0.08749999999999997,754
0.11250000000000004,-0.062499999999999944,826
0.11250000000000004,-0.03749999999999992,917
0.11250000000000004,-0.012499999999999956,983
0.11250000000000004,0.012500000000000067,966
0.11250000000000004,0.03750000000000009,999
0.11250000000000004,0.0625,961
0.11250000000000004,0.08750000000000002,861
0.11250000000000004,0.11250000000000004,795
0.11250000000000004,0.13750000000000007,767
0.11250000000000004,0.1625000000000001,652
0.11250000000000004,0.1875000000000001,552
0.11250000000000004,0.21250000000000013,491
0.11250000000000004,0.23750000000000004,414
0.11250000000000004,0.26250000000000007,352
0.11250000000000004,0.2875000000000001,286
0.11250000000000004,0.3125000000000001,258
0.11250000000000004,0.33750000000000013,214
0.11250000000000004,0.36250000000000004,199
0.11250000000000004,0.38750000000000007,169
0.11250000000000004,0.4125000000000001,137
0.11250000000000004,0.4375000000000001,119
0.11250000000000004,0.46250000000000013,109
0.11250000000000004,0.48750000000000004,126
0.11250000000000004,0.5125000000000001,63
0.11250000000000004,0.5375000000000001,89
0.11250000000000004,0.5625000000000001,54
0.11250000000000004,0.5875000000000001,60
0.11250000000000004,0.6125,51
0.11250000000000004,0.6375000000000001,40
0.11250000000000004,0.6625000000000001,49
0.11250000000000004,0.6875000000000001,51
0.11250000000000004,0.7125000000000001,24
0.11250000000000004,0.7375,21
0.11250000000000004,0.7625000000000001,16
0.11250000000000004,0.7875000000000001,15
0.11250000000000004,0.8125000000000001,14
0.11250000000000004,0.8375000000000001,14
0.11250000000000004,0.8625,14
0.11250000000000004,0.8875000000000001,17
0.11250000000000004,0.9125000000000001,9
0.11250000000000004,0.9375000000000001,11
0.11250000000000004,0.9625000000000001,6
0.11250000000000004,0.9875,7
0.13750000000000007,-0.9875,5
0.13750000000000007,-0.9624999999999999,5
0.13750000000000007,-0.9375,4
0.13750000000000007,-0.9125000000000001,14
0.13750000000000007,-0.8875,8
0.13750000000000007,-0.8625,8
0.13750000000000007,-0.8374999999999999,6
0.13750000000000007,-0.8125,14
0.13750000000000007,-0.7875000000000001,18
0.13750000000000007,-0.7625,19
0.13750000000000007,-0.7375,26
0.13750000000000007,-0.7124999999999999,29
0.13750000000000007,-0.6875,19
0.13750000000000007,-0.6625,26
0.13750000000000007,-0.6375,35
0.13750000000000007,-0.6125,37
0.13750000000000007,-0.5874999999999999,38
0.13750000000000007,-0.5625,48
0.13750000000000007,-0.5375,56
0.13750000000000007,-0.5125,51
0.13750000000000007,-0.4875,79
0.13750000000000007,-0.46249999999999997,72
0.13750000000000007,-0.43749999999999994,81
0.13750000000000007,-0.4124999999999999,105
0.13750000000000007,-0.38749999999999996,107
0.13750000000000007,-0.3625,142
0.13750000000000007,-0.33749999999999997,167
0.13750000000000007,-0.31249999999999994,196
0.13750000000000007,-0.2874999999999999,240
0.13750000000000007,-0.26249999999999996,248
0.13750000000000007,-0.2375,324
0.13750000000000007,-0.21249999999999997,363
0.13750000000000007,-0.18749999999999994,390
0.13750000000000007,-0.16249999999999992,467
0.13750000000000007,-0.13749999999999996,484
0.13750000000000007,-0.11249999999999999,551
0.13750000000000007,-0.08749999999999997,703
0.13750000000000007,-0.062499999999999944,676
0.13750000000000007,-0.03749999999999992,785
0.13750000000000007,-0.012499999999999956,823
0.13750000000000007,0.012500000000000067,847
0.13750000000000007,0.03750000000000009,816
0.13750000000000007,0.0625,850
0.13750000000000007,0.08750000000000002,806
0.13750000000000007,0.11250000000000004,717
0.13750000000000007,0.13750000000000007,656
0.13750000000000007,0.1625000000000001,597
0.13750000000000007,0.1875000000000001,510
0.13750000000000007,0.21250000000000013,469
0.13750000000000007,0.23750000000000004,370
0.13750000000000007,0.26250000000000007,337
0.13750000000000007,0.2875000000000001,299
0.13750000000000007,0.3125000000000001,237
0.13750000000000007,0.33750000000000013,245
0.13750000000000007,0.36250000000000004,195
0.13750000000000007,0.38750000000000007,158
0.13750000000000007,0.4125000000000001,152
0.13750000000000007,0.4375000000000001,114
0.13750000000000007,0.46250000000000013,95
0.13750000000000007,0.48750000000000004,96
0.13750000000000007,0.5125000000000001,77
0.13750000000000007,0.5375000000000001,78
0.13750000000000007,0.5625000000000001,55
0.13750000000000007,0.5875000000000001,60
0.13750000000000007,0.6125,37
0.13750000000000007,0.6375000000000001,42
0.13750000000000007,0.6625000000000001,46
0.13750000000000007,0.6875000000000001,24
0.13750000000000007,0.7125000000000001,30
0.13750000000000007,0.7375,23
0.13750000000000007,0.7625000000000001,20
0.13750000000000007,0.7875000000000001,19
0.13750000000000007,0.8125000000000001,20
0.13750000000000007,0.8375000000000001,12
0.13750000000000007,0.8625,15
0.13750000000000007,0.8875000000000001,12
0.13750000000000007,0.9125000000000001,16
0.13750000000000007,0.9375000000000001,17
0.13750000000000007,0.9625000000000001,13
0.13750000000000007,0.9875,3
0.1625000000000001,-0.9875,4
0.1625000000000001,-0.9624999999999999,10
0.1625000000000001,-0.9375,7
0.1625000000000001,-0.9125000000000001,10
0.1625000000000001,-0.8875,10
0.1625000000000001,-0.8625,6
0.1625000000000001,-0.8374999999999999,7
0.1625000000000001,-0.8125,14
0.1625000000000001,-0.7875000000000001,8
0.1625000000000001,-0.7625,9
0.1625000000000001,-0.7375,20
0.1625000000000001,-0.7124999999999999,14
0.1625000000000001,-0.6875,26
0.1625000000000001,-0.6625,39
0.1625000000000001,-0.6375,33
0.1625000000000001,-0.6125,37
0.1625000000000001,-0.5874999999999999,34
0.1625000000000001,-0.5625,41
0.1625000000000001,-0.5375,53
0.1625000000000001,-0.5125,54
0.1625000000000001,-0.4875,70
0.1625000000000001,-0.46249999999999997,75
0.1625000000000001,-0.43749999999999994,97
0.1625000000000001,-0.4124999999999999,94
0.1625000000000001,-0.38749999999999996,121
0.1625000000000001,-0.3625,128
0.1625000000000001,-0.33749999999999997,140
0.1625000000000001,-0.31249999999999994,173
0.1625000000000001,-0.2874999999999999,189
0.1625000000000001,-0.26249999999999996,238
0.1625000000000001,-0.2375,273
0.1625000000000001,-0.21249999999999997,315
0.1625000000000001,-0.18749999999999994,352
0.1625000000000001,-0.16249999999999992,380
0.1625000000000001,-0.13749999999999996,464
0.1625000000000001,-0.11249999999999999,525
0.1625000000000001,-0.08749999999999997,573
0.1625000000000001,-0.062499999999999944,624
0.1625000000000001,-0.03749999999999992,694
0.1625000000000001,-0.012499999999999956,727
0.1625000000000001,0.012500000000000067,687
0.1625000000000001,0.03750000000000009,705
0.1625000000000001,0.0625,747
0.1625000000000001,0.08750000000000002,628
0.1625000000000001,0.11250000000000004,601
0.1625000000000001,0.13750000000000007,586
0.1625000000000001,0.1625000000000001,516
0.1625000000000001,0.1875000000000001,480
0.1625000000000001,0.21250000000000013,387
0.1625000000000001,0.23750000000000004,365
0.1625000000000001,0.26250000000000007,321
0.1625000000000001,0.2875000000000001,264
0.1625000000000001,0.3125000000000001,245
0.1625000000000001,0.33750000000000013,190
0.1625000000000001,0.36250000000000004,160
0.1625000000000001,0.38750000000000007,161
0.1625000000000001,0.4125000000000001,128
0.1625000000000001,0.4375000000000001,119
0.1625000000000001,0.46250000000000013,104
0.1625000000000001,0.48750000000000004,113
0.1625000000000001,0.5125000000000001,87
0.1625000000000001,0.5375000000000001,75
0.1625000000000001,0.5625000000000001,59
0.1625000000000001,0.5875000000000001,58
0.1625000000000001,0.6125,45
0.1625000000000001,0.6375000000000001,49
0.1625000000000001,0.6625000000000001,35
0.1625000000000001,0.6875000000000001,34
0.1625000000000001,0.7125000000000001,27
0.1625000000000001,0.7375,27
0.1625000000000001,0.7625000000000001,16
0.1625000000000001,0.7875000000000001,17
0.1625000000000001,0.8125000000000001,16
0.1625000000000001,0.8375000000000001,15
0.1625000000000001,0.8625,18
0.1625000000000001,0.8875000000000001,11
0.1625000000000001,0.9125000000000001,9
0.1625000000000001,0.9375000000000001,7
0.1625000000000001,0.9625000000000001,6
0.1625000000000001,0.9875,2
0.1875000000000001,-0.9875,1
0.1875000000000001,-0.9624999999999999,7
0.1875000000000001,-0.9375,8
0.1875000000000001,-0.9125000000000001,10
0.1875000000000001,-0.8875,7
0.1875000000000001,-0.8625,8
0.1875000000000001,-0.8374999999999999,14
0.1875000000000001,-0.8125,19
0.1875000000000001,-0.7875000000000001,13
0.1875000000000001,-0.7625,10
0.1875000000000001,-0.7375,15
0.1875000000000001,-0.7124999999999999,19
0.1875000000000001,-0.6875,20
0.1875000000000001,-0.6625,28
0.1875000000000001,-0.6375,31
0.1875000000000001,-0.6125,22
0.1875000000000001,-0.5874999999999999,29
0.1875000000000001,-0.5625,36
0.1875000000000001,-0.5375,51
0.1875000000000001,-0.5125,54
0.1875000000000001,-0.4875,61
0.1875000000000001,-0.46249999999999997,78
0.1875000000000001,-0.43749999999999994,79
0.1875000000000001,-0.4124999999999999,115
0.1875000000000001,-0.38749999999999996,111
0.1875000000000001,-0.3625,127
0.1875000000000001,-0.33749999999999997,152
0.1875000000000001,-0.31249999999999994,178
0.1875000000000001,-0.2874999999999999,173
0.1875000000000001,-0.26249999999999996,233
0.1875000000000001,-0.2375,254
0.1875000000000001,-0.21249999999999997,245
0.1875000000000001,-0.18749999999999994,285
0.1875000000000001,-0.16249999999999992,345
0.1875000000000001,-0.13749999999999996,401
0.1875000000000001,-0.11249999999999999,431
0.1875000000000001,-0.08749999999999997,497
0.1875000000000001,-0.062499999999999944,550
0.1875000000000001,-0.03749999999999992,553
0.1875000000000001,-0.012499999999999956,578
0.1875000000000001,0.012500000000000067,575
0.1875000000000001,0.03750000000000009,582
0.1875000000000001,0.0625,550
0.1875000000000001,0.08750000000000002,595
0.1875000000000001,0.11250000000000004,523
0.1875000000000001,0.13750000000000007,474
0.1875000000000001,0.1625000000000001,468
0.1875000000000001,0.1875000000000001,370
0.1875000000000001,0.21250000000000013,347
0.1875000000000001,0.23750000000000004,343
0.1875000000000001,0.26250000000000007,279
0.1875000000000001,0.2875000000000001,252
0.1875000000000001,0.3125000000000001,208
0.1875000000000001,0.33750000000000013,173
0.1875000000000001,0.36250000000000004,168
0.1875000000000001,0.38750000000000007,139
0.1875000000000001,0.4125000000000001,124
0.1875000000000001,0.4375000000000001,110
0.1875000000000001,0.46250000000000013,96
0.1875000000000001,0.48750000000000004,61
0.1875000000000001,0.5125000000000001,68
0.1875000000000001,0.5375000000000001,61
0.1875000000000001,0.5625000000000001,64
0.1875000000000001,0.5875000000000001,41
0.1875000000000001,0.6125,41
0.1875000000000001,0.6375000000000001,41
0.1875000000000001,0.6625000000000001,28
0.1875000000000001,0.6875000000000001,26
0.1875000000000001,0.7125000000000001,22
0.1875000000000001,0.7375,31
0.1875000000000001,0.7625000000000001,19
0.1875000000000001,0.7875000000000001,26
0.1875000000000001,0.8125000000000001,15
0.1875000000000001,0.8375000000000001,14
0.1875000000000001,0.8625,16
0.1875000000000001,0.8875000000000001,16
0.1875000000000001,0.9125000000000001,9
0.1875000000000001,0.9375000000000001,7
0.1875000000000001,0.9625000000000001,6
0.1875000000000001,0.9875,1
0.21250000000000013,-0.9875,0
0.21250000000000013,-0.9624999999999999,11
0.21250000000000013,-0.9375,9
0.21250000000000013,-0.9125000000000001,8
0.21250000000000013,-0.8875,17
0.21250000000000013,-0.8625,9
0.21250000000000013,-0.8374999999999999,7
0.21250000000000013,-0.8125,13
0.21250000000000013,-0.7875000000000001,13
0.21250000000000013,-0.7625,16
0.21250000000000013,-0.7375,11
0.21250000000000013,-0.7124999999999999,18
0.21250000000000013,-0.6875,16
0.21250000000000013,-0.6625,26
0.21250000000000013,-0.6375,15
0.21250000000000013,-0.6125,28
0.21250000000000013,-0.5874999999999999,30
0.21250000000000013,-0.5625,35
0.21250000000000013,-0.5375,59
0.21250000000000013,-0.5125,60
0.21250000000000013,-0.4875,65
0.21250000000000013,-0.46249999999999997,73
0.21250000000000013,-0.43749999999999994,83
0.21250000000000013,-0.4124999999999999,106
0.21250000000000013,-0.38749999999999996,110
0.21250000000000013,-0.3625,116
0.21250000000000013,-0.33749999999999997,146
0.21250000000000013,-0.31249999999999994,172
0.21250000000000013,-0.2874999999999999,199
0.21250000000000013,-0.26249999999999996,218
0.21250000000000013,-0.2375,229
0.21250000000000013,-0.21249999999999997,248
0.21250000000000013,-0.18749999999999994,263
0.21250000000000013,-0.16249999999999992,317
0.21250000000000013,-0.13749999999999996,371
0.21250000000000013,-0.11249999999999999,345
0.21250000000000013,-0.08749999999999997,413
0.21250000000000013,-0.062499999999999944,449
0.21250000000000013,-0.03749999999999992,522
0.21250000000000013,-0.012499999999999956,490
0.21250000000000013,0.012500000000000067,502
0.21250000000000013,0.03750000000000009,484
0.21250000000000013,0.0625,503
0.21250000000000013,0.08750000000000002,473
0.21250000000000013,0.11250000000000004,444
0.21250000000000013,0.13750000000000007,416
0.21250000000000013,0.1625000000000001,375
0.21250000000000013,0.1875000000000001,349
0.21250000000000013,0.21250000000000013,327
0.21250000000000013,0.23750000000000004,267
0.21250000000000013,0.26250000000000007,265
0.21250000000000013,0.2875000000000001,258
0.21250000000000013,0.3125000000000001,193
0.21250000000000013,0.33750000000000013,172
0.21250000000000013,0.36250000000000004,157
0.21250000000000013,0.38750000000000007,132
0.21250000000000013,0.4125000000000001,116
0.21250000000000013,0.4375000000000001,96
0.21250000000000013,0.46250000000000013,79
0.21250000000000013,0.48750000000000004,73
0.21250000000000013,0.5125000000000001,67
0.21250000000000013,0.5375000000000001,44
0.21250000000000013,0.5625000000000001,63
0.21250000000000013,0.5875000000000001,44
0.21250000000000013,0.6125,41
0.21250000000000013,0.6375000000000001,35
0.21250000000000013,0.6625000000000001,36
0.21250000000000013,0.6875000000000001,34
0.21250000000000013,0.7125000000000001,25
0.21250000000000013,0.7375,21
0.21250000000000013,0.7625000000000001,13
0.21250000000000013,0.7875000000000001,14
0.21250000000000013,0.8125000000000001,6
0.21250000000000013,0.8375000000000001,10
0.21250000000000013,0.8625,14
0.21250000000000013,0.8875000000000001,11
0.21250000000000013,0.9125000000000001,13
0.21250000000000013,0.9375000000000001,9
0.21250000000000013,0.9625000000000001,5
0.21250000000000013,0.9875,1
0.23750000000000004,-0.9875,0
0.23750000000000004,-0.9624999999999999,10
0.23750000000000004,-0.9375,12
0.23750000000000004,-0.9125000000000001,6
0.23750000000000004,-0.8875,7
0.23750000000000004,-0.8625,13
0.23750000000000004,-0.8374999999999999,10
0.23750000000000004,-0.8125,16
0.23750000000000004,-0.7875000000000001,16
0.23750000000000004,-0.7625,14
0.23750000000000004,-0.7375,21
0.23750000000000004,-0.7124999999999999,15
0.23750000000000004,-0.6875,27
0.23750000000000004,-0.6625,13
0.23750000000000004,-0.6375,28
0.23750000000000004,-0.6125,32
0.23750000000000004,-0.5874999999999999,27
0.23750000000000004,-0.5625,37
0.23750000000000004,-0.5375,36
0.23750000000000004,-0.5125,50
0.23750000000000004,-0.4875,71
0.23750000000000004,-0.46249999999999997,63
0.23750000000000004,-0.43749999999999994,70
0.23750000000000004,-0.4124999999999999,81
0.23750000000000004,-0.38749999999999996,94
0.23750000000000004,-0.3625,111
0.23750000000000004,-0.33749999999999997,115
0.23750000000000004,-0.31249999999999994,126
0.23750000000000004,-0.2874999999999999,162
0.23750000000000004,-0.26249999999999996,161
0.23750000000000004,-0.2375,229
0.23750000000000004,-0.21249999999999997,211
0.23750000000000004,-0.18749999999999994,241
0.23750000000000004,-0.16249999999999992,282
0.23750000000000004,-0.13749999999999996,305
0.23750000000000004,-0.11249999999999999,370
0.23750000000000004,-0.08749999999999997,365
0.23750000000000004,-0.062499999999999944,379
0.23750000000000004,-0.03749999999999992,345
0.23750000000000004,-0.012499999999999956,412
0.23750000000000004,0.012500000000000067,429
0.23750000000000004,0.03750000000000009,434
0.23750000000000004,0.0625,411
0.23750000000000004,0.08750000000000002,411
0.23750000000000004,0.11250000000000004,402
0.23750000000000004,0.13750000000000007,341
0.23750000000000004,0.1625000000000001,335
0.23750000000000004,0.1875000000000001,312
0.23750000000000004,0.21250000000000013,284
0.23750000000000004,0.23750000000000004,246
0.23750000000000004,0.26250000000000007,221
0.23750000000000004,0.2875000000000001,191
0.23750000000000004,0.3125000000000001,179
0.23750000000000004,0.33750000000000013,140
0.23750000000000004,0.36250000000000004,147
0.23750000000000004,0.38750000000000007,114
0.23750000000000004,0.4125000000000001,103
0.23750000000000004,0.4375000000000001,95
0.23750000000000004,0.46250000000000013,83
0.23750000000000004,0.48750000000000004,61
0.23750000000000004,0.5125000000000001,69
0.23750000000000004,0.5375000000000001,66
0.23750000000000004,0.5625000000000001,51
0.23750000000000004,0.5875000000000001,46
0.23750000000000004,0.6125,39
0.23750000000000004,0.6375000000000001,34
0.23750000000000004,0.6625000000000001,33
0.23750000000000004,0.6875000000000001,23
0.23750000000000004,0.7125000000000001,16
0.23750000000000004,0.7375,36
0.23750000000000004,0.7625000000000001,15
0.23750000000000004,0.7875000000000001,13
0.23750000000000004,0.8125000000000001,15
0.23750000000000004,0.8375000000000001,12
0.23750000000000004,0.8625,13
0.23750000000000004,0.8875000000000001,15
0.23750000000000004,0.9125000000000001,5
0.23750000000000004,0.9375000000000001,9
0.23750000000000004,0.9625000000000001,4
0.23750000000000004,0.9875,0
0.26250000000000007,-0.9875,0
0.26250000000000007,-0.9624999999999999,6
0.26250000000000007,-0.9375,5
0.26250000000000007,-0.9125000000000001,9
0.26250000000000007,-0.8875,9
0.26250000000000007,-0.8625,8
0.26250000000000007,-0.8374999999999999,6
0.26250000000000007,-0.8125,20
0.26250000000000007,-0.7875000000000001,13
0.26250000000000007,-0.7625,16
0.26250000000000007,-0.7375,15
0.26250000000000007,-0.7124999999999999,12
0.26250000000000007,-0.6875,24
0.26250000000000007,-0.6625,19
0.26250000000000007,-0.6375,24
0.26250000000000007,-0.6125,32
0.26250000000000007,-0.5874999999999999,33
0.26250000000000007,-0.5625,35
0.26250000000000007,-0.5375,38
0.26250000000000007,-0.5125,39
0.26250000000000007,-0.4875,49
0.26250000000000007,-0.46249999999999997,66
0.26250000000000007,-0.43749999999999994,64
0.26250000000000007,-0.4124999999999999,77
0.26250000000000007,-0.38749999999999996,88
0.26250000000000007,-0.3625,93
0.26250000000000007,-0.33749999999999997,111
0.26250000000000007,-0.31249999999999994,129
0.26250000000000007,-0.2874999999999999,119
0.26250000000000007,-0.26249999999999996,161
0.26250000000000007,-0.2375,176
0.26250000000000007,-0.21249999999999997,205
0.26250000000000007,-0.18749999999999994,231
0.26250000000000007,-0.16249999999999992,241
0.26250000000000007,-0.13749999999999996,257
0.26250000000000007,-0.11249999999999999,298
0.26250000000000007,-0.08749999999999997,309
0.26250000000000007,-0.062499999999999944,329
0.26250000000000007,-0.03749999999999992,349
0.26250000000000007,-0.012499999999999956,339
0.26250000000000007,0.012500000000000067,347
0.26250000000000007,0.03750000000000009,332
0.26250000000000007,0.0625,329
0.26250000000000007,0.08750000000000002,354
0.26250000000000007,0.11250000000000004,295
0.26250000000000007,0.13750000000000007,278
0.26250000000000007,0.1625000000000001,292
0.26250000000000007,0.1875000000000001,232
0.26250000000000007,0.21250000000000013,257
0.26250000000000007,0.23750000000000004,204
0.26250000000000007,0.26250000000000007,210
0.26250000000000007,0.2875000000000001,184
0.26250000000000007,0.3125000000000001,171
0.26250000000000007,0.33750000000000013,151
0.26250000000000007,0.36250000000000004,153
0.26250000000000007,0.38750000000000007,130
0.26250000000000007,0.4125000000000001,81
0.26250000000000007,0.4375000000000001,79
0.26250000000000007,0.46250000000000013,76
0.26250000000000007,0.48750000000000004,66
0.26250000000000007,0.5125000000000001,56
0.26250000000000007,0.5375000000000001,58
0.26250000000000007,0.5625000000000001,47
0.26250000000000007,0.5875000000000001,46
0.26250000000000007,0.6125,51
0.26250000000000007,0.6375000000000001,25
0.26250000000000007,0.6625000000000001,31
0.26250000000000007,0.6875000000000001,26
0.26250000000000007,0.7125000000000001,27
0.26250000000000007,0.7375,28
0.26250000000000007,0.7625000000000001,19
0.26250000000000007,0.7875000000000001,13
0.26250000000000007,0.8125000000000001,16
0.26250000000000007,0.8375000000000001,9
0.26250000000000007,0.8625,12
0.26250000000000007,0.8875000000000001,10
0.26250000000000007,0.9125000000000001,14
0.26250000000000007,0.9375000000000001,6
0.26250000000000007,0.9625000000000001,5
0.26250000000000007,0.9875,0
0.2875000000000001,-0.9875,0
0.2875000000000001,-0.9624999999999999,0
0.2875000000000001,-0.9375,5
0.2875000000000001,-0.9125000000000001,9
0.2875000000000001,-0.8875,11
0.2875000000000001,-0.8625,8
0.2875000000000001,-0.8374999999999999,10
0.2875000000000001,-0.8125,11
0.2875000000000001,-0.7875000000000001,10
0.2875000000000001,-0.7625,14
0.2875000000000001,-0.7375,15
0.2875000000000001,-0.7124999999999999,21
0.2875000000000001,-0.6875,16
0.2875000000000001,-0.6625,22
0.2875000000000001,-0.6375,20
0.2875000000000001,-0.6125,24
0.2875000000000001,-0.5874999999999999,38
0.2875000000000001,-0.5625,26
0.2875000000000001,-0.5375,35
0.2875000000000001,-0.5125,41
0.2875000000000001,-0.4875,46
0.2875000000000001,-0.46249999999999997,71
0.2875000000000001,-0.43749999999999994,59
0.2875000000000001,-0.4124999999999999,66
0.2875000000000001,-0.38749999999999996,84
0.2875000000000001,-0.3625,104
0.2875000000000001,-0.33749999999999997,129
0.2875000000000001,-0.31249999999999994,109
0.2875000000000001,-0.2874999999999999,125
0.2875000000000001,-0.26249999999999996,141
0.2875000000000001,-0.2375,164
0.2875000000000001,-0.21249999999999997,173
0.2875000000000001,-0.18749999999999994,204
0.2875000000000001,-0.16249999999999992,203
0.2875000000000001,-0.13749999999999996,207
0.2875000000000001,-0.11249999999999999,241
0.2875000000000001,-0.08749999999999997,265
0.2875000000000001,-0.062499999999999944,265
0.2875000000000001,-0.03749999999999992,301
0.2875000000000001,-0.012499999999999956,278
0.2875000000000001,0.012500000000000067,298
0.2875000000000001,0.03750000000000009,266
0.2875000000000001,0.0625,312
0.2875000000000001,0.08750000000000002,281
0.2875000000000001,0.11250000000000004,280
0.2875000000000001,0.13750000000000007,264
0.2875000000000001,0.1625000000000001,242
0.2875000000000001,0.1875000000000001,199
0.2875000000000001,0.21250000000000013,188
0.2875000000000001,0.23750000000000004,177
0.2875000000000001,0.26250000000000007,157
0.2875000000000001,0.2875000000000001,157
0.2875000000000001,0.3125000000000001,138
0.2875000000000001,0.33750000000000013,132
0.2875000000000001,0.36250000000000004,109
0.2875000000000001,0.38750000000000007,126
0.2875000000000001,0.4125000000000001,96
0.2875000000000001,0.4375000000000001,81
0.2875000000000001,0.46250000000000013,78
0.2875000000000001,0.48750000000000004,74
0.2875000000000001,0.5125000000000001,52
0.2875000000000001,0.5375000000000001,70
0.2875000000000001,0.5625000000000001,32
0.2875000000000001,0.5875000000000001,37
0.2875000000000001,0.6125,41
0.2875000000000001,0.6375000000000001,35
0.2875000000000001,0.6625000000000001,30
0.2875000000000001,0.6875000000000001,25
0.2875000000000001,0.7125000000000001,15
0.2875000000000001,0.7375,22
0.2875000000000001,0.7625000000000001,18
0.2875000000000001,0.7875000000000001,19
0.2875000000000001,0.8125000000000001,17
0.2875000000000001,0.8375000000000001,14
0.2875000000000001,0.8625,13
0.2875000000000001,0.8875000000000001,8
0.2875000000000001,0.9125000000000001,1
0.2875000000000001,0.9375000000000001,7
0.2875000000000001,0.9625000000000001,1
0.2875000000000001,0.9875,0
0.3125000000000001,-0.9875,0
0.3125000000000001,-0.9624999999999999,1
0.3125000000000001,-0.9375,9
0.3125000000000001,-0.9125000000000001,4
0.3125000000000001,-0.8875,6
0.3125000000000001,-0.8625,7
0.3125000000000001,-0.8374999999999999,9
0.3125000000000001,-0.8125,18
0.3125000000000001,-0.7875000000000001,12
0.3125000000000001,-0.7625,13
0.3125000000000001,-0.7375,13
0.3125000000000001,-0.7124999999999999,15
0.3125000000000001,-0.6875,24
0.3125000000000001,-0.6625,20
0.3125000000000001,-0.6375,15
0.3125000000000001,-0.6125,25
0.3125000000000001,-0.5874999999999999,30
0.3125000000000001,-0.5625,25
0.3125000000000001,-0.5375,42
0.3125000000000001,-0.5125,43
0.3125000000000001,-0.4875,54
0.3125000000000001,-0.46249999999999997,52
0.3125000000000001,-0.43749999999999994,59
0.3125000000000001,-0.4124999999999999,66
0.3125000000000001,-0.38749999999999996,74
0.3125000000000001,-0.3625,84
0.3125000000000001,-0.33749999999999997,98
0.3125000000000001,-0.31249999999999994,82
0.3125000000000001,-0.2874999999999999,122
0.3125000000000001,-0.26249999999999996,132
0.3125000000000001,-0.2375,124
0.3125000000000001,-0.21249999999999997,174
0.3125000000000001,-0.18749999999999994,168
0.3125000000000001,-0.16249999999999992,165
0.3125000000000001,-0.13749999999999996,207
0.3125000000000001,-0.11249999999999999,222
0.3125000000000001,-0.08749999999999997,224
0.3125000000000001,-0.062499999999999944,201
0.3125000000000001,-0.03749999999999992,237
0.3125000000000001,-0.012499999999999956,246
0.3125000000000001,0.012500000000000067,280
0.3125000000000001,0.03750000000000009,250
0.3125000000000001,0.0625,272
0.3125000000000001,0.08750000000000002,279
0.3125000000000001,0.11250000000000004,235
0.3125000000000001,0.13750000000000007,241
0.3125000000000001,0.1625000000000001,197
0.3125000000000001,0.1875000000000001,203
0.3125000000000001,0.21250000000000013,199
0.3125000000000001,0.23750000000000004,192
0.3125000000000001,0.26250000000000007,193
0.3125000000000001,0.2875000000000001,144
0.3125000000000001,0.3125000000000001,139
0.3125000000000001,0.33750000000000013,117
0.3125000000000001,0.36250000000000004,102
0.3125000000000001,0.38750000000000007,99
0.3125000000000001,0.4125000000000001,94
0.3125000000000001,0.4375000000000001,73
0.3125000000000001,0.46250000000000013,57
0.3125000000000001,0.48750000000000004,50
0.3125000000000001,0.5125000000000001,49
0.3125000000000001,0.5375000000000001,36
0.3125000000000001,0.5625000000000001,37
0.3125000000000001,0.5875000000000001,35
0.3125000000000001,0.6125,48
0.3125000000000001,0.6375000000000001,29
0.3125000000000001,0.6625000000000001,29
0.3125000000000001,0.6875000000000001,30
0.3125000000000001,0.7125000000000001,23
0.3125000000000001,0.7375,18
0.3125000000000001,0.7625000000000001,14
0.3125000000000001,0.7875000000000001,8
0.3125000000000001,0.8125000000000001,12
0.3125000000000001,0.8375000000000001,8
0.3125000000000001,0.8625,15
0.3125000000000001,0.8875000000000001,13
0.3125000000000001,0.9125000000000001,13
0.3125000000000001,0.9375000000000001,6
0.3125000000000001,0.9625000000000001,0
0.3125000000000001,0.9875,0
0.33750000000000013,-0.9875,0
0.33750000000000013,-0.9624999999999999,0
0.33750000000000013,-0.9375,3
0.33750000000000013,-0.9125000000000001,8
0.33750000000000013,-0.8875,6
0.33750000000000013,-0.8625,9
0.33750000000000013,-0.8374999999999999,6
0.33750000000000013,-0.8125,13
0.33750000000000013,-0.7875000000000001,9
0.33750000000000013,-0.7625,10
0.33750000000000013,-0.7375,15
0.33750000000000013,-0.7124999999999999,20
0.33750000000000013,-0.6875,9
0.33750000000000013,-0.6625,18
0.33750000000000013,-0.6375,19
0.33750000000000013,-0.6125,20
0.33750000000000013,-0.5874999999999999,28
0.33750000000000013,-0.5625,36
0.33750000000000013,-0.5375,37
0.33750000000000013,-0.5125,34
0.33750000000000013,-0.4875,47
0.33750000000000013,-0.46249999999999997,65
0.33750000000000013,-0.43749999999999994,48
0.33750000000000013,-0.4124999999999999,58
0.33750000000000013,-0.38749999999999996,60
0.33750000000000013,-0.3625,69
0.33750000000000013,-0.33749999999999997,97
0.33750000000000013,-0.31249999999999994,87
0.33750000000000013,-0.2874999999999999,97
0.33750000000000013,-0.26249999999999996,104
0.33750000000000013,-0.2375,109
0.33750000000000013,-0.21249999999999997,132
0.33750000000000013,-0.18749999999999994,162
0.33750000000000013,-0.16249999999999992,173
0.33750000000000013,-0.13749999999999996,170
0.33750000000000013,-0.11249999999999999,185
0.33750000000000013,-0.08749999999999997,204
0.33750000000000013,-0.062499999999999944,195
0.33750000000000013,-0.03749999999999992,209
0.33750000000000013,-0.012499999999999956,250
0.33750000000000013,0.012500000000000067,260
0.33750000000000013,0.03750000000000009,208
0.33750000000000013,0.0625,247
0.33750000000000013,0.08750000000000002,202
0.33750000000000013,0.11250000000000004,207
0.33750000000000013,0.13750000000000007,187
0.33750000000000013,0.1625000000000001,178
0.33750000000000013,0.1875000000000001,169
0.33750000000000013,0.21250000000000013,177
0.33750000000000013,0.23750000000000004,158
0.33750000000000013,0.26250000000000007,141
0.33750000000000013,0.2875000000000001,139
0.33750000000000013,0.3125000000000001,128
0.33750000000000013,0.33750000000000013,113
0.33750000000000013,0.36250000000000004,89
0.33750000000000013,0.38750000000000007,86
0.33750000000000013,0.4125000000000001,75
0.33750000000000013,0.4375000000000001,67
0.33750000000000013,0.46250000000000013,50
0.33750000000000013,0.48750000000000004,64
0.33750000000000013,0.5125000000000001,46
0.33750000000000013,0.5375000000000001,39
0.33750000000000013,0.5625000000000001,34
0.33750000000000013,0.5875000000000001,37
0.33750000000000013,0.6125,27
0.33750000000000013,0.6375000000000001,25
0.33750000000000013,0.6625000000000001,17
0.33750000000000013,0.6875000000000001,23
0.33750000000000013,0.7125000000000001,25
0.33750000000000013,0.7375,19
0.33750000000000013,0.7625000000000001,16
0.33750000000000013,0.7875000000000001,19
0.33750000000000013,0.8125000000000001,8
0.33750000000000013,0.8375000000000001,9
0.33750000000000013,0.8625,8
0.33750000000000013,0.8875000000000001,11
0.33750000000000013,0.9125000000000001,7
0.33750000000000013,0.9375000000000001,7
0.33750000000000013,0.9625000000000001,0
0.33750000000000013,0.9875,0
0.36250000000000004,-0.9875,0
0.36250000000000004,-0.9624999999999999,0
0.36250000000000004,-0.9375,2
0.36250000000000004,-0.9125000000000001,6
0.36250000000000004,-0.8875,9
0.36250000000000004,-0.8625,6
0.36250000000000004,-0.8374999999999999,10
0.36250000000000004,-0.8125,13
0.36250000000000004,-0.7875000000000001,3
0.36250000000000004,-0.7625,11
0.36250000000000004,-0.7375,15
0.36250000000000004,-0.7124999999999999,15
0.36250000000000004,-0.6875,18
0.36250000000000004,-0.6625,21
0.36250000000000004,-0.6375,12
0.36250000000000004,-0.6125,17
0.36250000000000004,-0.5874999999999999,15
0.36250000000000004,-0.5625,34
0.36250000000000004,-0.5375,32
0.36250000000000004,-0.5125,39
0.36250000000000004,-0.4875,32
0.36250000000000004,-0.46249999999999997,58
0.36250000000000004,-0.43749999999999994,48
0.36250000000000004,-0.4124999999999999,50
0.36250000000000004,-0.38749999999999996,63
0.36250000000000004,-0.3625,73
0.36250000000000004,-0.33749999999999997,72
0.36250000000000004,-0.31249999999999994,77
0.36250000000000004,-0.2874999999999999,105
0.36250000000000004,-0.26249999999999996,87
0.36250000000000004,-0.2375,110
0.36250000000000004,-0.21249999999999997,125
0.36250000000000004,-0.18749999999999994,114
0.36250000000000004,-0.16249999999999992,131
0.36250000000000004,-0.13749999999999996,109
0.36250000000000004,-0.11249999999999999,146
0.36250000000000004,-0.08749999999999997,157
0.36250000000000004,-0.062499999999999944,180
0.36250000000000004,-0.03749999999999992,176
0.36250000000000004,-0.012499999999999956,171
0.36250000000000004,0.012500000000000067,176
0.36250000000000004,0.03750000000000009,175
0.36250000000000004,0.0625,205
0.36250000000000004,0.08750000000000002,186
0.36250000000000004,0.11250000000000004,154
0.36250000000000004,0.13750000000000007,165
0.36250000000000004,0.1625000000000001,198
0.36250000000000004,0.1875000000000001,150
0.36250000000000004,0.21250000000000013,138
0.36250000000000004,0.23750000000000004,126
0.36250000000000004,0.26250000000000007,145
0.36250000000000004,0.2875000000000001,139
0.36250000000000004,0.3125000000000001,87
0.36250000000000004,0.33750000000000013,98
0.36250000000000004,0.36250000000000004,75
0.36250000000000004,0.38750000000000007,67
0.36250000000000004,0.4125000000000001,50
0.36250000000000004,0.4375000000000001,60
0.36250000000000004,0.46250000000000013,56
0.36250000000000004,0.48750000000000004,48
0.36250000000000004,0.5125000000000001,41
0.36250000000000004,0.5375000000000001,52
0.36250000000000004,0.5625000000000001,33
0.36250000000000004,0.5875000000000001,32
0.36250000000000004,0.6125,29
0.36250000000000004,0.6375000000000001,31
0.36250000000000004,0.6625000000000001,18
0.36250000000000004,0.6875000000000001,18
0.36250000000000004,0.7125000000000001,21
0.36250000000000004,0.7375,16
0.36250000000000004,0.7625000000000001,25
0.36250000000000004,0.7875000000000001,17
0.36250000000000004,0.8125000000000001,15
0.36250000000000004,0.8375000000000001,14
0.36250000000000004,0.8625,16
0.36250000000000004,0.8875000000000001,10
0.36250000000000004,0.9125000000000001,5
0.36250000000000004,0.9375000000000001,1
0.36250000000000004,0.9625000000000001,0
0.36250000000000004,0.9875,0
0.38750000000000007,-0.9875,0
0.38750000000000007,-0.9624999999999999,0
0.38750000000000007,-0.9375,0
0.38750000000000007,-0.9125000000000001,12
0.38750000000000007,-0.8875,10
0.38750000000000007,-0.8625,7
0.38750000000000007,-0.8374999999999999,10
0.38750000000000007,-0.8125,12
0.38750000000000007,-0.7875000000000001,10
0.38750000000000007,-0.7625,6
0.38750000000000007,-0.7375,16
0.38750000000000007,-0.7124999999999999,18
0.38750000000000007,-0.6875,13
0.38750000000000007,-0.6625,12
0.38750000000000007,-0.6375,21
0.38750000000000007,-0.6125,22
0.38750000000000007,-0.5874999999999999,27
0.38750000000000007,-0.5625,27
0.38750000000000007,-0.5375,28
0.38750000000000007,-0.5125,33
0.38750000000000007,-0.4875,34
0.38750000000000007,-0.46249999999999997,43
0.38750000000000007,-0.43749999999999994,39
0.38750000000000007,-0.4124999999999999,46
0.38750000000000007,-0.38749999999999996,66
0.38750000000000007,-0.3625,63
0.38750000000000007,-0.33749999999999997,69
0.38750000000000007,-0.31249999999999994,76
0.38750000000000007,-0.2874999999999999,79
0.38750000000000007,-0.26249999999999996,91
0.38750000000000007,-0.2375,90
0.38750000000000007,-0.21249999999999997,100
0.38750000000000007,-0.18749999999999994,124
0.38750000000000007,-0.16249999999999992,118
0.38750000000000007,-0.13749999999999996,124
0.38750000000000007,-0.11249999999999999,149
0.38750000000000007,-0.08749999999999997,140
0.38750000000000007,-0.062499999999999944,152
0.38750000000000007,-0.03749999999999992,146
0.38750000000000007,-0.012499999999999956,150
0.38750000000000007,0.012500000000000067,158
0.38750000000000007,0.03750000000000009,162
0.38750000000000007,0.0625,160
0.38750000000000007,0.08750000000000002,148
0.38750000000000007,0.11250000000000004,144
0.38750000000000007,0.13750000000000007,141
0.38750000000000007,0.1625000000000001,138
0.38750000000000007,0.1875000000000001,133
0.38750000000000007,0.21250000000000013,129
0.38750000000000007,0.23750000000000004,111
0.38750000000000007,0.26250000000000007,112
0.38750000000000007,0.2875000000000001,83
0.38750000000000007,0.3125000000000001,107
0.38750000000000007,0.33750000000000013,78
0.38750000000000007,0.36250000000000004,65
0.38750000000000007,0.38750000000000007,64
0.38750000000000007,0.4125000000000001,62
0.38750000000000007,0.4375000000000001,51
0.38750000000000007,0.46250000000000013,40
0.38750000000000007,0.48750000000000004,53
0.38750000000000007,0.5125000000000001,41
0.38750000000000007,0.5375000000000001,34
0.38750000000000007,0.5625000000000001,43
0.38750000000000007,0.5875000000000001,22
0.38750000000000007,0.6125,27
0.38750000000000007,0.6375000000000001,25
0.38750000000000007,0.6625000000000001,12
0.38750000000000007,0.6875000000000001,20
0.38750000000000007,0.7125000000000001,11
0.38750000000000007,0.7375,17
0.38750000000000007,0.7625000000000001,11
0.38750000000000007,0.7875000000000001,12
0.38750000000000007,0.8125000000000001,12
0.38750000000000007,0.8375000000000001,9
0.38750000000000007,0.8625,11
0.38750000000000007,0.8875000000000001,4
0.38750000000000007,0.9125000000000001,9
0.38750000000000007,0.9375000000000001,0
0.38750000000000007,0.9625000000000001,0
0.38750000000000007,0.9875,0
0.4125000000000001,-0.9875,0
0.4125000000000001,-0.9624999999999999,0
0.4125000000000001,-0.9375,0
0.4125000000000001,-0.9125000000000001,7
0.4125000000000001,-0.8875,7
0.4125000000000001,-0.8625,10
0.4125000000000001,-0.8374999999999999,8
0.4125000000000001,-0.8125,13
0.4125000000000001,-0.7875000000000001,5
0.4125000000000001,-0.7625,7
0.4125000000000001,-0.7375,11
0.4125000000000001,-0.7124999999999999,16
0.4125000000000001,-0.6875,15
0.4125000000000001,-0.6625,17
0.4125000000000001,-0.6375,14
0.4125000000000001,-0.6125,22
0.4125000000000001,-0.5874999999999999,21
0.4125000000000001,-0.5625,24
0.4125000000000001,-0.5375,23
0.4125000000000001,-0.5125,25
0.4125000000000001,-0.4875,30
0.4125000000000001,-0.46249999999999997,38
0.4125000000000001,-0.43749999999999994,48
0.4125000000000001,-0.4124999999999999,37
0.4125000000000001,-0.38749999999999996,60
0.4125000000000001,-0.3625,57
0.4125000000000001,-0.33749999999999997,64
0.4125000000000001,-0.31249999999999994,69
0.4125000000000001,-0.2874999999999999,67
0.4125000000000001,-0.26249999999999996,95
0.4125000000000001,-0.2375,79
0.4125000000000001,-0.21249999999999997,95
0.4125000000000001,-0.18749999999999994,108
0.4125000000000001,-0.16249999999999992,113
0.4125000000000001,-0.13749999999999996,118
0.4125000000000001,-0.11249999999999999,103
0.4125000000000001,-0.08749999999999997,122
0.4125000000000001,-0.062499999999999944,131
0.4125000000000001,-0.03749999999999992,114
0.4125000000000001,-0.012499999999999956,122
0.4125000000000001,0.012500000000000067,133
0.4125000000000001,0.03750000000000009,129
0.4125000000000001,0.0625,126
0.4125000000000001,0.08750000000000002,131
0.4125000000000001,0.11250000000000004,120
0.4125000000000001,0.13750000000000007,113
0.4125000000000001,0.1625000000000001,120
0.4125000000000001,0.1875000000000001,95
0.4125000000000001,0.21250000000000013,117
0.4125000000000001,0.23750000000000004,120
0.4125000000000001,0.26250000000000007,87
0.4125000000000001,0.2875000000000001,82
0.4125000000000001,0.3125000000000001,86
0.4125000000000001,0.33750000000000013,69
0.4125000000000001,0.36250000000000004,75
0.4125000000000001,0.38750000000000007,73
0.4125000000000001,0.4125000000000001,53
0.4125000000000001,0.4375000000000001,40
0.4125000000000001,0.46250000000000013,51
0.4125000000000001,0.48750000000000004,36
0.4125000000000001,0.5125000000000001,45
0.4125000000000001,0.5375000000000001,35
0.4125000000000001,0.5625000000000001,38
0.4125000000000001,0.5875000000000001,27
0.4125000000000001,0.6125,29
0.4125000000000001,0.6375000000000001,19
0.4125000000000001,0.6625000000000001,22
0.4125000000000001,0.6875000000000001,13
0.4125000000000001,0.7125000000000001,12
0.4125000000000001,0.7375,7
0.4125000000000001,0.7625000000000001,11
0.4125000000000001,0.7875000000000001,14
0.4125000000000001,0.8125000000000001,11
0.4125000000000001,0.8375000000000001,11
0.4125000000000001,0.8625,8
0.4125000000000001,0.8875000000000001,8
0.4125000000000001,0.9125000000000001,6
0.4125000000000001,0.9375000000000001,0
0.4125000000000001,0.9625000000000001,0
0.4125000000000001,0.9875,0
0.4375000000000001,-0.9875,0
0.4375000000000001,-0.9624999999999999,0
0.4375000000000001,-0.9375,0
0.4375000000000001,-0.9125000000000001,2
0.4375000000000001,-0.8875,5
0.4375000000000001,-0.8625,3
0.4375000000000001,-0.8374999999999999,9
0.4375000000000001,-0.8125,5
0.4375000000000001,-0.7875000000000001,13
0.4375000000000001,-0.7625,5
0.4375000000000001,-0.7375,13
0.4375000000000001,-0.7124999999999999,14
0.4375000000000001,-0.6875,14
0.4375000000000001,-0.6625,26
0.4375000000000001,-0.6375,16
0.4375000000000001,-0.6125,14
0.4375000000000001,-0.5874999999999999,15
0.4375000000000001,-0.5625,20
0.4375000000000001,-0.5375,24
0.4375000000000001,-0.5125,26
0.4375000000000001,-0.4875,29
0.4375000000000001,-0.46249999999999997,44
0.4375000000000001,-0.43749999999999994,36
0.4375000000000001,-0.4124999999999999,39
0.4375000000000001,-0.38749999999999996,46
0.4375000000000001,-0.3625,55
0.4375000000000001,-0.33749999999999997,62
0.4375000000000001,-0.31249999999999994,73
0.4375000000000001,-0.2874999999999999,70
0.4375000000000001,-0.26249999999999996,73
0.4375000000000001,-0.2375,78
0.4375000000000001,-0.21249999999999997,79
0.4375000000000001,-0.18749999999999994,105
0.4375000000000001,-0.16249999999999992,96
0.4375000000000001,-0.13749999999999996,87
0.4375000000000001,-0.11249999999999999,108
0.4375000000000001,-0.08749999999999997,86
0.4375000000000001,-0.062499999999999944,107
0.4375000000000001,-0.03749999999999992,120
0.4375000000000001,-0.012499999999999956,127
0.4375000000000001,0.012500000000000067,125
0.4375000000000001,0.03750000000000009,106
0.4375000000000001,0.0625,117
0.4375000000000001,0.08750000000000002,112
0.4375000000000001,0.11250000000000004,105
0.4375000000000001,0.13750000000000007,116
0.4375000000000001,0.1625000000000001,93
0.4375000000000001,0.1875000000000001,103
0.4375000000000001,0.21250000000000013,99
0.4375000000000001,0.23750000000000004,90
0.4375000000000001,0.26250000000000007,75
0.4375000000000001,0.2875000000000001,60
0.4375000000000001,0.3125000000000001,70
0.4375000000000001,0.33750000000000013,53
0.4375000000000001,0.36250000000000004,49
0.4375000000000001,0.38750000000000007,59
0.4375000000000001,0.4125000000000001,52
0.4375000000000001,0.4375000000000001,45
0.4375000000000001,0.46250000000000013,38
0.4375000000000001,0.48750000000000004,46
0.4375000000000001,0.5125000000000001,35
0.4375000000000001,0.5375000000000001,38
0.4375000000000001,0.5625000000000001,32
0.4375000000000001,0.5875000000000001,28
0.4375000000000001,0.6125,24
0.4375000000000001,0.6375000000000001,19
0.4375000000000001,0.6625000000000001,15
0.4375000000000001,0.6875000000000001,18
0.4375000000000001,0.7125000000000001,16
0.4375000000000001,0.7375,19
0.4375000000000001,0.7625000000000001,16
0.4375000000000001,0.7875000000000001,8
0.4375000000000001,0.8125000000000001,11
0.4375000000000001,0.8375000000000001,9
0.4375000000000001,0.8625,10
0.4375000000000001,0.8875000000000001,8
0.4375000000000001,0.9125000000000001,0
0.4375000000000001,0.9375000000000001,0
0.4375000000000001,0.9625000000000001,0
0.4375000000000001,0.9875,0
0.46250000000000013,-0.9875,0
0.46250000000000013,-0.9624999999999999,0
0.46250000000000013,-0.9375,0
0.46250000000000013,-0.9125000000000001,0
0.46250000000000013,-0.8875,2
0.46250000000000013,-0.8625,2
0.46250000000000013,-0.8374999999999999,10
0.46250000000000013,-0.8125,14
0.46250000000000013,-0.7875000000000001,14
0.46250000000000013,-0.7625,11
0.46250000000000013,-0.7375,13
0.46250000000000013,-0.7124999999999999,7
0.46250000000000013,-0.6875,12
0.46250000000000013,-0.6625,12
0.46250000000000013,-0.6375,13
0.46250000000000013,-0.6125,13
0.46250000000000013,-0.5874999999999999,20
0.46250000000000013,-0.5625,13
0.46250000000000013,-0.5375,23
0.46250000000000013,-0.5125,26
0.46250000000000013,-0.4875,24
0.46250000000000013,-0.46249999999999997,28
0.46250000000000013,-0.43749999999999994,43
0.46250000000000013,-0.4124999999999999,42
0.46250000000000013,-0.38749999999999996,46
0.46250000000000013,-0.3625,47
0.46250000000000013,-0.33749999999999997,46
0.46250000000000013,-0.31249999999999994,51
0.46250000000000013,-0.2874999999999999,50
0.46250000000000013,-0.26249999999999996,60
0.46250000000000013,-0.2375,56
0.46250000000000013,-0.21249999999999997,60
0.46250000000000013,-0.18749999999999994,75
0.46250000000000013,-0.16249999999999992,64
0.46250000000000013,-0.13749999999999996,80
0.46250000000000013,-0.11249999999999999,105
0.46250000000000013,-0.08749999999999997,83
0.46250000000000013,-0.062499999999999944,100
0.46250000000000013,-0.03749999999999992,87
0.46250000000000013,-0.012499999999999956,82
0.46250000000000013,0.012500000000000067,103
0.46250000000000013,0.03750000000000009,82
0.46250000000000013,0.0625,100
0.46250000000000013,0.08750000000000002,97
0.46250000000000013,0.11250000000000004,81
0.46250000000000013,0.13750000000000007,92
0.46250000000000013,0.1625000000000001,89
0.46250000000000013,0.1875000000000001,83
0.46250000000000013,0.21250000000000013,91
0.46250000000000013,0.23750000000000004,72
0.46250000000000013,0.26250000000000007,79
0.46250000000000013,0.2875000000000001,67
0.46250000000000013,0.3125000000000001,63
0.46250000000000013,0.33750000000000013,58
0.46250000000000013,0.36250000000000004,54
0.46250000000000013,0.38750000000000007,46
0.46250000000000013,0.4125000000000001,35
0.46250000000000013,0.4375000000000001,38
0.46250000000000013,0.46250000000000013,44
0.46250000000000013,0.48750000000000004,36
0.46250000000000013,0.5125000000000001,27
0.46250000000000013,0.5375000000000001,31
0.46250000000000013,0.5625000000000001,25
0.46250000000000013,0.5875000000000001,33
0.46250000000000013,0.6125,19
0.46250000000000013,0.6375000000000001,16
0.46250000000000013,0.6625000000000001,19
0.46250000000000013,0.6875000000000001,19
0.46250000000000013,0.7125000000000001,11
0.46250000000000013,0.7375,15
0.46250000000000013,0.7625000000000001,16
0.46250000000000013,0.7875000000000001,10
0.46250000000000013,0.8125000000000001,13
0.46250000000000013,0.8375000000000001,9
0.46250000000000013,0.8625,4
0.46250000000000013,0.8875000000000001,6
0.46250000000000013,0.9125000000000001,0
0.46250000000000013,0.9375000000000001,0
0.46250000000000013,0.9625000000000001,0
0.46250000000000013,0.9875,0
0.48750000000000004,-0.9875,0
0.48750000000000004,-0.9624999999999999,0
0.48750000000000004,-0.9375,0
0.48750000000000004,-0.9125000000000001,0
0.48750000000000004,-0.8875,1
0.48750000000000004,-0.8625,4
0.48750000000000004,-0.8374999999999999,7
0.48750000000000004,-0.8125,10
0.48750000000000004,-0.7875000000000001,10
0.48750000000000004,-0.7625,6
0.48750000000000004,-0.7375,15
0.48750000000000004,-0.7124999999999999,15
0.48750000000000004,-0.6875,15
0.48750000000000004,-0.6625,12
0.48750000000000004,-0.6375,16
0.48750000000000004,-0.6125,9
0.48750000000000004,-0.5874999999999999,20
0.48750000000000004,-0.5625,19
0.48750000000000004,-0.5375,22
0.48750000000000004,-0.5125,24
0.48750000000000004,-0.4875,17
0.48750000000000004,-0.46249999999999997,25
0.48750000000000004,-0.43749999999999994,36
0.48750000000000004,-0.4124999999999999,30
0.48750000000000004,-0.38749999999999996,31
0.48750000000000004,-0.3625,37
0.48750000000000004,-0.33749999999999997,39
0.48750000000000004,-0.31249999999999994,42
0.48750000000000004,-0.2874999999999999,58
0.48750000000000004,-0.26249999999999996,52
0.48750000000000004,-0.2375,64
0.48750000000000004,-0.21249999999999997,62
0.48750000000000004,-0.18749999999999994,66
0.48750000000000004,-0.16249999999999992,76
0.48750000000000004,-0.13749999999999996,88
0.48750000000000004,-0.11249999999999999,80
0.48750000000000004,-0.08749999999999997,78
0.48750000000000004,-0.062499999999999944,87
0.48750000000000004,-0.03749999999999992,69
0.48750000000000004,-0.012499999999999956,86
0.48750000000000004,0.012500000000000067,90
0.48750000000000004,0.03750000000000009,100
0.48750000000000004,0.0625,89
0.48750000000000004,0.08750000000000002,75
0.48750000000000004,0.11250000000000004,78
0.48750000000000004,0.13750000000000007,96
0.48750000000000004,0.1625000000000001,78
0.48750000000000004,0.1875000000000001,75
0.48750000000000004,0.21250000000000013,80
0.48750000000000004,0.23750000000000004,58
0.48750000000000004,0.26250000000000007,61
0.48750000000000004,0.2875000000000001,55
0.48750000000000004,0.3125000000000001,59
0.48750000000000004,0.33750000000000013,48
0.48750000000000004,0.36250000000000004,41
0.48750000000000004,0.38750000000000007,41
0.48750000000000004,0.4125000000000001,45
0.48750000000000004,0.4375000000000001,28
0.48750000000000004,0.46250000000000013,38
0.48750000000000004,0.48750000000000004,38
0.48750000000000004,0.5125000000000001,23
0.48750000000000004,0.5375000000000001,29
0.48750000000000004,0.5625000000000001,30
0.48750000000000004,0.5875000000000001,23
0.48750000000000004,0.6125,15
0.48750000000000004,0.6375000000000001,9
0.48750000000000004,0.6625000000000001,23
0.48750000000000004,0.6875000000000001,19
0.48750000000000004,0.7125000000000001,15
0.48750000000000004,0.7375,14
0.48750000000000004,0.7625000000000001,13
0.48750000000000004,0.7875000000000001,18
0.48750000000000004,0.8125000000000001,11
0.48750000000000004,0.8375000000000001,7
0.48750000000000004,0.8625,10
0.48750000000000004,0.8875000000000001,1
0.48750000000000004,0.9125000000000001,0
0.48750000000000004,0.9375000000000001,0
0.48750000000000004,0.9625000000000001,0
0.48750000000000004,0.9875,0
0.5125000000000001,-0.9875,0
0.5125000000000001,-0.9624999999999999,0
0.5125000000000001,-0.9375,0
0.5125000000000001,-0.9125000000000001,0
0.5125000000000001,-0.8875,0
0.5125000000000001,-0.8625,1
0.5125000000000001,-0.8374999999999999,4
0.5125000000000001,-0.8125,5
0.5125000000000001,-0.7875000000000001,13
0.5125000000000001,-0.7625,11
0.5125000000000001,-0.7375,8
0.5125000000000001,-0.7124999999999999,8
0.5125000000000001,-0.6875,16
0.5125000000000001,-0.6625,10
0.5125000000000001,-0.6375,14
0.5125000000000001,-0.6125,15
0.5125000000000001,-0.5874999999999999,18
0.5125000000000001,-0.5625,14
0.5125000000000001,-0.5375,15
0.5125000000000001,-0.5125,16
0.5125000000000001,-0.4875,21
0.5125000000000001,-0.46249999999999997,26
0.5125000000000001,-0.43749999999999994,27
0.5125000000000001,-0.4124999999999999,30
0.5125000000000001,-0.38749999999999996,22
0.5125000000000001,-0.3625,34
0.5125000000000001,-0.33749999999999997,46
0.5125000000000001,-0.31249999999999994,33
0.5125000000000001,-0.2874999999999999,42
0.5125000000000001,-0.26249999999999996,53
0.5125000000000001,-0.2375,57
0.5125000000000001,-0.21249999999999997,59
0.5125000000000001,-0.18749999999999994,72
0.5125000000000001,-0.16249999999999992,58
0.5125000000000001,-0.13749999999999996,64
0.5125000000000001,-0.11249999999999999,79
0.5125000000000001,-0.08749999999999997,64
0.5125000000000001,-0.062499999999999944,59
0.5125000000000001,-0.03749999999999992,73
0.5125000000000001,-0.012499999999999956,69
0.5125000000000001,0.012500000000000067,81
0.5125000000000001,0.03750000000000009,65
0.5125000000000001,0.0625,85
0.5125000000000001,0.08750000000000002,78
0.5125000000000001,0.11250000000000004,75
0.5125000000000001,0.13750000000000007,74
0.5125000000000001,0.1625000000000001,69
0.5125000000000001,0.1875000000000001,65
0.5125000000000001,0.21250000000000013,65
0.5125000000000001,0.23750000000000004,63
0.5125000000000001,0.26250000000000007,46
0.5125000000000001,0.2875000000000001,44
0.5125000000000001,0.3125000000000001,45
0.5125000000000001,0.33750000000000013,52
0.5125000000000001,0.36250000000000004,34
0.5125000000000001,0.38750000000000007,29
0.5125000000000001,0.4125000000000001,36
0.5125000000000001,0.4375000000000001,27
0.5125000000000001,0.46250000000000013,35
0.5125000000000001,0.48750000000000004,28
0.5125000000000001,0.5125000000000001,22
0.5125000000000001,0.5375000000000001,28
0.5125000000000001,0.5625000000000001,23
0.5125000000000001,0.5875000000000001,21
0.5125000000000001,0.6125,27
0.5125000000000001,0.6375000000000001,11
0.5125000000000001,0.6625000000000001,18
0.5125000000000001,0.6875000000000001,17
0.5125000000000001,0.7125000000000001,16
0.5125000000000001,0.7375,14
0.5125000000000001,0.7625000000000001,16
0.5125000000000001,0.7875000000000001,8
0.5125000000000001,0.8125000000000001,9
0.5125000000000001,0.8375000000000001,5
0.5125000000000001,0.8625,3
0.5125000000000001,0.8875000000000001,0
0.5125000000000001,0.9125000000000001,0
0.5125000000000001,0.9375000000000001,0
0.5125000000000001,0.9625000000000001,0
0.5125000000000001,0.9875,0
0.5375000000000001,-0.9875,0
0.5375000000000001,-0.9624999999999999,0
0.5375000000000001,-0.9375,0
0.5375000000000001,-0.9125000000000001,0
0.5375000000000001,-0.8875,0
0.5375000000000001,-0.8625,0
0.5375000000000001,-0.8374999999999999,5
0.5375000000000001,-0.8125,7
0.5375000000000001,-0.7875000000000001,6
0.5375000000000001,-0.7625,12
0.5375000000000001,-0.7375,11
0.5375000000000001,-0.7124999999999999,8
0.5375000000000001,-0.6875,5
0.5375000000000001,-0.6625,13
0.5375000000000001,-0.6375,8
0.5375000000000001,-0.6125,12
0.5375000000000001,-0.5874999999999999,14
0.5375000000000001,-0.5625,15
0.5375000000000001,-0.5375,20
0.5375000000000001,-0.5125,17
0.5375000000000001,-0.4875,34
0.5375000000000001,-0.46249999999999997,26
0.5375000000000001,-0.43749999999999994,23
0.5375000000000001,-0.4124999999999999,34
0.5375000000000001,-0.38749999999999996,27
0.5375000000000001,-0.3625,32
0.5375000000000001,-0.33749999999999997,36
0.5375000000000001,-0.31249999999999994,36
0.5375000000000001,-0.2874999999999999,40
0.5375000000000001,-0.26249999999999996,53
0.5375000000000001,-0.2375,42
0.5375000000000001,-0.21249999999999997,41
0.5375000000000001,-0.18749999999999994,53
0.5375000000000001,-0.16249999999999992,49
0.5375000000000001,-0.13749999999999996,49
0.5375000000000001,-0.11249999999999999,61
0.5375000000000001,-0.08749999999999997,66
0.5375000000000001,-0.062499999999999944,84
0.5375000000000001,-0.03749999999999992,77
0.5375000000000001,-0.012499999999999956,50
0.5375000000000001,0.012500000000000067,65
0.5375000000000001,0.03750000000000009,74
0.5375000000000001,0.0625,78
0.5375000000000001,0.08750000000000002,69
0.5375000000000001,0.11250000000000004,50
0.5375000000000001,0.13750000000000007,70
0.5375000000000001,0.1625000000000001,67
0.5375000000000001,0.1875000000000001,49
0.5375000000000001,0.21250000000000013,45
0.5375000000000001,0.23750000000000004,51
0.5375000000000001,0.26250000000000007,50
0.5375000000000001,0.2875000000000001,52
0.5375000000000001,0.3125000000000001,47
0.5375000000000001,0.33750000000000013,34
0.5375000000000001,0.36250000000000004,34
0.5375000000000001,0.38750000000000007,39
0.5375000000000001,0.4125000000000001,38
0.5375000000000001,0.4375000000000001,32
0.5375000000000001,0.46250000000000013,26
0.5375000000000001,0.48750000000000004,22
0.5375000000000001,0.5125000000000001,18
0.5375000000000001,0.5375000000000001,22
0.5375000000000001,0.5625000000000001,21
0.5375000000000001,0.5875000000000001,16
0.5375000000000001,0.6125,18
0.5375000000000001,0.6375000000000001,23
0.5375000000000001,0.6625000000000001,7
0.5375000000000001,0.6875000000000001,13
0.5375000000000001,0.7125000000000001,5
0.5375000000000001,0.7375,14
0.5375000000000001,0.7625000000000001,10
0.5375000000000001,0.7875000000000001,17
0.5375000000000001,0.8125000000000001,8
0.5375000000000001,0.8375000000000001,6
0.5375000000000001,0.8625,0
0.5375000000000001,0.8875000000000001,0
0.5375000000000001,0.9125000000000001,0
0.5375000000000001,0.9375000000000001,0
0.5375000000000001,0.9625000000000001,0
0.5375000000000001,0.9875,0
0.5625000000000001,-0.9875,0
0.5625000000000001,-0.9624999999999999,0
0.5625000000000001,-0.9375,0
0.5625000000000001,-0.9125000000000001,0
0.5625000000000001,-0.8875,0
0.5625000000000001,-0.8625,0
0.5625000000000001,-0.8374999999999999,0
0.5625000000000001,-0.8125,6
0.5625000000000001,-0.7875000000000001,6
0.5625000000000001,-0.7625,7
0.5625000000000001,-0.7375,9
0.5625000000000001,-0.7124999999999999,4
0.5625000000000001,-0.6875,10
0.5625000000000001,-0.6625,12
0.5625000000000001,-0.6375,5
0.5625000000000001,-0.6125,14
0.5625000000000001,-0.5874999999999999,11
0.5625000000000001,-0.5625,7
0.5625000000000001,-0.5375,14
0.5625000000000001,-0.5125,27
0.5625000000000001,-0.4875,22
0.5625000000000001,-0.46249999999999997,18
0.5625000000000001,-0.43749999999999994,27
0.5625000000000001,-0.4124999999999999,20
0.5625000000000001,-0.38749999999999996,20
0.5625000000000001,-0.3625,27
0.5625000000000001,-0.33749999999999997,36
0.5625000000000001,-0.31249999999999994,29
0.5625000000000001,-0.2874999999999999,34
0.5625000000000001,-0.26249999999999996,36
0.5625000000000001,-0.2375,42
0.5625000000000001,-0.21249999999999997,39
0.5625000000000001,-0.18749999999999994,44
0.5625000000000001,-0.16249999999999992,46
0.5625000000000001,-0.13749999999999996,51
0.5625000000000001,-0.11249999999999999,55
0.5625000000000001,-0.08749999999999997,72
0.5625000000000001,-0.062499999999999944,53
0.5625000000000001,-0.03749999999999992,59
0.5625000000000001,-0.012499999999999956,49
0.5625000000000001,0.012500000000000067,53
0.5625000000000001,0.03750000000000009,53
0.5625000000000001,0.0625,60
0.5625000000000001,0.08750000000000002,50
0.5625000000000001,0.11250000000000004,45
0.5625000000000001,0.13750000000000007,58
0.5625000000000001,0.1625000000000001,64
0.5625000000000001,0.1875000000000001,38
0.5625000000000001,0.21250000000000013,39
0.5625000000000001,0.23750000000000004,49
0.5625000000000001,0.26250000000000007,41
0.5625000000000001,0.2875000000000001,45
0.5625000000000001,0.3125000000000001,53
0.5625000000000001,0.33750000000000013,34
0.5625000000000001,0.36250000000000004,36
0.5625000000000001,0.38750000000000007,30
0.5625000000000001,0.4125000000000001,29
0.5625000000000001,0.4375000000000001,28
0.5625000000000001,0.46250000000000013,20
0.5625000000000001,0.48750000000000004,26
0.5625000000000001,0.5125000000000001,24
0.5625000000000001,0.5375000000000001,24
0.5625000000000001,0.5625000000000001,16
0.5625000000000001,0.5875000000000001,11
0.5625000000000001,0.6125,15
0.5625000000000001,0.6375000000000001,13
0.5625000000000001,0.6625000000000001,10
0.5625000000000001,0.6875000000000001,17
0.5625000000000001,0.7125000000000001,8
0.5625000000000001,0.7375,12
0.5625000000000001,0.7625000000000001,8
0.5625000000000001,0.7875000000000001,8
0.5625000000000001,0.8125000000000001,4
0.5625000000000001,0.8375000000000001,2
0.5625000000000001,0.8625,0
0.5625000000000001,0.8875000000000001,0
0.5625000000000001,0.9125000000000001,0
0.5625000000000001,0.9375000000000001,0
0.5625000000000001,0.9625000000000001,0
0.5625000000000001,0.9875,0
0.5875000000000001,-0.9875,0
0.5875000000000001,-0.9624999999999999,0
0.5875000000000001,-0.9375,0
0.5875000000000001,-0.9125000000000001,0
0.5875000000000001,-0.8875,0
0.5875000000000001,-0.8625,0
0.5875000000000001,-0.8374999999999999,0
0.5875000000000001,-0.8125,2
0.5875000000000001,-0.7875000000000001,9
0.5875000000000001,-0.7625,13
0.5875000000000001,-0.7375,16
0.5875000000000001,-0.7124999999999999,6
0.5875000000000001,-0.6875,11
0.5875000000000001,-0.6625,9
0.5875000000000001,-0.6375,14
0.5875000000000001,-0.6125,16
0.5875000000000001,-0.5874999999999999,8
0.5875000000000001,-0.5625,20
0.5875000000000001,-0.5375,14
0.5875000000000001,-0.5125,13
0.5875000000000001,-0.4875,18
0.5875000000000001,-0.46249999999999997,23
0.5875000000000001,-0.43749999999999994,7
0.5875000000000001,-0.4124999999999999,29
0.5875000000000001,-0.38749999999999996,26
0.5875000000000001,-0.3625,21
0.5875000000000001,-0.33749999999999997,31
0.5875000000000001,-0.31249999999999994,28
0.5875000000000001,-0.2874999999999999,35
0.5875000000000001,-0.26249999999999996,35
0.5875000000000001,-0.2375,28
0.5875000000000001,-0.21249999999999997,36
0.5875000000000001,-0.18749999999999994,42
0.5875000000000001,-0.16249999999999992,37
0.5875000000000001,-0.13749999999999996,45
0.5875000000000001,-0.11249999999999999,54
0.5875000000000001,-0.08749999999999997,44
0.5875000000000001,-0.062499999999999944,36
0.5875000000000001,-0.03749999999999992,38
0.5875000000000001,-0.012499999999999956,61
0.5875000000000001,0.012500000000000067,49
0.5875000000000001,0.03750000000000009,60
0.5875000000000001,0.0625,44
0.5875000000000001,0.08750000000000002,67
0.5875000000000001,0.11250000000000004,59
0.5875000000000001,0.13750000000000007,61
0.5875000000000001,0.1625000000000001,32
0.5875000000000001,0.1875000000000001,52
0.5875000000000001,0.21250000000000013,48
0.5875000000000001,0.23750000000000004,42
0.5875000000000001,0.26250000000000007,32
0.5875000000000001,0.2875000000000001,43
0.5875000000000001,0.3125000000000001,36
0.5875000000000001,0.33750000000000013,27
0.5875000000000001,0.36250000000000004,41
0.5875000000000001,0.38750000000000007,32
0.5875000000000001,0.4125000000000001,20
0.5875000000000001,0.4375000000000001,20
0.5875000000000001,0.46250000000000013,23
0.5875000000000001,0.48750000000000004,24
0.5875000000000001,0.5125000000000001,22
0.5875000000000001,0.5375000000000001,19
0.5875000000000001,0.5625000000000001,17
0.5875000000000001,0.5875000000000001,24
0.5875000000000001,0.6125,14
0.5875000000000001,0.6375000000000001,18
0.5875000000000001,0.6625000000000001,12
0.5875000000000001,0.6875000000000001,4
0.5875000000000001,0.7125000000000001,6
0.5875000000000001,0.7375,16
0.5875000000000001,0.7625000000000001,15
0.5875000000000001,0.7875000000000001,9
0.5875000000000001,0.8125000000000001,5
0.5875000000000001,0.8375000000000001,0
0.5875000000000001,0.8625,0
0.5875000000000001,0.8875000000000001,0
0.5875000000000001,0.9125000000000001,0
0.5875000000000001,0.9375000000000001,0
0.5875000000000001,0.9625000000000001,0
0.5875000000000001,0.9875,0
0.6125,-0.9875,0
0.6125,-0.9624999999999999,0
0.6125,-0.9375,0
0.6125,-0.9125000000000001,0
0.6125,-0.8875,0
0.6125,-0.8625,0
0.6125,-0.8374999999999999,0
0.6125,-0.8125,0
0.6125,-0.7875000000000001,4
0.6125,-0.7625,9
0.6125,-0.7375,7
0.6125,-0.7124999999999999,7
0.6125,-0.6875,5
0.6125,-0.6625,10
0.6125,-0.6375,9
0.6125,-0.6125,11
0.6125,-0.5874999999999999,14
0.6125,-0.5625,13
0.6125,-0.5375,15
0.6125,-0.5125,16
0.6125,-0.4875,11
0.6125,-0.46249999999999997,21
0.6125,-0.43749999999999994,22
0.6125,-0.4124999999999999,12
0.6125,-0.38749999999999996,17
0.6125,-0.3625,21
0.6125,-0.33749999999999997,22
0.6125,-0.31249999999999994,32
0.6125,-0.2874999999999999,25
0.6125,-0.26249999999999996,35
0.6125,-0.2375,26
0.6125,-0.21249999999999997,33
0.6125,-0.18749999999999994,26
0.6125,-0.16249999999999992,37
0.6125,-0.13749999999999996,29
0.6125,-0.11249999999999999,38
0.6125,-0.08749999999999997,43
0.6125,-0.062499999999999944,37
0.6125,-0.03749999999999992,34
0.6125,-0.012499999999999956,48
0.6125,0.012500000000000067,41
0.6125,0.03750000000000009,49
0.6125,0.0625,51
0.6125,0.08750000000000002,41
0.6125,0.11250000000000004,42
0.6125,0.13750000000000007,35
0.6125,0.1625000000000001,39
0.6125,0.1875000000000001,30
0.6125,0.21250000000000013,37
0.6125,0.23750000000000004,25
0.6125,0.26250000000000007,36
0.6125,0.2875000000000001,26
0.6125,0.3125000000000001,32
0.6125,0.33750000000000013,30
0.6125,0.36250000000000004,33
0.6125,0.38750000000000007,30
0.6125,0.4125000000000001,25
0.6125,0.4375000000000001,14
0.6125,0.46250000000000013,29
0.6125,0.48750000000000004,14
0.6125,0.5125000000000001,20
0.6125,0.5375000000000001,14
0.6125,0.5625000000000001,14
0.6125,0.5875000000000001,4
0.6125,0.6125,14
0.6125,0.6375000000000001,13
0.6125,0.6625000000000001,11
0.6125,0.6875000000000001,8
0.6125,0.7125000000000001,3
0.6125,0.7375,11
0.6125,0.7625000000000001,1
0.6125,0.7875000000000001,5
0.6125,0.8125000000000001,0
0.6125,0.8375000000000001,0
0.6125,0.8625,0
0.6125,0.8875000000000001,0
0.6125,0.9125000000000001,0
0.6125,0.9375000000000001,0
0.6125,0.9625000000000001,0
0.6125,0.9875,0
0.6375000000000001,-0.9875,0
0.6375000000000001,-0.9624999999999999,0
0.6375000000000001,-0.9375,0
0.6375000000000001,-0.9125000000000001,0
0.6375000000000001,-0.8875,0
0.6375000000000001,-0.8625,0
0.6375000000000001,-0.8374999999999999,0
0.6375000000000001,-0.8125,0
0.6375000000000001,-0.7875000000000001,0
0.6375000000000001,-0.7625,3
0.6375000000000001,-0.7375,10
0.6375000000000001,-0.7124999999999999,11
0.6375000000000001,-0.6875,14
0.6375000000000001,-0.6625,9
0.6375000000000001,-0.6375,7
0.6375000000000001,-0.6125,11
0.6375000000000001,-0.5874999999999999,7
0.6375000000000001,-0.5625,19
0.6375000000000001,-0.5375,15
0.6375000000000001,-0.5125,16
0.6375000000000001,-0.4875,21
0.6375000000000001,-0.46249999999999997,18
0.6375000000000001,-0.43749999999999994,19
0.6375000000000001,-0.4124999999999999,17
0.6375000000000001,-0.38749999999999996,18
0.6375000000000001,-0.3625,27
0.6375000000000001,-0.33749999999999997,17
0.6375000000000001,-0.31249999999999994,31
0.6375000000000001,-0.2874999999999999,28
0.6375000000000001,-0.26249999999999996,20
0.6375000000000001,-0.2375,26
0.6375000000000001,-0.21249999999999997,28
0.6375000000000001,-0.18749999999999994,30
0.6375000000000001,-0.16249999999999992,31
0.6375000000000001,-0.13749999999999996,32
0.6375000000000001,-0.11249999999999999,33
0.6375000000000001,-0.08749999999999997,42
0.6375000000000001,-0.062499999999999944,36
0.6375000000000001,-0.03749999999999992,36
0.6375000000000001,-0.012499999999999956,42
0.6375000000000001,0.012500000000000067,43
0.6375000000000001,0.03750000000000009,30
0.6375000000000001,0.0625,40
0.6375000000000001,0.08750000000000002,37
0.6375000000000001,0.11250000000000004,37
0.6375000000000001,0.13750000000000007,34
0.6375000000000001,0.1625000000000001,27
0.6375000000000001,0.1875000000000001,30
0.6375000000000001,0.21250000000000013,24
0.6375000000000001,0.23750000000000004,27
0.6375000000000001,0.26250000000000007,35
0.6375000000000001,0.2875000000000001,29
0.6375000000000001,0.3125000000000001,30
0.6375000000000001,0.33750000000000013,19
0.6375000000000001,0.36250000000000004,17
0.6375000000000001,0.38750000000000007,17
0.6375000000000001,0.4125000000000001,28
0.6375000000000001,0.4375000000000001,24
0.6375000000000001,0.46250000000000013,22
0.6375000000000001,0.48750000000000004,20
0.6375000000000001,0.5125000000000001,14
0.6375000000000001,0.5375000000000001,20
0.6375000000000001,0.5625000000000001,15
0.6375000000000001,0.5875000000000001,11
0.6375000000000001,0.6125,23
0.6375000000000001,0.6375000000000001,14
0.6375000000000001,0.6625000000000001,4
0.6375000000000001,0.6875000000000001,10
0.6375000000000001,0.7125000000000001,14
0.6375000000000001,0.7375,2
0.6375000000000001,0.7625000000000001,2
0.6375000000000001,0.7875000000000001,0
0.6375000000000001,0.8125000000000001,0
0.6375000000000001,0.8375000000000001,0
0.6375000000000001,0.8625,0
0.6375000000000001,0.8875000000000001,0
0.6375000000000001,0.9125000000000001,0
0.6375000000000001,0.9375000000000001,0
0.6375000000000001,0.9625000000000001,0
0.6375000000000001,0.9875,0
0.6625000000000001,-0.9875,0
0.6625000000000001,-0.9624999999999999,0
0.6625000000000001,-0.9375,0
0.6625000000000001,-0.9125000000000001,0
0.6625000000000001,-0.8875,0
0.6625000000000001,-0.8625,0
0.6625000000000001,-0.8374999999999999,0
0.6625000000000001,-0.8125,0
0.6625000000000001,-0.7875000000000001,0
0.6625000000000001,-0.7625,0
0.6625000000000001,-0.7375,9
0.6625000000000001,-0.7124999999999999,9
0.6625000000000001,-0.6875,12
0.6625000000000001,-0.6625,9
0.6625000000000001,-0.6375,15
0.6625000000000001,-0.6125,9
0.6625000000000001,-0.5874999999999999,16
0.6625000000000001,-0.5625,8
0.6625000000000001,-0.5375,10
0.6625000000000001,-0.5125,14
0.6625000000000001,-0.4875,13
0.6625000000000001,-0.46249999999999997,10
0.6625000000000001,-0.43749999999999994,17
0.6625000000000001,-0.4124999999999999,23
0.6625000000000001,-0.38749999999999996,21
0.6625000000000001,-0.3625,20
0.6625000000000001,-0.33749999999999997,19
0.6625000000000001,-0.31249999999999994,17
0.6625000000000001,-0.2874999999999999,22
0.6625000000000001,-0.26249999999999996,18
0.6625000000000001,-0.2375,22
0.6625000000000001,-0.21249999999999997,25
0.6625000000000001,-0.18749999999999994,25
0.6625000000000001,-0.16249999999999992,31
0.6625000000000001,-0.13749999999999996,39
0.6625000000000001,-0.11249999999999999,24
0.6625000000000001,-0.08749999999999997,34
0.6625000000000001,-0.062499999999999944,28
0.6625000000000001,-0.03749999999999992,28
0.6625000000000001,-0.012499999999999956,31
0.6625000000000001,0.012500000000000067,21
0.6625000000000001,0.03750000000000009,35
0.6625000000000001,0.0625,37
0.6625000000000001,0.08750000000000002,27
0.6625000000000001,0.11250000000000004,29
0.6625000000000001,0.13750000000000007,24
0.6625000000000001,0.1625000000000001,47
0.6625000000000001,0.1875000000000001,26
0.6625000000000001,0.21250000000000013,26
0.6625000000000001,0.23750000000000004,28
0.6625000000000001,0.26250000000000007,35
0.6625000000000001,0.2875000000000001,30
0.6625000000000001,0.3125000000000001,24
0.6625000000000001,0.33750000000000013,21
0.6625000000000001,0.36250000000000004,18
0.6625000000000001,0.38750000000000007,27
0.6625000000000001,0.4125000000000001,17
0.6625000000000001,0.4375000000000001,20
0.6625000000000001,0.46250000000000013,15
0.6625000000000001,0.48750000000000004,14
0.6625000000000001,0.5125000000000001,6
0.6625000000000001,0.5375000000000001,15
0.6625000000000001,0.5625000000000001,14
0.6625000000000001,0.5875000000000001,13
0.6625000000000001,0.6125,10
0.6625000000000001,0.6375000000000001,18
0.6625000000000001,0.6625000000000001,11
0.6625000000000001,0.6875000000000001,4
0.6625000000000001,0.7125000000000001,12
0.6625000000000001,0.7375,6
0.6625000000000001,0.7625000000000001,0
0.6625000000000001,0.7875000000000001,0
0.6625000000000001,0.8125000000000001,0
0.6625000000000001,0.8375000000000001,0
0.6625000000000001,0.8625,0
0.6625000000000001,0.8875000000000001,0
0.6625000000000001,0.9125000000000001,0
0.6625000000000001,0.9375000000000001,0
0.6625000000000001,0.9625000000000001,0
0.6625000000000001,0.9875,0
0.6875000000000001,-0.9875,0
0.6875000000000001,-0.9624999999999999,0
0.6875000000000001,-0.9375,0
0.6875000000000001,-0.9125000000000001,0
0.6875000000000001,-0.8875,0
0.6875000000000001,-0.8625,0
0.6875000000000001,-0.8374999999999999,0
0.6875000000000001,-0.8125,0
0.6875000000000001,-0.7875000000000001,0
0.6875000000000001,-0.7625,0
0.6875000000000001,-0.7375,1
0.6875000000000001,-0.7124999999999999,8
0.6875000000000001,-0.6875,8
0.6875000000000001,-0.6625,11
0.6875000000000001,-0.6375,10
0.6875000000000001,-0.6125,7
0.6875000000000001,-0.5874999999999999,12
0.6875000000000001,-0.5625,9
0.6875000000000001,-0.5375,12
0.6875000000000001,-0.5125,12
0.6875000000000001,-0.4875,19
0.6875000000000001,-0.46249999999999997,18
0.6875000000000001,-0.43749999999999994,11
0.6875000000000001,-0.4124999999999999,20
0.6875000000000001,-0.38749999999999996,12
0.6875000000000001,-0.3625,19
0.6875000000000001,-0.33749999999999997,25
0.6875000000000001,-0.31249999999999994,16
0.6875000000000001,-0.2874999999999999,17
0.6875000000000001,-0.26249999999999996,22
0.6875000000000001,-0.2375,21
0.6875000000000001,-0.21249999999999997,20
0.6875000000000001,-0.18749999999999994,25
0.6875000000000001,-0.16249999999999992,30
0.6875000000000001,-0.13749999999999996,32
0.6875000000000001,-0.11249999999999999,27
0.6875000000000001,-0.08749999999999997,13
0.6875000000000001,-0.062499999999999944,29
0.6875000000000001,-0.03749999999999992,20
0.6875000000000001,-0.012499999999999956,36
0.6875000000000001,0.012500000000000067,29
0.6875000000000001,0.03750000000000009,21
0.6875000000000001,0.0625,28
0.6875000000000001,0.08750000000000002,41
0.6875000000000001,0.11250000000000004,38
0.6875000000000001,0.13750000000000007,31
0.6875000000000001,0.1625000000000001,25
0.6875000000000001,0.1875000000000001,31
0.6875000000000001,0.21250000000000013,25
0.6875000000000001,0.23750000000000004,26
0.6875000000000001,0.26250000000000007,25
0.6875000000000001,0.2875000000000001,24
0.6875000000000001,0.3125000000000001,13
0.6875000000000001,0.33750000000000013,25
0.6875000000000001,0.36250000000000004,17
0.6875000000000001,0.38750000000000007,17
0.6875000000000001,0.4125000000000001,14
0.6875000000000001,0.4375000000000001,14
0.6875000000000001,0.46250000000000013,20
0.6875000000000001,0.48750000000000004,13
0.6875000000000001,0.5125000000000001,13
0.6875000000000001,0.5375000000000001,14
0.6875000000000001,0.5625000000000001,15
0.6875000000000001,0.5875000000000001,5
0.6875000000000001,0.6125,12
0.6875000000000001,0.6375000000000001,12
0.6875000000000001,0.6625000000000001,8
0.6875000000000001,0.6875000000000001,10
0.6875000000000001,0.7125000000000001,11
0.6875000000000001,0.7375,1
0.6875000000000001,0.7625000000000001,0
0.6875000000000001,0.7875000000000001,0
0.6875000000000001,0.8125000000000001,0
0.6875000000000001,0.8375000000000001,0
0.6875000000000001,0.8625,0
0.6875000000000001,0.8875000000000001,0
0.6875000000000001,0.9125000000000001,0
0.6875000000000001,0.9375000000000001,0
0.6875000000000001,0.9625000000000001,0
0.6875000000000001,0.9875,0
0.7125000000000001,-0.9875,0
0.7125000000000001,-0.9624999999999999,0
0.7125000000000001,-0.9375,0
0.7125000000000001,-0.9125000000000001,0
0.7125000000000001,-0.8875,0
0.7125000000000001,-0.8625,0
0.7125000000000001,-0.8374999999999999,0
0.7125000000000001,-0.8125,0
0.7125000000000001,-0.7875000000000001,0
0.7125000000000001,-0.7625,0
0.7125000000000001,-0.7375,0
0.7125000000000001,-0.7124999999999999,1
0.7125000000000001,-0.6875,6
0.7125000000000001,-0.6625,12
0.7125000000000001,-0.6375,8
0.7125000000000001,-0.6125,8
0.7125000000000001,-0.5874999999999999,11
0.7125000000000001,-0.5625,13
0.7125000000000001,-0.5375,11
0.7125000000000001,-0.5125,8
0.7125000000000001,-0.4875,5
0.7125000000000001,-0.46249999999999997,11
0.7125000000000001,-0.43749999999999994,15
0.7125000000000001,-0.4124999999999999,13
0.7125000000000001,-0.38749999999999996,13
0.7125000000000001,-0.3625,14
0.7125000000000001,-0.33749999999999997,18
0.7125000000000001,-0.31249999999999994,13
0.7125000000000001,-0.2874999999999999,19
0.7125000000000001,-0.26249999999999996,18
0.7125000000000001,-0.2375,17
0.7125000000000001,-0.21249999999999997,26
0.7125000000000001,-0.18749999999999994,21
0.7125000000000001,-0.16249999999999992,24
0.7125000000000001,-0.13749999999999996,28
0.7125000000000001,-0.11249999999999999,20
0.7125000000000001,-0.08749999999999997,17
0.7125000000000001,-0.062499999999999944,10
0.7125000000000001,-0.03749999999999992,13
0.7125000000000001,-0.012499999999999956,27
0.7125000000000001,0.012500000000000067,24
0.7125000000000001,0.03750000000000009,26
0.7125000000000001,0.0625,31
0.7125000000000001,0.08750000000000002,26
0.7125000000000001,0.11250000000000004,21
0.7125000000000001,0.13750000000000007,26
0.7125000000000001,0.1625000000000001,29
0.7125000000000001,0.1875000000000001,18
0.7125000000000001,0.21250000000000013,16
0.7125000000000001,0.23750000000000004,21
0.7125000000000001,0.26250000000000007,14
0.7125000000000001,0.2875000000000001,24
0.7125000000000001,0.3125000000000001,18
0.7125000000000001,0.33750000000000013,19
0.7125000000000001,0.36250000000000004,20
0.7125000000000001,0.38750000000000007,22
0.7125000000000001,0.4125000000000001,19
0.7125000000000001,0.4375000000000001,14
0.7125000000000001,0.46250000000000013,12
0.7125000000000001,0.48750000000000004,17
0.7125000000000001,0.5125000000000001,16
0.7125000000000001,0.5375000000000001,9
0.7125000000000001,0.5625000000000001,20
0.7125000000000001,0.5875000000000001,9
0.7125000000000001,0.6125,9
0.7125000000000001,0.6375000000000001,10
0.7125000000000001,0.6625000000000001,9
0.7125000000000001,0.6875000000000001,5
0.7125000000000001,0.7125000000000001,0
0.7125000000000001,0.7375,0
0.7125000000000001,0.7625000000000001,0
0.7125000000000001,0.7875000000000001,0
0.7125000000000001,0.8125000000000001,0
0.7125000000000001,0.8375000000000001,0
0.7125000000000001,0.8625,0
0.7125000000000001,0.8875000000000001,0
0.7125000000000001,0.9125000000000001,0
0.7125000000000001,0.9375000000000001,0
0.7125000000000001,0.9625000000000001,0
0.7125000000000001,0.9875,0
0.7375,-0.9875,0
0.7375,-0.9624999999999999,0
0.7375,-0.9375,0
0.7375,-0.9125000000000001,0
0.7375,-0.8875,0
0.7375,-0.8625,0
0.7375,-0.8374999999999999,0
0.7375,-0.8125,0
0.7375,-0.7875000000000001,0
0.7375,-0.7625,0
0.7375,-0.7375,0
0.7375,-0.7124999999999999,0
0.7375,-0.6875,0
0.7375,-0.6625,8
0.7375,-0.6375,10
0.7375,-0.6125,10
0.7375,-0.5874999999999999,5
0.7375,-0.5625,5
0.7375,-0.5375,10
0.7375,-0.5125,12
0.7375,-0.4875,10
0.7375,-0.46249999999999997,12
0.7375,-0.43749999999999994,7
0.7375,-0.4124999999999999,9
0.7375,-0.38749999999999996,17
0.7375,-0.3625,12
0.7375,-0.33749999999999997,16
0.7375,-0.31249999999999994,16
0.7375,-0.2874999999999999,21
0.7375,-0.26249999999999996,14
0.7375,-0.2375,13
0.7375,-0.21249999999999997,11
0.7375,-0.18749999999999994,24
0.7375,-0.16249999999999992,21
0.7375,-0.13749999999999996,15
0.7375,-0.11249999999999999,19
0.7375,-0.08749999999999997,26
0.7375,-0.062499999999999944,17
0.7375,-0.03749999999999992,10
0.7375,-0.012499999999999956,23
0.7375,0.012500000000000067,16
0.7375,0.03750000000000009,22
0.7375,0.0625,16
0.7375,0.08750000000000002,24
0.7375,0.11250000000000004,25
0.7375,0.13750000000000007,14
0.7375,0.1625000000000001,18
0.7375,0.1875000000000001,22
0.7375,0.21250000000000013,24
0.7375,0.23750000000000004,22
0.7375,0.26250000000000007,21
0.7375,0.2875000000000001,12
0.7375,0.3125000000000001,24
0.7375,0.33750000000000013,22
0.7375,0.36250000000000004,14
0.7375,0.38750000000000007,11
0.7375,0.4125000000000001,17
0.7375,0.4375000000000001,7
0.7375,0.46250000000000013,19
0.7375,0.48750000000000004,8
0.7375,0.5125000000000001,9
0.7375,0.5375000000000001,6
0.7375,0.5625000000000001,13
0.7375,0.5875000000000001,6
0.7375,0.6125,14
0.7375,0.6375000000000001,9
0.7375,0.6625000000000001,6
0.7375,0.6875000000000001,2
0.7375,0.7125000000000001,0
0.7375,0.7375,0
0.7375,0.7625000000000001,0
0.7375,0.7875000000000001,0
0.7375,0.8125000000000001,0
0.7375,0.8375000000000001,0
0.7375,0.8625,0
0.7375,0.8875000000000001,0
0.7375,0.9125000000000001,0
0.7375,0.9375000000000001,0
0.7375,0.9625000000000001,0
0.7375,0.9875,0
0.7625000000000001,-0.9875,0
0.7625000000000001,-0.9624999999999999,0
0.7625000000000001,-0.9375,0
0.7625000000000001,-0.9125000000000001,0
0.7625000000000001,-0.8875,0
0.7625000000000001,-0.8625,0
0.7625000000000001,-0.8374999999999999,0
0.7625000000000001,-0.8125,0
0.7625000000000001,-0.7875000000000001,0
0.7625000000000001,-0.7625,0
0.7625000000000001,-0.7375,0
0.7625000000000001,-0.7124999999999999,0
0.7625000000000001,-0.6875,0
0.7625000000000001,-0.6625,4
0.7625000000000001,-0.6375,4
0.7625000000000001,-0.6125,5
0.7625000000000001,-0.5874999999999999,8
0.7625000000000001,-0.5625,9
0.7625000000000001,-0.5375,8
0.7625000000000001,-0.5125,10
0.7625000000000001,-0.4875,7
0.7625000000000001,-0.46249999999999997,12
0.7625000000000001,-0.43749999999999994,13
0.7625000000000001,-0.4124999999999999,7
0.7625000000000001,-0.38749999999999996,10
0.7625000000000001,-0.3625,8
0.7625000000000001,-0.33749999999999997,8
0.7625000000000001,-0.31249999999999994,13
0.7625000000000001,-0.2874999999999999,14
0.7625000000000001,-0.26249999999999996,17
0.7625000000000001,-0.2375,15
0.7625000000000001,-0.21249999999999997,12
0.7625000000000001,-0.18749999999999994,16
0.7625000000000001,-0.16249999999999992,13
0.7625000000000001,-0.13749999999999996,11
0.7625000000000001,-0.11249999999999999,20
0.7625000000000001,-0.08749999999999997,17
0.7625000000000001,-0.062499999999999944,19
0.7625000000000001,-0.03749999999999992,20
0.7625000000000001,-0.012499999999999956,23
0.7625000000000001,0.012500000000000067,13
0.7625000000000001,0.03750000000000009,17
0.7625000000000001,0.0625,23
0.7625000000000001,0.08750000000000002,13
0.7625000000000001,0.11250000000000004,10
0.7625000000000001,0.13750000000000007,15
0.7625000000000001,0.1625000000000001,23
0.7625000000000001,0.1875000000000001,15
0.7625000000000001,0.21250000000000013,14
0.7625000000000001,0.23750000000000004,19
0.7625000000000001,0.26250000000000007,6
0.7625000000000001,0.2875000000000001,15
0.7625000000000001,0.3125000000000001,19
0.7625000000000001,0.33750000000000013,10
0.7625000000000001,0.36250000000000004,14
0.7625000000000001,0.38750000000000007,9
0.7625000000000001,0.4125000000000001,9
0.7625000000000001,0.4375000000000001,14
0.7625000000000001,0.46250000000000013,19
0.7625000000000001,0.48750000000000004,8
0.7625000000000001,0.5125000000000001,11
0.7625000000000001,0.5375000000000001,11
0.7625000000000001,0.5625000000000001,11
0.7625000000000001,0.5875000000000001,12
0.7625000000000001,0.6125,7
0.7625000000000001,0.6375000000000001,8
0.7625000000000001,0.6625000000000001,2
0.7625000000000001,0.6875000000000001,0
0.7625000000000001,0.7125000000000001,0
0.7625000000000001,0.7375,0
0.7625000000000001,0.7625000000000001,0
0.7625000000000001,0.7875000000000001,0
0.7625000000000001,0.8125000000000001,0
0.7625000000000001,0.8375000000000001,0
0.7625000000000001,0.8625,0
0.7625000000000001,0.8875000000000001,0
0.7625000000000001,0.9125000000000001,0
0.7625000000000001,0.9375000000000001,0
0.7625000000000001,0.9625000000000001,0
0.7625000000000001,0.9875,0
0.7875000000000001,-0.9875,0
0.7875000000000001,-0.9624999999999999,0
0.7875000000000001,-0.9375,0
0.7875000000000001,-0.9125000000000001,0
0.7875000000000001,-0.8875,0
0.7875000000000001,-0.8625,0
0.7875000000000001,-0.8374999999999999,0
0.7875000000000001,-0.8125,0
0.7875000000000001,-0.7875000000000001,0
0.7875000000000001,-0.7625,0
0.7875000000000001,-0.7375,0
0.7875000000000001,-0.7124999999999999,0
0.7875000000000001,-0.6875,0
0.7875000000000001,-0.6625,0
0.7875000000000001,-0.6375,1
0.7875000000000001,-0.6125,5
0.7875000000000001,-0.5874999999999999,4
0.7875000000000001,-0.5625,7
0.7875000000000001,-0.5375,7
0.7875000000000001,-0.5125,8
0.7875000000000001,-0.4875,7
0.7875000000000001,-0.46249999999999997,12
0.7875000000000001,-0.43749999999999994,14
0.7875000000000001,-0.4124999999999999,16
0.7875000000000001,-0.38749999999999996,9
0.7875000000000001,-0.3625,9
0.7875000000000001,-0.33749999999999997,11
0.7875000000000001,-0.31249999999999994,16
0.7875000000000001,-0.2874999999999999,12
0.7875000000000001,-0.26249999999999996,10
0.7875000000000001,-0.2375,11
0.7875000000000001,-0.21249999999999997,9
0.7875000000000001,-0.18749999999999994,13
0.7875000000000001,-0.16249999999999992,18
0.7875000000000001,-0.13749999999999996,10
0.7875000000000001,-0.11249999999999999,20
0.7875000000000001,-0.08749999999999997,13
0.7875000000000001,-0.062499999999999944,13
0.7875000000000001,-0.03749999999999992,18
0.7875000000000001,-0.012499999999999956,22
0.7875000000000001,0.012500000000000067,19
0.7875000000000001,0.03750000000000009,24
0.7875000000000001,0.0625,14
0.7875000000000001,0.08750000000000002,15
0.7875000000000001,0.11250000000000004,16
0.7875000000000001,0.13750000000000007,19
0.7875000000000001,0.1625000000000001,13
0.7875000000000001,0.1875000000000001,9
0.7875000000000001,0.21250000000000013,16
0.7875000000000001,0.23750000000000004,11
0.7875000000000001,0.26250000000000007,10
0.7875000000000001,0.2875000000000001,19
0.7875000000000001,0.3125000000000001,17
0.7875000000000001,0.33750000000000013,15
0.7875000000000001,0.36250000000000004,10
0.7875000000000001,0.38750000000000007,11
0.7875000000000001,0.4125000000000001,14
0.7875000000000001,0.4375000000000001,17
0.7875000000000001,0.46250000000000013,8
0.7875000000000001,0.48750000000000004,8
0.7875000000000001,0.5125000000000001,3
0.7875000000000001,0.5375000000000001,7
0.7875000000000001,0.5625000000000001,10
0.7875000000000001,0.5875000000000001,8
0.7875000000000001,0.6125,7
0.7875000000000001,0.6375000000000001,0
0.7875000000000001,0.6625000000000001,0
0.7875000000000001,0.6875000000000001,0
0.7875000000000001,0.7125000000000001,0
0.7875000000000001,0.7375,0
0.7875000000000001,0.7625000000000001,0
0.7875000000000001,0.7875000000000001,0
0.7875000000000001,0.8125000000000001,0
0.7875000000000001,0.8375000000000001,0
0.7875000000000001,0.8625,0
0.7875000000000001,0.8875000000000001,0
0.7875000000000001,0.9125000000000001,0
0.7875000000000001,0.9375000000000001,0
0.7875000000000001,0.9625000000000001,0
0.7875000000000001,0.9875,0
0.8125000000000001,-0.9875,0
0.8125000000000001,-0.9624999999999999,0
0.8125000000000001,-0.9375,0
0.8125000000000001,-0.9125000000000001,0
0.8125000000000001,-0.8875,0
0.8125000000000001,-0.8625,0
0.8125000000000001,-0.8374999999999999,0
0.8125000000000001,-0.8125,0
0.8125000000000001,-0.7875000000000001,0
0.8125000000000001,-0.7625,0
0.8125000000000001,-0.7375,0
0.8125000000000001,-0.7124999999999999,0
0.8125000000000001,-0.6875,0
0.8125000000000001,-0.6625,0
0.8125000000000001,-0.6375,0
0.8125000000000001,-0.6125,0
0.8125000000000001,-0.5874999999999999,1
0.8125000000000001,-0.5625,7
0.8125000000000001,-0.5375,2
0.8125000000000001,-0.5125,5
0.8125000000000001,-0.4875,8
0.8125000000000001,-0.46249999999999997,8
0.8125000000000001,-0.43749999999999994,10
0.8125000000000001,-0.4124999999999999,7
0.8125000000000001,-0.38749999999999996,13
0.8125000000000001,-0.3625,8
0.8125000000000001,-0.33749999999999997,14
0.8125000000000001,-0.31249999999999994,11
0.8125000000000001,-0.2874999999999999,13
0.8125000000000001,-0.26249999999999996,16
0.8125000000000001,-0.2375,17
0.8125000000000001,-0.21249999999999997,12
0.8125000000000001,-0.18749999999999994,17
0.8125000000000001,-0.16249999999999992,12
0.8125000000000001,-0.13749999999999996,12
0.8125000000000001,-0.11249999999999999,19
0.8125000000000001,-0.08749999999999997,16
0.8125000000000001,-0.062499999999999944,14
0.8125000000000001,-0.03749999999999992,11
0.8125000000000001,-0.012499999999999956,17
0.8125000000000001,0.012500000000000067,20
0.8125000000000001,0.03750000000000009,15
0.8125000000000001,0.0625,19
0.8125000000000001,0.08750000000000002,21
0.8125000000000001,0.11250000000000004,8
0.8125000000000001,0.13750000000000007,8
0.8125000000000001,0.1625000000000001,16
0.8125000000000001,0.1875000000000001,12
0.8125000000000001,0.21250000000000013,15
0.8125000000000001,0.23750000000000004,20
0.8125000000000001,0.26250000000000007,11
0.8125000000000001,0.2875000000000001,15
0.8125000000000001,0.3125000000000001,9
0.8125000000000001,0.33750000000000013,12
0.8125000000000001,0.36250000000000004,15
0.8125000000000001,0.38750000000000007,7
0.8125000000000001,0.4125000000000001,13
0.8125000000000001,0.4375000000000001,7
0.8125000000000001,0.46250000000000013,12
0.8125000000000001,0.48750000000000004,10
0.8125000000000001,0.5125000000000001,7
0.8125000000000001,0.5375000000000001,8
0.8125000000000001,0.5625000000000001,9
0.8125000000000001,0.5875000000000001,6
0.8125000000000001,0.6125,0
0.8125000000000001,0.6375000000000001,0
0.8125000000000001,0.6625000000000001,0
0.8125000000000001,0.6875000000000001,0
0.8125000000000001,0.7125000000000001,0
0.8125000000000001,0.7375,0
0.8125000000000001,0.7625000000000001,0
0.8125000000000001,0.7875000000000001,0
0.8125000000000001,0.8125000000000001,0
0.8125000000000001,0.8375000000000001,0
0.8125000000000001,0.8625,0
0.8125000000000001,0.8875000000000001,0
0.8125000000000001,0.9125000000000001,0
0.8125000000000001,0.9375000000000001,0
0.8125000000000001,0.9625000000000001,0
0.8125000000000001,0.9875,0
0.8375000000000001,-0.9875,0
0.8375000000000001,-0.9624999999999999,0
0.8375000000000001,-0.9375,0
0.8375000000000001,-0.9125000000000001,0
0.8375000000000001,-0.8875,0
0.8375000000000001,-0.8625,0
0.8375000000000001,-0.8374999999999999,0
0.8375000000000001,-0.8125,0
0.8375000000000001,-0.7875000000000001,0
0.8375000000000001,-0.7625,0
0.8375000000000001,-0.7375,0
0.8375000000000001,-0.7124999999999999,0
0.8375000000000001,-0.6875,0
0.8375000000000001,-0.6625,0
0.8375000000000001,-0.6375,0
0.8375000000000001,-0.6125,0
0.8375000000000001,-0.5874999999999999,0
0.8375000000000001,-0.5625,3
0.8375000000000001,-0.5375,3
0.8375000000000001,-0.5125,6
0.8375000000000001,-0.4875,9
0.8375000000000001,-0.46249999999999997,11
0.8375000000000001,-0.43749999999999994,9
0.8375000000000001,-0.4124999999999999,10
0.8375000000000001,-0.38749999999999996,10
0.8375000000000001,-0.3625,11
0.8375000000000001,-0.33749999999999997,12
0.8375000000000001,-0.31249999999999994,11
0.8375000000000001,-0.2874999999999999,13
0.8375000000000001,-0.26249999999999996,8
0.8375000000000001,-0.2375,8
0.8375000000000001,-0.21249999999999997,13
0.8375000000000001,-0.18749999999999994,11
0.8375000000000001,-0.16249999999999992,12
0.8375000000000001,-0.13749999999999996,14
0.8375000000000001,-0.11249999999999999,9
0.8375000000000001,-0.08749999999999997,13
0.8375000000000001,-0.062499999999999944,17
0.8375000000000001,-0.03749999999999992,16
0.8375000000000001,-0.012499999999999956,16
0.8375000000000001,0.012500000000000067,13
0.8375000000000001,0.03750000000000009,11
0.8375000000000001,0.0625,17
0.8375000000000001,0.08750000000000002,12
0.8375000000000001,0.11250000000000004,15
0.8375000000000001,0.13750000000000007,8
0.8375000000000001,0.1625000000000001,10
0.8375000000000001,0.1875000000000001,14
0.8375000000000001,0.21250000000000013,16
0.8375000000000001,0.23750000000000004,11
0.8375000000000001,0.26250000000000007,8
0.8375000000000001,0.2875000000000001,9
0.8375000000000001,0.3125000000000001,8
0.8375000000000001,0.33750000000000013,9
0.8375000000000001,0.36250000000000004,11
0.8375000000000001,0.38750000000000007,5
0.8375000000000001,0.4125000000000001,8
0.8375000000000001,0.4375000000000001,13
0.8375000000000001,0.46250000000000013,4
0.8375000000000001,0.48750000000000004,10
0.8375000000000001,0.5125000000000001,10
0.8375000000000001,0.5375000000000001,4
0.8375000000000001,0.5625000000000001,0
0.8375000000000001,0.5875000000000001,0
0.8375000000000001,0.6125,0
0.8375000000000001,0.6375000000000001,0
0.8375000000000001,0.6625000000000001,0
0.8375000000000001,0.6875000000000001,0
0.8375000000000001,0.7125000000000001,0
0.8375000000000001,0.7375,0
0.8375000000000001,0.7625000000000001,0
0.8375000000000001,0.7875000000000001,0
0.8375000000000001,0.8125000000000001,0
0.8375000000000001,0.8375000000000001,0
0.8375000000000001,0.8625,0
0.8375000000000001,0.8875000000000001,0
0.8375000000000001,0.9125000000000001,0
0.8375000000000001,0.9375000000000001,0
0.8375000000000001,0.9625000000000001,0
0.8375000000000001,0.9875,0
0.8625,-0.9875,0
0.8625,-0.9624999999999999,0
0.8625,-0.9375,0
0.8625,-0.9125000000000001,0
0.8625,-0.8875,0
0.8625,-0.8625,0
0.8625,-0.8374999999999999,0
0.8625,-0.8125,0
0.8625,-0.7875000000000001,0
0.8625,-0.7625,0
0.8625,-0.7375,0
0.8625,-0.7124999999999999,0
0.8625,-0.6875,0
0.8625,-0.6625,0
0.8625,-0.6375,0
0.8625,-0.6125,0
0.8625,-0.5874999999999999,0
0.8625,-0.5625,0
0.8625,-0.5375,0
0.8625,-0.5125,1
0.8625,-0.4875,9
0.8625,-0.46249999999999997,11
0.8625,-0.43749999999999994,6
0.8625,-0.4124999999999999,6
0.8625,-0.38749999999999996,5
0.8625,-0.3625,5
0.8625,-0.33749999999999997,12
0.8625,-0.31249999999999994,7
0.8625,-0.2874999999999999,8
0.8625,-0.26249999999999996,6
0.8625,-0.2375,9
0.8625,-0.21249999999999997,13
0.8625,-0.18749999999999994,15
0.8625,-0.16249999999999992,10
0.8625,-0.13749999999999996,17
0.8625,-0.11249999999999999,11
0.8625,-0.08749999999999997,17
0.8625,-0.062499999999999944,10
0.8625,-0.03749999999999992,11
0.8625,-0.012499999999999956,11
0.8625,0.012500000000000067,14
0.8625,0.03750000000000009,13
0.8625,0.0625,10
0.8625,0.08750000000000002,12
0.8625,0.11250000000000004,8
0.8625,0.13750000000000007,8
0.8625,0.1625000000000001,11
0.8625,0.1875000000000001,15
0.8625,0.21250000000000013,8
0.8625,0.23750000000000004,10
0.8625,0.26250000000000007,11
0.8625,0.2875000000000001,8
0.8625,0.3125000000000001,12
0.8625,0.33750000000000013,10
0.8625,0.36250000000000004,7
0.8625,0.38750000000000007,11
0.8625,0.4125000000000001,8
0.8625,0.4375000000000001,8
0.8625,0.46250000000000013,8
0.8625,0.48750000000000004,7
0.8625,0.5125000000000001,3
0.8625,0.5375000000000001,0
0.8625,0.5625000000000001,0
0.8625,0.5875000000000001,0
0.8625,0.6125,0
0.8625,0.6375000000000001,0
0.8625,0.6625000000000001,0
0.8625,0.6875000000000001,0
0.8625,0.7125000000000001,0
0.8625,0.7375,0
0.8625,0.7625000000000001,0
0.8625,0.7875000000000001,0
0.8625,0.8125000000000001,0
0.8625,0.8375000000000001,0
0.8625,0.8625,0
0.8625,0.8875000000000001,0
0.8625,0.9125000000000001,0
0.8625,0.9375000000000001,0
0.8625,0.9625000000000001,0
0.8625,0.9875,0
0.8875000000000001,-0.9875,0
0.8875000000000001,-0.9624999999999999,0
0.8875000000000001,-0.9375,0
0.8875000000000001,-0.9125000000000001,0
0.8875000000000001,-0.8875,0
0.8875000000000001,-0.8625,0
0.8875000000000001,-0.8374999999999999,0
0.8875000000000001,-0.8125,0
0.8875000000000001,-0.7875000000000001,0
0.8875000000000001,-0.7625,0
0.8875000000000001,-0.7375,0
0.8875000000000001,-0.7124999999999999,0
0.8875000000000001,-0.6875,0
0.8875000000000001,-0.6625,0
0.8875000000000001,-0.6375,0
0.8875000000000001,-0.6125,0
0.8875000000000001,-0.5874999999999999,0
0.8875000000000001,-0.5625,0
0.8875000000000001,-0.5375,0
0.8875000000000001,-0.5125,0
0.8875000000000001,-0.4875,0
0.8875000000000001,-0.46249999999999997,2
0.8875000000000001,-0.43749999999999994,8
0.8875000000000001,-0.4124999999999999,5
0.8875000000000001,-0.38749999999999996,6
0.8875000000000001,-0.3625,9
0.8875000000000001,-0.33749999999999997,8
0.8875000000000001,-0.31249999999999994,3
0.8875000000000001,-0.2874999999999999,13
0.8875000000000001,-0.26249999999999996,7
0.8875000000000001,-0.2375,9
0.8875000000000001,-0.21249999999999997,8
0.8875000000000001,-0.18749999999999994,8
0.8875000000000001,-0.16249999999999992,4
0.8875000000000001,-0.13749999999999996,7
0.8875000000000001,-0.11249999999999999,5
0.8875000000000001,-0.08749999999999997,13
0.8875000000000001,-0.062499999999999944,11
0.8875000000000001,-0.03749999999999992,11
0.8875000000000001,-0.012499999999999956,9
0.8875000000000001,0.012500000000000067,9
0.8875000000000001,0.03750000000000009,12
0.8875000000000001,0.0625,10
0.8875000000000001,0.08750000000000002,16
0.8875000000000001,0.11250000000000004,11
0.8875000000000001,0.13750000000000007,17
0.8875000000000001,0.1625000000000001,13
0.8875000000000001,0.1875000000000001,8
0.8875000000000001,0.21250000000000013,8
0.8875000000000001,0.23750000000000004,10
0.8875000000000001,0.26250000000000007,5
0.8875000000000001,0.2875000000000001,9
0.8875000000000001,0.3125000000000001,8
0.8875000000000001,0.33750000000000013,5
0.8875000000000001,0.36250000000000004,6
0.8875000000000001,0.38750000000000007,8
0.8875000000000001,0.4125000000000001,10
0.8875000000000001,0.4375000000000001,13
0.8875000000000001,0.46250000000000013,1
0.8875000000000001,0.48750000000000004,0
0.8875000000000001,0.5125000000000001,0
0.8875000000000001,0.5375000000000001,0
0.8875000000000001,0.5625000000000001,0
0.8875000000000001,0.5875000000000001,0
0.8875000000000001,0.6125,0
0.8875000000000001,0.6375000000000001,0
0.8875000000000001,0.6625000000000001,0
0.8875000000000001,0.6875000000000001,0
0.8875000000000001,0.7125000000000001,0
0.8875000000000001,0.7375,0
0.8875000000000001,0.7625000000000001,0
0.8875000000000001,0.7875000000000001,0
0.8875000000000001,0.8125000000000001,0
0.8875000000000001,0.8375000000000001,0
0.8875000000000001,0.8625,0
0.8875000000000001,0.8875000000000001,0
0.8875000000000001,0.9125000000000001,0
0.8875000000000001,0.9375000000000001,0
0.8875000000000001,0.9625000000000001,0
0.8875000000000001,0.9875,0
0.9125000000000001,-0.9875,0
0.9125000000000001,-0.9624999999999999,0
0.9125000000000001,-0.9375,0
0.9125000000000001,-0.9125000000000001,0
0.9125000000000001,-0.8875,0
0.9125000000000001,-0.8625,0
0.9125000000000001,-0.8374999999999999,0
0.9125000000000001,-0.8125,0
0.9125000000000001,-0.7875000000000001,0
0.9125000000000001,-0.7625,0
0.9125000000000001,-0.7375,0
0.9125000000000001,-0.7124999999999999,0
0.9125000000000001,-0.6875,0
0.9125000000000001,-0.6625,0
0.9125000000000001,-0.6375,0
0.9125000000000001,-0.6125,0
0.9125000000000001,-0.5874999999999999,0
0.9125000000000001,-0.5625,0
0.9125000000000001,-0.5375,0
0.9125000000000001,-0.5125,0
0.9125000000000001,-0.4875,0
0.9125000000000001,-0.46249999999999997,0
0.9125000000000001,-0.43749999999999994,0
0.9125000000000001,-0.4124999999999999,3
0.9125000000000001,-0.38749999999999996,9
0.9125000000000001,-0.3625,4
0.9125000000000001,-0.33749999999999997,4
0.9125000000000001,-0.31249999999999994,10
0.9125000000000001,-0.2874999999999999,1
0.9125000000000001,-0.26249999999999996,14
0.9125000000000001,-0.2375,5
0.9125000000000001,-0.21249999999999997,10
0.9125000000000001,-0.18749999999999994,13
0.9125000000000001,-0.16249999999999992,3
0.9125000000000001,-0.13749999999999996,5
0.9125000000000001,-0.11249999999999999,7
0.9125000000000001,-0.08749999999999997,12
0.9125000000000001,-0.062499999999999944,10
0.9125000000000001,-0.03749999999999992,9
0.9125000000000001,-0.012499999999999956,16
0.9125000000000001,0.012500000000000067,12
0.9125000000000001,0.03750000000000009,9
0.9125000000000001,0.0625,16
0.9125000000000001,0.08750000000000002,9
0.9125000000000001,0.11250000000000004,10
0.9125000000000001,0.13750000000000007,19
0.9125000000000001,0.1625000000000001,16
0.9125000000000001,0.1875000000000001,13
0.9125000000000001,0.21250000000000013,11
0.9125000000000001,0.23750000000000004,6
0.9125000000000001,0.26250000000000007,9
0.9125000000000001,0.2875000000000001,9
0.9125000000000001,0.3125000000000001,12
0.9125000000000001,0.33750000000000013,13
0.9125000000000001,0.36250000000000004,10
0.9125000000000001,0.38750000000000007,4
0.9125000000000001,0.4125000000000001,6
0.9125000000000001,0.4375000000000001,0
0.9125000000000001,0.46250000000000013,0
0.9125000000000001,0.48750000000000004,0
0.9125000000000001,0.5125000000000001,0
0.9125000000000001,0.5375000000000001,0
0.9125000000000001,0.5625000000000001,0
0.9125000000000001,0.5875000000000001,0
0.9125000000000001,0.6125,0
0.9125000000000001,0.6375000000000001,0
0.9125000000000001,0.6625000000000001,0
0.9125000000000001,0.6875000000000001,0
0.9125000000000001,0.7125000000000001,0
0.9125000000000001,0.7375,0
0.9125000000000001,0.7625000000000001,0
0.9125000000000001,0.7875000000000001,0
0.9125000000000001,0.8125000000000001,0
0.9125000000000001,0.8375000000000001,0
0.9125000000000001,0.8625,0
0.9125000000000001,0.8875000000000001,0
0.9125000000000001,0.9125000000000001,0
0.9125000000000001,0.9375000000000001,0
0.9125000000000001,0.9625000000000001,0
0.9125000000000001,0.9875,0
0.9375000000000001,-0.9875,0
0.9375000000000001,-0.9624999999999999,0
0.9375000000000001,-0.9375,0
0.9375000000000001,-0.9125000000000001,0
0.9375000000000001,-0.8875,0
0.9375000000000001,-0.8625,0
0.9375000000000001,-0.8374999999999999,0
0.9375000000000001,-0.8125,0
0.9375000000000001,-0.7875000000000001,0
0.9375000000000001,-0.7625,0
0.9375000000000001,-0.7375,0
0.9375000000000001,-0.7124999999999999,0
0.9375000000000001,-0.6875,0
0.9375000000000001,-0.6625,0
0.9375000000000001,-0.6375,0
0.9375000000000001,-0.6125,0
0.9375000000000001,-0.5874999999999999,0
0.9375000000000001,-0.5625,0
0.9375000000000001,-0.5375,0
0.9375000000000001,-0.5125,0
0.9375000000000001,-0.4875,0
0.9375000000000001,-0.46249999999999997,0
0.9375000000000001,-0.43749999999999994,0
0.9375000000000001,-0.4124999999999999,0
0.9375000000000001,-0.38749999999999996,0
0.9375000000000001,-0.3625,5
0.9375000000000001,-0.33749999999999997,5
0.9375000000000001,-0.31249999999999994,7
0.9375000000000001,-0.2874999999999999,7
0.9375000000000001,-0.26249999999999996,12
0.9375000000000001,-0.2375,11
0.9375000000000001,-0.21249999999999997,6
0.9375000000000001,-0.18749999999999994,5
0.9375000000000001,-0.16249999999999992,6
0.9375000000000001,-0.13749999999999996,10
0.9375000000000001,-0.11249999999999999,14
0.9375000000000001,-0.08749999999999997,8
0.9375000000000001,-0.062499999999999944,10
0.9375000000000001,-0.03749999999999992,4
0.9375000000000001,-0.012499999999999956,7
0.9375000000000001,0.012500000000000067,7
0.9375000000000001,0.03750000000000009,5
0.9375000000000001,0.0625,10
0.9375000000000001,0.08750000000000002,9
0.9375000000000001,0.11250000000000004,11
0.9375000000000001,0.13750000000000007,11
0.9375000000000001,0.1625000000000001,15
0.9375000000000001,0.1875000000000001,14
0.9375000000000001,0.21250000000000013,14
0.9375000000000001,0.23750000000000004,9
0.9375000000000001,0.26250000000000007,9
0.9375000000000001,0.2875000000000001,9
0.9375000000000001,0.3125000000000001,5
0.9375000000000001,0.33750000000000013,6
0.9375000000000001,0.36250000000000004,1
0.9375000000000001,0.38750000000000007,0
0.9375000000000001,0.4125000000000001,0
0.9375000000000001,0.4375000000000001,0
0.9375000000000001,0.46250000000000013,0
0.9375000000000001,0.48750000000000004,0
0.9375000000000001,0.5125000000000001,0
0.9375000000000001,0.5375000000000001,0
0.9375000000000001,0.5625000000000001,0
0.9375000000000001,0.5875000000000001,0
0.9375000000000001,0.6125,0
0.9375000000000001,0.6375000000000001,0
0.9375000000000001,0.6625000000000001,0
0.9375000000000001,0.6875000000000001,0
0.9375000000000001,0.7125000000000001,0
0.9375000000000001,0.7375,0
0.9375000000000001,0.7625000000000001,0
0.9375000000000001,0.7875000000000001,0
0.9375000000000001,0.8125000000000001,0
0.9375000000000001,0.8375000000000001,0
0.9375000000000001,0.8625,0
0.9375000000000001,0.8875000000000001,0
0.9375000000000001,0.9125000000000001,0
0.9375000000000001,0.9375000000000001,0
0.9375000000000001,0.9625000000000001,0
0.9375000000000001,0.9875,0
0.9625000000000001,-0.9875,0
0.9625000000000001,-0.9624999999999999,0
0.9625000000000001,-0.9375,0
0.9625000000000001,-0.9125000000000001,0
0.9625000000000001,-0.8875,0
0.9625000000000001,-0.8625,0
0.9625000000000001,-0.8374999999999999,0
0.9625000000000001,-0.8125,0
0.9625000000000001,-0.7875000000000001,0
0.9625000000000001,-0.7625,0
0.9625000000000001,-0.7375,0
0.9625000000000001,-0.7124999999999999,0
0.9625000000000001,-0.6875,0
0.9625000000000001,-0.6625,0
0.9625000000000001,-0.6375,0
0.9625000000000001,-0.6125,0
0.9625000000000001,-0.5874999999999999,0
0.9625000000000001,-0.5625,0
0.9625000000000001,-0.5375,0
0.9625000000000001,-0.5125,0
0.9625000000000001,-0.4875,0
0.9625000000000001,-0.46249999999999997,0
0.9625000000000001,-0.43749999999999994,0
0.9625000000000001,-0.4124999999999999,0
0.9625000000000001,-0.38749999999999996,0
0.9625000000000001,-0.3625,0
0.9625000000000001,-0.33749999999999997,0
0.9625000000000001,-0.31249999999999994,0
0.9625000000000001,-0.2874999999999999,3
0.9625000000000001,-0.26249999999999996,6
0.9625000000000001,-0.2375,6
0.9625000000000001,-0.21249999999999997,5
0.9625000000000001,-0.18749999999999994,7
0.9625000000000001,-0.16249999999999992,8
0.9625000000000001,-0.13749999999999996,10
0.9625000000000001,-0.11249999999999999,1
0.9625000000000001,-0.08749999999999997,6
0.9625000000000001,-0.062499999999999944,9
0.9625000000000001,-0.03749999999999992,8
0.9625000000000001,-0.012499999999999956,10
0.9625000000000001,0.012500000000000067,11
0.9625000000000001,0.03750000000000009,4
0.9625000000000001,0.0625,7
0.9625000000000001,0.08750000000000002,14
0.9625000000000001,0.11250000000000004,7
0.9625000000000001,0.13750000000000007,8
0.9625000000000001,0.1625000000000001,3
0.9625000000000001,0.1875000000000001,10
0.9625000000000001,0.21250000000000013,5
0.9625000000000001,0.23750000000000004,7
0.9625000000000001,0.26250000000000007,9
0.9625000000000001,0.2875000000000001,2
0.9625000000000001,0.3125000000000001,0
0.9625000000000001,0.33750000000000013,0
0.9625000000000001,0.36250000000000004,0
0.9625000000000001,0.38750000000000007,0
0.9625000000000001,0.4125000000000001,0
0.9625000000000001,0.4375000000000001,0
0.9625000000000001,0.46250000000000013,0
0.9625000000000001,0.48750000000000004,0
0.9625000000000001,0.5125000000000001,0
0.9625000000000001,0.5375000000000001,0
0.9625000000000001,0.5625000000000001,0
0.9625000000000001,0.5875000000000001,0
0.9625000000000001,0.6125,0
0.9625000000000001,0.6375000000000001,0
0.9625000000000001,0.6625000000000001,0
0.9625000000000001,0.6875000000000001,0
0.9625000000000001,0.7125000000000001,0
0.9625000000000001,0.7375,0
0.9625000000000001,0.7625000000000001,0
0.9625000000000001,0.7875000000000001,0
0.9625000000000001,0.8125000000000001,0
0.9625000000000001,0.8375000000000001,0
0.9625000000000001,0.8625,0
0.9625000000000001,0.8875000000000001,0
0.9625000000000001,0.9125000000000001,0
0.9625000000000001,0.9375000000000001,0
0.9625000000000001,0.9625000000000001,0
0.9625000000000001,0.9875,0
0.9875,-0.9875,0
0.9875,-0.9624999999999999,0
0.9875,-0.9375,0
0.9875,-0.9125000000000001,0
0.9875,-0.8875,0
0.9875,-0.8625,0
0.9875,-0.8374999999999999,0
0.9875,-0.8125,0
0.9875,-0.7875000000000001,0
0.9875,-0.7625,0
0.9875,-0.7375,0
0.9875,-0.7124999999999999,0
0.9875,-0.6875,0
0.9875,-0.6625,0
0.9875,-0.6375,0
0.9875,-0.6125,0
0.9875,-0.5874999999999999,0
0.9875,-0.5625,0
0.9875,-0.5375,0
0.9875,-0.5125,0
0.9875,-0.4875,0
0.9875,-0.46249999999999997,0
0.9875,-0.43749999999999994,0
0.9875,-0.4124999999999999,0
0.9875,-0.38749999999999996,0
0.9875,-0.3625,0
0.9875,-0.33749999999999997,0
0.9875,-0.31249999999999994,0
0.9875,-0.2874999999999999,0
0.9875,-0.26249999999999996,0
0.9875,-0.2375,0
0.9875,-0.21249999999999997,0
0.9875,-0.18749999999999994,2
0.9875,-0.16249999999999992,4
0.9875,-0.13749999999999996,4
0.9875,-0.11249999999999999,3
0.9875,-0.08749999999999997,3
0.9875,-0.062499999999999944,11
0.9875,-0.03749999999999992,7
0.9875,-0.012499999999999956,6
0.9875,0.012500000000000067,5
0.9875,0.03750000000000009,3
0.9875,0.0625,2
0.9875,0.08750000000000002,6
0.9875,0.11250000000000004,7
0.9875,0.13750000000000007,6
0.9875,0.1625000000000001,4
0.9875,0.1875000000000001,1
0.9875,0.21250000000000013,1
0.9875,0.23750000000000004,0
0.9875,0.26250000000000007,0
0.9875,0.2875000000000001,0
0.9875,0.3125000000000001,0
0.9875,0.33750000000000013,0
0.9875,0.36250000000000004,0
0.9875,0.38750000000000007,0
0.9875,0.4125000000000001,0
0.9875,0.4375000000000001,0
0.9875,0.46250000000000013,0
0.9875,0.48750000000000004,0
0.9875,0.5125000000000001,0
0.9875,0.5375000000000001,0
0.9875,0.5625000000000001,0
0.9875,0.5875000000000001,0
0.9875,0.6125,0
0.9875,0.6375000000000001,0
0.9875,0.6625000000000001,0
0.9875,0.6875000000000001,0
0.9875,0.7125000000000001,0
0.9875,0.7375,0
0.9875,0.7625000000000001,0
0.9875,0.7875000000000001,0
0.9875,0.8125000000000001,0
0.9875,0.8375000000000001,0
0.9875,0.8625,0
0.9875,0.8875000000000001,0
0.9875,0.9125000000000001,0
0.9875,0.9375000000000001,0
0.9875,0.9625000000000001,0
0.9875,0.9875,0
