condition,condition_label,availability,timestamp_utc,value,unit,night,field_id,pair_id,match_status,mode,source_kind,source_column,source_path,availability_reason,input_manifest_hash
sun_separation,Sun separation,not_archived,,,deg,20260420,,,,,,,,"no archived numeric column with an archived timestamp in scheduler example, optional L2 manifest, or optional footprint",dbb46a8e7c9ac8b676de38304feef9c2622d52b25c200fe3ca598e1949fb0263
moon_separation,Moon separation,archived,2026-04-20T11:57:35Z,69.35012011166381,deg,20260420,0978,20260420:0978:0001,matched,normal,scheduler_example,moon_sep_deg,/Users/yunaoxiao/Desktop/smt_asteroid/paper_analysis_20260803/snapshot/scheduler/scheduler_example_20260420.csv,,dbb46a8e7c9ac8b676de38304feef9c2622d52b25c200fe3ca598e1949fb0263
moon_separation,Moon separation,archived,2026-04-20T11:58:55Z,71.04862879498117,deg,20260420,0844,20260420:0844:0001,matched,normal,scheduler_example,moon_sep_deg,/Users/yunaoxiao/Desktop/smt_asteroid/paper_analysis_20260803/snapshot/scheduler/scheduler_example_20260420.csv,,dbb46a8e7c9ac8b676de38304feef9c2622d52b25c200fe3ca598e1949fb0263
moon_separation,Moon separation,archived,2026-04-20T12:00:15Z,73.0918038013303,deg,20260420,0710,20260420:0710:0001,matched,normal,scheduler_example,moon_sep_deg,/Users/yunaoxiao/Desktop/smt_asteroid/paper_analysis_20260803/snapshot/scheduler/scheduler_example_20260420.csv,,dbb46a8e7c9ac8b676de38304feef9c2622d52b25c200fe3ca598e1949fb0263
moon_separation,Moon separation,archived,2026-04-20T12:01:35Z,70.61600284670035,deg,20260420,1114,20260420:1114:0001,matched,normal,scheduler_example,moon_sep_deg,/Users/yunaoxiao/Desktop/smt_asteroid/paper_analysis_20260803/snapshot/scheduler/scheduler_example_20260420.csv,,dbb46a8e7c9ac8b676de38304feef9c2622d52b25c200fe3ca598e1949fb0263
moon_separation,Moon separation,archived,2026-04-20T12:02:55Z,69.59327385091845,deg,20260420,1248,20260420:1248:0001,matched,normal,scheduler_example,moon_sep_deg,/Users/yunaoxiao/Desktop/smt_asteroid/paper_analysis_20260803/snapshot/scheduler/scheduler_example_20260420.csv,,dbb46a8e7c9ac8b676de38304feef9c2622d52b25c200fe3ca598e1949fb0263
moon_separation,Moon separation,archived,2026-04-20T12:04:15Z,71.95059196370295,deg,20260420,0979,20260420:0979:0001,matched,normal,scheduler_example,moon_sep_deg,/Users/yunaoxiao/Desktop/smt_asteroid/paper_analysis_20260803/snapshot/scheduler/scheduler_example_20260420.csv,,dbb46a8e7c9ac8b676de38304feef9c2622d52b25c200fe3ca598e1949fb0263
moon_separation,Moon separation,archived,2026-04-20T12:05:35Z,73.64516172911459,deg,20260420,0845,20260420:0845:0001,matched,normal,scheduler_example,moon_sep_deg,/Users/yunaoxiao/Desktop/smt_asteroid/paper_analysis_20260803/snapshot/scheduler/scheduler_example_20260420.csv,,dbb46a8e7c9ac8b676de38304feef9c2622d52b25c200fe3ca598e1949fb0263
moon_separation,Moon separation,archived,2026-04-20T12:06:55Z,75.68501940772953,deg,20260420,0711,20260420:0711:0001,matched,normal,scheduler_example,moon_sep_deg,/Users/yunaoxiao/Desktop/smt_asteroid/paper_analysis_20260803/snapshot/scheduler/scheduler_example_20260420.csv,,dbb46a8e7c9ac8b676de38304feef9c2622d52b25c200fe3ca598e1949fb0263
moon_separation,Moon separation,archived,2026-04-20T12:08:15Z,73.21990493101339,deg,20260420,1115,20260420:1115:0001,matched,normal,scheduler_example,moon_sep_deg,/Users/yunaoxiao/Desktop/smt_asteroid/paper_analysis_20260803/snapshot/scheduler/scheduler_example_20260420.csv,,dbb46a8e7c9ac8b676de38304feef9c2622d52b25c200fe3ca598e1949fb0263
moon_separation,Moon separation,archived,2026-04-20T12:09:35Z,72.20038027578241,deg,20260420,1249,20260420:1249:0001,matched,normal,scheduler_example,moon_sep_deg,/Users/yunaoxiao/Desktop/smt_asteroid/paper_analysis_20260803/snapshot/scheduler/scheduler_example_20260420.csv,,dbb46a8e7c9ac8b676de38304feef9c2622d52b25c200fe3ca598e1949fb0263
moon_separation,Moon separation,archived,2026-04-20T12:10:55Z,74.55080255777682,deg,20260420,0980,20260420:0980:0001,matched,normal,scheduler_example,moon_sep_deg,/Users/yunaoxiao/Desktop/smt_asteroid/paper_analysis_20260803/snapshot/scheduler/scheduler_example_20260420.csv,,dbb46a8e7c9ac8b676de38304feef9c2622d52b25c200fe3ca598e1949fb0263
moon_separation,Moon separation,archived,2026-04-20T12:12:15Z,71.51872418308135,deg,20260420,1383,20260420:1383:0001,matched,normal,scheduler_example,moon_sep_deg,/Users/yunaoxiao/Desktop/smt_asteroid/paper_analysis_20260803/snapshot/scheduler/scheduler_example_20260420.csv,,dbb46a8e7c9ac8b676de38304feef9c2622d52b25c200fe3ca598e1949fb0263
moon_separation,Moon separation,archived,2026-04-20T12:13:35Z,76.22919692949507,deg,20260420,0846,20260420:0846:0001,matched,normal,scheduler_example,moon_sep_deg,/Users/yunaoxiao/Desktop/smt_asteroid/paper_analysis_20260803/snapshot/scheduler/scheduler_example_20260420.csv,,dbb46a8e7c9ac8b676de38304feef9c2622d52b25c200fe3ca598e1949fb0263
moon_separation,Moon separation,archived,2026-04-20T12:14:55Z,78.2663445760474,deg,20260420,0712,20260420:0712:0001,matched,normal,scheduler_example,moon_sep_deg,/Users/yunaoxiao/Desktop/smt_asteroid/paper_analysis_20260803/snapshot/scheduler/scheduler_example_20260420.csv,,dbb46a8e7c9ac8b676de38304feef9c2622d52b25c200fe3ca598e1949fb0263
moon_separation,Moon separation,archived,2026-04-20T12:16:15Z,75.81033896233913,deg,20260420,1116,20260420:1116:0001,matched,normal,scheduler_example,moon_sep_deg,/Users/yunaoxiao/Desktop/smt_asteroid/paper_analysis_20260803/snapshot/scheduler/scheduler_example_20260420.csv,,dbb46a8e7c9ac8b676de38304feef9c2622d52b25c200fe3ca598e1949fb0263
moon_separation,Moon separation,archived,2026-04-20T12:17:35Z,74.79384017407723,deg,20260420,1250,20260420:1250:0001,matched,normal,scheduler_example,moon_sep_deg,/Users/yunaoxiao/Desktop/smt_asteroid/paper_analysis_20260803/snapshot/scheduler/scheduler_example_20260420.csv,,dbb46a8e7c9ac8b676de38304feef9c2622d52b25c200fe3ca598e1949fb0263
moon_separation,Moon separation,archived,2026-04-20T12:18:55Z,77.13784187767078,deg,20260420,0981,20260420:0981:0001,matched,normal,scheduler_example,moon_sep_deg,/Users/yunaoxiao/Desktop/smt_asteroid/paper_analysis_20260803/snapshot/scheduler/scheduler_example_20260420.csv,,dbb46a8e7c9ac8b676de38304feef9c2622d52b25c200fe3ca598e1949fb0263
moon_separation,Moon separation,archived,2026-04-20T12:20:15Z,78.8261912184058,deg,20260420,0847,20260420:0847:0001,matched,normal,scheduler_example,moon_sep_deg,/Users/yunaoxiao/Desktop/smt_asteroid/paper_analysis_20260803/snapshot/scheduler/scheduler_example_20260420.csv,,dbb46a8e7c9ac8b676de38304feef9c2622d52b25c200fe3ca598e1949fb0263
moon_separation,Moon separation,archived,2026-04-20T12:21:35Z,74.10231214718343,deg,20260420,1384,20260420:1384:0001,matched,normal,scheduler_example,moon_sep_deg,/Users/yunaoxiao/Desktop/smt_asteroid/paper_analysis_20260803/snapshot/scheduler/scheduler_example_20260420.csv,,dbb46a8e7c9ac8b676de38304feef9c2622d52b25c200fe3ca598e1949fb0263
moon_separation,Moon separation,archived,2026-04-20T12:22:55Z,80.84825752199849,deg,20260420,0713,20260420:0713:0001,matched,normal,scheduler_example,moon_sep_deg,/Users/yunaoxiao/Desktop/smt_asteroid/paper_analysis_20260803/snapshot/scheduler/scheduler_example_20260420.csv,,dbb46a8e7c9ac8b676de38304feef9c2622d52b25c200fe3ca598e1949fb0263
moon_separation,Moon separation,archived,2026-04-20T12:24:15Z,73.7733214070906,deg,20260420,1517,20260420:1517:0001,matched,normal,scheduler_example,moon_sep_deg,/Users/yunaoxiao/Desktop/smt_asteroid/paper_analysis_20260803/snapshot/scheduler/scheduler_example_20260420.csv,,dbb46a8e7c9ac8b676de38304feef9c2622d52b25c200fe3ca598e1949fb0263
moon_separation,Moon separation,archived,2026-04-20T12:25:35Z,78.38687378370693,deg,20260420,1117,20260420:1117:0001,matched,normal,scheduler_example,moon_sep_deg,/Users/yunaoxiao/Desktop/smt_asteroid/paper_analysis_20260803/snapshot/scheduler/scheduler_example_20260420.csv,,dbb46a8e7c9ac8b676de38304feef9c2622d52b25c200fe3ca598e1949fb0263
moon_separation,Moon separation,archived,2026-04-20T12:27:35Z,69.06262545840693,deg,20260420,0978,20260420:0978:0002,matched,normal,scheduler_example,moon_sep_deg,/Users/yunaoxiao/Desktop/smt_asteroid/paper_analysis_20260803/snapshot/scheduler/scheduler_example_20260420.csv,,dbb46a8e7c9ac8b676de38304feef9c2622d52b25c200fe3ca598e1949fb0263
moon_separation,Moon separation,archived,2026-04-20T12:28:55Z,70.75921228311091,deg,20260420,0844,20260420:0844:0002,matched,normal,scheduler_example,moon_sep_deg,/Users/yunaoxiao/Desktop/smt_asteroid/paper_analysis_20260803/snapshot/scheduler/scheduler_example_20260420.csv,,dbb46a8e7c9ac8b676de38304feef9c2622d52b25c200fe3ca598e1949fb0263
moon_separation,Moon separation,archived,2026-04-20T12:30:15Z,72.8011088342272,deg,20260420,0710,20260420:0710:0002,matched,normal,scheduler_example,moon_sep_deg,/Users/yunaoxiao/Desktop/smt_asteroid/paper_analysis_20260803/snapshot/scheduler/scheduler_example_20260420.csv,,dbb46a8e7c9ac8b676de38304feef9c2622d52b25c200fe3ca598e1949fb0263
moon_separation,Moon separation,archived,2026-04-20T12:31:35Z,70.32919136601096,deg,20260420,1114,20260420:1114:0002,matched,normal,scheduler_example,moon_sep_deg,/Users/yunaoxiao/Desktop/smt_asteroid/paper_analysis_20260803/snapshot/scheduler/scheduler_example_20260420.csv,,dbb46a8e7c9ac8b676de38304feef9c2622d52b25c200fe3ca598e1949fb0263
moon_separation,Moon separation,archived,2026-04-20T12:32:55Z,69.30878812409273,deg,20260420,1248,20260420:1248:0002,matched,normal,scheduler_example,moon_sep_deg,/Users/yunaoxiao/Desktop/smt_asteroid/paper_analysis_20260803/snapshot/scheduler/scheduler_example_20260420.csv,,dbb46a8e7c9ac8b676de38304feef9c2622d52b25c200fe3ca598e1949fb0263
moon_separation,Moon separation,archived,2026-04-20T12:34:15Z,71.6605878189373,deg,20260420,0979,20260420:0979:0002,matched,normal,scheduler_example,moon_sep_deg,/Users/yunaoxiao/Desktop/smt_asteroid/paper_analysis_20260803/snapshot/scheduler/scheduler_example_20260420.csv,,dbb46a8e7c9ac8b676de38304feef9c2622d52b25c200fe3ca598e1949fb0263
moon_separation,Moon separation,archived,2026-04-20T12:35:35Z,73.3531697363007,deg,20260420,0845,20260420:0845:0002,matched,normal,scheduler_example,moon_sep_deg,/Users/yunaoxiao/Desktop/smt_asteroid/paper_analysis_20260803/snapshot/scheduler/scheduler_example_20260420.csv,,dbb46a8e7c9ac8b676de38304feef9c2622d52b25c200fe3ca598e1949fb0263
moon_separation,Moon separation,archived,2026-04-20T12:36:55Z,75.39167278774254,deg,20260420,0711,20260420:0711:0002,matched,normal,scheduler_example,moon_sep_deg,/Users/yunaoxiao/Desktop/smt_asteroid/paper_analysis_20260803/snapshot/scheduler/scheduler_example_20260420.csv,,dbb46a8e7c9ac8b676de38304feef9c2622d52b25c200fe3ca598e1949fb0263
moon_separation,Moon separation,archived,2026-04-20T12:38:15Z,72.93062826048718,deg,20260420,1115,20260420:1115:0002,matched,normal,scheduler_example,moon_sep_deg,/Users/yunaoxiao/Desktop/smt_asteroid/paper_analysis_20260803/snapshot/scheduler/scheduler_example_20260420.csv,,dbb46a8e7c9ac8b676de38304feef9c2622d52b25c200fe3ca598e1949fb0263
moon_separation,Moon separation,archived,2026-04-20T12:39:35Z,71.9134570321655,deg,20260420,1249,20260420:1249:0002,matched,normal,scheduler_example,moon_sep_deg,/Users/yunaoxiao/Desktop/smt_asteroid/paper_analysis_20260803/snapshot/scheduler/scheduler_example_20260420.csv,,dbb46a8e7c9ac8b676de38304feef9c2622d52b25c200fe3ca598e1949fb0263
moon_separation,Moon separation,archived,2026-04-20T12:40:55Z,74.25828049441202,deg,20260420,0980,20260420:0980:0002,matched,normal,scheduler_example,moon_sep_deg,/Users/yunaoxiao/Desktop/smt_asteroid/paper_analysis_20260803/snapshot/scheduler/scheduler_example_20260420.csv,,dbb46a8e7c9ac8b676de38304feef9c2622d52b25c200fe3ca598e1949fb0263
moon_separation,Moon separation,archived,2026-04-20T12:42:15Z,71.23437417040299,deg,20260420,1383,20260420:1383:0002,matched,normal,scheduler_example,moon_sep_deg,/Users/yunaoxiao/Desktop/smt_asteroid/paper_analysis_20260803/snapshot/scheduler/scheduler_example_20260420.csv,,dbb46a8e7c9ac8b676de38304feef9c2622d52b25c200fe3ca598e1949fb0263
moon_separation,Moon separation,archived,2026-04-20T12:43:35Z,75.93408224969755,deg,20260420,0846,20260420:0846:0002,matched,normal,scheduler_example,moon_sep_deg,/Users/yunaoxiao/Desktop/smt_asteroid/paper_analysis_20260803/snapshot/scheduler/scheduler_example_20260420.csv,,dbb46a8e7c9ac8b676de38304feef9c2622d52b25c200fe3ca598e1949fb0263
moon_separation,Moon separation,archived,2026-04-20T12:44:55Z,77.96980047882323,deg,20260420,0712,20260420:0712:0002,matched,normal,scheduler_example,moon_sep_deg,/Users/yunaoxiao/Desktop/smt_asteroid/paper_analysis_20260803/snapshot/scheduler/scheduler_example_20260420.csv,,dbb46a8e7c9ac8b676de38304feef9c2622d52b25c200fe3ca598e1949fb0263
moon_separation,Moon separation,archived,2026-04-20T12:46:15Z,75.5180591952857,deg,20260420,1116,20260420:1116:0002,matched,normal,scheduler_example,moon_sep_deg,/Users/yunaoxiao/Desktop/smt_asteroid/paper_analysis_20260803/snapshot/scheduler/scheduler_example_20260420.csv,,dbb46a8e7c9ac8b676de38304feef9c2622d52b25c200fe3ca598e1949fb0263
moon_separation,Moon separation,archived,2026-04-20T12:47:35Z,74.5039526888299,deg,20260420,1250,20260420:1250:0002,matched,normal,scheduler_example,moon_sep_deg,/Users/yunaoxiao/Desktop/smt_asteroid/paper_analysis_20260803/snapshot/scheduler/scheduler_example_20260420.csv,,dbb46a8e7c9ac8b676de38304feef9c2622d52b25c200fe3ca598e1949fb0263
moon_separation,Moon separation,archived,2026-04-20T12:48:55Z,76.8422573208326,deg,20260420,0981,20260420:0981:0002,matched,normal,scheduler_example,moon_sep_deg,/Users/yunaoxiao/Desktop/smt_asteroid/paper_analysis_20260803/snapshot/scheduler/scheduler_example_20260420.csv,,dbb46a8e7c9ac8b676de38304feef9c2622d52b25c200fe3ca598e1949fb0263
moon_separation,Moon separation,archived,2026-04-20T12:50:15Z,78.52848886346679,deg,20260420,0847,20260420:0847:0002,matched,normal,scheduler_example,moon_sep_deg,/Users/yunaoxiao/Desktop/smt_asteroid/paper_analysis_20260803/snapshot/scheduler/scheduler_example_20260420.csv,,dbb46a8e7c9ac8b676de38304feef9c2622d52b25c200fe3ca598e1949fb0263
moon_separation,Moon separation,archived,2026-04-20T12:51:35Z,73.81449815989968,deg,20260420,1384,20260420:1384:0002,matched,normal,scheduler_example,moon_sep_deg,/Users/yunaoxiao/Desktop/smt_asteroid/paper_analysis_20260803/snapshot/scheduler/scheduler_example_20260420.csv,,dbb46a8e7c9ac8b676de38304feef9c2622d52b25c200fe3ca598e1949fb0263
moon_separation,Moon separation,archived,2026-04-20T12:52:55Z,80.54851280652804,deg,20260420,0713,20260420:0713:0002,matched,normal,scheduler_example,moon_sep_deg,/Users/yunaoxiao/Desktop/smt_asteroid/paper_analysis_20260803/snapshot/scheduler/scheduler_example_20260420.csv,,dbb46a8e7c9ac8b676de38304feef9c2622d52b25c200fe3ca598e1949fb0263
moon_separation,Moon separation,archived,2026-04-20T12:54:15Z,73.48884826050602,deg,20260420,1517,20260420:1517:0002,matched,normal,scheduler_example,moon_sep_deg,/Users/yunaoxiao/Desktop/smt_asteroid/paper_analysis_20260803/snapshot/scheduler/scheduler_example_20260420.csv,,dbb46a8e7c9ac8b676de38304feef9c2622d52b25c200fe3ca598e1949fb0263
moon_separation,Moon separation,archived,2026-04-20T12:55:35Z,78.09104936952012,deg,20260420,1117,20260420:1117:0002,matched,normal,scheduler_example,moon_sep_deg,/Users/yunaoxiao/Desktop/smt_asteroid/paper_analysis_20260803/snapshot/scheduler/scheduler_example_20260420.csv,,dbb46a8e7c9ac8b676de38304feef9c2622d52b25c200fe3ca598e1949fb0263
moon_separation,Moon separation,archived,2026-04-20T12:57:35Z,68.76304244756199,deg,20260420,0978,20260420:0978:0003,matched,normal,scheduler_example,moon_sep_deg,/Users/yunaoxiao/Desktop/smt_asteroid/paper_analysis_20260803/snapshot/scheduler/scheduler_example_20260420.csv,,dbb46a8e7c9ac8b676de38304feef9c2622d52b25c200fe3ca598e1949fb0263
moon_separation,Moon separation,archived,2026-04-20T12:58:55Z,70.45761122614283,deg,20260420,0844,20260420:0844:0003,matched,normal,scheduler_example,moon_sep_deg,/Users/yunaoxiao/Desktop/smt_asteroid/paper_analysis_20260803/snapshot/scheduler/scheduler_example_20260420.csv,,dbb46a8e7c9ac8b676de38304feef9c2622d52b25c200fe3ca598e1949fb0263
moon_separation,Moon separation,archived,2026-04-20T13:00:15Z,72.49816806668291,deg,20260420,0710,20260420:0710:0003,matched,normal,scheduler_example,moon_sep_deg,/Users/yunaoxiao/Desktop/smt_asteroid/paper_analysis_20260803/snapshot/scheduler/scheduler_example_20260420.csv,,dbb46a8e7c9ac8b676de38304feef9c2622d52b25c200fe3ca598e1949fb0263
moon_separation,Moon separation,archived,2026-04-20T13:01:35Z,70.03039164349232,deg,20260420,1114,20260420:1114:0003,matched,normal,scheduler_example,moon_sep_deg,/Users/yunaoxiao/Desktop/smt_asteroid/paper_analysis_20260803/snapshot/scheduler/scheduler_example_20260420.csv,,dbb46a8e7c9ac8b676de38304feef9c2622d52b25c200fe3ca598e1949fb0263
moon_separation,Moon separation,archived,2026-04-20T13:02:55Z,69.01245520345303,deg,20260420,1248,20260420:1248:0003,matched,normal,scheduler_example,moon_sep_deg,/Users/yunaoxiao/Desktop/smt_asteroid/paper_analysis_20260803/snapshot/scheduler/scheduler_example_20260420.csv,,dbb46a8e7c9ac8b676de38304feef9c2622d52b25c200fe3ca598e1949fb0263
moon_separation,Moon separation,archived,2026-04-20T13:04:15Z,71.35846261753855,deg,20260420,0979,20260420:0979:0003,matched,normal,scheduler_example,moon_sep_deg,/Users/yunaoxiao/Desktop/smt_asteroid/paper_analysis_20260803/snapshot/scheduler/scheduler_example_20260420.csv,,dbb46a8e7c9ac8b676de38304feef9c2622d52b25c200fe3ca598e1949fb0263
moon_separation,Moon separation,archived,2026-04-20T13:05:35Z,73.04896928354958,deg,20260420,0845,20260420:0845:0003,matched,normal,scheduler_example,moon_sep_deg,/Users/yunaoxiao/Desktop/smt_asteroid/paper_analysis_20260803/snapshot/scheduler/scheduler_example_20260420.csv,,dbb46a8e7c9ac8b676de38304feef9c2622d52b25c200fe3ca598e1949fb0263
moon_separation,Moon separation,archived,2026-04-20T13:06:55Z,75.08606388811371,deg,20260420,0711,20260420:0711:0003,matched,normal,scheduler_example,moon_sep_deg,/Users/yunaoxiao/Desktop/smt_asteroid/paper_analysis_20260803/snapshot/scheduler/scheduler_example_20260420.csv,,dbb46a8e7c9ac8b676de38304feef9c2622d52b25c200fe3ca598e1949fb0263
moon_separation,Moon separation,archived,2026-04-20T13:08:15Z,72.62932685358194,deg,20260420,1115,20260420:1115:0003,matched,normal,scheduler_example,moon_sep_deg,/Users/yunaoxiao/Desktop/smt_asteroid/paper_analysis_20260803/snapshot/scheduler/scheduler_example_20260420.csv,,dbb46a8e7c9ac8b676de38304feef9c2622d52b25c200fe3ca598e1949fb0263
moon_separation,Moon separation,archived,2026-04-20T13:09:35Z,71.61464199862955,deg,20260420,1249,20260420:1249:0003,matched,normal,scheduler_example,moon_sep_deg,/Users/yunaoxiao/Desktop/smt_asteroid/paper_analysis_20260803/snapshot/scheduler/scheduler_example_20260420.csv,,dbb46a8e7c9ac8b676de38304feef9c2622d52b25c200fe3ca598e1949fb0263
moon_separation,Moon separation,archived,2026-04-20T13:10:55Z,73.95361280259732,deg,20260420,0980,20260420:0980:0003,matched,normal,scheduler_example,moon_sep_deg,/Users/yunaoxiao/Desktop/smt_asteroid/paper_analysis_20260803/snapshot/scheduler/scheduler_example_20260420.csv,,dbb46a8e7c9ac8b676de38304feef9c2622d52b25c200fe3ca598e1949fb0263
moon_separation,Moon separation,archived,2026-04-20T13:12:15Z,70.93828574717007,deg,20260420,1383,20260420:1383:0003,matched,normal,scheduler_example,moon_sep_deg,/Users/yunaoxiao/Desktop/smt_asteroid/paper_analysis_20260803/snapshot/scheduler/scheduler_example_20260420.csv,,dbb46a8e7c9ac8b676de38304feef9c2622d52b25c200fe3ca598e1949fb0263
moon_separation,Moon separation,archived,2026-04-20T13:13:35Z,75.62673999297724,deg,20260420,0846,20260420:0846:0003,matched,normal,scheduler_example,moon_sep_deg,/Users/yunaoxiao/Desktop/smt_asteroid/paper_analysis_20260803/snapshot/scheduler/scheduler_example_20260420.csv,,dbb46a8e7c9ac8b676de38304feef9c2622d52b25c200fe3ca598e1949fb0263
moon_separation,Moon separation,archived,2026-04-20T13:14:55Z,77.66098440650016,deg,20260420,0712,20260420:0712:0003,matched,normal,scheduler_example,moon_sep_deg,/Users/yunaoxiao/Desktop/smt_asteroid/paper_analysis_20260803/snapshot/scheduler/scheduler_example_20260420.csv,,dbb46a8e7c9ac8b676de38304feef9c2622d52b25c200fe3ca598e1949fb0263
moon_separation,Moon separation,archived,2026-04-20T13:16:15Z,75.21372096450075,deg,20260420,1116,20260420:1116:0003,matched,normal,scheduler_example,moon_sep_deg,/Users/yunaoxiao/Desktop/smt_asteroid/paper_analysis_20260803/snapshot/scheduler/scheduler_example_20260420.csv,,dbb46a8e7c9ac8b676de38304feef9c2622d52b25c200fe3ca598e1949fb0263
moon_separation,Moon separation,archived,2026-04-20T13:17:35Z,74.2021308796749,deg,20260420,1250,20260420:1250:0003,matched,normal,scheduler_example,moon_sep_deg,/Users/yunaoxiao/Desktop/smt_asteroid/paper_analysis_20260803/snapshot/scheduler/scheduler_example_20260420.csv,,dbb46a8e7c9ac8b676de38304feef9c2622d52b25c200fe3ca598e1949fb0263
moon_separation,Moon separation,archived,2026-04-20T13:18:55Z,76.53450738570645,deg,20260420,0981,20260420:0981:0003,matched,normal,scheduler_example,moon_sep_deg,/Users/yunaoxiao/Desktop/smt_asteroid/paper_analysis_20260803/snapshot/scheduler/scheduler_example_20260420.csv,,dbb46a8e7c9ac8b676de38304feef9c2622d52b25c200fe3ca598e1949fb0263
moon_separation,Moon separation,archived,2026-04-20T13:20:15Z,78.2185529178827,deg,20260420,0847,20260420:0847:0003,matched,normal,scheduler_example,moon_sep_deg,/Users/yunaoxiao/Desktop/smt_asteroid/paper_analysis_20260803/snapshot/scheduler/scheduler_example_20260420.csv,,dbb46a8e7c9ac8b676de38304feef9c2622d52b25c200fe3ca598e1949fb0263
moon_separation,Moon separation,archived,2026-04-20T13:21:35Z,73.51488788540021,deg,20260420,1384,20260420:1384:0003,matched,normal,scheduler_example,moon_sep_deg,/Users/yunaoxiao/Desktop/smt_asteroid/paper_analysis_20260803/snapshot/scheduler/scheduler_example_20260420.csv,,dbb46a8e7c9ac8b676de38304feef9c2622d52b25c200fe3ca598e1949fb0263
moon_separation,Moon separation,archived,2026-04-20T13:22:55Z,80.23649855855011,deg,20260420,0713,20260420:0713:0003,matched,normal,scheduler_example,moon_sep_deg,/Users/yunaoxiao/Desktop/smt_asteroid/paper_analysis_20260803/snapshot/scheduler/scheduler_example_20260420.csv,,dbb46a8e7c9ac8b676de38304feef9c2622d52b25c200fe3ca598e1949fb0263
moon_separation,Moon separation,archived,2026-04-20T13:24:15Z,73.19274960645706,deg,20260420,1517,20260420:1517:0003,matched,normal,scheduler_example,moon_sep_deg,/Users/yunaoxiao/Desktop/smt_asteroid/paper_analysis_20260803/snapshot/scheduler/scheduler_example_20260420.csv,,dbb46a8e7c9ac8b676de38304feef9c2622d52b25c200fe3ca598e1949fb0263
moon_separation,Moon separation,archived,2026-04-20T13:25:35Z,77.78314207670097,deg,20260420,1117,20260420:1117:0003,matched,normal,scheduler_example,moon_sep_deg,/Users/yunaoxiao/Desktop/smt_asteroid/paper_analysis_20260803/snapshot/scheduler/scheduler_example_20260420.csv,,dbb46a8e7c9ac8b676de38304feef9c2622d52b25c200fe3ca598e1949fb0263
moon_separation,Moon separation,archived,2026-04-20T13:26:55Z,99.46226799877232,deg,20260420,0855,20260420:0855:0001,matched,normal,scheduler_example,moon_sep_deg,/Users/yunaoxiao/Desktop/smt_asteroid/paper_analysis_20260803/snapshot/scheduler/scheduler_example_20260420.csv,,dbb46a8e7c9ac8b676de38304feef9c2622d52b25c200fe3ca598e1949fb0263
moon_separation,Moon separation,archived,2026-04-20T13:28:15Z,101.49671459466042,deg,20260420,0721,20260420:0721:0001,matched,normal,scheduler_example,moon_sep_deg,/Users/yunaoxiao/Desktop/smt_asteroid/paper_analysis_20260803/snapshot/scheduler/scheduler_example_20260420.csv,,dbb46a8e7c9ac8b676de38304feef9c2622d52b25c200fe3ca598e1949fb0263
moon_separation,Moon separation,archived,2026-04-20T13:29:35Z,103.88351417736357,deg,20260420,0588,20260420:0588:0001,matched,normal,scheduler_example,moon_sep_deg,/Users/yunaoxiao/Desktop/smt_asteroid/paper_analysis_20260803/snapshot/scheduler/scheduler_example_20260420.csv,,dbb46a8e7c9ac8b676de38304feef9c2622d52b25c200fe3ca598e1949fb0263
moon_separation,Moon separation,archived,2026-04-20T13:30:55Z,100.38887511796112,deg,20260420,0990,20260420:0990:0001,matched,normal,scheduler_example,moon_sep_deg,/Users/yunaoxiao/Desktop/smt_asteroid/paper_analysis_20260803/snapshot/scheduler/scheduler_example_20260420.csv,,dbb46a8e7c9ac8b676de38304feef9c2622d52b25c200fe3ca598e1949fb0263
moon_separation,Moon separation,archived,2026-04-20T13:32:15Z,99.03150050229851,deg,20260420,1125,20260420:1125:0001,matched,normal,scheduler_example,moon_sep_deg,/Users/yunaoxiao/Desktop/smt_asteroid/paper_analysis_20260803/snapshot/scheduler/scheduler_example_20260420.csv,,dbb46a8e7c9ac8b676de38304feef9c2622d52b25c200fe3ca598e1949fb0263
moon_separation,Moon separation,archived,2026-04-20T13:33:35Z,102.05737591980429,deg,20260420,0856,20260420:0856:0001,matched,normal,scheduler_example,moon_sep_deg,/Users/yunaoxiao/Desktop/smt_asteroid/paper_analysis_20260803/snapshot/scheduler/scheduler_example_20260420.csv,,dbb46a8e7c9ac8b676de38304feef9c2622d52b25c200fe3ca598e1949fb0263
moon_separation,Moon separation,archived,2026-04-20T13:34:55Z,104.09341770374677,deg,20260420,0722,20260420:0722:0001,matched,normal,scheduler_example,moon_sep_deg,/Users/yunaoxiao/Desktop/smt_asteroid/paper_analysis_20260803/snapshot/scheduler/scheduler_example_20260420.csv,,dbb46a8e7c9ac8b676de38304feef9c2622d52b25c200fe3ca598e1949fb0263
moon_separation,Moon separation,archived,2026-04-20T13:36:15Z,106.48213124592672,deg,20260420,0589,20260420:0589:0001,matched,normal,scheduler_example,moon_sep_deg,/Users/yunaoxiao/Desktop/smt_asteroid/paper_analysis_20260803/snapshot/scheduler/scheduler_example_20260420.csv,,dbb46a8e7c9ac8b676de38304feef9c2622d52b25c200fe3ca598e1949fb0263
moon_separation,Moon separation,archived,2026-04-20T13:37:35Z,102.98227939634536,deg,20260420,0991,20260420:0991:0001,matched,normal,scheduler_example,moon_sep_deg,/Users/yunaoxiao/Desktop/smt_asteroid/paper_analysis_20260803/snapshot/scheduler/scheduler_example_20260420.csv,,dbb46a8e7c9ac8b676de38304feef9c2622d52b25c200fe3ca598e1949fb0263
moon_separation,Moon separation,archived,2026-04-20T13:38:55Z,101.62355854579552,deg,20260420,1126,20260420:1126:0001,matched,normal,scheduler_example,moon_sep_deg,/Users/yunaoxiao/Desktop/smt_asteroid/paper_analysis_20260803/snapshot/scheduler/scheduler_example_20260420.csv,,dbb46a8e7c9ac8b676de38304feef9c2622d52b25c200fe3ca598e1949fb0263
moon_separation,Moon separation,archived,2026-04-20T13:40:15Z,104.65219037803188,deg,20260420,0857,20260420:0857:0001,matched,normal,scheduler_example,moon_sep_deg,/Users/yunaoxiao/Desktop/smt_asteroid/paper_analysis_20260803/snapshot/scheduler/scheduler_example_20260420.csv,,dbb46a8e7c9ac8b676de38304feef9c2622d52b25c200fe3ca598e1949fb0263
moon_separation,Moon separation,archived,2026-04-20T13:41:35Z,100.60425754400906,deg,20260420,1260,20260420:1260:0001,matched,normal,scheduler_example,moon_sep_deg,/Users/yunaoxiao/Desktop/smt_asteroid/paper_analysis_20260803/snapshot/scheduler/scheduler_example_20260420.csv,,dbb46a8e7c9ac8b676de38304feef9c2622d52b25c200fe3ca598e1949fb0263
moon_separation,Moon separation,archived,2026-04-20T13:42:55Z,106.67565420565518,deg,20260420,0723,20260420:0723:0001,matched,normal,scheduler_example,moon_sep_deg,/Users/yunaoxiao/Desktop/smt_asteroid/paper_analysis_20260803/snapshot/scheduler/scheduler_example_20260420.csv,,dbb46a8e7c9ac8b676de38304feef9c2622d52b25c200fe3ca598e1949fb0263
moon_separation,Moon separation,archived,2026-04-20T13:44:15Z,109.06630496702726,deg,20260420,0590,20260420:0590:0001,matched,normal,scheduler_example,moon_sep_deg,/Users/yunaoxiao/Desktop/smt_asteroid/paper_analysis_20260803/snapshot/scheduler/scheduler_example_20260420.csv,,dbb46a8e7c9ac8b676de38304feef9c2622d52b25c200fe3ca598e1949fb0263
moon_separation,Moon separation,archived,2026-04-20T13:45:35Z,105.5606297790456,deg,20260420,0992,20260420:0992:0001,matched,normal,scheduler_example,moon_sep_deg,/Users/yunaoxiao/Desktop/smt_asteroid/paper_analysis_20260803/snapshot/scheduler/scheduler_example_20260420.csv,,dbb46a8e7c9ac8b676de38304feef9c2622d52b25c200fe3ca598e1949fb0263
moon_separation,Moon separation,archived,2026-04-20T13:46:55Z,104.20015886604126,deg,20260420,1127,20260420:1127:0001,matched,normal,scheduler_example,moon_sep_deg,/Users/yunaoxiao/Desktop/smt_asteroid/paper_analysis_20260803/snapshot/scheduler/scheduler_example_20260420.csv,,dbb46a8e7c9ac8b676de38304feef9c2622d52b25c200fe3ca598e1949fb0263
moon_separation,Moon separation,archived,2026-04-20T13:48:15Z,107.23221206898285,deg,20260420,0858,20260420:0858:0001,matched,normal,scheduler_example,moon_sep_deg,/Users/yunaoxiao/Desktop/smt_asteroid/paper_analysis_20260803/snapshot/scheduler/scheduler_example_20260420.csv,,dbb46a8e7c9ac8b676de38304feef9c2622d52b25c200fe3ca598e1949fb0263
moon_separation,Moon separation,archived,2026-04-20T13:49:35Z,103.17924895492308,deg,20260420,1261,20260420:1261:0001,matched,normal,scheduler_example,moon_sep_deg,/Users/yunaoxiao/Desktop/smt_asteroid/paper_analysis_20260803/snapshot/scheduler/scheduler_example_20260420.csv,,dbb46a8e7c9ac8b676de38304feef9c2622d52b25c200fe3ca598e1949fb0263
moon_separation,Moon separation,archived,2026-04-20T13:50:55Z,109.25757802834312,deg,20260420,0724,20260420:0724:0001,matched,normal,scheduler_example,moon_sep_deg,/Users/yunaoxiao/Desktop/smt_asteroid/paper_analysis_20260803/snapshot/scheduler/scheduler_example_20260420.csv,,dbb46a8e7c9ac8b676de38304feef9c2622d52b25c200fe3ca598e1949fb0263
moon_separation,Moon separation,archived,2026-04-20T13:52:15Z,102.51068608862056,deg,20260420,1395,20260420:1395:0001,matched,normal,scheduler_example,moon_sep_deg,/Users/yunaoxiao/Desktop/smt_asteroid/paper_analysis_20260803/snapshot/scheduler/scheduler_example_20260420.csv,,dbb46a8e7c9ac8b676de38304feef9c2622d52b25c200fe3ca598e1949fb0263
moon_separation,Moon separation,archived,2026-04-20T13:53:35Z,111.63552494044788,deg,20260420,0591,20260420:0591:0001,matched,normal,scheduler_example,moon_sep_deg,/Users/yunaoxiao/Desktop/smt_asteroid/paper_analysis_20260803/snapshot/scheduler/scheduler_example_20260420.csv,,dbb46a8e7c9ac8b676de38304feef9c2622d52b25c200fe3ca598e1949fb0263
moon_separation,Moon separation,archived,2026-04-20T13:54:55Z,108.1234934899694,deg,20260420,0993,20260420:0993:0001,matched,normal,scheduler_example,moon_sep_deg,/Users/yunaoxiao/Desktop/smt_asteroid/paper_analysis_20260803/snapshot/scheduler/scheduler_example_20260420.csv,,dbb46a8e7c9ac8b676de38304feef9c2622d52b25c200fe3ca598e1949fb0263
moon_separation,Moon separation,archived,2026-04-20T13:56:55Z,99.13854031925764,deg,20260420,0855,20260420:0855:0002,matched,normal,scheduler_example,moon_sep_deg,/Users/yunaoxiao/Desktop/smt_asteroid/paper_analysis_20260803/snapshot/scheduler/scheduler_example_20260420.csv,,dbb46a8e7c9ac8b676de38304feef9c2622d52b25c200fe3ca598e1949fb0263
moon_separation,Moon separation,archived,2026-04-20T13:58:15Z,101.17101130426929,deg,20260420,0721,20260420:0721:0002,matched,normal,scheduler_example,moon_sep_deg,/Users/yunaoxiao/Desktop/smt_asteroid/paper_analysis_20260803/snapshot/scheduler/scheduler_example_20260420.csv,,dbb46a8e7c9ac8b676de38304feef9c2622d52b25c200fe3ca598e1949fb0263
moon_separation,Moon separation,archived,2026-04-20T13:59:35Z,103.55649619415132,deg,20260420,0588,20260420:0588:0002,matched,normal,scheduler_example,moon_sep_deg,/Users/yunaoxiao/Desktop/smt_asteroid/paper_analysis_20260803/snapshot/scheduler/scheduler_example_20260420.csv,,dbb46a8e7c9ac8b676de38304feef9c2622d52b25c200fe3ca598e1949fb0263
moon_separation,Moon separation,archived,2026-04-20T14:00:55Z,100.065855863481,deg,20260420,0990,20260420:0990:0002,matched,normal,scheduler_example,moon_sep_deg,/Users/yunaoxiao/Desktop/smt_asteroid/paper_analysis_20260803/snapshot/scheduler/scheduler_example_20260420.csv,,dbb46a8e7c9ac8b676de38304feef9c2622d52b25c200fe3ca598e1949fb0263
moon_separation,Moon separation,archived,2026-04-20T14:02:15Z,98.7107941520257,deg,20260420,1125,20260420:1125:0002,matched,normal,scheduler_example,moon_sep_deg,/Users/yunaoxiao/Desktop/smt_asteroid/paper_analysis_20260803/snapshot/scheduler/scheduler_example_20260420.csv,,dbb46a8e7c9ac8b676de38304feef9c2622d52b25c200fe3ca598e1949fb0263
moon_separation,Moon separation,archived,2026-04-20T14:03:35Z,101.73112362128188,deg,20260420,0856,20260420:0856:0002,matched,normal,scheduler_example,moon_sep_deg,/Users/yunaoxiao/Desktop/smt_asteroid/paper_analysis_20260803/snapshot/scheduler/scheduler_example_20260420.csv,,dbb46a8e7c9ac8b676de38304feef9c2622d52b25c200fe3ca598e1949fb0263
moon_separation,Moon separation,archived,2026-04-20T14:04:55Z,103.76513278711568,deg,20260420,0722,20260420:0722:0002,matched,normal,scheduler_example,moon_sep_deg,/Users/yunaoxiao/Desktop/smt_asteroid/paper_analysis_20260803/snapshot/scheduler/scheduler_example_20260420.csv,,dbb46a8e7c9ac8b676de38304feef9c2622d52b25c200fe3ca598e1949fb0263
moon_separation,Moon separation,archived,2026-04-20T14:06:15Z,106.15249343912154,deg,20260420,0589,20260420:0589:0002,matched,normal,scheduler_example,moon_sep_deg,/Users/yunaoxiao/Desktop/smt_asteroid/paper_analysis_20260803/snapshot/scheduler/scheduler_example_20260420.csv,,dbb46a8e7c9ac8b676de38304feef9c2622d52b25c200fe3ca598e1949fb0263
moon_separation,Moon separation,archived,2026-04-20T14:07:35Z,102.65682448973304,deg,20260420,0991,20260420:0991:0002,matched,normal,scheduler_example,moon_sep_deg,/Users/yunaoxiao/Desktop/smt_asteroid/paper_analysis_20260803/snapshot/scheduler/scheduler_example_20260420.csv,,dbb46a8e7c9ac8b676de38304feef9c2622d52b25c200fe3ca598e1949fb0263
moon_separation,Moon separation,archived,2026-04-20T14:08:55Z,101.30050836140173,deg,20260420,1126,20260420:1126:0002,matched,normal,scheduler_example,moon_sep_deg,/Users/yunaoxiao/Desktop/smt_asteroid/paper_analysis_20260803/snapshot/scheduler/scheduler_example_20260420.csv,,dbb46a8e7c9ac8b676de38304feef9c2622d52b25c200fe3ca598e1949fb0263
moon_separation,Moon separation,archived,2026-04-20T14:10:15Z,104.32343110436877,deg,20260420,0857,20260420:0857:0002,matched,normal,scheduler_example,moon_sep_deg,/Users/yunaoxiao/Desktop/smt_asteroid/paper_analysis_20260803/snapshot/scheduler/scheduler_example_20260420.csv,,dbb46a8e7c9ac8b676de38304feef9c2622d52b25c200fe3ca598e1949fb0263
moon_separation,Moon separation,archived,2026-04-20T14:11:35Z,100.28379177928257,deg,20260420,1260,20260420:1260:0002,matched,normal,scheduler_example,moon_sep_deg,/Users/yunaoxiao/Desktop/smt_asteroid/paper_analysis_20260803/snapshot/scheduler/scheduler_example_20260420.csv,,dbb46a8e7c9ac8b676de38304feef9c2622d52b25c200fe3ca598e1949fb0263
moon_separation,Moon separation,archived,2026-04-20T14:12:55Z,106.34427847770584,deg,20260420,0723,20260420:0723:0002,matched,normal,scheduler_example,moon_sep_deg,/Users/yunaoxiao/Desktop/smt_asteroid/paper_analysis_20260803/snapshot/scheduler/scheduler_example_20260420.csv,,dbb46a8e7c9ac8b676de38304feef9c2622d52b25c200fe3ca598e1949fb0263
moon_separation,Moon separation,archived,2026-04-20T14:14:15Z,108.73354314656632,deg,20260420,0590,20260420:0590:0002,matched,normal,scheduler_example,moon_sep_deg,/Users/yunaoxiao/Desktop/smt_asteroid/paper_analysis_20260803/snapshot/scheduler/scheduler_example_20260420.csv,,dbb46a8e7c9ac8b676de38304feef9c2622d52b25c200fe3ca598e1949fb0263
moon_separation,Moon separation,archived,2026-04-20T14:15:35Z,105.23223821137468,deg,20260420,0992,20260420:0992:0002,matched,normal,scheduler_example,moon_sep_deg,/Users/yunaoxiao/Desktop/smt_asteroid/paper_analysis_20260803/snapshot/scheduler/scheduler_example_20260420.csv,,dbb46a8e7c9ac8b676de38304feef9c2622d52b25c200fe3ca598e1949fb0263
moon_separation,Moon separation,archived,2026-04-20T14:16:55Z,103.87427377697648,deg,20260420,1127,20260420:1127:0002,matched,normal,scheduler_example,moon_sep_deg,/Users/yunaoxiao/Desktop/smt_asteroid/paper_analysis_20260803/snapshot/scheduler/scheduler_example_20260420.csv,,dbb46a8e7c9ac8b676de38304feef9c2622d52b25c200fe3ca598e1949fb0263
moon_separation,Moon separation,archived,2026-04-20T14:18:15Z,106.90044195037636,deg,20260420,0858,20260420:0858:0002,matched,normal,scheduler_example,moon_sep_deg,/Users/yunaoxiao/Desktop/smt_asteroid/paper_analysis_20260803/snapshot/scheduler/scheduler_example_20260420.csv,,dbb46a8e7c9ac8b676de38304feef9c2622d52b25c200fe3ca598e1949fb0263
moon_separation,Moon separation,archived,2026-04-20T14:19:35Z,102.85606748304794,deg,20260420,1261,20260420:1261:0002,matched,normal,scheduler_example,moon_sep_deg,/Users/yunaoxiao/Desktop/smt_asteroid/paper_analysis_20260803/snapshot/scheduler/scheduler_example_20260420.csv,,dbb46a8e7c9ac8b676de38304feef9c2622d52b25c200fe3ca598e1949fb0263
moon_separation,Moon separation,archived,2026-04-20T14:20:55Z,108.92313824572808,deg,20260420,0724,20260420:0724:0002,matched,normal,scheduler_example,moon_sep_deg,/Users/yunaoxiao/Desktop/smt_asteroid/paper_analysis_20260803/snapshot/scheduler/scheduler_example_20260420.csv,,dbb46a8e7c9ac8b676de38304feef9c2622d52b25c200fe3ca598e1949fb0263
moon_separation,Moon separation,archived,2026-04-20T14:22:15Z,102.19095979789708,deg,20260420,1395,20260420:1395:0002,matched,normal,scheduler_example,moon_sep_deg,/Users/yunaoxiao/Desktop/smt_asteroid/paper_analysis_20260803/snapshot/scheduler/scheduler_example_20260420.csv,,dbb46a8e7c9ac8b676de38304feef9c2622d52b25c200fe3ca598e1949fb0263
moon_separation,Moon separation,archived,2026-04-20T14:23:35Z,111.29915302393702,deg,20260420,0591,20260420:0591:0002,matched,normal,scheduler_example,moon_sep_deg,/Users/yunaoxiao/Desktop/smt_asteroid/paper_analysis_20260803/snapshot/scheduler/scheduler_example_20260420.csv,,dbb46a8e7c9ac8b676de38304feef9c2622d52b25c200fe3ca598e1949fb0263
moon_separation,Moon separation,archived,2026-04-20T14:24:55Z,107.79168009954932,deg,20260420,0993,20260420:0993:0002,matched,normal,scheduler_example,moon_sep_deg,/Users/yunaoxiao/Desktop/smt_asteroid/paper_analysis_20260803/snapshot/scheduler/scheduler_example_20260420.csv,,dbb46a8e7c9ac8b676de38304feef9c2622d52b25c200fe3ca598e1949fb0263
moon_separation,Moon separation,archived,2026-04-20T14:26:55Z,98.80297421298496,deg,20260420,0855,20260420:0855:0003,matched,normal,scheduler_example,moon_sep_deg,/Users/yunaoxiao/Desktop/smt_asteroid/paper_analysis_20260803/snapshot/scheduler/scheduler_example_20260420.csv,,dbb46a8e7c9ac8b676de38304feef9c2622d52b25c200fe3ca598e1949fb0263
moon_separation,Moon separation,archived,2026-04-20T14:28:15Z,100.83351701924366,deg,20260420,0721,20260420:0721:0003,matched,normal,scheduler_example,moon_sep_deg,/Users/yunaoxiao/Desktop/smt_asteroid/paper_analysis_20260803/snapshot/scheduler/scheduler_example_20260420.csv,,dbb46a8e7c9ac8b676de38304feef9c2622d52b25c200fe3ca598e1949fb0263
moon_separation,Moon separation,archived,2026-04-20T14:29:35Z,103.21776203422252,deg,20260420,0588,20260420:0588:0003,matched,normal,scheduler_example,moon_sep_deg,/Users/yunaoxiao/Desktop/smt_asteroid/paper_analysis_20260803/snapshot/scheduler/scheduler_example_20260420.csv,,dbb46a8e7c9ac8b676de38304feef9c2622d52b25c200fe3ca598e1949fb0263
moon_separation,Moon separation,archived,2026-04-20T14:30:55Z,99.7310376291573,deg,20260420,0990,20260420:0990:0003,matched,normal,scheduler_example,moon_sep_deg,/Users/yunaoxiao/Desktop/smt_asteroid/paper_analysis_20260803/snapshot/scheduler/scheduler_example_20260420.csv,,dbb46a8e7c9ac8b676de38304feef9c2622d52b25c200fe3ca598e1949fb0263
moon_separation,Moon separation,archived,2026-04-20T14:32:15Z,98.37831838493572,deg,20260420,1125,20260420:1125:0003,matched,normal,scheduler_example,moon_sep_deg,/Users/yunaoxiao/Desktop/smt_asteroid/paper_analysis_20260803/snapshot/scheduler/scheduler_example_20260420.csv,,dbb46a8e7c9ac8b676de38304feef9c2622d52b25c200fe3ca598e1949fb0263
moon_separation,Moon separation,archived,2026-04-20T14:33:35Z,101.3931175657262,deg,20260420,0856,20260420:0856:0003,matched,normal,scheduler_example,moon_sep_deg,/Users/yunaoxiao/Desktop/smt_asteroid/paper_analysis_20260803/snapshot/scheduler/scheduler_example_20260420.csv,,dbb46a8e7c9ac8b676de38304feef9c2622d52b25c200fe3ca598e1949fb0263
moon_separation,Moon separation,archived,2026-04-20T14:34:55Z,103.4251506685236,deg,20260420,0722,20260420:0722:0003,matched,normal,scheduler_example,moon_sep_deg,/Users/yunaoxiao/Desktop/smt_asteroid/paper_analysis_20260803/snapshot/scheduler/scheduler_example_20260420.csv,,dbb46a8e7c9ac8b676de38304feef9c2622d52b25c200fe3ca598e1949fb0263
moon_separation,Moon separation,archived,2026-04-20T14:36:15Z,105.81124273064889,deg,20260420,0589,20260420:0589:0003,matched,normal,scheduler_example,moon_sep_deg,/Users/yunaoxiao/Desktop/smt_asteroid/paper_analysis_20260803/snapshot/scheduler/scheduler_example_20260420.csv,,dbb46a8e7c9ac8b676de38304feef9c2622d52b25c200fe3ca598e1949fb0263
moon_separation,Moon separation,archived,2026-04-20T14:37:35Z,102.31965212136338,deg,20260420,0991,20260420:0991:0003,matched,normal,scheduler_example,moon_sep_deg,/Users/yunaoxiao/Desktop/smt_asteroid/paper_analysis_20260803/snapshot/scheduler/scheduler_example_20260420.csv,,dbb46a8e7c9ac8b676de38304feef9c2622d52b25c200fe3ca598e1949fb0263
moon_separation,Moon separation,archived,2026-04-20T14:38:55Z,100.96576422689334,deg,20260420,1126,20260420:1126:0003,matched,normal,scheduler_example,moon_sep_deg,/Users/yunaoxiao/Desktop/smt_asteroid/paper_analysis_20260803/snapshot/scheduler/scheduler_example_20260420.csv,,dbb46a8e7c9ac8b676de38304feef9c2622d52b25c200fe3ca598e1949fb0263
moon_separation,Moon separation,archived,2026-04-20T14:40:15Z,103.9830105705869,deg,20260420,0857,20260420:0857:0003,matched,normal,scheduler_example,moon_sep_deg,/Users/yunaoxiao/Desktop/smt_asteroid/paper_analysis_20260803/snapshot/scheduler/scheduler_example_20260420.csv,,dbb46a8e7c9ac8b676de38304feef9c2622d52b25c200fe3ca598e1949fb0263
moon_separation,Moon separation,archived,2026-04-20T14:41:35Z,99.95169198665135,deg,20260420,1260,20260420:1260:0003,matched,normal,scheduler_example,moon_sep_deg,/Users/yunaoxiao/Desktop/smt_asteroid/paper_analysis_20260803/snapshot/scheduler/scheduler_example_20260420.csv,,dbb46a8e7c9ac8b676de38304feef9c2622d52b25c200fe3ca598e1949fb0263
moon_separation,Moon separation,archived,2026-04-20T14:42:55Z,106.0013296888699,deg,20260420,0723,20260420:0723:0003,matched,normal,scheduler_example,moon_sep_deg,/Users/yunaoxiao/Desktop/smt_asteroid/paper_analysis_20260803/snapshot/scheduler/scheduler_example_20260420.csv,,dbb46a8e7c9ac8b676de38304feef9c2622d52b25c200fe3ca598e1949fb0263
moon_separation,Moon separation,archived,2026-04-20T14:44:15Z,108.3893044236812,deg,20260420,0590,20260420:0590:0003,matched,normal,scheduler_example,moon_sep_deg,/Users/yunaoxiao/Desktop/smt_asteroid/paper_analysis_20260803/snapshot/scheduler/scheduler_example_20260420.csv,,dbb46a8e7c9ac8b676de38304feef9c2622d52b25c200fe3ca598e1949fb0263
moon_separation,Moon separation,archived,2026-04-20T14:45:35Z,104.8922377029562,deg,20260420,0992,20260420:0992:0003,matched,normal,scheduler_example,moon_sep_deg,/Users/yunaoxiao/Desktop/smt_asteroid/paper_analysis_20260803/snapshot/scheduler/scheduler_example_20260420.csv,,dbb46a8e7c9ac8b676de38304feef9c2622d52b25c200fe3ca598e1949fb0263
moon_separation,Moon separation,archived,2026-04-20T14:46:55Z,103.5367956482784,deg,20260420,1127,20260420:1127:0003,matched,normal,scheduler_example,moon_sep_deg,/Users/yunaoxiao/Desktop/smt_asteroid/paper_analysis_20260803/snapshot/scheduler/scheduler_example_20260420.csv,,dbb46a8e7c9ac8b676de38304feef9c2622d52b25c200fe3ca598e1949fb0263
moon_separation,Moon separation,archived,2026-04-20T14:48:15Z,106.55713268689418,deg,20260420,0858,20260420:0858:0003,matched,normal,scheduler_example,moon_sep_deg,/Users/yunaoxiao/Desktop/smt_asteroid/paper_analysis_20260803/snapshot/scheduler/scheduler_example_20260420.csv,,dbb46a8e7c9ac8b676de38304feef9c2622d52b25c200fe3ca598e1949fb0263
moon_separation,Moon separation,archived,2026-04-20T14:49:35Z,102.5213469864986,deg,20260420,1261,20260420:1261:0003,matched,normal,scheduler_example,moon_sep_deg,/Users/yunaoxiao/Desktop/smt_asteroid/paper_analysis_20260803/snapshot/scheduler/scheduler_example_20260420.csv,,dbb46a8e7c9ac8b676de38304feef9c2622d52b25c200fe3ca598e1949fb0263
moon_separation,Moon separation,archived,2026-04-20T14:50:55Z,108.57726135200689,deg,20260420,0724,20260420:0724:0003,matched,normal,scheduler_example,moon_sep_deg,/Users/yunaoxiao/Desktop/smt_asteroid/paper_analysis_20260803/snapshot/scheduler/scheduler_example_20260420.csv,,dbb46a8e7c9ac8b676de38304feef9c2622d52b25c200fe3ca598e1949fb0263
moon_separation,Moon separation,archived,2026-04-20T14:52:15Z,101.85976689419768,deg,20260420,1395,20260420:1395:0003,matched,normal,scheduler_example,moon_sep_deg,/Users/yunaoxiao/Desktop/smt_asteroid/paper_analysis_20260803/snapshot/scheduler/scheduler_example_20260420.csv,,dbb46a8e7c9ac8b676de38304feef9c2622d52b25c200fe3ca598e1949fb0263
moon_separation,Moon separation,archived,2026-04-20T14:53:35Z,110.95147901020432,deg,20260420,0591,20260420:0591:0003,matched,normal,scheduler_example,moon_sep_deg,/Users/yunaoxiao/Desktop/smt_asteroid/paper_analysis_20260803/snapshot/scheduler/scheduler_example_20260420.csv,,dbb46a8e7c9ac8b676de38304feef9c2622d52b25c200fe3ca598e1949fb0263
moon_separation,Moon separation,archived,2026-04-20T14:54:55Z,107.44839906653468,deg,20260420,0993,20260420:0993:0003,matched,normal,scheduler_example,moon_sep_deg,/Users/yunaoxiao/Desktop/smt_asteroid/paper_analysis_20260803/snapshot/scheduler/scheduler_example_20260420.csv,,dbb46a8e7c9ac8b676de38304feef9c2622d52b25c200fe3ca598e1949fb0263
moon_separation,Moon separation,archived,2026-04-20T14:56:15Z,101.53496196417746,deg,20260420,1528,20260420:1528:0001,matched,normal,scheduler_example,moon_sep_deg,/Users/yunaoxiao/Desktop/smt_asteroid/paper_analysis_20260803/snapshot/scheduler/scheduler_example_20260420.csv,,dbb46a8e7c9ac8b676de38304feef9c2622d52b25c200fe3ca598e1949fb0263
moon_separation,Moon separation,archived,2026-04-20T14:57:35Z,105.08892738614668,deg,20260420,1262,20260420:1262:0001,matched,normal,scheduler_example,moon_sep_deg,/Users/yunaoxiao/Desktop/smt_asteroid/paper_analysis_20260803/snapshot/scheduler/scheduler_example_20260420.csv,,dbb46a8e7c9ac8b676de38304feef9c2622d52b25c200fe3ca598e1949fb0263
moon_separation,Moon separation,archived,2026-04-20T14:58:55Z,104.44044518172112,deg,20260420,1396,20260420:1396:0001,matched,normal,scheduler_example,moon_sep_deg,/Users/yunaoxiao/Desktop/smt_asteroid/paper_analysis_20260803/snapshot/scheduler/scheduler_example_20260420.csv,,dbb46a8e7c9ac8b676de38304feef9c2622d52b25c200fe3ca598e1949fb0263
moon_separation,Moon separation,archived,2026-04-20T15:00:15Z,101.55888864003408,deg,20260420,1660,20260420:1660:0001,matched,normal,scheduler_example,moon_sep_deg,/Users/yunaoxiao/Desktop/smt_asteroid/paper_analysis_20260803/snapshot/scheduler/scheduler_example_20260420.csv,,dbb46a8e7c9ac8b676de38304feef9c2622d52b25c200fe3ca598e1949fb0263
moon_separation,Moon separation,archived,2026-04-20T15:01:35Z,104.12802314279588,deg,20260420,1529,20260420:1529:0001,matched,normal,scheduler_example,moon_sep_deg,/Users/yunaoxiao/Desktop/smt_asteroid/paper_analysis_20260803/snapshot/scheduler/scheduler_example_20260420.csv,,dbb46a8e7c9ac8b676de38304feef9c2622d52b25c200fe3ca598e1949fb0263
moon_separation,Moon separation,archived,2026-04-20T15:02:55Z,108.67442759191744,deg,20260420,1129,20260420:1129:0001,matched,normal,scheduler_example,moon_sep_deg,/Users/yunaoxiao/Desktop/smt_asteroid/paper_analysis_20260803/snapshot/scheduler/scheduler_example_20260420.csv,,dbb46a8e7c9ac8b676de38304feef9c2622d52b25c200fe3ca598e1949fb0263
moon_separation,Moon separation,archived,2026-04-20T15:04:15Z,107.66963388392786,deg,20260420,1263,20260420:1263:0001,matched,normal,scheduler_example,moon_sep_deg,/Users/yunaoxiao/Desktop/smt_asteroid/paper_analysis_20260803/snapshot/scheduler/scheduler_example_20260420.csv,,dbb46a8e7c9ac8b676de38304feef9c2622d52b25c200fe3ca598e1949fb0263
moon_separation,Moon separation,archived,2026-04-20T15:05:35Z,101.91285826499777,deg,20260420,1790,20260420:1790:0001,matched,normal,scheduler_example,moon_sep_deg,/Users/yunaoxiao/Desktop/smt_asteroid/paper_analysis_20260803/snapshot/scheduler/scheduler_example_20260420.csv,,dbb46a8e7c9ac8b676de38304feef9c2622d52b25c200fe3ca598e1949fb0263
moon_separation,Moon separation,archived,2026-04-20T15:06:55Z,107.00313991964408,deg,20260420,1397,20260420:1397:0001,matched,normal,scheduler_example,moon_sep_deg,/Users/yunaoxiao/Desktop/smt_asteroid/paper_analysis_20260803/snapshot/scheduler/scheduler_example_20260420.csv,,dbb46a8e7c9ac8b676de38304feef9c2622d52b25c200fe3ca598e1949fb0263
moon_separation,Moon separation,archived,2026-04-20T15:08:15Z,104.11930865709752,deg,20260420,1661,20260420:1661:0001,matched,normal,scheduler_example,moon_sep_deg,/Users/yunaoxiao/Desktop/smt_asteroid/paper_analysis_20260803/snapshot/scheduler/scheduler_example_20260420.csv,,dbb46a8e7c9ac8b676de38304feef9c2622d52b25c200fe3ca598e1949fb0263
moon_separation,Moon separation,archived,2026-04-20T15:09:35Z,106.687533426543,deg,20260420,1530,20260420:1530:0001,matched,normal,scheduler_example,moon_sep_deg,/Users/yunaoxiao/Desktop/smt_asteroid/paper_analysis_20260803/snapshot/scheduler/scheduler_example_20260420.csv,,dbb46a8e7c9ac8b676de38304feef9c2622d52b25c200fe3ca598e1949fb0263
moon_separation,Moon separation,archived,2026-04-20T15:10:55Z,111.2408781617248,deg,20260420,1130,20260420:1130:0001,matched,normal,scheduler_example,moon_sep_deg,/Users/yunaoxiao/Desktop/smt_asteroid/paper_analysis_20260803/snapshot/scheduler/scheduler_example_20260420.csv,,dbb46a8e7c9ac8b676de38304feef9c2622d52b25c200fe3ca598e1949fb0263
moon_separation,Moon separation,archived,2026-04-20T15:12:15Z,110.23275049084532,deg,20260420,1264,20260420:1264:0001,matched,normal,scheduler_example,moon_sep_deg,/Users/yunaoxiao/Desktop/smt_asteroid/paper_analysis_20260803/snapshot/scheduler/scheduler_example_20260420.csv,,dbb46a8e7c9ac8b676de38304feef9c2622d52b25c200fe3ca598e1949fb0263
moon_separation,Moon separation,archived,2026-04-20T15:13:35Z,104.46917411766474,deg,20260420,1791,20260420:1791:0001,matched,normal,scheduler_example,moon_sep_deg,/Users/yunaoxiao/Desktop/smt_asteroid/paper_analysis_20260803/snapshot/scheduler/scheduler_example_20260420.csv,,dbb46a8e7c9ac8b676de38304feef9c2622d52b25c200fe3ca598e1949fb0263
moon_separation,Moon separation,archived,2026-04-20T15:14:55Z,109.56255482063604,deg,20260420,1398,20260420:1398:0001,matched,normal,scheduler_example,moon_sep_deg,/Users/yunaoxiao/Desktop/smt_asteroid/paper_analysis_20260803/snapshot/scheduler/scheduler_example_20260420.csv,,dbb46a8e7c9ac8b676de38304feef9c2622d52b25c200fe3ca598e1949fb0263
moon_separation,Moon separation,archived,2026-04-20T15:16:15Z,106.67455008867653,deg,20260420,1662,20260420:1662:0001,matched,normal,scheduler_example,moon_sep_deg,/Users/yunaoxiao/Desktop/smt_asteroid/paper_analysis_20260803/snapshot/scheduler/scheduler_example_20260420.csv,,dbb46a8e7c9ac8b676de38304feef9c2622d52b25c200fe3ca598e1949fb0263
moon_separation,Moon separation,archived,2026-04-20T15:17:35Z,109.24265317484426,deg,20260420,1531,20260420:1531:0001,matched,normal,scheduler_example,moon_sep_deg,/Users/yunaoxiao/Desktop/smt_asteroid/paper_analysis_20260803/snapshot/scheduler/scheduler_example_20260420.csv,,dbb46a8e7c9ac8b676de38304feef9c2622d52b25c200fe3ca598e1949fb0263
moon_separation,Moon separation,archived,2026-04-20T15:18:55Z,113.80563168162332,deg,20260420,1131,20260420:1131:0001,matched,normal,scheduler_example,moon_sep_deg,/Users/yunaoxiao/Desktop/smt_asteroid/paper_analysis_20260803/snapshot/scheduler/scheduler_example_20260420.csv,,dbb46a8e7c9ac8b676de38304feef9c2622d52b25c200fe3ca598e1949fb0263
moon_separation,Moon separation,archived,2026-04-20T15:20:15Z,112.79332638421198,deg,20260420,1265,20260420:1265:0001,matched,normal,scheduler_example,moon_sep_deg,/Users/yunaoxiao/Desktop/smt_asteroid/paper_analysis_20260803/snapshot/scheduler/scheduler_example_20260420.csv,,dbb46a8e7c9ac8b676de38304feef9c2622d52b25c200fe3ca598e1949fb0263
moon_separation,Moon separation,archived,2026-04-20T15:21:35Z,107.0188281167842,deg,20260420,1792,20260420:1792:0001,matched,normal,scheduler_example,moon_sep_deg,/Users/yunaoxiao/Desktop/smt_asteroid/paper_analysis_20260803/snapshot/scheduler/scheduler_example_20260420.csv,,dbb46a8e7c9ac8b676de38304feef9c2622d52b25c200fe3ca598e1949fb0263
moon_separation,Moon separation,archived,2026-04-20T15:22:55Z,112.11839858491945,deg,20260420,1399,20260420:1399:0001,matched,normal,scheduler_example,moon_sep_deg,/Users/yunaoxiao/Desktop/smt_asteroid/paper_analysis_20260803/snapshot/scheduler/scheduler_example_20260420.csv,,dbb46a8e7c9ac8b676de38304feef9c2622d52b25c200fe3ca598e1949fb0263
moon_separation,Moon separation,archived,2026-04-20T15:24:15Z,109.22405180390304,deg,20260420,1663,20260420:1663:0001,matched,normal,scheduler_example,moon_sep_deg,/Users/yunaoxiao/Desktop/smt_asteroid/paper_analysis_20260803/snapshot/scheduler/scheduler_example_20260420.csv,,dbb46a8e7c9ac8b676de38304feef9c2622d52b25c200fe3ca598e1949fb0263
moon_separation,Moon separation,archived,2026-04-20T15:26:15Z,101.1966803119202,deg,20260420,1528,20260420:1528:0002,matched,normal,scheduler_example,moon_sep_deg,/Users/yunaoxiao/Desktop/smt_asteroid/paper_analysis_20260803/snapshot/scheduler/scheduler_example_20260420.csv,,dbb46a8e7c9ac8b676de38304feef9c2622d52b25c200fe3ca598e1949fb0263
moon_separation,Moon separation,archived,2026-04-20T15:27:35Z,104.74074007733516,deg,20260420,1262,20260420:1262:0002,matched,normal,scheduler_example,moon_sep_deg,/Users/yunaoxiao/Desktop/smt_asteroid/paper_analysis_20260803/snapshot/scheduler/scheduler_example_20260420.csv,,dbb46a8e7c9ac8b676de38304feef9c2622d52b25c200fe3ca598e1949fb0263
moon_separation,Moon separation,archived,2026-04-20T15:28:55Z,104.0964401319912,deg,20260420,1396,20260420:1396:0002,matched,normal,scheduler_example,moon_sep_deg,/Users/yunaoxiao/Desktop/smt_asteroid/paper_analysis_20260803/snapshot/scheduler/scheduler_example_20260420.csv,,dbb46a8e7c9ac8b676de38304feef9c2622d52b25c200fe3ca598e1949fb0263
moon_separation,Moon separation,archived,2026-04-20T15:30:15Z,101.22540686172547,deg,20260420,1660,20260420:1660:0002,matched,normal,scheduler_example,moon_sep_deg,/Users/yunaoxiao/Desktop/smt_asteroid/paper_analysis_20260803/snapshot/scheduler/scheduler_example_20260420.csv,,dbb46a8e7c9ac8b676de38304feef9c2622d52b25c200fe3ca598e1949fb0263
moon_separation,Moon separation,archived,2026-04-20T15:31:35Z,103.78857433762175,deg,20260420,1529,20260420:1529:0002,matched,normal,scheduler_example,moon_sep_deg,/Users/yunaoxiao/Desktop/smt_asteroid/paper_analysis_20260803/snapshot/scheduler/scheduler_example_20260420.csv,,dbb46a8e7c9ac8b676de38304feef9c2622d52b25c200fe3ca598e1949fb0263
moon_separation,Moon separation,archived,2026-04-20T15:32:55Z,108.32087809793347,deg,20260420,1129,20260420:1129:0002,matched,normal,scheduler_example,moon_sep_deg,/Users/yunaoxiao/Desktop/smt_asteroid/paper_analysis_20260803/snapshot/scheduler/scheduler_example_20260420.csv,,dbb46a8e7c9ac8b676de38304feef9c2622d52b25c200fe3ca598e1949fb0263
moon_separation,Moon separation,archived,2026-04-20T15:34:15Z,107.3195867952031,deg,20260420,1263,20260420:1263:0002,matched,normal,scheduler_example,moon_sep_deg,/Users/yunaoxiao/Desktop/smt_asteroid/paper_analysis_20260803/snapshot/scheduler/scheduler_example_20260420.csv,,dbb46a8e7c9ac8b676de38304feef9c2622d52b25c200fe3ca598e1949fb0263
moon_separation,Moon separation,archived,2026-04-20T15:35:35Z,101.58464886042974,deg,20260420,1790,20260420:1790:0002,matched,normal,scheduler_example,moon_sep_deg,/Users/yunaoxiao/Desktop/smt_asteroid/paper_analysis_20260803/snapshot/scheduler/scheduler_example_20260420.csv,,dbb46a8e7c9ac8b676de38304feef9c2622d52b25c200fe3ca598e1949fb0263
moon_separation,Moon separation,archived,2026-04-20T15:36:55Z,106.656957448168,deg,20260420,1397,20260420:1397:0002,matched,normal,scheduler_example,moon_sep_deg,/Users/yunaoxiao/Desktop/smt_asteroid/paper_analysis_20260803/snapshot/scheduler/scheduler_example_20260420.csv,,dbb46a8e7c9ac8b676de38304feef9c2622d52b25c200fe3ca598e1949fb0263
moon_separation,Moon separation,archived,2026-04-20T15:38:15Z,103.78392114817296,deg,20260420,1661,20260420:1661:0002,matched,normal,scheduler_example,moon_sep_deg,/Users/yunaoxiao/Desktop/smt_asteroid/paper_analysis_20260803/snapshot/scheduler/scheduler_example_20260420.csv,,dbb46a8e7c9ac8b676de38304feef9c2622d52b25c200fe3ca598e1949fb0263
moon_separation,Moon separation,archived,2026-04-20T15:39:35Z,106.34608862167582,deg,20260420,1530,20260420:1530:0002,matched,normal,scheduler_example,moon_sep_deg,/Users/yunaoxiao/Desktop/smt_asteroid/paper_analysis_20260803/snapshot/scheduler/scheduler_example_20260420.csv,,dbb46a8e7c9ac8b676de38304feef9c2622d52b25c200fe3ca598e1949fb0263
moon_separation,Moon separation,archived,2026-04-20T15:40:55Z,110.88494809192592,deg,20260420,1130,20260420:1130:0002,matched,normal,scheduler_example,moon_sep_deg,/Users/yunaoxiao/Desktop/smt_asteroid/paper_analysis_20260803/snapshot/scheduler/scheduler_example_20260420.csv,,dbb46a8e7c9ac8b676de38304feef9c2622d52b25c200fe3ca598e1949fb0263
moon_separation,Moon separation,archived,2026-04-20T15:42:15Z,109.88046115302022,deg,20260420,1264,20260420:1264:0002,matched,normal,scheduler_example,moon_sep_deg,/Users/yunaoxiao/Desktop/smt_asteroid/paper_analysis_20260803/snapshot/scheduler/scheduler_example_20260420.csv,,dbb46a8e7c9ac8b676de38304feef9c2622d52b25c200fe3ca598e1949fb0263
moon_separation,Moon separation,archived,2026-04-20T15:43:35Z,104.13930430531704,deg,20260420,1791,20260420:1791:0002,matched,normal,scheduler_example,moon_sep_deg,/Users/yunaoxiao/Desktop/smt_asteroid/paper_analysis_20260803/snapshot/scheduler/scheduler_example_20260420.csv,,dbb46a8e7c9ac8b676de38304feef9c2622d52b25c200fe3ca598e1949fb0263
moon_separation,Moon separation,archived,2026-04-20T15:44:55Z,109.21430282980694,deg,20260420,1398,20260420:1398:0002,matched,normal,scheduler_example,moon_sep_deg,/Users/yunaoxiao/Desktop/smt_asteroid/paper_analysis_20260803/snapshot/scheduler/scheduler_example_20260420.csv,,dbb46a8e7c9ac8b676de38304feef9c2622d52b25c200fe3ca598e1949fb0263
moon_separation,Moon separation,archived,2026-04-20T15:46:15Z,106.3374043644676,deg,20260420,1662,20260420:1662:0002,matched,normal,scheduler_example,moon_sep_deg,/Users/yunaoxiao/Desktop/smt_asteroid/paper_analysis_20260803/snapshot/scheduler/scheduler_example_20260420.csv,,dbb46a8e7c9ac8b676de38304feef9c2622d52b25c200fe3ca598e1949fb0263
moon_separation,Moon separation,archived,2026-04-20T15:47:35Z,108.89934368491204,deg,20260420,1531,20260420:1531:0002,matched,normal,scheduler_example,moon_sep_deg,/Users/yunaoxiao/Desktop/smt_asteroid/paper_analysis_20260803/snapshot/scheduler/scheduler_example_20260420.csv,,dbb46a8e7c9ac8b676de38304feef9c2622d52b25c200fe3ca598e1949fb0263
moon_separation,Moon separation,archived,2026-04-20T15:48:55Z,113.4474014404116,deg,20260420,1131,20260420:1131:0002,matched,normal,scheduler_example,moon_sep_deg,/Users/yunaoxiao/Desktop/smt_asteroid/paper_analysis_20260803/snapshot/scheduler/scheduler_example_20260420.csv,,dbb46a8e7c9ac8b676de38304feef9c2622d52b25c200fe3ca598e1949fb0263
moon_separation,Moon separation,archived,2026-04-20T15:50:15Z,112.43889142844912,deg,20260420,1265,20260420:1265:0002,matched,normal,scheduler_example,moon_sep_deg,/Users/yunaoxiao/Desktop/smt_asteroid/paper_analysis_20260803/snapshot/scheduler/scheduler_example_20260420.csv,,dbb46a8e7c9ac8b676de38304feef9c2622d52b25c200fe3ca598e1949fb0263
moon_separation,Moon separation,archived,2026-04-20T15:51:35Z,106.68747842502536,deg,20260420,1792,20260420:1792:0002,matched,normal,scheduler_example,moon_sep_deg,/Users/yunaoxiao/Desktop/smt_asteroid/paper_analysis_20260803/snapshot/scheduler/scheduler_example_20260420.csv,,dbb46a8e7c9ac8b676de38304feef9c2622d52b25c200fe3ca598e1949fb0263
moon_separation,Moon separation,archived,2026-04-20T15:52:55Z,111.76819470068924,deg,20260420,1399,20260420:1399:0002,matched,normal,scheduler_example,moon_sep_deg,/Users/yunaoxiao/Desktop/smt_asteroid/paper_analysis_20260803/snapshot/scheduler/scheduler_example_20260420.csv,,dbb46a8e7c9ac8b676de38304feef9c2622d52b25c200fe3ca598e1949fb0263
moon_separation,Moon separation,archived,2026-04-20T15:54:15Z,108.88530907995865,deg,20260420,1663,20260420:1663:0002,matched,normal,scheduler_example,moon_sep_deg,/Users/yunaoxiao/Desktop/smt_asteroid/paper_analysis_20260803/snapshot/scheduler/scheduler_example_20260420.csv,,dbb46a8e7c9ac8b676de38304feef9c2622d52b25c200fe3ca598e1949fb0263
moon_separation,Moon separation,archived,2026-04-20T15:56:15Z,100.84807516064778,deg,20260420,1528,20260420:1528:0003,matched,normal,scheduler_example,moon_sep_deg,/Users/yunaoxiao/Desktop/smt_asteroid/paper_analysis_20260803/snapshot/scheduler/scheduler_example_20260420.csv,,dbb46a8e7c9ac8b676de38304feef9c2622d52b25c200fe3ca598e1949fb0263
moon_separation,Moon separation,archived,2026-04-20T15:57:35Z,104.38232688754417,deg,20260420,1262,20260420:1262:0003,matched,normal,scheduler_example,moon_sep_deg,/Users/yunaoxiao/Desktop/smt_asteroid/paper_analysis_20260803/snapshot/scheduler/scheduler_example_20260420.csv,,dbb46a8e7c9ac8b676de38304feef9c2622d52b25c200fe3ca598e1949fb0263
moon_separation,Moon separation,archived,2026-04-20T15:58:55Z,103.74219047111632,deg,20260420,1396,20260420:1396:0003,matched,normal,scheduler_example,moon_sep_deg,/Users/yunaoxiao/Desktop/smt_asteroid/paper_analysis_20260803/snapshot/scheduler/scheduler_example_20260420.csv,,dbb46a8e7c9ac8b676de38304feef9c2622d52b25c200fe3ca598e1949fb0263
moon_separation,Moon separation,archived,2026-04-20T16:00:15Z,100.88167998498118,deg,20260420,1660,20260420:1660:0003,matched,normal,scheduler_example,moon_sep_deg,/Users/yunaoxiao/Desktop/smt_asteroid/paper_analysis_20260803/snapshot/scheduler/scheduler_example_20260420.csv,,dbb46a8e7c9ac8b676de38304feef9c2622d52b25c200fe3ca598e1949fb0263
moon_separation,Moon separation,archived,2026-04-20T16:01:35Z,103.43891006177374,deg,20260420,1529,20260420:1529:0003,matched,normal,scheduler_example,moon_sep_deg,/Users/yunaoxiao/Desktop/smt_asteroid/paper_analysis_20260803/snapshot/scheduler/scheduler_example_20260420.csv,,dbb46a8e7c9ac8b676de38304feef9c2622d52b25c200fe3ca598e1949fb0263
moon_separation,Moon separation,archived,2026-04-20T16:02:55Z,107.95730581876256,deg,20260420,1129,20260420:1129:0003,matched,normal,scheduler_example,moon_sep_deg,/Users/yunaoxiao/Desktop/smt_asteroid/paper_analysis_20260803/snapshot/scheduler/scheduler_example_20260420.csv,,dbb46a8e7c9ac8b676de38304feef9c2622d52b25c200fe3ca598e1949fb0263
moon_separation,Moon separation,archived,2026-04-20T16:04:15Z,106.95947283815812,deg,20260420,1263,20260420:1263:0003,matched,normal,scheduler_example,moon_sep_deg,/Users/yunaoxiao/Desktop/smt_asteroid/paper_analysis_20260803/snapshot/scheduler/scheduler_example_20260420.csv,,dbb46a8e7c9ac8b676de38304feef9c2622d52b25c200fe3ca598e1949fb0263
moon_separation,Moon separation,archived,2026-04-20T16:05:35Z,101.2463115186182,deg,20260420,1790,20260420:1790:0003,matched,normal,scheduler_example,moon_sep_deg,/Users/yunaoxiao/Desktop/smt_asteroid/paper_analysis_20260803/snapshot/scheduler/scheduler_example_20260420.csv,,dbb46a8e7c9ac8b676de38304feef9c2622d52b25c200fe3ca598e1949fb0263
moon_separation,Moon separation,archived,2026-04-20T16:06:55Z,106.30071477456602,deg,20260420,1397,20260420:1397:0003,matched,normal,scheduler_example,moon_sep_deg,/Users/yunaoxiao/Desktop/smt_asteroid/paper_analysis_20260803/snapshot/scheduler/scheduler_example_20260420.csv,,dbb46a8e7c9ac8b676de38304feef9c2622d52b25c200fe3ca598e1949fb0263
moon_separation,Moon separation,archived,2026-04-20T16:08:15Z,103.43845184059442,deg,20260420,1661,20260420:1661:0003,matched,normal,scheduler_example,moon_sep_deg,/Users/yunaoxiao/Desktop/smt_asteroid/paper_analysis_20260803/snapshot/scheduler/scheduler_example_20260420.csv,,dbb46a8e7c9ac8b676de38304feef9c2622d52b25c200fe3ca598e1949fb0263
moon_separation,Moon separation,archived,2026-04-20T16:09:35Z,105.99460351434578,deg,20260420,1530,20260420:1530:0003,matched,normal,scheduler_example,moon_sep_deg,/Users/yunaoxiao/Desktop/smt_asteroid/paper_analysis_20260803/snapshot/scheduler/scheduler_example_20260420.csv,,dbb46a8e7c9ac8b676de38304feef9c2622d52b25c200fe3ca598e1949fb0263
moon_separation,Moon separation,archived,2026-04-20T16:10:55Z,110.51920581457566,deg,20260420,1130,20260420:1130:0003,matched,normal,scheduler_example,moon_sep_deg,/Users/yunaoxiao/Desktop/smt_asteroid/paper_analysis_20260803/snapshot/scheduler/scheduler_example_20260420.csv,,dbb46a8e7c9ac8b676de38304feef9c2622d52b25c200fe3ca598e1949fb0263
moon_separation,Moon separation,archived,2026-04-20T16:12:15Z,109.51830535740942,deg,20260420,1264,20260420:1264:0003,matched,normal,scheduler_example,moon_sep_deg,/Users/yunaoxiao/Desktop/smt_asteroid/paper_analysis_20260803/snapshot/scheduler/scheduler_example_20260420.csv,,dbb46a8e7c9ac8b676de38304feef9c2622d52b25c200fe3ca598e1949fb0263
moon_separation,Moon separation,archived,2026-04-20T16:13:35Z,103.79946238129948,deg,20260420,1791,20260420:1791:0003,matched,normal,scheduler_example,moon_sep_deg,/Users/yunaoxiao/Desktop/smt_asteroid/paper_analysis_20260803/snapshot/scheduler/scheduler_example_20260420.csv,,dbb46a8e7c9ac8b676de38304feef9c2622d52b25c200fe3ca598e1949fb0263
moon_separation,Moon separation,archived,2026-04-20T16:14:55Z,108.85618194600914,deg,20260420,1398,20260420:1398:0003,matched,normal,scheduler_example,moon_sep_deg,/Users/yunaoxiao/Desktop/smt_asteroid/paper_analysis_20260803/snapshot/scheduler/scheduler_example_20260420.csv,,dbb46a8e7c9ac8b676de38304feef9c2622d52b25c200fe3ca598e1949fb0263
moon_separation,Moon separation,archived,2026-04-20T16:16:15Z,105.9903465271662,deg,20260420,1662,20260420:1662:0003,matched,normal,scheduler_example,moon_sep_deg,/Users/yunaoxiao/Desktop/smt_asteroid/paper_analysis_20260803/snapshot/scheduler/scheduler_example_20260420.csv,,dbb46a8e7c9ac8b676de38304feef9c2622d52b25c200fe3ca598e1949fb0263
moon_separation,Moon separation,archived,2026-04-20T16:17:35Z,108.54617536747024,deg,20260420,1531,20260420:1531:0003,matched,normal,scheduler_example,moon_sep_deg,/Users/yunaoxiao/Desktop/smt_asteroid/paper_analysis_20260803/snapshot/scheduler/scheduler_example_20260420.csv,,dbb46a8e7c9ac8b676de38304feef9c2622d52b25c200fe3ca598e1949fb0263
moon_separation,Moon separation,archived,2026-04-20T16:18:55Z,113.07957708611131,deg,20260420,1131,20260420:1131:0003,matched,normal,scheduler_example,moon_sep_deg,/Users/yunaoxiao/Desktop/smt_asteroid/paper_analysis_20260803/snapshot/scheduler/scheduler_example_20260420.csv,,dbb46a8e7c9ac8b676de38304feef9c2622d52b25c200fe3ca598e1949fb0263
moon_separation,Moon separation,archived,2026-04-20T16:20:15Z,112.0747972986682,deg,20260420,1265,20260420:1265:0003,matched,normal,scheduler_example,moon_sep_deg,/Users/yunaoxiao/Desktop/smt_asteroid/paper_analysis_20260803/snapshot/scheduler/scheduler_example_20260420.csv,,dbb46a8e7c9ac8b676de38304feef9c2622d52b25c200fe3ca598e1949fb0263
moon_separation,Moon separation,archived,2026-04-20T16:21:35Z,106.34631811181272,deg,20260420,1792,20260420:1792:0003,matched,normal,scheduler_example,moon_sep_deg,/Users/yunaoxiao/Desktop/smt_asteroid/paper_analysis_20260803/snapshot/scheduler/scheduler_example_20260420.csv,,dbb46a8e7c9ac8b676de38304feef9c2622d52b25c200fe3ca598e1949fb0263
moon_separation,Moon separation,archived,2026-04-20T16:22:55Z,111.4083194136524,deg,20260420,1399,20260420:1399:0003,matched,normal,scheduler_example,moon_sep_deg,/Users/yunaoxiao/Desktop/smt_asteroid/paper_analysis_20260803/snapshot/scheduler/scheduler_example_20260420.csv,,dbb46a8e7c9ac8b676de38304feef9c2622d52b25c200fe3ca598e1949fb0263
moon_separation,Moon separation,archived,2026-04-20T16:24:15Z,108.53682941858112,deg,20260420,1663,20260420:1663:0003,matched,normal,scheduler_example,moon_sep_deg,/Users/yunaoxiao/Desktop/smt_asteroid/paper_analysis_20260803/snapshot/scheduler/scheduler_example_20260420.csv,,dbb46a8e7c9ac8b676de38304feef9c2622d52b25c200fe3ca598e1949fb0263
moon_separation,Moon separation,archived,2026-04-20T16:25:35Z,129.57784837959971,deg,20260420,1801,20260420:1801:plan:0000,planned_not_acquired,normal,scheduler_example,moon_sep_deg,/Users/yunaoxiao/Desktop/smt_asteroid/paper_analysis_20260803/snapshot/scheduler/scheduler_example_20260420.csv,,dbb46a8e7c9ac8b676de38304feef9c2622d52b25c200fe3ca598e1949fb0263
moon_separation,Moon separation,archived,2026-04-20T16:26:55Z,134.97436655060332,deg,20260420,1408,20260420:1408:0001,matched,normal,scheduler_example,moon_sep_deg,/Users/yunaoxiao/Desktop/smt_asteroid/paper_analysis_20260803/snapshot/scheduler/scheduler_example_20260420.csv,,dbb46a8e7c9ac8b676de38304feef9c2622d52b25c200fe3ca598e1949fb0263
moon_separation,Moon separation,archived,2026-04-20T16:28:15Z,131.8554557295136,deg,20260420,1672,20260420:1672:plan:0000,planned_not_acquired,normal,scheduler_example,moon_sep_deg,/Users/yunaoxiao/Desktop/smt_asteroid/paper_analysis_20260803/snapshot/scheduler/scheduler_example_20260420.csv,,dbb46a8e7c9ac8b676de38304feef9c2622d52b25c200fe3ca598e1949fb0263
moon_separation,Moon separation,archived,2026-04-20T16:29:35Z,134.50057502053832,deg,20260420,1541,20260420:1541:0001,matched,normal,scheduler_example,moon_sep_deg,/Users/yunaoxiao/Desktop/smt_asteroid/paper_analysis_20260803/snapshot/scheduler/scheduler_example_20260420.csv,,dbb46a8e7c9ac8b676de38304feef9c2622d52b25c200fe3ca598e1949fb0263
moon_separation,Moon separation,archived,2026-04-20T16:30:55Z,138.30105004063336,deg,20260420,1275,20260420:1275:0001,matched,normal,scheduler_example,moon_sep_deg,/Users/yunaoxiao/Desktop/smt_asteroid/paper_analysis_20260803/snapshot/scheduler/scheduler_example_20260420.csv,,dbb46a8e7c9ac8b676de38304feef9c2622d52b25c200fe3ca598e1949fb0263
moon_separation,Moon separation,archived,2026-04-20T16:32:15Z,132.00526772436774,deg,20260420,1802,20260420:1802:plan:0000,planned_not_acquired,normal,scheduler_example,moon_sep_deg,/Users/yunaoxiao/Desktop/smt_asteroid/paper_analysis_20260803/snapshot/scheduler/scheduler_example_20260420.csv,,dbb46a8e7c9ac8b676de38304feef9c2622d52b25c200fe3ca598e1949fb0263
moon_separation,Moon separation,archived,2026-04-20T16:33:35Z,137.4769658684276,deg,20260420,1409,20260420:1409:0001,matched,normal,scheduler_example,moon_sep_deg,/Users/yunaoxiao/Desktop/smt_asteroid/paper_analysis_20260803/snapshot/scheduler/scheduler_example_20260420.csv,,dbb46a8e7c9ac8b676de38304feef9c2622d52b25c200fe3ca598e1949fb0263
moon_separation,Moon separation,archived,2026-04-20T16:34:55Z,134.30344739531608,deg,20260420,1673,20260420:1673:plan:0000,planned_not_acquired,normal,scheduler_example,moon_sep_deg,/Users/yunaoxiao/Desktop/smt_asteroid/paper_analysis_20260803/snapshot/scheduler/scheduler_example_20260420.csv,,dbb46a8e7c9ac8b676de38304feef9c2622d52b25c200fe3ca598e1949fb0263
moon_separation,Moon separation,archived,2026-04-20T16:36:15Z,136.96861744069926,deg,20260420,1542,20260420:1542:0001,matched,normal,scheduler_example,moon_sep_deg,/Users/yunaoxiao/Desktop/smt_asteroid/paper_analysis_20260803/snapshot/scheduler/scheduler_example_20260420.csv,,dbb46a8e7c9ac8b676de38304feef9c2622d52b25c200fe3ca598e1949fb0263
moon_separation,Moon separation,archived,2026-04-20T16:37:35Z,140.8223455859777,deg,20260420,1276,20260420:1276:0001,matched,normal,scheduler_example,moon_sep_deg,/Users/yunaoxiao/Desktop/smt_asteroid/paper_analysis_20260803/snapshot/scheduler/scheduler_example_20260420.csv,,dbb46a8e7c9ac8b676de38304feef9c2622d52b25c200fe3ca598e1949fb0263
moon_separation,Moon separation,archived,2026-04-20T16:38:55Z,134.4057913661541,deg,20260420,1803,20260420:1803:plan:0000,planned_not_acquired,normal,scheduler_example,moon_sep_deg,/Users/yunaoxiao/Desktop/smt_asteroid/paper_analysis_20260803/snapshot/scheduler/scheduler_example_20260420.csv,,dbb46a8e7c9ac8b676de38304feef9c2622d52b25c200fe3ca598e1949fb0263
moon_separation,Moon separation,archived,2026-04-20T16:40:15Z,139.96561313122405,deg,20260420,1410,20260420:1410:0001,matched,normal,scheduler_example,moon_sep_deg,/Users/yunaoxiao/Desktop/smt_asteroid/paper_analysis_20260803/snapshot/scheduler/scheduler_example_20260420.csv,,dbb46a8e7c9ac8b676de38304feef9c2622d52b25c200fe3ca598e1949fb0263
moon_separation,Moon separation,archived,2026-04-20T16:41:35Z,136.72817860672217,deg,20260420,1674,20260420:1674:plan:0000,planned_not_acquired,normal,scheduler_example,moon_sep_deg,/Users/yunaoxiao/Desktop/smt_asteroid/paper_analysis_20260803/snapshot/scheduler/scheduler_example_20260420.csv,,dbb46a8e7c9ac8b676de38304feef9c2622d52b25c200fe3ca598e1949fb0263
moon_separation,Moon separation,archived,2026-04-20T16:42:55Z,139.41673398789902,deg,20260420,1543,20260420:1543:plan:0000,planned_not_acquired,normal,scheduler_example,moon_sep_deg,/Users/yunaoxiao/Desktop/smt_asteroid/paper_analysis_20260803/snapshot/scheduler/scheduler_example_20260420.csv,,dbb46a8e7c9ac8b676de38304feef9c2622d52b25c200fe3ca598e1949fb0263
moon_separation,Moon separation,archived,2026-04-20T16:44:15Z,143.33266521303196,deg,20260420,1277,20260420:1277:0001,matched,normal,scheduler_example,moon_sep_deg,/Users/yunaoxiao/Desktop/smt_asteroid/paper_analysis_20260803/snapshot/scheduler/scheduler_example_20260420.csv,,dbb46a8e7c9ac8b676de38304feef9c2622d52b25c200fe3ca598e1949fb0263
moon_separation,Moon separation,archived,2026-04-20T16:45:35Z,136.77492719158147,deg,20260420,1804,20260420:1804:plan:0000,planned_not_acquired,normal,scheduler_example,moon_sep_deg,/Users/yunaoxiao/Desktop/smt_asteroid/paper_analysis_20260803/snapshot/scheduler/scheduler_example_20260420.csv,,dbb46a8e7c9ac8b676de38304feef9c2622d52b25c200fe3ca598e1949fb0263
moon_separation,Moon separation,archived,2026-04-20T16:46:55Z,142.43761455786006,deg,20260420,1411,20260420:1411:0001,matched,normal,scheduler_example,moon_sep_deg,/Users/yunaoxiao/Desktop/smt_asteroid/paper_analysis_20260803/snapshot/scheduler/scheduler_example_20260420.csv,,dbb46a8e7c9ac8b676de38304feef9c2622d52b25c200fe3ca598e1949fb0263
moon_separation,Moon separation,archived,2026-04-20T16:48:15Z,139.12553926221426,deg,20260420,1675,20260420:1675:plan:0000,planned_not_acquired,normal,scheduler_example,moon_sep_deg,/Users/yunaoxiao/Desktop/smt_asteroid/paper_analysis_20260803/snapshot/scheduler/scheduler_example_20260420.csv,,dbb46a8e7c9ac8b676de38304feef9c2622d52b25c200fe3ca598e1949fb0263
moon_separation,Moon separation,archived,2026-04-20T16:49:35Z,141.84115031782505,deg,20260420,1544,20260420:1544:plan:0000,planned_not_acquired,normal,scheduler_example,moon_sep_deg,/Users/yunaoxiao/Desktop/smt_asteroid/paper_analysis_20260803/snapshot/scheduler/scheduler_example_20260420.csv,,dbb46a8e7c9ac8b676de38304feef9c2622d52b25c200fe3ca598e1949fb0263
moon_separation,Moon separation,archived,2026-04-20T16:50:55Z,145.8296837068592,deg,20260420,1278,20260420:1278:0001,matched,normal,scheduler_example,moon_sep_deg,/Users/yunaoxiao/Desktop/smt_asteroid/paper_analysis_20260803/snapshot/scheduler/scheduler_example_20260420.csv,,dbb46a8e7c9ac8b676de38304feef9c2622d52b25c200fe3ca598e1949fb0263
moon_separation,Moon separation,archived,2026-04-20T16:52:15Z,139.10721426733724,deg,20260420,1805,20260420:1805:plan:0000,planned_not_acquired,normal,scheduler_example,moon_sep_deg,/Users/yunaoxiao/Desktop/smt_asteroid/paper_analysis_20260803/snapshot/scheduler/scheduler_example_20260420.csv,,dbb46a8e7c9ac8b676de38304feef9c2622d52b25c200fe3ca598e1949fb0263
moon_separation,Moon separation,archived,2026-04-20T16:53:35Z,144.88953692484282,deg,20260420,1412,20260420:1412:0001,matched,normal,scheduler_example,moon_sep_deg,/Users/yunaoxiao/Desktop/smt_asteroid/paper_analysis_20260803/snapshot/scheduler/scheduler_example_20260420.csv,,dbb46a8e7c9ac8b676de38304feef9c2622d52b25c200fe3ca598e1949fb0263
moon_separation,Moon separation,archived,2026-04-20T16:55:35Z,129.24777461572037,deg,20260420,1801,20260420:1801:0001,matched,normal,scheduler_example,moon_sep_deg,/Users/yunaoxiao/Desktop/smt_asteroid/paper_analysis_20260803/snapshot/scheduler/scheduler_example_20260420.csv,,dbb46a8e7c9ac8b676de38304feef9c2622d52b25c200fe3ca598e1949fb0263
moon_separation,Moon separation,archived,2026-04-20T16:56:55Z,134.6167580994764,deg,20260420,1408,20260420:1408:0002,matched,normal,scheduler_example,moon_sep_deg,/Users/yunaoxiao/Desktop/smt_asteroid/paper_analysis_20260803/snapshot/scheduler/scheduler_example_20260420.csv,,dbb46a8e7c9ac8b676de38304feef9c2622d52b25c200fe3ca598e1949fb0263
moon_separation,Moon separation,archived,2026-04-20T16:58:15Z,131.51570247944127,deg,20260420,1672,20260420:1672:0001,matched,normal,scheduler_example,moon_sep_deg,/Users/yunaoxiao/Desktop/smt_asteroid/paper_analysis_20260803/snapshot/scheduler/scheduler_example_20260420.csv,,dbb46a8e7c9ac8b676de38304feef9c2622d52b25c200fe3ca598e1949fb0263
moon_separation,Moon separation,archived,2026-04-20T16:59:35Z,134.15228291454724,deg,20260420,1541,20260420:1541:0002,matched,normal,scheduler_example,moon_sep_deg,/Users/yunaoxiao/Desktop/smt_asteroid/paper_analysis_20260803/snapshot/scheduler/scheduler_example_20260420.csv,,dbb46a8e7c9ac8b676de38304feef9c2622d52b25c200fe3ca598e1949fb0263
moon_separation,Moon separation,archived,2026-04-20T17:00:55Z,137.9357085294057,deg,20260420,1275,20260420:1275:0002,matched,normal,scheduler_example,moon_sep_deg,/Users/yunaoxiao/Desktop/smt_asteroid/paper_analysis_20260803/snapshot/scheduler/scheduler_example_20260420.csv,,dbb46a8e7c9ac8b676de38304feef9c2622d52b25c200fe3ca598e1949fb0263
moon_separation,Moon separation,archived,2026-04-20T17:02:15Z,131.6775680525562,deg,20260420,1802,20260420:1802:0001,matched,normal,scheduler_example,moon_sep_deg,/Users/yunaoxiao/Desktop/smt_asteroid/paper_analysis_20260803/snapshot/scheduler/scheduler_example_20260420.csv,,dbb46a8e7c9ac8b676de38304feef9c2622d52b25c200fe3ca598e1949fb0263
moon_separation,Moon separation,archived,2026-04-20T17:03:35Z,137.1200011197089,deg,20260420,1409,20260420:1409:0002,matched,normal,scheduler_example,moon_sep_deg,/Users/yunaoxiao/Desktop/smt_asteroid/paper_analysis_20260803/snapshot/scheduler/scheduler_example_20260420.csv,,dbb46a8e7c9ac8b676de38304feef9c2622d52b25c200fe3ca598e1949fb0263
moon_separation,Moon separation,archived,2026-04-20T17:04:55Z,133.96562930197308,deg,20260420,1673,20260420:1673:0001,matched,normal,scheduler_example,moon_sep_deg,/Users/yunaoxiao/Desktop/smt_asteroid/paper_analysis_20260803/snapshot/scheduler/scheduler_example_20260420.csv,,dbb46a8e7c9ac8b676de38304feef9c2622d52b25c200fe3ca598e1949fb0263
moon_separation,Moon separation,archived,2026-04-20T17:06:15Z,136.62183896272197,deg,20260420,1542,20260420:1542:0002,matched,normal,scheduler_example,moon_sep_deg,/Users/yunaoxiao/Desktop/smt_asteroid/paper_analysis_20260803/snapshot/scheduler/scheduler_example_20260420.csv,,dbb46a8e7c9ac8b676de38304feef9c2622d52b25c200fe3ca598e1949fb0263
moon_separation,Moon separation,archived,2026-04-20T17:07:35Z,140.45726297854424,deg,20260420,1276,20260420:1276:0002,matched,normal,scheduler_example,moon_sep_deg,/Users/yunaoxiao/Desktop/smt_asteroid/paper_analysis_20260803/snapshot/scheduler/scheduler_example_20260420.csv,,dbb46a8e7c9ac8b676de38304feef9c2622d52b25c200fe3ca598e1949fb0263
moon_separation,Moon separation,archived,2026-04-20T17:08:55Z,134.08115627737774,deg,20260420,1803,20260420:1803:0001,matched,normal,scheduler_example,moon_sep_deg,/Users/yunaoxiao/Desktop/smt_asteroid/paper_analysis_20260803/snapshot/scheduler/scheduler_example_20260420.csv,,dbb46a8e7c9ac8b676de38304feef9c2622d52b25c200fe3ca598e1949fb0263
moon_separation,Moon separation,archived,2026-04-20T17:10:15Z,139.60975049005435,deg,20260420,1410,20260420:1410:0002,matched,normal,scheduler_example,moon_sep_deg,/Users/yunaoxiao/Desktop/smt_asteroid/paper_analysis_20260803/snapshot/scheduler/scheduler_example_20260420.csv,,dbb46a8e7c9ac8b676de38304feef9c2622d52b25c200fe3ca598e1949fb0263
moon_separation,Moon separation,archived,2026-04-20T17:11:35Z,136.3929411200102,deg,20260420,1674,20260420:1674:0001,matched,normal,scheduler_example,moon_sep_deg,/Users/yunaoxiao/Desktop/smt_asteroid/paper_analysis_20260803/snapshot/scheduler/scheduler_example_20260420.csv,,dbb46a8e7c9ac8b676de38304feef9c2622d52b25c200fe3ca598e1949fb0263
moon_separation,Moon separation,archived,2026-04-20T17:12:55Z,139.07207392173018,deg,20260420,1543,20260420:1543:0001,matched,normal,scheduler_example,moon_sep_deg,/Users/yunaoxiao/Desktop/smt_asteroid/paper_analysis_20260803/snapshot/scheduler/scheduler_example_20260420.csv,,dbb46a8e7c9ac8b676de38304feef9c2622d52b25c200fe3ca598e1949fb0263
moon_separation,Moon separation,archived,2026-04-20T17:14:15Z,142.96825125765875,deg,20260420,1277,20260420:1277:0002,matched,normal,scheduler_example,moon_sep_deg,/Users/yunaoxiao/Desktop/smt_asteroid/paper_analysis_20260803/snapshot/scheduler/scheduler_example_20260420.csv,,dbb46a8e7c9ac8b676de38304feef9c2622d52b25c200fe3ca598e1949fb0263
moon_separation,Moon separation,archived,2026-04-20T17:15:35Z,136.45417777010243,deg,20260420,1804,20260420:1804:0001,matched,normal,scheduler_example,moon_sep_deg,/Users/yunaoxiao/Desktop/smt_asteroid/paper_analysis_20260803/snapshot/scheduler/scheduler_example_20260420.csv,,dbb46a8e7c9ac8b676de38304feef9c2622d52b25c200fe3ca598e1949fb0263
moon_separation,Moon separation,archived,2026-04-20T17:16:55Z,142.0834156274596,deg,20260420,1411,20260420:1411:0002,matched,normal,scheduler_example,moon_sep_deg,/Users/yunaoxiao/Desktop/smt_asteroid/paper_analysis_20260803/snapshot/scheduler/scheduler_example_20260420.csv,,dbb46a8e7c9ac8b676de38304feef9c2622d52b25c200fe3ca598e1949fb0263
moon_separation,Moon separation,archived,2026-04-20T17:18:15Z,138.79365947551682,deg,20260420,1675,20260420:1675:0001,matched,normal,scheduler_example,moon_sep_deg,/Users/yunaoxiao/Desktop/smt_asteroid/paper_analysis_20260803/snapshot/scheduler/scheduler_example_20260420.csv,,dbb46a8e7c9ac8b676de38304feef9c2622d52b25c200fe3ca598e1949fb0263
moon_separation,Moon separation,archived,2026-04-20T17:19:35Z,141.49934772064051,deg,20260420,1544,20260420:1544:0001,matched,normal,scheduler_example,moon_sep_deg,/Users/yunaoxiao/Desktop/smt_asteroid/paper_analysis_20260803/snapshot/scheduler/scheduler_example_20260420.csv,,dbb46a8e7c9ac8b676de38304feef9c2622d52b25c200fe3ca598e1949fb0263
moon_separation,Moon separation,archived,2026-04-20T17:20:55Z,145.46644929992175,deg,20260420,1278,20260420:1278:0002,matched,normal,scheduler_example,moon_sep_deg,/Users/yunaoxiao/Desktop/smt_asteroid/paper_analysis_20260803/snapshot/scheduler/scheduler_example_20260420.csv,,dbb46a8e7c9ac8b676de38304feef9c2622d52b25c200fe3ca598e1949fb0263
moon_separation,Moon separation,archived,2026-04-20T17:22:15Z,138.79133444626552,deg,20260420,1805,20260420:1805:0001,matched,normal,scheduler_example,moon_sep_deg,/Users/yunaoxiao/Desktop/smt_asteroid/paper_analysis_20260803/snapshot/scheduler/scheduler_example_20260420.csv,,dbb46a8e7c9ac8b676de38304feef9c2622d52b25c200fe3ca598e1949fb0263
moon_separation,Moon separation,archived,2026-04-20T17:23:35Z,144.53770040892255,deg,20260420,1412,20260420:1412:0002,matched,normal,scheduler_example,moon_sep_deg,/Users/yunaoxiao/Desktop/smt_asteroid/paper_analysis_20260803/snapshot/scheduler/scheduler_example_20260420.csv,,dbb46a8e7c9ac8b676de38304feef9c2622d52b25c200fe3ca598e1949fb0263
moon_separation,Moon separation,archived,2026-04-20T17:25:35Z,128.909129251816,deg,20260420,1801,20260420:1801:0002,matched,normal,scheduler_example,moon_sep_deg,/Users/yunaoxiao/Desktop/smt_asteroid/paper_analysis_20260803/snapshot/scheduler/scheduler_example_20260420.csv,,dbb46a8e7c9ac8b676de38304feef9c2622d52b25c200fe3ca598e1949fb0263
moon_separation,Moon separation,archived,2026-04-20T17:26:55Z,134.25106654330574,deg,20260420,1408,20260420:1408:0003,matched,normal,scheduler_example,moon_sep_deg,/Users/yunaoxiao/Desktop/smt_asteroid/paper_analysis_20260803/snapshot/scheduler/scheduler_example_20260420.csv,,dbb46a8e7c9ac8b676de38304feef9c2622d52b25c200fe3ca598e1949fb0263
moon_separation,Moon separation,archived,2026-04-20T17:28:15Z,131.16755609410797,deg,20260420,1672,20260420:1672:0002,matched,normal,scheduler_example,moon_sep_deg,/Users/yunaoxiao/Desktop/smt_asteroid/paper_analysis_20260803/snapshot/scheduler/scheduler_example_20260420.csv,,dbb46a8e7c9ac8b676de38304feef9c2622d52b25c200fe3ca598e1949fb0263
moon_separation,Moon separation,archived,2026-04-20T17:29:35Z,133.79575835981558,deg,20260420,1541,20260420:1541:0003,matched,normal,scheduler_example,moon_sep_deg,/Users/yunaoxiao/Desktop/smt_asteroid/paper_analysis_20260803/snapshot/scheduler/scheduler_example_20260420.csv,,dbb46a8e7c9ac8b676de38304feef9c2622d52b25c200fe3ca598e1949fb0263
moon_separation,Moon separation,archived,2026-04-20T17:30:55Z,137.56259481358256,deg,20260420,1275,20260420:1275:0003,matched,normal,scheduler_example,moon_sep_deg,/Users/yunaoxiao/Desktop/smt_asteroid/paper_analysis_20260803/snapshot/scheduler/scheduler_example_20260420.csv,,dbb46a8e7c9ac8b676de38304feef9c2622d52b25c200fe3ca598e1949fb0263
moon_separation,Moon separation,archived,2026-04-20T17:32:15Z,131.34138141522035,deg,20260420,1802,20260420:1802:0002,matched,normal,scheduler_example,moon_sep_deg,/Users/yunaoxiao/Desktop/smt_asteroid/paper_analysis_20260803/snapshot/scheduler/scheduler_example_20260420.csv,,dbb46a8e7c9ac8b676de38304feef9c2622d52b25c200fe3ca598e1949fb0263
moon_separation,Moon separation,archived,2026-04-20T17:33:35Z,136.75508534795082,deg,20260420,1409,20260420:1409:0003,matched,normal,scheduler_example,moon_sep_deg,/Users/yunaoxiao/Desktop/smt_asteroid/paper_analysis_20260803/snapshot/scheduler/scheduler_example_20260420.csv,,dbb46a8e7c9ac8b676de38304feef9c2622d52b25c200fe3ca598e1949fb0263
moon_separation,Moon separation,archived,2026-04-20T17:34:55Z,133.619512274915,deg,20260420,1673,20260420:1673:0002,matched,normal,scheduler_example,moon_sep_deg,/Users/yunaoxiao/Desktop/smt_asteroid/paper_analysis_20260803/snapshot/scheduler/scheduler_example_20260420.csv,,dbb46a8e7c9ac8b676de38304feef9c2622d52b25c200fe3ca598e1949fb0263
moon_separation,Moon separation,archived,2026-04-20T17:36:15Z,136.2669313785447,deg,20260420,1542,20260420:1542:0003,matched,normal,scheduler_example,moon_sep_deg,/Users/yunaoxiao/Desktop/smt_asteroid/paper_analysis_20260803/snapshot/scheduler/scheduler_example_20260420.csv,,dbb46a8e7c9ac8b676de38304feef9c2622d52b25c200fe3ca598e1949fb0263
moon_separation,Moon separation,archived,2026-04-20T17:37:35Z,140.0845542240998,deg,20260420,1276,20260420:1276:0003,matched,normal,scheduler_example,moon_sep_deg,/Users/yunaoxiao/Desktop/smt_asteroid/paper_analysis_20260803/snapshot/scheduler/scheduler_example_20260420.csv,,dbb46a8e7c9ac8b676de38304feef9c2622d52b25c200fe3ca598e1949fb0263
moon_separation,Moon separation,archived,2026-04-20T17:38:55Z,133.74809886541223,deg,20260420,1803,20260420:1803:0002,matched,normal,scheduler_example,moon_sep_deg,/Users/yunaoxiao/Desktop/smt_asteroid/paper_analysis_20260803/snapshot/scheduler/scheduler_example_20260420.csv,,dbb46a8e7c9ac8b676de38304feef9c2622d52b25c200fe3ca598e1949fb0263
moon_separation,Moon separation,archived,2026-04-20T17:40:15Z,139.24605122361936,deg,20260420,1410,20260420:1410:0003,matched,normal,scheduler_example,moon_sep_deg,/Users/yunaoxiao/Desktop/smt_asteroid/paper_analysis_20260803/snapshot/scheduler/scheduler_example_20260420.csv,,dbb46a8e7c9ac8b676de38304feef9c2622d52b25c200fe3ca598e1949fb0263
moon_separation,Moon separation,archived,2026-04-20T17:41:35Z,136.0494778257242,deg,20260420,1674,20260420:1674:0002,matched,normal,scheduler_example,moon_sep_deg,/Users/yunaoxiao/Desktop/smt_asteroid/paper_analysis_20260803/snapshot/scheduler/scheduler_example_20260420.csv,,dbb46a8e7c9ac8b676de38304feef9c2622d52b25c200fe3ca598e1949fb0263
moon_separation,Moon separation,archived,2026-04-20T17:42:55Z,138.71936586685834,deg,20260420,1543,20260420:1543:0002,matched,normal,scheduler_example,moon_sep_deg,/Users/yunaoxiao/Desktop/smt_asteroid/paper_analysis_20260803/snapshot/scheduler/scheduler_example_20260420.csv,,dbb46a8e7c9ac8b676de38304feef9c2622d52b25c200fe3ca598e1949fb0263
moon_separation,Moon separation,archived,2026-04-20T17:44:15Z,142.59633901680473,deg,20260420,1277,20260420:1277:0003,matched,normal,scheduler_example,moon_sep_deg,/Users/yunaoxiao/Desktop/smt_asteroid/paper_analysis_20260803/snapshot/scheduler/scheduler_example_20260420.csv,,dbb46a8e7c9ac8b676de38304feef9c2622d52b25c200fe3ca598e1949fb0263
moon_separation,Moon separation,archived,2026-04-20T17:45:35Z,136.1250453767923,deg,20260420,1804,20260420:1804:0002,matched,normal,scheduler_example,moon_sep_deg,/Users/yunaoxiao/Desktop/smt_asteroid/paper_analysis_20260803/snapshot/scheduler/scheduler_example_20260420.csv,,dbb46a8e7c9ac8b676de38304feef9c2622d52b25c200fe3ca598e1949fb0263
moon_separation,Moon separation,archived,2026-04-20T17:46:55Z,141.72147079596172,deg,20260420,1411,20260420:1411:0003,matched,normal,scheduler_example,moon_sep_deg,/Users/yunaoxiao/Desktop/smt_asteroid/paper_analysis_20260803/snapshot/scheduler/scheduler_example_20260420.csv,,dbb46a8e7c9ac8b676de38304feef9c2622d52b25c200fe3ca598e1949fb0263
moon_separation,Moon separation,archived,2026-04-20T17:48:15Z,138.45359994073434,deg,20260420,1675,20260420:1675:0002,matched,normal,scheduler_example,moon_sep_deg,/Users/yunaoxiao/Desktop/smt_asteroid/paper_analysis_20260803/snapshot/scheduler/scheduler_example_20260420.csv,,dbb46a8e7c9ac8b676de38304feef9c2622d52b25c200fe3ca598e1949fb0263
moon_separation,Moon separation,archived,2026-04-20T17:49:35Z,141.1495491672964,deg,20260420,1544,20260420:1544:0002,matched,normal,scheduler_example,moon_sep_deg,/Users/yunaoxiao/Desktop/smt_asteroid/paper_analysis_20260803/snapshot/scheduler/scheduler_example_20260420.csv,,dbb46a8e7c9ac8b676de38304feef9c2622d52b25c200fe3ca598e1949fb0263
moon_separation,Moon separation,archived,2026-04-20T17:50:55Z,145.0958194942958,deg,20260420,1278,20260420:1278:0003,matched,normal,scheduler_example,moon_sep_deg,/Users/yunaoxiao/Desktop/smt_asteroid/paper_analysis_20260803/snapshot/scheduler/scheduler_example_20260420.csv,,dbb46a8e7c9ac8b676de38304feef9c2622d52b25c200fe3ca598e1949fb0263
moon_separation,Moon separation,archived,2026-04-20T17:52:15Z,138.46707921817347,deg,20260420,1805,20260420:1805:0002,matched,normal,scheduler_example,moon_sep_deg,/Users/yunaoxiao/Desktop/smt_asteroid/paper_analysis_20260803/snapshot/scheduler/scheduler_example_20260420.csv,,dbb46a8e7c9ac8b676de38304feef9c2622d52b25c200fe3ca598e1949fb0263
moon_separation,Moon separation,archived,2026-04-20T17:53:35Z,144.17817704399693,deg,20260420,1412,20260420:1412:0003,matched,normal,scheduler_example,moon_sep_deg,/Users/yunaoxiao/Desktop/smt_asteroid/paper_analysis_20260803/snapshot/scheduler/scheduler_example_20260420.csv,,dbb46a8e7c9ac8b676de38304feef9c2622d52b25c200fe3ca598e1949fb0263
moon_separation,Moon separation,archived,2026-04-20T17:54:55Z,128.57063925075818,deg,20260420,1801,20260420:1801:0003,matched,normal,scheduler_example,moon_sep_deg,/Users/yunaoxiao/Desktop/smt_asteroid/paper_analysis_20260803/snapshot/scheduler/scheduler_example_20260420.csv,,dbb46a8e7c9ac8b676de38304feef9c2622d52b25c200fe3ca598e1949fb0263
moon_separation,Moon separation,archived,2026-04-20T17:56:15Z,133.88675324520116,deg,20260420,1408,20260420:1408:0004,matched,normal,scheduler_example,moon_sep_deg,/Users/yunaoxiao/Desktop/smt_asteroid/paper_analysis_20260803/snapshot/scheduler/scheduler_example_20260420.csv,,dbb46a8e7c9ac8b676de38304feef9c2622d52b25c200fe3ca598e1949fb0263
moon_separation,Moon separation,archived,2026-04-20T17:57:35Z,130.82000569358624,deg,20260420,1672,20260420:1672:0003,matched,normal,scheduler_example,moon_sep_deg,/Users/yunaoxiao/Desktop/smt_asteroid/paper_analysis_20260803/snapshot/scheduler/scheduler_example_20260420.csv,,dbb46a8e7c9ac8b676de38304feef9c2622d52b25c200fe3ca598e1949fb0263
moon_separation,Moon separation,archived,2026-04-20T17:58:55Z,133.44022066208916,deg,20260420,1541,20260420:1541:0004,matched,normal,scheduler_example,moon_sep_deg,/Users/yunaoxiao/Desktop/smt_asteroid/paper_analysis_20260803/snapshot/scheduler/scheduler_example_20260420.csv,,dbb46a8e7c9ac8b676de38304feef9c2622d52b25c200fe3ca598e1949fb0263
moon_separation,Moon separation,archived,2026-04-20T18:00:15Z,137.1913789050219,deg,20260420,1275,20260420:1275:0004,matched,normal,scheduler_example,moon_sep_deg,/Users/yunaoxiao/Desktop/smt_asteroid/paper_analysis_20260803/snapshot/scheduler/scheduler_example_20260420.csv,,dbb46a8e7c9ac8b676de38304feef9c2622d52b25c200fe3ca598e1949fb0263
moon_separation,Moon separation,archived,2026-04-20T18:01:35Z,131.00538551369974,deg,20260420,1802,20260420:1802:0003,matched,normal,scheduler_example,moon_sep_deg,/Users/yunaoxiao/Desktop/smt_asteroid/paper_analysis_20260803/snapshot/scheduler/scheduler_example_20260420.csv,,dbb46a8e7c9ac8b676de38304feef9c2622d52b25c200fe3ca598e1949fb0263
moon_separation,Moon separation,archived,2026-04-20T18:02:55Z,136.39167226686192,deg,20260420,1409,20260420:1409:0004,matched,normal,scheduler_example,moon_sep_deg,/Users/yunaoxiao/Desktop/smt_asteroid/paper_analysis_20260803/snapshot/scheduler/scheduler_example_20260420.csv,,dbb46a8e7c9ac8b676de38304feef9c2622d52b25c200fe3ca598e1949fb0263
moon_separation,Moon separation,archived,2026-04-20T18:04:15Z,133.2740469185005,deg,20260420,1673,20260420:1673:0003,matched,normal,scheduler_example,moon_sep_deg,/Users/yunaoxiao/Desktop/smt_asteroid/paper_analysis_20260803/snapshot/scheduler/scheduler_example_20260420.csv,,dbb46a8e7c9ac8b676de38304feef9c2622d52b25c200fe3ca598e1949fb0263
moon_separation,Moon separation,archived,2026-04-20T18:05:35Z,135.91308584481845,deg,20260420,1542,20260420:1542:0004,matched,normal,scheduler_example,moon_sep_deg,/Users/yunaoxiao/Desktop/smt_asteroid/paper_analysis_20260803/snapshot/scheduler/scheduler_example_20260420.csv,,dbb46a8e7c9ac8b676de38304feef9c2622d52b25c200fe3ca598e1949fb0263
moon_separation,Moon separation,archived,2026-04-20T18:06:55Z,139.71389062394505,deg,20260420,1276,20260420:1276:0004,matched,normal,scheduler_example,moon_sep_deg,/Users/yunaoxiao/Desktop/smt_asteroid/paper_analysis_20260803/snapshot/scheduler/scheduler_example_20260420.csv,,dbb46a8e7c9ac8b676de38304feef9c2622d52b25c200fe3ca598e1949fb0263
moon_separation,Moon separation,archived,2026-04-20T18:08:15Z,133.41523098461332,deg,20260420,1803,20260420:1803:0003,matched,normal,scheduler_example,moon_sep_deg,/Users/yunaoxiao/Desktop/smt_asteroid/paper_analysis_20260803/snapshot/scheduler/scheduler_example_20260420.csv,,dbb46a8e7c9ac8b676de38304feef9c2622d52b25c200fe3ca598e1949fb0263
moon_separation,Moon separation,archived,2026-04-20T18:09:35Z,138.88395083835746,deg,20260420,1410,20260420:1410:0004,matched,normal,scheduler_example,moon_sep_deg,/Users/yunaoxiao/Desktop/smt_asteroid/paper_analysis_20260803/snapshot/scheduler/scheduler_example_20260420.csv,,dbb46a8e7c9ac8b676de38304feef9c2622d52b25c200fe3ca598e1949fb0263
moon_separation,Moon separation,archived,2026-04-20T18:10:55Z,135.70668557326874,deg,20260420,1674,20260420:1674:0003,matched,normal,scheduler_example,moon_sep_deg,/Users/yunaoxiao/Desktop/smt_asteroid/paper_analysis_20260803/snapshot/scheduler/scheduler_example_20260420.csv,,dbb46a8e7c9ac8b676de38304feef9c2622d52b25c200fe3ca598e1949fb0263
moon_separation,Moon separation,archived,2026-04-20T18:12:15Z,138.36775884064065,deg,20260420,1543,20260420:1543:0003,matched,normal,scheduler_example,moon_sep_deg,/Users/yunaoxiao/Desktop/smt_asteroid/paper_analysis_20260803/snapshot/scheduler/scheduler_example_20260420.csv,,dbb46a8e7c9ac8b676de38304feef9c2622d52b25c200fe3ca598e1949fb0263
moon_separation,Moon separation,archived,2026-04-20T18:13:35Z,142.2265919660257,deg,20260420,1277,20260420:1277:0004,matched,normal,scheduler_example,moon_sep_deg,/Users/yunaoxiao/Desktop/smt_asteroid/paper_analysis_20260803/snapshot/scheduler/scheduler_example_20260420.csv,,dbb46a8e7c9ac8b676de38304feef9c2622d52b25c200fe3ca598e1949fb0263
moon_separation,Moon separation,archived,2026-04-20T18:14:55Z,135.79605653677623,deg,20260420,1804,20260420:1804:0003,matched,normal,scheduler_example,moon_sep_deg,/Users/yunaoxiao/Desktop/smt_asteroid/paper_analysis_20260803/snapshot/scheduler/scheduler_example_20260420.csv,,dbb46a8e7c9ac8b676de38304feef9c2622d52b25c200fe3ca598e1949fb0263
moon_separation,Moon separation,archived,2026-04-20T18:16:15Z,141.36118477002609,deg,20260420,1411,20260420:1411:0004,matched,normal,scheduler_example,moon_sep_deg,/Users/yunaoxiao/Desktop/smt_asteroid/paper_analysis_20260803/snapshot/scheduler/scheduler_example_20260420.csv,,dbb46a8e7c9ac8b676de38304feef9c2622d52b25c200fe3ca598e1949fb0263
moon_separation,Moon separation,archived,2026-04-20T18:17:35Z,138.11418567891786,deg,20260420,1675,20260420:1675:0003,matched,normal,scheduler_example,moon_sep_deg,/Users/yunaoxiao/Desktop/smt_asteroid/paper_analysis_20260803/snapshot/scheduler/scheduler_example_20260420.csv,,dbb46a8e7c9ac8b676de38304feef9c2622d52b25c200fe3ca598e1949fb0263
moon_separation,Moon separation,archived,2026-04-20T18:18:55Z,140.80084476437153,deg,20260420,1544,20260420:1544:0003,matched,normal,scheduler_example,moon_sep_deg,/Users/yunaoxiao/Desktop/smt_asteroid/paper_analysis_20260803/snapshot/scheduler/scheduler_example_20260420.csv,,dbb46a8e7c9ac8b676de38304feef9c2622d52b25c200fe3ca598e1949fb0263
moon_separation,Moon separation,archived,2026-04-20T18:20:15Z,144.72743898465018,deg,20260420,1278,20260420:1278:0004,matched,normal,scheduler_example,moon_sep_deg,/Users/yunaoxiao/Desktop/smt_asteroid/paper_analysis_20260803/snapshot/scheduler/scheduler_example_20260420.csv,,dbb46a8e7c9ac8b676de38304feef9c2622d52b25c200fe3ca598e1949fb0263
moon_separation,Moon separation,archived,2026-04-20T18:21:35Z,138.14286666994587,deg,20260420,1805,20260420:1805:0003,matched,normal,scheduler_example,moon_sep_deg,/Users/yunaoxiao/Desktop/smt_asteroid/paper_analysis_20260803/snapshot/scheduler/scheduler_example_20260420.csv,,dbb46a8e7c9ac8b676de38304feef9c2622d52b25c200fe3ca598e1949fb0263
moon_separation,Moon separation,archived,2026-04-20T18:22:55Z,143.8203254685977,deg,20260420,1412,20260420:1412:0004,matched,normal,scheduler_example,moon_sep_deg,/Users/yunaoxiao/Desktop/smt_asteroid/paper_analysis_20260803/snapshot/scheduler/scheduler_example_20260420.csv,,dbb46a8e7c9ac8b676de38304feef9c2622d52b25c200fe3ca598e1949fb0263
moon_separation,Moon separation,archived,2026-04-20T18:24:55Z,128.21797184599876,deg,20260420,1801,20260420:1801:0004,matched,normal,scheduler_example,moon_sep_deg,/Users/yunaoxiao/Desktop/smt_asteroid/paper_analysis_20260803/snapshot/scheduler/scheduler_example_20260420.csv,,dbb46a8e7c9ac8b676de38304feef9c2622d52b25c200fe3ca598e1949fb0263
moon_separation,Moon separation,archived,2026-04-20T18:26:15Z,133.5084531976042,deg,20260420,1408,20260420:1408:0005,matched,normal,scheduler_example,moon_sep_deg,/Users/yunaoxiao/Desktop/smt_asteroid/paper_analysis_20260803/snapshot/scheduler/scheduler_example_20260420.csv,,dbb46a8e7c9ac8b676de38304feef9c2622d52b25c200fe3ca598e1949fb0263
moon_separation,Moon separation,archived,2026-04-20T18:27:35Z,130.45836090471343,deg,20260420,1672,20260420:1672:0004,matched,normal,scheduler_example,moon_sep_deg,/Users/yunaoxiao/Desktop/smt_asteroid/paper_analysis_20260803/snapshot/scheduler/scheduler_example_20260420.csv,,dbb46a8e7c9ac8b676de38304feef9c2622d52b25c200fe3ca598e1949fb0263
moon_separation,Moon separation,archived,2026-04-20T18:28:55Z,133.07066319155723,deg,20260420,1541,20260420:1541:0005,matched,normal,scheduler_example,moon_sep_deg,/Users/yunaoxiao/Desktop/smt_asteroid/paper_analysis_20260803/snapshot/scheduler/scheduler_example_20260420.csv,,dbb46a8e7c9ac8b676de38304feef9c2622d52b25c200fe3ca598e1949fb0263
moon_separation,Moon separation,archived,2026-04-20T18:30:15Z,136.80643116163824,deg,20260420,1275,20260420:1275:0005,matched,normal,scheduler_example,moon_sep_deg,/Users/yunaoxiao/Desktop/smt_asteroid/paper_analysis_20260803/snapshot/scheduler/scheduler_example_20260420.csv,,dbb46a8e7c9ac8b676de38304feef9c2622d52b25c200fe3ca598e1949fb0263
moon_separation,Moon separation,archived,2026-04-20T18:31:35Z,130.6553682973408,deg,20260420,1802,20260420:1802:0004,matched,normal,scheduler_example,moon_sep_deg,/Users/yunaoxiao/Desktop/smt_asteroid/paper_analysis_20260803/snapshot/scheduler/scheduler_example_20260420.csv,,dbb46a8e7c9ac8b676de38304feef9c2622d52b25c200fe3ca598e1949fb0263
moon_separation,Moon separation,archived,2026-04-20T18:32:55Z,136.01445017118863,deg,20260420,1409,20260420:1409:0005,matched,normal,scheduler_example,moon_sep_deg,/Users/yunaoxiao/Desktop/smt_asteroid/paper_analysis_20260803/snapshot/scheduler/scheduler_example_20260420.csv,,dbb46a8e7c9ac8b676de38304feef9c2622d52b25c200fe3ca598e1949fb0263
moon_separation,Moon separation,archived,2026-04-20T18:34:15Z,132.91464635420948,deg,20260420,1673,20260420:1673:0004,matched,normal,scheduler_example,moon_sep_deg,/Users/yunaoxiao/Desktop/smt_asteroid/paper_analysis_20260803/snapshot/scheduler/scheduler_example_20260420.csv,,dbb46a8e7c9ac8b676de38304feef9c2622d52b25c200fe3ca598e1949fb0263
moon_separation,Moon separation,archived,2026-04-20T18:35:35Z,135.5453827184464,deg,20260420,1542,20260420:1542:0005,matched,normal,scheduler_example,moon_sep_deg,/Users/yunaoxiao/Desktop/smt_asteroid/paper_analysis_20260803/snapshot/scheduler/scheduler_example_20260420.csv,,dbb46a8e7c9ac8b676de38304feef9c2622d52b25c200fe3ca598e1949fb0263
moon_separation,Moon separation,archived,2026-04-20T18:36:55Z,139.32968092821957,deg,20260420,1276,20260420:1276:0005,matched,normal,scheduler_example,moon_sep_deg,/Users/yunaoxiao/Desktop/smt_asteroid/paper_analysis_20260803/snapshot/scheduler/scheduler_example_20260420.csv,,dbb46a8e7c9ac8b676de38304feef9c2622d52b25c200fe3ca598e1949fb0263
moon_separation,Moon separation,archived,2026-04-20T18:38:15Z,133.06848806366187,deg,20260420,1803,20260420:1803:0004,matched,normal,scheduler_example,moon_sep_deg,/Users/yunaoxiao/Desktop/smt_asteroid/paper_analysis_20260803/snapshot/scheduler/scheduler_example_20260420.csv,,dbb46a8e7c9ac8b676de38304feef9c2622d52b25c200fe3ca598e1949fb0263
moon_separation,Moon separation,archived,2026-04-20T18:39:35Z,138.5082085742646,deg,20260420,1410,20260420:1410:0005,matched,normal,scheduler_example,moon_sep_deg,/Users/yunaoxiao/Desktop/smt_asteroid/paper_analysis_20260803/snapshot/scheduler/scheduler_example_20260420.csv,,dbb46a8e7c9ac8b676de38304feef9c2622d52b25c200fe3ca598e1949fb0263
moon_separation,Moon separation,archived,2026-04-20T18:40:55Z,135.35010594934758,deg,20260420,1674,20260420:1674:0004,matched,normal,scheduler_example,moon_sep_deg,/Users/yunaoxiao/Desktop/smt_asteroid/paper_analysis_20260803/snapshot/scheduler/scheduler_example_20260420.csv,,dbb46a8e7c9ac8b676de38304feef9c2622d52b25c200fe3ca598e1949fb0263
moon_separation,Moon separation,archived,2026-04-20T18:42:15Z,138.0024435555306,deg,20260420,1543,20260420:1543:0004,matched,normal,scheduler_example,moon_sep_deg,/Users/yunaoxiao/Desktop/smt_asteroid/paper_analysis_20260803/snapshot/scheduler/scheduler_example_20260420.csv,,dbb46a8e7c9ac8b676de38304feef9c2622d52b25c200fe3ca598e1949fb0263
moon_separation,Moon separation,archived,2026-04-20T18:43:35Z,141.84347302882188,deg,20260420,1277,20260420:1277:0005,matched,normal,scheduler_example,moon_sep_deg,/Users/yunaoxiao/Desktop/smt_asteroid/paper_analysis_20260803/snapshot/scheduler/scheduler_example_20260420.csv,,dbb46a8e7c9ac8b676de38304feef9c2622d52b25c200fe3ca598e1949fb0263
moon_separation,Moon separation,archived,2026-04-20T18:44:55Z,135.45332602389,deg,20260420,1804,20260420:1804:0004,matched,normal,scheduler_example,moon_sep_deg,/Users/yunaoxiao/Desktop/smt_asteroid/paper_analysis_20260803/snapshot/scheduler/scheduler_example_20260420.csv,,dbb46a8e7c9ac8b676de38304feef9c2622d52b25c200fe3ca598e1949fb0263
moon_separation,Moon separation,archived,2026-04-20T18:46:15Z,140.98740943942502,deg,20260420,1411,20260420:1411:0005,matched,normal,scheduler_example,moon_sep_deg,/Users/yunaoxiao/Desktop/smt_asteroid/paper_analysis_20260803/snapshot/scheduler/scheduler_example_20260420.csv,,dbb46a8e7c9ac8b676de38304feef9c2622d52b25c200fe3ca598e1949fb0263
moon_separation,Moon separation,archived,2026-04-20T18:47:35Z,137.76111686182466,deg,20260420,1675,20260420:1675:0004,matched,normal,scheduler_example,moon_sep_deg,/Users/yunaoxiao/Desktop/smt_asteroid/paper_analysis_20260803/snapshot/scheduler/scheduler_example_20260420.csv,,dbb46a8e7c9ac8b676de38304feef9c2622d52b25c200fe3ca598e1949fb0263
moon_separation,Moon separation,archived,2026-04-20T18:48:55Z,140.438564216311,deg,20260420,1544,20260420:1544:0004,matched,normal,scheduler_example,moon_sep_deg,/Users/yunaoxiao/Desktop/smt_asteroid/paper_analysis_20260803/snapshot/scheduler/scheduler_example_20260420.csv,,dbb46a8e7c9ac8b676de38304feef9c2622d52b25c200fe3ca598e1949fb0263
moon_separation,Moon separation,archived,2026-04-20T18:50:15Z,144.34584465930237,deg,20260420,1278,20260420:1278:0005,matched,normal,scheduler_example,moon_sep_deg,/Users/yunaoxiao/Desktop/smt_asteroid/paper_analysis_20260803/snapshot/scheduler/scheduler_example_20260420.csv,,dbb46a8e7c9ac8b676de38304feef9c2622d52b25c200fe3ca598e1949fb0263
moon_separation,Moon separation,archived,2026-04-20T18:51:35Z,137.80502915563716,deg,20260420,1805,20260420:1805:0004,matched,normal,scheduler_example,moon_sep_deg,/Users/yunaoxiao/Desktop/smt_asteroid/paper_analysis_20260803/snapshot/scheduler/scheduler_example_20260420.csv,,dbb46a8e7c9ac8b676de38304feef9c2622d52b25c200fe3ca598e1949fb0263
moon_separation,Moon separation,archived,2026-04-20T18:52:55Z,143.4491173340239,deg,20260420,1412,20260420:1412:0005,matched,normal,scheduler_example,moon_sep_deg,/Users/yunaoxiao/Desktop/smt_asteroid/paper_analysis_20260803/snapshot/scheduler/scheduler_example_20260420.csv,,dbb46a8e7c9ac8b676de38304feef9c2622d52b25c200fe3ca598e1949fb0263
moon_separation,Moon separation,archived,2026-04-20T18:54:55Z,127.85991160855096,deg,20260420,1801,20260420:1801:0005,matched,normal,scheduler_example,moon_sep_deg,/Users/yunaoxiao/Desktop/smt_asteroid/paper_analysis_20260803/snapshot/scheduler/scheduler_example_20260420.csv,,dbb46a8e7c9ac8b676de38304feef9c2622d52b25c200fe3ca598e1949fb0263
moon_separation,Moon separation,archived,2026-04-20T18:56:15Z,133.1256761749535,deg,20260420,1408,20260420:1408:0006,matched,normal,scheduler_example,moon_sep_deg,/Users/yunaoxiao/Desktop/smt_asteroid/paper_analysis_20260803/snapshot/scheduler/scheduler_example_20260420.csv,,dbb46a8e7c9ac8b676de38304feef9c2622d52b25c200fe3ca598e1949fb0263
moon_separation,Moon separation,archived,2026-04-20T18:57:35Z,130.09166545536578,deg,20260420,1672,20260420:1672:0005,matched,normal,scheduler_example,moon_sep_deg,/Users/yunaoxiao/Desktop/smt_asteroid/paper_analysis_20260803/snapshot/scheduler/scheduler_example_20260420.csv,,dbb46a8e7c9ac8b676de38304feef9c2622d52b25c200fe3ca598e1949fb0263
moon_separation,Moon separation,archived,2026-04-20T18:58:55Z,132.69635701734157,deg,20260420,1541,20260420:1541:0006,matched,normal,scheduler_example,moon_sep_deg,/Users/yunaoxiao/Desktop/smt_asteroid/paper_analysis_20260803/snapshot/scheduler/scheduler_example_20260420.csv,,dbb46a8e7c9ac8b676de38304feef9c2622d52b25c200fe3ca598e1949fb0263
moon_separation,Moon separation,archived,2026-04-20T19:00:15Z,136.41746566998188,deg,20260420,1275,20260420:1275:0006,matched,normal,scheduler_example,moon_sep_deg,/Users/yunaoxiao/Desktop/smt_asteroid/paper_analysis_20260803/snapshot/scheduler/scheduler_example_20260420.csv,,dbb46a8e7c9ac8b676de38304feef9c2622d52b25c200fe3ca598e1949fb0263
moon_separation,Moon separation,archived,2026-04-20T19:01:35Z,130.3000650107993,deg,20260420,1802,20260420:1802:plan:0005,planned_not_acquired,normal,scheduler_example,moon_sep_deg,/Users/yunaoxiao/Desktop/smt_asteroid/paper_analysis_20260803/snapshot/scheduler/scheduler_example_20260420.csv,,dbb46a8e7c9ac8b676de38304feef9c2622d52b25c200fe3ca598e1949fb0263
moon_separation,Moon separation,archived,2026-04-20T19:02:55Z,135.63292049848363,deg,20260420,1409,20260420:1409:0006,matched,normal,scheduler_example,moon_sep_deg,/Users/yunaoxiao/Desktop/smt_asteroid/paper_analysis_20260803/snapshot/scheduler/scheduler_example_20260420.csv,,dbb46a8e7c9ac8b676de38304feef9c2622d52b25c200fe3ca598e1949fb0263
moon_separation,Moon separation,archived,2026-04-20T19:04:15Z,132.55031558611398,deg,20260420,1673,20260420:1673:plan:0005,planned_not_acquired,normal,scheduler_example,moon_sep_deg,/Users/yunaoxiao/Desktop/smt_asteroid/paper_analysis_20260803/snapshot/scheduler/scheduler_example_20260420.csv,,dbb46a8e7c9ac8b676de38304feef9c2622d52b25c200fe3ca598e1949fb0263
moon_separation,Moon separation,archived,2026-04-20T19:05:35Z,135.17306455368671,deg,20260420,1542,20260420:1542:0006,matched,normal,scheduler_example,moon_sep_deg,/Users/yunaoxiao/Desktop/smt_asteroid/paper_analysis_20260803/snapshot/scheduler/scheduler_example_20260420.csv,,dbb46a8e7c9ac8b676de38304feef9c2622d52b25c200fe3ca598e1949fb0263
moon_separation,Moon separation,archived,2026-04-20T19:06:55Z,138.9416395893414,deg,20260420,1276,20260420:1276:0006,matched,normal,scheduler_example,moon_sep_deg,/Users/yunaoxiao/Desktop/smt_asteroid/paper_analysis_20260803/snapshot/scheduler/scheduler_example_20260420.csv,,dbb46a8e7c9ac8b676de38304feef9c2622d52b25c200fe3ca598e1949fb0263
moon_separation,Moon separation,archived,2026-04-20T19:08:15Z,132.7165396129866,deg,20260420,1803,20260420:1803:plan:0005,planned_not_acquired,normal,scheduler_example,moon_sep_deg,/Users/yunaoxiao/Desktop/smt_asteroid/paper_analysis_20260803/snapshot/scheduler/scheduler_example_20260420.csv,,dbb46a8e7c9ac8b676de38304feef9c2622d52b25c200fe3ca598e1949fb0263
moon_separation,Moon separation,archived,2026-04-20T19:09:35Z,138.12830708313942,deg,20260420,1410,20260420:1410:0006,matched,normal,scheduler_example,moon_sep_deg,/Users/yunaoxiao/Desktop/smt_asteroid/paper_analysis_20260803/snapshot/scheduler/scheduler_example_20260420.csv,,dbb46a8e7c9ac8b676de38304feef9c2622d52b25c200fe3ca598e1949fb0263
moon_separation,Moon separation,archived,2026-04-20T19:10:55Z,134.9886901542031,deg,20260420,1674,20260420:1674:plan:0005,planned_not_acquired,normal,scheduler_example,moon_sep_deg,/Users/yunaoxiao/Desktop/smt_asteroid/paper_analysis_20260803/snapshot/scheduler/scheduler_example_20260420.csv,,dbb46a8e7c9ac8b676de38304feef9c2622d52b25c200fe3ca598e1949fb0263
moon_separation,Moon separation,archived,2026-04-20T19:12:15Z,137.6326202083264,deg,20260420,1543,20260420:1543:plan:0005,planned_not_acquired,normal,scheduler_example,moon_sep_deg,/Users/yunaoxiao/Desktop/smt_asteroid/paper_analysis_20260803/snapshot/scheduler/scheduler_example_20260420.csv,,dbb46a8e7c9ac8b676de38304feef9c2622d52b25c200fe3ca598e1949fb0263
moon_separation,Moon separation,archived,2026-04-20T19:13:35Z,141.45668797667585,deg,20260420,1277,20260420:1277:0006,matched,normal,scheduler_example,moon_sep_deg,/Users/yunaoxiao/Desktop/smt_asteroid/paper_analysis_20260803/snapshot/scheduler/scheduler_example_20260420.csv,,dbb46a8e7c9ac8b676de38304feef9c2622d52b25c200fe3ca598e1949fb0263
moon_separation,Moon separation,archived,2026-04-20T19:14:55Z,135.10543833936748,deg,20260420,1804,20260420:1804:plan:0005,planned_not_acquired,normal,scheduler_example,moon_sep_deg,/Users/yunaoxiao/Desktop/smt_asteroid/paper_analysis_20260803/snapshot/scheduler/scheduler_example_20260420.csv,,dbb46a8e7c9ac8b676de38304feef9c2622d52b25c200fe3ca598e1949fb0263
moon_separation,Moon separation,archived,2026-04-20T19:16:15Z,140.60959620093342,deg,20260420,1411,20260420:1411:0006,matched,normal,scheduler_example,moon_sep_deg,/Users/yunaoxiao/Desktop/smt_asteroid/paper_analysis_20260803/snapshot/scheduler/scheduler_example_20260420.csv,,dbb46a8e7c9ac8b676de38304feef9c2622d52b25c200fe3ca598e1949fb0263
moon_separation,Moon separation,archived,2026-04-20T19:17:35Z,137.4032730072061,deg,20260420,1675,20260420:1675:plan:0005,planned_not_acquired,normal,scheduler_example,moon_sep_deg,/Users/yunaoxiao/Desktop/smt_asteroid/paper_analysis_20260803/snapshot/scheduler/scheduler_example_20260420.csv,,dbb46a8e7c9ac8b676de38304feef9c2622d52b25c200fe3ca598e1949fb0263
moon_separation,Moon separation,archived,2026-04-20T19:18:55Z,140.0718487662283,deg,20260420,1544,20260420:1544:plan:0005,planned_not_acquired,normal,scheduler_example,moon_sep_deg,/Users/yunaoxiao/Desktop/smt_asteroid/paper_analysis_20260803/snapshot/scheduler/scheduler_example_20260420.csv,,dbb46a8e7c9ac8b676de38304feef9c2622d52b25c200fe3ca598e1949fb0263
moon_separation,Moon separation,archived,2026-04-20T19:20:15Z,143.96072272346638,deg,20260420,1278,20260420:1278:0006,matched,normal,scheduler_example,moon_sep_deg,/Users/yunaoxiao/Desktop/smt_asteroid/paper_analysis_20260803/snapshot/scheduler/scheduler_example_20260420.csv,,dbb46a8e7c9ac8b676de38304feef9c2622d52b25c200fe3ca598e1949fb0263
moon_separation,Moon separation,archived,2026-04-20T19:21:35Z,137.4620433037038,deg,20260420,1805,20260420:1805:plan:0005,planned_not_acquired,normal,scheduler_example,moon_sep_deg,/Users/yunaoxiao/Desktop/smt_asteroid/paper_analysis_20260803/snapshot/scheduler/scheduler_example_20260420.csv,,dbb46a8e7c9ac8b676de38304feef9c2622d52b25c200fe3ca598e1949fb0263
moon_separation,Moon separation,archived,2026-04-20T19:22:55Z,143.07395764040638,deg,20260420,1412,20260420:1412:0006,matched,normal,scheduler_example,moon_sep_deg,/Users/yunaoxiao/Desktop/smt_asteroid/paper_analysis_20260803/snapshot/scheduler/scheduler_example_20260420.csv,,dbb46a8e7c9ac8b676de38304feef9c2622d52b25c200fe3ca598e1949fb0263
moon_separation,Moon separation,archived,2026-04-20T19:24:15Z,124.96142886297363,deg,20260420,1800,20260420:1800:plan:0000,planned_not_acquired,near_sun,scheduler_example,moon_sep_deg,/Users/yunaoxiao/Desktop/smt_asteroid/paper_analysis_20260803/snapshot/scheduler/scheduler_example_20260420.csv,,dbb46a8e7c9ac8b676de38304feef9c2622d52b25c200fe3ca598e1949fb0263
moon_separation,Moon separation,archived,2026-04-20T19:25:35Z,127.4896286846724,deg,20260420,1801,20260420:1801:plan:0006,planned_not_acquired,near_sun,scheduler_example,moon_sep_deg,/Users/yunaoxiao/Desktop/smt_asteroid/paper_analysis_20260803/snapshot/scheduler/scheduler_example_20260420.csv,,dbb46a8e7c9ac8b676de38304feef9c2622d52b25c200fe3ca598e1949fb0263
moon_separation,Moon separation,archived,2026-04-20T19:26:55Z,129.7294832613145,deg,20260420,1672,20260420:1672:plan:0006,planned_not_acquired,near_sun,scheduler_example,moon_sep_deg,/Users/yunaoxiao/Desktop/smt_asteroid/paper_analysis_20260803/snapshot/scheduler/scheduler_example_20260420.csv,,dbb46a8e7c9ac8b676de38304feef9c2622d52b25c200fe3ca598e1949fb0263
moon_separation,Moon separation,archived,2026-04-20T19:28:15Z,129.9808199458563,deg,20260420,1802,20260420:1802:0005,matched,near_sun,scheduler_example,moon_sep_deg,/Users/yunaoxiao/Desktop/smt_asteroid/paper_analysis_20260803/snapshot/scheduler/scheduler_example_20260420.csv,,dbb46a8e7c9ac8b676de38304feef9c2622d52b25c200fe3ca598e1949fb0263
moon_separation,Moon separation,archived,2026-04-20T19:29:35Z,132.239781982108,deg,20260420,1673,20260420:1673:0005,matched,near_sun,scheduler_example,moon_sep_deg,/Users/yunaoxiao/Desktop/smt_asteroid/paper_analysis_20260803/snapshot/scheduler/scheduler_example_20260420.csv,,dbb46a8e7c9ac8b676de38304feef9c2622d52b25c200fe3ca598e1949fb0263
moon_separation,Moon separation,archived,2026-04-20T19:30:55Z,132.44793836482694,deg,20260420,1803,20260420:1803:0005,matched,near_sun,scheduler_example,moon_sep_deg,/Users/yunaoxiao/Desktop/smt_asteroid/paper_analysis_20260803/snapshot/scheduler/scheduler_example_20260420.csv,,dbb46a8e7c9ac8b676de38304feef9c2622d52b25c200fe3ca598e1949fb0263
moon_separation,Moon separation,archived,2026-04-20T19:32:15Z,134.7294596067581,deg,20260420,1674,20260420:1674:0005,matched,near_sun,scheduler_example,moon_sep_deg,/Users/yunaoxiao/Desktop/smt_asteroid/paper_analysis_20260803/snapshot/scheduler/scheduler_example_20260420.csv,,dbb46a8e7c9ac8b676de38304feef9c2622d52b25c200fe3ca598e1949fb0263
moon_separation,Moon separation,archived,2026-04-20T19:33:35Z,137.3676329782325,deg,20260420,1543,20260420:1543:0005,matched,near_sun,scheduler_example,moon_sep_deg,/Users/yunaoxiao/Desktop/smt_asteroid/paper_analysis_20260803/snapshot/scheduler/scheduler_example_20260420.csv,,dbb46a8e7c9ac8b676de38304feef9c2622d52b25c200fe3ca598e1949fb0263
moon_separation,Moon separation,archived,2026-04-20T19:34:55Z,134.87127076905028,deg,20260420,1804,20260420:1804:0005,matched,near_sun,scheduler_example,moon_sep_deg,/Users/yunaoxiao/Desktop/smt_asteroid/paper_analysis_20260803/snapshot/scheduler/scheduler_example_20260420.csv,,dbb46a8e7c9ac8b676de38304feef9c2622d52b25c200fe3ca598e1949fb0263
moon_separation,Moon separation,archived,2026-04-20T19:36:15Z,137.17878224251228,deg,20260420,1675,20260420:1675:0005,matched,near_sun,scheduler_example,moon_sep_deg,/Users/yunaoxiao/Desktop/smt_asteroid/paper_analysis_20260803/snapshot/scheduler/scheduler_example_20260420.csv,,dbb46a8e7c9ac8b676de38304feef9c2622d52b25c200fe3ca598e1949fb0263
moon_separation,Moon separation,archived,2026-04-20T19:37:35Z,139.84202829589947,deg,20260420,1544,20260420:1544:0005,matched,near_sun,scheduler_example,moon_sep_deg,/Users/yunaoxiao/Desktop/smt_asteroid/paper_analysis_20260803/snapshot/scheduler/scheduler_example_20260420.csv,,dbb46a8e7c9ac8b676de38304feef9c2622d52b25c200fe3ca598e1949fb0263
moon_separation,Moon separation,archived,2026-04-20T19:38:55Z,137.26202050601995,deg,20260420,1805,20260420:1805:0005,matched,near_sun,scheduler_example,moon_sep_deg,/Users/yunaoxiao/Desktop/smt_asteroid/paper_analysis_20260803/snapshot/scheduler/scheduler_example_20260420.csv,,dbb46a8e7c9ac8b676de38304feef9c2622d52b25c200fe3ca598e1949fb0263
moon_separation,Moon separation,archived,2026-04-20T19:40:15Z,139.59972968497058,deg,20260420,1676,20260420:1676:plan:0000,planned_not_acquired,near_sun,scheduler_example,moon_sep_deg,/Users/yunaoxiao/Desktop/smt_asteroid/paper_analysis_20260803/snapshot/scheduler/scheduler_example_20260420.csv,,dbb46a8e7c9ac8b676de38304feef9c2622d52b25c200fe3ca598e1949fb0263
moon_separation,Moon separation,archived,2026-04-20T19:41:35Z,142.29192162551254,deg,20260420,1545,20260420:1545:plan:0000,planned_not_acquired,near_sun,scheduler_example,moon_sep_deg,/Users/yunaoxiao/Desktop/smt_asteroid/paper_analysis_20260803/snapshot/scheduler/scheduler_example_20260420.csv,,dbb46a8e7c9ac8b676de38304feef9c2622d52b25c200fe3ca598e1949fb0263
moon_separation,Moon separation,archived,2026-04-20T19:42:55Z,124.7327046710914,deg,20260420,1800,20260420:1800:0001,matched,near_sun,scheduler_example,moon_sep_deg,/Users/yunaoxiao/Desktop/smt_asteroid/paper_analysis_20260803/snapshot/scheduler/scheduler_example_20260420.csv,,dbb46a8e7c9ac8b676de38304feef9c2622d52b25c200fe3ca598e1949fb0263
moon_separation,Moon separation,archived,2026-04-20T19:44:15Z,127.26272125277,deg,20260420,1801,20260420:1801:0006,matched,near_sun,scheduler_example,moon_sep_deg,/Users/yunaoxiao/Desktop/smt_asteroid/paper_analysis_20260803/snapshot/scheduler/scheduler_example_20260420.csv,,dbb46a8e7c9ac8b676de38304feef9c2622d52b25c200fe3ca598e1949fb0263
moon_separation,Moon separation,archived,2026-04-20T19:45:35Z,129.49771638839405,deg,20260420,1672,20260420:1672:0006,matched,near_sun,scheduler_example,moon_sep_deg,/Users/yunaoxiao/Desktop/smt_asteroid/paper_analysis_20260803/snapshot/scheduler/scheduler_example_20260420.csv,,dbb46a8e7c9ac8b676de38304feef9c2622d52b25c200fe3ca598e1949fb0263
moon_separation,Moon separation,archived,2026-04-20T19:46:55Z,129.7559512599179,deg,20260420,1802,20260420:1802:0006,matched,near_sun,scheduler_example,moon_sep_deg,/Users/yunaoxiao/Desktop/smt_asteroid/paper_analysis_20260803/snapshot/scheduler/scheduler_example_20260420.csv,,dbb46a8e7c9ac8b676de38304feef9c2622d52b25c200fe3ca598e1949fb0263
moon_separation,Moon separation,archived,2026-04-20T19:48:15Z,132.0097909113161,deg,20260420,1673,20260420:1673:0006,matched,near_sun,scheduler_example,moon_sep_deg,/Users/yunaoxiao/Desktop/smt_asteroid/paper_analysis_20260803/snapshot/scheduler/scheduler_example_20260420.csv,,dbb46a8e7c9ac8b676de38304feef9c2622d52b25c200fe3ca598e1949fb0263
moon_separation,Moon separation,archived,2026-04-20T19:49:35Z,132.22544909289684,deg,20260420,1803,20260420:1803:0006,matched,near_sun,scheduler_example,moon_sep_deg,/Users/yunaoxiao/Desktop/smt_asteroid/paper_analysis_20260803/snapshot/scheduler/scheduler_example_20260420.csv,,dbb46a8e7c9ac8b676de38304feef9c2622d52b25c200fe3ca598e1949fb0263
moon_separation,Moon separation,archived,2026-04-20T19:50:55Z,134.5015541615182,deg,20260420,1674,20260420:1674:0006,matched,near_sun,scheduler_example,moon_sep_deg,/Users/yunaoxiao/Desktop/smt_asteroid/paper_analysis_20260803/snapshot/scheduler/scheduler_example_20260420.csv,,dbb46a8e7c9ac8b676de38304feef9c2622d52b25c200fe3ca598e1949fb0263
moon_separation,Moon separation,archived,2026-04-20T19:52:15Z,137.1348533275745,deg,20260420,1543,20260420:1543:0006,matched,near_sun,scheduler_example,moon_sep_deg,/Users/yunaoxiao/Desktop/smt_asteroid/paper_analysis_20260803/snapshot/scheduler/scheduler_example_20260420.csv,,dbb46a8e7c9ac8b676de38304feef9c2622d52b25c200fe3ca598e1949fb0263
moon_separation,Moon separation,archived,2026-04-20T19:53:35Z,134.6514979540603,deg,20260420,1804,20260420:1804:0006,matched,near_sun,scheduler_example,moon_sep_deg,/Users/yunaoxiao/Desktop/smt_asteroid/paper_analysis_20260803/snapshot/scheduler/scheduler_example_20260420.csv,,dbb46a8e7c9ac8b676de38304feef9c2622d52b25c200fe3ca598e1949fb0263
moon_separation,Moon separation,archived,2026-04-20T19:54:55Z,136.95327880153027,deg,20260420,1675,20260420:1675:0006,matched,near_sun,scheduler_example,moon_sep_deg,/Users/yunaoxiao/Desktop/smt_asteroid/paper_analysis_20260803/snapshot/scheduler/scheduler_example_20260420.csv,,dbb46a8e7c9ac8b676de38304feef9c2622d52b25c200fe3ca598e1949fb0263
moon_separation,Moon separation,archived,2026-04-20T19:56:15Z,139.6113520191675,deg,20260420,1544,20260420:1544:0006,matched,near_sun,scheduler_example,moon_sep_deg,/Users/yunaoxiao/Desktop/smt_asteroid/paper_analysis_20260803/snapshot/scheduler/scheduler_example_20260420.csv,,dbb46a8e7c9ac8b676de38304feef9c2622d52b25c200fe3ca598e1949fb0263
moon_separation,Moon separation,archived,2026-04-20T19:57:35Z,137.0454527258557,deg,20260420,1805,20260420:1805:0006,matched,near_sun,scheduler_example,moon_sep_deg,/Users/yunaoxiao/Desktop/smt_asteroid/paper_analysis_20260803/snapshot/scheduler/scheduler_example_20260420.csv,,dbb46a8e7c9ac8b676de38304feef9c2622d52b25c200fe3ca598e1949fb0263
moon_separation,Moon separation,archived,2026-04-20T19:58:55Z,139.37708575456247,deg,20260420,1676,20260420:1676:plan:0001,planned_not_acquired,near_sun,scheduler_example,moon_sep_deg,/Users/yunaoxiao/Desktop/smt_asteroid/paper_analysis_20260803/snapshot/scheduler/scheduler_example_20260420.csv,,dbb46a8e7c9ac8b676de38304feef9c2622d52b25c200fe3ca598e1949fb0263
moon_separation,Moon separation,archived,2026-04-20T20:00:15Z,142.06377795547286,deg,20260420,1545,20260420:1545:plan:0001,planned_not_acquired,near_sun,scheduler_example,moon_sep_deg,/Users/yunaoxiao/Desktop/smt_asteroid/paper_analysis_20260803/snapshot/scheduler/scheduler_example_20260420.csv,,dbb46a8e7c9ac8b676de38304feef9c2622d52b25c200fe3ca598e1949fb0263
moon_separation,Moon separation,archived,2026-04-20T20:01:35Z,124.50326888770188,deg,20260420,1800,20260420:1800:0002,matched,near_sun,scheduler_example,moon_sep_deg,/Users/yunaoxiao/Desktop/smt_asteroid/paper_analysis_20260803/snapshot/scheduler/scheduler_example_20260420.csv,,dbb46a8e7c9ac8b676de38304feef9c2622d52b25c200fe3ca598e1949fb0263
moon_separation,Moon separation,archived,2026-04-20T20:02:55Z,127.03506210485244,deg,20260420,1801,20260420:1801:0007,matched,near_sun,scheduler_example,moon_sep_deg,/Users/yunaoxiao/Desktop/smt_asteroid/paper_analysis_20260803/snapshot/scheduler/scheduler_example_20260420.csv,,dbb46a8e7c9ac8b676de38304feef9c2622d52b25c200fe3ca598e1949fb0263
moon_separation,Moon separation,archived,2026-04-20T20:04:15Z,129.26534673436328,deg,20260420,1672,20260420:1672:0007,matched,near_sun,scheduler_example,moon_sep_deg,/Users/yunaoxiao/Desktop/smt_asteroid/paper_analysis_20260803/snapshot/scheduler/scheduler_example_20260420.csv,,dbb46a8e7c9ac8b676de38304feef9c2622d52b25c200fe3ca598e1949fb0263
moon_separation,Moon separation,archived,2026-04-20T20:05:35Z,129.5303050507379,deg,20260420,1802,20260420:1802:0007,matched,near_sun,scheduler_example,moon_sep_deg,/Users/yunaoxiao/Desktop/smt_asteroid/paper_analysis_20260803/snapshot/scheduler/scheduler_example_20260420.csv,,dbb46a8e7c9ac8b676de38304feef9c2622d52b25c200fe3ca598e1949fb0263
moon_separation,Moon separation,archived,2026-04-20T20:06:55Z,131.77917568593858,deg,20260420,1673,20260420:1673:0007,matched,near_sun,scheduler_example,moon_sep_deg,/Users/yunaoxiao/Desktop/smt_asteroid/paper_analysis_20260803/snapshot/scheduler/scheduler_example_20260420.csv,,dbb46a8e7c9ac8b676de38304feef9c2622d52b25c200fe3ca598e1949fb0263
moon_separation,Moon separation,archived,2026-04-20T20:08:15Z,132.0021453379711,deg,20260420,1803,20260420:1803:0007,matched,near_sun,scheduler_example,moon_sep_deg,/Users/yunaoxiao/Desktop/smt_asteroid/paper_analysis_20260803/snapshot/scheduler/scheduler_example_20260420.csv,,dbb46a8e7c9ac8b676de38304feef9c2622d52b25c200fe3ca598e1949fb0263
moon_separation,Moon separation,archived,2026-04-20T20:09:35Z,134.27299212540123,deg,20260420,1674,20260420:1674:0007,matched,near_sun,scheduler_example,moon_sep_deg,/Users/yunaoxiao/Desktop/smt_asteroid/paper_analysis_20260803/snapshot/scheduler/scheduler_example_20260420.csv,,dbb46a8e7c9ac8b676de38304feef9c2622d52b25c200fe3ca598e1949fb0263
moon_separation,Moon separation,archived,2026-04-20T20:10:55Z,136.90157692658426,deg,20260420,1543,20260420:1543:0007,matched,near_sun,scheduler_example,moon_sep_deg,/Users/yunaoxiao/Desktop/smt_asteroid/paper_analysis_20260803/snapshot/scheduler/scheduler_example_20260420.csv,,dbb46a8e7c9ac8b676de38304feef9c2622d52b25c200fe3ca598e1949fb0263
moon_separation,Moon separation,archived,2026-04-20T20:12:15Z,134.4308837574396,deg,20260420,1804,20260420:1804:0007,matched,near_sun,scheduler_example,moon_sep_deg,/Users/yunaoxiao/Desktop/smt_asteroid/paper_analysis_20260803/snapshot/scheduler/scheduler_example_20260420.csv,,dbb46a8e7c9ac8b676de38304feef9c2622d52b25c200fe3ca598e1949fb0263
moon_separation,Moon separation,archived,2026-04-20T20:13:35Z,136.72709689187806,deg,20260420,1675,20260420:1675:0007,matched,near_sun,scheduler_example,moon_sep_deg,/Users/yunaoxiao/Desktop/smt_asteroid/paper_analysis_20260803/snapshot/scheduler/scheduler_example_20260420.csv,,dbb46a8e7c9ac8b676de38304feef9c2622d52b25c200fe3ca598e1949fb0263
moon_separation,Moon separation,archived,2026-04-20T20:14:55Z,139.3801619777046,deg,20260420,1544,20260420:1544:0007,matched,near_sun,scheduler_example,moon_sep_deg,/Users/yunaoxiao/Desktop/smt_asteroid/paper_analysis_20260803/snapshot/scheduler/scheduler_example_20260420.csv,,dbb46a8e7c9ac8b676de38304feef9c2622d52b25c200fe3ca598e1949fb0263
moon_separation,Moon separation,archived,2026-04-20T20:16:15Z,136.8280003620991,deg,20260420,1805,20260420:1805:0007,matched,near_sun,scheduler_example,moon_sep_deg,/Users/yunaoxiao/Desktop/smt_asteroid/paper_analysis_20260803/snapshot/scheduler/scheduler_example_20260420.csv,,dbb46a8e7c9ac8b676de38304feef9c2622d52b25c200fe3ca598e1949fb0263
moon_separation,Moon separation,archived,2026-04-20T20:17:35Z,139.15372484669953,deg,20260420,1676,20260420:1676:0001,matched,near_sun,scheduler_example,moon_sep_deg,/Users/yunaoxiao/Desktop/smt_asteroid/paper_analysis_20260803/snapshot/scheduler/scheduler_example_20260420.csv,,dbb46a8e7c9ac8b676de38304feef9c2622d52b25c200fe3ca598e1949fb0263
moon_separation,Moon separation,archived,2026-04-20T20:18:55Z,141.8350863952363,deg,20260420,1545,20260420:1545:0001,matched,near_sun,scheduler_example,moon_sep_deg,/Users/yunaoxiao/Desktop/smt_asteroid/paper_analysis_20260803/snapshot/scheduler/scheduler_example_20260420.csv,,dbb46a8e7c9ac8b676de38304feef9c2622d52b25c200fe3ca598e1949fb0263
altitude,Target altitude,not_archived,,,deg,20260420,,,,,,,,"no archived numeric column with an archived timestamp in scheduler example, optional L2 manifest, or optional footprint",dbb46a8e7c9ac8b676de38304feef9c2622d52b25c200fe3ca598e1949fb0263
airmass,Airmass,not_archived,,,,20260420,,,,,,,,"no archived numeric column with an archived timestamp in scheduler example, optional L2 manifest, or optional footprint",dbb46a8e7c9ac8b676de38304feef9c2622d52b25c200fe3ca598e1949fb0263
