dra_bin_center_arcsec,ddec_bin_center_arcsec,matched_n
-0.99,-0.99,0
-0.99,-0.97,0
-0.99,-0.95,0
-0.99,-0.9299999999999999,0
-0.99,-0.91,0
-0.99,-0.89,0
-0.99,-0.87,0
-0.99,-0.85,0
-0.99,-0.8300000000000001,0
-0.99,-0.81,0
-0.99,-0.79,0
-0.99,-0.77,0
-0.99,-0.75,0
-0.99,-0.73,0
-0.99,-0.71,0
-0.99,-0.69,0
-0.99,-0.6699999999999999,0
-0.99,-0.6499999999999999,0
-0.99,-0.63,0
-0.99,-0.61,0
-0.99,-0.5900000000000001,0
-0.99,-0.5700000000000001,0
-0.99,-0.55,0
-0.99,-0.53,0
-0.99,-0.51,0
-0.99,-0.49,0
-0.99,-0.47,0
-0.99,-0.44999999999999996,0
-0.99,-0.43,0
-0.99,-0.41000000000000003,0
-0.99,-0.39,0
-0.99,-0.37,0
-0.99,-0.35,0
-0.99,-0.32999999999999996,0
-0.99,-0.30999999999999994,0
-0.99,-0.29,0
-0.99,-0.27,0
-0.99,-0.25,0
-0.99,-0.22999999999999998,0
-0.99,-0.20999999999999996,0
-0.99,-0.18999999999999995,0
-0.99,-0.16999999999999998,0
-0.99,-0.15000000000000002,1
-0.99,-0.13,5
-0.99,-0.10999999999999999,5
-0.99,-0.08999999999999997,7
-0.99,-0.06999999999999995,6
-0.99,-0.04999999999999999,7
-0.99,-0.030000000000000027,3
-0.99,-0.010000000000000009,5
-0.99,0.010000000000000009,9
-0.99,0.030000000000000027,3
-0.99,0.050000000000000044,4
-0.99,0.07000000000000006,3
-0.99,0.09000000000000008,6
-0.99,0.1100000000000001,4
-0.99,0.13000000000000012,3
-0.99,0.15000000000000002,0
-0.99,0.16999999999999993,1
-0.99,0.18999999999999995,0
-0.99,0.20999999999999996,0
-0.99,0.22999999999999998,0
-0.99,0.25,0
-0.99,0.27,0
-0.99,0.29000000000000004,0
-0.99,0.31000000000000005,0
-0.99,0.33000000000000007,0
-0.99,0.3500000000000001,0
-0.99,0.3700000000000001,0
-0.99,0.3900000000000001,0
-0.99,0.41000000000000003,0
-0.99,0.42999999999999994,0
-0.99,0.44999999999999996,0
-0.99,0.47,0
-0.99,0.49,0
-0.99,0.51,0
-0.99,0.53,0
-0.99,0.55,0
-0.99,0.5700000000000001,0
-0.99,0.5900000000000001,0
-0.99,0.6100000000000001,0
-0.99,0.6300000000000001,0
-0.99,0.6500000000000001,0
-0.99,0.67,0
-0.99,0.69,0
-0.99,0.71,0
-0.99,0.73,0
-0.99,0.75,0
-0.99,0.77,0
-0.99,0.79,0
-0.99,0.81,0
-0.99,0.8300000000000001,0
-0.99,0.8500000000000001,0
-0.99,0.8700000000000001,0
-0.99,0.8900000000000001,0
-0.99,0.91,0
-0.99,0.9299999999999999,0
-0.99,0.95,0
-0.99,0.97,0
-0.99,0.99,0
-0.97,-0.99,0
-0.97,-0.97,0
-0.97,-0.95,0
-0.97,-0.9299999999999999,0
-0.97,-0.91,0
-0.97,-0.89,0
-0.97,-0.87,0
-0.97,-0.85,0
-0.97,-0.8300000000000001,0
-0.97,-0.81,0
-0.97,-0.79,0
-0.97,-0.77,0
-0.97,-0.75,0
-0.97,-0.73,0
-0.97,-0.71,0
-0.97,-0.69,0
-0.97,-0.6699999999999999,0
-0.97,-0.6499999999999999,0
-0.97,-0.63,0
-0.97,-0.61,0
-0.97,-0.5900000000000001,0
-0.97,-0.5700000000000001,0
-0.97,-0.55,0
-0.97,-0.53,0
-0.97,-0.51,0
-0.97,-0.49,0
-0.97,-0.47,0
-0.97,-0.44999999999999996,0
-0.97,-0.43,0
-0.97,-0.41000000000000003,0
-0.97,-0.39,0
-0.97,-0.37,0
-0.97,-0.35,0
-0.97,-0.32999999999999996,0
-0.97,-0.30999999999999994,0
-0.97,-0.29,0
-0.97,-0.27,1
-0.97,-0.25,4
-0.97,-0.22999999999999998,4
-0.97,-0.20999999999999996,3
-0.97,-0.18999999999999995,5
-0.97,-0.16999999999999998,3
-0.97,-0.15000000000000002,4
-0.97,-0.13,4
-0.97,-0.10999999999999999,4
-0.97,-0.08999999999999997,7
-0.97,-0.06999999999999995,6
-0.97,-0.04999999999999999,3
-0.97,-0.030000000000000027,2
-0.97,-0.010000000000000009,7
-0.97,0.010000000000000009,9
-0.97,0.030000000000000027,3
-0.97,0.050000000000000044,6
-0.97,0.07000000000000006,5
-0.97,0.09000000000000008,8
-0.97,0.1100000000000001,6
-0.97,0.13000000000000012,5
-0.97,0.15000000000000002,4
-0.97,0.16999999999999993,4
-0.97,0.18999999999999995,5
-0.97,0.20999999999999996,2
-0.97,0.22999999999999998,4
-0.97,0.25,0
-0.97,0.27,0
-0.97,0.29000000000000004,0
-0.97,0.31000000000000005,0
-0.97,0.33000000000000007,0
-0.97,0.3500000000000001,0
-0.97,0.3700000000000001,0
-0.97,0.3900000000000001,0
-0.97,0.41000000000000003,0
-0.97,0.42999999999999994,0
-0.97,0.44999999999999996,0
-0.97,0.47,0
-0.97,0.49,0
-0.97,0.51,0
-0.97,0.53,0
-0.97,0.55,0
-0.97,0.5700000000000001,0
-0.97,0.5900000000000001,0
-0.97,0.6100000000000001,0
-0.97,0.6300000000000001,0
-0.97,0.6500000000000001,0
-0.97,0.67,0
-0.97,0.69,0
-0.97,0.71,0
-0.97,0.73,0
-0.97,0.75,0
-0.97,0.77,0
-0.97,0.79,0
-0.97,0.81,0
-0.97,0.8300000000000001,0
-0.97,0.8500000000000001,0
-0.97,0.8700000000000001,0
-0.97,0.8900000000000001,0
-0.97,0.91,0
-0.97,0.9299999999999999,0
-0.97,0.95,0
-0.97,0.97,0
-0.97,0.99,0
-0.95,-0.99,0
-0.95,-0.97,0
-0.95,-0.95,0
-0.95,-0.9299999999999999,0
-0.95,-0.91,0
-0.95,-0.89,0
-0.95,-0.87,0
-0.95,-0.85,0
-0.95,-0.8300000000000001,0
-0.95,-0.81,0
-0.95,-0.79,0
-0.95,-0.77,0
-0.95,-0.75,0
-0.95,-0.73,0
-0.95,-0.71,0
-0.95,-0.69,0
-0.95,-0.6699999999999999,0
-0.95,-0.6499999999999999,0
-0.95,-0.63,0
-0.95,-0.61,0
-0.95,-0.5900000000000001,0
-0.95,-0.5700000000000001,0
-0.95,-0.55,0
-0.95,-0.53,0
-0.95,-0.51,0
-0.95,-0.49,0
-0.95,-0.47,0
-0.95,-0.44999999999999996,0
-0.95,-0.43,0
-0.95,-0.41000000000000003,0
-0.95,-0.39,0
-0.95,-0.37,0
-0.95,-0.35,0
-0.95,-0.32999999999999996,0
-0.95,-0.30999999999999994,6
-0.95,-0.29,2
-0.95,-0.27,5
-0.95,-0.25,3
-0.95,-0.22999999999999998,4
-0.95,-0.20999999999999996,7
-0.95,-0.18999999999999995,12
-0.95,-0.16999999999999998,5
-0.95,-0.15000000000000002,8
-0.95,-0.13,8
-0.95,-0.10999999999999999,7
-0.95,-0.08999999999999997,8
-0.95,-0.06999999999999995,6
-0.95,-0.04999999999999999,3
-0.95,-0.030000000000000027,4
-0.95,-0.010000000000000009,3
-0.95,0.010000000000000009,3
-0.95,0.030000000000000027,9
-0.95,0.050000000000000044,9
-0.95,0.07000000000000006,6
-0.95,0.09000000000000008,7
-0.95,0.1100000000000001,8
-0.95,0.13000000000000012,5
-0.95,0.15000000000000002,4
-0.95,0.16999999999999993,10
-0.95,0.18999999999999995,2
-0.95,0.20999999999999996,5
-0.95,0.22999999999999998,1
-0.95,0.25,5
-0.95,0.27,4
-0.95,0.29000000000000004,6
-0.95,0.31000000000000005,2
-0.95,0.33000000000000007,0
-0.95,0.3500000000000001,0
-0.95,0.3700000000000001,0
-0.95,0.3900000000000001,0
-0.95,0.41000000000000003,0
-0.95,0.42999999999999994,0
-0.95,0.44999999999999996,0
-0.95,0.47,0
-0.95,0.49,0
-0.95,0.51,0
-0.95,0.53,0
-0.95,0.55,0
-0.95,0.5700000000000001,0
-0.95,0.5900000000000001,0
-0.95,0.6100000000000001,0
-0.95,0.6300000000000001,0
-0.95,0.6500000000000001,0
-0.95,0.67,0
-0.95,0.69,0
-0.95,0.71,0
-0.95,0.73,0
-0.95,0.75,0
-0.95,0.77,0
-0.95,0.79,0
-0.95,0.81,0
-0.95,0.8300000000000001,0
-0.95,0.8500000000000001,0
-0.95,0.8700000000000001,0
-0.95,0.8900000000000001,0
-0.95,0.91,0
-0.95,0.9299999999999999,0
-0.95,0.95,0
-0.95,0.97,0
-0.95,0.99,0
-0.9299999999999999,-0.99,0
-0.9299999999999999,-0.97,0
-0.9299999999999999,-0.95,0
-0.9299999999999999,-0.9299999999999999,0
-0.9299999999999999,-0.91,0
-0.9299999999999999,-0.89,0
-0.9299999999999999,-0.87,0
-0.9299999999999999,-0.85,0
-0.9299999999999999,-0.8300000000000001,0
-0.9299999999999999,-0.81,0
-0.9299999999999999,-0.79,0
-0.9299999999999999,-0.77,0
-0.9299999999999999,-0.75,0
-0.9299999999999999,-0.73,0
-0.9299999999999999,-0.71,0
-0.9299999999999999,-0.69,0
-0.9299999999999999,-0.6699999999999999,0
-0.9299999999999999,-0.6499999999999999,0
-0.9299999999999999,-0.63,0
-0.9299999999999999,-0.61,0
-0.9299999999999999,-0.5900000000000001,0
-0.9299999999999999,-0.5700000000000001,0
-0.9299999999999999,-0.55,0
-0.9299999999999999,-0.53,0
-0.9299999999999999,-0.51,0
-0.9299999999999999,-0.49,0
-0.9299999999999999,-0.47,0
-0.9299999999999999,-0.44999999999999996,0
-0.9299999999999999,-0.43,0
-0.9299999999999999,-0.41000000000000003,0
-0.9299999999999999,-0.39,0
-0.9299999999999999,-0.37,2
-0.9299999999999999,-0.35,8
-0.9299999999999999,-0.32999999999999996,6
-0.9299999999999999,-0.30999999999999994,4
-0.9299999999999999,-0.29,6
-0.9299999999999999,-0.27,8
-0.9299999999999999,-0.25,9
-0.9299999999999999,-0.22999999999999998,5
-0.9299999999999999,-0.20999999999999996,4
-0.9299999999999999,-0.18999999999999995,7
-0.9299999999999999,-0.16999999999999998,5
-0.9299999999999999,-0.15000000000000002,9
-0.9299999999999999,-0.13,6
-0.9299999999999999,-0.10999999999999999,7
-0.9299999999999999,-0.08999999999999997,8
-0.9299999999999999,-0.06999999999999995,5
-0.9299999999999999,-0.04999999999999999,5
-0.9299999999999999,-0.030000000000000027,6
-0.9299999999999999,-0.010000000000000009,7
-0.9299999999999999,0.010000000000000009,6
-0.9299999999999999,0.030000000000000027,8
-0.9299999999999999,0.050000000000000044,9
-0.9299999999999999,0.07000000000000006,9
-0.9299999999999999,0.09000000000000008,5
-0.9299999999999999,0.1100000000000001,4
-0.9299999999999999,0.13000000000000012,6
-0.9299999999999999,0.15000000000000002,5
-0.9299999999999999,0.16999999999999993,5
-0.9299999999999999,0.18999999999999995,6
-0.9299999999999999,0.20999999999999996,6
-0.9299999999999999,0.22999999999999998,8
-0.9299999999999999,0.25,5
-0.9299999999999999,0.27,11
-0.9299999999999999,0.29000000000000004,5
-0.9299999999999999,0.31000000000000005,1
-0.9299999999999999,0.33000000000000007,5
-0.9299999999999999,0.3500000000000001,4
-0.9299999999999999,0.3700000000000001,0
-0.9299999999999999,0.3900000000000001,1
-0.9299999999999999,0.41000000000000003,0
-0.9299999999999999,0.42999999999999994,0
-0.9299999999999999,0.44999999999999996,0
-0.9299999999999999,0.47,0
-0.9299999999999999,0.49,0
-0.9299999999999999,0.51,0
-0.9299999999999999,0.53,0
-0.9299999999999999,0.55,0
-0.9299999999999999,0.5700000000000001,0
-0.9299999999999999,0.5900000000000001,0
-0.9299999999999999,0.6100000000000001,0
-0.9299999999999999,0.6300000000000001,0
-0.9299999999999999,0.6500000000000001,0
-0.9299999999999999,0.67,0
-0.9299999999999999,0.69,0
-0.9299999999999999,0.71,0
-0.9299999999999999,0.73,0
-0.9299999999999999,0.75,0
-0.9299999999999999,0.77,0
-0.9299999999999999,0.79,0
-0.9299999999999999,0.81,0
-0.9299999999999999,0.8300000000000001,0
-0.9299999999999999,0.8500000000000001,0
-0.9299999999999999,0.8700000000000001,0
-0.9299999999999999,0.8900000000000001,0
-0.9299999999999999,0.91,0
-0.9299999999999999,0.9299999999999999,0
-0.9299999999999999,0.95,0
-0.9299999999999999,0.97,0
-0.9299999999999999,0.99,0
-0.91,-0.99,0
-0.91,-0.97,0
-0.91,-0.95,0
-0.91,-0.9299999999999999,0
-0.91,-0.91,0
-0.91,-0.89,0
-0.91,-0.87,0
-0.91,-0.85,0
-0.91,-0.8300000000000001,0
-0.91,-0.81,0
-0.91,-0.79,0
-0.91,-0.77,0
-0.91,-0.75,0
-0.91,-0.73,0
-0.91,-0.71,0
-0.91,-0.69,0
-0.91,-0.6699999999999999,0
-0.91,-0.6499999999999999,0
-0.91,-0.63,0
-0.91,-0.61,0
-0.91,-0.5900000000000001,0
-0.91,-0.5700000000000001,0
-0.91,-0.55,0
-0.91,-0.53,0
-0.91,-0.51,0
-0.91,-0.49,0
-0.91,-0.47,0
-0.91,-0.44999999999999996,0
-0.91,-0.43,0
-0.91,-0.41000000000000003,6
-0.91,-0.39,5
-0.91,-0.37,5
-0.91,-0.35,4
-0.91,-0.32999999999999996,6
-0.91,-0.30999999999999994,1
-0.91,-0.29,3
-0.91,-0.27,5
-0.91,-0.25,7
-0.91,-0.22999999999999998,7
-0.91,-0.20999999999999996,6
-0.91,-0.18999999999999995,6
-0.91,-0.16999999999999998,9
-0.91,-0.15000000000000002,9
-0.91,-0.13,7
-0.91,-0.10999999999999999,8
-0.91,-0.08999999999999997,11
-0.91,-0.06999999999999995,4
-0.91,-0.04999999999999999,6
-0.91,-0.030000000000000027,4
-0.91,-0.010000000000000009,8
-0.91,0.010000000000000009,5
-0.91,0.030000000000000027,7
-0.91,0.050000000000000044,5
-0.91,0.07000000000000006,6
-0.91,0.09000000000000008,6
-0.91,0.1100000000000001,3
-0.91,0.13000000000000012,7
-0.91,0.15000000000000002,5
-0.91,0.16999999999999993,8
-0.91,0.18999999999999995,2
-0.91,0.20999999999999996,10
-0.91,0.22999999999999998,7
-0.91,0.25,8
-0.91,0.27,4
-0.91,0.29000000000000004,7
-0.91,0.31000000000000005,10
-0.91,0.33000000000000007,4
-0.91,0.3500000000000001,4
-0.91,0.3700000000000001,4
-0.91,0.3900000000000001,3
-0.91,0.41000000000000003,2
-0.91,0.42999999999999994,0
-0.91,0.44999999999999996,0
-0.91,0.47,0
-0.91,0.49,0
-0.91,0.51,0
-0.91,0.53,0
-0.91,0.55,0
-0.91,0.5700000000000001,0
-0.91,0.5900000000000001,0
-0.91,0.6100000000000001,0
-0.91,0.6300000000000001,0
-0.91,0.6500000000000001,0
-0.91,0.67,0
-0.91,0.69,0
-0.91,0.71,0
-0.91,0.73,0
-0.91,0.75,0
-0.91,0.77,0
-0.91,0.79,0
-0.91,0.81,0
-0.91,0.8300000000000001,0
-0.91,0.8500000000000001,0
-0.91,0.8700000000000001,0
-0.91,0.8900000000000001,0
-0.91,0.91,0
-0.91,0.9299999999999999,0
-0.91,0.95,0
-0.91,0.97,0
-0.91,0.99,0
-0.89,-0.99,0
-0.89,-0.97,0
-0.89,-0.95,0
-0.89,-0.9299999999999999,0
-0.89,-0.91,0
-0.89,-0.89,0
-0.89,-0.87,0
-0.89,-0.85,0
-0.89,-0.8300000000000001,0
-0.89,-0.81,0
-0.89,-0.79,0
-0.89,-0.77,0
-0.89,-0.75,0
-0.89,-0.73,0
-0.89,-0.71,0
-0.89,-0.69,0
-0.89,-0.6699999999999999,0
-0.89,-0.6499999999999999,0
-0.89,-0.63,0
-0.89,-0.61,0
-0.89,-0.5900000000000001,0
-0.89,-0.5700000000000001,0
-0.89,-0.55,0
-0.89,-0.53,0
-0.89,-0.51,0
-0.89,-0.49,0
-0.89,-0.47,1
-0.89,-0.44999999999999996,1
-0.89,-0.43,7
-0.89,-0.41000000000000003,5
-0.89,-0.39,5
-0.89,-0.37,6
-0.89,-0.35,11
-0.89,-0.32999999999999996,9
-0.89,-0.30999999999999994,5
-0.89,-0.29,7
-0.89,-0.27,6
-0.89,-0.25,3
-0.89,-0.22999999999999998,5
-0.89,-0.20999999999999996,10
-0.89,-0.18999999999999995,6
-0.89,-0.16999999999999998,6
-0.89,-0.15000000000000002,7
-0.89,-0.13,9
-0.89,-0.10999999999999999,8
-0.89,-0.08999999999999997,13
-0.89,-0.06999999999999995,9
-0.89,-0.04999999999999999,11
-0.89,-0.030000000000000027,6
-0.89,-0.010000000000000009,6
-0.89,0.010000000000000009,9
-0.89,0.030000000000000027,4
-0.89,0.050000000000000044,7
-0.89,0.07000000000000006,11
-0.89,0.09000000000000008,10
-0.89,0.1100000000000001,10
-0.89,0.13000000000000012,5
-0.89,0.15000000000000002,8
-0.89,0.16999999999999993,3
-0.89,0.18999999999999995,2
-0.89,0.20999999999999996,13
-0.89,0.22999999999999998,4
-0.89,0.25,12
-0.89,0.27,5
-0.89,0.29000000000000004,5
-0.89,0.31000000000000005,4
-0.89,0.33000000000000007,2
-0.89,0.3500000000000001,9
-0.89,0.3700000000000001,6
-0.89,0.3900000000000001,6
-0.89,0.41000000000000003,4
-0.89,0.42999999999999994,5
-0.89,0.44999999999999996,1
-0.89,0.47,3
-0.89,0.49,0
-0.89,0.51,0
-0.89,0.53,0
-0.89,0.55,0
-0.89,0.5700000000000001,0
-0.89,0.5900000000000001,0
-0.89,0.6100000000000001,0
-0.89,0.6300000000000001,0
-0.89,0.6500000000000001,0
-0.89,0.67,0
-0.89,0.69,0
-0.89,0.71,0
-0.89,0.73,0
-0.89,0.75,0
-0.89,0.77,0
-0.89,0.79,0
-0.89,0.81,0
-0.89,0.8300000000000001,0
-0.89,0.8500000000000001,0
-0.89,0.8700000000000001,0
-0.89,0.8900000000000001,0
-0.89,0.91,0
-0.89,0.9299999999999999,0
-0.89,0.95,0
-0.89,0.97,0
-0.89,0.99,0
-0.87,-0.99,0
-0.87,-0.97,0
-0.87,-0.95,0
-0.87,-0.9299999999999999,0
-0.87,-0.91,0
-0.87,-0.89,0
-0.87,-0.87,0
-0.87,-0.85,0
-0.87,-0.8300000000000001,0
-0.87,-0.81,0
-0.87,-0.79,0
-0.87,-0.77,0
-0.87,-0.75,0
-0.87,-0.73,0
-0.87,-0.71,0
-0.87,-0.69,0
-0.87,-0.6699999999999999,0
-0.87,-0.6499999999999999,0
-0.87,-0.63,0
-0.87,-0.61,0
-0.87,-0.5900000000000001,0
-0.87,-0.5700000000000001,0
-0.87,-0.55,0
-0.87,-0.53,0
-0.87,-0.51,0
-0.87,-0.49,1
-0.87,-0.47,4
-0.87,-0.44999999999999996,3
-0.87,-0.43,8
-0.87,-0.41000000000000003,3
-0.87,-0.39,5
-0.87,-0.37,4
-0.87,-0.35,5
-0.87,-0.32999999999999996,6
-0.87,-0.30999999999999994,8
-0.87,-0.29,4
-0.87,-0.27,7
-0.87,-0.25,15
-0.87,-0.22999999999999998,8
-0.87,-0.20999999999999996,7
-0.87,-0.18999999999999995,7
-0.87,-0.16999999999999998,6
-0.87,-0.15000000000000002,12
-0.87,-0.13,7
-0.87,-0.10999999999999999,4
-0.87,-0.08999999999999997,4
-0.87,-0.06999999999999995,2
-0.87,-0.04999999999999999,10
-0.87,-0.030000000000000027,12
-0.87,-0.010000000000000009,7
-0.87,0.010000000000000009,11
-0.87,0.030000000000000027,8
-0.87,0.050000000000000044,4
-0.87,0.07000000000000006,5
-0.87,0.09000000000000008,12
-0.87,0.1100000000000001,8
-0.87,0.13000000000000012,7
-0.87,0.15000000000000002,8
-0.87,0.16999999999999993,11
-0.87,0.18999999999999995,5
-0.87,0.20999999999999996,6
-0.87,0.22999999999999998,10
-0.87,0.25,5
-0.87,0.27,5
-0.87,0.29000000000000004,6
-0.87,0.31000000000000005,4
-0.87,0.33000000000000007,9
-0.87,0.3500000000000001,8
-0.87,0.3700000000000001,7
-0.87,0.3900000000000001,5
-0.87,0.41000000000000003,2
-0.87,0.42999999999999994,8
-0.87,0.44999999999999996,5
-0.87,0.47,9
-0.87,0.49,4
-0.87,0.51,0
-0.87,0.53,0
-0.87,0.55,0
-0.87,0.5700000000000001,0
-0.87,0.5900000000000001,0
-0.87,0.6100000000000001,0
-0.87,0.6300000000000001,0
-0.87,0.6500000000000001,0
-0.87,0.67,0
-0.87,0.69,0
-0.87,0.71,0
-0.87,0.73,0
-0.87,0.75,0
-0.87,0.77,0
-0.87,0.79,0
-0.87,0.81,0
-0.87,0.8300000000000001,0
-0.87,0.8500000000000001,0
-0.87,0.8700000000000001,0
-0.87,0.8900000000000001,0
-0.87,0.91,0
-0.87,0.9299999999999999,0
-0.87,0.95,0
-0.87,0.97,0
-0.87,0.99,0
-0.85,-0.99,0
-0.85,-0.97,0
-0.85,-0.95,0
-0.85,-0.9299999999999999,0
-0.85,-0.91,0
-0.85,-0.89,0
-0.85,-0.87,0
-0.85,-0.85,0
-0.85,-0.8300000000000001,0
-0.85,-0.81,0
-0.85,-0.79,0
-0.85,-0.77,0
-0.85,-0.75,0
-0.85,-0.73,0
-0.85,-0.71,0
-0.85,-0.69,0
-0.85,-0.6699999999999999,0
-0.85,-0.6499999999999999,0
-0.85,-0.63,0
-0.85,-0.61,0
-0.85,-0.5900000000000001,0
-0.85,-0.5700000000000001,0
-0.85,-0.55,0
-0.85,-0.53,1
-0.85,-0.51,5
-0.85,-0.49,6
-0.85,-0.47,5
-0.85,-0.44999999999999996,5
-0.85,-0.43,8
-0.85,-0.41000000000000003,5
-0.85,-0.39,4
-0.85,-0.37,9
-0.85,-0.35,3
-0.85,-0.32999999999999996,6
-0.85,-0.30999999999999994,5
-0.85,-0.29,9
-0.85,-0.27,10
-0.85,-0.25,7
-0.85,-0.22999999999999998,14
-0.85,-0.20999999999999996,8
-0.85,-0.18999999999999995,10
-0.85,-0.16999999999999998,10
-0.85,-0.15000000000000002,6
-0.85,-0.13,15
-0.85,-0.10999999999999999,13
-0.85,-0.08999999999999997,9
-0.85,-0.06999999999999995,8
-0.85,-0.04999999999999999,15
-0.85,-0.030000000000000027,9
-0.85,-0.010000000000000009,9
-0.85,0.010000000000000009,10
-0.85,0.030000000000000027,9
-0.85,0.050000000000000044,5
-0.85,0.07000000000000006,9
-0.85,0.09000000000000008,11
-0.85,0.1100000000000001,9
-0.85,0.13000000000000012,7
-0.85,0.15000000000000002,7
-0.85,0.16999999999999993,6
-0.85,0.18999999999999995,14
-0.85,0.20999999999999996,5
-0.85,0.22999999999999998,8
-0.85,0.25,6
-0.85,0.27,5
-0.85,0.29000000000000004,6
-0.85,0.31000000000000005,7
-0.85,0.33000000000000007,6
-0.85,0.3500000000000001,8
-0.85,0.3700000000000001,6
-0.85,0.3900000000000001,12
-0.85,0.41000000000000003,3
-0.85,0.42999999999999994,6
-0.85,0.44999999999999996,8
-0.85,0.47,2
-0.85,0.49,3
-0.85,0.51,4
-0.85,0.53,2
-0.85,0.55,0
-0.85,0.5700000000000001,0
-0.85,0.5900000000000001,0
-0.85,0.6100000000000001,0
-0.85,0.6300000000000001,0
-0.85,0.6500000000000001,0
-0.85,0.67,0
-0.85,0.69,0
-0.85,0.71,0
-0.85,0.73,0
-0.85,0.75,0
-0.85,0.77,0
-0.85,0.79,0
-0.85,0.81,0
-0.85,0.8300000000000001,0
-0.85,0.8500000000000001,0
-0.85,0.8700000000000001,0
-0.85,0.8900000000000001,0
-0.85,0.91,0
-0.85,0.9299999999999999,0
-0.85,0.95,0
-0.85,0.97,0
-0.85,0.99,0
-0.8300000000000001,-0.99,0
-0.8300000000000001,-0.97,0
-0.8300000000000001,-0.95,0
-0.8300000000000001,-0.9299999999999999,0
-0.8300000000000001,-0.91,0
-0.8300000000000001,-0.89,0
-0.8300000000000001,-0.87,0
-0.8300000000000001,-0.85,0
-0.8300000000000001,-0.8300000000000001,0
-0.8300000000000001,-0.81,0
-0.8300000000000001,-0.79,0
-0.8300000000000001,-0.77,0
-0.8300000000000001,-0.75,0
-0.8300000000000001,-0.73,0
-0.8300000000000001,-0.71,0
-0.8300000000000001,-0.69,0
-0.8300000000000001,-0.6699999999999999,0
-0.8300000000000001,-0.6499999999999999,0
-0.8300000000000001,-0.63,0
-0.8300000000000001,-0.61,0
-0.8300000000000001,-0.5900000000000001,0
-0.8300000000000001,-0.5700000000000001,0
-0.8300000000000001,-0.55,4
-0.8300000000000001,-0.53,3
-0.8300000000000001,-0.51,8
-0.8300000000000001,-0.49,3
-0.8300000000000001,-0.47,7
-0.8300000000000001,-0.44999999999999996,6
-0.8300000000000001,-0.43,5
-0.8300000000000001,-0.41000000000000003,6
-0.8300000000000001,-0.39,18
-0.8300000000000001,-0.37,8
-0.8300000000000001,-0.35,6
-0.8300000000000001,-0.32999999999999996,10
-0.8300000000000001,-0.30999999999999994,7
-0.8300000000000001,-0.29,9
-0.8300000000000001,-0.27,9
-0.8300000000000001,-0.25,13
-0.8300000000000001,-0.22999999999999998,11
-0.8300000000000001,-0.20999999999999996,5
-0.8300000000000001,-0.18999999999999995,5
-0.8300000000000001,-0.16999999999999998,10
-0.8300000000000001,-0.15000000000000002,13
-0.8300000000000001,-0.13,9
-0.8300000000000001,-0.10999999999999999,10
-0.8300000000000001,-0.08999999999999997,12
-0.8300000000000001,-0.06999999999999995,8
-0.8300000000000001,-0.04999999999999999,7
-0.8300000000000001,-0.030000000000000027,9
-0.8300000000000001,-0.010000000000000009,7
-0.8300000000000001,0.010000000000000009,12
-0.8300000000000001,0.030000000000000027,13
-0.8300000000000001,0.050000000000000044,9
-0.8300000000000001,0.07000000000000006,10
-0.8300000000000001,0.09000000000000008,9
-0.8300000000000001,0.1100000000000001,4
-0.8300000000000001,0.13000000000000012,10
-0.8300000000000001,0.15000000000000002,9
-0.8300000000000001,0.16999999999999993,5
-0.8300000000000001,0.18999999999999995,7
-0.8300000000000001,0.20999999999999996,4
-0.8300000000000001,0.22999999999999998,5
-0.8300000000000001,0.25,10
-0.8300000000000001,0.27,12
-0.8300000000000001,0.29000000000000004,6
-0.8300000000000001,0.31000000000000005,5
-0.8300000000000001,0.33000000000000007,13
-0.8300000000000001,0.3500000000000001,4
-0.8300000000000001,0.3700000000000001,4
-0.8300000000000001,0.3900000000000001,7
-0.8300000000000001,0.41000000000000003,5
-0.8300000000000001,0.42999999999999994,7
-0.8300000000000001,0.44999999999999996,2
-0.8300000000000001,0.47,7
-0.8300000000000001,0.49,7
-0.8300000000000001,0.51,5
-0.8300000000000001,0.53,8
-0.8300000000000001,0.55,1
-0.8300000000000001,0.5700000000000001,0
-0.8300000000000001,0.5900000000000001,0
-0.8300000000000001,0.6100000000000001,0
-0.8300000000000001,0.6300000000000001,0
-0.8300000000000001,0.6500000000000001,0
-0.8300000000000001,0.67,0
-0.8300000000000001,0.69,0
-0.8300000000000001,0.71,0
-0.8300000000000001,0.73,0
-0.8300000000000001,0.75,0
-0.8300000000000001,0.77,0
-0.8300000000000001,0.79,0
-0.8300000000000001,0.81,0
-0.8300000000000001,0.8300000000000001,0
-0.8300000000000001,0.8500000000000001,0
-0.8300000000000001,0.8700000000000001,0
-0.8300000000000001,0.8900000000000001,0
-0.8300000000000001,0.91,0
-0.8300000000000001,0.9299999999999999,0
-0.8300000000000001,0.95,0
-0.8300000000000001,0.97,0
-0.8300000000000001,0.99,0
-0.81,-0.99,0
-0.81,-0.97,0
-0.81,-0.95,0
-0.81,-0.9299999999999999,0
-0.81,-0.91,0
-0.81,-0.89,0
-0.81,-0.87,0
-0.81,-0.85,0
-0.81,-0.8300000000000001,0
-0.81,-0.81,0
-0.81,-0.79,0
-0.81,-0.77,0
-0.81,-0.75,0
-0.81,-0.73,0
-0.81,-0.71,0
-0.81,-0.69,0
-0.81,-0.6699999999999999,0
-0.81,-0.6499999999999999,0
-0.81,-0.63,0
-0.81,-0.61,0
-0.81,-0.5900000000000001,2
-0.81,-0.5700000000000001,5
-0.81,-0.55,6
-0.81,-0.53,7
-0.81,-0.51,3
-0.81,-0.49,7
-0.81,-0.47,8
-0.81,-0.44999999999999996,9
-0.81,-0.43,4
-0.81,-0.41000000000000003,4
-0.81,-0.39,6
-0.81,-0.37,8
-0.81,-0.35,13
-0.81,-0.32999999999999996,13
-0.81,-0.30999999999999994,9
-0.81,-0.29,12
-0.81,-0.27,7
-0.81,-0.25,8
-0.81,-0.22999999999999998,9
-0.81,-0.20999999999999996,7
-0.81,-0.18999999999999995,10
-0.81,-0.16999999999999998,8
-0.81,-0.15000000000000002,7
-0.81,-0.13,13
-0.81,-0.10999999999999999,15
-0.81,-0.08999999999999997,11
-0.81,-0.06999999999999995,13
-0.81,-0.04999999999999999,12
-0.81,-0.030000000000000027,7
-0.81,-0.010000000000000009,8
-0.81,0.010000000000000009,8
-0.81,0.030000000000000027,12
-0.81,0.050000000000000044,11
-0.81,0.07000000000000006,11
-0.81,0.09000000000000008,11
-0.81,0.1100000000000001,6
-0.81,0.13000000000000012,16
-0.81,0.15000000000000002,12
-0.81,0.16999999999999993,10
-0.81,0.18999999999999995,12
-0.81,0.20999999999999996,19
-0.81,0.22999999999999998,5
-0.81,0.25,8
-0.81,0.27,7
-0.81,0.29000000000000004,9
-0.81,0.31000000000000005,8
-0.81,0.33000000000000007,6
-0.81,0.3500000000000001,6
-0.81,0.3700000000000001,7
-0.81,0.3900000000000001,7
-0.81,0.41000000000000003,8
-0.81,0.42999999999999994,3
-0.81,0.44999999999999996,4
-0.81,0.47,5
-0.81,0.49,11
-0.81,0.51,5
-0.81,0.53,8
-0.81,0.55,5
-0.81,0.5700000000000001,9
-0.81,0.5900000000000001,2
-0.81,0.6100000000000001,0
-0.81,0.6300000000000001,0
-0.81,0.6500000000000001,0
-0.81,0.67,0
-0.81,0.69,0
-0.81,0.71,0
-0.81,0.73,0
-0.81,0.75,0
-0.81,0.77,0
-0.81,0.79,0
-0.81,0.81,0
-0.81,0.8300000000000001,0
-0.81,0.8500000000000001,0
-0.81,0.8700000000000001,0
-0.81,0.8900000000000001,0
-0.81,0.91,0
-0.81,0.9299999999999999,0
-0.81,0.95,0
-0.81,0.97,0
-0.81,0.99,0
-0.79,-0.99,0
-0.79,-0.97,0
-0.79,-0.95,0
-0.79,-0.9299999999999999,0
-0.79,-0.91,0
-0.79,-0.89,0
-0.79,-0.87,0
-0.79,-0.85,0
-0.79,-0.8300000000000001,0
-0.79,-0.81,0
-0.79,-0.79,0
-0.79,-0.77,0
-0.79,-0.75,0
-0.79,-0.73,0
-0.79,-0.71,0
-0.79,-0.69,0
-0.79,-0.6699999999999999,0
-0.79,-0.6499999999999999,0
-0.79,-0.63,0
-0.79,-0.61,7
-0.79,-0.5900000000000001,4
-0.79,-0.5700000000000001,5
-0.79,-0.55,4
-0.79,-0.53,4
-0.79,-0.51,2
-0.79,-0.49,7
-0.79,-0.47,5
-0.79,-0.44999999999999996,5
-0.79,-0.43,9
-0.79,-0.41000000000000003,7
-0.79,-0.39,7
-0.79,-0.37,12
-0.79,-0.35,4
-0.79,-0.32999999999999996,11
-0.79,-0.30999999999999994,8
-0.79,-0.29,15
-0.79,-0.27,14
-0.79,-0.25,11
-0.79,-0.22999999999999998,10
-0.79,-0.20999999999999996,9
-0.79,-0.18999999999999995,12
-0.79,-0.16999999999999998,9
-0.79,-0.15000000000000002,10
-0.79,-0.13,15
-0.79,-0.10999999999999999,13
-0.79,-0.08999999999999997,10
-0.79,-0.06999999999999995,16
-0.79,-0.04999999999999999,15
-0.79,-0.030000000000000027,7
-0.79,-0.010000000000000009,16
-0.79,0.010000000000000009,12
-0.79,0.030000000000000027,15
-0.79,0.050000000000000044,10
-0.79,0.07000000000000006,14
-0.79,0.09000000000000008,5
-0.79,0.1100000000000001,13
-0.79,0.13000000000000012,9
-0.79,0.15000000000000002,14
-0.79,0.16999999999999993,7
-0.79,0.18999999999999995,13
-0.79,0.20999999999999996,7
-0.79,0.22999999999999998,8
-0.79,0.25,11
-0.79,0.27,11
-0.79,0.29000000000000004,8
-0.79,0.31000000000000005,9
-0.79,0.33000000000000007,7
-0.79,0.3500000000000001,9
-0.79,0.3700000000000001,6
-0.79,0.3900000000000001,5
-0.79,0.41000000000000003,13
-0.79,0.42999999999999994,9
-0.79,0.44999999999999996,8
-0.79,0.47,9
-0.79,0.49,5
-0.79,0.51,4
-0.79,0.53,9
-0.79,0.55,5
-0.79,0.5700000000000001,6
-0.79,0.5900000000000001,3
-0.79,0.6100000000000001,0
-0.79,0.6300000000000001,0
-0.79,0.6500000000000001,0
-0.79,0.67,0
-0.79,0.69,0
-0.79,0.71,0
-0.79,0.73,0
-0.79,0.75,0
-0.79,0.77,0
-0.79,0.79,0
-0.79,0.81,0
-0.79,0.8300000000000001,0
-0.79,0.8500000000000001,0
-0.79,0.8700000000000001,0
-0.79,0.8900000000000001,0
-0.79,0.91,0
-0.79,0.9299999999999999,0
-0.79,0.95,0
-0.79,0.97,0
-0.79,0.99,0
-0.77,-0.99,0
-0.77,-0.97,0
-0.77,-0.95,0
-0.77,-0.9299999999999999,0
-0.77,-0.91,0
-0.77,-0.89,0
-0.77,-0.87,0
-0.77,-0.85,0
-0.77,-0.8300000000000001,0
-0.77,-0.81,0
-0.77,-0.79,0
-0.77,-0.77,0
-0.77,-0.75,0
-0.77,-0.73,0
-0.77,-0.71,0
-0.77,-0.69,0
-0.77,-0.6699999999999999,0
-0.77,-0.6499999999999999,0
-0.77,-0.63,2
-0.77,-0.61,3
-0.77,-0.5900000000000001,5
-0.77,-0.5700000000000001,4
-0.77,-0.55,7
-0.77,-0.53,4
-0.77,-0.51,8
-0.77,-0.49,6
-0.77,-0.47,1
-0.77,-0.44999999999999996,10
-0.77,-0.43,6
-0.77,-0.41000000000000003,8
-0.77,-0.39,9
-0.77,-0.37,7
-0.77,-0.35,8
-0.77,-0.32999999999999996,10
-0.77,-0.30999999999999994,8
-0.77,-0.29,11
-0.77,-0.27,14
-0.77,-0.25,13
-0.77,-0.22999999999999998,8
-0.77,-0.20999999999999996,13
-0.77,-0.18999999999999995,16
-0.77,-0.16999999999999998,13
-0.77,-0.15000000000000002,12
-0.77,-0.13,11
-0.77,-0.10999999999999999,15
-0.77,-0.08999999999999997,8
-0.77,-0.06999999999999995,14
-0.77,-0.04999999999999999,10
-0.77,-0.030000000000000027,7
-0.77,-0.010000000000000009,7
-0.77,0.010000000000000009,18
-0.77,0.030000000000000027,15
-0.77,0.050000000000000044,13
-0.77,0.07000000000000006,12
-0.77,0.09000000000000008,18
-0.77,0.1100000000000001,12
-0.77,0.13000000000000012,10
-0.77,0.15000000000000002,16
-0.77,0.16999999999999993,7
-0.77,0.18999999999999995,10
-0.77,0.20999999999999996,11
-0.77,0.22999999999999998,7
-0.77,0.25,15
-0.77,0.27,10
-0.77,0.29000000000000004,8
-0.77,0.31000000000000005,10
-0.77,0.33000000000000007,17
-0.77,0.3500000000000001,7
-0.77,0.3700000000000001,15
-0.77,0.3900000000000001,10
-0.77,0.41000000000000003,7
-0.77,0.42999999999999994,4
-0.77,0.44999999999999996,5
-0.77,0.47,1
-0.77,0.49,7
-0.77,0.51,8
-0.77,0.53,5
-0.77,0.55,13
-0.77,0.5700000000000001,6
-0.77,0.5900000000000001,10
-0.77,0.6100000000000001,8
-0.77,0.6300000000000001,4
-0.77,0.6500000000000001,0
-0.77,0.67,0
-0.77,0.69,0
-0.77,0.71,0
-0.77,0.73,0
-0.77,0.75,0
-0.77,0.77,0
-0.77,0.79,0
-0.77,0.81,0
-0.77,0.8300000000000001,0
-0.77,0.8500000000000001,0
-0.77,0.8700000000000001,0
-0.77,0.8900000000000001,0
-0.77,0.91,0
-0.77,0.9299999999999999,0
-0.77,0.95,0
-0.77,0.97,0
-0.77,0.99,0
-0.75,-0.99,0
-0.75,-0.97,0
-0.75,-0.95,0
-0.75,-0.9299999999999999,0
-0.75,-0.91,0
-0.75,-0.89,0
-0.75,-0.87,0
-0.75,-0.85,0
-0.75,-0.8300000000000001,0
-0.75,-0.81,0
-0.75,-0.79,0
-0.75,-0.77,0
-0.75,-0.75,0
-0.75,-0.73,0
-0.75,-0.71,0
-0.75,-0.69,0
-0.75,-0.6699999999999999,0
-0.75,-0.6499999999999999,7
-0.75,-0.63,4
-0.75,-0.61,3
-0.75,-0.5900000000000001,7
-0.75,-0.5700000000000001,10
-0.75,-0.55,4
-0.75,-0.53,7
-0.75,-0.51,4
-0.75,-0.49,7
-0.75,-0.47,6
-0.75,-0.44999999999999996,8
-0.75,-0.43,4
-0.75,-0.41000000000000003,10
-0.75,-0.39,6
-0.75,-0.37,6
-0.75,-0.35,10
-0.75,-0.32999999999999996,7
-0.75,-0.30999999999999994,13
-0.75,-0.29,9
-0.75,-0.27,5
-0.75,-0.25,10
-0.75,-0.22999999999999998,11
-0.75,-0.20999999999999996,15
-0.75,-0.18999999999999995,13
-0.75,-0.16999999999999998,13
-0.75,-0.15000000000000002,19
-0.75,-0.13,15
-0.75,-0.10999999999999999,10
-0.75,-0.08999999999999997,21
-0.75,-0.06999999999999995,12
-0.75,-0.04999999999999999,19
-0.75,-0.030000000000000027,19
-0.75,-0.010000000000000009,15
-0.75,0.010000000000000009,15
-0.75,0.030000000000000027,11
-0.75,0.050000000000000044,17
-0.75,0.07000000000000006,16
-0.75,0.09000000000000008,17
-0.75,0.1100000000000001,10
-0.75,0.13000000000000012,15
-0.75,0.15000000000000002,17
-0.75,0.16999999999999993,17
-0.75,0.18999999999999995,14
-0.75,0.20999999999999996,9
-0.75,0.22999999999999998,10
-0.75,0.25,14
-0.75,0.27,13
-0.75,0.29000000000000004,9
-0.75,0.31000000000000005,11
-0.75,0.33000000000000007,16
-0.75,0.3500000000000001,9
-0.75,0.3700000000000001,13
-0.75,0.3900000000000001,8
-0.75,0.41000000000000003,5
-0.75,0.42999999999999994,13
-0.75,0.44999999999999996,3
-0.75,0.47,9
-0.75,0.49,7
-0.75,0.51,7
-0.75,0.53,9
-0.75,0.55,9
-0.75,0.5700000000000001,4
-0.75,0.5900000000000001,8
-0.75,0.6100000000000001,8
-0.75,0.6300000000000001,7
-0.75,0.6500000000000001,6
-0.75,0.67,0
-0.75,0.69,0
-0.75,0.71,0
-0.75,0.73,0
-0.75,0.75,0
-0.75,0.77,0
-0.75,0.79,0
-0.75,0.81,0
-0.75,0.8300000000000001,0
-0.75,0.8500000000000001,0
-0.75,0.8700000000000001,0
-0.75,0.8900000000000001,0
-0.75,0.91,0
-0.75,0.9299999999999999,0
-0.75,0.95,0
-0.75,0.97,0
-0.75,0.99,0
-0.73,-0.99,0
-0.73,-0.97,0
-0.73,-0.95,0
-0.73,-0.9299999999999999,0
-0.73,-0.91,0
-0.73,-0.89,0
-0.73,-0.87,0
-0.73,-0.85,0
-0.73,-0.8300000000000001,0
-0.73,-0.81,0
-0.73,-0.79,0
-0.73,-0.77,0
-0.73,-0.75,0
-0.73,-0.73,0
-0.73,-0.71,0
-0.73,-0.69,1
-0.73,-0.6699999999999999,5
-0.73,-0.6499999999999999,4
-0.73,-0.63,3
-0.73,-0.61,6
-0.73,-0.5900000000000001,2
-0.73,-0.5700000000000001,2
-0.73,-0.55,2
-0.73,-0.53,7
-0.73,-0.51,7
-0.73,-0.49,8
-0.73,-0.47,13
-0.73,-0.44999999999999996,12
-0.73,-0.43,14
-0.73,-0.41000000000000003,11
-0.73,-0.39,16
-0.73,-0.37,12
-0.73,-0.35,5
-0.73,-0.32999999999999996,5
-0.73,-0.30999999999999994,11
-0.73,-0.29,14
-0.73,-0.27,10
-0.73,-0.25,14
-0.73,-0.22999999999999998,14
-0.73,-0.20999999999999996,10
-0.73,-0.18999999999999995,3
-0.73,-0.16999999999999998,15
-0.73,-0.15000000000000002,21
-0.73,-0.13,16
-0.73,-0.10999999999999999,14
-0.73,-0.08999999999999997,17
-0.73,-0.06999999999999995,12
-0.73,-0.04999999999999999,19
-0.73,-0.030000000000000027,11
-0.73,-0.010000000000000009,13
-0.73,0.010000000000000009,14
-0.73,0.030000000000000027,14
-0.73,0.050000000000000044,15
-0.73,0.07000000000000006,20
-0.73,0.09000000000000008,21
-0.73,0.1100000000000001,17
-0.73,0.13000000000000012,14
-0.73,0.15000000000000002,10
-0.73,0.16999999999999993,14
-0.73,0.18999999999999995,17
-0.73,0.20999999999999996,13
-0.73,0.22999999999999998,14
-0.73,0.25,17
-0.73,0.27,15
-0.73,0.29000000000000004,10
-0.73,0.31000000000000005,18
-0.73,0.33000000000000007,11
-0.73,0.3500000000000001,13
-0.73,0.3700000000000001,13
-0.73,0.3900000000000001,9
-0.73,0.41000000000000003,10
-0.73,0.42999999999999994,16
-0.73,0.44999999999999996,14
-0.73,0.47,15
-0.73,0.49,14
-0.73,0.51,7
-0.73,0.53,8
-0.73,0.55,5
-0.73,0.5700000000000001,7
-0.73,0.5900000000000001,3
-0.73,0.6100000000000001,7
-0.73,0.6300000000000001,7
-0.73,0.6500000000000001,1
-0.73,0.67,9
-0.73,0.69,3
-0.73,0.71,0
-0.73,0.73,0
-0.73,0.75,0
-0.73,0.77,0
-0.73,0.79,0
-0.73,0.81,0
-0.73,0.8300000000000001,0
-0.73,0.8500000000000001,0
-0.73,0.8700000000000001,0
-0.73,0.8900000000000001,0
-0.73,0.91,0
-0.73,0.9299999999999999,0
-0.73,0.95,0
-0.73,0.97,0
-0.73,0.99,0
-0.71,-0.99,0
-0.71,-0.97,0
-0.71,-0.95,0
-0.71,-0.9299999999999999,0
-0.71,-0.91,0
-0.71,-0.89,0
-0.71,-0.87,0
-0.71,-0.85,0
-0.71,-0.8300000000000001,0
-0.71,-0.81,0
-0.71,-0.79,0
-0.71,-0.77,0
-0.71,-0.75,0
-0.71,-0.73,0
-0.71,-0.71,2
-0.71,-0.69,3
-0.71,-0.6699999999999999,9
-0.71,-0.6499999999999999,3
-0.71,-0.63,5
-0.71,-0.61,8
-0.71,-0.5900000000000001,7
-0.71,-0.5700000000000001,9
-0.71,-0.55,7
-0.71,-0.53,8
-0.71,-0.51,6
-0.71,-0.49,3
-0.71,-0.47,15
-0.71,-0.44999999999999996,10
-0.71,-0.43,7
-0.71,-0.41000000000000003,3
-0.71,-0.39,7
-0.71,-0.37,12
-0.71,-0.35,15
-0.71,-0.32999999999999996,13
-0.71,-0.30999999999999994,14
-0.71,-0.29,13
-0.71,-0.27,14
-0.71,-0.25,13
-0.71,-0.22999999999999998,14
-0.71,-0.20999999999999996,15
-0.71,-0.18999999999999995,13
-0.71,-0.16999999999999998,12
-0.71,-0.15000000000000002,16
-0.71,-0.13,18
-0.71,-0.10999999999999999,16
-0.71,-0.08999999999999997,19
-0.71,-0.06999999999999995,21
-0.71,-0.04999999999999999,17
-0.71,-0.030000000000000027,22
-0.71,-0.010000000000000009,14
-0.71,0.010000000000000009,18
-0.71,0.030000000000000027,13
-0.71,0.050000000000000044,17
-0.71,0.07000000000000006,16
-0.71,0.09000000000000008,16
-0.71,0.1100000000000001,21
-0.71,0.13000000000000012,12
-0.71,0.15000000000000002,21
-0.71,0.16999999999999993,13
-0.71,0.18999999999999995,12
-0.71,0.20999999999999996,15
-0.71,0.22999999999999998,16
-0.71,0.25,21
-0.71,0.27,17
-0.71,0.29000000000000004,11
-0.71,0.31000000000000005,15
-0.71,0.33000000000000007,14
-0.71,0.3500000000000001,9
-0.71,0.3700000000000001,11
-0.71,0.3900000000000001,12
-0.71,0.41000000000000003,8
-0.71,0.42999999999999994,19
-0.71,0.44999999999999996,9
-0.71,0.47,12
-0.71,0.49,10
-0.71,0.51,4
-0.71,0.53,9
-0.71,0.55,8
-0.71,0.5700000000000001,10
-0.71,0.5900000000000001,8
-0.71,0.6100000000000001,2
-0.71,0.6300000000000001,3
-0.71,0.6500000000000001,7
-0.71,0.67,5
-0.71,0.69,2
-0.71,0.71,0
-0.71,0.73,0
-0.71,0.75,0
-0.71,0.77,0
-0.71,0.79,0
-0.71,0.81,0
-0.71,0.8300000000000001,0
-0.71,0.8500000000000001,0
-0.71,0.8700000000000001,0
-0.71,0.8900000000000001,0
-0.71,0.91,0
-0.71,0.9299999999999999,0
-0.71,0.95,0
-0.71,0.97,0
-0.71,0.99,0
-0.69,-0.99,0
-0.69,-0.97,0
-0.69,-0.95,0
-0.69,-0.9299999999999999,0
-0.69,-0.91,0
-0.69,-0.89,0
-0.69,-0.87,0
-0.69,-0.85,0
-0.69,-0.8300000000000001,0
-0.69,-0.81,0
-0.69,-0.79,0
-0.69,-0.77,0
-0.69,-0.75,0
-0.69,-0.73,2
-0.69,-0.71,8
-0.69,-0.69,4
-0.69,-0.6699999999999999,7
-0.69,-0.6499999999999999,3
-0.69,-0.63,3
-0.69,-0.61,8
-0.69,-0.5900000000000001,3
-0.69,-0.5700000000000001,7
-0.69,-0.55,4
-0.69,-0.53,8
-0.69,-0.51,5
-0.69,-0.49,11
-0.69,-0.47,9
-0.69,-0.44999999999999996,11
-0.69,-0.43,11
-0.69,-0.41000000000000003,11
-0.69,-0.39,11
-0.69,-0.37,13
-0.69,-0.35,8
-0.69,-0.32999999999999996,9
-0.69,-0.30999999999999994,18
-0.69,-0.29,15
-0.69,-0.27,20
-0.69,-0.25,20
-0.69,-0.22999999999999998,11
-0.69,-0.20999999999999996,11
-0.69,-0.18999999999999995,24
-0.69,-0.16999999999999998,24
-0.69,-0.15000000000000002,24
-0.69,-0.13,15
-0.69,-0.10999999999999999,25
-0.69,-0.08999999999999997,19
-0.69,-0.06999999999999995,19
-0.69,-0.04999999999999999,26
-0.69,-0.030000000000000027,24
-0.69,-0.010000000000000009,17
-0.69,0.010000000000000009,15
-0.69,0.030000000000000027,25
-0.69,0.050000000000000044,20
-0.69,0.07000000000000006,22
-0.69,0.09000000000000008,16
-0.69,0.1100000000000001,17
-0.69,0.13000000000000012,22
-0.69,0.15000000000000002,23
-0.69,0.16999999999999993,17
-0.69,0.18999999999999995,16
-0.69,0.20999999999999996,17
-0.69,0.22999999999999998,18
-0.69,0.25,9
-0.69,0.27,13
-0.69,0.29000000000000004,12
-0.69,0.31000000000000005,16
-0.69,0.33000000000000007,14
-0.69,0.3500000000000001,19
-0.69,0.3700000000000001,6
-0.69,0.3900000000000001,11
-0.69,0.41000000000000003,12
-0.69,0.42999999999999994,8
-0.69,0.44999999999999996,8
-0.69,0.47,9
-0.69,0.49,11
-0.69,0.51,4
-0.69,0.53,10
-0.69,0.55,5
-0.69,0.5700000000000001,9
-0.69,0.5900000000000001,6
-0.69,0.6100000000000001,3
-0.69,0.6300000000000001,6
-0.69,0.6500000000000001,5
-0.69,0.67,4
-0.69,0.69,5
-0.69,0.71,5
-0.69,0.73,1
-0.69,0.75,0
-0.69,0.77,0
-0.69,0.79,0
-0.69,0.81,0
-0.69,0.8300000000000001,0
-0.69,0.8500000000000001,0
-0.69,0.8700000000000001,0
-0.69,0.8900000000000001,0
-0.69,0.91,0
-0.69,0.9299999999999999,0
-0.69,0.95,0
-0.69,0.97,0
-0.69,0.99,0
-0.6699999999999999,-0.99,0
-0.6699999999999999,-0.97,0
-0.6699999999999999,-0.95,0
-0.6699999999999999,-0.9299999999999999,0
-0.6699999999999999,-0.91,0
-0.6699999999999999,-0.89,0
-0.6699999999999999,-0.87,0
-0.6699999999999999,-0.85,0
-0.6699999999999999,-0.8300000000000001,0
-0.6699999999999999,-0.81,0
-0.6699999999999999,-0.79,0
-0.6699999999999999,-0.77,0
-0.6699999999999999,-0.75,1
-0.6699999999999999,-0.73,7
-0.6699999999999999,-0.71,9
-0.6699999999999999,-0.69,8
-0.6699999999999999,-0.6699999999999999,11
-0.6699999999999999,-0.6499999999999999,6
-0.6699999999999999,-0.63,3
-0.6699999999999999,-0.61,5
-0.6699999999999999,-0.5900000000000001,2
-0.6699999999999999,-0.5700000000000001,7
-0.6699999999999999,-0.55,8
-0.6699999999999999,-0.53,7
-0.6699999999999999,-0.51,12
-0.6699999999999999,-0.49,7
-0.6699999999999999,-0.47,10
-0.6699999999999999,-0.44999999999999996,12
-0.6699999999999999,-0.43,11
-0.6699999999999999,-0.41000000000000003,11
-0.6699999999999999,-0.39,14
-0.6699999999999999,-0.37,16
-0.6699999999999999,-0.35,12
-0.6699999999999999,-0.32999999999999996,9
-0.6699999999999999,-0.30999999999999994,10
-0.6699999999999999,-0.29,19
-0.6699999999999999,-0.27,19
-0.6699999999999999,-0.25,29
-0.6699999999999999,-0.22999999999999998,18
-0.6699999999999999,-0.20999999999999996,15
-0.6699999999999999,-0.18999999999999995,16
-0.6699999999999999,-0.16999999999999998,21
-0.6699999999999999,-0.15000000000000002,22
-0.6699999999999999,-0.13,23
-0.6699999999999999,-0.10999999999999999,23
-0.6699999999999999,-0.08999999999999997,14
-0.6699999999999999,-0.06999999999999995,28
-0.6699999999999999,-0.04999999999999999,26
-0.6699999999999999,-0.030000000000000027,17
-0.6699999999999999,-0.010000000000000009,29
-0.6699999999999999,0.010000000000000009,20
-0.6699999999999999,0.030000000000000027,32
-0.6699999999999999,0.050000000000000044,22
-0.6699999999999999,0.07000000000000006,19
-0.6699999999999999,0.09000000000000008,26
-0.6699999999999999,0.1100000000000001,28
-0.6699999999999999,0.13000000000000012,17
-0.6699999999999999,0.15000000000000002,28
-0.6699999999999999,0.16999999999999993,11
-0.6699999999999999,0.18999999999999995,11
-0.6699999999999999,0.20999999999999996,20
-0.6699999999999999,0.22999999999999998,19
-0.6699999999999999,0.25,26
-0.6699999999999999,0.27,15
-0.6699999999999999,0.29000000000000004,20
-0.6699999999999999,0.31000000000000005,22
-0.6699999999999999,0.33000000000000007,16
-0.6699999999999999,0.3500000000000001,18
-0.6699999999999999,0.3700000000000001,8
-0.6699999999999999,0.3900000000000001,17
-0.6699999999999999,0.41000000000000003,6
-0.6699999999999999,0.42999999999999994,11
-0.6699999999999999,0.44999999999999996,11
-0.6699999999999999,0.47,8
-0.6699999999999999,0.49,7
-0.6699999999999999,0.51,10
-0.6699999999999999,0.53,8
-0.6699999999999999,0.55,10
-0.6699999999999999,0.5700000000000001,8
-0.6699999999999999,0.5900000000000001,8
-0.6699999999999999,0.6100000000000001,4
-0.6699999999999999,0.6300000000000001,11
-0.6699999999999999,0.6500000000000001,8
-0.6699999999999999,0.67,5
-0.6699999999999999,0.69,6
-0.6699999999999999,0.71,6
-0.6699999999999999,0.73,7
-0.6699999999999999,0.75,0
-0.6699999999999999,0.77,0
-0.6699999999999999,0.79,0
-0.6699999999999999,0.81,0
-0.6699999999999999,0.8300000000000001,0
-0.6699999999999999,0.8500000000000001,0
-0.6699999999999999,0.8700000000000001,0
-0.6699999999999999,0.8900000000000001,0
-0.6699999999999999,0.91,0
-0.6699999999999999,0.9299999999999999,0
-0.6699999999999999,0.95,0
-0.6699999999999999,0.97,0
-0.6699999999999999,0.99,0
-0.6499999999999999,-0.99,0
-0.6499999999999999,-0.97,0
-0.6499999999999999,-0.95,0
-0.6499999999999999,-0.9299999999999999,0
-0.6499999999999999,-0.91,0
-0.6499999999999999,-0.89,0
-0.6499999999999999,-0.87,0
-0.6499999999999999,-0.85,0
-0.6499999999999999,-0.8300000000000001,0
-0.6499999999999999,-0.81,0
-0.6499999999999999,-0.79,0
-0.6499999999999999,-0.77,1
-0.6499999999999999,-0.75,4
-0.6499999999999999,-0.73,2
-0.6499999999999999,-0.71,11
-0.6499999999999999,-0.69,4
-0.6499999999999999,-0.6699999999999999,7
-0.6499999999999999,-0.6499999999999999,5
-0.6499999999999999,-0.63,4
-0.6499999999999999,-0.61,8
-0.6499999999999999,-0.5900000000000001,13
-0.6499999999999999,-0.5700000000000001,4
-0.6499999999999999,-0.55,8
-0.6499999999999999,-0.53,7
-0.6499999999999999,-0.51,12
-0.6499999999999999,-0.49,9
-0.6499999999999999,-0.47,9
-0.6499999999999999,-0.44999999999999996,17
-0.6499999999999999,-0.43,11
-0.6499999999999999,-0.41000000000000003,17
-0.6499999999999999,-0.39,13
-0.6499999999999999,-0.37,14
-0.6499999999999999,-0.35,13
-0.6499999999999999,-0.32999999999999996,14
-0.6499999999999999,-0.30999999999999994,10
-0.6499999999999999,-0.29,21
-0.6499999999999999,-0.27,13
-0.6499999999999999,-0.25,25
-0.6499999999999999,-0.22999999999999998,35
-0.6499999999999999,-0.20999999999999996,25
-0.6499999999999999,-0.18999999999999995,19
-0.6499999999999999,-0.16999999999999998,29
-0.6499999999999999,-0.15000000000000002,18
-0.6499999999999999,-0.13,26
-0.6499999999999999,-0.10999999999999999,16
-0.6499999999999999,-0.08999999999999997,24
-0.6499999999999999,-0.06999999999999995,14
-0.6499999999999999,-0.04999999999999999,29
-0.6499999999999999,-0.030000000000000027,25
-0.6499999999999999,-0.010000000000000009,16
-0.6499999999999999,0.010000000000000009,23
-0.6499999999999999,0.030000000000000027,29
-0.6499999999999999,0.050000000000000044,28
-0.6499999999999999,0.07000000000000006,25
-0.6499999999999999,0.09000000000000008,19
-0.6499999999999999,0.1100000000000001,19
-0.6499999999999999,0.13000000000000012,26
-0.6499999999999999,0.15000000000000002,21
-0.6499999999999999,0.16999999999999993,23
-0.6499999999999999,0.18999999999999995,16
-0.6499999999999999,0.20999999999999996,26
-0.6499999999999999,0.22999999999999998,15
-0.6499999999999999,0.25,22
-0.6499999999999999,0.27,27
-0.6499999999999999,0.29000000000000004,15
-0.6499999999999999,0.31000000000000005,19
-0.6499999999999999,0.33000000000000007,7
-0.6499999999999999,0.3500000000000001,14
-0.6499999999999999,0.3700000000000001,18
-0.6499999999999999,0.3900000000000001,14
-0.6499999999999999,0.41000000000000003,15
-0.6499999999999999,0.42999999999999994,13
-0.6499999999999999,0.44999999999999996,16
-0.6499999999999999,0.47,19
-0.6499999999999999,0.49,15
-0.6499999999999999,0.51,11
-0.6499999999999999,0.53,9
-0.6499999999999999,0.55,6
-0.6499999999999999,0.5700000000000001,12
-0.6499999999999999,0.5900000000000001,9
-0.6499999999999999,0.6100000000000001,7
-0.6499999999999999,0.6300000000000001,6
-0.6499999999999999,0.6500000000000001,4
-0.6499999999999999,0.67,14
-0.6499999999999999,0.69,13
-0.6499999999999999,0.71,6
-0.6499999999999999,0.73,6
-0.6499999999999999,0.75,6
-0.6499999999999999,0.77,0
-0.6499999999999999,0.79,0
-0.6499999999999999,0.81,0
-0.6499999999999999,0.8300000000000001,0
-0.6499999999999999,0.8500000000000001,0
-0.6499999999999999,0.8700000000000001,0
-0.6499999999999999,0.8900000000000001,0
-0.6499999999999999,0.91,0
-0.6499999999999999,0.9299999999999999,0
-0.6499999999999999,0.95,0
-0.6499999999999999,0.97,0
-0.6499999999999999,0.99,0
-0.63,-0.99,0
-0.63,-0.97,0
-0.63,-0.95,0
-0.63,-0.9299999999999999,0
-0.63,-0.91,0
-0.63,-0.89,0
-0.63,-0.87,0
-0.63,-0.85,0
-0.63,-0.8300000000000001,0
-0.63,-0.81,0
-0.63,-0.79,0
-0.63,-0.77,7
-0.63,-0.75,6
-0.63,-0.73,4
-0.63,-0.71,3
-0.63,-0.69,5
-0.63,-0.6699999999999999,6
-0.63,-0.6499999999999999,3
-0.63,-0.63,6
-0.63,-0.61,8
-0.63,-0.5900000000000001,6
-0.63,-0.5700000000000001,10
-0.63,-0.55,10
-0.63,-0.53,8
-0.63,-0.51,5
-0.63,-0.49,8
-0.63,-0.47,4
-0.63,-0.44999999999999996,11
-0.63,-0.43,13
-0.63,-0.41000000000000003,11
-0.63,-0.39,15
-0.63,-0.37,16
-0.63,-0.35,9
-0.63,-0.32999999999999996,22
-0.63,-0.30999999999999994,17
-0.63,-0.29,27
-0.63,-0.27,19
-0.63,-0.25,25
-0.63,-0.22999999999999998,16
-0.63,-0.20999999999999996,24
-0.63,-0.18999999999999995,22
-0.63,-0.16999999999999998,20
-0.63,-0.15000000000000002,30
-0.63,-0.13,33
-0.63,-0.10999999999999999,34
-0.63,-0.08999999999999997,18
-0.63,-0.06999999999999995,24
-0.63,-0.04999999999999999,35
-0.63,-0.030000000000000027,25
-0.63,-0.010000000000000009,36
-0.63,0.010000000000000009,35
-0.63,0.030000000000000027,26
-0.63,0.050000000000000044,33
-0.63,0.07000000000000006,24
-0.63,0.09000000000000008,43
-0.63,0.1100000000000001,31
-0.63,0.13000000000000012,21
-0.63,0.15000000000000002,34
-0.63,0.16999999999999993,24
-0.63,0.18999999999999995,25
-0.63,0.20999999999999996,32
-0.63,0.22999999999999998,30
-0.63,0.25,20
-0.63,0.27,16
-0.63,0.29000000000000004,30
-0.63,0.31000000000000005,22
-0.63,0.33000000000000007,24
-0.63,0.3500000000000001,19
-0.63,0.3700000000000001,16
-0.63,0.3900000000000001,14
-0.63,0.41000000000000003,12
-0.63,0.42999999999999994,12
-0.63,0.44999999999999996,18
-0.63,0.47,15
-0.63,0.49,17
-0.63,0.51,13
-0.63,0.53,12
-0.63,0.55,11
-0.63,0.5700000000000001,9
-0.63,0.5900000000000001,8
-0.63,0.6100000000000001,9
-0.63,0.6300000000000001,7
-0.63,0.6500000000000001,4
-0.63,0.67,7
-0.63,0.69,7
-0.63,0.71,10
-0.63,0.73,8
-0.63,0.75,9
-0.63,0.77,12
-0.63,0.79,0
-0.63,0.81,0
-0.63,0.8300000000000001,0
-0.63,0.8500000000000001,0
-0.63,0.8700000000000001,0
-0.63,0.8900000000000001,0
-0.63,0.91,0
-0.63,0.9299999999999999,0
-0.63,0.95,0
-0.63,0.97,0
-0.63,0.99,0
-0.61,-0.99,0
-0.61,-0.97,0
-0.61,-0.95,0
-0.61,-0.9299999999999999,0
-0.61,-0.91,0
-0.61,-0.89,0
-0.61,-0.87,0
-0.61,-0.85,0
-0.61,-0.8300000000000001,0
-0.61,-0.81,0
-0.61,-0.79,4
-0.61,-0.77,6
-0.61,-0.75,6
-0.61,-0.73,9
-0.61,-0.71,7
-0.61,-0.69,9
-0.61,-0.6699999999999999,2
-0.61,-0.6499999999999999,5
-0.61,-0.63,7
-0.61,-0.61,5
-0.61,-0.5900000000000001,6
-0.61,-0.5700000000000001,6
-0.61,-0.55,4
-0.61,-0.53,14
-0.61,-0.51,18
-0.61,-0.49,8
-0.61,-0.47,14
-0.61,-0.44999999999999996,16
-0.61,-0.43,9
-0.61,-0.41000000000000003,15
-0.61,-0.39,17
-0.61,-0.37,15
-0.61,-0.35,17
-0.61,-0.32999999999999996,21
-0.61,-0.30999999999999994,16
-0.61,-0.29,19
-0.61,-0.27,19
-0.61,-0.25,26
-0.61,-0.22999999999999998,29
-0.61,-0.20999999999999996,28
-0.61,-0.18999999999999995,38
-0.61,-0.16999999999999998,25
-0.61,-0.15000000000000002,27
-0.61,-0.13,33
-0.61,-0.10999999999999999,35
-0.61,-0.08999999999999997,25
-0.61,-0.06999999999999995,38
-0.61,-0.04999999999999999,40
-0.61,-0.030000000000000027,39
-0.61,-0.010000000000000009,40
-0.61,0.010000000000000009,21
-0.61,0.030000000000000027,42
-0.61,0.050000000000000044,37
-0.61,0.07000000000000006,37
-0.61,0.09000000000000008,33
-0.61,0.1100000000000001,38
-0.61,0.13000000000000012,23
-0.61,0.15000000000000002,32
-0.61,0.16999999999999993,13
-0.61,0.18999999999999995,22
-0.61,0.20999999999999996,39
-0.61,0.22999999999999998,40
-0.61,0.25,20
-0.61,0.27,24
-0.61,0.29000000000000004,24
-0.61,0.31000000000000005,22
-0.61,0.33000000000000007,31
-0.61,0.3500000000000001,21
-0.61,0.3700000000000001,23
-0.61,0.3900000000000001,10
-0.61,0.41000000000000003,17
-0.61,0.42999999999999994,13
-0.61,0.44999999999999996,18
-0.61,0.47,17
-0.61,0.49,12
-0.61,0.51,17
-0.61,0.53,10
-0.61,0.55,15
-0.61,0.5700000000000001,10
-0.61,0.5900000000000001,12
-0.61,0.6100000000000001,8
-0.61,0.6300000000000001,13
-0.61,0.6500000000000001,7
-0.61,0.67,7
-0.61,0.69,12
-0.61,0.71,10
-0.61,0.73,8
-0.61,0.75,8
-0.61,0.77,2
-0.61,0.79,3
-0.61,0.81,0
-0.61,0.8300000000000001,0
-0.61,0.8500000000000001,0
-0.61,0.8700000000000001,0
-0.61,0.8900000000000001,0
-0.61,0.91,0
-0.61,0.9299999999999999,0
-0.61,0.95,0
-0.61,0.97,0
-0.61,0.99,0
-0.5900000000000001,-0.99,0
-0.5900000000000001,-0.97,0
-0.5900000000000001,-0.95,0
-0.5900000000000001,-0.9299999999999999,0
-0.5900000000000001,-0.91,0
-0.5900000000000001,-0.89,0
-0.5900000000000001,-0.87,0
-0.5900000000000001,-0.85,0
-0.5900000000000001,-0.8300000000000001,0
-0.5900000000000001,-0.81,1
-0.5900000000000001,-0.79,4
-0.5900000000000001,-0.77,5
-0.5900000000000001,-0.75,5
-0.5900000000000001,-0.73,8
-0.5900000000000001,-0.71,7
-0.5900000000000001,-0.69,7
-0.5900000000000001,-0.6699999999999999,4
-0.5900000000000001,-0.6499999999999999,8
-0.5900000000000001,-0.63,8
-0.5900000000000001,-0.61,5
-0.5900000000000001,-0.5900000000000001,11
-0.5900000000000001,-0.5700000000000001,9
-0.5900000000000001,-0.55,5
-0.5900000000000001,-0.53,5
-0.5900000000000001,-0.51,15
-0.5900000000000001,-0.49,14
-0.5900000000000001,-0.47,13
-0.5900000000000001,-0.44999999999999996,10
-0.5900000000000001,-0.43,13
-0.5900000000000001,-0.41000000000000003,20
-0.5900000000000001,-0.39,17
-0.5900000000000001,-0.37,12
-0.5900000000000001,-0.35,19
-0.5900000000000001,-0.32999999999999996,19
-0.5900000000000001,-0.30999999999999994,24
-0.5900000000000001,-0.29,27
-0.5900000000000001,-0.27,28
-0.5900000000000001,-0.25,35
-0.5900000000000001,-0.22999999999999998,29
-0.5900000000000001,-0.20999999999999996,34
-0.5900000000000001,-0.18999999999999995,33
-0.5900000000000001,-0.16999999999999998,38
-0.5900000000000001,-0.15000000000000002,27
-0.5900000000000001,-0.13,36
-0.5900000000000001,-0.10999999999999999,34
-0.5900000000000001,-0.08999999999999997,32
-0.5900000000000001,-0.06999999999999995,38
-0.5900000000000001,-0.04999999999999999,44
-0.5900000000000001,-0.030000000000000027,36
-0.5900000000000001,-0.010000000000000009,32
-0.5900000000000001,0.010000000000000009,28
-0.5900000000000001,0.030000000000000027,46
-0.5900000000000001,0.050000000000000044,37
-0.5900000000000001,0.07000000000000006,38
-0.5900000000000001,0.09000000000000008,39
-0.5900000000000001,0.1100000000000001,37
-0.5900000000000001,0.13000000000000012,31
-0.5900000000000001,0.15000000000000002,44
-0.5900000000000001,0.16999999999999993,44
-0.5900000000000001,0.18999999999999995,30
-0.5900000000000001,0.20999999999999996,26
-0.5900000000000001,0.22999999999999998,26
-0.5900000000000001,0.25,30
-0.5900000000000001,0.27,32
-0.5900000000000001,0.29000000000000004,31
-0.5900000000000001,0.31000000000000005,24
-0.5900000000000001,0.33000000000000007,32
-0.5900000000000001,0.3500000000000001,18
-0.5900000000000001,0.3700000000000001,19
-0.5900000000000001,0.3900000000000001,22
-0.5900000000000001,0.41000000000000003,23
-0.5900000000000001,0.42999999999999994,14
-0.5900000000000001,0.44999999999999996,19
-0.5900000000000001,0.47,21
-0.5900000000000001,0.49,17
-0.5900000000000001,0.51,7
-0.5900000000000001,0.53,21
-0.5900000000000001,0.55,18
-0.5900000000000001,0.5700000000000001,12
-0.5900000000000001,0.5900000000000001,14
-0.5900000000000001,0.6100000000000001,13
-0.5900000000000001,0.6300000000000001,10
-0.5900000000000001,0.6500000000000001,14
-0.5900000000000001,0.67,7
-0.5900000000000001,0.69,8
-0.5900000000000001,0.71,3
-0.5900000000000001,0.73,5
-0.5900000000000001,0.75,7
-0.5900000000000001,0.77,5
-0.5900000000000001,0.79,3
-0.5900000000000001,0.81,4
-0.5900000000000001,0.8300000000000001,0
-0.5900000000000001,0.8500000000000001,0
-0.5900000000000001,0.8700000000000001,0
-0.5900000000000001,0.8900000000000001,0
-0.5900000000000001,0.91,0
-0.5900000000000001,0.9299999999999999,0
-0.5900000000000001,0.95,0
-0.5900000000000001,0.97,0
-0.5900000000000001,0.99,0
-0.5700000000000001,-0.99,0
-0.5700000000000001,-0.97,0
-0.5700000000000001,-0.95,0
-0.5700000000000001,-0.9299999999999999,0
-0.5700000000000001,-0.91,0
-0.5700000000000001,-0.89,0
-0.5700000000000001,-0.87,0
-0.5700000000000001,-0.85,0
-0.5700000000000001,-0.8300000000000001,1
-0.5700000000000001,-0.81,7
-0.5700000000000001,-0.79,8
-0.5700000000000001,-0.77,9
-0.5700000000000001,-0.75,9
-0.5700000000000001,-0.73,4
-0.5700000000000001,-0.71,3
-0.5700000000000001,-0.69,5
-0.5700000000000001,-0.6699999999999999,7
-0.5700000000000001,-0.6499999999999999,14
-0.5700000000000001,-0.63,12
-0.5700000000000001,-0.61,5
-0.5700000000000001,-0.5900000000000001,9
-0.5700000000000001,-0.5700000000000001,9
-0.5700000000000001,-0.55,9
-0.5700000000000001,-0.53,10
-0.5700000000000001,-0.51,5
-0.5700000000000001,-0.49,14
-0.5700000000000001,-0.47,18
-0.5700000000000001,-0.44999999999999996,19
-0.5700000000000001,-0.43,13
-0.5700000000000001,-0.41000000000000003,17
-0.5700000000000001,-0.39,18
-0.5700000000000001,-0.37,12
-0.5700000000000001,-0.35,28
-0.5700000000000001,-0.32999999999999996,17
-0.5700000000000001,-0.30999999999999994,23
-0.5700000000000001,-0.29,27
-0.5700000000000001,-0.27,29
-0.5700000000000001,-0.25,33
-0.5700000000000001,-0.22999999999999998,34
-0.5700000000000001,-0.20999999999999996,31
-0.5700000000000001,-0.18999999999999995,21
-0.5700000000000001,-0.16999999999999998,30
-0.5700000000000001,-0.15000000000000002,41
-0.5700000000000001,-0.13,37
-0.5700000000000001,-0.10999999999999999,43
-0.5700000000000001,-0.08999999999999997,30
-0.5700000000000001,-0.06999999999999995,31
-0.5700000000000001,-0.04999999999999999,35
-0.5700000000000001,-0.030000000000000027,30
-0.5700000000000001,-0.010000000000000009,39
-0.5700000000000001,0.010000000000000009,44
-0.5700000000000001,0.030000000000000027,42
-0.5700000000000001,0.050000000000000044,41
-0.5700000000000001,0.07000000000000006,40
-0.5700000000000001,0.09000000000000008,34
-0.5700000000000001,0.1100000000000001,36
-0.5700000000000001,0.13000000000000012,42
-0.5700000000000001,0.15000000000000002,38
-0.5700000000000001,0.16999999999999993,34
-0.5700000000000001,0.18999999999999995,22
-0.5700000000000001,0.20999999999999996,27
-0.5700000000000001,0.22999999999999998,20
-0.5700000000000001,0.25,42
-0.5700000000000001,0.27,23
-0.5700000000000001,0.29000000000000004,30
-0.5700000000000001,0.31000000000000005,21
-0.5700000000000001,0.33000000000000007,22
-0.5700000000000001,0.3500000000000001,22
-0.5700000000000001,0.3700000000000001,25
-0.5700000000000001,0.3900000000000001,13
-0.5700000000000001,0.41000000000000003,12
-0.5700000000000001,0.42999999999999994,21
-0.5700000000000001,0.44999999999999996,27
-0.5700000000000001,0.47,13
-0.5700000000000001,0.49,25
-0.5700000000000001,0.51,13
-0.5700000000000001,0.53,10
-0.5700000000000001,0.55,10
-0.5700000000000001,0.5700000000000001,13
-0.5700000000000001,0.5900000000000001,13
-0.5700000000000001,0.6100000000000001,9
-0.5700000000000001,0.6300000000000001,6
-0.5700000000000001,0.6500000000000001,10
-0.5700000000000001,0.67,9
-0.5700000000000001,0.69,12
-0.5700000000000001,0.71,8
-0.5700000000000001,0.73,10
-0.5700000000000001,0.75,10
-0.5700000000000001,0.77,10
-0.5700000000000001,0.79,6
-0.5700000000000001,0.81,5
-0.5700000000000001,0.8300000000000001,1
-0.5700000000000001,0.8500000000000001,0
-0.5700000000000001,0.8700000000000001,0
-0.5700000000000001,0.8900000000000001,0
-0.5700000000000001,0.91,0
-0.5700000000000001,0.9299999999999999,0
-0.5700000000000001,0.95,0
-0.5700000000000001,0.97,0
-0.5700000000000001,0.99,0
-0.55,-0.99,0
-0.55,-0.97,0
-0.55,-0.95,0
-0.55,-0.9299999999999999,0
-0.55,-0.91,0
-0.55,-0.89,0
-0.55,-0.87,0
-0.55,-0.85,0
-0.55,-0.8300000000000001,6
-0.55,-0.81,3
-0.55,-0.79,7
-0.55,-0.77,11
-0.55,-0.75,4
-0.55,-0.73,4
-0.55,-0.71,6
-0.55,-0.69,5
-0.55,-0.6699999999999999,8
-0.55,-0.6499999999999999,7
-0.55,-0.63,13
-0.55,-0.61,9
-0.55,-0.5900000000000001,11
-0.55,-0.5700000000000001,12
-0.55,-0.55,12
-0.55,-0.53,17
-0.55,-0.51,17
-0.55,-0.49,14
-0.55,-0.47,11
-0.55,-0.44999999999999996,10
-0.55,-0.43,14
-0.55,-0.41000000000000003,12
-0.55,-0.39,18
-0.55,-0.37,16
-0.55,-0.35,24
-0.55,-0.32999999999999996,25
-0.55,-0.30999999999999994,18
-0.55,-0.29,30
-0.55,-0.27,21
-0.55,-0.25,16
-0.55,-0.22999999999999998,28
-0.55,-0.20999999999999996,35
-0.55,-0.18999999999999995,38
-0.55,-0.16999999999999998,42
-0.55,-0.15000000000000002,37
-0.55,-0.13,49
-0.55,-0.10999999999999999,40
-0.55,-0.08999999999999997,52
-0.55,-0.06999999999999995,45
-0.55,-0.04999999999999999,45
-0.55,-0.030000000000000027,49
-0.55,-0.010000000000000009,45
-0.55,0.010000000000000009,38
-0.55,0.030000000000000027,53
-0.55,0.050000000000000044,38
-0.55,0.07000000000000006,48
-0.55,0.09000000000000008,33
-0.55,0.1100000000000001,45
-0.55,0.13000000000000012,46
-0.55,0.15000000000000002,42
-0.55,0.16999999999999993,49
-0.55,0.18999999999999995,40
-0.55,0.20999999999999996,44
-0.55,0.22999999999999998,40
-0.55,0.25,23
-0.55,0.27,29
-0.55,0.29000000000000004,20
-0.55,0.31000000000000005,26
-0.55,0.33000000000000007,28
-0.55,0.3500000000000001,31
-0.55,0.3700000000000001,33
-0.55,0.3900000000000001,24
-0.55,0.41000000000000003,18
-0.55,0.42999999999999994,28
-0.55,0.44999999999999996,33
-0.55,0.47,23
-0.55,0.49,19
-0.55,0.51,13
-0.55,0.53,17
-0.55,0.55,16
-0.55,0.5700000000000001,12
-0.55,0.5900000000000001,14
-0.55,0.6100000000000001,9
-0.55,0.6300000000000001,9
-0.55,0.6500000000000001,8
-0.55,0.67,13
-0.55,0.69,7
-0.55,0.71,13
-0.55,0.73,9
-0.55,0.75,5
-0.55,0.77,8
-0.55,0.79,6
-0.55,0.81,7
-0.55,0.8300000000000001,3
-0.55,0.8500000000000001,0
-0.55,0.8700000000000001,0
-0.55,0.8900000000000001,0
-0.55,0.91,0
-0.55,0.9299999999999999,0
-0.55,0.95,0
-0.55,0.97,0
-0.55,0.99,0
-0.53,-0.99,0
-0.53,-0.97,0
-0.53,-0.95,0
-0.53,-0.9299999999999999,0
-0.53,-0.91,0
-0.53,-0.89,0
-0.53,-0.87,0
-0.53,-0.85,0
-0.53,-0.8300000000000001,2
-0.53,-0.81,6
-0.53,-0.79,5
-0.53,-0.77,5
-0.53,-0.75,6
-0.53,-0.73,4
-0.53,-0.71,7
-0.53,-0.69,12
-0.53,-0.6699999999999999,8
-0.53,-0.6499999999999999,9
-0.53,-0.63,7
-0.53,-0.61,8
-0.53,-0.5900000000000001,13
-0.53,-0.5700000000000001,15
-0.53,-0.55,7
-0.53,-0.53,9
-0.53,-0.51,14
-0.53,-0.49,15
-0.53,-0.47,19
-0.53,-0.44999999999999996,14
-0.53,-0.43,21
-0.53,-0.41000000000000003,12
-0.53,-0.39,20
-0.53,-0.37,28
-0.53,-0.35,22
-0.53,-0.32999999999999996,30
-0.53,-0.30999999999999994,23
-0.53,-0.29,25
-0.53,-0.27,27
-0.53,-0.25,30
-0.53,-0.22999999999999998,40
-0.53,-0.20999999999999996,29
-0.53,-0.18999999999999995,49
-0.53,-0.16999999999999998,40
-0.53,-0.15000000000000002,33
-0.53,-0.13,41
-0.53,-0.10999999999999999,42
-0.53,-0.08999999999999997,58
-0.53,-0.06999999999999995,49
-0.53,-0.04999999999999999,53
-0.53,-0.030000000000000027,42
-0.53,-0.010000000000000009,53
-0.53,0.010000000000000009,44
-0.53,0.030000000000000027,44
-0.53,0.050000000000000044,39
-0.53,0.07000000000000006,50
-0.53,0.09000000000000008,51
-0.53,0.1100000000000001,64
-0.53,0.13000000000000012,57
-0.53,0.15000000000000002,57
-0.53,0.16999999999999993,52
-0.53,0.18999999999999995,55
-0.53,0.20999999999999996,36
-0.53,0.22999999999999998,43
-0.53,0.25,44
-0.53,0.27,35
-0.53,0.29000000000000004,31
-0.53,0.31000000000000005,31
-0.53,0.33000000000000007,38
-0.53,0.3500000000000001,31
-0.53,0.3700000000000001,34
-0.53,0.3900000000000001,34
-0.53,0.41000000000000003,18
-0.53,0.42999999999999994,25
-0.53,0.44999999999999996,28
-0.53,0.47,22
-0.53,0.49,15
-0.53,0.51,21
-0.53,0.53,15
-0.53,0.55,13
-0.53,0.5700000000000001,12
-0.53,0.5900000000000001,15
-0.53,0.6100000000000001,14
-0.53,0.6300000000000001,18
-0.53,0.6500000000000001,14
-0.53,0.67,9
-0.53,0.69,12
-0.53,0.71,7
-0.53,0.73,7
-0.53,0.75,5
-0.53,0.77,13
-0.53,0.79,3
-0.53,0.81,1
-0.53,0.8300000000000001,5
-0.53,0.8500000000000001,4
-0.53,0.8700000000000001,0
-0.53,0.8900000000000001,0
-0.53,0.91,0
-0.53,0.9299999999999999,0
-0.53,0.95,0
-0.53,0.97,0
-0.53,0.99,0
-0.51,-0.99,0
-0.51,-0.97,0
-0.51,-0.95,0
-0.51,-0.9299999999999999,0
-0.51,-0.91,0
-0.51,-0.89,0
-0.51,-0.87,0
-0.51,-0.85,9
-0.51,-0.8300000000000001,3
-0.51,-0.81,3
-0.51,-0.79,8
-0.51,-0.77,3
-0.51,-0.75,8
-0.51,-0.73,4
-0.51,-0.71,8
-0.51,-0.69,12
-0.51,-0.6699999999999999,10
-0.51,-0.6499999999999999,8
-0.51,-0.63,14
-0.51,-0.61,11
-0.51,-0.5900000000000001,8
-0.51,-0.5700000000000001,21
-0.51,-0.55,5
-0.51,-0.53,17
-0.51,-0.51,17
-0.51,-0.49,12
-0.51,-0.47,22
-0.51,-0.44999999999999996,19
-0.51,-0.43,29
-0.51,-0.41000000000000003,19
-0.51,-0.39,21
-0.51,-0.37,29
-0.51,-0.35,26
-0.51,-0.32999999999999996,25
-0.51,-0.30999999999999994,31
-0.51,-0.29,32
-0.51,-0.27,27
-0.51,-0.25,39
-0.51,-0.22999999999999998,31
-0.51,-0.20999999999999996,42
-0.51,-0.18999999999999995,38
-0.51,-0.16999999999999998,55
-0.51,-0.15000000000000002,61
-0.51,-0.13,50
-0.51,-0.10999999999999999,51
-0.51,-0.08999999999999997,48
-0.51,-0.06999999999999995,70
-0.51,-0.04999999999999999,43
-0.51,-0.030000000000000027,68
-0.51,-0.010000000000000009,68
-0.51,0.010000000000000009,59
-0.51,0.030000000000000027,64
-0.51,0.050000000000000044,46
-0.51,0.07000000000000006,62
-0.51,0.09000000000000008,45
-0.51,0.1100000000000001,56
-0.51,0.13000000000000012,54
-0.51,0.15000000000000002,50
-0.51,0.16999999999999993,46
-0.51,0.18999999999999995,44
-0.51,0.20999999999999996,52
-0.51,0.22999999999999998,49
-0.51,0.25,51
-0.51,0.27,42
-0.51,0.29000000000000004,34
-0.51,0.31000000000000005,34
-0.51,0.33000000000000007,31
-0.51,0.3500000000000001,39
-0.51,0.3700000000000001,33
-0.51,0.3900000000000001,31
-0.51,0.41000000000000003,24
-0.51,0.42999999999999994,28
-0.51,0.44999999999999996,19
-0.51,0.47,22
-0.51,0.49,21
-0.51,0.51,14
-0.51,0.53,18
-0.51,0.55,16
-0.51,0.5700000000000001,13
-0.51,0.5900000000000001,10
-0.51,0.6100000000000001,15
-0.51,0.6300000000000001,12
-0.51,0.6500000000000001,13
-0.51,0.67,8
-0.51,0.69,3
-0.51,0.71,11
-0.51,0.73,6
-0.51,0.75,7
-0.51,0.77,5
-0.51,0.79,9
-0.51,0.81,6
-0.51,0.8300000000000001,5
-0.51,0.8500000000000001,4
-0.51,0.8700000000000001,0
-0.51,0.8900000000000001,0
-0.51,0.91,0
-0.51,0.9299999999999999,0
-0.51,0.95,0
-0.51,0.97,0
-0.51,0.99,0
-0.49,-0.99,0
-0.49,-0.97,0
-0.49,-0.95,0
-0.49,-0.9299999999999999,0
-0.49,-0.91,0
-0.49,-0.89,0
-0.49,-0.87,3
-0.49,-0.85,6
-0.49,-0.8300000000000001,8
-0.49,-0.81,5
-0.49,-0.79,6
-0.49,-0.77,3
-0.49,-0.75,7
-0.49,-0.73,10
-0.49,-0.71,6
-0.49,-0.69,7
-0.49,-0.6699999999999999,9
-0.49,-0.6499999999999999,7
-0.49,-0.63,14
-0.49,-0.61,18
-0.49,-0.5900000000000001,18
-0.49,-0.5700000000000001,13
-0.49,-0.55,13
-0.49,-0.53,7
-0.49,-0.51,17
-0.49,-0.49,21
-0.49,-0.47,19
-0.49,-0.44999999999999996,18
-0.49,-0.43,24
-0.49,-0.41000000000000003,16
-0.49,-0.39,24
-0.49,-0.37,28
-0.49,-0.35,40
-0.49,-0.32999999999999996,35
-0.49,-0.30999999999999994,29
-0.49,-0.29,42
-0.49,-0.27,29
-0.49,-0.25,54
-0.49,-0.22999999999999998,39
-0.49,-0.20999999999999996,46
-0.49,-0.18999999999999995,47
-0.49,-0.16999999999999998,43
-0.49,-0.15000000000000002,68
-0.49,-0.13,51
-0.49,-0.10999999999999999,57
-0.49,-0.08999999999999997,75
-0.49,-0.06999999999999995,59
-0.49,-0.04999999999999999,69
-0.49,-0.030000000000000027,59
-0.49,-0.010000000000000009,68
-0.49,0.010000000000000009,69
-0.49,0.030000000000000027,52
-0.49,0.050000000000000044,75
-0.49,0.07000000000000006,71
-0.49,0.09000000000000008,55
-0.49,0.1100000000000001,76
-0.49,0.13000000000000012,76
-0.49,0.15000000000000002,68
-0.49,0.16999999999999993,38
-0.49,0.18999999999999995,44
-0.49,0.20999999999999996,55
-0.49,0.22999999999999998,67
-0.49,0.25,40
-0.49,0.27,41
-0.49,0.29000000000000004,45
-0.49,0.31000000000000005,53
-0.49,0.33000000000000007,25
-0.49,0.3500000000000001,20
-0.49,0.3700000000000001,35
-0.49,0.3900000000000001,18
-0.49,0.41000000000000003,32
-0.49,0.42999999999999994,23
-0.49,0.44999999999999996,26
-0.49,0.47,23
-0.49,0.49,12
-0.49,0.51,12
-0.49,0.53,23
-0.49,0.55,14
-0.49,0.5700000000000001,15
-0.49,0.5900000000000001,13
-0.49,0.6100000000000001,15
-0.49,0.6300000000000001,11
-0.49,0.6500000000000001,8
-0.49,0.67,13
-0.49,0.69,7
-0.49,0.71,6
-0.49,0.73,14
-0.49,0.75,6
-0.49,0.77,6
-0.49,0.79,5
-0.49,0.81,10
-0.49,0.8300000000000001,5
-0.49,0.8500000000000001,7
-0.49,0.8700000000000001,3
-0.49,0.8900000000000001,0
-0.49,0.91,0
-0.49,0.9299999999999999,0
-0.49,0.95,0
-0.49,0.97,0
-0.49,0.99,0
-0.47,-0.99,0
-0.47,-0.97,0
-0.47,-0.95,0
-0.47,-0.9299999999999999,0
-0.47,-0.91,0
-0.47,-0.89,0
-0.47,-0.87,5
-0.47,-0.85,5
-0.47,-0.8300000000000001,6
-0.47,-0.81,4
-0.47,-0.79,5
-0.47,-0.77,6
-0.47,-0.75,8
-0.47,-0.73,9
-0.47,-0.71,6
-0.47,-0.69,9
-0.47,-0.6699999999999999,5
-0.47,-0.6499999999999999,14
-0.47,-0.63,7
-0.47,-0.61,10
-0.47,-0.5900000000000001,14
-0.47,-0.5700000000000001,12
-0.47,-0.55,19
-0.47,-0.53,19
-0.47,-0.51,15
-0.47,-0.49,18
-0.47,-0.47,20
-0.47,-0.44999999999999996,30
-0.47,-0.43,20
-0.47,-0.41000000000000003,23
-0.47,-0.39,31
-0.47,-0.37,36
-0.47,-0.35,27
-0.47,-0.32999999999999996,51
-0.47,-0.30999999999999994,41
-0.47,-0.29,39
-0.47,-0.27,47
-0.47,-0.25,47
-0.47,-0.22999999999999998,55
-0.47,-0.20999999999999996,48
-0.47,-0.18999999999999995,56
-0.47,-0.16999999999999998,59
-0.47,-0.15000000000000002,68
-0.47,-0.13,59
-0.47,-0.10999999999999999,57
-0.47,-0.08999999999999997,67
-0.47,-0.06999999999999995,68
-0.47,-0.04999999999999999,66
-0.47,-0.030000000000000027,69
-0.47,-0.010000000000000009,93
-0.47,0.010000000000000009,77
-0.47,0.030000000000000027,82
-0.47,0.050000000000000044,74
-0.47,0.07000000000000006,67
-0.47,0.09000000000000008,75
-0.47,0.1100000000000001,83
-0.47,0.13000000000000012,82
-0.47,0.15000000000000002,60
-0.47,0.16999999999999993,78
-0.47,0.18999999999999995,64
-0.47,0.20999999999999996,61
-0.47,0.22999999999999998,64
-0.47,0.25,41
-0.47,0.27,52
-0.47,0.29000000000000004,52
-0.47,0.31000000000000005,46
-0.47,0.33000000000000007,36
-0.47,0.3500000000000001,39
-0.47,0.3700000000000001,45
-0.47,0.3900000000000001,35
-0.47,0.41000000000000003,37
-0.47,0.42999999999999994,40
-0.47,0.44999999999999996,28
-0.47,0.47,22
-0.47,0.49,25
-0.47,0.51,22
-0.47,0.53,27
-0.47,0.55,19
-0.47,0.5700000000000001,12
-0.47,0.5900000000000001,15
-0.47,0.6100000000000001,18
-0.47,0.6300000000000001,15
-0.47,0.6500000000000001,13
-0.47,0.67,12
-0.47,0.69,13
-0.47,0.71,8
-0.47,0.73,14
-0.47,0.75,8
-0.47,0.77,7
-0.47,0.79,9
-0.47,0.81,12
-0.47,0.8300000000000001,5
-0.47,0.8500000000000001,10
-0.47,0.8700000000000001,6
-0.47,0.8900000000000001,0
-0.47,0.91,0
-0.47,0.9299999999999999,0
-0.47,0.95,0
-0.47,0.97,0
-0.47,0.99,0
-0.44999999999999996,-0.99,0
-0.44999999999999996,-0.97,0
-0.44999999999999996,-0.95,0
-0.44999999999999996,-0.9299999999999999,0
-0.44999999999999996,-0.91,0
-0.44999999999999996,-0.89,3
-0.44999999999999996,-0.87,3
-0.44999999999999996,-0.85,9
-0.44999999999999996,-0.8300000000000001,6
-0.44999999999999996,-0.81,9
-0.44999999999999996,-0.79,6
-0.44999999999999996,-0.77,7
-0.44999999999999996,-0.75,8
-0.44999999999999996,-0.73,5
-0.44999999999999996,-0.71,10
-0.44999999999999996,-0.69,8
-0.44999999999999996,-0.6699999999999999,11
-0.44999999999999996,-0.6499999999999999,20
-0.44999999999999996,-0.63,15
-0.44999999999999996,-0.61,11
-0.44999999999999996,-0.5900000000000001,10
-0.44999999999999996,-0.5700000000000001,12
-0.44999999999999996,-0.55,20
-0.44999999999999996,-0.53,13
-0.44999999999999996,-0.51,20
-0.44999999999999996,-0.49,17
-0.44999999999999996,-0.47,13
-0.44999999999999996,-0.44999999999999996,26
-0.44999999999999996,-0.43,28
-0.44999999999999996,-0.41000000000000003,21
-0.44999999999999996,-0.39,25
-0.44999999999999996,-0.37,28
-0.44999999999999996,-0.35,28
-0.44999999999999996,-0.32999999999999996,34
-0.44999999999999996,-0.30999999999999994,45
-0.44999999999999996,-0.29,48
-0.44999999999999996,-0.27,50
-0.44999999999999996,-0.25,51
-0.44999999999999996,-0.22999999999999998,57
-0.44999999999999996,-0.20999999999999996,56
-0.44999999999999996,-0.18999999999999995,76
-0.44999999999999996,-0.16999999999999998,50
-0.44999999999999996,-0.15000000000000002,63
-0.44999999999999996,-0.13,62
-0.44999999999999996,-0.10999999999999999,76
-0.44999999999999996,-0.08999999999999997,89
-0.44999999999999996,-0.06999999999999995,103
-0.44999999999999996,-0.04999999999999999,85
-0.44999999999999996,-0.030000000000000027,85
-0.44999999999999996,-0.010000000000000009,92
-0.44999999999999996,0.010000000000000009,80
-0.44999999999999996,0.030000000000000027,84
-0.44999999999999996,0.050000000000000044,99
-0.44999999999999996,0.07000000000000006,82
-0.44999999999999996,0.09000000000000008,81
-0.44999999999999996,0.1100000000000001,73
-0.44999999999999996,0.13000000000000012,85
-0.44999999999999996,0.15000000000000002,76
-0.44999999999999996,0.16999999999999993,74
-0.44999999999999996,0.18999999999999995,83
-0.44999999999999996,0.20999999999999996,62
-0.44999999999999996,0.22999999999999998,57
-0.44999999999999996,0.25,69
-0.44999999999999996,0.27,51
-0.44999999999999996,0.29000000000000004,59
-0.44999999999999996,0.31000000000000005,45
-0.44999999999999996,0.33000000000000007,35
-0.44999999999999996,0.3500000000000001,38
-0.44999999999999996,0.3700000000000001,30
-0.44999999999999996,0.3900000000000001,39
-0.44999999999999996,0.41000000000000003,39
-0.44999999999999996,0.42999999999999994,26
-0.44999999999999996,0.44999999999999996,37
-0.44999999999999996,0.47,26
-0.44999999999999996,0.49,26
-0.44999999999999996,0.51,21
-0.44999999999999996,0.53,18
-0.44999999999999996,0.55,27
-0.44999999999999996,0.5700000000000001,18
-0.44999999999999996,0.5900000000000001,16
-0.44999999999999996,0.6100000000000001,16
-0.44999999999999996,0.6300000000000001,11
-0.44999999999999996,0.6500000000000001,11
-0.44999999999999996,0.67,13
-0.44999999999999996,0.69,14
-0.44999999999999996,0.71,12
-0.44999999999999996,0.73,9
-0.44999999999999996,0.75,11
-0.44999999999999996,0.77,8
-0.44999999999999996,0.79,7
-0.44999999999999996,0.81,3
-0.44999999999999996,0.8300000000000001,13
-0.44999999999999996,0.8500000000000001,7
-0.44999999999999996,0.8700000000000001,4
-0.44999999999999996,0.8900000000000001,2
-0.44999999999999996,0.91,0
-0.44999999999999996,0.9299999999999999,0
-0.44999999999999996,0.95,0
-0.44999999999999996,0.97,0
-0.44999999999999996,0.99,0
-0.43,-0.99,0
-0.43,-0.97,0
-0.43,-0.95,0
-0.43,-0.9299999999999999,0
-0.43,-0.91,0
-0.43,-0.89,0
-0.43,-0.87,5
-0.43,-0.85,4
-0.43,-0.8300000000000001,4
-0.43,-0.81,3
-0.43,-0.79,7
-0.43,-0.77,5
-0.43,-0.75,10
-0.43,-0.73,6
-0.43,-0.71,9
-0.43,-0.69,11
-0.43,-0.6699999999999999,18
-0.43,-0.6499999999999999,5
-0.43,-0.63,13
-0.43,-0.61,15
-0.43,-0.5900000000000001,9
-0.43,-0.5700000000000001,17
-0.43,-0.55,18
-0.43,-0.53,21
-0.43,-0.51,27
-0.43,-0.49,29
-0.43,-0.47,13
-0.43,-0.44999999999999996,28
-0.43,-0.43,31
-0.43,-0.41000000000000003,31
-0.43,-0.39,44
-0.43,-0.37,34
-0.43,-0.35,49
-0.43,-0.32999999999999996,39
-0.43,-0.30999999999999994,54
-0.43,-0.29,41
-0.43,-0.27,56
-0.43,-0.25,51
-0.43,-0.22999999999999998,57
-0.43,-0.20999999999999996,64
-0.43,-0.18999999999999995,67
-0.43,-0.16999999999999998,70
-0.43,-0.15000000000000002,71
-0.43,-0.13,96
-0.43,-0.10999999999999999,82
-0.43,-0.08999999999999997,80
-0.43,-0.06999999999999995,92
-0.43,-0.04999999999999999,94
-0.43,-0.030000000000000027,91
-0.43,-0.010000000000000009,79
-0.43,0.010000000000000009,95
-0.43,0.030000000000000027,98
-0.43,0.050000000000000044,97
-0.43,0.07000000000000006,109
-0.43,0.09000000000000008,94
-0.43,0.1100000000000001,99
-0.43,0.13000000000000012,99
-0.43,0.15000000000000002,92
-0.43,0.16999999999999993,72
-0.43,0.18999999999999995,84
-0.43,0.20999999999999996,66
-0.43,0.22999999999999998,66
-0.43,0.25,58
-0.43,0.27,61
-0.43,0.29000000000000004,72
-0.43,0.31000000000000005,72
-0.43,0.33000000000000007,50
-0.43,0.3500000000000001,51
-0.43,0.3700000000000001,47
-0.43,0.3900000000000001,37
-0.43,0.41000000000000003,33
-0.43,0.42999999999999994,40
-0.43,0.44999999999999996,42
-0.43,0.47,24
-0.43,0.49,28
-0.43,0.51,22
-0.43,0.53,27
-0.43,0.55,23
-0.43,0.5700000000000001,19
-0.43,0.5900000000000001,19
-0.43,0.6100000000000001,19
-0.43,0.6300000000000001,10
-0.43,0.6500000000000001,16
-0.43,0.67,14
-0.43,0.69,11
-0.43,0.71,11
-0.43,0.73,7
-0.43,0.75,9
-0.43,0.77,8
-0.43,0.79,7
-0.43,0.81,12
-0.43,0.8300000000000001,8
-0.43,0.8500000000000001,5
-0.43,0.8700000000000001,9
-0.43,0.8900000000000001,2
-0.43,0.91,0
-0.43,0.9299999999999999,0
-0.43,0.95,0
-0.43,0.97,0
-0.43,0.99,0
-0.41000000000000003,-0.99,0
-0.41000000000000003,-0.97,0
-0.41000000000000003,-0.95,0
-0.41000000000000003,-0.9299999999999999,0
-0.41000000000000003,-0.91,2
-0.41000000000000003,-0.89,8
-0.41000000000000003,-0.87,8
-0.41000000000000003,-0.85,2
-0.41000000000000003,-0.8300000000000001,2
-0.41000000000000003,-0.81,6
-0.41000000000000003,-0.79,7
-0.41000000000000003,-0.77,8
-0.41000000000000003,-0.75,5
-0.41000000000000003,-0.73,1
-0.41000000000000003,-0.71,6
-0.41000000000000003,-0.69,3
-0.41000000000000003,-0.6699999999999999,10
-0.41000000000000003,-0.6499999999999999,8
-0.41000000000000003,-0.63,16
-0.41000000000000003,-0.61,15
-0.41000000000000003,-0.5900000000000001,22
-0.41000000000000003,-0.5700000000000001,12
-0.41000000000000003,-0.55,21
-0.41000000000000003,-0.53,20
-0.41000000000000003,-0.51,18
-0.41000000000000003,-0.49,20
-0.41000000000000003,-0.47,23
-0.41000000000000003,-0.44999999999999996,24
-0.41000000000000003,-0.43,26
-0.41000000000000003,-0.41000000000000003,28
-0.41000000000000003,-0.39,32
-0.41000000000000003,-0.37,38
-0.41000000000000003,-0.35,46
-0.41000000000000003,-0.32999999999999996,55
-0.41000000000000003,-0.30999999999999994,57
-0.41000000000000003,-0.29,61
-0.41000000000000003,-0.27,46
-0.41000000000000003,-0.25,62
-0.41000000000000003,-0.22999999999999998,65
-0.41000000000000003,-0.20999999999999996,62
-0.41000000000000003,-0.18999999999999995,74
-0.41000000000000003,-0.16999999999999998,89
-0.41000000000000003,-0.15000000000000002,85
-0.41000000000000003,-0.13,78
-0.41000000000000003,-0.10999999999999999,111
-0.41000000000000003,-0.08999999999999997,102
-0.41000000000000003,-0.06999999999999995,106
-0.41000000000000003,-0.04999999999999999,103
-0.41000000000000003,-0.030000000000000027,122
-0.41000000000000003,-0.010000000000000009,132
-0.41000000000000003,0.010000000000000009,102
-0.41000000000000003,0.030000000000000027,111
-0.41000000000000003,0.050000000000000044,107
-0.41000000000000003,0.07000000000000006,117
-0.41000000000000003,0.09000000000000008,103
-0.41000000000000003,0.1100000000000001,123
-0.41000000000000003,0.13000000000000012,95
-0.41000000000000003,0.15000000000000002,97
-0.41000000000000003,0.16999999999999993,82
-0.41000000000000003,0.18999999999999995,88
-0.41000000000000003,0.20999999999999996,78
-0.41000000000000003,0.22999999999999998,73
-0.41000000000000003,0.25,73
-0.41000000000000003,0.27,92
-0.41000000000000003,0.29000000000000004,69
-0.41000000000000003,0.31000000000000005,55
-0.41000000000000003,0.33000000000000007,58
-0.41000000000000003,0.3500000000000001,46
-0.41000000000000003,0.3700000000000001,63
-0.41000000000000003,0.3900000000000001,44
-0.41000000000000003,0.41000000000000003,43
-0.41000000000000003,0.42999999999999994,47
-0.41000000000000003,0.44999999999999996,29
-0.41000000000000003,0.47,35
-0.41000000000000003,0.49,37
-0.41000000000000003,0.51,29
-0.41000000000000003,0.53,33
-0.41000000000000003,0.55,22
-0.41000000000000003,0.5700000000000001,29
-0.41000000000000003,0.5900000000000001,17
-0.41000000000000003,0.6100000000000001,26
-0.41000000000000003,0.6300000000000001,14
-0.41000000000000003,0.6500000000000001,7
-0.41000000000000003,0.67,19
-0.41000000000000003,0.69,9
-0.41000000000000003,0.71,10
-0.41000000000000003,0.73,7
-0.41000000000000003,0.75,17
-0.41000000000000003,0.77,13
-0.41000000000000003,0.79,6
-0.41000000000000003,0.81,8
-0.41000000000000003,0.8300000000000001,1
-0.41000000000000003,0.8500000000000001,5
-0.41000000000000003,0.8700000000000001,6
-0.41000000000000003,0.8900000000000001,6
-0.41000000000000003,0.91,3
-0.41000000000000003,0.9299999999999999,0
-0.41000000000000003,0.95,0
-0.41000000000000003,0.97,0
-0.41000000000000003,0.99,0
-0.39,-0.99,0
-0.39,-0.97,0
-0.39,-0.95,0
-0.39,-0.9299999999999999,1
-0.39,-0.91,4
-0.39,-0.89,9
-0.39,-0.87,3
-0.39,-0.85,3
-0.39,-0.8300000000000001,4
-0.39,-0.81,9
-0.39,-0.79,5
-0.39,-0.77,5
-0.39,-0.75,6
-0.39,-0.73,13
-0.39,-0.71,6
-0.39,-0.69,14
-0.39,-0.6699999999999999,16
-0.39,-0.6499999999999999,10
-0.39,-0.63,8
-0.39,-0.61,16
-0.39,-0.5900000000000001,12
-0.39,-0.5700000000000001,14
-0.39,-0.55,13
-0.39,-0.53,27
-0.39,-0.51,16
-0.39,-0.49,24
-0.39,-0.47,18
-0.39,-0.44999999999999996,30
-0.39,-0.43,32
-0.39,-0.41000000000000003,51
-0.39,-0.39,43
-0.39,-0.37,33
-0.39,-0.35,48
-0.39,-0.32999999999999996,45
-0.39,-0.30999999999999994,48
-0.39,-0.29,48
-0.39,-0.27,72
-0.39,-0.25,63
-0.39,-0.22999999999999998,69
-0.39,-0.20999999999999996,69
-0.39,-0.18999999999999995,89
-0.39,-0.16999999999999998,96
-0.39,-0.15000000000000002,104
-0.39,-0.13,117
-0.39,-0.10999999999999999,109
-0.39,-0.08999999999999997,118
-0.39,-0.06999999999999995,121
-0.39,-0.04999999999999999,110
-0.39,-0.030000000000000027,128
-0.39,-0.010000000000000009,110
-0.39,0.010000000000000009,130
-0.39,0.030000000000000027,154
-0.39,0.050000000000000044,137
-0.39,0.07000000000000006,127
-0.39,0.09000000000000008,138
-0.39,0.1100000000000001,129
-0.39,0.13000000000000012,130
-0.39,0.15000000000000002,114
-0.39,0.16999999999999993,140
-0.39,0.18999999999999995,111
-0.39,0.20999999999999996,92
-0.39,0.22999999999999998,107
-0.39,0.25,82
-0.39,0.27,80
-0.39,0.29000000000000004,70
-0.39,0.31000000000000005,61
-0.39,0.33000000000000007,60
-0.39,0.3500000000000001,70
-0.39,0.3700000000000001,51
-0.39,0.3900000000000001,44
-0.39,0.41000000000000003,54
-0.39,0.42999999999999994,33
-0.39,0.44999999999999996,40
-0.39,0.47,36
-0.39,0.49,26
-0.39,0.51,36
-0.39,0.53,32
-0.39,0.55,28
-0.39,0.5700000000000001,21
-0.39,0.5900000000000001,24
-0.39,0.6100000000000001,13
-0.39,0.6300000000000001,20
-0.39,0.6500000000000001,14
-0.39,0.67,16
-0.39,0.69,12
-0.39,0.71,11
-0.39,0.73,9
-0.39,0.75,13
-0.39,0.77,13
-0.39,0.79,10
-0.39,0.81,7
-0.39,0.8300000000000001,8
-0.39,0.8500000000000001,5
-0.39,0.8700000000000001,8
-0.39,0.8900000000000001,4
-0.39,0.91,4
-0.39,0.9299999999999999,0
-0.39,0.95,0
-0.39,0.97,0
-0.39,0.99,0
-0.37,-0.99,0
-0.37,-0.97,0
-0.37,-0.95,0
-0.37,-0.9299999999999999,5
-0.37,-0.91,5
-0.37,-0.89,3
-0.37,-0.87,6
-0.37,-0.85,6
-0.37,-0.8300000000000001,3
-0.37,-0.81,8
-0.37,-0.79,5
-0.37,-0.77,7
-0.37,-0.75,13
-0.37,-0.73,11
-0.37,-0.71,11
-0.37,-0.69,12
-0.37,-0.6699999999999999,14
-0.37,-0.6499999999999999,10
-0.37,-0.63,11
-0.37,-0.61,12
-0.37,-0.5900000000000001,12
-0.37,-0.5700000000000001,17
-0.37,-0.55,17
-0.37,-0.53,22
-0.37,-0.51,26
-0.37,-0.49,26
-0.37,-0.47,24
-0.37,-0.44999999999999996,31
-0.37,-0.43,35
-0.37,-0.41000000000000003,40
-0.37,-0.39,35
-0.37,-0.37,54
-0.37,-0.35,51
-0.37,-0.32999999999999996,67
-0.37,-0.30999999999999994,51
-0.37,-0.29,77
-0.37,-0.27,61
-0.37,-0.25,79
-0.37,-0.22999999999999998,74
-0.37,-0.20999999999999996,78
-0.37,-0.18999999999999995,95
-0.37,-0.16999999999999998,92
-0.37,-0.15000000000000002,116
-0.37,-0.13,101
-0.37,-0.10999999999999999,122
-0.37,-0.08999999999999997,129
-0.37,-0.06999999999999995,149
-0.37,-0.04999999999999999,129
-0.37,-0.030000000000000027,148
-0.37,-0.010000000000000009,137
-0.37,0.010000000000000009,165
-0.37,0.030000000000000027,161
-0.37,0.050000000000000044,153
-0.37,0.07000000000000006,160
-0.37,0.09000000000000008,158
-0.37,0.1100000000000001,146
-0.37,0.13000000000000012,136
-0.37,0.15000000000000002,118
-0.37,0.16999999999999993,122
-0.37,0.18999999999999995,99
-0.37,0.20999999999999996,99
-0.37,0.22999999999999998,107
-0.37,0.25,90
-0.37,0.27,99
-0.37,0.29000000000000004,86
-0.37,0.31000000000000005,68
-0.37,0.33000000000000007,78
-0.37,0.3500000000000001,51
-0.37,0.3700000000000001,58
-0.37,0.3900000000000001,45
-0.37,0.41000000000000003,52
-0.37,0.42999999999999994,45
-0.37,0.44999999999999996,40
-0.37,0.47,41
-0.37,0.49,35
-0.37,0.51,37
-0.37,0.53,28
-0.37,0.55,22
-0.37,0.5700000000000001,20
-0.37,0.5900000000000001,18
-0.37,0.6100000000000001,21
-0.37,0.6300000000000001,17
-0.37,0.6500000000000001,21
-0.37,0.67,30
-0.37,0.69,12
-0.37,0.71,13
-0.37,0.73,12
-0.37,0.75,14
-0.37,0.77,8
-0.37,0.79,10
-0.37,0.81,8
-0.37,0.8300000000000001,8
-0.37,0.8500000000000001,5
-0.37,0.8700000000000001,0
-0.37,0.8900000000000001,7
-0.37,0.91,9
-0.37,0.9299999999999999,2
-0.37,0.95,0
-0.37,0.97,0
-0.37,0.99,0
-0.35,-0.99,0
-0.35,-0.97,0
-0.35,-0.95,0
-0.35,-0.9299999999999999,5
-0.35,-0.91,3
-0.35,-0.89,8
-0.35,-0.87,7
-0.35,-0.85,5
-0.35,-0.8300000000000001,5
-0.35,-0.81,8
-0.35,-0.79,7
-0.35,-0.77,15
-0.35,-0.75,11
-0.35,-0.73,10
-0.35,-0.71,10
-0.35,-0.69,7
-0.35,-0.6699999999999999,11
-0.35,-0.6499999999999999,14
-0.35,-0.63,11
-0.35,-0.61,22
-0.35,-0.5900000000000001,27
-0.35,-0.5700000000000001,19
-0.35,-0.55,25
-0.35,-0.53,23
-0.35,-0.51,27
-0.35,-0.49,29
-0.35,-0.47,23
-0.35,-0.44999999999999996,40
-0.35,-0.43,28
-0.35,-0.41000000000000003,47
-0.35,-0.39,48
-0.35,-0.37,67
-0.35,-0.35,61
-0.35,-0.32999999999999996,60
-0.35,-0.30999999999999994,56
-0.35,-0.29,56
-0.35,-0.27,83
-0.35,-0.25,87
-0.35,-0.22999999999999998,104
-0.35,-0.20999999999999996,97
-0.35,-0.18999999999999995,111
-0.35,-0.16999999999999998,120
-0.35,-0.15000000000000002,110
-0.35,-0.13,126
-0.35,-0.10999999999999999,138
-0.35,-0.08999999999999997,138
-0.35,-0.06999999999999995,152
-0.35,-0.04999999999999999,180
-0.35,-0.030000000000000027,175
-0.35,-0.010000000000000009,165
-0.35,0.010000000000000009,195
-0.35,0.030000000000000027,161
-0.35,0.050000000000000044,162
-0.35,0.07000000000000006,161
-0.35,0.09000000000000008,178
-0.35,0.1100000000000001,149
-0.35,0.13000000000000012,161
-0.35,0.15000000000000002,135
-0.35,0.16999999999999993,124
-0.35,0.18999999999999995,143
-0.35,0.20999999999999996,125
-0.35,0.22999999999999998,100
-0.35,0.25,104
-0.35,0.27,108
-0.35,0.29000000000000004,83
-0.35,0.31000000000000005,81
-0.35,0.33000000000000007,88
-0.35,0.3500000000000001,62
-0.35,0.3700000000000001,56
-0.35,0.3900000000000001,59
-0.35,0.41000000000000003,62
-0.35,0.42999999999999994,47
-0.35,0.44999999999999996,45
-0.35,0.47,44
-0.35,0.49,29
-0.35,0.51,33
-0.35,0.53,28
-0.35,0.55,30
-0.35,0.5700000000000001,38
-0.35,0.5900000000000001,19
-0.35,0.6100000000000001,16
-0.35,0.6300000000000001,24
-0.35,0.6500000000000001,12
-0.35,0.67,23
-0.35,0.69,15
-0.35,0.71,9
-0.35,0.73,9
-0.35,0.75,11
-0.35,0.77,12
-0.35,0.79,7
-0.35,0.81,11
-0.35,0.8300000000000001,5
-0.35,0.8500000000000001,7
-0.35,0.8700000000000001,8
-0.35,0.8900000000000001,6
-0.35,0.91,9
-0.35,0.9299999999999999,5
-0.35,0.95,0
-0.35,0.97,0
-0.35,0.99,0
-0.32999999999999996,-0.99,0
-0.32999999999999996,-0.97,0
-0.32999999999999996,-0.95,2
-0.32999999999999996,-0.9299999999999999,4
-0.32999999999999996,-0.91,1
-0.32999999999999996,-0.89,5
-0.32999999999999996,-0.87,6
-0.32999999999999996,-0.85,10
-0.32999999999999996,-0.8300000000000001,8
-0.32999999999999996,-0.81,13
-0.32999999999999996,-0.79,5
-0.32999999999999996,-0.77,8
-0.32999999999999996,-0.75,17
-0.32999999999999996,-0.73,5
-0.32999999999999996,-0.71,9
-0.32999999999999996,-0.69,17
-0.32999999999999996,-0.6699999999999999,9
-0.32999999999999996,-0.6499999999999999,9
-0.32999999999999996,-0.63,19
-0.32999999999999996,-0.61,13
-0.32999999999999996,-0.5900000000000001,24
-0.32999999999999996,-0.5700000000000001,20
-0.32999999999999996,-0.55,21
-0.32999999999999996,-0.53,25
-0.32999999999999996,-0.51,23
-0.32999999999999996,-0.49,31
-0.32999999999999996,-0.47,30
-0.32999999999999996,-0.44999999999999996,32
-0.32999999999999996,-0.43,39
-0.32999999999999996,-0.41000000000000003,52
-0.32999999999999996,-0.39,52
-0.32999999999999996,-0.37,63
-0.32999999999999996,-0.35,53
-0.32999999999999996,-0.32999999999999996,63
-0.32999999999999996,-0.30999999999999994,63
-0.32999999999999996,-0.29,77
-0.32999999999999996,-0.27,91
-0.32999999999999996,-0.25,84
-0.32999999999999996,-0.22999999999999998,122
-0.32999999999999996,-0.20999999999999996,108
-0.32999999999999996,-0.18999999999999995,125
-0.32999999999999996,-0.16999999999999998,110
-0.32999999999999996,-0.15000000000000002,128
-0.32999999999999996,-0.13,157
-0.32999999999999996,-0.10999999999999999,167
-0.32999999999999996,-0.08999999999999997,166
-0.32999999999999996,-0.06999999999999995,174
-0.32999999999999996,-0.04999999999999999,167
-0.32999999999999996,-0.030000000000000027,200
-0.32999999999999996,-0.010000000000000009,196
-0.32999999999999996,0.010000000000000009,192
-0.32999999999999996,0.030000000000000027,217
-0.32999999999999996,0.050000000000000044,195
-0.32999999999999996,0.07000000000000006,182
-0.32999999999999996,0.09000000000000008,185
-0.32999999999999996,0.1100000000000001,176
-0.32999999999999996,0.13000000000000012,165
-0.32999999999999996,0.15000000000000002,180
-0.32999999999999996,0.16999999999999993,150
-0.32999999999999996,0.18999999999999995,127
-0.32999999999999996,0.20999999999999996,142
-0.32999999999999996,0.22999999999999998,140
-0.32999999999999996,0.25,136
-0.32999999999999996,0.27,121
-0.32999999999999996,0.29000000000000004,109
-0.32999999999999996,0.31000000000000005,87
-0.32999999999999996,0.33000000000000007,93
-0.32999999999999996,0.3500000000000001,79
-0.32999999999999996,0.3700000000000001,73
-0.32999999999999996,0.3900000000000001,67
-0.32999999999999996,0.41000000000000003,51
-0.32999999999999996,0.42999999999999994,49
-0.32999999999999996,0.44999999999999996,50
-0.32999999999999996,0.47,47
-0.32999999999999996,0.49,47
-0.32999999999999996,0.51,36
-0.32999999999999996,0.53,28
-0.32999999999999996,0.55,19
-0.32999999999999996,0.5700000000000001,26
-0.32999999999999996,0.5900000000000001,21
-0.32999999999999996,0.6100000000000001,26
-0.32999999999999996,0.6300000000000001,18
-0.32999999999999996,0.6500000000000001,21
-0.32999999999999996,0.67,18
-0.32999999999999996,0.69,14
-0.32999999999999996,0.71,12
-0.32999999999999996,0.73,14
-0.32999999999999996,0.75,5
-0.32999999999999996,0.77,7
-0.32999999999999996,0.79,9
-0.32999999999999996,0.81,11
-0.32999999999999996,0.8300000000000001,7
-0.32999999999999996,0.8500000000000001,8
-0.32999999999999996,0.8700000000000001,6
-0.32999999999999996,0.8900000000000001,6
-0.32999999999999996,0.91,7
-0.32999999999999996,0.9299999999999999,6
-0.32999999999999996,0.95,2
-0.32999999999999996,0.97,0
-0.32999999999999996,0.99,0
-0.30999999999999994,-0.99,0
-0.30999999999999994,-0.97,0
-0.30999999999999994,-0.95,2
-0.30999999999999994,-0.9299999999999999,3
-0.30999999999999994,-0.91,8
-0.30999999999999994,-0.89,7
-0.30999999999999994,-0.87,6
-0.30999999999999994,-0.85,5
-0.30999999999999994,-0.8300000000000001,6
-0.30999999999999994,-0.81,3
-0.30999999999999994,-0.79,7
-0.30999999999999994,-0.77,9
-0.30999999999999994,-0.75,10
-0.30999999999999994,-0.73,8
-0.30999999999999994,-0.71,9
-0.30999999999999994,-0.69,7
-0.30999999999999994,-0.6699999999999999,20
-0.30999999999999994,-0.6499999999999999,20
-0.30999999999999994,-0.63,23
-0.30999999999999994,-0.61,13
-0.30999999999999994,-0.5900000000000001,12
-0.30999999999999994,-0.5700000000000001,19
-0.30999999999999994,-0.55,16
-0.30999999999999994,-0.53,19
-0.30999999999999994,-0.51,24
-0.30999999999999994,-0.49,36
-0.30999999999999994,-0.47,29
-0.30999999999999994,-0.44999999999999996,38
-0.30999999999999994,-0.43,42
-0.30999999999999994,-0.41000000000000003,41
-0.30999999999999994,-0.39,53
-0.30999999999999994,-0.37,46
-0.30999999999999994,-0.35,57
-0.30999999999999994,-0.32999999999999996,71
-0.30999999999999994,-0.30999999999999994,63
-0.30999999999999994,-0.29,85
-0.30999999999999994,-0.27,93
-0.30999999999999994,-0.25,91
-0.30999999999999994,-0.22999999999999998,94
-0.30999999999999994,-0.20999999999999996,109
-0.30999999999999994,-0.18999999999999995,131
-0.30999999999999994,-0.16999999999999998,153
-0.30999999999999994,-0.15000000000000002,160
-0.30999999999999994,-0.13,176
-0.30999999999999994,-0.10999999999999999,191
-0.30999999999999994,-0.08999999999999997,214
-0.30999999999999994,-0.06999999999999995,191
-0.30999999999999994,-0.04999999999999999,200
-0.30999999999999994,-0.030000000000000027,206
-0.30999999999999994,-0.010000000000000009,259
-0.30999999999999994,0.010000000000000009,212
-0.30999999999999994,0.030000000000000027,218
-0.30999999999999994,0.050000000000000044,234
-0.30999999999999994,0.07000000000000006,227
-0.30999999999999994,0.09000000000000008,214
-0.30999999999999994,0.1100000000000001,211
-0.30999999999999994,0.13000000000000012,209
-0.30999999999999994,0.15000000000000002,185
-0.30999999999999994,0.16999999999999993,199
-0.30999999999999994,0.18999999999999995,167
-0.30999999999999994,0.20999999999999996,149
-0.30999999999999994,0.22999999999999998,133
-0.30999999999999994,0.25,114
-0.30999999999999994,0.27,132
-0.30999999999999994,0.29000000000000004,115
-0.30999999999999994,0.31000000000000005,111
-0.30999999999999994,0.33000000000000007,90
-0.30999999999999994,0.3500000000000001,71
-0.30999999999999994,0.3700000000000001,78
-0.30999999999999994,0.3900000000000001,65
-0.30999999999999994,0.41000000000000003,67
-0.30999999999999994,0.42999999999999994,61
-0.30999999999999994,0.44999999999999996,46
-0.30999999999999994,0.47,57
-0.30999999999999994,0.49,43
-0.30999999999999994,0.51,45
-0.30999999999999994,0.53,43
-0.30999999999999994,0.55,39
-0.30999999999999994,0.5700000000000001,24
-0.30999999999999994,0.5900000000000001,21
-0.30999999999999994,0.6100000000000001,27
-0.30999999999999994,0.6300000000000001,19
-0.30999999999999994,0.6500000000000001,18
-0.30999999999999994,0.67,15
-0.30999999999999994,0.69,24
-0.30999999999999994,0.71,18
-0.30999999999999994,0.73,16
-0.30999999999999994,0.75,9
-0.30999999999999994,0.77,10
-0.30999999999999994,0.79,17
-0.30999999999999994,0.81,8
-0.30999999999999994,0.8300000000000001,15
-0.30999999999999994,0.8500000000000001,8
-0.30999999999999994,0.8700000000000001,7
-0.30999999999999994,0.8900000000000001,11
-0.30999999999999994,0.91,10
-0.30999999999999994,0.9299999999999999,9
-0.30999999999999994,0.95,1
-0.30999999999999994,0.97,0
-0.30999999999999994,0.99,0
-0.29,-0.99,0
-0.29,-0.97,0
-0.29,-0.95,3
-0.29,-0.9299999999999999,4
-0.29,-0.91,5
-0.29,-0.89,5
-0.29,-0.87,9
-0.29,-0.85,5
-0.29,-0.8300000000000001,6
-0.29,-0.81,5
-0.29,-0.79,10
-0.29,-0.77,9
-0.29,-0.75,12
-0.29,-0.73,10
-0.29,-0.71,8
-0.29,-0.69,18
-0.29,-0.6699999999999999,19
-0.29,-0.6499999999999999,19
-0.29,-0.63,23
-0.29,-0.61,16
-0.29,-0.5900000000000001,23
-0.29,-0.5700000000000001,11
-0.29,-0.55,33
-0.29,-0.53,32
-0.29,-0.51,32
-0.29,-0.49,35
-0.29,-0.47,39
-0.29,-0.44999999999999996,32
-0.29,-0.43,48
-0.29,-0.41000000000000003,41
-0.29,-0.39,50
-0.29,-0.37,59
-0.29,-0.35,72
-0.29,-0.32999999999999996,64
-0.29,-0.30999999999999994,77
-0.29,-0.29,84
-0.29,-0.27,97
-0.29,-0.25,118
-0.29,-0.22999999999999998,115
-0.29,-0.20999999999999996,135
-0.29,-0.18999999999999995,147
-0.29,-0.16999999999999998,160
-0.29,-0.15000000000000002,177
-0.29,-0.13,195
-0.29,-0.10999999999999999,197
-0.29,-0.08999999999999997,213
-0.29,-0.06999999999999995,219
-0.29,-0.04999999999999999,258
-0.29,-0.030000000000000027,249
-0.29,-0.010000000000000009,290
-0.29,0.010000000000000009,252
-0.29,0.030000000000000027,277
-0.29,0.050000000000000044,257
-0.29,0.07000000000000006,251
-0.29,0.09000000000000008,222
-0.29,0.1100000000000001,220
-0.29,0.13000000000000012,210
-0.29,0.15000000000000002,198
-0.29,0.16999999999999993,176
-0.29,0.18999999999999995,185
-0.29,0.20999999999999996,190
-0.29,0.22999999999999998,145
-0.29,0.25,143
-0.29,0.27,132
-0.29,0.29000000000000004,122
-0.29,0.31000000000000005,102
-0.29,0.33000000000000007,84
-0.29,0.3500000000000001,85
-0.29,0.3700000000000001,62
-0.29,0.3900000000000001,60
-0.29,0.41000000000000003,58
-0.29,0.42999999999999994,63
-0.29,0.44999999999999996,48
-0.29,0.47,50
-0.29,0.49,39
-0.29,0.51,43
-0.29,0.53,43
-0.29,0.55,27
-0.29,0.5700000000000001,27
-0.29,0.5900000000000001,21
-0.29,0.6100000000000001,24
-0.29,0.6300000000000001,15
-0.29,0.6500000000000001,9
-0.29,0.67,22
-0.29,0.69,13
-0.29,0.71,16
-0.29,0.73,13
-0.29,0.75,14
-0.29,0.77,10
-0.29,0.79,13
-0.29,0.81,11
-0.29,0.8300000000000001,11
-0.29,0.8500000000000001,4
-0.29,0.8700000000000001,10
-0.29,0.8900000000000001,5
-0.29,0.91,4
-0.29,0.9299999999999999,11
-0.29,0.95,6
-0.29,0.97,0
-0.29,0.99,0
-0.27,-0.99,0
-0.27,-0.97,1
-0.27,-0.95,4
-0.27,-0.9299999999999999,5
-0.27,-0.91,5
-0.27,-0.89,7
-0.27,-0.87,3
-0.27,-0.85,12
-0.27,-0.8300000000000001,5
-0.27,-0.81,5
-0.27,-0.79,9
-0.27,-0.77,11
-0.27,-0.75,11
-0.27,-0.73,18
-0.27,-0.71,13
-0.27,-0.69,18
-0.27,-0.6699999999999999,15
-0.27,-0.6499999999999999,18
-0.27,-0.63,14
-0.27,-0.61,18
-0.27,-0.5900000000000001,25
-0.27,-0.5700000000000001,21
-0.27,-0.55,19
-0.27,-0.53,26
-0.27,-0.51,24
-0.27,-0.49,33
-0.27,-0.47,40
-0.27,-0.44999999999999996,44
-0.27,-0.43,35
-0.27,-0.41000000000000003,35
-0.27,-0.39,62
-0.27,-0.37,64
-0.27,-0.35,68
-0.27,-0.32999999999999996,76
-0.27,-0.30999999999999994,88
-0.27,-0.29,81
-0.27,-0.27,108
-0.27,-0.25,126
-0.27,-0.22999999999999998,129
-0.27,-0.20999999999999996,144
-0.27,-0.18999999999999995,171
-0.27,-0.16999999999999998,178
-0.27,-0.15000000000000002,199
-0.27,-0.13,244
-0.27,-0.10999999999999999,224
-0.27,-0.08999999999999997,233
-0.27,-0.06999999999999995,291
-0.27,-0.04999999999999999,245
-0.27,-0.030000000000000027,295
-0.27,-0.010000000000000009,267
-0.27,0.010000000000000009,270
-0.27,0.030000000000000027,303
-0.27,0.050000000000000044,289
-0.27,0.07000000000000006,289
-0.27,0.09000000000000008,280
-0.27,0.1100000000000001,248
-0.27,0.13000000000000012,262
-0.27,0.15000000000000002,248
-0.27,0.16999999999999993,228
-0.27,0.18999999999999995,228
-0.27,0.20999999999999996,178
-0.27,0.22999999999999998,188
-0.27,0.25,148
-0.27,0.27,150
-0.27,0.29000000000000004,145
-0.27,0.31000000000000005,116
-0.27,0.33000000000000007,107
-0.27,0.3500000000000001,92
-0.27,0.3700000000000001,89
-0.27,0.3900000000000001,83
-0.27,0.41000000000000003,54
-0.27,0.42999999999999994,71
-0.27,0.44999999999999996,59
-0.27,0.47,57
-0.27,0.49,44
-0.27,0.51,52
-0.27,0.53,34
-0.27,0.55,27
-0.27,0.5700000000000001,27
-0.27,0.5900000000000001,34
-0.27,0.6100000000000001,25
-0.27,0.6300000000000001,15
-0.27,0.6500000000000001,21
-0.27,0.67,21
-0.27,0.69,12
-0.27,0.71,18
-0.27,0.73,19
-0.27,0.75,17
-0.27,0.77,13
-0.27,0.79,10
-0.27,0.81,17
-0.27,0.8300000000000001,14
-0.27,0.8500000000000001,6
-0.27,0.8700000000000001,12
-0.27,0.8900000000000001,8
-0.27,0.91,2
-0.27,0.9299999999999999,7
-0.27,0.95,10
-0.27,0.97,0
-0.27,0.99,0
-0.25,-0.99,0
-0.25,-0.97,0
-0.25,-0.95,8
-0.25,-0.9299999999999999,3
-0.25,-0.91,5
-0.25,-0.89,6
-0.25,-0.87,12
-0.25,-0.85,9
-0.25,-0.8300000000000001,4
-0.25,-0.81,6
-0.25,-0.79,4
-0.25,-0.77,6
-0.25,-0.75,10
-0.25,-0.73,10
-0.25,-0.71,12
-0.25,-0.69,14
-0.25,-0.6699999999999999,13
-0.25,-0.6499999999999999,15
-0.25,-0.63,20
-0.25,-0.61,19
-0.25,-0.5900000000000001,26
-0.25,-0.5700000000000001,27
-0.25,-0.55,33
-0.25,-0.53,35
-0.25,-0.51,31
-0.25,-0.49,46
-0.25,-0.47,43
-0.25,-0.44999999999999996,37
-0.25,-0.43,48
-0.25,-0.41000000000000003,41
-0.25,-0.39,58
-0.25,-0.37,85
-0.25,-0.35,84
-0.25,-0.32999999999999996,93
-0.25,-0.30999999999999994,123
-0.25,-0.29,88
-0.25,-0.27,98
-0.25,-0.25,119
-0.25,-0.22999999999999998,137
-0.25,-0.20999999999999996,171
-0.25,-0.18999999999999995,183
-0.25,-0.16999999999999998,200
-0.25,-0.15000000000000002,219
-0.25,-0.13,242
-0.25,-0.10999999999999999,263
-0.25,-0.08999999999999997,301
-0.25,-0.06999999999999995,285
-0.25,-0.04999999999999999,334
-0.25,-0.030000000000000027,283
-0.25,-0.010000000000000009,318
-0.25,0.010000000000000009,324
-0.25,0.030000000000000027,347
-0.25,0.050000000000000044,354
-0.25,0.07000000000000006,357
-0.25,0.09000000000000008,325
-0.25,0.1100000000000001,324
-0.25,0.13000000000000012,274
-0.25,0.15000000000000002,267
-0.25,0.16999999999999993,263
-0.25,0.18999999999999995,211
-0.25,0.20999999999999996,189
-0.25,0.22999999999999998,205
-0.25,0.25,153
-0.25,0.27,137
-0.25,0.29000000000000004,125
-0.25,0.31000000000000005,138
-0.25,0.33000000000000007,95
-0.25,0.3500000000000001,113
-0.25,0.3700000000000001,99
-0.25,0.3900000000000001,79
-0.25,0.41000000000000003,77
-0.25,0.42999999999999994,78
-0.25,0.44999999999999996,71
-0.25,0.47,57
-0.25,0.49,45
-0.25,0.51,46
-0.25,0.53,25
-0.25,0.55,43
-0.25,0.5700000000000001,24
-0.25,0.5900000000000001,40
-0.25,0.6100000000000001,24
-0.25,0.6300000000000001,26
-0.25,0.6500000000000001,15
-0.25,0.67,21
-0.25,0.69,24
-0.25,0.71,13
-0.25,0.73,15
-0.25,0.75,10
-0.25,0.77,12
-0.25,0.79,12
-0.25,0.81,16
-0.25,0.8300000000000001,8
-0.25,0.8500000000000001,11
-0.25,0.8700000000000001,11
-0.25,0.8900000000000001,9
-0.25,0.91,4
-0.25,0.9299999999999999,11
-0.25,0.95,10
-0.25,0.97,4
-0.25,0.99,0
-0.22999999999999998,-0.99,0
-0.22999999999999998,-0.97,5
-0.22999999999999998,-0.95,9
-0.22999999999999998,-0.9299999999999999,6
-0.22999999999999998,-0.91,5
-0.22999999999999998,-0.89,7
-0.22999999999999998,-0.87,6
-0.22999999999999998,-0.85,4
-0.22999999999999998,-0.8300000000000001,8
-0.22999999999999998,-0.81,3
-0.22999999999999998,-0.79,8
-0.22999999999999998,-0.77,14
-0.22999999999999998,-0.75,13
-0.22999999999999998,-0.73,13
-0.22999999999999998,-0.71,17
-0.22999999999999998,-0.69,9
-0.22999999999999998,-0.6699999999999999,18
-0.22999999999999998,-0.6499999999999999,11
-0.22999999999999998,-0.63,29
-0.22999999999999998,-0.61,19
-0.22999999999999998,-0.5900000000000001,32
-0.22999999999999998,-0.5700000000000001,24
-0.22999999999999998,-0.55,26
-0.22999999999999998,-0.53,28
-0.22999999999999998,-0.51,40
-0.22999999999999998,-0.49,41
-0.22999999999999998,-0.47,46
-0.22999999999999998,-0.44999999999999996,48
-0.22999999999999998,-0.43,67
-0.22999999999999998,-0.41000000000000003,49
-0.22999999999999998,-0.39,69
-0.22999999999999998,-0.37,74
-0.22999999999999998,-0.35,83
-0.22999999999999998,-0.32999999999999996,77
-0.22999999999999998,-0.30999999999999994,88
-0.22999999999999998,-0.29,101
-0.22999999999999998,-0.27,134
-0.22999999999999998,-0.25,156
-0.22999999999999998,-0.22999999999999998,159
-0.22999999999999998,-0.20999999999999996,188
-0.22999999999999998,-0.18999999999999995,182
-0.22999999999999998,-0.16999999999999998,202
-0.22999999999999998,-0.15000000000000002,214
-0.22999999999999998,-0.13,224
-0.22999999999999998,-0.10999999999999999,295
-0.22999999999999998,-0.08999999999999997,305
-0.22999999999999998,-0.06999999999999995,356
-0.22999999999999998,-0.04999999999999999,322
-0.22999999999999998,-0.030000000000000027,346
-0.22999999999999998,-0.010000000000000009,379
-0.22999999999999998,0.010000000000000009,396
-0.22999999999999998,0.030000000000000027,391
-0.22999999999999998,0.050000000000000044,393
-0.22999999999999998,0.07000000000000006,370
-0.22999999999999998,0.09000000000000008,389
-0.22999999999999998,0.1100000000000001,312
-0.22999999999999998,0.13000000000000012,302
-0.22999999999999998,0.15000000000000002,296
-0.22999999999999998,0.16999999999999993,300
-0.22999999999999998,0.18999999999999995,259
-0.22999999999999998,0.20999999999999996,244
-0.22999999999999998,0.22999999999999998,191
-0.22999999999999998,0.25,179
-0.22999999999999998,0.27,178
-0.22999999999999998,0.29000000000000004,165
-0.22999999999999998,0.31000000000000005,143
-0.22999999999999998,0.33000000000000007,131
-0.22999999999999998,0.3500000000000001,116
-0.22999999999999998,0.3700000000000001,100
-0.22999999999999998,0.3900000000000001,91
-0.22999999999999998,0.41000000000000003,70
-0.22999999999999998,0.42999999999999994,79
-0.22999999999999998,0.44999999999999996,53
-0.22999999999999998,0.47,45
-0.22999999999999998,0.49,42
-0.22999999999999998,0.51,42
-0.22999999999999998,0.53,45
-0.22999999999999998,0.55,37
-0.22999999999999998,0.5700000000000001,40
-0.22999999999999998,0.5900000000000001,38
-0.22999999999999998,0.6100000000000001,30
-0.22999999999999998,0.6300000000000001,30
-0.22999999999999998,0.6500000000000001,18
-0.22999999999999998,0.67,22
-0.22999999999999998,0.69,19
-0.22999999999999998,0.71,21
-0.22999999999999998,0.73,18
-0.22999999999999998,0.75,10
-0.22999999999999998,0.77,13
-0.22999999999999998,0.79,6
-0.22999999999999998,0.81,7
-0.22999999999999998,0.8300000000000001,8
-0.22999999999999998,0.8500000000000001,16
-0.22999999999999998,0.8700000000000001,7
-0.22999999999999998,0.8900000000000001,6
-0.22999999999999998,0.91,7
-0.22999999999999998,0.9299999999999999,4
-0.22999999999999998,0.95,4
-0.22999999999999998,0.97,8
-0.22999999999999998,0.99,0
-0.20999999999999996,-0.99,0
-0.20999999999999996,-0.97,4
-0.20999999999999996,-0.95,3
-0.20999999999999996,-0.9299999999999999,6
-0.20999999999999996,-0.91,10
-0.20999999999999996,-0.89,3
-0.20999999999999996,-0.87,9
-0.20999999999999996,-0.85,10
-0.20999999999999996,-0.8300000000000001,6
-0.20999999999999996,-0.81,2
-0.20999999999999996,-0.79,13
-0.20999999999999996,-0.77,5
-0.20999999999999996,-0.75,10
-0.20999999999999996,-0.73,8
-0.20999999999999996,-0.71,10
-0.20999999999999996,-0.69,17
-0.20999999999999996,-0.6699999999999999,20
-0.20999999999999996,-0.6499999999999999,21
-0.20999999999999996,-0.63,18
-0.20999999999999996,-0.61,26
-0.20999999999999996,-0.5900000000000001,23
-0.20999999999999996,-0.5700000000000001,22
-0.20999999999999996,-0.55,31
-0.20999999999999996,-0.53,33
-0.20999999999999996,-0.51,32
-0.20999999999999996,-0.49,28
-0.20999999999999996,-0.47,40
-0.20999999999999996,-0.44999999999999996,54
-0.20999999999999996,-0.43,55
-0.20999999999999996,-0.41000000000000003,62
-0.20999999999999996,-0.39,55
-0.20999999999999996,-0.37,78
-0.20999999999999996,-0.35,89
-0.20999999999999996,-0.32999999999999996,114
-0.20999999999999996,-0.30999999999999994,105
-0.20999999999999996,-0.29,130
-0.20999999999999996,-0.27,108
-0.20999999999999996,-0.25,166
-0.20999999999999996,-0.22999999999999998,176
-0.20999999999999996,-0.20999999999999996,207
-0.20999999999999996,-0.18999999999999995,219
-0.20999999999999996,-0.16999999999999998,218
-0.20999999999999996,-0.15000000000000002,271
-0.20999999999999996,-0.13,291
-0.20999999999999996,-0.10999999999999999,347
-0.20999999999999996,-0.08999999999999997,351
-0.20999999999999996,-0.06999999999999995,375
-0.20999999999999996,-0.04999999999999999,414
-0.20999999999999996,-0.030000000000000027,386
-0.20999999999999996,-0.010000000000000009,394
-0.20999999999999996,0.010000000000000009,457
-0.20999999999999996,0.030000000000000027,448
-0.20999999999999996,0.050000000000000044,443
-0.20999999999999996,0.07000000000000006,402
-0.20999999999999996,0.09000000000000008,380
-0.20999999999999996,0.1100000000000001,386
-0.20999999999999996,0.13000000000000012,419
-0.20999999999999996,0.15000000000000002,354
-0.20999999999999996,0.16999999999999993,293
-0.20999999999999996,0.18999999999999995,323
-0.20999999999999996,0.20999999999999996,259
-0.20999999999999996,0.22999999999999998,218
-0.20999999999999996,0.25,184
-0.20999999999999996,0.27,167
-0.20999999999999996,0.29000000000000004,148
-0.20999999999999996,0.31000000000000005,141
-0.20999999999999996,0.33000000000000007,148
-0.20999999999999996,0.3500000000000001,128
-0.20999999999999996,0.3700000000000001,102
-0.20999999999999996,0.3900000000000001,73
-0.20999999999999996,0.41000000000000003,90
-0.20999999999999996,0.42999999999999994,77
-0.20999999999999996,0.44999999999999996,69
-0.20999999999999996,0.47,57
-0.20999999999999996,0.49,54
-0.20999999999999996,0.51,54
-0.20999999999999996,0.53,53
-0.20999999999999996,0.55,49
-0.20999999999999996,0.5700000000000001,39
-0.20999999999999996,0.5900000000000001,27
-0.20999999999999996,0.6100000000000001,25
-0.20999999999999996,0.6300000000000001,28
-0.20999999999999996,0.6500000000000001,17
-0.20999999999999996,0.67,16
-0.20999999999999996,0.69,16
-0.20999999999999996,0.71,17
-0.20999999999999996,0.73,10
-0.20999999999999996,0.75,14
-0.20999999999999996,0.77,14
-0.20999999999999996,0.79,10
-0.20999999999999996,0.81,9
-0.20999999999999996,0.8300000000000001,9
-0.20999999999999996,0.8500000000000001,14
-0.20999999999999996,0.8700000000000001,5
-0.20999999999999996,0.8900000000000001,13
-0.20999999999999996,0.91,6
-0.20999999999999996,0.9299999999999999,4
-0.20999999999999996,0.95,6
-0.20999999999999996,0.97,2
-0.20999999999999996,0.99,0
-0.18999999999999995,-0.99,0
-0.18999999999999995,-0.97,7
-0.18999999999999995,-0.95,3
-0.18999999999999995,-0.9299999999999999,1
-0.18999999999999995,-0.91,4
-0.18999999999999995,-0.89,5
-0.18999999999999995,-0.87,5
-0.18999999999999995,-0.85,5
-0.18999999999999995,-0.8300000000000001,9
-0.18999999999999995,-0.81,5
-0.18999999999999995,-0.79,4
-0.18999999999999995,-0.77,18
-0.18999999999999995,-0.75,15
-0.18999999999999995,-0.73,9
-0.18999999999999995,-0.71,10
-0.18999999999999995,-0.69,18
-0.18999999999999995,-0.6699999999999999,18
-0.18999999999999995,-0.6499999999999999,13
-0.18999999999999995,-0.63,19
-0.18999999999999995,-0.61,25
-0.18999999999999995,-0.5900000000000001,16
-0.18999999999999995,-0.5700000000000001,28
-0.18999999999999995,-0.55,18
-0.18999999999999995,-0.53,27
-0.18999999999999995,-0.51,40
-0.18999999999999995,-0.49,37
-0.18999999999999995,-0.47,40
-0.18999999999999995,-0.44999999999999996,47
-0.18999999999999995,-0.43,66
-0.18999999999999995,-0.41000000000000003,55
-0.18999999999999995,-0.39,78
-0.18999999999999995,-0.37,82
-0.18999999999999995,-0.35,84
-0.18999999999999995,-0.32999999999999996,107
-0.18999999999999995,-0.30999999999999994,124
-0.18999999999999995,-0.29,146
-0.18999999999999995,-0.27,146
-0.18999999999999995,-0.25,170
-0.18999999999999995,-0.22999999999999998,180
-0.18999999999999995,-0.20999999999999996,210
-0.18999999999999995,-0.18999999999999995,272
-0.18999999999999995,-0.16999999999999998,304
-0.18999999999999995,-0.15000000000000002,277
-0.18999999999999995,-0.13,282
-0.18999999999999995,-0.10999999999999999,338
-0.18999999999999995,-0.08999999999999997,405
-0.18999999999999995,-0.06999999999999995,435
-0.18999999999999995,-0.04999999999999999,451
-0.18999999999999995,-0.030000000000000027,473
-0.18999999999999995,-0.010000000000000009,482
-0.18999999999999995,0.010000000000000009,472
-0.18999999999999995,0.030000000000000027,507
-0.18999999999999995,0.050000000000000044,476
-0.18999999999999995,0.07000000000000006,487
-0.18999999999999995,0.09000000000000008,425
-0.18999999999999995,0.1100000000000001,432
-0.18999999999999995,0.13000000000000012,401
-0.18999999999999995,0.15000000000000002,389
-0.18999999999999995,0.16999999999999993,337
-0.18999999999999995,0.18999999999999995,294
-0.18999999999999995,0.20999999999999996,249
-0.18999999999999995,0.22999999999999998,253
-0.18999999999999995,0.25,207
-0.18999999999999995,0.27,198
-0.18999999999999995,0.29000000000000004,174
-0.18999999999999995,0.31000000000000005,164
-0.18999999999999995,0.33000000000000007,131
-0.18999999999999995,0.3500000000000001,117
-0.18999999999999995,0.3700000000000001,126
-0.18999999999999995,0.3900000000000001,99
-0.18999999999999995,0.41000000000000003,87
-0.18999999999999995,0.42999999999999994,90
-0.18999999999999995,0.44999999999999996,73
-0.18999999999999995,0.47,64
-0.18999999999999995,0.49,53
-0.18999999999999995,0.51,44
-0.18999999999999995,0.53,43
-0.18999999999999995,0.55,31
-0.18999999999999995,0.5700000000000001,35
-0.18999999999999995,0.5900000000000001,28
-0.18999999999999995,0.6100000000000001,30
-0.18999999999999995,0.6300000000000001,23
-0.18999999999999995,0.6500000000000001,30
-0.18999999999999995,0.67,17
-0.18999999999999995,0.69,21
-0.18999999999999995,0.71,23
-0.18999999999999995,0.73,19
-0.18999999999999995,0.75,16
-0.18999999999999995,0.77,11
-0.18999999999999995,0.79,14
-0.18999999999999995,0.81,13
-0.18999999999999995,0.8300000000000001,9
-0.18999999999999995,0.8500000000000001,9
-0.18999999999999995,0.8700000000000001,10
-0.18999999999999995,0.8900000000000001,11
-0.18999999999999995,0.91,10
-0.18999999999999995,0.9299999999999999,6
-0.18999999999999995,0.95,2
-0.18999999999999995,0.97,6
-0.18999999999999995,0.99,0
-0.16999999999999998,-0.99,2
-0.16999999999999998,-0.97,5
-0.16999999999999998,-0.95,3
-0.16999999999999998,-0.9299999999999999,6
-0.16999999999999998,-0.91,4
-0.16999999999999998,-0.89,6
-0.16999999999999998,-0.87,3
-0.16999999999999998,-0.85,11
-0.16999999999999998,-0.8300000000000001,9
-0.16999999999999998,-0.81,15
-0.16999999999999998,-0.79,8
-0.16999999999999998,-0.77,8
-0.16999999999999998,-0.75,10
-0.16999999999999998,-0.73,8
-0.16999999999999998,-0.71,13
-0.16999999999999998,-0.69,20
-0.16999999999999998,-0.6699999999999999,10
-0.16999999999999998,-0.6499999999999999,15
-0.16999999999999998,-0.63,27
-0.16999999999999998,-0.61,19
-0.16999999999999998,-0.5900000000000001,31
-0.16999999999999998,-0.5700000000000001,20
-0.16999999999999998,-0.55,23
-0.16999999999999998,-0.53,35
-0.16999999999999998,-0.51,32
-0.16999999999999998,-0.49,43
-0.16999999999999998,-0.47,47
-0.16999999999999998,-0.44999999999999996,62
-0.16999999999999998,-0.43,53
-0.16999999999999998,-0.41000000000000003,66
-0.16999999999999998,-0.39,75
-0.16999999999999998,-0.37,88
-0.16999999999999998,-0.35,94
-0.16999999999999998,-0.32999999999999996,128
-0.16999999999999998,-0.30999999999999994,134
-0.16999999999999998,-0.29,140
-0.16999999999999998,-0.27,145
-0.16999999999999998,-0.25,201
-0.16999999999999998,-0.22999999999999998,187
-0.16999999999999998,-0.20999999999999996,238
-0.16999999999999998,-0.18999999999999995,234
-0.16999999999999998,-0.16999999999999998,305
-0.16999999999999998,-0.15000000000000002,301
-0.16999999999999998,-0.13,362
-0.16999999999999998,-0.10999999999999999,434
-0.16999999999999998,-0.08999999999999997,419
-0.16999999999999998,-0.06999999999999995,430
-0.16999999999999998,-0.04999999999999999,488
-0.16999999999999998,-0.030000000000000027,542
-0.16999999999999998,-0.010000000000000009,537
-0.16999999999999998,0.010000000000000009,543
-0.16999999999999998,0.030000000000000027,490
-0.16999999999999998,0.050000000000000044,538
-0.16999999999999998,0.07000000000000006,506
-0.16999999999999998,0.09000000000000008,524
-0.16999999999999998,0.1100000000000001,502
-0.16999999999999998,0.13000000000000012,457
-0.16999999999999998,0.15000000000000002,418
-0.16999999999999998,0.16999999999999993,364
-0.16999999999999998,0.18999999999999995,366
-0.16999999999999998,0.20999999999999996,283
-0.16999999999999998,0.22999999999999998,253
-0.16999999999999998,0.25,251
-0.16999999999999998,0.27,198
-0.16999999999999998,0.29000000000000004,171
-0.16999999999999998,0.31000000000000005,150
-0.16999999999999998,0.33000000000000007,139
-0.16999999999999998,0.3500000000000001,129
-0.16999999999999998,0.3700000000000001,134
-0.16999999999999998,0.3900000000000001,106
-0.16999999999999998,0.41000000000000003,92
-0.16999999999999998,0.42999999999999994,75
-0.16999999999999998,0.44999999999999996,83
-0.16999999999999998,0.47,73
-0.16999999999999998,0.49,52
-0.16999999999999998,0.51,53
-0.16999999999999998,0.53,59
-0.16999999999999998,0.55,42
-0.16999999999999998,0.5700000000000001,35
-0.16999999999999998,0.5900000000000001,29
-0.16999999999999998,0.6100000000000001,40
-0.16999999999999998,0.6300000000000001,24
-0.16999999999999998,0.6500000000000001,23
-0.16999999999999998,0.67,25
-0.16999999999999998,0.69,23
-0.16999999999999998,0.71,18
-0.16999999999999998,0.73,13
-0.16999999999999998,0.75,19
-0.16999999999999998,0.77,9
-0.16999999999999998,0.79,20
-0.16999999999999998,0.81,11
-0.16999999999999998,0.8300000000000001,14
-0.16999999999999998,0.8500000000000001,9
-0.16999999999999998,0.8700000000000001,6
-0.16999999999999998,0.8900000000000001,9
-0.16999999999999998,0.91,4
-0.16999999999999998,0.9299999999999999,10
-0.16999999999999998,0.95,3
-0.16999999999999998,0.97,4
-0.16999999999999998,0.99,3
-0.15000000000000002,-0.99,5
-0.15000000000000002,-0.97,3
-0.15000000000000002,-0.95,6
-0.15000000000000002,-0.9299999999999999,4
-0.15000000000000002,-0.91,11
-0.15000000000000002,-0.89,4
-0.15000000000000002,-0.87,15
-0.15000000000000002,-0.85,5
-0.15000000000000002,-0.8300000000000001,5
-0.15000000000000002,-0.81,7
-0.15000000000000002,-0.79,12
-0.15000000000000002,-0.77,7
-0.15000000000000002,-0.75,13
-0.15000000000000002,-0.73,9
-0.15000000000000002,-0.71,13
-0.15000000000000002,-0.69,10
-0.15000000000000002,-0.6699999999999999,22
-0.15000000000000002,-0.6499999999999999,15
-0.15000000000000002,-0.63,22
-0.15000000000000002,-0.61,17
-0.15000000000000002,-0.5900000000000001,16
-0.15000000000000002,-0.5700000000000001,28
-0.15000000000000002,-0.55,24
-0.15000000000000002,-0.53,41
-0.15000000000000002,-0.51,48
-0.15000000000000002,-0.49,46
-0.15000000000000002,-0.47,53
-0.15000000000000002,-0.44999999999999996,58
-0.15000000000000002,-0.43,61
-0.15000000000000002,-0.41000000000000003,64
-0.15000000000000002,-0.39,88
-0.15000000000000002,-0.37,81
-0.15000000000000002,-0.35,96
-0.15000000000000002,-0.32999999999999996,102
-0.15000000000000002,-0.30999999999999994,144
-0.15000000000000002,-0.29,157
-0.15000000000000002,-0.27,179
-0.15000000000000002,-0.25,188
-0.15000000000000002,-0.22999999999999998,217
-0.15000000000000002,-0.20999999999999996,266
-0.15000000000000002,-0.18999999999999995,276
-0.15000000000000002,-0.16999999999999998,285
-0.15000000000000002,-0.15000000000000002,329
-0.15000000000000002,-0.13,413
-0.15000000000000002,-0.10999999999999999,435
-0.15000000000000002,-0.08999999999999997,464
-0.15000000000000002,-0.06999999999999995,493
-0.15000000000000002,-0.04999999999999999,576
-0.15000000000000002,-0.030000000000000027,613
-0.15000000000000002,-0.010000000000000009,606
-0.15000000000000002,0.010000000000000009,665
-0.15000000000000002,0.030000000000000027,610
-0.15000000000000002,0.050000000000000044,626
-0.15000000000000002,0.07000000000000006,587
-0.15000000000000002,0.09000000000000008,547
-0.15000000000000002,0.1100000000000001,510
-0.15000000000000002,0.13000000000000012,502
-0.15000000000000002,0.15000000000000002,429
-0.15000000000000002,0.16999999999999993,403
-0.15000000000000002,0.18999999999999995,401
-0.15000000000000002,0.20999999999999996,314
-0.15000000000000002,0.22999999999999998,290
-0.15000000000000002,0.25,257
-0.15000000000000002,0.27,212
-0.15000000000000002,0.29000000000000004,219
-0.15000000000000002,0.31000000000000005,170
-0.15000000000000002,0.33000000000000007,152
-0.15000000000000002,0.3500000000000001,125
-0.15000000000000002,0.3700000000000001,118
-0.15000000000000002,0.3900000000000001,92
-0.15000000000000002,0.41000000000000003,99
-0.15000000000000002,0.42999999999999994,94
-0.15000000000000002,0.44999999999999996,68
-0.15000000000000002,0.47,57
-0.15000000000000002,0.49,65
-0.15000000000000002,0.51,51
-0.15000000000000002,0.53,58
-0.15000000000000002,0.55,44
-0.15000000000000002,0.5700000000000001,48
-0.15000000000000002,0.5900000000000001,31
-0.15000000000000002,0.6100000000000001,41
-0.15000000000000002,0.6300000000000001,28
-0.15000000000000002,0.6500000000000001,35
-0.15000000000000002,0.67,20
-0.15000000000000002,0.69,24
-0.15000000000000002,0.71,21
-0.15000000000000002,0.73,17
-0.15000000000000002,0.75,15
-0.15000000000000002,0.77,9
-0.15000000000000002,0.79,15
-0.15000000000000002,0.81,14
-0.15000000000000002,0.8300000000000001,11
-0.15000000000000002,0.8500000000000001,12
-0.15000000000000002,0.8700000000000001,13
-0.15000000000000002,0.8900000000000001,10
-0.15000000000000002,0.91,3
-0.15000000000000002,0.9299999999999999,5
-0.15000000000000002,0.95,4
-0.15000000000000002,0.97,9
-0.15000000000000002,0.99,3
-0.13,-0.99,1
-0.13,-0.97,8
-0.13,-0.95,4
-0.13,-0.9299999999999999,3
-0.13,-0.91,3
-0.13,-0.89,4
-0.13,-0.87,8
-0.13,-0.85,9
-0.13,-0.8300000000000001,11
-0.13,-0.81,10
-0.13,-0.79,10
-0.13,-0.77,9
-0.13,-0.75,8
-0.13,-0.73,10
-0.13,-0.71,15
-0.13,-0.69,20
-0.13,-0.6699999999999999,13
-0.13,-0.6499999999999999,24
-0.13,-0.63,21
-0.13,-0.61,23
-0.13,-0.5900000000000001,24
-0.13,-0.5700000000000001,20
-0.13,-0.55,23
-0.13,-0.53,34
-0.13,-0.51,34
-0.13,-0.49,55
-0.13,-0.47,49
-0.13,-0.44999999999999996,52
-0.13,-0.43,69
-0.13,-0.41000000000000003,65
-0.13,-0.39,101
-0.13,-0.37,91
-0.13,-0.35,109
-0.13,-0.32999999999999996,110
-0.13,-0.30999999999999994,158
-0.13,-0.29,163
-0.13,-0.27,171
-0.13,-0.25,199
-0.13,-0.22999999999999998,244
-0.13,-0.20999999999999996,226
-0.13,-0.18999999999999995,305
-0.13,-0.16999999999999998,325
-0.13,-0.15000000000000002,382
-0.13,-0.13,389
-0.13,-0.10999999999999999,465
-0.13,-0.08999999999999997,521
-0.13,-0.06999999999999995,566
-0.13,-0.04999999999999999,604
-0.13,-0.030000000000000027,668
-0.13,-0.010000000000000009,683
-0.13,0.010000000000000009,690
-0.13,0.030000000000000027,737
-0.13,0.050000000000000044,683
-0.13,0.07000000000000006,681
-0.13,0.09000000000000008,707
-0.13,0.1100000000000001,598
-0.13,0.13000000000000012,567
-0.13,0.15000000000000002,459
-0.13,0.16999999999999993,429
-0.13,0.18999999999999995,380
-0.13,0.20999999999999996,363
-0.13,0.22999999999999998,312
-0.13,0.25,235
-0.13,0.27,207
-0.13,0.29000000000000004,193
-0.13,0.31000000000000005,188
-0.13,0.33000000000000007,152
-0.13,0.3500000000000001,134
-0.13,0.3700000000000001,127
-0.13,0.3900000000000001,124
-0.13,0.41000000000000003,99
-0.13,0.42999999999999994,84
-0.13,0.44999999999999996,84
-0.13,0.47,65
-0.13,0.49,61
-0.13,0.51,81
-0.13,0.53,62
-0.13,0.55,47
-0.13,0.5700000000000001,36
-0.13,0.5900000000000001,38
-0.13,0.6100000000000001,24
-0.13,0.6300000000000001,29
-0.13,0.6500000000000001,24
-0.13,0.67,28
-0.13,0.69,22
-0.13,0.71,12
-0.13,0.73,15
-0.13,0.75,13
-0.13,0.77,13
-0.13,0.79,10
-0.13,0.81,8
-0.13,0.8300000000000001,9
-0.13,0.8500000000000001,9
-0.13,0.8700000000000001,6
-0.13,0.8900000000000001,13
-0.13,0.91,4
-0.13,0.9299999999999999,10
-0.13,0.95,9
-0.13,0.97,4
-0.13,0.99,3
-0.10999999999999999,-0.99,1
-0.10999999999999999,-0.97,8
-0.10999999999999999,-0.95,4
-0.10999999999999999,-0.9299999999999999,5
-0.10999999999999999,-0.91,10
-0.10999999999999999,-0.89,7
-0.10999999999999999,-0.87,2
-0.10999999999999999,-0.85,6
-0.10999999999999999,-0.8300000000000001,8
-0.10999999999999999,-0.81,7
-0.10999999999999999,-0.79,13
-0.10999999999999999,-0.77,10
-0.10999999999999999,-0.75,7
-0.10999999999999999,-0.73,12
-0.10999999999999999,-0.71,14
-0.10999999999999999,-0.69,15
-0.10999999999999999,-0.6699999999999999,20
-0.10999999999999999,-0.6499999999999999,17
-0.10999999999999999,-0.63,27
-0.10999999999999999,-0.61,28
-0.10999999999999999,-0.5900000000000001,27
-0.10999999999999999,-0.5700000000000001,44
-0.10999999999999999,-0.55,29
-0.10999999999999999,-0.53,45
-0.10999999999999999,-0.51,48
-0.10999999999999999,-0.49,53
-0.10999999999999999,-0.47,45
-0.10999999999999999,-0.44999999999999996,56
-0.10999999999999999,-0.43,62
-0.10999999999999999,-0.41000000000000003,66
-0.10999999999999999,-0.39,90
-0.10999999999999999,-0.37,102
-0.10999999999999999,-0.35,102
-0.10999999999999999,-0.32999999999999996,141
-0.10999999999999999,-0.30999999999999994,146
-0.10999999999999999,-0.29,155
-0.10999999999999999,-0.27,182
-0.10999999999999999,-0.25,211
-0.10999999999999999,-0.22999999999999998,245
-0.10999999999999999,-0.20999999999999996,294
-0.10999999999999999,-0.18999999999999995,349
-0.10999999999999999,-0.16999999999999998,318
-0.10999999999999999,-0.15000000000000002,391
-0.10999999999999999,-0.13,475
-0.10999999999999999,-0.10999999999999999,518
-0.10999999999999999,-0.08999999999999997,549
-0.10999999999999999,-0.06999999999999995,662
-0.10999999999999999,-0.04999999999999999,650
-0.10999999999999999,-0.030000000000000027,756
-0.10999999999999999,-0.010000000000000009,761
-0.10999999999999999,0.010000000000000009,785
-0.10999999999999999,0.030000000000000027,754
-0.10999999999999999,0.050000000000000044,788
-0.10999999999999999,0.07000000000000006,683
-0.10999999999999999,0.09000000000000008,670
-0.10999999999999999,0.1100000000000001,605
-0.10999999999999999,0.13000000000000012,565
-0.10999999999999999,0.15000000000000002,510
-0.10999999999999999,0.16999999999999993,456
-0.10999999999999999,0.18999999999999995,381
-0.10999999999999999,0.20999999999999996,382
-0.10999999999999999,0.22999999999999998,326
-0.10999999999999999,0.25,269
-0.10999999999999999,0.27,269
-0.10999999999999999,0.29000000000000004,212
-0.10999999999999999,0.31000000000000005,216
-0.10999999999999999,0.33000000000000007,167
-0.10999999999999999,0.3500000000000001,142
-0.10999999999999999,0.3700000000000001,140
-0.10999999999999999,0.3900000000000001,127
-0.10999999999999999,0.41000000000000003,112
-0.10999999999999999,0.42999999999999994,91
-0.10999999999999999,0.44999999999999996,74
-0.10999999999999999,0.47,66
-0.10999999999999999,0.49,55
-0.10999999999999999,0.51,46
-0.10999999999999999,0.53,50
-0.10999999999999999,0.55,43
-0.10999999999999999,0.5700000000000001,40
-0.10999999999999999,0.5900000000000001,45
-0.10999999999999999,0.6100000000000001,28
-0.10999999999999999,0.6300000000000001,31
-0.10999999999999999,0.6500000000000001,30
-0.10999999999999999,0.67,22
-0.10999999999999999,0.69,22
-0.10999999999999999,0.71,20
-0.10999999999999999,0.73,22
-0.10999999999999999,0.75,17
-0.10999999999999999,0.77,21
-0.10999999999999999,0.79,18
-0.10999999999999999,0.81,14
-0.10999999999999999,0.8300000000000001,5
-0.10999999999999999,0.8500000000000001,13
-0.10999999999999999,0.8700000000000001,18
-0.10999999999999999,0.8900000000000001,7
-0.10999999999999999,0.91,9
-0.10999999999999999,0.9299999999999999,12
-0.10999999999999999,0.95,9
-0.10999999999999999,0.97,7
-0.10999999999999999,0.99,8
-0.08999999999999997,-0.99,5
-0.08999999999999997,-0.97,6
-0.08999999999999997,-0.95,6
-0.08999999999999997,-0.9299999999999999,2
-0.08999999999999997,-0.91,5
-0.08999999999999997,-0.89,3
-0.08999999999999997,-0.87,5
-0.08999999999999997,-0.85,7
-0.08999999999999997,-0.8300000000000001,4
-0.08999999999999997,-0.81,4
-0.08999999999999997,-0.79,7
-0.08999999999999997,-0.77,13
-0.08999999999999997,-0.75,6
-0.08999999999999997,-0.73,11
-0.08999999999999997,-0.71,18
-0.08999999999999997,-0.69,20
-0.08999999999999997,-0.6699999999999999,24
-0.08999999999999997,-0.6499999999999999,18
-0.08999999999999997,-0.63,18
-0.08999999999999997,-0.61,20
-0.08999999999999997,-0.5900000000000001,29
-0.08999999999999997,-0.5700000000000001,25
-0.08999999999999997,-0.55,35
-0.08999999999999997,-0.53,38
-0.08999999999999997,-0.51,24
-0.08999999999999997,-0.49,44
-0.08999999999999997,-0.47,54
-0.08999999999999997,-0.44999999999999996,52
-0.08999999999999997,-0.43,73
-0.08999999999999997,-0.41000000000000003,80
-0.08999999999999997,-0.39,101
-0.08999999999999997,-0.37,106
-0.08999999999999997,-0.35,112
-0.08999999999999997,-0.32999999999999996,114
-0.08999999999999997,-0.30999999999999994,158
-0.08999999999999997,-0.29,160
-0.08999999999999997,-0.27,212
-0.08999999999999997,-0.25,225
-0.08999999999999997,-0.22999999999999998,235
-0.08999999999999997,-0.20999999999999996,296
-0.08999999999999997,-0.18999999999999995,328
-0.08999999999999997,-0.16999999999999998,377
-0.08999999999999997,-0.15000000000000002,403
-0.08999999999999997,-0.13,461
-0.08999999999999997,-0.10999999999999999,572
-0.08999999999999997,-0.08999999999999997,605
-0.08999999999999997,-0.06999999999999995,718
-0.08999999999999997,-0.04999999999999999,786
-0.08999999999999997,-0.030000000000000027,828
-0.08999999999999997,-0.010000000000000009,819
-0.08999999999999997,0.010000000000000009,903
-0.08999999999999997,0.030000000000000027,866
-0.08999999999999997,0.050000000000000044,841
-0.08999999999999997,0.07000000000000006,754
-0.08999999999999997,0.09000000000000008,733
-0.08999999999999997,0.1100000000000001,680
-0.08999999999999997,0.13000000000000012,575
-0.08999999999999997,0.15000000000000002,545
-0.08999999999999997,0.16999999999999993,488
-0.08999999999999997,0.18999999999999995,412
-0.08999999999999997,0.20999999999999996,358
-0.08999999999999997,0.22999999999999998,300
-0.08999999999999997,0.25,279
-0.08999999999999997,0.27,230
-0.08999999999999997,0.29000000000000004,239
-0.08999999999999997,0.31000000000000005,184
-0.08999999999999997,0.33000000000000007,178
-0.08999999999999997,0.3500000000000001,134
-0.08999999999999997,0.3700000000000001,142
-0.08999999999999997,0.3900000000000001,125
-0.08999999999999997,0.41000000000000003,94
-0.08999999999999997,0.42999999999999994,104
-0.08999999999999997,0.44999999999999996,77
-0.08999999999999997,0.47,77
-0.08999999999999997,0.49,64
-0.08999999999999997,0.51,61
-0.08999999999999997,0.53,53
-0.08999999999999997,0.55,37
-0.08999999999999997,0.5700000000000001,51
-0.08999999999999997,0.5900000000000001,29
-0.08999999999999997,0.6100000000000001,31
-0.08999999999999997,0.6300000000000001,28
-0.08999999999999997,0.6500000000000001,31
-0.08999999999999997,0.67,23
-0.08999999999999997,0.69,23
-0.08999999999999997,0.71,18
-0.08999999999999997,0.73,20
-0.08999999999999997,0.75,16
-0.08999999999999997,0.77,9
-0.08999999999999997,0.79,20
-0.08999999999999997,0.81,9
-0.08999999999999997,0.8300000000000001,11
-0.08999999999999997,0.8500000000000001,15
-0.08999999999999997,0.8700000000000001,5
-0.08999999999999997,0.8900000000000001,11
-0.08999999999999997,0.91,10
-0.08999999999999997,0.9299999999999999,12
-0.08999999999999997,0.95,6
-0.08999999999999997,0.97,6
-0.08999999999999997,0.99,9
-0.06999999999999995,-0.99,2
-0.06999999999999995,-0.97,3
-0.06999999999999995,-0.95,3
-0.06999999999999995,-0.9299999999999999,7
-0.06999999999999995,-0.91,7
-0.06999999999999995,-0.89,5
-0.06999999999999995,-0.87,3
-0.06999999999999995,-0.85,10
-0.06999999999999995,-0.8300000000000001,11
-0.06999999999999995,-0.81,11
-0.06999999999999995,-0.79,13
-0.06999999999999995,-0.77,9
-0.06999999999999995,-0.75,14
-0.06999999999999995,-0.73,21
-0.06999999999999995,-0.71,13
-0.06999999999999995,-0.69,14
-0.06999999999999995,-0.6699999999999999,24
-0.06999999999999995,-0.6499999999999999,17
-0.06999999999999995,-0.63,23
-0.06999999999999995,-0.61,19
-0.06999999999999995,-0.5900000000000001,22
-0.06999999999999995,-0.5700000000000001,28
-0.06999999999999995,-0.55,31
-0.06999999999999995,-0.53,49
-0.06999999999999995,-0.51,46
-0.06999999999999995,-0.49,61
-0.06999999999999995,-0.47,65
-0.06999999999999995,-0.44999999999999996,69
-0.06999999999999995,-0.43,70
-0.06999999999999995,-0.41000000000000003,92
-0.06999999999999995,-0.39,102
-0.06999999999999995,-0.37,116
-0.06999999999999995,-0.35,115
-0.06999999999999995,-0.32999999999999996,121
-0.06999999999999995,-0.30999999999999994,152
-0.06999999999999995,-0.29,169
-0.06999999999999995,-0.27,210
-0.06999999999999995,-0.25,220
-0.06999999999999995,-0.22999999999999998,250
-0.06999999999999995,-0.20999999999999996,286
-0.06999999999999995,-0.18999999999999995,315
-0.06999999999999995,-0.16999999999999998,388
-0.06999999999999995,-0.15000000000000002,464
-0.06999999999999995,-0.13,507
-0.06999999999999995,-0.10999999999999999,588
-0.06999999999999995,-0.08999999999999997,644
-0.06999999999999995,-0.06999999999999995,736
-0.06999999999999995,-0.04999999999999999,812
-0.06999999999999995,-0.030000000000000027,874
-0.06999999999999995,-0.010000000000000009,908
-0.06999999999999995,0.010000000000000009,858
-0.06999999999999995,0.030000000000000027,925
-0.06999999999999995,0.050000000000000044,928
-0.06999999999999995,0.07000000000000006,849
-0.06999999999999995,0.09000000000000008,781
-0.06999999999999995,0.1100000000000001,738
-0.06999999999999995,0.13000000000000012,637
-0.06999999999999995,0.15000000000000002,551
-0.06999999999999995,0.16999999999999993,515
-0.06999999999999995,0.18999999999999995,466
-0.06999999999999995,0.20999999999999996,376
-0.06999999999999995,0.22999999999999998,335
-0.06999999999999995,0.25,292
-0.06999999999999995,0.27,281
-0.06999999999999995,0.29000000000000004,225
-0.06999999999999995,0.31000000000000005,196
-0.06999999999999995,0.33000000000000007,159
-0.06999999999999995,0.3500000000000001,163
-0.06999999999999995,0.3700000000000001,134
-0.06999999999999995,0.3900000000000001,122
-0.06999999999999995,0.41000000000000003,109
-0.06999999999999995,0.42999999999999994,96
-0.06999999999999995,0.44999999999999996,99
-0.06999999999999995,0.47,77
-0.06999999999999995,0.49,56
-0.06999999999999995,0.51,55
-0.06999999999999995,0.53,50
-0.06999999999999995,0.55,51
-0.06999999999999995,0.5700000000000001,42
-0.06999999999999995,0.5900000000000001,30
-0.06999999999999995,0.6100000000000001,37
-0.06999999999999995,0.6300000000000001,22
-0.06999999999999995,0.6500000000000001,20
-0.06999999999999995,0.67,21
-0.06999999999999995,0.69,31
-0.06999999999999995,0.71,25
-0.06999999999999995,0.73,22
-0.06999999999999995,0.75,19
-0.06999999999999995,0.77,11
-0.06999999999999995,0.79,11
-0.06999999999999995,0.81,21
-0.06999999999999995,0.8300000000000001,9
-0.06999999999999995,0.8500000000000001,7
-0.06999999999999995,0.8700000000000001,9
-0.06999999999999995,0.8900000000000001,9
-0.06999999999999995,0.91,8
-0.06999999999999995,0.9299999999999999,13
-0.06999999999999995,0.95,5
-0.06999999999999995,0.97,6
-0.06999999999999995,0.99,6
-0.04999999999999999,-0.99,3
-0.04999999999999999,-0.97,1
-0.04999999999999999,-0.95,4
-0.04999999999999999,-0.9299999999999999,6
-0.04999999999999999,-0.91,6
-0.04999999999999999,-0.89,5
-0.04999999999999999,-0.87,7
-0.04999999999999999,-0.85,9
-0.04999999999999999,-0.8300000000000001,7
-0.04999999999999999,-0.81,6
-0.04999999999999999,-0.79,17
-0.04999999999999999,-0.77,6
-0.04999999999999999,-0.75,14
-0.04999999999999999,-0.73,10
-0.04999999999999999,-0.71,15
-0.04999999999999999,-0.69,11
-0.04999999999999999,-0.6699999999999999,18
-0.04999999999999999,-0.6499999999999999,19
-0.04999999999999999,-0.63,21
-0.04999999999999999,-0.61,22
-0.04999999999999999,-0.5900000000000001,31
-0.04999999999999999,-0.5700000000000001,32
-0.04999999999999999,-0.55,30
-0.04999999999999999,-0.53,53
-0.04999999999999999,-0.51,44
-0.04999999999999999,-0.49,52
-0.04999999999999999,-0.47,56
-0.04999999999999999,-0.44999999999999996,64
-0.04999999999999999,-0.43,61
-0.04999999999999999,-0.41000000000000003,66
-0.04999999999999999,-0.39,95
-0.04999999999999999,-0.37,93
-0.04999999999999999,-0.35,134
-0.04999999999999999,-0.32999999999999996,123
-0.04999999999999999,-0.30999999999999994,171
-0.04999999999999999,-0.29,177
-0.04999999999999999,-0.27,202
-0.04999999999999999,-0.25,240
-0.04999999999999999,-0.22999999999999998,246
-0.04999999999999999,-0.20999999999999996,291
-0.04999999999999999,-0.18999999999999995,379
-0.04999999999999999,-0.16999999999999998,384
-0.04999999999999999,-0.15000000000000002,468
-0.04999999999999999,-0.13,510
-0.04999999999999999,-0.10999999999999999,600
-0.04999999999999999,-0.08999999999999997,672
-0.04999999999999999,-0.06999999999999995,807
-0.04999999999999999,-0.04999999999999999,810
-0.04999999999999999,-0.030000000000000027,928
-0.04999999999999999,-0.010000000000000009,962
-0.04999999999999999,0.010000000000000009,994
-0.04999999999999999,0.030000000000000027,984
-0.04999999999999999,0.050000000000000044,936
-0.04999999999999999,0.07000000000000006,884
-0.04999999999999999,0.09000000000000008,793
-0.04999999999999999,0.1100000000000001,758
-0.04999999999999999,0.13000000000000012,695
-0.04999999999999999,0.15000000000000002,546
-0.04999999999999999,0.16999999999999993,483
-0.04999999999999999,0.18999999999999995,497
-0.04999999999999999,0.20999999999999996,429
-0.04999999999999999,0.22999999999999998,326
-0.04999999999999999,0.25,281
-0.04999999999999999,0.27,279
-0.04999999999999999,0.29000000000000004,271
-0.04999999999999999,0.31000000000000005,216
-0.04999999999999999,0.33000000000000007,163
-0.04999999999999999,0.3500000000000001,143
-0.04999999999999999,0.3700000000000001,126
-0.04999999999999999,0.3900000000000001,149
-0.04999999999999999,0.41000000000000003,90
-0.04999999999999999,0.42999999999999994,104
-0.04999999999999999,0.44999999999999996,76
-0.04999999999999999,0.47,74
-0.04999999999999999,0.49,63
-0.04999999999999999,0.51,53
-0.04999999999999999,0.53,56
-0.04999999999999999,0.55,52
-0.04999999999999999,0.5700000000000001,34
-0.04999999999999999,0.5900000000000001,32
-0.04999999999999999,0.6100000000000001,35
-0.04999999999999999,0.6300000000000001,26
-0.04999999999999999,0.6500000000000001,29
-0.04999999999999999,0.67,17
-0.04999999999999999,0.69,26
-0.04999999999999999,0.71,16
-0.04999999999999999,0.73,18
-0.04999999999999999,0.75,16
-0.04999999999999999,0.77,10
-0.04999999999999999,0.79,15
-0.04999999999999999,0.81,12
-0.04999999999999999,0.8300000000000001,7
-0.04999999999999999,0.8500000000000001,7
-0.04999999999999999,0.8700000000000001,8
-0.04999999999999999,0.8900000000000001,12
-0.04999999999999999,0.91,10
-0.04999999999999999,0.9299999999999999,8
-0.04999999999999999,0.95,6
-0.04999999999999999,0.97,8
-0.04999999999999999,0.99,5
-0.030000000000000027,-0.99,3
-0.030000000000000027,-0.97,7
-0.030000000000000027,-0.95,5
-0.030000000000000027,-0.9299999999999999,2
-0.030000000000000027,-0.91,8
-0.030000000000000027,-0.89,5
-0.030000000000000027,-0.87,8
-0.030000000000000027,-0.85,2
-0.030000000000000027,-0.8300000000000001,12
-0.030000000000000027,-0.81,6
-0.030000000000000027,-0.79,7
-0.030000000000000027,-0.77,13
-0.030000000000000027,-0.75,17
-0.030000000000000027,-0.73,11
-0.030000000000000027,-0.71,13
-0.030000000000000027,-0.69,18
-0.030000000000000027,-0.6699999999999999,20
-0.030000000000000027,-0.6499999999999999,19
-0.030000000000000027,-0.63,23
-0.030000000000000027,-0.61,33
-0.030000000000000027,-0.5900000000000001,31
-0.030000000000000027,-0.5700000000000001,31
-0.030000000000000027,-0.55,47
-0.030000000000000027,-0.53,41
-0.030000000000000027,-0.51,41
-0.030000000000000027,-0.49,47
-0.030000000000000027,-0.47,59
-0.030000000000000027,-0.44999999999999996,51
-0.030000000000000027,-0.43,88
-0.030000000000000027,-0.41000000000000003,83
-0.030000000000000027,-0.39,85
-0.030000000000000027,-0.37,117
-0.030000000000000027,-0.35,122
-0.030000000000000027,-0.32999999999999996,156
-0.030000000000000027,-0.30999999999999994,156
-0.030000000000000027,-0.29,180
-0.030000000000000027,-0.27,226
-0.030000000000000027,-0.25,226
-0.030000000000000027,-0.22999999999999998,263
-0.030000000000000027,-0.20999999999999996,319
-0.030000000000000027,-0.18999999999999995,316
-0.030000000000000027,-0.16999999999999998,428
-0.030000000000000027,-0.15000000000000002,482
-0.030000000000000027,-0.13,527
-0.030000000000000027,-0.10999999999999999,625
-0.030000000000000027,-0.08999999999999997,676
-0.030000000000000027,-0.06999999999999995,819
-0.030000000000000027,-0.04999999999999999,844
-0.030000000000000027,-0.030000000000000027,995
-0.030000000000000027,-0.010000000000000009,1002
-0.030000000000000027,0.010000000000000009,998
-0.030000000000000027,0.030000000000000027,1016
-0.030000000000000027,0.050000000000000044,1011
-0.030000000000000027,0.07000000000000006,893
-0.030000000000000027,0.09000000000000008,807
-0.030000000000000027,0.1100000000000001,773
-0.030000000000000027,0.13000000000000012,640
-0.030000000000000027,0.15000000000000002,560
-0.030000000000000027,0.16999999999999993,516
-0.030000000000000027,0.18999999999999995,470
-0.030000000000000027,0.20999999999999996,407
-0.030000000000000027,0.22999999999999998,361
-0.030000000000000027,0.25,291
-0.030000000000000027,0.27,296
-0.030000000000000027,0.29000000000000004,230
-0.030000000000000027,0.31000000000000005,215
-0.030000000000000027,0.33000000000000007,180
-0.030000000000000027,0.3500000000000001,134
-0.030000000000000027,0.3700000000000001,134
-0.030000000000000027,0.3900000000000001,116
-0.030000000000000027,0.41000000000000003,113
-0.030000000000000027,0.42999999999999994,90
-0.030000000000000027,0.44999999999999996,104
-0.030000000000000027,0.47,70
-0.030000000000000027,0.49,56
-0.030000000000000027,0.51,61
-0.030000000000000027,0.53,56
-0.030000000000000027,0.55,43
-0.030000000000000027,0.5700000000000001,47
-0.030000000000000027,0.5900000000000001,34
-0.030000000000000027,0.6100000000000001,25
-0.030000000000000027,0.6300000000000001,32
-0.030000000000000027,0.6500000000000001,23
-0.030000000000000027,0.67,20
-0.030000000000000027,0.69,20
-0.030000000000000027,0.71,17
-0.030000000000000027,0.73,21
-0.030000000000000027,0.75,18
-0.030000000000000027,0.77,21
-0.030000000000000027,0.79,7
-0.030000000000000027,0.81,11
-0.030000000000000027,0.8300000000000001,11
-0.030000000000000027,0.8500000000000001,9
-0.030000000000000027,0.8700000000000001,10
-0.030000000000000027,0.8900000000000001,12
-0.030000000000000027,0.91,7
-0.030000000000000027,0.9299999999999999,8
-0.030000000000000027,0.95,15
-0.030000000000000027,0.97,7
-0.030000000000000027,0.99,6
-0.010000000000000009,-0.99,4
-0.010000000000000009,-0.97,3
-0.010000000000000009,-0.95,4
-0.010000000000000009,-0.9299999999999999,5
-0.010000000000000009,-0.91,6
-0.010000000000000009,-0.89,9
-0.010000000000000009,-0.87,4
-0.010000000000000009,-0.85,7
-0.010000000000000009,-0.8300000000000001,11
-0.010000000000000009,-0.81,6
-0.010000000000000009,-0.79,6
-0.010000000000000009,-0.77,13
-0.010000000000000009,-0.75,11
-0.010000000000000009,-0.73,16
-0.010000000000000009,-0.71,16
-0.010000000000000009,-0.69,14
-0.010000000000000009,-0.6699999999999999,20
-0.010000000000000009,-0.6499999999999999,18
-0.010000000000000009,-0.63,24
-0.010000000000000009,-0.61,28
-0.010000000000000009,-0.5900000000000001,30
-0.010000000000000009,-0.5700000000000001,21
-0.010000000000000009,-0.55,30
-0.010000000000000009,-0.53,37
-0.010000000000000009,-0.51,29
-0.010000000000000009,-0.49,47
-0.010000000000000009,-0.47,62
-0.010000000000000009,-0.44999999999999996,68
-0.010000000000000009,-0.43,77
-0.010000000000000009,-0.41000000000000003,85
-0.010000000000000009,-0.39,99
-0.010000000000000009,-0.37,103
-0.010000000000000009,-0.35,118
-0.010000000000000009,-0.32999999999999996,121
-0.010000000000000009,-0.30999999999999994,157
-0.010000000000000009,-0.29,188
-0.010000000000000009,-0.27,188
-0.010000000000000009,-0.25,227
-0.010000000000000009,-0.22999999999999998,249
-0.010000000000000009,-0.20999999999999996,329
-0.010000000000000009,-0.18999999999999995,375
-0.010000000000000009,-0.16999999999999998,414
-0.010000000000000009,-0.15000000000000002,472
-0.010000000000000009,-0.13,502
-0.010000000000000009,-0.10999999999999999,648
-0.010000000000000009,-0.08999999999999997,726
-0.010000000000000009,-0.06999999999999995,788
-0.010000000000000009,-0.04999999999999999,893
-0.010000000000000009,-0.030000000000000027,963
-0.010000000000000009,-0.010000000000000009,992
-0.010000000000000009,0.010000000000000009,1072
-0.010000000000000009,0.030000000000000027,1127
-0.010000000000000009,0.050000000000000044,1000
-0.010000000000000009,0.07000000000000006,934
-0.010000000000000009,0.09000000000000008,872
-0.010000000000000009,0.1100000000000001,745
-0.010000000000000009,0.13000000000000012,698
-0.010000000000000009,0.15000000000000002,534
-0.010000000000000009,0.16999999999999993,534
-0.010000000000000009,0.18999999999999995,428
-0.010000000000000009,0.20999999999999996,371
-0.010000000000000009,0.22999999999999998,345
-0.010000000000000009,0.25,291
-0.010000000000000009,0.27,268
-0.010000000000000009,0.29000000000000004,253
-0.010000000000000009,0.31000000000000005,188
-0.010000000000000009,0.33000000000000007,186
-0.010000000000000009,0.3500000000000001,157
-0.010000000000000009,0.3700000000000001,125
-0.010000000000000009,0.3900000000000001,135
-0.010000000000000009,0.41000000000000003,94
-0.010000000000000009,0.42999999999999994,80
-0.010000000000000009,0.44999999999999996,75
-0.010000000000000009,0.47,65
-0.010000000000000009,0.49,63
-0.010000000000000009,0.51,71
-0.010000000000000009,0.53,48
-0.010000000000000009,0.55,53
-0.010000000000000009,0.5700000000000001,44
-0.010000000000000009,0.5900000000000001,42
-0.010000000000000009,0.6100000000000001,36
-0.010000000000000009,0.6300000000000001,34
-0.010000000000000009,0.6500000000000001,23
-0.010000000000000009,0.67,26
-0.010000000000000009,0.69,26
-0.010000000000000009,0.71,23
-0.010000000000000009,0.73,14
-0.010000000000000009,0.75,13
-0.010000000000000009,0.77,11
-0.010000000000000009,0.79,7
-0.010000000000000009,0.81,6
-0.010000000000000009,0.8300000000000001,10
-0.010000000000000009,0.8500000000000001,11
-0.010000000000000009,0.8700000000000001,9
-0.010000000000000009,0.8900000000000001,11
-0.010000000000000009,0.91,5
-0.010000000000000009,0.9299999999999999,7
-0.010000000000000009,0.95,3
-0.010000000000000009,0.97,1
-0.010000000000000009,0.99,14
0.010000000000000009,-0.99,6
0.010000000000000009,-0.97,3
0.010000000000000009,-0.95,6
0.010000000000000009,-0.9299999999999999,8
0.010000000000000009,-0.91,6
0.010000000000000009,-0.89,7
0.010000000000000009,-0.87,8
0.010000000000000009,-0.85,10
0.010000000000000009,-0.8300000000000001,8
0.010000000000000009,-0.81,12
0.010000000000000009,-0.79,10
0.010000000000000009,-0.77,9
0.010000000000000009,-0.75,17
0.010000000000000009,-0.73,11
0.010000000000000009,-0.71,11
0.010000000000000009,-0.69,13
0.010000000000000009,-0.6699999999999999,24
0.010000000000000009,-0.6499999999999999,17
0.010000000000000009,-0.63,25
0.010000000000000009,-0.61,29
0.010000000000000009,-0.5900000000000001,37
0.010000000000000009,-0.5700000000000001,28
0.010000000000000009,-0.55,28
0.010000000000000009,-0.53,37
0.010000000000000009,-0.51,41
0.010000000000000009,-0.49,54
0.010000000000000009,-0.47,65
0.010000000000000009,-0.44999999999999996,65
0.010000000000000009,-0.43,63
0.010000000000000009,-0.41000000000000003,81
0.010000000000000009,-0.39,118
0.010000000000000009,-0.37,95
0.010000000000000009,-0.35,120
0.010000000000000009,-0.32999999999999996,141
0.010000000000000009,-0.30999999999999994,168
0.010000000000000009,-0.29,160
0.010000000000000009,-0.27,188
0.010000000000000009,-0.25,225
0.010000000000000009,-0.22999999999999998,258
0.010000000000000009,-0.20999999999999996,334
0.010000000000000009,-0.18999999999999995,335
0.010000000000000009,-0.16999999999999998,423
0.010000000000000009,-0.15000000000000002,455
0.010000000000000009,-0.13,563
0.010000000000000009,-0.10999999999999999,586
0.010000000000000009,-0.08999999999999997,691
0.010000000000000009,-0.06999999999999995,791
0.010000000000000009,-0.04999999999999999,855
0.010000000000000009,-0.030000000000000027,908
0.010000000000000009,-0.010000000000000009,969
0.010000000000000009,0.010000000000000009,1035
0.010000000000000009,0.030000000000000027,1084
0.010000000000000009,0.050000000000000044,982
0.010000000000000009,0.07000000000000006,947
0.010000000000000009,0.09000000000000008,896
0.010000000000000009,0.1100000000000001,754
0.010000000000000009,0.13000000000000012,663
0.010000000000000009,0.15000000000000002,608
0.010000000000000009,0.16999999999999993,536
0.010000000000000009,0.18999999999999995,455
0.010000000000000009,0.20999999999999996,383
0.010000000000000009,0.22999999999999998,374
0.010000000000000009,0.25,306
0.010000000000000009,0.27,260
0.010000000000000009,0.29000000000000004,253
0.010000000000000009,0.31000000000000005,178
0.010000000000000009,0.33000000000000007,188
0.010000000000000009,0.3500000000000001,170
0.010000000000000009,0.3700000000000001,131
0.010000000000000009,0.3900000000000001,129
0.010000000000000009,0.41000000000000003,111
0.010000000000000009,0.42999999999999994,94
0.010000000000000009,0.44999999999999996,98
0.010000000000000009,0.47,91
0.010000000000000009,0.49,69
0.010000000000000009,0.51,64
0.010000000000000009,0.53,57
0.010000000000000009,0.55,51
0.010000000000000009,0.5700000000000001,53
0.010000000000000009,0.5900000000000001,38
0.010000000000000009,0.6100000000000001,38
0.010000000000000009,0.6300000000000001,39
0.010000000000000009,0.6500000000000001,20
0.010000000000000009,0.67,30
0.010000000000000009,0.69,18
0.010000000000000009,0.71,21
0.010000000000000009,0.73,21
0.010000000000000009,0.75,22
0.010000000000000009,0.77,15
0.010000000000000009,0.79,19
0.010000000000000009,0.81,9
0.010000000000000009,0.8300000000000001,9
0.010000000000000009,0.8500000000000001,16
0.010000000000000009,0.8700000000000001,8
0.010000000000000009,0.8900000000000001,8
0.010000000000000009,0.91,7
0.010000000000000009,0.9299999999999999,5
0.010000000000000009,0.95,5
0.010000000000000009,0.97,3
0.010000000000000009,0.99,6
0.030000000000000027,-0.99,5
0.030000000000000027,-0.97,2
0.030000000000000027,-0.95,6
0.030000000000000027,-0.9299999999999999,6
0.030000000000000027,-0.91,3
0.030000000000000027,-0.89,2
0.030000000000000027,-0.87,10
0.030000000000000027,-0.85,7
0.030000000000000027,-0.8300000000000001,4
0.030000000000000027,-0.81,7
0.030000000000000027,-0.79,8
0.030000000000000027,-0.77,10
0.030000000000000027,-0.75,8
0.030000000000000027,-0.73,13
0.030000000000000027,-0.71,19
0.030000000000000027,-0.69,11
0.030000000000000027,-0.6699999999999999,20
0.030000000000000027,-0.6499999999999999,22
0.030000000000000027,-0.63,24
0.030000000000000027,-0.61,25
0.030000000000000027,-0.5900000000000001,33
0.030000000000000027,-0.5700000000000001,24
0.030000000000000027,-0.55,29
0.030000000000000027,-0.53,30
0.030000000000000027,-0.51,42
0.030000000000000027,-0.49,31
0.030000000000000027,-0.47,54
0.030000000000000027,-0.44999999999999996,61
0.030000000000000027,-0.43,63
0.030000000000000027,-0.41000000000000003,85
0.030000000000000027,-0.39,79
0.030000000000000027,-0.37,104
0.030000000000000027,-0.35,137
0.030000000000000027,-0.32999999999999996,139
0.030000000000000027,-0.30999999999999994,147
0.030000000000000027,-0.29,178
0.030000000000000027,-0.27,183
0.030000000000000027,-0.25,238
0.030000000000000027,-0.22999999999999998,246
0.030000000000000027,-0.20999999999999996,344
0.030000000000000027,-0.18999999999999995,364
0.030000000000000027,-0.16999999999999998,387
0.030000000000000027,-0.15000000000000002,453
0.030000000000000027,-0.13,534
0.030000000000000027,-0.10999999999999999,610
0.030000000000000027,-0.08999999999999997,698
0.030000000000000027,-0.06999999999999995,730
0.030000000000000027,-0.04999999999999999,839
0.030000000000000027,-0.030000000000000027,1010
0.030000000000000027,-0.010000000000000009,981
0.030000000000000027,0.010000000000000009,1005
0.030000000000000027,0.030000000000000027,1038
0.030000000000000027,0.050000000000000044,1006
0.030000000000000027,0.07000000000000006,833
0.030000000000000027,0.09000000000000008,865
0.030000000000000027,0.1100000000000001,735
0.030000000000000027,0.13000000000000012,635
0.030000000000000027,0.15000000000000002,578
0.030000000000000027,0.16999999999999993,548
0.030000000000000027,0.18999999999999995,426
0.030000000000000027,0.20999999999999996,424
0.030000000000000027,0.22999999999999998,339
0.030000000000000027,0.25,319
0.030000000000000027,0.27,253
0.030000000000000027,0.29000000000000004,247
0.030000000000000027,0.31000000000000005,220
0.030000000000000027,0.33000000000000007,187
0.030000000000000027,0.3500000000000001,140
0.030000000000000027,0.3700000000000001,133
0.030000000000000027,0.3900000000000001,113
0.030000000000000027,0.41000000000000003,92
0.030000000000000027,0.42999999999999994,87
0.030000000000000027,0.44999999999999996,84
0.030000000000000027,0.47,85
0.030000000000000027,0.49,66
0.030000000000000027,0.51,57
0.030000000000000027,0.53,58
0.030000000000000027,0.55,49
0.030000000000000027,0.5700000000000001,49
0.030000000000000027,0.5900000000000001,42
0.030000000000000027,0.6100000000000001,34
0.030000000000000027,0.6300000000000001,27
0.030000000000000027,0.6500000000000001,23
0.030000000000000027,0.67,30
0.030000000000000027,0.69,21
0.030000000000000027,0.71,25
0.030000000000000027,0.73,21
0.030000000000000027,0.75,11
0.030000000000000027,0.77,18
0.030000000000000027,0.79,17
0.030000000000000027,0.81,14
0.030000000000000027,0.8300000000000001,14
0.030000000000000027,0.8500000000000001,9
0.030000000000000027,0.8700000000000001,9
0.030000000000000027,0.8900000000000001,14
0.030000000000000027,0.91,9
0.030000000000000027,0.9299999999999999,8
0.030000000000000027,0.95,8
0.030000000000000027,0.97,7
0.030000000000000027,0.99,4
0.050000000000000044,-0.99,9
0.050000000000000044,-0.97,6
0.050000000000000044,-0.95,4
0.050000000000000044,-0.9299999999999999,5
0.050000000000000044,-0.91,9
0.050000000000000044,-0.89,3
0.050000000000000044,-0.87,4
0.050000000000000044,-0.85,9
0.050000000000000044,-0.8300000000000001,7
0.050000000000000044,-0.81,5
0.050000000000000044,-0.79,9
0.050000000000000044,-0.77,17
0.050000000000000044,-0.75,9
0.050000000000000044,-0.73,18
0.050000000000000044,-0.71,15
0.050000000000000044,-0.69,18
0.050000000000000044,-0.6699999999999999,16
0.050000000000000044,-0.6499999999999999,21
0.050000000000000044,-0.63,24
0.050000000000000044,-0.61,19
0.050000000000000044,-0.5900000000000001,23
0.050000000000000044,-0.5700000000000001,21
0.050000000000000044,-0.55,37
0.050000000000000044,-0.53,30
0.050000000000000044,-0.51,52
0.050000000000000044,-0.49,43
0.050000000000000044,-0.47,64
0.050000000000000044,-0.44999999999999996,48
0.050000000000000044,-0.43,77
0.050000000000000044,-0.41000000000000003,82
0.050000000000000044,-0.39,60
0.050000000000000044,-0.37,101
0.050000000000000044,-0.35,123
0.050000000000000044,-0.32999999999999996,139
0.050000000000000044,-0.30999999999999994,139
0.050000000000000044,-0.29,188
0.050000000000000044,-0.27,209
0.050000000000000044,-0.25,199
0.050000000000000044,-0.22999999999999998,248
0.050000000000000044,-0.20999999999999996,296
0.050000000000000044,-0.18999999999999995,333
0.050000000000000044,-0.16999999999999998,368
0.050000000000000044,-0.15000000000000002,453
0.050000000000000044,-0.13,506
0.050000000000000044,-0.10999999999999999,583
0.050000000000000044,-0.08999999999999997,620
0.050000000000000044,-0.06999999999999995,664
0.050000000000000044,-0.04999999999999999,806
0.050000000000000044,-0.030000000000000027,806
0.050000000000000044,-0.010000000000000009,940
0.050000000000000044,0.010000000000000009,883
0.050000000000000044,0.030000000000000027,880
0.050000000000000044,0.050000000000000044,887
0.050000000000000044,0.07000000000000006,881
0.050000000000000044,0.09000000000000008,755
0.050000000000000044,0.1100000000000001,718
0.050000000000000044,0.13000000000000012,628
0.050000000000000044,0.15000000000000002,544
0.050000000000000044,0.16999999999999993,479
0.050000000000000044,0.18999999999999995,418
0.050000000000000044,0.20999999999999996,370
0.050000000000000044,0.22999999999999998,301
0.050000000000000044,0.25,284
0.050000000000000044,0.27,269
0.050000000000000044,0.29000000000000004,251
0.050000000000000044,0.31000000000000005,188
0.050000000000000044,0.33000000000000007,170
0.050000000000000044,0.3500000000000001,143
0.050000000000000044,0.3700000000000001,124
0.050000000000000044,0.3900000000000001,119
0.050000000000000044,0.41000000000000003,90
0.050000000000000044,0.42999999999999994,87
0.050000000000000044,0.44999999999999996,87
0.050000000000000044,0.47,72
0.050000000000000044,0.49,65
0.050000000000000044,0.51,67
0.050000000000000044,0.53,64
0.050000000000000044,0.55,52
0.050000000000000044,0.5700000000000001,47
0.050000000000000044,0.5900000000000001,45
0.050000000000000044,0.6100000000000001,25
0.050000000000000044,0.6300000000000001,32
0.050000000000000044,0.6500000000000001,27
0.050000000000000044,0.67,23
0.050000000000000044,0.69,16
0.050000000000000044,0.71,16
0.050000000000000044,0.73,17
0.050000000000000044,0.75,15
0.050000000000000044,0.77,21
0.050000000000000044,0.79,9
0.050000000000000044,0.81,11
0.050000000000000044,0.8300000000000001,15
0.050000000000000044,0.8500000000000001,9
0.050000000000000044,0.8700000000000001,6
0.050000000000000044,0.8900000000000001,12
0.050000000000000044,0.91,6
0.050000000000000044,0.9299999999999999,8
0.050000000000000044,0.95,7
0.050000000000000044,0.97,6
0.050000000000000044,0.99,4
0.07000000000000006,-0.99,2
0.07000000000000006,-0.97,4
0.07000000000000006,-0.95,5
0.07000000000000006,-0.9299999999999999,2
0.07000000000000006,-0.91,6
0.07000000000000006,-0.89,4
0.07000000000000006,-0.87,5
0.07000000000000006,-0.85,8
0.07000000000000006,-0.8300000000000001,8
0.07000000000000006,-0.81,11
0.07000000000000006,-0.79,13
0.07000000000000006,-0.77,16
0.07000000000000006,-0.75,10
0.07000000000000006,-0.73,7
0.07000000000000006,-0.71,14
0.07000000000000006,-0.69,12
0.07000000000000006,-0.6699999999999999,17
0.07000000000000006,-0.6499999999999999,18
0.07000000000000006,-0.63,24
0.07000000000000006,-0.61,25
0.07000000000000006,-0.5900000000000001,29
0.07000000000000006,-0.5700000000000001,30
0.07000000000000006,-0.55,25
0.07000000000000006,-0.53,33
0.07000000000000006,-0.51,47
0.07000000000000006,-0.49,53
0.07000000000000006,-0.47,51
0.07000000000000006,-0.44999999999999996,64
0.07000000000000006,-0.43,67
0.07000000000000006,-0.41000000000000003,72
0.07000000000000006,-0.39,93
0.07000000000000006,-0.37,103
0.07000000000000006,-0.35,116
0.07000000000000006,-0.32999999999999996,125
0.07000000000000006,-0.30999999999999994,155
0.07000000000000006,-0.29,188
0.07000000000000006,-0.27,186
0.07000000000000006,-0.25,221
0.07000000000000006,-0.22999999999999998,269
0.07000000000000006,-0.20999999999999996,262
0.07000000000000006,-0.18999999999999995,317
0.07000000000000006,-0.16999999999999998,334
0.07000000000000006,-0.15000000000000002,386
0.07000000000000006,-0.13,475
0.07000000000000006,-0.10999999999999999,488
0.07000000000000006,-0.08999999999999997,543
0.07000000000000006,-0.06999999999999995,645
0.07000000000000006,-0.04999999999999999,714
0.07000000000000006,-0.030000000000000027,789
0.07000000000000006,-0.010000000000000009,824
0.07000000000000006,0.010000000000000009,799
0.07000000000000006,0.030000000000000027,811
0.07000000000000006,0.050000000000000044,771
0.07000000000000006,0.07000000000000006,747
0.07000000000000006,0.09000000000000008,646
0.07000000000000006,0.1100000000000001,669
0.07000000000000006,0.13000000000000012,558
0.07000000000000006,0.15000000000000002,508
0.07000000000000006,0.16999999999999993,434
0.07000000000000006,0.18999999999999995,377
0.07000000000000006,0.20999999999999996,337
0.07000000000000006,0.22999999999999998,298
0.07000000000000006,0.25,289
0.07000000000000006,0.27,242
0.07000000000000006,0.29000000000000004,189
0.07000000000000006,0.31000000000000005,200
0.07000000000000006,0.33000000000000007,181
0.07000000000000006,0.3500000000000001,153
0.07000000000000006,0.3700000000000001,135
0.07000000000000006,0.3900000000000001,107
0.07000000000000006,0.41000000000000003,103
0.07000000000000006,0.42999999999999994,96
0.07000000000000006,0.44999999999999996,91
0.07000000000000006,0.47,90
0.07000000000000006,0.49,73
0.07000000000000006,0.51,57
0.07000000000000006,0.53,56
0.07000000000000006,0.55,58
0.07000000000000006,0.5700000000000001,18
0.07000000000000006,0.5900000000000001,45
0.07000000000000006,0.6100000000000001,30
0.07000000000000006,0.6300000000000001,23
0.07000000000000006,0.6500000000000001,23
0.07000000000000006,0.67,22
0.07000000000000006,0.69,25
0.07000000000000006,0.71,19
0.07000000000000006,0.73,28
0.07000000000000006,0.75,25
0.07000000000000006,0.77,6
0.07000000000000006,0.79,11
0.07000000000000006,0.81,14
0.07000000000000006,0.8300000000000001,13
0.07000000000000006,0.8500000000000001,7
0.07000000000000006,0.8700000000000001,8
0.07000000000000006,0.8900000000000001,8
0.07000000000000006,0.91,5
0.07000000000000006,0.9299999999999999,4
0.07000000000000006,0.95,7
0.07000000000000006,0.97,8
0.07000000000000006,0.99,4
0.09000000000000008,-0.99,3
0.09000000000000008,-0.97,2
0.09000000000000008,-0.95,5
0.09000000000000008,-0.9299999999999999,6
0.09000000000000008,-0.91,4
0.09000000000000008,-0.89,7
0.09000000000000008,-0.87,8
0.09000000000000008,-0.85,6
0.09000000000000008,-0.8300000000000001,8
0.09000000000000008,-0.81,10
0.09000000000000008,-0.79,9
0.09000000000000008,-0.77,6
0.09000000000000008,-0.75,7
0.09000000000000008,-0.73,10
0.09000000000000008,-0.71,13
0.09000000000000008,-0.69,12
0.09000000000000008,-0.6699999999999999,22
0.09000000000000008,-0.6499999999999999,23
0.09000000000000008,-0.63,21
0.09000000000000008,-0.61,28
0.09000000000000008,-0.5900000000000001,21
0.09000000000000008,-0.5700000000000001,24
0.09000000000000008,-0.55,30
0.09000000000000008,-0.53,39
0.09000000000000008,-0.51,48
0.09000000000000008,-0.49,39
0.09000000000000008,-0.47,48
0.09000000000000008,-0.44999999999999996,62
0.09000000000000008,-0.43,81
0.09000000000000008,-0.41000000000000003,74
0.09000000000000008,-0.39,76
0.09000000000000008,-0.37,108
0.09000000000000008,-0.35,99
0.09000000000000008,-0.32999999999999996,128
0.09000000000000008,-0.30999999999999994,135
0.09000000000000008,-0.29,168
0.09000000000000008,-0.27,197
0.09000000000000008,-0.25,181
0.09000000000000008,-0.22999999999999998,216
0.09000000000000008,-0.20999999999999996,268
0.09000000000000008,-0.18999999999999995,278
0.09000000000000008,-0.16999999999999998,321
0.09000000000000008,-0.15000000000000002,392
0.09000000000000008,-0.13,426
0.09000000000000008,-0.10999999999999999,493
0.09000000000000008,-0.08999999999999997,529
0.09000000000000008,-0.06999999999999995,587
0.09000000000000008,-0.04999999999999999,636
0.09000000000000008,-0.030000000000000027,679
0.09000000000000008,-0.010000000000000009,738
0.09000000000000008,0.010000000000000009,757
0.09000000000000008,0.030000000000000027,738
0.09000000000000008,0.050000000000000044,649
0.09000000000000008,0.07000000000000006,686
0.09000000000000008,0.09000000000000008,640
0.09000000000000008,0.1100000000000001,621
0.09000000000000008,0.13000000000000012,568
0.09000000000000008,0.15000000000000002,508
0.09000000000000008,0.16999999999999993,424
0.09000000000000008,0.18999999999999995,379
0.09000000000000008,0.20999999999999996,314
0.09000000000000008,0.22999999999999998,275
0.09000000000000008,0.25,281
0.09000000000000008,0.27,244
0.09000000000000008,0.29000000000000004,204
0.09000000000000008,0.31000000000000005,152
0.09000000000000008,0.33000000000000007,145
0.09000000000000008,0.3500000000000001,144
0.09000000000000008,0.3700000000000001,124
0.09000000000000008,0.3900000000000001,117
0.09000000000000008,0.41000000000000003,87
0.09000000000000008,0.42999999999999994,75
0.09000000000000008,0.44999999999999996,98
0.09000000000000008,0.47,58
0.09000000000000008,0.49,70
0.09000000000000008,0.51,57
0.09000000000000008,0.53,51
0.09000000000000008,0.55,44
0.09000000000000008,0.5700000000000001,43
0.09000000000000008,0.5900000000000001,38
0.09000000000000008,0.6100000000000001,32
0.09000000000000008,0.6300000000000001,20
0.09000000000000008,0.6500000000000001,26
0.09000000000000008,0.67,16
0.09000000000000008,0.69,21
0.09000000000000008,0.71,11
0.09000000000000008,0.73,16
0.09000000000000008,0.75,15
0.09000000000000008,0.77,15
0.09000000000000008,0.79,13
0.09000000000000008,0.81,10
0.09000000000000008,0.8300000000000001,10
0.09000000000000008,0.8500000000000001,13
0.09000000000000008,0.8700000000000001,19
0.09000000000000008,0.8900000000000001,9
0.09000000000000008,0.91,4
0.09000000000000008,0.9299999999999999,9
0.09000000000000008,0.95,13
0.09000000000000008,0.97,4
0.09000000000000008,0.99,1
0.1100000000000001,-0.99,4
0.1100000000000001,-0.97,4
0.1100000000000001,-0.95,3
0.1100000000000001,-0.9299999999999999,6
0.1100000000000001,-0.91,7
0.1100000000000001,-0.89,4
0.1100000000000001,-0.87,4
0.1100000000000001,-0.85,9
0.1100000000000001,-0.8300000000000001,7
0.1100000000000001,-0.81,12
0.1100000000000001,-0.79,9
0.1100000000000001,-0.77,9
0.1100000000000001,-0.75,14
0.1100000000000001,-0.73,13
0.1100000000000001,-0.71,9
0.1100000000000001,-0.69,19
0.1100000000000001,-0.6699999999999999,16
0.1100000000000001,-0.6499999999999999,18
0.1100000000000001,-0.63,18
0.1100000000000001,-0.61,30
0.1100000000000001,-0.5900000000000001,18
0.1100000000000001,-0.5700000000000001,28
0.1100000000000001,-0.55,41
0.1100000000000001,-0.53,27
0.1100000000000001,-0.51,47
0.1100000000000001,-0.49,53
0.1100000000000001,-0.47,38
0.1100000000000001,-0.44999999999999996,52
0.1100000000000001,-0.43,76
0.1100000000000001,-0.41000000000000003,59
0.1100000000000001,-0.39,86
0.1100000000000001,-0.37,76
0.1100000000000001,-0.35,101
0.1100000000000001,-0.32999999999999996,130
0.1100000000000001,-0.30999999999999994,119
0.1100000000000001,-0.29,163
0.1100000000000001,-0.27,173
0.1100000000000001,-0.25,196
0.1100000000000001,-0.22999999999999998,201
0.1100000000000001,-0.20999999999999996,225
0.1100000000000001,-0.18999999999999995,302
0.1100000000000001,-0.16999999999999998,311
0.1100000000000001,-0.15000000000000002,377
0.1100000000000001,-0.13,395
0.1100000000000001,-0.10999999999999999,448
0.1100000000000001,-0.08999999999999997,489
0.1100000000000001,-0.06999999999999995,521
0.1100000000000001,-0.04999999999999999,582
0.1100000000000001,-0.030000000000000027,644
0.1100000000000001,-0.010000000000000009,622
0.1100000000000001,0.010000000000000009,614
0.1100000000000001,0.030000000000000027,682
0.1100000000000001,0.050000000000000044,651
0.1100000000000001,0.07000000000000006,602
0.1100000000000001,0.09000000000000008,560
0.1100000000000001,0.1100000000000001,506
0.1100000000000001,0.13000000000000012,509
0.1100000000000001,0.15000000000000002,449
0.1100000000000001,0.16999999999999993,420
0.1100000000000001,0.18999999999999995,323
0.1100000000000001,0.20999999999999996,332
0.1100000000000001,0.22999999999999998,273
0.1100000000000001,0.25,252
0.1100000000000001,0.27,194
0.1100000000000001,0.29000000000000004,186
0.1100000000000001,0.31000000000000005,180
0.1100000000000001,0.33000000000000007,130
0.1100000000000001,0.3500000000000001,143
0.1100000000000001,0.3700000000000001,125
0.1100000000000001,0.3900000000000001,109
0.1100000000000001,0.41000000000000003,83
0.1100000000000001,0.42999999999999994,83
0.1100000000000001,0.44999999999999996,65
0.1100000000000001,0.47,78
0.1100000000000001,0.49,80
0.1100000000000001,0.51,40
0.1100000000000001,0.53,56
0.1100000000000001,0.55,36
0.1100000000000001,0.5700000000000001,39
0.1100000000000001,0.5900000000000001,36
0.1100000000000001,0.6100000000000001,36
0.1100000000000001,0.6300000000000001,26
0.1100000000000001,0.6500000000000001,28
0.1100000000000001,0.67,32
0.1100000000000001,0.69,33
0.1100000000000001,0.71,21
0.1100000000000001,0.73,17
0.1100000000000001,0.75,8
0.1100000000000001,0.77,13
0.1100000000000001,0.79,6
0.1100000000000001,0.81,8
0.1100000000000001,0.8300000000000001,15
0.1100000000000001,0.8500000000000001,6
0.1100000000000001,0.8700000000000001,5
0.1100000000000001,0.8900000000000001,9
0.1100000000000001,0.91,7
0.1100000000000001,0.9299999999999999,7
0.1100000000000001,0.95,8
0.1100000000000001,0.97,3
0.1100000000000001,0.99,4
0.13000000000000012,-0.99,4
0.13000000000000012,-0.97,6
0.13000000000000012,-0.95,6
0.13000000000000012,-0.9299999999999999,3
0.13000000000000012,-0.91,13
0.13000000000000012,-0.89,5
0.13000000000000012,-0.87,6
0.13000000000000012,-0.85,7
0.13000000000000012,-0.8300000000000001,6
0.13000000000000012,-0.81,6
0.13000000000000012,-0.79,13
0.13000000000000012,-0.77,14
0.13000000000000012,-0.75,15
0.13000000000000012,-0.73,18
0.13000000000000012,-0.71,11
0.13000000000000012,-0.69,18
0.13000000000000012,-0.6699999999999999,13
0.13000000000000012,-0.6499999999999999,20
0.13000000000000012,-0.63,19
0.13000000000000012,-0.61,26
0.13000000000000012,-0.5900000000000001,25
0.13000000000000012,-0.5700000000000001,30
0.13000000000000012,-0.55,35
0.13000000000000012,-0.53,29
0.13000000000000012,-0.51,34
0.13000000000000012,-0.49,44
0.13000000000000012,-0.47,50
0.13000000000000012,-0.44999999999999996,59
0.13000000000000012,-0.43,57
0.13000000000000012,-0.41000000000000003,58
0.13000000000000012,-0.39,67
0.13000000000000012,-0.37,84
0.13000000000000012,-0.35,100
0.13000000000000012,-0.32999999999999996,129
0.13000000000000012,-0.30999999999999994,128
0.13000000000000012,-0.29,137
0.13000000000000012,-0.27,174
0.13000000000000012,-0.25,183
0.13000000000000012,-0.22999999999999998,199
0.13000000000000012,-0.20999999999999996,241
0.13000000000000012,-0.18999999999999995,259
0.13000000000000012,-0.16999999999999998,304
0.13000000000000012,-0.15000000000000002,320
0.13000000000000012,-0.13,298
0.13000000000000012,-0.10999999999999999,368
0.13000000000000012,-0.08999999999999997,462
0.13000000000000012,-0.06999999999999995,442
0.13000000000000012,-0.04999999999999999,493
0.13000000000000012,-0.030000000000000027,530
0.13000000000000012,-0.010000000000000009,533
0.13000000000000012,0.010000000000000009,569
0.13000000000000012,0.030000000000000027,546
0.13000000000000012,0.050000000000000044,590
0.13000000000000012,0.07000000000000006,534
0.13000000000000012,0.09000000000000008,523
0.13000000000000012,0.1100000000000001,500
0.13000000000000012,0.13000000000000012,423
0.13000000000000012,0.15000000000000002,419
0.13000000000000012,0.16999999999999993,413
0.13000000000000012,0.18999999999999995,353
0.13000000000000012,0.20999999999999996,308
0.13000000000000012,0.22999999999999998,238
0.13000000000000012,0.25,250
0.13000000000000012,0.27,232
0.13000000000000012,0.29000000000000004,189
0.13000000000000012,0.31000000000000005,147
0.13000000000000012,0.33000000000000007,157
0.13000000000000012,0.3500000000000001,133
0.13000000000000012,0.3700000000000001,108
0.13000000000000012,0.3900000000000001,98
0.13000000000000012,0.41000000000000003,106
0.13000000000000012,0.42999999999999994,91
0.13000000000000012,0.44999999999999996,63
0.13000000000000012,0.47,72
0.13000000000000012,0.49,51
0.13000000000000012,0.51,50
0.13000000000000012,0.53,54
0.13000000000000012,0.55,45
0.13000000000000012,0.5700000000000001,39
0.13000000000000012,0.5900000000000001,38
0.13000000000000012,0.6100000000000001,24
0.13000000000000012,0.6300000000000001,27
0.13000000000000012,0.6500000000000001,29
0.13000000000000012,0.67,38
0.13000000000000012,0.69,16
0.13000000000000012,0.71,12
0.13000000000000012,0.73,19
0.13000000000000012,0.75,8
0.13000000000000012,0.77,14
0.13000000000000012,0.79,13
0.13000000000000012,0.81,12
0.13000000000000012,0.8300000000000001,10
0.13000000000000012,0.8500000000000001,7
0.13000000000000012,0.8700000000000001,15
0.13000000000000012,0.8900000000000001,11
0.13000000000000012,0.91,7
0.13000000000000012,0.9299999999999999,11
0.13000000000000012,0.95,6
0.13000000000000012,0.97,4
0.13000000000000012,0.99,4
0.15000000000000002,-0.99,1
0.15000000000000002,-0.97,1
0.15000000000000002,-0.95,5
0.15000000000000002,-0.9299999999999999,3
0.15000000000000002,-0.91,5
0.15000000000000002,-0.89,6
0.15000000000000002,-0.87,6
0.15000000000000002,-0.85,5
0.15000000000000002,-0.8300000000000001,5
0.15000000000000002,-0.81,11
0.15000000000000002,-0.79,7
0.15000000000000002,-0.77,4
0.15000000000000002,-0.75,8
0.15000000000000002,-0.73,14
0.15000000000000002,-0.71,21
0.15000000000000002,-0.69,14
0.15000000000000002,-0.6699999999999999,30
0.15000000000000002,-0.6499999999999999,23
0.15000000000000002,-0.63,25
0.15000000000000002,-0.61,23
0.15000000000000002,-0.5900000000000001,16
0.15000000000000002,-0.5700000000000001,27
0.15000000000000002,-0.55,33
0.15000000000000002,-0.53,36
0.15000000000000002,-0.51,30
0.15000000000000002,-0.49,48
0.15000000000000002,-0.47,44
0.15000000000000002,-0.44999999999999996,59
0.15000000000000002,-0.43,65
0.15000000000000002,-0.41000000000000003,66
0.15000000000000002,-0.39,90
0.15000000000000002,-0.37,78
0.15000000000000002,-0.35,90
0.15000000000000002,-0.32999999999999996,90
0.15000000000000002,-0.30999999999999994,134
0.15000000000000002,-0.29,146
0.15000000000000002,-0.27,135
0.15000000000000002,-0.25,194
0.15000000000000002,-0.22999999999999998,188
0.15000000000000002,-0.20999999999999996,228
0.15000000000000002,-0.18999999999999995,219
0.15000000000000002,-0.16999999999999998,264
0.15000000000000002,-0.15000000000000002,270
0.15000000000000002,-0.13,320
0.15000000000000002,-0.10999999999999999,361
0.15000000000000002,-0.08999999999999997,418
0.15000000000000002,-0.06999999999999995,399
0.15000000000000002,-0.04999999999999999,419
0.15000000000000002,-0.030000000000000027,505
0.15000000000000002,-0.010000000000000009,489
0.15000000000000002,0.010000000000000009,471
0.15000000000000002,0.030000000000000027,485
0.15000000000000002,0.050000000000000044,494
0.15000000000000002,0.07000000000000006,478
0.15000000000000002,0.09000000000000008,465
0.15000000000000002,0.1100000000000001,430
0.15000000000000002,0.13000000000000012,404
0.15000000000000002,0.15000000000000002,346
0.15000000000000002,0.16999999999999993,356
0.15000000000000002,0.18999999999999995,311
0.15000000000000002,0.20999999999999996,290
0.15000000000000002,0.22999999999999998,255
0.15000000000000002,0.25,186
0.15000000000000002,0.27,217
0.15000000000000002,0.29000000000000004,169
0.15000000000000002,0.31000000000000005,164
0.15000000000000002,0.33000000000000007,140
0.15000000000000002,0.3500000000000001,131
0.15000000000000002,0.3700000000000001,113
0.15000000000000002,0.3900000000000001,95
0.15000000000000002,0.41000000000000003,88
0.15000000000000002,0.42999999999999994,62
0.15000000000000002,0.44999999999999996,79
0.15000000000000002,0.47,66
0.15000000000000002,0.49,67
0.15000000000000002,0.51,53
0.15000000000000002,0.53,58
0.15000000000000002,0.55,47
0.15000000000000002,0.5700000000000001,30
0.15000000000000002,0.5900000000000001,40
0.15000000000000002,0.6100000000000001,30
0.15000000000000002,0.6300000000000001,31
0.15000000000000002,0.6500000000000001,18
0.15000000000000002,0.67,15
0.15000000000000002,0.69,19
0.15000000000000002,0.71,19
0.15000000000000002,0.73,18
0.15000000000000002,0.75,11
0.15000000000000002,0.77,10
0.15000000000000002,0.79,8
0.15000000000000002,0.81,12
0.15000000000000002,0.8300000000000001,4
0.15000000000000002,0.8500000000000001,11
0.15000000000000002,0.8700000000000001,6
0.15000000000000002,0.8900000000000001,6
0.15000000000000002,0.91,10
0.15000000000000002,0.9299999999999999,6
0.15000000000000002,0.95,8
0.15000000000000002,0.97,3
0.15000000000000002,0.99,1
0.16999999999999993,-0.99,2
0.16999999999999993,-0.97,6
0.16999999999999993,-0.95,4
0.16999999999999993,-0.9299999999999999,6
0.16999999999999993,-0.91,5
0.16999999999999993,-0.89,4
0.16999999999999993,-0.87,4
0.16999999999999993,-0.85,2
0.16999999999999993,-0.8300000000000001,5
0.16999999999999993,-0.81,11
0.16999999999999993,-0.79,8
0.16999999999999993,-0.77,7
0.16999999999999993,-0.75,4
0.16999999999999993,-0.73,13
0.16999999999999993,-0.71,12
0.16999999999999993,-0.69,14
0.16999999999999993,-0.6699999999999999,19
0.16999999999999993,-0.6499999999999999,19
0.16999999999999993,-0.63,16
0.16999999999999993,-0.61,28
0.16999999999999993,-0.5900000000000001,25
0.16999999999999993,-0.5700000000000001,18
0.16999999999999993,-0.55,27
0.16999999999999993,-0.53,36
0.16999999999999993,-0.51,47
0.16999999999999993,-0.49,45
0.16999999999999993,-0.47,55
0.16999999999999993,-0.44999999999999996,55
0.16999999999999993,-0.43,60
0.16999999999999993,-0.41000000000000003,60
0.16999999999999993,-0.39,58
0.16999999999999993,-0.37,84
0.16999999999999993,-0.35,85
0.16999999999999993,-0.32999999999999996,100
0.16999999999999993,-0.30999999999999994,98
0.16999999999999993,-0.29,117
0.16999999999999993,-0.27,128
0.16999999999999993,-0.25,147
0.16999999999999993,-0.22999999999999998,181
0.16999999999999993,-0.20999999999999996,203
0.16999999999999993,-0.18999999999999995,206
0.16999999999999993,-0.16999999999999998,221
0.16999999999999993,-0.15000000000000002,279
0.16999999999999993,-0.13,294
0.16999999999999993,-0.10999999999999999,327
0.16999999999999993,-0.08999999999999997,348
0.16999999999999993,-0.06999999999999995,348
0.16999999999999993,-0.04999999999999999,410
0.16999999999999993,-0.030000000000000027,426
0.16999999999999993,-0.010000000000000009,447
0.16999999999999993,0.010000000000000009,422
0.16999999999999993,0.030000000000000027,439
0.16999999999999993,0.050000000000000044,443
0.16999999999999993,0.07000000000000006,405
0.16999999999999993,0.09000000000000008,406
0.16999999999999993,0.1100000000000001,351
0.16999999999999993,0.13000000000000012,382
0.16999999999999993,0.15000000000000002,382
0.16999999999999993,0.16999999999999993,304
0.16999999999999993,0.18999999999999995,267
0.16999999999999993,0.20999999999999996,219
0.16999999999999993,0.22999999999999998,233
0.16999999999999993,0.25,202
0.16999999999999993,0.27,191
0.16999999999999993,0.29000000000000004,165
0.16999999999999993,0.31000000000000005,149
0.16999999999999993,0.33000000000000007,132
0.16999999999999993,0.3500000000000001,116
0.16999999999999993,0.3700000000000001,102
0.16999999999999993,0.3900000000000001,89
0.16999999999999993,0.41000000000000003,83
0.16999999999999993,0.42999999999999994,87
0.16999999999999993,0.44999999999999996,67
0.16999999999999993,0.47,61
0.16999999999999993,0.49,62
0.16999999999999993,0.51,48
0.16999999999999993,0.53,39
0.16999999999999993,0.55,39
0.16999999999999993,0.5700000000000001,39
0.16999999999999993,0.5900000000000001,31
0.16999999999999993,0.6100000000000001,30
0.16999999999999993,0.6300000000000001,21
0.16999999999999993,0.6500000000000001,28
0.16999999999999993,0.67,30
0.16999999999999993,0.69,19
0.16999999999999993,0.71,21
0.16999999999999993,0.73,19
0.16999999999999993,0.75,12
0.16999999999999993,0.77,13
0.16999999999999993,0.79,13
0.16999999999999993,0.81,11
0.16999999999999993,0.8300000000000001,12
0.16999999999999993,0.8500000000000001,10
0.16999999999999993,0.8700000000000001,9
0.16999999999999993,0.8900000000000001,9
0.16999999999999993,0.91,4
0.16999999999999993,0.9299999999999999,7
0.16999999999999993,0.95,2
0.16999999999999993,0.97,4
0.16999999999999993,0.99,2
0.18999999999999995,-0.99,0
0.18999999999999995,-0.97,4
0.18999999999999995,-0.95,6
0.18999999999999995,-0.9299999999999999,6
0.18999999999999995,-0.91,7
0.18999999999999995,-0.89,3
0.18999999999999995,-0.87,6
0.18999999999999995,-0.85,8
0.18999999999999995,-0.8300000000000001,11
0.18999999999999995,-0.81,14
0.18999999999999995,-0.79,7
0.18999999999999995,-0.77,7
0.18999999999999995,-0.75,6
0.18999999999999995,-0.73,12
0.18999999999999995,-0.71,11
0.18999999999999995,-0.69,12
0.18999999999999995,-0.6699999999999999,16
0.18999999999999995,-0.6499999999999999,13
0.18999999999999995,-0.63,22
0.18999999999999995,-0.61,12
0.18999999999999995,-0.5900000000000001,18
0.18999999999999995,-0.5700000000000001,26
0.18999999999999995,-0.55,27
0.18999999999999995,-0.53,32
0.18999999999999995,-0.51,30
0.18999999999999995,-0.49,39
0.18999999999999995,-0.47,43
0.18999999999999995,-0.44999999999999996,33
0.18999999999999995,-0.43,51
0.18999999999999995,-0.41000000000000003,82
0.18999999999999995,-0.39,75
0.18999999999999995,-0.37,66
0.18999999999999995,-0.35,92
0.18999999999999995,-0.32999999999999996,116
0.18999999999999995,-0.30999999999999994,110
0.18999999999999995,-0.29,108
0.18999999999999995,-0.27,140
0.18999999999999995,-0.25,158
0.18999999999999995,-0.22999999999999998,162
0.18999999999999995,-0.20999999999999996,145
0.18999999999999995,-0.18999999999999995,184
0.18999999999999995,-0.16999999999999998,202
0.18999999999999995,-0.15000000000000002,232
0.18999999999999995,-0.13,264
0.18999999999999995,-0.10999999999999999,275
0.18999999999999995,-0.08999999999999997,326
0.18999999999999995,-0.06999999999999995,320
0.18999999999999995,-0.04999999999999999,353
0.18999999999999995,-0.030000000000000027,365
0.18999999999999995,-0.010000000000000009,372
0.18999999999999995,0.010000000000000009,379
0.18999999999999995,0.030000000000000027,356
0.18999999999999995,0.050000000000000044,332
0.18999999999999995,0.07000000000000006,362
0.18999999999999995,0.09000000000000008,367
0.18999999999999995,0.1100000000000001,343
0.18999999999999995,0.13000000000000012,280
0.18999999999999995,0.15000000000000002,293
0.18999999999999995,0.16999999999999993,270
0.18999999999999995,0.18999999999999995,230
0.18999999999999995,0.20999999999999996,219
0.18999999999999995,0.22999999999999998,232
0.18999999999999995,0.25,212
0.18999999999999995,0.27,178
0.18999999999999995,0.29000000000000004,154
0.18999999999999995,0.31000000000000005,140
0.18999999999999995,0.33000000000000007,109
0.18999999999999995,0.3500000000000001,115
0.18999999999999995,0.3700000000000001,101
0.18999999999999995,0.3900000000000001,93
0.18999999999999995,0.41000000000000003,78
0.18999999999999995,0.42999999999999994,71
0.18999999999999995,0.44999999999999996,63
0.18999999999999995,0.47,53
0.18999999999999995,0.49,44
0.18999999999999995,0.51,49
0.18999999999999995,0.53,38
0.18999999999999995,0.55,45
0.18999999999999995,0.5700000000000001,31
0.18999999999999995,0.5900000000000001,29
0.18999999999999995,0.6100000000000001,30
0.18999999999999995,0.6300000000000001,29
0.18999999999999995,0.6500000000000001,19
0.18999999999999995,0.67,14
0.18999999999999995,0.69,17
0.18999999999999995,0.71,17
0.18999999999999995,0.73,17
0.18999999999999995,0.75,15
0.18999999999999995,0.77,12
0.18999999999999995,0.79,17
0.18999999999999995,0.81,10
0.18999999999999995,0.8300000000000001,11
0.18999999999999995,0.8500000000000001,6
0.18999999999999995,0.8700000000000001,14
0.18999999999999995,0.8900000000000001,10
0.18999999999999995,0.91,7
0.18999999999999995,0.9299999999999999,4
0.18999999999999995,0.95,6
0.18999999999999995,0.97,4
0.18999999999999995,0.99,0
0.20999999999999996,-0.99,0
0.20999999999999996,-0.97,6
0.20999999999999996,-0.95,9
0.20999999999999996,-0.9299999999999999,4
0.20999999999999996,-0.91,6
0.20999999999999996,-0.89,10
0.20999999999999996,-0.87,3
0.20999999999999996,-0.85,7
0.20999999999999996,-0.8300000000000001,5
0.20999999999999996,-0.81,10
0.20999999999999996,-0.79,8
0.20999999999999996,-0.77,7
0.20999999999999996,-0.75,6
0.20999999999999996,-0.73,11
0.20999999999999996,-0.71,6
0.20999999999999996,-0.69,10
0.20999999999999996,-0.6699999999999999,15
0.20999999999999996,-0.6499999999999999,12
0.20999999999999996,-0.63,12
0.20999999999999996,-0.61,15
0.20999999999999996,-0.5900000000000001,21
0.20999999999999996,-0.5700000000000001,19
0.20999999999999996,-0.55,32
0.20999999999999996,-0.53,31
0.20999999999999996,-0.51,42
0.20999999999999996,-0.49,40
0.20999999999999996,-0.47,44
0.20999999999999996,-0.44999999999999996,56
0.20999999999999996,-0.43,54
0.20999999999999996,-0.41000000000000003,60
0.20999999999999996,-0.39,70
0.20999999999999996,-0.37,63
0.20999999999999996,-0.35,72
0.20999999999999996,-0.32999999999999996,113
0.20999999999999996,-0.30999999999999994,114
0.20999999999999996,-0.29,125
0.20999999999999996,-0.27,139
0.20999999999999996,-0.25,136
0.20999999999999996,-0.22999999999999998,148
0.20999999999999996,-0.20999999999999996,172
0.20999999999999996,-0.18999999999999995,161
0.20999999999999996,-0.16999999999999998,207
0.20999999999999996,-0.15000000000000002,208
0.20999999999999996,-0.13,245
0.20999999999999996,-0.10999999999999999,225
0.20999999999999996,-0.08999999999999997,265
0.20999999999999996,-0.06999999999999995,273
0.20999999999999996,-0.04999999999999999,325
0.20999999999999996,-0.030000000000000027,332
0.20999999999999996,-0.010000000000000009,324
0.20999999999999996,0.010000000000000009,317
0.20999999999999996,0.030000000000000027,315
0.20999999999999996,0.050000000000000044,321
0.20999999999999996,0.07000000000000006,325
0.20999999999999996,0.09000000000000008,318
0.20999999999999996,0.1100000000000001,313
0.20999999999999996,0.13000000000000012,264
0.20999999999999996,0.15000000000000002,249
0.20999999999999996,0.16999999999999993,238
0.20999999999999996,0.18999999999999995,231
0.20999999999999996,0.20999999999999996,205
0.20999999999999996,0.22999999999999998,186
0.20999999999999996,0.25,189
0.20999999999999996,0.27,169
0.20999999999999996,0.29000000000000004,155
0.20999999999999996,0.31000000000000005,116
0.20999999999999996,0.33000000000000007,119
0.20999999999999996,0.3500000000000001,104
0.20999999999999996,0.3700000000000001,99
0.20999999999999996,0.3900000000000001,84
0.20999999999999996,0.41000000000000003,82
0.20999999999999996,0.42999999999999994,65
0.20999999999999996,0.44999999999999996,56
0.20999999999999996,0.47,46
0.20999999999999996,0.49,44
0.20999999999999996,0.51,46
0.20999999999999996,0.53,29
0.20999999999999996,0.55,35
0.20999999999999996,0.5700000000000001,34
0.20999999999999996,0.5900000000000001,32
0.20999999999999996,0.6100000000000001,27
0.20999999999999996,0.6300000000000001,22
0.20999999999999996,0.6500000000000001,28
0.20999999999999996,0.67,20
0.20999999999999996,0.69,25
0.20999999999999996,0.71,16
0.20999999999999996,0.73,10
0.20999999999999996,0.75,14
0.20999999999999996,0.77,8
0.20999999999999996,0.79,12
0.20999999999999996,0.81,5
0.20999999999999996,0.8300000000000001,4
0.20999999999999996,0.8500000000000001,8
0.20999999999999996,0.8700000000000001,6
0.20999999999999996,0.8900000000000001,8
0.20999999999999996,0.91,11
0.20999999999999996,0.9299999999999999,7
0.20999999999999996,0.95,3
0.20999999999999996,0.97,3
0.20999999999999996,0.99,0
0.22999999999999998,-0.99,0
0.22999999999999998,-0.97,6
0.22999999999999998,-0.95,6
0.22999999999999998,-0.9299999999999999,7
0.22999999999999998,-0.91,5
0.22999999999999998,-0.89,9
0.22999999999999998,-0.87,6
0.22999999999999998,-0.85,6
0.22999999999999998,-0.8300000000000001,4
0.22999999999999998,-0.81,14
0.22999999999999998,-0.79,7
0.22999999999999998,-0.77,12
0.22999999999999998,-0.75,10
0.22999999999999998,-0.73,14
0.22999999999999998,-0.71,12
0.22999999999999998,-0.69,13
0.22999999999999998,-0.6699999999999999,12
0.22999999999999998,-0.6499999999999999,14
0.22999999999999998,-0.63,15
0.22999999999999998,-0.61,24
0.22999999999999998,-0.5900000000000001,16
0.22999999999999998,-0.5700000000000001,23
0.22999999999999998,-0.55,33
0.22999999999999998,-0.53,26
0.22999999999999998,-0.51,27
0.22999999999999998,-0.49,52
0.22999999999999998,-0.47,42
0.22999999999999998,-0.44999999999999996,47
0.22999999999999998,-0.43,55
0.22999999999999998,-0.41000000000000003,63
0.22999999999999998,-0.39,69
0.22999999999999998,-0.37,77
0.22999999999999998,-0.35,80
0.22999999999999998,-0.32999999999999996,75
0.22999999999999998,-0.30999999999999994,95
0.22999999999999998,-0.29,106
0.22999999999999998,-0.27,117
0.22999999999999998,-0.25,170
0.22999999999999998,-0.22999999999999998,143
0.22999999999999998,-0.20999999999999996,138
0.22999999999999998,-0.18999999999999995,167
0.22999999999999998,-0.16999999999999998,162
0.22999999999999998,-0.15000000000000002,189
0.22999999999999998,-0.13,227
0.22999999999999998,-0.10999999999999999,246
0.22999999999999998,-0.08999999999999997,243
0.22999999999999998,-0.06999999999999995,240
0.22999999999999998,-0.04999999999999999,269
0.22999999999999998,-0.030000000000000027,264
0.22999999999999998,-0.010000000000000009,260
0.22999999999999998,0.010000000000000009,298
0.22999999999999998,0.030000000000000027,305
0.22999999999999998,0.050000000000000044,275
0.22999999999999998,0.07000000000000006,255
0.22999999999999998,0.09000000000000008,274
0.22999999999999998,0.1100000000000001,264
0.22999999999999998,0.13000000000000012,245
0.22999999999999998,0.15000000000000002,227
0.22999999999999998,0.16999999999999993,215
0.22999999999999998,0.18999999999999995,217
0.22999999999999998,0.20999999999999996,185
0.22999999999999998,0.22999999999999998,162
0.22999999999999998,0.25,167
0.22999999999999998,0.27,149
0.22999999999999998,0.29000000000000004,134
0.22999999999999998,0.31000000000000005,117
0.22999999999999998,0.33000000000000007,109
0.22999999999999998,0.3500000000000001,103
0.22999999999999998,0.3700000000000001,92
0.22999999999999998,0.3900000000000001,71
0.22999999999999998,0.41000000000000003,66
0.22999999999999998,0.42999999999999994,59
0.22999999999999998,0.44999999999999996,53
0.22999999999999998,0.47,50
0.22999999999999998,0.49,39
0.22999999999999998,0.51,47
0.22999999999999998,0.53,43
0.22999999999999998,0.55,28
0.22999999999999998,0.5700000000000001,35
0.22999999999999998,0.5900000000000001,31
0.22999999999999998,0.6100000000000001,25
0.22999999999999998,0.6300000000000001,22
0.22999999999999998,0.6500000000000001,22
0.22999999999999998,0.67,18
0.22999999999999998,0.69,16
0.22999999999999998,0.71,14
0.22999999999999998,0.73,15
0.22999999999999998,0.75,16
0.22999999999999998,0.77,13
0.22999999999999998,0.79,8
0.22999999999999998,0.81,5
0.22999999999999998,0.8300000000000001,9
0.22999999999999998,0.8500000000000001,6
0.22999999999999998,0.8700000000000001,8
0.22999999999999998,0.8900000000000001,5
0.22999999999999998,0.91,3
0.22999999999999998,0.9299999999999999,4
0.22999999999999998,0.95,6
0.22999999999999998,0.97,3
0.22999999999999998,0.99,0
0.25,-0.99,0
0.25,-0.97,3
0.25,-0.95,5
0.25,-0.9299999999999999,1
0.25,-0.91,4
0.25,-0.89,4
0.25,-0.87,7
0.25,-0.85,9
0.25,-0.8300000000000001,10
0.25,-0.81,6
0.25,-0.79,17
0.25,-0.77,7
0.25,-0.75,9
0.25,-0.73,12
0.25,-0.71,7
0.25,-0.69,14
0.25,-0.6699999999999999,13
0.25,-0.6499999999999999,6
0.25,-0.63,25
0.25,-0.61,21
0.25,-0.5900000000000001,24
0.25,-0.5700000000000001,27
0.25,-0.55,25
0.25,-0.53,20
0.25,-0.51,36
0.25,-0.49,36
0.25,-0.47,44
0.25,-0.44999999999999996,29
0.25,-0.43,35
0.25,-0.41000000000000003,64
0.25,-0.39,49
0.25,-0.37,64
0.25,-0.35,66
0.25,-0.32999999999999996,75
0.25,-0.30999999999999994,77
0.25,-0.29,83
0.25,-0.27,97
0.25,-0.25,102
0.25,-0.22999999999999998,110
0.25,-0.20999999999999996,135
0.25,-0.18999999999999995,156
0.25,-0.16999999999999998,167
0.25,-0.15000000000000002,172
0.25,-0.13,187
0.25,-0.10999999999999999,217
0.25,-0.08999999999999997,216
0.25,-0.06999999999999995,241
0.25,-0.04999999999999999,233
0.25,-0.030000000000000027,231
0.25,-0.010000000000000009,247
0.25,0.010000000000000009,247
0.25,0.030000000000000027,241
0.25,0.050000000000000044,229
0.25,0.07000000000000006,241
0.25,0.09000000000000008,241
0.25,0.1100000000000001,197
0.25,0.13000000000000012,209
0.25,0.15000000000000002,174
0.25,0.16999999999999993,210
0.25,0.18999999999999995,150
0.25,0.20999999999999996,189
0.25,0.22999999999999998,136
0.25,0.25,141
0.25,0.27,128
0.25,0.29000000000000004,117
0.25,0.31000000000000005,116
0.25,0.33000000000000007,102
0.25,0.3500000000000001,94
0.25,0.3700000000000001,93
0.25,0.3900000000000001,77
0.25,0.41000000000000003,64
0.25,0.42999999999999994,54
0.25,0.44999999999999996,55
0.25,0.47,51
0.25,0.49,50
0.25,0.51,40
0.25,0.53,47
0.25,0.55,32
0.25,0.5700000000000001,38
0.25,0.5900000000000001,27
0.25,0.6100000000000001,35
0.25,0.6300000000000001,14
0.25,0.6500000000000001,12
0.25,0.67,27
0.25,0.69,12
0.25,0.71,13
0.25,0.73,12
0.25,0.75,19
0.25,0.77,10
0.25,0.79,6
0.25,0.81,10
0.25,0.8300000000000001,13
0.25,0.8500000000000001,11
0.25,0.8700000000000001,11
0.25,0.8900000000000001,9
0.25,0.91,7
0.25,0.9299999999999999,5
0.25,0.95,4
0.25,0.97,1
0.25,0.99,0
0.27,-0.99,0
0.27,-0.97,1
0.27,-0.95,3
0.27,-0.9299999999999999,7
0.27,-0.91,5
0.27,-0.89,9
0.27,-0.87,6
0.27,-0.85,5
0.27,-0.8300000000000001,2
0.27,-0.81,11
0.27,-0.79,5
0.27,-0.77,8
0.27,-0.75,17
0.27,-0.73,9
0.27,-0.71,9
0.27,-0.69,21
0.27,-0.6699999999999999,10
0.27,-0.6499999999999999,12
0.27,-0.63,17
0.27,-0.61,16
0.27,-0.5900000000000001,14
0.27,-0.5700000000000001,19
0.27,-0.55,19
0.27,-0.53,22
0.27,-0.51,26
0.27,-0.49,38
0.27,-0.47,28
0.27,-0.44999999999999996,51
0.27,-0.43,43
0.27,-0.41000000000000003,38
0.27,-0.39,52
0.27,-0.37,58
0.27,-0.35,67
0.27,-0.32999999999999996,83
0.27,-0.30999999999999994,80
0.27,-0.29,81
0.27,-0.27,97
0.27,-0.25,103
0.27,-0.22999999999999998,120
0.27,-0.20999999999999996,129
0.27,-0.18999999999999995,149
0.27,-0.16999999999999998,134
0.27,-0.15000000000000002,170
0.27,-0.13,144
0.27,-0.10999999999999999,179
0.27,-0.08999999999999997,185
0.27,-0.06999999999999995,193
0.27,-0.04999999999999999,201
0.27,-0.030000000000000027,198
0.27,-0.010000000000000009,204
0.27,0.010000000000000009,194
0.27,0.030000000000000027,199
0.27,0.050000000000000044,211
0.27,0.07000000000000006,211
0.27,0.09000000000000008,221
0.27,0.1100000000000001,192
0.27,0.13000000000000012,193
0.27,0.15000000000000002,185
0.27,0.16999999999999993,157
0.27,0.18999999999999995,139
0.27,0.20999999999999996,153
0.27,0.22999999999999998,155
0.27,0.25,120
0.27,0.27,104
0.27,0.29000000000000004,120
0.27,0.31000000000000005,101
0.27,0.33000000000000007,81
0.27,0.3500000000000001,90
0.27,0.3700000000000001,86
0.27,0.3900000000000001,83
0.27,0.41000000000000003,49
0.27,0.42999999999999994,53
0.27,0.44999999999999996,56
0.27,0.47,42
0.27,0.49,45
0.27,0.51,34
0.27,0.53,36
0.27,0.55,28
0.27,0.5700000000000001,28
0.27,0.5900000000000001,27
0.27,0.6100000000000001,25
0.27,0.6300000000000001,18
0.27,0.6500000000000001,23
0.27,0.67,21
0.27,0.69,21
0.27,0.71,17
0.27,0.73,20
0.27,0.75,13
0.27,0.77,8
0.27,0.79,8
0.27,0.81,10
0.27,0.8300000000000001,5
0.27,0.8500000000000001,8
0.27,0.8700000000000001,3
0.27,0.8900000000000001,10
0.27,0.91,8
0.27,0.9299999999999999,3
0.27,0.95,5
0.27,0.97,1
0.27,0.99,0
0.29000000000000004,-0.99,0
0.29000000000000004,-0.97,0
0.29000000000000004,-0.95,2
0.29000000000000004,-0.9299999999999999,5
0.29000000000000004,-0.91,5
0.29000000000000004,-0.89,7
0.29000000000000004,-0.87,5
0.29000000000000004,-0.85,4
0.29000000000000004,-0.8300000000000001,10
0.29000000000000004,-0.81,6
0.29000000000000004,-0.79,5
0.29000000000000004,-0.77,9
0.29000000000000004,-0.75,5
0.29000000000000004,-0.73,13
0.29000000000000004,-0.71,15
0.29000000000000004,-0.69,9
0.29000000000000004,-0.6699999999999999,14
0.29000000000000004,-0.6499999999999999,11
0.29000000000000004,-0.63,18
0.29000000000000004,-0.61,17
0.29000000000000004,-0.5900000000000001,21
0.29000000000000004,-0.5700000000000001,28
0.29000000000000004,-0.55,21
0.29000000000000004,-0.53,27
0.29000000000000004,-0.51,20
0.29000000000000004,-0.49,29
0.29000000000000004,-0.47,39
0.29000000000000004,-0.44999999999999996,43
0.29000000000000004,-0.43,39
0.29000000000000004,-0.41000000000000003,41
0.29000000000000004,-0.39,59
0.29000000000000004,-0.37,63
0.29000000000000004,-0.35,63
0.29000000000000004,-0.32999999999999996,82
0.29000000000000004,-0.30999999999999994,71
0.29000000000000004,-0.29,67
0.29000000000000004,-0.27,98
0.29000000000000004,-0.25,89
0.29000000000000004,-0.22999999999999998,104
0.29000000000000004,-0.20999999999999996,112
0.29000000000000004,-0.18999999999999995,114
0.29000000000000004,-0.16999999999999998,135
0.29000000000000004,-0.15000000000000002,134
0.29000000000000004,-0.13,135
0.29000000000000004,-0.10999999999999999,146
0.29000000000000004,-0.08999999999999997,170
0.29000000000000004,-0.06999999999999995,157
0.29000000000000004,-0.04999999999999999,171
0.29000000000000004,-0.030000000000000027,194
0.29000000000000004,-0.010000000000000009,174
0.29000000000000004,0.010000000000000009,198
0.29000000000000004,0.030000000000000027,162
0.29000000000000004,0.050000000000000044,195
0.29000000000000004,0.07000000000000006,201
0.29000000000000004,0.09000000000000008,172
0.29000000000000004,0.1100000000000001,179
0.29000000000000004,0.13000000000000012,172
0.29000000000000004,0.15000000000000002,165
0.29000000000000004,0.16999999999999993,135
0.29000000000000004,0.18999999999999995,136
0.29000000000000004,0.20999999999999996,106
0.29000000000000004,0.22999999999999998,111
0.29000000000000004,0.25,114
0.29000000000000004,0.27,92
0.29000000000000004,0.29000000000000004,106
0.29000000000000004,0.31000000000000005,95
0.29000000000000004,0.33000000000000007,78
0.29000000000000004,0.3500000000000001,87
0.29000000000000004,0.3700000000000001,69
0.29000000000000004,0.3900000000000001,78
0.29000000000000004,0.41000000000000003,66
0.29000000000000004,0.42999999999999994,51
0.29000000000000004,0.44999999999999996,50
0.29000000000000004,0.47,43
0.29000000000000004,0.49,48
0.29000000000000004,0.51,34
0.29000000000000004,0.53,38
0.29000000000000004,0.55,36
0.29000000000000004,0.5700000000000001,18
0.29000000000000004,0.5900000000000001,25
0.29000000000000004,0.6100000000000001,26
0.29000000000000004,0.6300000000000001,27
0.29000000000000004,0.6500000000000001,21
0.29000000000000004,0.67,20
0.29000000000000004,0.69,12
0.29000000000000004,0.71,10
0.29000000000000004,0.73,9
0.29000000000000004,0.75,15
0.29000000000000004,0.77,14
0.29000000000000004,0.79,14
0.29000000000000004,0.81,13
0.29000000000000004,0.8300000000000001,6
0.29000000000000004,0.8500000000000001,10
0.29000000000000004,0.8700000000000001,8
0.29000000000000004,0.8900000000000001,4
0.29000000000000004,0.91,0
0.29000000000000004,0.9299999999999999,4
0.29000000000000004,0.95,2
0.29000000000000004,0.97,0
0.29000000000000004,0.99,0
0.31000000000000005,-0.99,0
0.31000000000000005,-0.97,0
0.31000000000000005,-0.95,4
0.31000000000000005,-0.9299999999999999,7
0.31000000000000005,-0.91,2
0.31000000000000005,-0.89,3
0.31000000000000005,-0.87,5
0.31000000000000005,-0.85,4
0.31000000000000005,-0.8300000000000001,12
0.31000000000000005,-0.81,9
0.31000000000000005,-0.79,9
0.31000000000000005,-0.77,9
0.31000000000000005,-0.75,8
0.31000000000000005,-0.73,9
0.31000000000000005,-0.71,10
0.31000000000000005,-0.69,15
0.31000000000000005,-0.6699999999999999,14
0.31000000000000005,-0.6499999999999999,14
0.31000000000000005,-0.63,11
0.31000000000000005,-0.61,18
0.31000000000000005,-0.5900000000000001,17
0.31000000000000005,-0.5700000000000001,17
0.31000000000000005,-0.55,19
0.31000000000000005,-0.53,23
0.31000000000000005,-0.51,24
0.31000000000000005,-0.49,40
0.31000000000000005,-0.47,37
0.31000000000000005,-0.44999999999999996,32
0.31000000000000005,-0.43,35
0.31000000000000005,-0.41000000000000003,44
0.31000000000000005,-0.39,48
0.31000000000000005,-0.37,50
0.31000000000000005,-0.35,43
0.31000000000000005,-0.32999999999999996,71
0.31000000000000005,-0.30999999999999994,48
0.31000000000000005,-0.29,83
0.31000000000000005,-0.27,89
0.31000000000000005,-0.25,82
0.31000000000000005,-0.22999999999999998,100
0.31000000000000005,-0.20999999999999996,111
0.31000000000000005,-0.18999999999999995,115
0.31000000000000005,-0.16999999999999998,109
0.31000000000000005,-0.15000000000000002,120
0.31000000000000005,-0.13,138
0.31000000000000005,-0.10999999999999999,142
0.31000000000000005,-0.08999999999999997,141
0.31000000000000005,-0.06999999999999995,141
0.31000000000000005,-0.04999999999999999,152
0.31000000000000005,-0.030000000000000027,146
0.31000000000000005,-0.010000000000000009,152
0.31000000000000005,0.010000000000000009,170
0.31000000000000005,0.030000000000000027,173
0.31000000000000005,0.050000000000000044,172
0.31000000000000005,0.07000000000000006,173
0.31000000000000005,0.09000000000000008,178
0.31000000000000005,0.1100000000000001,154
0.31000000000000005,0.13000000000000012,155
0.31000000000000005,0.15000000000000002,146
0.31000000000000005,0.16999999999999993,120
0.31000000000000005,0.18999999999999995,130
0.31000000000000005,0.20999999999999996,138
0.31000000000000005,0.22999999999999998,128
0.31000000000000005,0.25,138
0.31000000000000005,0.27,93
0.31000000000000005,0.29000000000000004,93
0.31000000000000005,0.31000000000000005,91
0.31000000000000005,0.33000000000000007,70
0.31000000000000005,0.3500000000000001,86
0.31000000000000005,0.3700000000000001,60
0.31000000000000005,0.3900000000000001,65
0.31000000000000005,0.41000000000000003,63
0.31000000000000005,0.42999999999999994,54
0.31000000000000005,0.44999999999999996,50
0.31000000000000005,0.47,30
0.31000000000000005,0.49,30
0.31000000000000005,0.51,37
0.31000000000000005,0.53,17
0.31000000000000005,0.55,28
0.31000000000000005,0.5700000000000001,23
0.31000000000000005,0.5900000000000001,27
0.31000000000000005,0.6100000000000001,28
0.31000000000000005,0.6300000000000001,25
0.31000000000000005,0.6500000000000001,19
0.31000000000000005,0.67,17
0.31000000000000005,0.69,20
0.31000000000000005,0.71,13
0.31000000000000005,0.73,15
0.31000000000000005,0.75,8
0.31000000000000005,0.77,9
0.31000000000000005,0.79,6
0.31000000000000005,0.81,8
0.31000000000000005,0.8300000000000001,6
0.31000000000000005,0.8500000000000001,9
0.31000000000000005,0.8700000000000001,10
0.31000000000000005,0.8900000000000001,6
0.31000000000000005,0.91,10
0.31000000000000005,0.9299999999999999,4
0.31000000000000005,0.95,2
0.31000000000000005,0.97,0
0.31000000000000005,0.99,0
0.33000000000000007,-0.99,0
0.33000000000000007,-0.97,0
0.33000000000000007,-0.95,0
0.33000000000000007,-0.9299999999999999,1
0.33000000000000007,-0.91,3
0.33000000000000007,-0.89,3
0.33000000000000007,-0.87,8
0.33000000000000007,-0.85,2
0.33000000000000007,-0.8300000000000001,4
0.33000000000000007,-0.81,8
0.33000000000000007,-0.79,7
0.33000000000000007,-0.77,4
0.33000000000000007,-0.75,4
0.33000000000000007,-0.73,12
0.33000000000000007,-0.71,12
0.33000000000000007,-0.69,9
0.33000000000000007,-0.6699999999999999,8
0.33000000000000007,-0.6499999999999999,8
0.33000000000000007,-0.63,9
0.33000000000000007,-0.61,11
0.33000000000000007,-0.5900000000000001,24
0.33000000000000007,-0.5700000000000001,22
0.33000000000000007,-0.55,22
0.33000000000000007,-0.53,30
0.33000000000000007,-0.51,29
0.33000000000000007,-0.49,28
0.33000000000000007,-0.47,29
0.33000000000000007,-0.44999999999999996,33
0.33000000000000007,-0.43,35
0.33000000000000007,-0.41000000000000003,44
0.33000000000000007,-0.39,42
0.33000000000000007,-0.37,54
0.33000000000000007,-0.35,53
0.33000000000000007,-0.32999999999999996,73
0.33000000000000007,-0.30999999999999994,56
0.33000000000000007,-0.29,67
0.33000000000000007,-0.27,67
0.33000000000000007,-0.25,68
0.33000000000000007,-0.22999999999999998,87
0.33000000000000007,-0.20999999999999996,84
0.33000000000000007,-0.18999999999999995,108
0.33000000000000007,-0.16999999999999998,87
0.33000000000000007,-0.15000000000000002,114
0.33000000000000007,-0.13,120
0.33000000000000007,-0.10999999999999999,125
0.33000000000000007,-0.08999999999999997,139
0.33000000000000007,-0.06999999999999995,120
0.33000000000000007,-0.04999999999999999,135
0.33000000000000007,-0.030000000000000027,149
0.33000000000000007,-0.010000000000000009,160
0.33000000000000007,0.010000000000000009,179
0.33000000000000007,0.030000000000000027,145
0.33000000000000007,0.050000000000000044,153
0.33000000000000007,0.07000000000000006,148
0.33000000000000007,0.09000000000000008,140
0.33000000000000007,0.1100000000000001,137
0.33000000000000007,0.13000000000000012,152
0.33000000000000007,0.15000000000000002,123
0.33000000000000007,0.16999999999999993,121
0.33000000000000007,0.18999999999999995,113
0.33000000000000007,0.20999999999999996,99
0.33000000000000007,0.22999999999999998,125
0.33000000000000007,0.25,97
0.33000000000000007,0.27,102
0.33000000000000007,0.29000000000000004,108
0.33000000000000007,0.31000000000000005,89
0.33000000000000007,0.33000000000000007,72
0.33000000000000007,0.3500000000000001,69
0.33000000000000007,0.3700000000000001,53
0.33000000000000007,0.3900000000000001,57
0.33000000000000007,0.41000000000000003,45
0.33000000000000007,0.42999999999999994,47
0.33000000000000007,0.44999999999999996,39
0.33000000000000007,0.47,39
0.33000000000000007,0.49,34
0.33000000000000007,0.51,31
0.33000000000000007,0.53,23
0.33000000000000007,0.55,21
0.33000000000000007,0.5700000000000001,25
0.33000000000000007,0.5900000000000001,17
0.33000000000000007,0.6100000000000001,24
0.33000000000000007,0.6300000000000001,24
0.33000000000000007,0.6500000000000001,11
0.33000000000000007,0.67,13
0.33000000000000007,0.69,12
0.33000000000000007,0.71,14
0.33000000000000007,0.73,12
0.33000000000000007,0.75,14
0.33000000000000007,0.77,10
0.33000000000000007,0.79,14
0.33000000000000007,0.81,5
0.33000000000000007,0.8300000000000001,3
0.33000000000000007,0.8500000000000001,4
0.33000000000000007,0.8700000000000001,3
0.33000000000000007,0.8900000000000001,7
0.33000000000000007,0.91,4
0.33000000000000007,0.9299999999999999,6
0.33000000000000007,0.95,1
0.33000000000000007,0.97,0
0.33000000000000007,0.99,0
0.3500000000000001,-0.99,0
0.3500000000000001,-0.97,0
0.3500000000000001,-0.95,0
0.3500000000000001,-0.9299999999999999,4
0.3500000000000001,-0.91,9
0.3500000000000001,-0.89,2
0.3500000000000001,-0.87,4
0.3500000000000001,-0.85,9
0.3500000000000001,-0.8300000000000001,8
0.3500000000000001,-0.81,12
0.3500000000000001,-0.79,4
0.3500000000000001,-0.77,12
0.3500000000000001,-0.75,4
0.3500000000000001,-0.73,11
0.3500000000000001,-0.71,10
0.3500000000000001,-0.69,5
0.3500000000000001,-0.6699999999999999,11
0.3500000000000001,-0.6499999999999999,15
0.3500000000000001,-0.63,8
0.3500000000000001,-0.61,15
0.3500000000000001,-0.5900000000000001,13
0.3500000000000001,-0.5700000000000001,16
0.3500000000000001,-0.55,20
0.3500000000000001,-0.53,21
0.3500000000000001,-0.51,25
0.3500000000000001,-0.49,26
0.3500000000000001,-0.47,32
0.3500000000000001,-0.44999999999999996,45
0.3500000000000001,-0.43,32
0.3500000000000001,-0.41000000000000003,32
0.3500000000000001,-0.39,30
0.3500000000000001,-0.37,37
0.3500000000000001,-0.35,53
0.3500000000000001,-0.32999999999999996,53
0.3500000000000001,-0.30999999999999994,61
0.3500000000000001,-0.29,60
0.3500000000000001,-0.27,56
0.3500000000000001,-0.25,61
0.3500000000000001,-0.22999999999999998,73
0.3500000000000001,-0.20999999999999996,82
0.3500000000000001,-0.18999999999999995,88
0.3500000000000001,-0.16999999999999998,96
0.3500000000000001,-0.15000000000000002,96
0.3500000000000001,-0.13,79
0.3500000000000001,-0.10999999999999999,110
0.3500000000000001,-0.08999999999999997,111
0.3500000000000001,-0.06999999999999995,102
0.3500000000000001,-0.04999999999999999,135
0.3500000000000001,-0.030000000000000027,137
0.3500000000000001,-0.010000000000000009,134
0.3500000000000001,0.010000000000000009,139
0.3500000000000001,0.030000000000000027,129
0.3500000000000001,0.050000000000000044,101
0.3500000000000001,0.07000000000000006,159
0.3500000000000001,0.09000000000000008,136
0.3500000000000001,0.1100000000000001,102
0.3500000000000001,0.13000000000000012,103
0.3500000000000001,0.15000000000000002,101
0.3500000000000001,0.16999999999999993,121
0.3500000000000001,0.18999999999999995,94
0.3500000000000001,0.20999999999999996,99
0.3500000000000001,0.22999999999999998,103
0.3500000000000001,0.25,77
0.3500000000000001,0.27,92
0.3500000000000001,0.29000000000000004,79
0.3500000000000001,0.31000000000000005,72
0.3500000000000001,0.33000000000000007,65
0.3500000000000001,0.3500000000000001,69
0.3500000000000001,0.3700000000000001,55
0.3500000000000001,0.3900000000000001,40
0.3500000000000001,0.41000000000000003,40
0.3500000000000001,0.42999999999999994,40
0.3500000000000001,0.44999999999999996,42
0.3500000000000001,0.47,42
0.3500000000000001,0.49,35
0.3500000000000001,0.51,33
0.3500000000000001,0.53,30
0.3500000000000001,0.55,26
0.3500000000000001,0.5700000000000001,28
0.3500000000000001,0.5900000000000001,18
0.3500000000000001,0.6100000000000001,17
0.3500000000000001,0.6300000000000001,11
0.3500000000000001,0.6500000000000001,17
0.3500000000000001,0.67,13
0.3500000000000001,0.69,17
0.3500000000000001,0.71,14
0.3500000000000001,0.73,14
0.3500000000000001,0.75,14
0.3500000000000001,0.77,11
0.3500000000000001,0.79,11
0.3500000000000001,0.81,6
0.3500000000000001,0.8300000000000001,6
0.3500000000000001,0.8500000000000001,14
0.3500000000000001,0.8700000000000001,9
0.3500000000000001,0.8900000000000001,11
0.3500000000000001,0.91,5
0.3500000000000001,0.9299999999999999,3
0.3500000000000001,0.95,0
0.3500000000000001,0.97,0
0.3500000000000001,0.99,0
0.3700000000000001,-0.99,0
0.3700000000000001,-0.97,0
0.3700000000000001,-0.95,0
0.3700000000000001,-0.9299999999999999,2
0.3700000000000001,-0.91,4
0.3700000000000001,-0.89,7
0.3700000000000001,-0.87,5
0.3700000000000001,-0.85,3
0.3700000000000001,-0.8300000000000001,5
0.3700000000000001,-0.81,8
0.3700000000000001,-0.79,2
0.3700000000000001,-0.77,6
0.3700000000000001,-0.75,6
0.3700000000000001,-0.73,9
0.3700000000000001,-0.71,13
0.3700000000000001,-0.69,9
0.3700000000000001,-0.6699999999999999,13
0.3700000000000001,-0.6499999999999999,16
0.3700000000000001,-0.63,10
0.3700000000000001,-0.61,15
0.3700000000000001,-0.5900000000000001,8
0.3700000000000001,-0.5700000000000001,20
0.3700000000000001,-0.55,21
0.3700000000000001,-0.53,20
0.3700000000000001,-0.51,27
0.3700000000000001,-0.49,23
0.3700000000000001,-0.47,28
0.3700000000000001,-0.44999999999999996,26
0.3700000000000001,-0.43,40
0.3700000000000001,-0.41000000000000003,25
0.3700000000000001,-0.39,43
0.3700000000000001,-0.37,42
0.3700000000000001,-0.35,43
0.3700000000000001,-0.32999999999999996,38
0.3700000000000001,-0.30999999999999994,53
0.3700000000000001,-0.29,61
0.3700000000000001,-0.27,72
0.3700000000000001,-0.25,62
0.3700000000000001,-0.22999999999999998,66
0.3700000000000001,-0.20999999999999996,77
0.3700000000000001,-0.18999999999999995,74
0.3700000000000001,-0.16999999999999998,75
0.3700000000000001,-0.15000000000000002,77
0.3700000000000001,-0.13,83
0.3700000000000001,-0.10999999999999999,105
0.3700000000000001,-0.08999999999999997,98
0.3700000000000001,-0.06999999999999995,113
0.3700000000000001,-0.04999999999999999,100
0.3700000000000001,-0.030000000000000027,100
0.3700000000000001,-0.010000000000000009,110
0.3700000000000001,0.010000000000000009,116
0.3700000000000001,0.030000000000000027,103
0.3700000000000001,0.050000000000000044,114
0.3700000000000001,0.07000000000000006,123
0.3700000000000001,0.09000000000000008,110
0.3700000000000001,0.1100000000000001,98
0.3700000000000001,0.13000000000000012,113
0.3700000000000001,0.15000000000000002,109
0.3700000000000001,0.16999999999999993,103
0.3700000000000001,0.18999999999999995,85
0.3700000000000001,0.20999999999999996,90
0.3700000000000001,0.22999999999999998,70
0.3700000000000001,0.25,88
0.3700000000000001,0.27,68
0.3700000000000001,0.29000000000000004,84
0.3700000000000001,0.31000000000000005,63
0.3700000000000001,0.33000000000000007,48
0.3700000000000001,0.3500000000000001,51
0.3700000000000001,0.3700000000000001,46
0.3700000000000001,0.3900000000000001,50
0.3700000000000001,0.41000000000000003,39
0.3700000000000001,0.42999999999999994,32
0.3700000000000001,0.44999999999999996,27
0.3700000000000001,0.47,26
0.3700000000000001,0.49,26
0.3700000000000001,0.51,19
0.3700000000000001,0.53,27
0.3700000000000001,0.55,27
0.3700000000000001,0.5700000000000001,22
0.3700000000000001,0.5900000000000001,19
0.3700000000000001,0.6100000000000001,22
0.3700000000000001,0.6300000000000001,17
0.3700000000000001,0.6500000000000001,16
0.3700000000000001,0.67,11
0.3700000000000001,0.69,13
0.3700000000000001,0.71,13
0.3700000000000001,0.73,12
0.3700000000000001,0.75,9
0.3700000000000001,0.77,12
0.3700000000000001,0.79,9
0.3700000000000001,0.81,10
0.3700000000000001,0.8300000000000001,8
0.3700000000000001,0.8500000000000001,8
0.3700000000000001,0.8700000000000001,5
0.3700000000000001,0.8900000000000001,4
0.3700000000000001,0.91,3
0.3700000000000001,0.9299999999999999,2
0.3700000000000001,0.95,0
0.3700000000000001,0.97,0
0.3700000000000001,0.99,0
0.3900000000000001,-0.99,0
0.3900000000000001,-0.97,0
0.3900000000000001,-0.95,0
0.3900000000000001,-0.9299999999999999,1
0.3900000000000001,-0.91,8
0.3900000000000001,-0.89,4
0.3900000000000001,-0.87,9
0.3900000000000001,-0.85,7
0.3900000000000001,-0.8300000000000001,2
0.3900000000000001,-0.81,8
0.3900000000000001,-0.79,5
0.3900000000000001,-0.77,4
0.3900000000000001,-0.75,8
0.3900000000000001,-0.73,13
0.3900000000000001,-0.71,10
0.3900000000000001,-0.69,10
0.3900000000000001,-0.6699999999999999,5
0.3900000000000001,-0.6499999999999999,12
0.3900000000000001,-0.63,10
0.3900000000000001,-0.61,15
0.3900000000000001,-0.5900000000000001,14
0.3900000000000001,-0.5700000000000001,22
0.3900000000000001,-0.55,17
0.3900000000000001,-0.53,21
0.3900000000000001,-0.51,18
0.3900000000000001,-0.49,19
0.3900000000000001,-0.47,19
0.3900000000000001,-0.44999999999999996,40
0.3900000000000001,-0.43,23
0.3900000000000001,-0.41000000000000003,32
0.3900000000000001,-0.39,48
0.3900000000000001,-0.37,39
0.3900000000000001,-0.35,42
0.3900000000000001,-0.32999999999999996,42
0.3900000000000001,-0.30999999999999994,48
0.3900000000000001,-0.29,49
0.3900000000000001,-0.27,55
0.3900000000000001,-0.25,51
0.3900000000000001,-0.22999999999999998,54
0.3900000000000001,-0.20999999999999996,64
0.3900000000000001,-0.18999999999999995,79
0.3900000000000001,-0.16999999999999998,76
0.3900000000000001,-0.15000000000000002,83
0.3900000000000001,-0.13,81
0.3900000000000001,-0.10999999999999999,87
0.3900000000000001,-0.08999999999999997,89
0.3900000000000001,-0.06999999999999995,103
0.3900000000000001,-0.04999999999999999,85
0.3900000000000001,-0.030000000000000027,90
0.3900000000000001,-0.010000000000000009,96
0.3900000000000001,0.010000000000000009,101
0.3900000000000001,0.030000000000000027,107
0.3900000000000001,0.050000000000000044,106
0.3900000000000001,0.07000000000000006,101
0.3900000000000001,0.09000000000000008,92
0.3900000000000001,0.1100000000000001,98
0.3900000000000001,0.13000000000000012,83
0.3900000000000001,0.15000000000000002,90
0.3900000000000001,0.16999999999999993,102
0.3900000000000001,0.18999999999999995,87
0.3900000000000001,0.20999999999999996,71
0.3900000000000001,0.22999999999999998,86
0.3900000000000001,0.25,75
0.3900000000000001,0.27,61
0.3900000000000001,0.29000000000000004,62
0.3900000000000001,0.31000000000000005,62
0.3900000000000001,0.33000000000000007,58
0.3900000000000001,0.3500000000000001,41
0.3900000000000001,0.3700000000000001,44
0.3900000000000001,0.3900000000000001,38
0.3900000000000001,0.41000000000000003,40
0.3900000000000001,0.42999999999999994,32
0.3900000000000001,0.44999999999999996,28
0.3900000000000001,0.47,32
0.3900000000000001,0.49,38
0.3900000000000001,0.51,30
0.3900000000000001,0.53,19
0.3900000000000001,0.55,24
0.3900000000000001,0.5700000000000001,27
0.3900000000000001,0.5900000000000001,13
0.3900000000000001,0.6100000000000001,13
0.3900000000000001,0.6300000000000001,20
0.3900000000000001,0.6500000000000001,7
0.3900000000000001,0.67,6
0.3900000000000001,0.69,15
0.3900000000000001,0.71,7
0.3900000000000001,0.73,12
0.3900000000000001,0.75,5
0.3900000000000001,0.77,7
0.3900000000000001,0.79,7
0.3900000000000001,0.81,9
0.3900000000000001,0.8300000000000001,7
0.3900000000000001,0.8500000000000001,10
0.3900000000000001,0.8700000000000001,5
0.3900000000000001,0.8900000000000001,2
0.3900000000000001,0.91,7
0.3900000000000001,0.9299999999999999,1
0.3900000000000001,0.95,0
0.3900000000000001,0.97,0
0.3900000000000001,0.99,0
0.41000000000000003,-0.99,0
0.41000000000000003,-0.97,0
0.41000000000000003,-0.95,0
0.41000000000000003,-0.9299999999999999,0
0.41000000000000003,-0.91,7
0.41000000000000003,-0.89,3
0.41000000000000003,-0.87,7
0.41000000000000003,-0.85,6
0.41000000000000003,-0.8300000000000001,9
0.41000000000000003,-0.81,6
0.41000000000000003,-0.79,4
0.41000000000000003,-0.77,4
0.41000000000000003,-0.75,5
0.41000000000000003,-0.73,7
0.41000000000000003,-0.71,11
0.41000000000000003,-0.69,10
0.41000000000000003,-0.6699999999999999,15
0.41000000000000003,-0.6499999999999999,6
0.41000000000000003,-0.63,9
0.41000000000000003,-0.61,16
0.41000000000000003,-0.5900000000000001,13
0.41000000000000003,-0.5700000000000001,17
0.41000000000000003,-0.55,16
0.41000000000000003,-0.53,18
0.41000000000000003,-0.51,18
0.41000000000000003,-0.49,19
0.41000000000000003,-0.47,21
0.41000000000000003,-0.44999999999999996,24
0.41000000000000003,-0.43,34
0.41000000000000003,-0.41000000000000003,22
0.41000000000000003,-0.39,34
0.41000000000000003,-0.37,38
0.41000000000000003,-0.35,33
0.41000000000000003,-0.32999999999999996,43
0.41000000000000003,-0.30999999999999994,47
0.41000000000000003,-0.29,46
0.41000000000000003,-0.27,58
0.41000000000000003,-0.25,59
0.41000000000000003,-0.22999999999999998,55
0.41000000000000003,-0.20999999999999996,58
0.41000000000000003,-0.18999999999999995,73
0.41000000000000003,-0.16999999999999998,87
0.41000000000000003,-0.15000000000000002,61
0.41000000000000003,-0.13,81
0.41000000000000003,-0.10999999999999999,69
0.41000000000000003,-0.08999999999999997,81
0.41000000000000003,-0.06999999999999995,83
0.41000000000000003,-0.04999999999999999,80
0.41000000000000003,-0.030000000000000027,72
0.41000000000000003,-0.010000000000000009,78
0.41000000000000003,0.010000000000000009,82
0.41000000000000003,0.030000000000000027,79
0.41000000000000003,0.050000000000000044,77
0.41000000000000003,0.07000000000000006,80
0.41000000000000003,0.09000000000000008,88
0.41000000000000003,0.1100000000000001,84
0.41000000000000003,0.13000000000000012,64
0.41000000000000003,0.15000000000000002,83
0.41000000000000003,0.16999999999999993,77
0.41000000000000003,0.18999999999999995,56
0.41000000000000003,0.20999999999999996,75
0.41000000000000003,0.22999999999999998,70
0.41000000000000003,0.25,68
0.41000000000000003,0.27,48
0.41000000000000003,0.29000000000000004,53
0.41000000000000003,0.31000000000000005,50
0.41000000000000003,0.33000000000000007,56
0.41000000000000003,0.3500000000000001,49
0.41000000000000003,0.3700000000000001,39
0.41000000000000003,0.3900000000000001,53
0.41000000000000003,0.41000000000000003,33
0.41000000000000003,0.42999999999999994,32
0.41000000000000003,0.44999999999999996,33
0.41000000000000003,0.47,28
0.41000000000000003,0.49,30
0.41000000000000003,0.51,37
0.41000000000000003,0.53,18
0.41000000000000003,0.55,26
0.41000000000000003,0.5700000000000001,20
0.41000000000000003,0.5900000000000001,11
0.41000000000000003,0.6100000000000001,21
0.41000000000000003,0.6300000000000001,17
0.41000000000000003,0.6500000000000001,8
0.41000000000000003,0.67,13
0.41000000000000003,0.69,9
0.41000000000000003,0.71,8
0.41000000000000003,0.73,2
0.41000000000000003,0.75,7
0.41000000000000003,0.77,4
0.41000000000000003,0.79,8
0.41000000000000003,0.81,7
0.41000000000000003,0.8300000000000001,10
0.41000000000000003,0.8500000000000001,8
0.41000000000000003,0.8700000000000001,5
0.41000000000000003,0.8900000000000001,2
0.41000000000000003,0.91,6
0.41000000000000003,0.9299999999999999,0
0.41000000000000003,0.95,0
0.41000000000000003,0.97,0
0.41000000000000003,0.99,0
0.42999999999999994,-0.99,0
0.42999999999999994,-0.97,0
0.42999999999999994,-0.95,0
0.42999999999999994,-0.9299999999999999,0
0.42999999999999994,-0.91,2
0.42999999999999994,-0.89,5
0.42999999999999994,-0.87,2
0.42999999999999994,-0.85,4
0.42999999999999994,-0.8300000000000001,5
0.42999999999999994,-0.81,5
0.42999999999999994,-0.79,5
0.42999999999999994,-0.77,7
0.42999999999999994,-0.75,7
0.42999999999999994,-0.73,4
0.42999999999999994,-0.71,9
0.42999999999999994,-0.69,5
0.42999999999999994,-0.6699999999999999,13
0.42999999999999994,-0.6499999999999999,9
0.42999999999999994,-0.63,10
0.42999999999999994,-0.61,9
0.42999999999999994,-0.5900000000000001,3
0.42999999999999994,-0.5700000000000001,13
0.42999999999999994,-0.55,12
0.42999999999999994,-0.53,16
0.42999999999999994,-0.51,15
0.42999999999999994,-0.49,20
0.42999999999999994,-0.47,30
0.42999999999999994,-0.44999999999999996,27
0.42999999999999994,-0.43,25
0.42999999999999994,-0.41000000000000003,26
0.42999999999999994,-0.39,39
0.42999999999999994,-0.37,36
0.42999999999999994,-0.35,44
0.42999999999999994,-0.32999999999999996,46
0.42999999999999994,-0.30999999999999994,53
0.42999999999999994,-0.29,45
0.42999999999999994,-0.27,39
0.42999999999999994,-0.25,58
0.42999999999999994,-0.22999999999999998,53
0.42999999999999994,-0.20999999999999996,59
0.42999999999999994,-0.18999999999999995,68
0.42999999999999994,-0.16999999999999998,63
0.42999999999999994,-0.15000000000000002,61
0.42999999999999994,-0.13,56
0.42999999999999994,-0.10999999999999999,66
0.42999999999999994,-0.08999999999999997,53
0.42999999999999994,-0.06999999999999995,66
0.42999999999999994,-0.04999999999999999,77
0.42999999999999994,-0.030000000000000027,80
0.42999999999999994,-0.010000000000000009,76
0.42999999999999994,0.010000000000000009,95
0.42999999999999994,0.030000000000000027,77
0.42999999999999994,0.050000000000000044,82
0.42999999999999994,0.07000000000000006,86
0.42999999999999994,0.09000000000000008,73
0.42999999999999994,0.1100000000000001,70
0.42999999999999994,0.13000000000000012,83
0.42999999999999994,0.15000000000000002,72
0.42999999999999994,0.16999999999999993,69
0.42999999999999994,0.18999999999999995,60
0.42999999999999994,0.20999999999999996,78
0.42999999999999994,0.22999999999999998,70
0.42999999999999994,0.25,60
0.42999999999999994,0.27,46
0.42999999999999994,0.29000000000000004,39
0.42999999999999994,0.31000000000000005,51
0.42999999999999994,0.33000000000000007,36
0.42999999999999994,0.3500000000000001,34
0.42999999999999994,0.3700000000000001,39
0.42999999999999994,0.3900000000000001,34
0.42999999999999994,0.41000000000000003,34
0.42999999999999994,0.42999999999999994,30
0.42999999999999994,0.44999999999999996,18
0.42999999999999994,0.47,32
0.42999999999999994,0.49,22
0.42999999999999994,0.51,19
0.42999999999999994,0.53,20
0.42999999999999994,0.55,27
0.42999999999999994,0.5700000000000001,24
0.42999999999999994,0.5900000000000001,22
0.42999999999999994,0.6100000000000001,13
0.42999999999999994,0.6300000000000001,17
0.42999999999999994,0.6500000000000001,10
0.42999999999999994,0.67,11
0.42999999999999994,0.69,7
0.42999999999999994,0.71,11
0.42999999999999994,0.73,15
0.42999999999999994,0.75,6
0.42999999999999994,0.77,11
0.42999999999999994,0.79,6
0.42999999999999994,0.81,6
0.42999999999999994,0.8300000000000001,4
0.42999999999999994,0.8500000000000001,3
0.42999999999999994,0.8700000000000001,7
0.42999999999999994,0.8900000000000001,6
0.42999999999999994,0.91,0
0.42999999999999994,0.9299999999999999,0
0.42999999999999994,0.95,0
0.42999999999999994,0.97,0
0.42999999999999994,0.99,0
0.44999999999999996,-0.99,0
0.44999999999999996,-0.97,0
0.44999999999999996,-0.95,0
0.44999999999999996,-0.9299999999999999,0
0.44999999999999996,-0.91,0
0.44999999999999996,-0.89,2
0.44999999999999996,-0.87,4
0.44999999999999996,-0.85,5
0.44999999999999996,-0.8300000000000001,2
0.44999999999999996,-0.81,6
0.44999999999999996,-0.79,12
0.44999999999999996,-0.77,7
0.44999999999999996,-0.75,5
0.44999999999999996,-0.73,5
0.44999999999999996,-0.71,8
0.44999999999999996,-0.69,9
0.44999999999999996,-0.6699999999999999,12
0.44999999999999996,-0.6499999999999999,15
0.44999999999999996,-0.63,10
0.44999999999999996,-0.61,10
0.44999999999999996,-0.5900000000000001,17
0.44999999999999996,-0.5700000000000001,8
0.44999999999999996,-0.55,20
0.44999999999999996,-0.53,13
0.44999999999999996,-0.51,18
0.44999999999999996,-0.49,13
0.44999999999999996,-0.47,18
0.44999999999999996,-0.44999999999999996,25
0.44999999999999996,-0.43,26
0.44999999999999996,-0.41000000000000003,21
0.44999999999999996,-0.39,23
0.44999999999999996,-0.37,29
0.44999999999999996,-0.35,43
0.44999999999999996,-0.32999999999999996,31
0.44999999999999996,-0.30999999999999994,35
0.44999999999999996,-0.29,33
0.44999999999999996,-0.27,36
0.44999999999999996,-0.25,40
0.44999999999999996,-0.22999999999999998,42
0.44999999999999996,-0.20999999999999996,33
0.44999999999999996,-0.18999999999999995,60
0.44999999999999996,-0.16999999999999998,48
0.44999999999999996,-0.15000000000000002,58
0.44999999999999996,-0.13,58
0.44999999999999996,-0.10999999999999999,62
0.44999999999999996,-0.08999999999999997,61
0.44999999999999996,-0.06999999999999995,64
0.44999999999999996,-0.04999999999999999,77
0.44999999999999996,-0.030000000000000027,68
0.44999999999999996,-0.010000000000000009,70
0.44999999999999996,0.010000000000000009,61
0.44999999999999996,0.030000000000000027,58
0.44999999999999996,0.050000000000000044,58
0.44999999999999996,0.07000000000000006,72
0.44999999999999996,0.09000000000000008,60
0.44999999999999996,0.1100000000000001,57
0.44999999999999996,0.13000000000000012,53
0.44999999999999996,0.15000000000000002,63
0.44999999999999996,0.16999999999999993,54
0.44999999999999996,0.18999999999999995,61
0.44999999999999996,0.20999999999999996,66
0.44999999999999996,0.22999999999999998,47
0.44999999999999996,0.25,57
0.44999999999999996,0.27,46
0.44999999999999996,0.29000000000000004,36
0.44999999999999996,0.31000000000000005,39
0.44999999999999996,0.33000000000000007,38
0.44999999999999996,0.3500000000000001,37
0.44999999999999996,0.3700000000000001,30
0.44999999999999996,0.3900000000000001,37
0.44999999999999996,0.41000000000000003,17
0.44999999999999996,0.42999999999999994,36
0.44999999999999996,0.44999999999999996,33
0.44999999999999996,0.47,23
0.44999999999999996,0.49,25
0.44999999999999996,0.51,19
0.44999999999999996,0.53,14
0.44999999999999996,0.55,24
0.44999999999999996,0.5700000000000001,12
0.44999999999999996,0.5900000000000001,17
0.44999999999999996,0.6100000000000001,15
0.44999999999999996,0.6300000000000001,11
0.44999999999999996,0.6500000000000001,8
0.44999999999999996,0.67,16
0.44999999999999996,0.69,9
0.44999999999999996,0.71,6
0.44999999999999996,0.73,10
0.44999999999999996,0.75,18
0.44999999999999996,0.77,12
0.44999999999999996,0.79,4
0.44999999999999996,0.81,10
0.44999999999999996,0.8300000000000001,6
0.44999999999999996,0.8500000000000001,4
0.44999999999999996,0.8700000000000001,9
0.44999999999999996,0.8900000000000001,3
0.44999999999999996,0.91,0
0.44999999999999996,0.9299999999999999,0
0.44999999999999996,0.95,0
0.44999999999999996,0.97,0
0.44999999999999996,0.99,0
0.47,-0.99,0
0.47,-0.97,0
0.47,-0.95,0
0.47,-0.9299999999999999,0
0.47,-0.91,0
0.47,-0.89,0
0.47,-0.87,1
0.47,-0.85,3
0.47,-0.8300000000000001,9
0.47,-0.81,9
0.47,-0.79,8
0.47,-0.77,7
0.47,-0.75,11
0.47,-0.73,9
0.47,-0.71,3
0.47,-0.69,8
0.47,-0.6699999999999999,11
0.47,-0.6499999999999999,8
0.47,-0.63,8
0.47,-0.61,4
0.47,-0.5900000000000001,11
0.47,-0.5700000000000001,11
0.47,-0.55,8
0.47,-0.53,14
0.47,-0.51,18
0.47,-0.49,15
0.47,-0.47,18
0.47,-0.44999999999999996,22
0.47,-0.43,27
0.47,-0.41000000000000003,28
0.47,-0.39,25
0.47,-0.37,22
0.47,-0.35,30
0.47,-0.32999999999999996,27
0.47,-0.30999999999999994,24
0.47,-0.29,31
0.47,-0.27,44
0.47,-0.25,46
0.47,-0.22999999999999998,35
0.47,-0.20999999999999996,40
0.47,-0.18999999999999995,36
0.47,-0.16999999999999998,47
0.47,-0.15000000000000002,54
0.47,-0.13,64
0.47,-0.10999999999999999,65
0.47,-0.08999999999999997,56
0.47,-0.06999999999999995,48
0.47,-0.04999999999999999,55
0.47,-0.030000000000000027,50
0.47,-0.010000000000000009,55
0.47,0.010000000000000009,63
0.47,0.030000000000000027,59
0.47,0.050000000000000044,62
0.47,0.07000000000000006,55
0.47,0.09000000000000008,58
0.47,0.1100000000000001,57
0.47,0.13000000000000012,52
0.47,0.15000000000000002,64
0.47,0.16999999999999993,44
0.47,0.18999999999999995,44
0.47,0.20999999999999996,41
0.47,0.22999999999999998,55
0.47,0.25,55
0.47,0.27,40
0.47,0.29000000000000004,41
0.47,0.31000000000000005,45
0.47,0.33000000000000007,38
0.47,0.3500000000000001,43
0.47,0.3700000000000001,25
0.47,0.3900000000000001,31
0.47,0.41000000000000003,22
0.47,0.42999999999999994,17
0.47,0.44999999999999996,29
0.47,0.47,25
0.47,0.49,23
0.47,0.51,27
0.47,0.53,16
0.47,0.55,26
0.47,0.5700000000000001,17
0.47,0.5900000000000001,25
0.47,0.6100000000000001,10
0.47,0.6300000000000001,7
0.47,0.6500000000000001,14
0.47,0.67,18
0.47,0.69,12
0.47,0.71,9
0.47,0.73,6
0.47,0.75,8
0.47,0.77,3
0.47,0.79,10
0.47,0.81,8
0.47,0.8300000000000001,6
0.47,0.8500000000000001,4
0.47,0.8700000000000001,4
0.47,0.8900000000000001,1
0.47,0.91,0
0.47,0.9299999999999999,0
0.47,0.95,0
0.47,0.97,0
0.47,0.99,0
0.49,-0.99,0
0.49,-0.97,0
0.49,-0.95,0
0.49,-0.9299999999999999,0
0.49,-0.91,0
0.49,-0.89,0
0.49,-0.87,3
0.49,-0.85,5
0.49,-0.8300000000000001,4
0.49,-0.81,5
0.49,-0.79,4
0.49,-0.77,2
0.49,-0.75,8
0.49,-0.73,13
0.49,-0.71,10
0.49,-0.69,9
0.49,-0.6699999999999999,6
0.49,-0.6499999999999999,9
0.49,-0.63,13
0.49,-0.61,6
0.49,-0.5900000000000001,15
0.49,-0.5700000000000001,10
0.49,-0.55,14
0.49,-0.53,11
0.49,-0.51,16
0.49,-0.49,11
0.49,-0.47,14
0.49,-0.44999999999999996,19
0.49,-0.43,21
0.49,-0.41000000000000003,20
0.49,-0.39,21
0.49,-0.37,25
0.49,-0.35,23
0.49,-0.32999999999999996,23
0.49,-0.30999999999999994,31
0.49,-0.29,38
0.49,-0.27,28
0.49,-0.25,39
0.49,-0.22999999999999998,36
0.49,-0.20999999999999996,47
0.49,-0.18999999999999995,46
0.49,-0.16999999999999998,45
0.49,-0.15000000000000002,42
0.49,-0.13,53
0.49,-0.10999999999999999,49
0.49,-0.08999999999999997,48
0.49,-0.06999999999999995,45
0.49,-0.04999999999999999,50
0.49,-0.030000000000000027,48
0.49,-0.010000000000000009,60
0.49,0.010000000000000009,57
0.49,0.030000000000000027,68
0.49,0.050000000000000044,60
0.49,0.07000000000000006,56
0.49,0.09000000000000008,49
0.49,0.1100000000000001,53
0.49,0.13000000000000012,53
0.49,0.15000000000000002,59
0.49,0.16999999999999993,52
0.49,0.18999999999999995,53
0.49,0.20999999999999996,55
0.49,0.22999999999999998,31
0.49,0.25,42
0.49,0.27,41
0.49,0.29000000000000004,33
0.49,0.31000000000000005,31
0.49,0.33000000000000007,26
0.49,0.3500000000000001,26
0.49,0.3700000000000001,35
0.49,0.3900000000000001,22
0.49,0.41000000000000003,31
0.49,0.42999999999999994,23
0.49,0.44999999999999996,24
0.49,0.47,22
0.49,0.49,21
0.49,0.51,15
0.49,0.53,15
0.49,0.55,18
0.49,0.5700000000000001,17
0.49,0.5900000000000001,13
0.49,0.6100000000000001,7
0.49,0.6300000000000001,10
0.49,0.6500000000000001,9
0.49,0.67,12
0.49,0.69,14
0.49,0.71,9
0.49,0.73,12
0.49,0.75,7
0.49,0.77,12
0.49,0.79,11
0.49,0.81,8
0.49,0.8300000000000001,5
0.49,0.8500000000000001,8
0.49,0.8700000000000001,3
0.49,0.8900000000000001,0
0.49,0.91,0
0.49,0.9299999999999999,0
0.49,0.95,0
0.49,0.97,0
0.49,0.99,0
0.51,-0.99,0
0.51,-0.97,0
0.51,-0.95,0
0.51,-0.9299999999999999,0
0.51,-0.91,0
0.51,-0.89,0
0.51,-0.87,0
0.51,-0.85,2
0.51,-0.8300000000000001,2
0.51,-0.81,4
0.51,-0.79,8
0.51,-0.77,10
0.51,-0.75,3
0.51,-0.73,9
0.51,-0.71,5
0.51,-0.69,12
0.51,-0.6699999999999999,6
0.51,-0.6499999999999999,7
0.51,-0.63,8
0.51,-0.61,11
0.51,-0.5900000000000001,13
0.51,-0.5700000000000001,6
0.51,-0.55,13
0.51,-0.53,9
0.51,-0.51,13
0.51,-0.49,13
0.51,-0.47,21
0.51,-0.44999999999999996,16
0.51,-0.43,18
0.51,-0.41000000000000003,18
0.51,-0.39,13
0.51,-0.37,19
0.51,-0.35,27
0.51,-0.32999999999999996,27
0.51,-0.30999999999999994,23
0.51,-0.29,20
0.51,-0.27,35
0.51,-0.25,41
0.51,-0.22999999999999998,35
0.51,-0.20999999999999996,39
0.51,-0.18999999999999995,42
0.51,-0.16999999999999998,43
0.51,-0.15000000000000002,36
0.51,-0.13,43
0.51,-0.10999999999999999,50
0.51,-0.08999999999999997,36
0.51,-0.06999999999999995,43
0.51,-0.04999999999999999,33
0.51,-0.030000000000000027,55
0.51,-0.010000000000000009,44
0.51,0.010000000000000009,59
0.51,0.030000000000000027,39
0.51,0.050000000000000044,58
0.51,0.07000000000000006,50
0.51,0.09000000000000008,57
0.51,0.1100000000000001,51
0.51,0.13000000000000012,48
0.51,0.15000000000000002,40
0.51,0.16999999999999993,39
0.51,0.18999999999999995,48
0.51,0.20999999999999996,40
0.51,0.22999999999999998,46
0.51,0.25,33
0.51,0.27,31
0.51,0.29000000000000004,29
0.51,0.31000000000000005,34
0.51,0.33000000000000007,31
0.51,0.3500000000000001,30
0.51,0.3700000000000001,20
0.51,0.3900000000000001,21
0.51,0.41000000000000003,26
0.51,0.42999999999999994,17
0.51,0.44999999999999996,15
0.51,0.47,30
0.51,0.49,15
0.51,0.51,15
0.51,0.53,15
0.51,0.55,15
0.51,0.5700000000000001,17
0.51,0.5900000000000001,15
0.51,0.6100000000000001,20
0.51,0.6300000000000001,8
0.51,0.6500000000000001,7
0.51,0.67,17
0.51,0.69,10
0.51,0.71,12
0.51,0.73,12
0.51,0.75,10
0.51,0.77,11
0.51,0.79,4
0.51,0.81,7
0.51,0.8300000000000001,2
0.51,0.8500000000000001,4
0.51,0.8700000000000001,0
0.51,0.8900000000000001,0
0.51,0.91,0
0.51,0.9299999999999999,0
0.51,0.95,0
0.51,0.97,0
0.51,0.99,0
0.53,-0.99,0
0.53,-0.97,0
0.53,-0.95,0
0.53,-0.9299999999999999,0
0.53,-0.91,0
0.53,-0.89,0
0.53,-0.87,0
0.53,-0.85,1
0.53,-0.8300000000000001,6
0.53,-0.81,2
0.53,-0.79,6
0.53,-0.77,9
0.53,-0.75,8
0.53,-0.73,7
0.53,-0.71,2
0.53,-0.69,4
0.53,-0.6699999999999999,3
0.53,-0.6499999999999999,15
0.53,-0.63,4
0.53,-0.61,6
0.53,-0.5900000000000001,9
0.53,-0.5700000000000001,15
0.53,-0.55,7
0.53,-0.53,8
0.53,-0.51,11
0.53,-0.49,19
0.53,-0.47,12
0.53,-0.44999999999999996,17
0.53,-0.43,11
0.53,-0.41000000000000003,27
0.53,-0.39,15
0.53,-0.37,19
0.53,-0.35,28
0.53,-0.32999999999999996,24
0.53,-0.30999999999999994,23
0.53,-0.29,29
0.53,-0.27,39
0.53,-0.25,26
0.53,-0.22999999999999998,28
0.53,-0.20999999999999996,30
0.53,-0.18999999999999995,36
0.53,-0.16999999999999998,38
0.53,-0.15000000000000002,33
0.53,-0.13,39
0.53,-0.10999999999999999,47
0.53,-0.08999999999999997,50
0.53,-0.06999999999999995,47
0.53,-0.04999999999999999,43
0.53,-0.030000000000000027,45
0.53,-0.010000000000000009,34
0.53,0.010000000000000009,44
0.53,0.030000000000000027,46
0.53,0.050000000000000044,40
0.53,0.07000000000000006,55
0.53,0.09000000000000008,42
0.53,0.1100000000000001,38
0.53,0.13000000000000012,47
0.53,0.15000000000000002,51
0.53,0.16999999999999993,53
0.53,0.18999999999999995,28
0.53,0.20999999999999996,27
0.53,0.22999999999999998,35
0.53,0.25,28
0.53,0.27,34
0.53,0.29000000000000004,32
0.53,0.31000000000000005,29
0.53,0.33000000000000007,26
0.53,0.3500000000000001,20
0.53,0.3700000000000001,21
0.53,0.3900000000000001,22
0.53,0.41000000000000003,31
0.53,0.42999999999999994,26
0.53,0.44999999999999996,15
0.53,0.47,12
0.53,0.49,19
0.53,0.51,9
0.53,0.53,20
0.53,0.55,17
0.53,0.5700000000000001,11
0.53,0.5900000000000001,8
0.53,0.6100000000000001,14
0.53,0.6300000000000001,16
0.53,0.6500000000000001,9
0.53,0.67,6
0.53,0.69,7
0.53,0.71,5
0.53,0.73,11
0.53,0.75,5
0.53,0.77,5
0.53,0.79,9
0.53,0.81,7
0.53,0.8300000000000001,7
0.53,0.8500000000000001,0
0.53,0.8700000000000001,0
0.53,0.8900000000000001,0
0.53,0.91,0
0.53,0.9299999999999999,0
0.53,0.95,0
0.53,0.97,0
0.53,0.99,0
0.55,-0.99,0
0.55,-0.97,0
0.55,-0.95,0
0.55,-0.9299999999999999,0
0.55,-0.91,0
0.55,-0.89,0
0.55,-0.87,0
0.55,-0.85,0
0.55,-0.8300000000000001,1
0.55,-0.81,9
0.55,-0.79,0
0.55,-0.77,2
0.55,-0.75,5
0.55,-0.73,4
0.55,-0.71,6
0.55,-0.69,8
0.55,-0.6699999999999999,7
0.55,-0.6499999999999999,1
0.55,-0.63,2
0.55,-0.61,10
0.55,-0.5900000000000001,7
0.55,-0.5700000000000001,7
0.55,-0.55,7
0.55,-0.53,14
0.55,-0.51,12
0.55,-0.49,16
0.55,-0.47,17
0.55,-0.44999999999999996,14
0.55,-0.43,20
0.55,-0.41000000000000003,16
0.55,-0.39,12
0.55,-0.37,22
0.55,-0.35,16
0.55,-0.32999999999999996,16
0.55,-0.30999999999999994,23
0.55,-0.29,23
0.55,-0.27,23
0.55,-0.25,31
0.55,-0.22999999999999998,29
0.55,-0.20999999999999996,24
0.55,-0.18999999999999995,34
0.55,-0.16999999999999998,30
0.55,-0.15000000000000002,33
0.55,-0.13,31
0.55,-0.10999999999999999,35
0.55,-0.08999999999999997,51
0.55,-0.06999999999999995,43
0.55,-0.04999999999999999,51
0.55,-0.030000000000000027,46
0.55,-0.010000000000000009,34
0.55,0.010000000000000009,43
0.55,0.030000000000000027,27
0.55,0.050000000000000044,42
0.55,0.07000000000000006,40
0.55,0.09000000000000008,39
0.55,0.1100000000000001,22
0.55,0.13000000000000012,32
0.55,0.15000000000000002,41
0.55,0.16999999999999993,33
0.55,0.18999999999999995,28
0.55,0.20999999999999996,38
0.55,0.22999999999999998,23
0.55,0.25,23
0.55,0.27,36
0.55,0.29000000000000004,34
0.55,0.31000000000000005,33
0.55,0.33000000000000007,19
0.55,0.3500000000000001,22
0.55,0.3700000000000001,23
0.55,0.3900000000000001,23
0.55,0.41000000000000003,17
0.55,0.42999999999999994,18
0.55,0.44999999999999996,14
0.55,0.47,18
0.55,0.49,11
0.55,0.51,15
0.55,0.53,10
0.55,0.55,14
0.55,0.5700000000000001,6
0.55,0.5900000000000001,9
0.55,0.6100000000000001,6
0.55,0.6300000000000001,19
0.55,0.6500000000000001,5
0.55,0.67,6
0.55,0.69,9
0.55,0.71,3
0.55,0.73,8
0.55,0.75,6
0.55,0.77,6
0.55,0.79,11
0.55,0.81,2
0.55,0.8300000000000001,5
0.55,0.8500000000000001,0
0.55,0.8700000000000001,0
0.55,0.8900000000000001,0
0.55,0.91,0
0.55,0.9299999999999999,0
0.55,0.95,0
0.55,0.97,0
0.55,0.99,0
0.5700000000000001,-0.99,0
0.5700000000000001,-0.97,0
0.5700000000000001,-0.95,0
0.5700000000000001,-0.9299999999999999,0
0.5700000000000001,-0.91,0
0.5700000000000001,-0.89,0
0.5700000000000001,-0.87,0
0.5700000000000001,-0.85,0
0.5700000000000001,-0.8300000000000001,0
0.5700000000000001,-0.81,2
0.5700000000000001,-0.79,4
0.5700000000000001,-0.77,4
0.5700000000000001,-0.75,6
0.5700000000000001,-0.73,8
0.5700000000000001,-0.71,5
0.5700000000000001,-0.69,7
0.5700000000000001,-0.6699999999999999,8
0.5700000000000001,-0.6499999999999999,6
0.5700000000000001,-0.63,5
0.5700000000000001,-0.61,16
0.5700000000000001,-0.5900000000000001,6
0.5700000000000001,-0.5700000000000001,8
0.5700000000000001,-0.55,5
0.5700000000000001,-0.53,11
0.5700000000000001,-0.51,14
0.5700000000000001,-0.49,14
0.5700000000000001,-0.47,17
0.5700000000000001,-0.44999999999999996,12
0.5700000000000001,-0.43,13
0.5700000000000001,-0.41000000000000003,14
0.5700000000000001,-0.39,17
0.5700000000000001,-0.37,12
0.5700000000000001,-0.35,27
0.5700000000000001,-0.32999999999999996,21
0.5700000000000001,-0.30999999999999994,15
0.5700000000000001,-0.29,24
0.5700000000000001,-0.27,17
0.5700000000000001,-0.25,30
0.5700000000000001,-0.22999999999999998,22
0.5700000000000001,-0.20999999999999996,27
0.5700000000000001,-0.18999999999999995,36
0.5700000000000001,-0.16999999999999998,21
0.5700000000000001,-0.15000000000000002,31
0.5700000000000001,-0.13,31
0.5700000000000001,-0.10999999999999999,30
0.5700000000000001,-0.08999999999999997,35
0.5700000000000001,-0.06999999999999995,40
0.5700000000000001,-0.04999999999999999,18
0.5700000000000001,-0.030000000000000027,38
0.5700000000000001,-0.010000000000000009,32
0.5700000000000001,0.010000000000000009,32
0.5700000000000001,0.030000000000000027,36
0.5700000000000001,0.050000000000000044,46
0.5700000000000001,0.07000000000000006,36
0.5700000000000001,0.09000000000000008,31
0.5700000000000001,0.1100000000000001,26
0.5700000000000001,0.13000000000000012,50
0.5700000000000001,0.15000000000000002,31
0.5700000000000001,0.16999999999999993,32
0.5700000000000001,0.18999999999999995,28
0.5700000000000001,0.20999999999999996,26
0.5700000000000001,0.22999999999999998,27
0.5700000000000001,0.25,36
0.5700000000000001,0.27,23
0.5700000000000001,0.29000000000000004,25
0.5700000000000001,0.31000000000000005,33
0.5700000000000001,0.33000000000000007,26
0.5700000000000001,0.3500000000000001,21
0.5700000000000001,0.3700000000000001,26
0.5700000000000001,0.3900000000000001,18
0.5700000000000001,0.41000000000000003,17
0.5700000000000001,0.42999999999999994,23
0.5700000000000001,0.44999999999999996,19
0.5700000000000001,0.47,7
0.5700000000000001,0.49,18
0.5700000000000001,0.51,14
0.5700000000000001,0.53,19
0.5700000000000001,0.55,16
0.5700000000000001,0.5700000000000001,12
0.5700000000000001,0.5900000000000001,12
0.5700000000000001,0.6100000000000001,8
0.5700000000000001,0.6300000000000001,4
0.5700000000000001,0.6500000000000001,7
0.5700000000000001,0.67,8
0.5700000000000001,0.69,10
0.5700000000000001,0.71,7
0.5700000000000001,0.73,4
0.5700000000000001,0.75,6
0.5700000000000001,0.77,7
0.5700000000000001,0.79,2
0.5700000000000001,0.81,4
0.5700000000000001,0.8300000000000001,2
0.5700000000000001,0.8500000000000001,0
0.5700000000000001,0.8700000000000001,0
0.5700000000000001,0.8900000000000001,0
0.5700000000000001,0.91,0
0.5700000000000001,0.9299999999999999,0
0.5700000000000001,0.95,0
0.5700000000000001,0.97,0
0.5700000000000001,0.99,0
0.5900000000000001,-0.99,0
0.5900000000000001,-0.97,0
0.5900000000000001,-0.95,0
0.5900000000000001,-0.9299999999999999,0
0.5900000000000001,-0.91,0
0.5900000000000001,-0.89,0
0.5900000000000001,-0.87,0
0.5900000000000001,-0.85,0
0.5900000000000001,-0.8300000000000001,0
0.5900000000000001,-0.81,1
0.5900000000000001,-0.79,9
0.5900000000000001,-0.77,5
0.5900000000000001,-0.75,13
0.5900000000000001,-0.73,7
0.5900000000000001,-0.71,2
0.5900000000000001,-0.69,6
0.5900000000000001,-0.6699999999999999,5
0.5900000000000001,-0.6499999999999999,11
0.5900000000000001,-0.63,10
0.5900000000000001,-0.61,6
0.5900000000000001,-0.5900000000000001,6
0.5900000000000001,-0.5700000000000001,8
0.5900000000000001,-0.55,10
0.5900000000000001,-0.53,13
0.5900000000000001,-0.51,11
0.5900000000000001,-0.49,10
0.5900000000000001,-0.47,16
0.5900000000000001,-0.44999999999999996,6
0.5900000000000001,-0.43,11
0.5900000000000001,-0.41000000000000003,17
0.5900000000000001,-0.39,17
0.5900000000000001,-0.37,12
0.5900000000000001,-0.35,20
0.5900000000000001,-0.32999999999999996,18
0.5900000000000001,-0.30999999999999994,18
0.5900000000000001,-0.29,23
0.5900000000000001,-0.27,23
0.5900000000000001,-0.25,15
0.5900000000000001,-0.22999999999999998,18
0.5900000000000001,-0.20999999999999996,21
0.5900000000000001,-0.18999999999999995,24
0.5900000000000001,-0.16999999999999998,25
0.5900000000000001,-0.15000000000000002,25
0.5900000000000001,-0.13,32
0.5900000000000001,-0.10999999999999999,34
0.5900000000000001,-0.08999999999999997,31
0.5900000000000001,-0.06999999999999995,21
0.5900000000000001,-0.04999999999999999,24
0.5900000000000001,-0.030000000000000027,25
0.5900000000000001,-0.010000000000000009,35
0.5900000000000001,0.010000000000000009,36
0.5900000000000001,0.030000000000000027,30
0.5900000000000001,0.050000000000000044,30
0.5900000000000001,0.07000000000000006,29
0.5900000000000001,0.09000000000000008,44
0.5900000000000001,0.1100000000000001,40
0.5900000000000001,0.13000000000000012,30
0.5900000000000001,0.15000000000000002,38
0.5900000000000001,0.16999999999999993,20
0.5900000000000001,0.18999999999999995,34
0.5900000000000001,0.20999999999999996,30
0.5900000000000001,0.22999999999999998,23
0.5900000000000001,0.25,26
0.5900000000000001,0.27,25
0.5900000000000001,0.29000000000000004,25
0.5900000000000001,0.31000000000000005,24
0.5900000000000001,0.33000000000000007,18
0.5900000000000001,0.3500000000000001,24
0.5900000000000001,0.3700000000000001,21
0.5900000000000001,0.3900000000000001,18
0.5900000000000001,0.41000000000000003,14
0.5900000000000001,0.42999999999999994,6
0.5900000000000001,0.44999999999999996,16
0.5900000000000001,0.47,13
0.5900000000000001,0.49,17
0.5900000000000001,0.51,14
0.5900000000000001,0.53,10
0.5900000000000001,0.55,10
0.5900000000000001,0.5700000000000001,8
0.5900000000000001,0.5900000000000001,17
0.5900000000000001,0.6100000000000001,11
0.5900000000000001,0.6300000000000001,10
0.5900000000000001,0.6500000000000001,10
0.5900000000000001,0.67,7
0.5900000000000001,0.69,3
0.5900000000000001,0.71,2
0.5900000000000001,0.73,9
0.5900000000000001,0.75,10
0.5900000000000001,0.77,9
0.5900000000000001,0.79,8
0.5900000000000001,0.81,2
0.5900000000000001,0.8300000000000001,0
0.5900000000000001,0.8500000000000001,0
0.5900000000000001,0.8700000000000001,0
0.5900000000000001,0.8900000000000001,0
0.5900000000000001,0.91,0
0.5900000000000001,0.9299999999999999,0
0.5900000000000001,0.95,0
0.5900000000000001,0.97,0
0.5900000000000001,0.99,0
0.6100000000000001,-0.99,0
0.6100000000000001,-0.97,0
0.6100000000000001,-0.95,0
0.6100000000000001,-0.9299999999999999,0
0.6100000000000001,-0.91,0
0.6100000000000001,-0.89,0
0.6100000000000001,-0.87,0
0.6100000000000001,-0.85,0
0.6100000000000001,-0.8300000000000001,0
0.6100000000000001,-0.81,0
0.6100000000000001,-0.79,2
0.6100000000000001,-0.77,6
0.6100000000000001,-0.75,5
0.6100000000000001,-0.73,3
0.6100000000000001,-0.71,6
0.6100000000000001,-0.69,4
0.6100000000000001,-0.6699999999999999,5
0.6100000000000001,-0.6499999999999999,6
0.6100000000000001,-0.63,4
0.6100000000000001,-0.61,7
0.6100000000000001,-0.5900000000000001,11
0.6100000000000001,-0.5700000000000001,4
0.6100000000000001,-0.55,13
0.6100000000000001,-0.53,7
0.6100000000000001,-0.51,13
0.6100000000000001,-0.49,6
0.6100000000000001,-0.47,11
0.6100000000000001,-0.44999999999999996,18
0.6100000000000001,-0.43,11
0.6100000000000001,-0.41000000000000003,6
0.6100000000000001,-0.39,11
0.6100000000000001,-0.37,11
0.6100000000000001,-0.35,13
0.6100000000000001,-0.32999999999999996,20
0.6100000000000001,-0.30999999999999994,18
0.6100000000000001,-0.29,18
0.6100000000000001,-0.27,17
0.6100000000000001,-0.25,16
0.6100000000000001,-0.22999999999999998,22
0.6100000000000001,-0.20999999999999996,24
0.6100000000000001,-0.18999999999999995,23
0.6100000000000001,-0.16999999999999998,21
0.6100000000000001,-0.15000000000000002,18
0.6100000000000001,-0.13,19
0.6100000000000001,-0.10999999999999999,22
0.6100000000000001,-0.08999999999999997,24
0.6100000000000001,-0.06999999999999995,24
0.6100000000000001,-0.04999999999999999,26
0.6100000000000001,-0.030000000000000027,21
0.6100000000000001,-0.010000000000000009,31
0.6100000000000001,0.010000000000000009,33
0.6100000000000001,0.030000000000000027,26
0.6100000000000001,0.050000000000000044,23
0.6100000000000001,0.07000000000000006,35
0.6100000000000001,0.09000000000000008,28
0.6100000000000001,0.1100000000000001,25
0.6100000000000001,0.13000000000000012,24
0.6100000000000001,0.15000000000000002,21
0.6100000000000001,0.16999999999999993,25
0.6100000000000001,0.18999999999999995,17
0.6100000000000001,0.20999999999999996,21
0.6100000000000001,0.22999999999999998,23
0.6100000000000001,0.25,21
0.6100000000000001,0.27,17
0.6100000000000001,0.29000000000000004,19
0.6100000000000001,0.31000000000000005,19
0.6100000000000001,0.33000000000000007,19
0.6100000000000001,0.3500000000000001,20
0.6100000000000001,0.3700000000000001,25
0.6100000000000001,0.3900000000000001,15
0.6100000000000001,0.41000000000000003,15
0.6100000000000001,0.42999999999999994,11
0.6100000000000001,0.44999999999999996,11
0.6100000000000001,0.47,17
0.6100000000000001,0.49,9
0.6100000000000001,0.51,15
0.6100000000000001,0.53,6
0.6100000000000001,0.55,16
0.6100000000000001,0.5700000000000001,7
0.6100000000000001,0.5900000000000001,3
0.6100000000000001,0.6100000000000001,11
0.6100000000000001,0.6300000000000001,7
0.6100000000000001,0.6500000000000001,9
0.6100000000000001,0.67,4
0.6100000000000001,0.69,6
0.6100000000000001,0.71,2
0.6100000000000001,0.73,4
0.6100000000000001,0.75,5
0.6100000000000001,0.77,1
0.6100000000000001,0.79,2
0.6100000000000001,0.81,0
0.6100000000000001,0.8300000000000001,0
0.6100000000000001,0.8500000000000001,0
0.6100000000000001,0.8700000000000001,0
0.6100000000000001,0.8900000000000001,0
0.6100000000000001,0.91,0
0.6100000000000001,0.9299999999999999,0
0.6100000000000001,0.95,0
0.6100000000000001,0.97,0
0.6100000000000001,0.99,0
0.6300000000000001,-0.99,0
0.6300000000000001,-0.97,0
0.6300000000000001,-0.95,0
0.6300000000000001,-0.9299999999999999,0
0.6300000000000001,-0.91,0
0.6300000000000001,-0.89,0
0.6300000000000001,-0.87,0
0.6300000000000001,-0.85,0
0.6300000000000001,-0.8300000000000001,0
0.6300000000000001,-0.81,0
0.6300000000000001,-0.79,0
0.6300000000000001,-0.77,4
0.6300000000000001,-0.75,4
0.6300000000000001,-0.73,6
0.6300000000000001,-0.71,4
0.6300000000000001,-0.69,5
0.6300000000000001,-0.6699999999999999,4
0.6300000000000001,-0.6499999999999999,10
0.6300000000000001,-0.63,6
0.6300000000000001,-0.61,7
0.6300000000000001,-0.5900000000000001,3
0.6300000000000001,-0.5700000000000001,13
0.6300000000000001,-0.55,13
0.6300000000000001,-0.53,7
0.6300000000000001,-0.51,7
0.6300000000000001,-0.49,8
0.6300000000000001,-0.47,14
0.6300000000000001,-0.44999999999999996,12
0.6300000000000001,-0.43,12
0.6300000000000001,-0.41000000000000003,10
0.6300000000000001,-0.39,11
0.6300000000000001,-0.37,15
0.6300000000000001,-0.35,15
0.6300000000000001,-0.32999999999999996,12
0.6300000000000001,-0.30999999999999994,17
0.6300000000000001,-0.29,18
0.6300000000000001,-0.27,20
0.6300000000000001,-0.25,17
0.6300000000000001,-0.22999999999999998,15
0.6300000000000001,-0.20999999999999996,16
0.6300000000000001,-0.18999999999999995,13
0.6300000000000001,-0.16999999999999998,22
0.6300000000000001,-0.15000000000000002,24
0.6300000000000001,-0.13,31
0.6300000000000001,-0.10999999999999999,17
0.6300000000000001,-0.08999999999999997,25
0.6300000000000001,-0.06999999999999995,23
0.6300000000000001,-0.04999999999999999,27
0.6300000000000001,-0.030000000000000027,30
0.6300000000000001,-0.010000000000000009,28
0.6300000000000001,0.010000000000000009,19
0.6300000000000001,0.030000000000000027,25
0.6300000000000001,0.050000000000000044,29
0.6300000000000001,0.07000000000000006,33
0.6300000000000001,0.09000000000000008,15
0.6300000000000001,0.1100000000000001,26
0.6300000000000001,0.13000000000000012,26
0.6300000000000001,0.15000000000000002,22
0.6300000000000001,0.16999999999999993,21
0.6300000000000001,0.18999999999999995,21
0.6300000000000001,0.20999999999999996,17
0.6300000000000001,0.22999999999999998,22
0.6300000000000001,0.25,14
0.6300000000000001,0.27,23
0.6300000000000001,0.29000000000000004,22
0.6300000000000001,0.31000000000000005,25
0.6300000000000001,0.33000000000000007,18
0.6300000000000001,0.3500000000000001,8
0.6300000000000001,0.3700000000000001,20
0.6300000000000001,0.3900000000000001,9
0.6300000000000001,0.41000000000000003,16
0.6300000000000001,0.42999999999999994,16
0.6300000000000001,0.44999999999999996,15
0.6300000000000001,0.47,16
0.6300000000000001,0.49,12
0.6300000000000001,0.51,5
0.6300000000000001,0.53,13
0.6300000000000001,0.55,7
0.6300000000000001,0.5700000000000001,5
0.6300000000000001,0.5900000000000001,6
0.6300000000000001,0.6100000000000001,12
0.6300000000000001,0.6300000000000001,11
0.6300000000000001,0.6500000000000001,5
0.6300000000000001,0.67,5
0.6300000000000001,0.69,4
0.6300000000000001,0.71,11
0.6300000000000001,0.73,4
0.6300000000000001,0.75,1
0.6300000000000001,0.77,2
0.6300000000000001,0.79,1
0.6300000000000001,0.81,0
0.6300000000000001,0.8300000000000001,0
0.6300000000000001,0.8500000000000001,0
0.6300000000000001,0.8700000000000001,0
0.6300000000000001,0.8900000000000001,0
0.6300000000000001,0.91,0
0.6300000000000001,0.9299999999999999,0
0.6300000000000001,0.95,0
0.6300000000000001,0.97,0
0.6300000000000001,0.99,0
0.6500000000000001,-0.99,0
0.6500000000000001,-0.97,0
0.6500000000000001,-0.95,0
0.6500000000000001,-0.9299999999999999,0
0.6500000000000001,-0.91,0
0.6500000000000001,-0.89,0
0.6500000000000001,-0.87,0
0.6500000000000001,-0.85,0
0.6500000000000001,-0.8300000000000001,0
0.6500000000000001,-0.81,0
0.6500000000000001,-0.79,0
0.6500000000000001,-0.77,0
0.6500000000000001,-0.75,6
0.6500000000000001,-0.73,5
0.6500000000000001,-0.71,8
0.6500000000000001,-0.69,14
0.6500000000000001,-0.6699999999999999,8
0.6500000000000001,-0.6499999999999999,6
0.6500000000000001,-0.63,6
0.6500000000000001,-0.61,6
0.6500000000000001,-0.5900000000000001,11
0.6500000000000001,-0.5700000000000001,9
0.6500000000000001,-0.55,7
0.6500000000000001,-0.53,8
0.6500000000000001,-0.51,13
0.6500000000000001,-0.49,15
0.6500000000000001,-0.47,11
0.6500000000000001,-0.44999999999999996,8
0.6500000000000001,-0.43,7
0.6500000000000001,-0.41000000000000003,14
0.6500000000000001,-0.39,9
0.6500000000000001,-0.37,22
0.6500000000000001,-0.35,16
0.6500000000000001,-0.32999999999999996,16
0.6500000000000001,-0.30999999999999994,14
0.6500000000000001,-0.29,13
0.6500000000000001,-0.27,7
0.6500000000000001,-0.25,14
0.6500000000000001,-0.22999999999999998,17
0.6500000000000001,-0.20999999999999996,16
0.6500000000000001,-0.18999999999999995,16
0.6500000000000001,-0.16999999999999998,14
0.6500000000000001,-0.15000000000000002,26
0.6500000000000001,-0.13,21
0.6500000000000001,-0.10999999999999999,19
0.6500000000000001,-0.08999999999999997,22
0.6500000000000001,-0.06999999999999995,23
0.6500000000000001,-0.04999999999999999,18
0.6500000000000001,-0.030000000000000027,20
0.6500000000000001,-0.010000000000000009,25
0.6500000000000001,0.010000000000000009,29
0.6500000000000001,0.030000000000000027,27
0.6500000000000001,0.050000000000000044,20
0.6500000000000001,0.07000000000000006,35
0.6500000000000001,0.09000000000000008,24
0.6500000000000001,0.1100000000000001,25
0.6500000000000001,0.13000000000000012,16
0.6500000000000001,0.15000000000000002,23
0.6500000000000001,0.16999999999999993,30
0.6500000000000001,0.18999999999999995,12
0.6500000000000001,0.20999999999999996,17
0.6500000000000001,0.22999999999999998,14
0.6500000000000001,0.25,20
0.6500000000000001,0.27,22
0.6500000000000001,0.29000000000000004,19
0.6500000000000001,0.31000000000000005,13
0.6500000000000001,0.33000000000000007,13
0.6500000000000001,0.3500000000000001,12
0.6500000000000001,0.3700000000000001,10
0.6500000000000001,0.3900000000000001,18
0.6500000000000001,0.41000000000000003,15
0.6500000000000001,0.42999999999999994,13
0.6500000000000001,0.44999999999999996,11
0.6500000000000001,0.47,13
0.6500000000000001,0.49,10
0.6500000000000001,0.51,8
0.6500000000000001,0.53,11
0.6500000000000001,0.55,12
0.6500000000000001,0.5700000000000001,12
0.6500000000000001,0.5900000000000001,7
0.6500000000000001,0.6100000000000001,9
0.6500000000000001,0.6300000000000001,13
0.6500000000000001,0.6500000000000001,7
0.6500000000000001,0.67,2
0.6500000000000001,0.69,7
0.6500000000000001,0.71,8
0.6500000000000001,0.73,3
0.6500000000000001,0.75,2
0.6500000000000001,0.77,1
0.6500000000000001,0.79,0
0.6500000000000001,0.81,0
0.6500000000000001,0.8300000000000001,0
0.6500000000000001,0.8500000000000001,0
0.6500000000000001,0.8700000000000001,0
0.6500000000000001,0.8900000000000001,0
0.6500000000000001,0.91,0
0.6500000000000001,0.9299999999999999,0
0.6500000000000001,0.95,0
0.6500000000000001,0.97,0
0.6500000000000001,0.99,0
0.67,-0.99,0
0.67,-0.97,0
0.67,-0.95,0
0.67,-0.9299999999999999,0
0.67,-0.91,0
0.67,-0.89,0
0.67,-0.87,0
0.67,-0.85,0
0.67,-0.8300000000000001,0
0.67,-0.81,0
0.67,-0.79,0
0.67,-0.77,0
0.67,-0.75,1
0.67,-0.73,4
0.67,-0.71,9
0.67,-0.69,5
0.67,-0.6699999999999999,7
0.67,-0.6499999999999999,8
0.67,-0.63,8
0.67,-0.61,4
0.67,-0.5900000000000001,8
0.67,-0.5700000000000001,6
0.67,-0.55,3
0.67,-0.53,7
0.67,-0.51,7
0.67,-0.49,9
0.67,-0.47,5
0.67,-0.44999999999999996,11
0.67,-0.43,12
0.67,-0.41000000000000003,16
0.67,-0.39,10
0.67,-0.37,12
0.67,-0.35,12
0.67,-0.32999999999999996,12
0.67,-0.30999999999999994,9
0.67,-0.29,8
0.67,-0.27,19
0.67,-0.25,13
0.67,-0.22999999999999998,12
0.67,-0.20999999999999996,20
0.67,-0.18999999999999995,18
0.67,-0.16999999999999998,18
0.67,-0.15000000000000002,18
0.67,-0.13,18
0.67,-0.10999999999999999,18
0.67,-0.08999999999999997,20
0.67,-0.06999999999999995,14
0.67,-0.04999999999999999,14
0.67,-0.030000000000000027,17
0.67,-0.010000000000000009,20
0.67,0.010000000000000009,6
0.67,0.030000000000000027,17
0.67,0.050000000000000044,17
0.67,0.07000000000000006,21
0.67,0.09000000000000008,19
0.67,0.1100000000000001,20
0.67,0.13000000000000012,14
0.67,0.15000000000000002,18
0.67,0.16999999999999993,20
0.67,0.18999999999999995,24
0.67,0.20999999999999996,19
0.67,0.22999999999999998,9
0.67,0.25,20
0.67,0.27,23
0.67,0.29000000000000004,24
0.67,0.31000000000000005,17
0.67,0.33000000000000007,12
0.67,0.3500000000000001,14
0.67,0.3700000000000001,14
0.67,0.3900000000000001,12
0.67,0.41000000000000003,13
0.67,0.42999999999999994,9
0.67,0.44999999999999996,10
0.67,0.47,14
0.67,0.49,11
0.67,0.51,5
0.67,0.53,7
0.67,0.55,7
0.67,0.5700000000000001,6
0.67,0.5900000000000001,9
0.67,0.6100000000000001,6
0.67,0.6300000000000001,11
0.67,0.6500000000000001,7
0.67,0.67,12
0.67,0.69,4
0.67,0.71,9
0.67,0.73,4
0.67,0.75,0
0.67,0.77,0
0.67,0.79,0
0.67,0.81,0
0.67,0.8300000000000001,0
0.67,0.8500000000000001,0
0.67,0.8700000000000001,0
0.67,0.8900000000000001,0
0.67,0.91,0
0.67,0.9299999999999999,0
0.67,0.95,0
0.67,0.97,0
0.67,0.99,0
0.69,-0.99,0
0.69,-0.97,0
0.69,-0.95,0
0.69,-0.9299999999999999,0
0.69,-0.91,0
0.69,-0.89,0
0.69,-0.87,0
0.69,-0.85,0
0.69,-0.8300000000000001,0
0.69,-0.81,0
0.69,-0.79,0
0.69,-0.77,0
0.69,-0.75,0
0.69,-0.73,0
0.69,-0.71,5
0.69,-0.69,4
0.69,-0.6699999999999999,8
0.69,-0.6499999999999999,6
0.69,-0.63,4
0.69,-0.61,5
0.69,-0.5900000000000001,10
0.69,-0.5700000000000001,2
0.69,-0.55,8
0.69,-0.53,8
0.69,-0.51,10
0.69,-0.49,14
0.69,-0.47,10
0.69,-0.44999999999999996,13
0.69,-0.43,7
0.69,-0.41000000000000003,12
0.69,-0.39,12
0.69,-0.37,7
0.69,-0.35,16
0.69,-0.32999999999999996,9
0.69,-0.30999999999999994,15
0.69,-0.29,17
0.69,-0.27,10
0.69,-0.25,15
0.69,-0.22999999999999998,13
0.69,-0.20999999999999996,11
0.69,-0.18999999999999995,17
0.69,-0.16999999999999998,15
0.69,-0.15000000000000002,23
0.69,-0.13,17
0.69,-0.10999999999999999,21
0.69,-0.08999999999999997,10
0.69,-0.06999999999999995,24
0.69,-0.04999999999999999,12
0.69,-0.030000000000000027,18
0.69,-0.010000000000000009,21
0.69,0.010000000000000009,22
0.69,0.030000000000000027,14
0.69,0.050000000000000044,14
0.69,0.07000000000000006,19
0.69,0.09000000000000008,21
0.69,0.1100000000000001,22
0.69,0.13000000000000012,18
0.69,0.15000000000000002,22
0.69,0.16999999999999993,14
0.69,0.18999999999999995,19
0.69,0.20999999999999996,15
0.69,0.22999999999999998,15
0.69,0.25,16
0.69,0.27,15
0.69,0.29000000000000004,11
0.69,0.31000000000000005,9
0.69,0.33000000000000007,14
0.69,0.3500000000000001,12
0.69,0.3700000000000001,12
0.69,0.3900000000000001,10
0.69,0.41000000000000003,8
0.69,0.42999999999999994,10
0.69,0.44999999999999996,11
0.69,0.47,9
0.69,0.49,8
0.69,0.51,12
0.69,0.53,10
0.69,0.55,7
0.69,0.5700000000000001,10
0.69,0.5900000000000001,1
0.69,0.6100000000000001,10
0.69,0.6300000000000001,6
0.69,0.6500000000000001,7
0.69,0.67,3
0.69,0.69,4
0.69,0.71,7
0.69,0.73,1
0.69,0.75,0
0.69,0.77,0
0.69,0.79,0
0.69,0.81,0
0.69,0.8300000000000001,0
0.69,0.8500000000000001,0
0.69,0.8700000000000001,0
0.69,0.8900000000000001,0
0.69,0.91,0
0.69,0.9299999999999999,0
0.69,0.95,0
0.69,0.97,0
0.69,0.99,0
0.71,-0.99,0
0.71,-0.97,0
0.71,-0.95,0
0.71,-0.9299999999999999,0
0.71,-0.91,0
0.71,-0.89,0
0.71,-0.87,0
0.71,-0.85,0
0.71,-0.8300000000000001,0
0.71,-0.81,0
0.71,-0.79,0
0.71,-0.77,0
0.71,-0.75,0
0.71,-0.73,0
0.71,-0.71,1
0.71,-0.69,3
0.71,-0.6699999999999999,10
0.71,-0.6499999999999999,7
0.71,-0.63,5
0.71,-0.61,6
0.71,-0.5900000000000001,9
0.71,-0.5700000000000001,7
0.71,-0.55,9
0.71,-0.53,6
0.71,-0.51,3
0.71,-0.49,3
0.71,-0.47,6
0.71,-0.44999999999999996,9
0.71,-0.43,11
0.71,-0.41000000000000003,9
0.71,-0.39,7
0.71,-0.37,10
0.71,-0.35,9
0.71,-0.32999999999999996,11
0.71,-0.30999999999999994,7
0.71,-0.29,15
0.71,-0.27,12
0.71,-0.25,13
0.71,-0.22999999999999998,11
0.71,-0.20999999999999996,13
0.71,-0.18999999999999995,12
0.71,-0.16999999999999998,15
0.71,-0.15000000000000002,16
0.71,-0.13,16
0.71,-0.10999999999999999,14
0.71,-0.08999999999999997,12
0.71,-0.06999999999999995,5
0.71,-0.04999999999999999,7
0.71,-0.030000000000000027,7
0.71,-0.010000000000000009,22
0.71,0.010000000000000009,10
0.71,0.030000000000000027,19
0.71,0.050000000000000044,18
0.71,0.07000000000000006,24
0.71,0.09000000000000008,16
0.71,0.1100000000000001,13
0.71,0.13000000000000012,14
0.71,0.15000000000000002,17
0.71,0.16999999999999993,17
0.71,0.18999999999999995,11
0.71,0.20999999999999996,9
0.71,0.22999999999999998,16
0.71,0.25,8
0.71,0.27,12
0.71,0.29000000000000004,18
0.71,0.31000000000000005,11
0.71,0.33000000000000007,14
0.71,0.3500000000000001,16
0.71,0.3700000000000001,11
0.71,0.3900000000000001,17
0.71,0.41000000000000003,12
0.71,0.42999999999999994,10
0.71,0.44999999999999996,9
0.71,0.47,10
0.71,0.49,10
0.71,0.51,10
0.71,0.53,5
0.71,0.55,13
0.71,0.5700000000000001,12
0.71,0.5900000000000001,7
0.71,0.6100000000000001,6
0.71,0.6300000000000001,5
0.71,0.6500000000000001,9
0.71,0.67,3
0.71,0.69,5
0.71,0.71,0
0.71,0.73,0
0.71,0.75,0
0.71,0.77,0
0.71,0.79,0
0.71,0.81,0
0.71,0.8300000000000001,0
0.71,0.8500000000000001,0
0.71,0.8700000000000001,0
0.71,0.8900000000000001,0
0.71,0.91,0
0.71,0.9299999999999999,0
0.71,0.95,0
0.71,0.97,0
0.71,0.99,0
0.73,-0.99,0
0.73,-0.97,0
0.73,-0.95,0
0.73,-0.9299999999999999,0
0.73,-0.91,0
0.73,-0.89,0
0.73,-0.87,0
0.73,-0.85,0
0.73,-0.8300000000000001,0
0.73,-0.81,0
0.73,-0.79,0
0.73,-0.77,0
0.73,-0.75,0
0.73,-0.73,0
0.73,-0.71,0
0.73,-0.69,0
0.73,-0.6699999999999999,3
0.73,-0.6499999999999999,5
0.73,-0.63,8
0.73,-0.61,7
0.73,-0.5900000000000001,4
0.73,-0.5700000000000001,5
0.73,-0.55,7
0.73,-0.53,8
0.73,-0.51,8
0.73,-0.49,5
0.73,-0.47,5
0.73,-0.44999999999999996,9
0.73,-0.43,3
0.73,-0.41000000000000003,6
0.73,-0.39,12
0.73,-0.37,6
0.73,-0.35,9
0.73,-0.32999999999999996,15
0.73,-0.30999999999999994,13
0.73,-0.29,11
0.73,-0.27,10
0.73,-0.25,8
0.73,-0.22999999999999998,10
0.73,-0.20999999999999996,13
0.73,-0.18999999999999995,14
0.73,-0.16999999999999998,26
0.73,-0.15000000000000002,7
0.73,-0.13,12
0.73,-0.10999999999999999,8
0.73,-0.08999999999999997,16
0.73,-0.06999999999999995,12
0.73,-0.04999999999999999,13
0.73,-0.030000000000000027,7
0.73,-0.010000000000000009,17
0.73,0.010000000000000009,15
0.73,0.030000000000000027,12
0.73,0.050000000000000044,16
0.73,0.07000000000000006,12
0.73,0.09000000000000008,12
0.73,0.1100000000000001,14
0.73,0.13000000000000012,10
0.73,0.15000000000000002,10
0.73,0.16999999999999993,12
0.73,0.18999999999999995,14
0.73,0.20999999999999996,13
0.73,0.22999999999999998,9
0.73,0.25,15
0.73,0.27,13
0.73,0.29000000000000004,7
0.73,0.31000000000000005,11
0.73,0.33000000000000007,18
0.73,0.3500000000000001,9
0.73,0.3700000000000001,6
0.73,0.3900000000000001,8
0.73,0.41000000000000003,12
0.73,0.42999999999999994,5
0.73,0.44999999999999996,7
0.73,0.47,9
0.73,0.49,9
0.73,0.51,7
0.73,0.53,3
0.73,0.55,6
0.73,0.5700000000000001,5
0.73,0.5900000000000001,5
0.73,0.6100000000000001,9
0.73,0.6300000000000001,3
0.73,0.6500000000000001,6
0.73,0.67,5
0.73,0.69,1
0.73,0.71,0
0.73,0.73,0
0.73,0.75,0
0.73,0.77,0
0.73,0.79,0
0.73,0.81,0
0.73,0.8300000000000001,0
0.73,0.8500000000000001,0
0.73,0.8700000000000001,0
0.73,0.8900000000000001,0
0.73,0.91,0
0.73,0.9299999999999999,0
0.73,0.95,0
0.73,0.97,0
0.73,0.99,0
0.75,-0.99,0
0.75,-0.97,0
0.75,-0.95,0
0.75,-0.9299999999999999,0
0.75,-0.91,0
0.75,-0.89,0
0.75,-0.87,0
0.75,-0.85,0
0.75,-0.8300000000000001,0
0.75,-0.81,0
0.75,-0.79,0
0.75,-0.77,0
0.75,-0.75,0
0.75,-0.73,0
0.75,-0.71,0
0.75,-0.69,0
0.75,-0.6699999999999999,1
0.75,-0.6499999999999999,6
0.75,-0.63,4
0.75,-0.61,4
0.75,-0.5900000000000001,2
0.75,-0.5700000000000001,1
0.75,-0.55,8
0.75,-0.53,6
0.75,-0.51,6
0.75,-0.49,4
0.75,-0.47,8
0.75,-0.44999999999999996,5
0.75,-0.43,4
0.75,-0.41000000000000003,7
0.75,-0.39,10
0.75,-0.37,6
0.75,-0.35,4
0.75,-0.32999999999999996,5
0.75,-0.30999999999999994,9
0.75,-0.29,11
0.75,-0.27,12
0.75,-0.25,8
0.75,-0.22999999999999998,14
0.75,-0.20999999999999996,3
0.75,-0.18999999999999995,9
0.75,-0.16999999999999998,10
0.75,-0.15000000000000002,10
0.75,-0.13,10
0.75,-0.10999999999999999,14
0.75,-0.08999999999999997,14
0.75,-0.06999999999999995,6
0.75,-0.04999999999999999,13
0.75,-0.030000000000000027,10
0.75,-0.010000000000000009,12
0.75,0.010000000000000009,7
0.75,0.030000000000000027,13
0.75,0.050000000000000044,8
0.75,0.07000000000000006,18
0.75,0.09000000000000008,13
0.75,0.1100000000000001,14
0.75,0.13000000000000012,15
0.75,0.15000000000000002,12
0.75,0.16999999999999993,16
0.75,0.18999999999999995,16
0.75,0.20999999999999996,12
0.75,0.22999999999999998,19
0.75,0.25,9
0.75,0.27,6
0.75,0.29000000000000004,10
0.75,0.31000000000000005,15
0.75,0.33000000000000007,10
0.75,0.3500000000000001,11
0.75,0.3700000000000001,8
0.75,0.3900000000000001,7
0.75,0.41000000000000003,9
0.75,0.42999999999999994,6
0.75,0.44999999999999996,13
0.75,0.47,11
0.75,0.49,4
0.75,0.51,7
0.75,0.53,11
0.75,0.55,2
0.75,0.5700000000000001,10
0.75,0.5900000000000001,6
0.75,0.6100000000000001,5
0.75,0.6300000000000001,11
0.75,0.6500000000000001,9
0.75,0.67,0
0.75,0.69,0
0.75,0.71,0
0.75,0.73,0
0.75,0.75,0
0.75,0.77,0
0.75,0.79,0
0.75,0.81,0
0.75,0.8300000000000001,0
0.75,0.8500000000000001,0
0.75,0.8700000000000001,0
0.75,0.8900000000000001,0
0.75,0.91,0
0.75,0.9299999999999999,0
0.75,0.95,0
0.75,0.97,0
0.75,0.99,0
0.77,-0.99,0
0.77,-0.97,0
0.77,-0.95,0
0.77,-0.9299999999999999,0
0.77,-0.91,0
0.77,-0.89,0
0.77,-0.87,0
0.77,-0.85,0
0.77,-0.8300000000000001,0
0.77,-0.81,0
0.77,-0.79,0
0.77,-0.77,0
0.77,-0.75,0
0.77,-0.73,0
0.77,-0.71,0
0.77,-0.69,0
0.77,-0.6699999999999999,0
0.77,-0.6499999999999999,0
0.77,-0.63,5
0.77,-0.61,4
0.77,-0.5900000000000001,3
0.77,-0.5700000000000001,8
0.77,-0.55,5
0.77,-0.53,5
0.77,-0.51,4
0.77,-0.49,7
0.77,-0.47,10
0.77,-0.44999999999999996,9
0.77,-0.43,11
0.77,-0.41000000000000003,5
0.77,-0.39,4
0.77,-0.37,7
0.77,-0.35,5
0.77,-0.32999999999999996,10
0.77,-0.30999999999999994,11
0.77,-0.29,8
0.77,-0.27,11
0.77,-0.25,6
0.77,-0.22999999999999998,10
0.77,-0.20999999999999996,6
0.77,-0.18999999999999995,10
0.77,-0.16999999999999998,9
0.77,-0.15000000000000002,7
0.77,-0.13,15
0.77,-0.10999999999999999,14
0.77,-0.08999999999999997,8
0.77,-0.06999999999999995,13
0.77,-0.04999999999999999,14
0.77,-0.030000000000000027,15
0.77,-0.010000000000000009,13
0.77,0.010000000000000009,5
0.77,0.030000000000000027,16
0.77,0.050000000000000044,7
0.77,0.07000000000000006,12
0.77,0.09000000000000008,10
0.77,0.1100000000000001,9
0.77,0.13000000000000012,6
0.77,0.15000000000000002,10
0.77,0.16999999999999993,10
0.77,0.18999999999999995,5
0.77,0.20999999999999996,9
0.77,0.22999999999999998,10
0.77,0.25,7
0.77,0.27,4
0.77,0.29000000000000004,12
0.77,0.31000000000000005,11
0.77,0.33000000000000007,9
0.77,0.3500000000000001,8
0.77,0.3700000000000001,5
0.77,0.3900000000000001,6
0.77,0.41000000000000003,5
0.77,0.42999999999999994,7
0.77,0.44999999999999996,13
0.77,0.47,6
0.77,0.49,3
0.77,0.51,7
0.77,0.53,3
0.77,0.55,8
0.77,0.5700000000000001,9
0.77,0.5900000000000001,5
0.77,0.6100000000000001,6
0.77,0.6300000000000001,2
0.77,0.6500000000000001,0
0.77,0.67,0
0.77,0.69,0
0.77,0.71,0
0.77,0.73,0
0.77,0.75,0
0.77,0.77,0
0.77,0.79,0
0.77,0.81,0
0.77,0.8300000000000001,0
0.77,0.8500000000000001,0
0.77,0.8700000000000001,0
0.77,0.8900000000000001,0
0.77,0.91,0
0.77,0.9299999999999999,0
0.77,0.95,0
0.77,0.97,0
0.77,0.99,0
0.79,-0.99,0
0.79,-0.97,0
0.79,-0.95,0
0.79,-0.9299999999999999,0
0.79,-0.91,0
0.79,-0.89,0
0.79,-0.87,0
0.79,-0.85,0
0.79,-0.8300000000000001,0
0.79,-0.81,0
0.79,-0.79,0
0.79,-0.77,0
0.79,-0.75,0
0.79,-0.73,0
0.79,-0.71,0
0.79,-0.69,0
0.79,-0.6699999999999999,0
0.79,-0.6499999999999999,0
0.79,-0.63,0
0.79,-0.61,3
0.79,-0.5900000000000001,3
0.79,-0.5700000000000001,4
0.79,-0.55,3
0.79,-0.53,5
0.79,-0.51,7
0.79,-0.49,3
0.79,-0.47,6
0.79,-0.44999999999999996,6
0.79,-0.43,7
0.79,-0.41000000000000003,12
0.79,-0.39,7
0.79,-0.37,6
0.79,-0.35,4
0.79,-0.32999999999999996,6
0.79,-0.30999999999999994,10
0.79,-0.29,10
0.79,-0.27,5
0.79,-0.25,8
0.79,-0.22999999999999998,7
0.79,-0.20999999999999996,4
0.79,-0.18999999999999995,8
0.79,-0.16999999999999998,10
0.79,-0.15000000000000002,8
0.79,-0.13,9
0.79,-0.10999999999999999,10
0.79,-0.08999999999999997,6
0.79,-0.06999999999999995,9
0.79,-0.04999999999999999,11
0.79,-0.030000000000000027,11
0.79,-0.010000000000000009,15
0.79,0.010000000000000009,15
0.79,0.030000000000000027,14
0.79,0.050000000000000044,12
0.79,0.07000000000000006,13
0.79,0.09000000000000008,6
0.79,0.1100000000000001,9
0.79,0.13000000000000012,13
0.79,0.15000000000000002,8
0.79,0.16999999999999993,12
0.79,0.18999999999999995,6
0.79,0.20999999999999996,12
0.79,0.22999999999999998,6
0.79,0.25,8
0.79,0.27,6
0.79,0.29000000000000004,14
0.79,0.31000000000000005,11
0.79,0.33000000000000007,12
0.79,0.3500000000000001,8
0.79,0.3700000000000001,6
0.79,0.3900000000000001,7
0.79,0.41000000000000003,8
0.79,0.42999999999999994,13
0.79,0.44999999999999996,7
0.79,0.47,6
0.79,0.49,6
0.79,0.51,2
0.79,0.53,3
0.79,0.55,5
0.79,0.5700000000000001,8
0.79,0.5900000000000001,2
0.79,0.6100000000000001,3
0.79,0.6300000000000001,0
0.79,0.6500000000000001,0
0.79,0.67,0
0.79,0.69,0
0.79,0.71,0
0.79,0.73,0
0.79,0.75,0
0.79,0.77,0
0.79,0.79,0
0.79,0.81,0
0.79,0.8300000000000001,0
0.79,0.8500000000000001,0
0.79,0.8700000000000001,0
0.79,0.8900000000000001,0
0.79,0.91,0
0.79,0.9299999999999999,0
0.79,0.95,0
0.79,0.97,0
0.79,0.99,0
0.81,-0.99,0
0.81,-0.97,0
0.81,-0.95,0
0.81,-0.9299999999999999,0
0.81,-0.91,0
0.81,-0.89,0
0.81,-0.87,0
0.81,-0.85,0
0.81,-0.8300000000000001,0
0.81,-0.81,0
0.81,-0.79,0
0.81,-0.77,0
0.81,-0.75,0
0.81,-0.73,0
0.81,-0.71,0
0.81,-0.69,0
0.81,-0.6699999999999999,0
0.81,-0.6499999999999999,0
0.81,-0.63,0
0.81,-0.61,0
0.81,-0.5900000000000001,0
0.81,-0.5700000000000001,5
0.81,-0.55,5
0.81,-0.53,1
0.81,-0.51,3
0.81,-0.49,4
0.81,-0.47,6
0.81,-0.44999999999999996,4
0.81,-0.43,7
0.81,-0.41000000000000003,6
0.81,-0.39,4
0.81,-0.37,7
0.81,-0.35,8
0.81,-0.32999999999999996,10
0.81,-0.30999999999999994,8
0.81,-0.29,6
0.81,-0.27,9
0.81,-0.25,11
0.81,-0.22999999999999998,10
0.81,-0.20999999999999996,9
0.81,-0.18999999999999995,13
0.81,-0.16999999999999998,9
0.81,-0.15000000000000002,3
0.81,-0.13,10
0.81,-0.10999999999999999,11
0.81,-0.08999999999999997,10
0.81,-0.06999999999999995,9
0.81,-0.04999999999999999,7
0.81,-0.030000000000000027,8
0.81,-0.010000000000000009,10
0.81,0.010000000000000009,10
0.81,0.030000000000000027,12
0.81,0.050000000000000044,9
0.81,0.07000000000000006,11
0.81,0.09000000000000008,15
0.81,0.1100000000000001,6
0.81,0.13000000000000012,3
0.81,0.15000000000000002,11
0.81,0.16999999999999993,7
0.81,0.18999999999999995,8
0.81,0.20999999999999996,9
0.81,0.22999999999999998,13
0.81,0.25,9
0.81,0.27,6
0.81,0.29000000000000004,14
0.81,0.31000000000000005,6
0.81,0.33000000000000007,3
0.81,0.3500000000000001,14
0.81,0.3700000000000001,10
0.81,0.3900000000000001,2
0.81,0.41000000000000003,9
0.81,0.42999999999999994,6
0.81,0.44999999999999996,8
0.81,0.47,7
0.81,0.49,7
0.81,0.51,5
0.81,0.53,5
0.81,0.55,6
0.81,0.5700000000000001,5
0.81,0.5900000000000001,4
0.81,0.6100000000000001,0
0.81,0.6300000000000001,0
0.81,0.6500000000000001,0
0.81,0.67,0
0.81,0.69,0
0.81,0.71,0
0.81,0.73,0
0.81,0.75,0
0.81,0.77,0
0.81,0.79,0
0.81,0.81,0
0.81,0.8300000000000001,0
0.81,0.8500000000000001,0
0.81,0.8700000000000001,0
0.81,0.8900000000000001,0
0.81,0.91,0
0.81,0.9299999999999999,0
0.81,0.95,0
0.81,0.97,0
0.81,0.99,0
0.8300000000000001,-0.99,0
0.8300000000000001,-0.97,0
0.8300000000000001,-0.95,0
0.8300000000000001,-0.9299999999999999,0
0.8300000000000001,-0.91,0
0.8300000000000001,-0.89,0
0.8300000000000001,-0.87,0
0.8300000000000001,-0.85,0
0.8300000000000001,-0.8300000000000001,0
0.8300000000000001,-0.81,0
0.8300000000000001,-0.79,0
0.8300000000000001,-0.77,0
0.8300000000000001,-0.75,0
0.8300000000000001,-0.73,0
0.8300000000000001,-0.71,0
0.8300000000000001,-0.69,0
0.8300000000000001,-0.6699999999999999,0
0.8300000000000001,-0.6499999999999999,0
0.8300000000000001,-0.63,0
0.8300000000000001,-0.61,0
0.8300000000000001,-0.5900000000000001,0
0.8300000000000001,-0.5700000000000001,0
0.8300000000000001,-0.55,4
0.8300000000000001,-0.53,3
0.8300000000000001,-0.51,4
0.8300000000000001,-0.49,8
0.8300000000000001,-0.47,9
0.8300000000000001,-0.44999999999999996,5
0.8300000000000001,-0.43,3
0.8300000000000001,-0.41000000000000003,7
0.8300000000000001,-0.39,6
0.8300000000000001,-0.37,9
0.8300000000000001,-0.35,8
0.8300000000000001,-0.32999999999999996,4
0.8300000000000001,-0.30999999999999994,7
0.8300000000000001,-0.29,9
0.8300000000000001,-0.27,8
0.8300000000000001,-0.25,8
0.8300000000000001,-0.22999999999999998,7
0.8300000000000001,-0.20999999999999996,11
0.8300000000000001,-0.18999999999999995,6
0.8300000000000001,-0.16999999999999998,10
0.8300000000000001,-0.15000000000000002,9
0.8300000000000001,-0.13,8
0.8300000000000001,-0.10999999999999999,10
0.8300000000000001,-0.08999999999999997,11
0.8300000000000001,-0.06999999999999995,9
0.8300000000000001,-0.04999999999999999,10
0.8300000000000001,-0.030000000000000027,8
0.8300000000000001,-0.010000000000000009,14
0.8300000000000001,0.010000000000000009,10
0.8300000000000001,0.030000000000000027,9
0.8300000000000001,0.050000000000000044,6
0.8300000000000001,0.07000000000000006,13
0.8300000000000001,0.09000000000000008,10
0.8300000000000001,0.1100000000000001,6
0.8300000000000001,0.13000000000000012,8
0.8300000000000001,0.15000000000000002,6
0.8300000000000001,0.16999999999999993,9
0.8300000000000001,0.18999999999999995,11
0.8300000000000001,0.20999999999999996,8
0.8300000000000001,0.22999999999999998,10
0.8300000000000001,0.25,6
0.8300000000000001,0.27,8
0.8300000000000001,0.29000000000000004,4
0.8300000000000001,0.31000000000000005,6
0.8300000000000001,0.33000000000000007,4
0.8300000000000001,0.3500000000000001,7
0.8300000000000001,0.3700000000000001,7
0.8300000000000001,0.3900000000000001,4
0.8300000000000001,0.41000000000000003,7
0.8300000000000001,0.42999999999999994,7
0.8300000000000001,0.44999999999999996,6
0.8300000000000001,0.47,7
0.8300000000000001,0.49,5
0.8300000000000001,0.51,7
0.8300000000000001,0.53,4
0.8300000000000001,0.55,3
0.8300000000000001,0.5700000000000001,0
0.8300000000000001,0.5900000000000001,0
0.8300000000000001,0.6100000000000001,0
0.8300000000000001,0.6300000000000001,0
0.8300000000000001,0.6500000000000001,0
0.8300000000000001,0.67,0
0.8300000000000001,0.69,0
0.8300000000000001,0.71,0
0.8300000000000001,0.73,0
0.8300000000000001,0.75,0
0.8300000000000001,0.77,0
0.8300000000000001,0.79,0
0.8300000000000001,0.81,0
0.8300000000000001,0.8300000000000001,0
0.8300000000000001,0.8500000000000001,0
0.8300000000000001,0.8700000000000001,0
0.8300000000000001,0.8900000000000001,0
0.8300000000000001,0.91,0
0.8300000000000001,0.9299999999999999,0
0.8300000000000001,0.95,0
0.8300000000000001,0.97,0
0.8300000000000001,0.99,0
0.8500000000000001,-0.99,0
0.8500000000000001,-0.97,0
0.8500000000000001,-0.95,0
0.8500000000000001,-0.9299999999999999,0
0.8500000000000001,-0.91,0
0.8500000000000001,-0.89,0
0.8500000000000001,-0.87,0
0.8500000000000001,-0.85,0
0.8500000000000001,-0.8300000000000001,0
0.8500000000000001,-0.81,0
0.8500000000000001,-0.79,0
0.8500000000000001,-0.77,0
0.8500000000000001,-0.75,0
0.8500000000000001,-0.73,0
0.8500000000000001,-0.71,0
0.8500000000000001,-0.69,0
0.8500000000000001,-0.6699999999999999,0
0.8500000000000001,-0.6499999999999999,0
0.8500000000000001,-0.63,0
0.8500000000000001,-0.61,0
0.8500000000000001,-0.5900000000000001,0
0.8500000000000001,-0.5700000000000001,0
0.8500000000000001,-0.55,0
0.8500000000000001,-0.53,1
0.8500000000000001,-0.51,2
0.8500000000000001,-0.49,6
0.8500000000000001,-0.47,4
0.8500000000000001,-0.44999999999999996,6
0.8500000000000001,-0.43,3
0.8500000000000001,-0.41000000000000003,5
0.8500000000000001,-0.39,6
0.8500000000000001,-0.37,2
0.8500000000000001,-0.35,9
0.8500000000000001,-0.32999999999999996,10
0.8500000000000001,-0.30999999999999994,8
0.8500000000000001,-0.29,7
0.8500000000000001,-0.27,6
0.8500000000000001,-0.25,5
0.8500000000000001,-0.22999999999999998,6
0.8500000000000001,-0.20999999999999996,7
0.8500000000000001,-0.18999999999999995,12
0.8500000000000001,-0.16999999999999998,8
0.8500000000000001,-0.15000000000000002,5
0.8500000000000001,-0.13,7
0.8500000000000001,-0.10999999999999999,7
0.8500000000000001,-0.08999999999999997,8
0.8500000000000001,-0.06999999999999995,11
0.8500000000000001,-0.04999999999999999,10
0.8500000000000001,-0.030000000000000027,9
0.8500000000000001,-0.010000000000000009,7
0.8500000000000001,0.010000000000000009,8
0.8500000000000001,0.030000000000000027,8
0.8500000000000001,0.050000000000000044,11
0.8500000000000001,0.07000000000000006,7
0.8500000000000001,0.09000000000000008,7
0.8500000000000001,0.1100000000000001,8
0.8500000000000001,0.13000000000000012,8
0.8500000000000001,0.15000000000000002,5
0.8500000000000001,0.16999999999999993,9
0.8500000000000001,0.18999999999999995,9
0.8500000000000001,0.20999999999999996,11
0.8500000000000001,0.22999999999999998,8
0.8500000000000001,0.25,7
0.8500000000000001,0.27,3
0.8500000000000001,0.29000000000000004,4
0.8500000000000001,0.31000000000000005,4
0.8500000000000001,0.33000000000000007,9
0.8500000000000001,0.3500000000000001,6
0.8500000000000001,0.3700000000000001,5
0.8500000000000001,0.3900000000000001,8
0.8500000000000001,0.41000000000000003,6
0.8500000000000001,0.42999999999999994,5
0.8500000000000001,0.44999999999999996,4
0.8500000000000001,0.47,3
0.8500000000000001,0.49,3
0.8500000000000001,0.51,3
0.8500000000000001,0.53,4
0.8500000000000001,0.55,0
0.8500000000000001,0.5700000000000001,0
0.8500000000000001,0.5900000000000001,0
0.8500000000000001,0.6100000000000001,0
0.8500000000000001,0.6300000000000001,0
0.8500000000000001,0.6500000000000001,0
0.8500000000000001,0.67,0
0.8500000000000001,0.69,0
0.8500000000000001,0.71,0
0.8500000000000001,0.73,0
0.8500000000000001,0.75,0
0.8500000000000001,0.77,0
0.8500000000000001,0.79,0
0.8500000000000001,0.81,0
0.8500000000000001,0.8300000000000001,0
0.8500000000000001,0.8500000000000001,0
0.8500000000000001,0.8700000000000001,0
0.8500000000000001,0.8900000000000001,0
0.8500000000000001,0.91,0
0.8500000000000001,0.9299999999999999,0
0.8500000000000001,0.95,0
0.8500000000000001,0.97,0
0.8500000000000001,0.99,0
0.8700000000000001,-0.99,0
0.8700000000000001,-0.97,0
0.8700000000000001,-0.95,0
0.8700000000000001,-0.9299999999999999,0
0.8700000000000001,-0.91,0
0.8700000000000001,-0.89,0
0.8700000000000001,-0.87,0
0.8700000000000001,-0.85,0
0.8700000000000001,-0.8300000000000001,0
0.8700000000000001,-0.81,0
0.8700000000000001,-0.79,0
0.8700000000000001,-0.77,0
0.8700000000000001,-0.75,0
0.8700000000000001,-0.73,0
0.8700000000000001,-0.71,0
0.8700000000000001,-0.69,0
0.8700000000000001,-0.6699999999999999,0
0.8700000000000001,-0.6499999999999999,0
0.8700000000000001,-0.63,0
0.8700000000000001,-0.61,0
0.8700000000000001,-0.5900000000000001,0
0.8700000000000001,-0.5700000000000001,0
0.8700000000000001,-0.55,0
0.8700000000000001,-0.53,0
0.8700000000000001,-0.51,0
0.8700000000000001,-0.49,5
0.8700000000000001,-0.47,6
0.8700000000000001,-0.44999999999999996,7
0.8700000000000001,-0.43,2
0.8700000000000001,-0.41000000000000003,4
0.8700000000000001,-0.39,5
0.8700000000000001,-0.37,3
0.8700000000000001,-0.35,5
0.8700000000000001,-0.32999999999999996,3
0.8700000000000001,-0.30999999999999994,1
0.8700000000000001,-0.29,7
0.8700000000000001,-0.27,2
0.8700000000000001,-0.25,3
0.8700000000000001,-0.22999999999999998,7
0.8700000000000001,-0.20999999999999996,5
0.8700000000000001,-0.18999999999999995,7
0.8700000000000001,-0.16999999999999998,4
0.8700000000000001,-0.15000000000000002,9
0.8700000000000001,-0.13,9
0.8700000000000001,-0.10999999999999999,6
0.8700000000000001,-0.08999999999999997,12
0.8700000000000001,-0.06999999999999995,9
0.8700000000000001,-0.04999999999999999,7
0.8700000000000001,-0.030000000000000027,10
0.8700000000000001,-0.010000000000000009,5
0.8700000000000001,0.010000000000000009,8
0.8700000000000001,0.030000000000000027,9
0.8700000000000001,0.050000000000000044,9
0.8700000000000001,0.07000000000000006,4
0.8700000000000001,0.09000000000000008,8
0.8700000000000001,0.1100000000000001,5
0.8700000000000001,0.13000000000000012,7
0.8700000000000001,0.15000000000000002,5
0.8700000000000001,0.16999999999999993,10
0.8700000000000001,0.18999999999999995,4
0.8700000000000001,0.20999999999999996,5
0.8700000000000001,0.22999999999999998,4
0.8700000000000001,0.25,7
0.8700000000000001,0.27,6
0.8700000000000001,0.29000000000000004,6
0.8700000000000001,0.31000000000000005,3
0.8700000000000001,0.33000000000000007,5
0.8700000000000001,0.3500000000000001,7
0.8700000000000001,0.3700000000000001,5
0.8700000000000001,0.3900000000000001,6
0.8700000000000001,0.41000000000000003,6
0.8700000000000001,0.42999999999999994,3
0.8700000000000001,0.44999999999999996,3
0.8700000000000001,0.47,6
0.8700000000000001,0.49,3
0.8700000000000001,0.51,1
0.8700000000000001,0.53,0
0.8700000000000001,0.55,0
0.8700000000000001,0.5700000000000001,0
0.8700000000000001,0.5900000000000001,0
0.8700000000000001,0.6100000000000001,0
0.8700000000000001,0.6300000000000001,0
0.8700000000000001,0.6500000000000001,0
0.8700000000000001,0.67,0
0.8700000000000001,0.69,0
0.8700000000000001,0.71,0
0.8700000000000001,0.73,0
0.8700000000000001,0.75,0
0.8700000000000001,0.77,0
0.8700000000000001,0.79,0
0.8700000000000001,0.81,0
0.8700000000000001,0.8300000000000001,0
0.8700000000000001,0.8500000000000001,0
0.8700000000000001,0.8700000000000001,0
0.8700000000000001,0.8900000000000001,0
0.8700000000000001,0.91,0
0.8700000000000001,0.9299999999999999,0
0.8700000000000001,0.95,0
0.8700000000000001,0.97,0
0.8700000000000001,0.99,0
0.8900000000000001,-0.99,0
0.8900000000000001,-0.97,0
0.8900000000000001,-0.95,0
0.8900000000000001,-0.9299999999999999,0
0.8900000000000001,-0.91,0
0.8900000000000001,-0.89,0
0.8900000000000001,-0.87,0
0.8900000000000001,-0.85,0
0.8900000000000001,-0.8300000000000001,0
0.8900000000000001,-0.81,0
0.8900000000000001,-0.79,0
0.8900000000000001,-0.77,0
0.8900000000000001,-0.75,0
0.8900000000000001,-0.73,0
0.8900000000000001,-0.71,0
0.8900000000000001,-0.69,0
0.8900000000000001,-0.6699999999999999,0
0.8900000000000001,-0.6499999999999999,0
0.8900000000000001,-0.63,0
0.8900000000000001,-0.61,0
0.8900000000000001,-0.5900000000000001,0
0.8900000000000001,-0.5700000000000001,0
0.8900000000000001,-0.55,0
0.8900000000000001,-0.53,0
0.8900000000000001,-0.51,0
0.8900000000000001,-0.49,0
0.8900000000000001,-0.47,2
0.8900000000000001,-0.44999999999999996,3
0.8900000000000001,-0.43,4
0.8900000000000001,-0.41000000000000003,3
0.8900000000000001,-0.39,5
0.8900000000000001,-0.37,4
0.8900000000000001,-0.35,7
0.8900000000000001,-0.32999999999999996,4
0.8900000000000001,-0.30999999999999994,2
0.8900000000000001,-0.29,9
0.8900000000000001,-0.27,4
0.8900000000000001,-0.25,5
0.8900000000000001,-0.22999999999999998,6
0.8900000000000001,-0.20999999999999996,6
0.8900000000000001,-0.18999999999999995,5
0.8900000000000001,-0.16999999999999998,3
0.8900000000000001,-0.15000000000000002,4
0.8900000000000001,-0.13,4
0.8900000000000001,-0.10999999999999999,4
0.8900000000000001,-0.08999999999999997,4
0.8900000000000001,-0.06999999999999995,7
0.8900000000000001,-0.04999999999999999,7
0.8900000000000001,-0.030000000000000027,6
0.8900000000000001,-0.010000000000000009,5
0.8900000000000001,0.010000000000000009,6
0.8900000000000001,0.030000000000000027,7
0.8900000000000001,0.050000000000000044,6
0.8900000000000001,0.07000000000000006,9
0.8900000000000001,0.09000000000000008,12
0.8900000000000001,0.1100000000000001,7
0.8900000000000001,0.13000000000000012,9
0.8900000000000001,0.15000000000000002,7
0.8900000000000001,0.16999999999999993,7
0.8900000000000001,0.18999999999999995,7
0.8900000000000001,0.20999999999999996,4
0.8900000000000001,0.22999999999999998,7
0.8900000000000001,0.25,4
0.8900000000000001,0.27,5
0.8900000000000001,0.29000000000000004,6
0.8900000000000001,0.31000000000000005,5
0.8900000000000001,0.33000000000000007,4
0.8900000000000001,0.3500000000000001,5
0.8900000000000001,0.3700000000000001,2
0.8900000000000001,0.3900000000000001,6
0.8900000000000001,0.41000000000000003,7
0.8900000000000001,0.42999999999999994,6
0.8900000000000001,0.44999999999999996,8
0.8900000000000001,0.47,0
0.8900000000000001,0.49,0
0.8900000000000001,0.51,0
0.8900000000000001,0.53,0
0.8900000000000001,0.55,0
0.8900000000000001,0.5700000000000001,0
0.8900000000000001,0.5900000000000001,0
0.8900000000000001,0.6100000000000001,0
0.8900000000000001,0.6300000000000001,0
0.8900000000000001,0.6500000000000001,0
0.8900000000000001,0.67,0
0.8900000000000001,0.69,0
0.8900000000000001,0.71,0
0.8900000000000001,0.73,0
0.8900000000000001,0.75,0
0.8900000000000001,0.77,0
0.8900000000000001,0.79,0
0.8900000000000001,0.81,0
0.8900000000000001,0.8300000000000001,0
0.8900000000000001,0.8500000000000001,0
0.8900000000000001,0.8700000000000001,0
0.8900000000000001,0.8900000000000001,0
0.8900000000000001,0.91,0
0.8900000000000001,0.9299999999999999,0
0.8900000000000001,0.95,0
0.8900000000000001,0.97,0
0.8900000000000001,0.99,0
0.91,-0.99,0
0.91,-0.97,0
0.91,-0.95,0
0.91,-0.9299999999999999,0
0.91,-0.91,0
0.91,-0.89,0
0.91,-0.87,0
0.91,-0.85,0
0.91,-0.8300000000000001,0
0.91,-0.81,0
0.91,-0.79,0
0.91,-0.77,0
0.91,-0.75,0
0.91,-0.73,0
0.91,-0.71,0
0.91,-0.69,0
0.91,-0.6699999999999999,0
0.91,-0.6499999999999999,0
0.91,-0.63,0
0.91,-0.61,0
0.91,-0.5900000000000001,0
0.91,-0.5700000000000001,0
0.91,-0.55,0
0.91,-0.53,0
0.91,-0.51,0
0.91,-0.49,0
0.91,-0.47,0
0.91,-0.44999999999999996,0
0.91,-0.43,0
0.91,-0.41000000000000003,3
0.91,-0.39,9
0.91,-0.37,2
0.91,-0.35,4
0.91,-0.32999999999999996,5
0.91,-0.30999999999999994,4
0.91,-0.29,0
0.91,-0.27,11
0.91,-0.25,4
0.91,-0.22999999999999998,5
0.91,-0.20999999999999996,6
0.91,-0.18999999999999995,10
0.91,-0.16999999999999998,1
0.91,-0.15000000000000002,3
0.91,-0.13,4
0.91,-0.10999999999999999,5
0.91,-0.08999999999999997,9
0.91,-0.06999999999999995,6
0.91,-0.04999999999999999,2
0.91,-0.030000000000000027,7
0.91,-0.010000000000000009,11
0.91,0.010000000000000009,8
0.91,0.030000000000000027,8
0.91,0.050000000000000044,10
0.91,0.07000000000000006,8
0.91,0.09000000000000008,6
0.91,0.1100000000000001,6
0.91,0.13000000000000012,10
0.91,0.15000000000000002,12
0.91,0.16999999999999993,10
0.91,0.18999999999999995,10
0.91,0.20999999999999996,7
0.91,0.22999999999999998,8
0.91,0.25,2
0.91,0.27,4
0.91,0.29000000000000004,5
0.91,0.31000000000000005,9
0.91,0.33000000000000007,10
0.91,0.3500000000000001,5
0.91,0.3700000000000001,3
0.91,0.3900000000000001,3
0.91,0.41000000000000003,6
0.91,0.42999999999999994,0
0.91,0.44999999999999996,0
0.91,0.47,0
0.91,0.49,0
0.91,0.51,0
0.91,0.53,0
0.91,0.55,0
0.91,0.5700000000000001,0
0.91,0.5900000000000001,0
0.91,0.6100000000000001,0
0.91,0.6300000000000001,0
0.91,0.6500000000000001,0
0.91,0.67,0
0.91,0.69,0
0.91,0.71,0
0.91,0.73,0
0.91,0.75,0
0.91,0.77,0
0.91,0.79,0
0.91,0.81,0
0.91,0.8300000000000001,0
0.91,0.8500000000000001,0
0.91,0.8700000000000001,0
0.91,0.8900000000000001,0
0.91,0.91,0
0.91,0.9299999999999999,0
0.91,0.95,0
0.91,0.97,0
0.91,0.99,0
0.9299999999999999,-0.99,0
0.9299999999999999,-0.97,0
0.9299999999999999,-0.95,0
0.9299999999999999,-0.9299999999999999,0
0.9299999999999999,-0.91,0
0.9299999999999999,-0.89,0
0.9299999999999999,-0.87,0
0.9299999999999999,-0.85,0
0.9299999999999999,-0.8300000000000001,0
0.9299999999999999,-0.81,0
0.9299999999999999,-0.79,0
0.9299999999999999,-0.77,0
0.9299999999999999,-0.75,0
0.9299999999999999,-0.73,0
0.9299999999999999,-0.71,0
0.9299999999999999,-0.69,0
0.9299999999999999,-0.6699999999999999,0
0.9299999999999999,-0.6499999999999999,0
0.9299999999999999,-0.63,0
0.9299999999999999,-0.61,0
0.9299999999999999,-0.5900000000000001,0
0.9299999999999999,-0.5700000000000001,0
0.9299999999999999,-0.55,0
0.9299999999999999,-0.53,0
0.9299999999999999,-0.51,0
0.9299999999999999,-0.49,0
0.9299999999999999,-0.47,0
0.9299999999999999,-0.44999999999999996,0
0.9299999999999999,-0.43,0
0.9299999999999999,-0.41000000000000003,0
0.9299999999999999,-0.39,0
0.9299999999999999,-0.37,4
0.9299999999999999,-0.35,3
0.9299999999999999,-0.32999999999999996,4
0.9299999999999999,-0.30999999999999994,6
0.9299999999999999,-0.29,3
0.9299999999999999,-0.27,6
0.9299999999999999,-0.25,4
0.9299999999999999,-0.22999999999999998,8
0.9299999999999999,-0.20999999999999996,5
0.9299999999999999,-0.18999999999999995,3
0.9299999999999999,-0.16999999999999998,6
0.9299999999999999,-0.15000000000000002,0
0.9299999999999999,-0.13,9
0.9299999999999999,-0.10999999999999999,7
0.9299999999999999,-0.08999999999999997,6
0.9299999999999999,-0.06999999999999995,11
0.9299999999999999,-0.04999999999999999,4
0.9299999999999999,-0.030000000000000027,5
0.9299999999999999,-0.010000000000000009,7
0.9299999999999999,0.010000000000000009,5
0.9299999999999999,0.030000000000000027,4
0.9299999999999999,0.050000000000000044,6
0.9299999999999999,0.07000000000000006,5
0.9299999999999999,0.09000000000000008,7
0.9299999999999999,0.1100000000000001,7
0.9299999999999999,0.13000000000000012,4
0.9299999999999999,0.15000000000000002,15
0.9299999999999999,0.16999999999999993,9
0.9299999999999999,0.18999999999999995,11
0.9299999999999999,0.20999999999999996,3
0.9299999999999999,0.22999999999999998,4
0.9299999999999999,0.25,7
0.9299999999999999,0.27,9
0.9299999999999999,0.29000000000000004,6
0.9299999999999999,0.31000000000000005,4
0.9299999999999999,0.33000000000000007,6
0.9299999999999999,0.3500000000000001,5
0.9299999999999999,0.3700000000000001,1
0.9299999999999999,0.3900000000000001,1
0.9299999999999999,0.41000000000000003,0
0.9299999999999999,0.42999999999999994,0
0.9299999999999999,0.44999999999999996,0
0.9299999999999999,0.47,0
0.9299999999999999,0.49,0
0.9299999999999999,0.51,0
0.9299999999999999,0.53,0
0.9299999999999999,0.55,0
0.9299999999999999,0.5700000000000001,0
0.9299999999999999,0.5900000000000001,0
0.9299999999999999,0.6100000000000001,0
0.9299999999999999,0.6300000000000001,0
0.9299999999999999,0.6500000000000001,0
0.9299999999999999,0.67,0
0.9299999999999999,0.69,0
0.9299999999999999,0.71,0
0.9299999999999999,0.73,0
0.9299999999999999,0.75,0
0.9299999999999999,0.77,0
0.9299999999999999,0.79,0
0.9299999999999999,0.81,0
0.9299999999999999,0.8300000000000001,0
0.9299999999999999,0.8500000000000001,0
0.9299999999999999,0.8700000000000001,0
0.9299999999999999,0.8900000000000001,0
0.9299999999999999,0.91,0
0.9299999999999999,0.9299999999999999,0
0.9299999999999999,0.95,0
0.9299999999999999,0.97,0
0.9299999999999999,0.99,0
0.95,-0.99,0
0.95,-0.97,0
0.95,-0.95,0
0.95,-0.9299999999999999,0
0.95,-0.91,0
0.95,-0.89,0
0.95,-0.87,0
0.95,-0.85,0
0.95,-0.8300000000000001,0
0.95,-0.81,0
0.95,-0.79,0
0.95,-0.77,0
0.95,-0.75,0
0.95,-0.73,0
0.95,-0.71,0
0.95,-0.69,0
0.95,-0.6699999999999999,0
0.95,-0.6499999999999999,0
0.95,-0.63,0
0.95,-0.61,0
0.95,-0.5900000000000001,0
0.95,-0.5700000000000001,0
0.95,-0.55,0
0.95,-0.53,0
0.95,-0.51,0
0.95,-0.49,0
0.95,-0.47,0
0.95,-0.44999999999999996,0
0.95,-0.43,0
0.95,-0.41000000000000003,0
0.95,-0.39,0
0.95,-0.37,0
0.95,-0.35,0
0.95,-0.32999999999999996,1
0.95,-0.30999999999999994,2
0.95,-0.29,5
0.95,-0.27,5
0.95,-0.25,6
0.95,-0.22999999999999998,6
0.95,-0.20999999999999996,3
0.95,-0.18999999999999995,3
0.95,-0.16999999999999998,1
0.95,-0.15000000000000002,11
0.95,-0.13,5
0.95,-0.10999999999999999,4
0.95,-0.08999999999999997,4
0.95,-0.06999999999999995,2
0.95,-0.04999999999999999,4
0.95,-0.030000000000000027,3
0.95,-0.010000000000000009,4
0.95,0.010000000000000009,3
0.95,0.030000000000000027,2
0.95,0.050000000000000044,5
0.95,0.07000000000000006,4
0.95,0.09000000000000008,5
0.95,0.1100000000000001,8
0.95,0.13000000000000012,5
0.95,0.15000000000000002,4
0.95,0.16999999999999993,5
0.95,0.18999999999999995,5
0.95,0.20999999999999996,7
0.95,0.22999999999999998,8
0.95,0.25,7
0.95,0.27,7
0.95,0.29000000000000004,4
0.95,0.31000000000000005,1
0.95,0.33000000000000007,3
0.95,0.3500000000000001,0
0.95,0.3700000000000001,0
0.95,0.3900000000000001,0
0.95,0.41000000000000003,0
0.95,0.42999999999999994,0
0.95,0.44999999999999996,0
0.95,0.47,0
0.95,0.49,0
0.95,0.51,0
0.95,0.53,0
0.95,0.55,0
0.95,0.5700000000000001,0
0.95,0.5900000000000001,0
0.95,0.6100000000000001,0
0.95,0.6300000000000001,0
0.95,0.6500000000000001,0
0.95,0.67,0
0.95,0.69,0
0.95,0.71,0
0.95,0.73,0
0.95,0.75,0
0.95,0.77,0
0.95,0.79,0
0.95,0.81,0
0.95,0.8300000000000001,0
0.95,0.8500000000000001,0
0.95,0.8700000000000001,0
0.95,0.8900000000000001,0
0.95,0.91,0
0.95,0.9299999999999999,0
0.95,0.95,0
0.95,0.97,0
0.95,0.99,0
0.97,-0.99,0
0.97,-0.97,0
0.97,-0.95,0
0.97,-0.9299999999999999,0
0.97,-0.91,0
0.97,-0.89,0
0.97,-0.87,0
0.97,-0.85,0
0.97,-0.8300000000000001,0
0.97,-0.81,0
0.97,-0.79,0
0.97,-0.77,0
0.97,-0.75,0
0.97,-0.73,0
0.97,-0.71,0
0.97,-0.69,0
0.97,-0.6699999999999999,0
0.97,-0.6499999999999999,0
0.97,-0.63,0
0.97,-0.61,0
0.97,-0.5900000000000001,0
0.97,-0.5700000000000001,0
0.97,-0.55,0
0.97,-0.53,0
0.97,-0.51,0
0.97,-0.49,0
0.97,-0.47,0
0.97,-0.44999999999999996,0
0.97,-0.43,0
0.97,-0.41000000000000003,0
0.97,-0.39,0
0.97,-0.37,0
0.97,-0.35,0
0.97,-0.32999999999999996,0
0.97,-0.30999999999999994,0
0.97,-0.29,0
0.97,-0.27,1
0.97,-0.25,2
0.97,-0.22999999999999998,4
0.97,-0.20999999999999996,2
0.97,-0.18999999999999995,5
0.97,-0.16999999999999998,6
0.97,-0.15000000000000002,4
0.97,-0.13,5
0.97,-0.10999999999999999,3
0.97,-0.08999999999999997,5
0.97,-0.06999999999999995,6
0.97,-0.04999999999999999,7
0.97,-0.030000000000000027,6
0.97,-0.010000000000000009,6
0.97,0.010000000000000009,8
0.97,0.030000000000000027,3
0.97,0.050000000000000044,4
0.97,0.07000000000000006,6
0.97,0.09000000000000008,8
0.97,0.1100000000000001,2
0.97,0.13000000000000012,5
0.97,0.15000000000000002,3
0.97,0.16999999999999993,4
0.97,0.18999999999999995,5
0.97,0.20999999999999996,4
0.97,0.22999999999999998,4
0.97,0.25,2
0.97,0.27,2
0.97,0.29000000000000004,0
0.97,0.31000000000000005,0
0.97,0.33000000000000007,0
0.97,0.3500000000000001,0
0.97,0.3700000000000001,0
0.97,0.3900000000000001,0
0.97,0.41000000000000003,0
0.97,0.42999999999999994,0
0.97,0.44999999999999996,0
0.97,0.47,0
0.97,0.49,0
0.97,0.51,0
0.97,0.53,0
0.97,0.55,0
0.97,0.5700000000000001,0
0.97,0.5900000000000001,0
0.97,0.6100000000000001,0
0.97,0.6300000000000001,0
0.97,0.6500000000000001,0
0.97,0.67,0
0.97,0.69,0
0.97,0.71,0
0.97,0.73,0
0.97,0.75,0
0.97,0.77,0
0.97,0.79,0
0.97,0.81,0
0.97,0.8300000000000001,0
0.97,0.8500000000000001,0
0.97,0.8700000000000001,0
0.97,0.8900000000000001,0
0.97,0.91,0
0.97,0.9299999999999999,0
0.97,0.95,0
0.97,0.97,0
0.97,0.99,0
0.99,-0.99,0
0.99,-0.97,0
0.99,-0.95,0
0.99,-0.9299999999999999,0
0.99,-0.91,0
0.99,-0.89,0
0.99,-0.87,0
0.99,-0.85,0
0.99,-0.8300000000000001,0
0.99,-0.81,0
0.99,-0.79,0
0.99,-0.77,0
0.99,-0.75,0
0.99,-0.73,0
0.99,-0.71,0
0.99,-0.69,0
0.99,-0.6699999999999999,0
0.99,-0.6499999999999999,0
0.99,-0.63,0
0.99,-0.61,0
0.99,-0.5900000000000001,0
0.99,-0.5700000000000001,0
0.99,-0.55,0
0.99,-0.53,0
0.99,-0.51,0
0.99,-0.49,0
0.99,-0.47,0
0.99,-0.44999999999999996,0
0.99,-0.43,0
0.99,-0.41000000000000003,0
0.99,-0.39,0
0.99,-0.37,0
0.99,-0.35,0
0.99,-0.32999999999999996,0
0.99,-0.30999999999999994,0
0.99,-0.29,0
0.99,-0.27,0
0.99,-0.25,0
0.99,-0.22999999999999998,0
0.99,-0.20999999999999996,0
0.99,-0.18999999999999995,0
0.99,-0.16999999999999998,3
0.99,-0.15000000000000002,2
0.99,-0.13,1
0.99,-0.10999999999999999,1
0.99,-0.08999999999999997,1
0.99,-0.06999999999999995,3
0.99,-0.04999999999999999,7
0.99,-0.030000000000000027,6
0.99,-0.010000000000000009,4
0.99,0.010000000000000009,4
0.99,0.030000000000000027,2
0.99,0.050000000000000044,2
0.99,0.07000000000000006,4
0.99,0.09000000000000008,2
0.99,0.1100000000000001,4
0.99,0.13000000000000012,5
0.99,0.15000000000000002,3
0.99,0.16999999999999993,3
0.99,0.18999999999999995,0
0.99,0.20999999999999996,0
0.99,0.22999999999999998,0
0.99,0.25,0
0.99,0.27,0
0.99,0.29000000000000004,0
0.99,0.31000000000000005,0
0.99,0.33000000000000007,0
0.99,0.3500000000000001,0
0.99,0.3700000000000001,0
0.99,0.3900000000000001,0
0.99,0.41000000000000003,0
0.99,0.42999999999999994,0
0.99,0.44999999999999996,0
0.99,0.47,0
0.99,0.49,0
0.99,0.51,0
0.99,0.53,0
0.99,0.55,0
0.99,0.5700000000000001,0
0.99,0.5900000000000001,0
0.99,0.6100000000000001,0
0.99,0.6300000000000001,0
0.99,0.6500000000000001,0
0.99,0.67,0
0.99,0.69,0
0.99,0.71,0
0.99,0.73,0
0.99,0.75,0
0.99,0.77,0
0.99,0.79,0
0.99,0.81,0
0.99,0.8300000000000001,0
0.99,0.8500000000000001,0
0.99,0.8700000000000001,0
0.99,0.8900000000000001,0
0.99,0.91,0
0.99,0.9299999999999999,0
0.99,0.95,0
0.99,0.97,0
0.99,0.99,0
