healpix_nside,pixel,ecliptic_lon_deg,ecliptic_lat_deg,detection_count
64,12740,96.328125,28.630989836924343,1
64,13251,94.921875,27.27961273597809,1
64,13253,97.734375,27.27961273597809,3
64,13507,94.21875,26.61009781073391,3
64,13517,108.28125,26.61009781073391,1
64,13522,115.3125,26.61009781073391,1
64,13524,118.125,26.61009781073391,3
64,13530,126.5625,26.61009781073391,3
64,13534,132.1875,26.61009781073391,4
64,13776,113.203125,25.944479772370002,1
64,13777,114.609375,25.944479772370002,2
64,13778,116.015625,25.944479772370002,3
64,13785,125.859375,25.944479772370002,3
64,13793,137.109375,25.944479772370002,1
64,13795,139.921875,25.944479772370002,2
64,13796,141.328125,25.944479772370002,1
64,13797,142.734375,25.944479772370002,3
64,14022,98.4375,25.282603043311994,3
64,14030,109.6875,25.282603043311994,6
64,14034,115.3125,25.282603043311994,6
64,14040,123.75,25.282603043311994,3
64,14042,126.5625,25.282603043311994,1
64,14046,132.1875,25.282603043311994,5
64,14053,142.03125,25.282603043311994,2
64,14055,144.84375,25.282603043311994,3
64,14058,149.0625,25.282603043311994,2
64,14244,51.328125,24.62431835216408,1
64,14275,94.921875,24.62431835216408,2
64,14283,106.171875,24.62431835216408,1
64,14296,124.453125,24.62431835216408,2
64,14297,125.859375,24.62431835216408,2
64,14298,127.265625,24.62431835216408,5
64,14306,138.515625,24.62431835216408,2
64,14309,142.734375,24.62431835216408,1
64,14313,148.359375,24.62431835216408,2
64,14496,45.0,23.96948231775967,1
64,14497,46.40625,23.96948231775967,2
64,14499,49.21875,23.96948231775967,1
64,14529,91.40625,23.96948231775967,2
64,14533,97.03125,23.96948231775967,1
64,14541,108.28125,23.96948231775967,3
64,14543,111.09375,23.96948231775967,3
64,14563,139.21875,23.96948231775967,3
64,14569,147.65625,23.96948231775967,1
64,14752,45.703125,23.31795706533424,1
64,14755,49.921875,23.31795706533424,1
64,14787,94.921875,23.31795706533424,1
64,14797,108.984375,23.31795706533424,4
64,14798,110.390625,23.31795706533424,3
64,14811,128.671875,23.31795706533424,6
64,14812,130.078125,23.31795706533424,3
64,14813,131.484375,23.31795706533424,4
64,14815,134.296875,23.31795706533424,4
64,14817,137.109375,23.31795706533424,1
64,14822,144.140625,23.31795706533424,6
64,14825,148.359375,23.31795706533424,3
64,15010,47.8125,22.669609871750396,4
64,15041,91.40625,22.669609871750396,2
64,15042,92.8125,22.669609871750396,1
64,15044,95.625,22.669609871750396,4
64,15045,97.03125,22.669609871750396,5
64,15046,98.4375,22.669609871750396,2
64,15048,101.25,22.669609871750396,3
64,15049,102.65625,22.669609871750396,1
64,15053,108.28125,22.669609871750396,1
64,15054,109.6875,22.669609871750396,10
64,15055,111.09375,22.669609871750396,3
64,15066,126.5625,22.669609871750396,3
64,15068,129.375,22.669609871750396,3
64,15069,130.78125,22.669609871750396,5
64,15071,133.59375,22.669609871750396,4
64,15073,136.40625,22.669609871750396,2
64,15075,139.21875,22.669609871750396,2
64,15077,142.03125,22.669609871750396,3
64,15078,143.4375,22.669609871750396,5
64,15079,144.84375,22.669609871750396,2
64,15081,147.65625,22.669609871750396,1
64,15082,149.0625,22.669609871750396,1
64,15083,150.46875,22.669609871750396,1
64,15263,44.296875,22.02431283704216,1
64,15264,45.703125,22.02431283704216,2
64,15299,94.921875,22.02431283704216,1
64,15300,96.328125,22.02431283704216,3
64,15301,97.734375,22.02431283704216,5
64,15303,100.546875,22.02431283704216,2
64,15321,125.859375,22.02431283704216,7
64,15322,127.265625,22.02431283704216,1
64,15323,128.671875,22.02431283704216,5
64,15324,130.078125,22.02431283704216,12
64,15325,131.484375,22.02431283704216,3
64,15326,132.890625,22.02431283704216,11
64,15327,134.296875,22.02431283704216,3
64,15328,135.703125,22.02431283704216,11
64,15329,137.109375,22.02431283704216,3
64,15330,138.515625,22.02431283704216,5
64,15331,139.921875,22.02431283704216,3
64,15334,144.140625,22.02431283704216,5
64,15335,145.546875,22.02431283704216,4
64,15337,148.359375,22.02431283704216,5
64,15338,149.765625,22.02431283704216,1
64,15523,49.21875,21.381942579838892,1
64,15524,50.625,21.381942579838892,4
64,15553,91.40625,21.381942579838892,1
64,15556,95.625,21.381942579838892,1
64,15557,97.03125,21.381942579838892,7
64,15559,99.84375,21.381942579838892,4
64,15579,127.96875,21.381942579838892,3
64,15580,129.375,21.381942579838892,1
64,15581,130.78125,21.381942579838892,1
64,15582,132.1875,21.381942579838892,2
64,15583,133.59375,21.381942579838892,4
64,15584,135.0,21.381942579838892,1
64,15585,136.40625,21.381942579838892,4
64,15586,137.8125,21.381942579838892,2
64,15589,142.03125,21.381942579838892,1
64,15592,146.25,21.381942579838892,1
64,15593,147.65625,21.381942579838892,9
64,15594,149.0625,21.381942579838892,1
64,15596,151.875,21.381942579838892,2
64,15777,47.109375,20.742379954487134,2
64,15778,48.515625,20.742379954487134,3
64,15779,49.921875,20.742379954487134,1
64,15809,92.109375,20.742379954487134,3
64,15813,97.734375,20.742379954487134,1
64,15816,101.953125,20.742379954487134,3
64,15835,128.671875,20.742379954487134,2
64,15837,131.484375,20.742379954487134,3
64,15838,132.890625,20.742379954487134,7
64,15839,134.296875,20.742379954487134,1
64,15840,135.703125,20.742379954487134,3
64,15841,137.109375,20.742379954487134,15
64,15842,138.515625,20.742379954487134,3
64,15843,139.921875,20.742379954487134,3
64,15845,142.734375,20.742379954487134,3
64,16033,46.40625,20.105509787916006,2
64,16035,49.21875,20.105509787916006,2
64,16069,97.03125,20.105509787916006,3
64,16071,99.84375,20.105509787916006,8
64,16072,101.25,20.105509787916006,1
64,16087,122.34375,20.105509787916006,1
64,16088,123.75,20.105509787916006,2
64,16089,125.15625,20.105509787916006,2
64,16090,126.5625,20.105509787916006,3
64,16091,127.96875,20.105509787916006,1
64,16092,129.375,20.105509787916006,10
64,16093,130.78125,20.105509787916006,9
64,16094,132.1875,20.105509787916006,7
64,16095,133.59375,20.105509787916006,9
64,16096,135.0,20.105509787916006,7
64,16097,136.40625,20.105509787916006,7
64,16098,137.8125,20.105509787916006,2
64,16099,139.21875,20.105509787916006,3
64,16100,140.625,20.105509787916006,4
64,16101,142.03125,20.105509787916006,3
64,16102,143.4375,20.105509787916006,2
64,16104,146.25,20.105509787916006,3
64,16105,147.65625,20.105509787916006,2
64,16106,149.0625,20.105509787916006,1
64,16107,150.46875,20.105509787916006,3
64,16108,151.875,20.105509787916006,1
64,16288,45.703125,19.47122063449069,6
64,16295,55.546875,19.47122063449069,1
64,16297,58.359375,19.47122063449069,1
64,16315,83.671875,19.47122063449069,1
64,16319,89.296875,19.47122063449069,1
64,16320,90.703125,19.47122063449069,2
64,16321,92.109375,19.47122063449069,4
64,16324,96.328125,19.47122063449069,1
64,16326,99.140625,19.47122063449069,2
64,16327,100.546875,19.47122063449069,2
64,16328,101.953125,19.47122063449069,2
64,16334,110.390625,19.47122063449069,1
64,16335,111.796875,19.47122063449069,2
64,16336,113.203125,19.47122063449069,1
64,16337,114.609375,19.47122063449069,1
64,16338,116.015625,19.47122063449069,1
64,16340,118.828125,19.47122063449069,1
64,16341,120.234375,19.47122063449069,1
64,16343,123.04687499999994,19.47122063449069,1
64,16344,124.453125,19.47122063449069,2
64,16345,125.859375,19.47122063449069,1
64,16346,127.265625,19.47122063449069,1
64,16347,128.671875,19.47122063449069,9
64,16348,130.078125,19.47122063449069,6
64,16349,131.484375,19.47122063449069,10
64,16350,132.890625,19.47122063449069,3
64,16351,134.296875,19.47122063449069,7
64,16352,135.703125,19.47122063449069,2
64,16353,137.109375,19.47122063449069,7
64,16354,138.515625,19.47122063449069,3
64,16358,144.140625,19.47122063449069,7
64,16360,146.953125,19.47122063449069,2
64,16361,148.359375,19.47122063449069,2
64,16365,153.984375,19.47122063449069,2
64,16544,45.0,18.839404547275464,4
64,16547,49.21875,18.839404547275464,1
64,16548,50.625,18.839404547275464,2
64,16550,53.4375,18.839404547275464,2
64,16551,54.84375,18.839404547275464,1
64,16552,56.25,18.839404547275464,1
64,16571,82.96875,18.839404547275464,2
64,16579,94.21875,18.839404547275464,1
64,16581,97.03125,18.839404547275464,2
64,16582,98.4375,18.839404547275464,3
64,16583,99.84375,18.839404547275464,4
64,16584,101.25,18.839404547275464,1
64,16592,112.5,18.839404547275464,1
64,16593,113.90625,18.839404547275464,1
64,16594,115.3125,18.839404547275464,2
64,16598,120.9375,18.839404547275464,1
64,16599,122.34375,18.839404547275464,2
64,16601,125.15625,18.839404547275464,2
64,16602,126.5625,18.839404547275464,1
64,16603,127.96875,18.839404547275464,2
64,16604,129.375,18.839404547275464,8
64,16605,130.78125,18.839404547275464,6
64,16608,135.0,18.839404547275464,3
64,16609,136.40625,18.839404547275464,2
64,16611,139.21875,18.839404547275464,13
64,16612,140.625,18.839404547275464,4
64,16613,142.03125,18.839404547275464,6
64,16614,143.4375,18.839404547275464,9
64,16615,144.84375,18.839404547275464,3
64,16616,146.25,18.839404547275464,2
64,16619,150.46875,18.839404547275464,1
64,16621,153.28125,18.839404547275464,2
64,16782,20.390625,18.209956864283,3
64,16784,23.203125,18.209956864283,2
64,16790,31.640625,18.209956864283,3
64,16792,34.453125,18.209956864283,1
64,16799,44.296875,18.209956864283,2
64,16802,48.515625,18.209956864283,6
64,16804,51.328125,18.209956864283,3
64,16807,55.546875,18.209956864283,1
64,16826,82.265625,18.209956864283,3
64,16832,90.703125,18.209956864283,3
64,16833,92.109375,18.209956864283,3
64,16835,94.921875,18.209956864283,1
64,16838,99.140625,18.209956864283,1
64,16839,100.546875,18.209956864283,2
64,16840,101.953125,18.209956864283,6
64,16846,110.390625,18.209956864283,1
64,16848,113.203125,18.209956864283,1
64,16849,114.609375,18.209956864283,3
64,16850,116.015625,18.209956864283,2
64,16854,121.640625,18.209956864283,3
64,16855,123.04687499999994,18.209956864283,1
64,16857,125.859375,18.209956864283,1
64,16858,127.265625,18.209956864283,6
64,16859,128.671875,18.209956864283,3
64,16860,130.078125,18.209956864283,13
64,16861,131.484375,18.209956864283,6
64,16862,132.890625,18.209956864283,12
64,16863,134.296875,18.209956864283,20
64,16864,135.703125,18.209956864283,4
64,16866,138.515625,18.209956864283,2
64,16868,141.328125,18.209956864283,10
64,16870,144.140625,18.209956864283,9
64,16872,146.953125,18.209956864283,7
64,16876,152.578125,18.209956864283,1
64,16877,153.984375,18.209956864283,2
64,16880,158.203125,18.209956864283,3
64,16882,161.015625,18.209956864283,10
64,16884,163.828125,18.209956864283,4
64,16886,166.640625,18.209956864283,3
64,16890,172.265625,18.209956864283,2
64,16893,176.484375,18.209956864283,3
64,16905,-166.640625,18.209956864283,1
64,16915,-152.578125,18.209956864283,7
64,16921,-144.140625,18.209956864283,3
64,17025,1.40625,17.582776008425398,4
64,17027,4.21875,17.582776008425398,9
64,17029,7.03125,17.582776008425398,1
64,17030,8.4375,17.582776008425398,4
64,17032,11.25,17.582776008425398,1
64,17033,12.65625,17.582776008425398,13
64,17034,14.0625,17.582776008425398,3
64,17037,18.28125,17.582776008425398,4
64,17038,19.6875,17.582776008425398,2
64,17043,26.71875,17.582776008425398,4
64,17044,28.125,17.582776008425398,2
64,17045,29.53125,17.582776008425398,1
64,17046,30.9375,17.582776008425398,15
64,17047,32.34375,17.582776008425398,3
64,17048,33.75,17.582776008425398,6
64,17049,35.15625,17.582776008425398,3
64,17050,36.5625,17.582776008425398,6
64,17051,37.96875,17.582776008425398,19
64,17052,39.375,17.582776008425398,5
64,17053,40.78125,17.582776008425398,10
64,17054,42.1875,17.582776008425398,9
64,17055,43.59375,17.582776008425398,12
64,17056,45.0,17.582776008425398,12
64,17057,46.40625,17.582776008425398,22
64,17058,47.8125,17.582776008425398,7
64,17059,49.21875,17.582776008425398,12
64,17060,50.625,17.582776008425398,7
64,17061,52.03125,17.582776008425398,3
64,17062,53.4375,17.582776008425398,5
64,17063,54.84375,17.582776008425398,29
64,17064,56.25,17.582776008425398,2
64,17065,57.65625,17.582776008425398,5
64,17066,59.0625,17.582776008425398,3
64,17067,60.46875,17.582776008425398,7
64,17068,61.875,17.582776008425398,18
64,17069,63.28125,17.582776008425398,17
64,17070,64.6875,17.582776008425398,8
64,17071,66.09375,17.582776008425398,14
64,17072,67.5,17.582776008425398,1
64,17073,68.90625,17.582776008425398,16
64,17074,70.3125,17.582776008425398,15
64,17075,71.71875,17.582776008425398,3
64,17076,73.125,17.582776008425398,10
64,17078,75.9375,17.582776008425398,6
64,17079,77.34375,17.582776008425398,3
64,17080,78.75,17.582776008425398,6
64,17081,80.15625,17.582776008425398,5
64,17082,81.5625,17.582776008425398,9
64,17083,82.96875,17.582776008425398,10
64,17084,84.375,17.582776008425398,14
64,17085,85.78125,17.582776008425398,2
64,17086,87.1875,17.582776008425398,2
64,17087,88.59375,17.582776008425398,5
64,17088,90.0,17.582776008425398,20
64,17089,91.40625,17.582776008425398,14
64,17090,92.8125,17.582776008425398,8
64,17091,94.21875,17.582776008425398,12
64,17092,95.625,17.582776008425398,3
64,17093,97.03125,17.582776008425398,8
64,17094,98.4375,17.582776008425398,6
64,17095,99.84375,17.582776008425398,15
64,17096,101.25,17.582776008425398,23
64,17097,102.65625,17.582776008425398,12
64,17098,104.0625,17.582776008425398,7
64,17099,105.46875,17.582776008425398,19
64,17100,106.875,17.582776008425398,14
64,17101,108.28125,17.582776008425398,22
64,17102,109.6875,17.582776008425398,15
64,17103,111.09375,17.582776008425398,18
64,17104,112.5,17.582776008425398,6
64,17105,113.90625,17.582776008425398,24
64,17106,115.3125,17.582776008425398,8
64,17107,116.71875,17.582776008425398,6
64,17108,118.125,17.582776008425398,8
64,17109,119.53125,17.582776008425398,9
64,17110,120.9375,17.582776008425398,9
64,17111,122.34375,17.582776008425398,13
64,17112,123.75,17.582776008425398,7
64,17113,125.15625,17.582776008425398,2
64,17114,126.5625,17.582776008425398,35
64,17115,127.96875,17.582776008425398,15
64,17116,129.375,17.582776008425398,29
64,17117,130.78125,17.582776008425398,29
64,17118,132.1875,17.582776008425398,49
64,17119,133.59375,17.582776008425398,19
64,17120,135.0,17.582776008425398,25
64,17121,136.40625,17.582776008425398,14
64,17122,137.8125,17.582776008425398,31
64,17123,139.21875,17.582776008425398,11
64,17124,140.625,17.582776008425398,31
64,17125,142.03125,17.582776008425398,6
64,17126,143.4375,17.582776008425398,28
64,17128,146.25,17.582776008425398,24
64,17129,147.65625,17.582776008425398,1
64,17130,149.0625,17.582776008425398,22
64,17131,150.46875,17.582776008425398,6
64,17132,151.875,17.582776008425398,26
64,17133,153.28125,17.582776008425398,11
64,17134,154.6875,17.582776008425398,17
64,17135,156.09375,17.582776008425398,6
64,17136,157.5,17.582776008425398,27
64,17137,158.90625,17.582776008425398,5
64,17138,160.3125,17.582776008425398,37
64,17139,161.71875,17.582776008425398,9
64,17140,163.125,17.582776008425398,58
64,17141,164.53125,17.582776008425398,1
64,17142,165.9375,17.582776008425398,32
64,17143,167.34375,17.582776008425398,3
64,17144,168.75,17.582776008425398,44
64,17145,170.15625,17.582776008425398,3
64,17146,171.5625,17.582776008425398,57
64,17147,172.96875,17.582776008425398,8
64,17148,174.375,17.582776008425398,45
64,17149,175.78125,17.582776008425398,1
64,17150,177.1875,17.582776008425398,43
64,17151,178.59375,17.582776008425398,9
64,17152,-180.0,17.582776008425398,105
64,17153,-178.59375,17.582776008425398,18
64,17154,-177.1875,17.582776008425398,47
64,17156,-174.375,17.582776008425398,18
64,17157,-172.96875,17.582776008425398,3
64,17158,-171.5625,17.582776008425398,10
64,17159,-170.15625,17.582776008425398,7
64,17160,-168.75,17.582776008425398,13
64,17161,-167.34375,17.582776008425398,1
64,17162,-165.9375,17.582776008425398,9
64,17163,-164.53125,17.582776008425398,2
64,17164,-163.125,17.582776008425398,24
64,17165,-161.71875,17.582776008425398,4
64,17166,-160.3125,17.582776008425398,11
64,17167,-158.90625,17.582776008425398,14
64,17168,-157.5,17.582776008425398,7
64,17170,-154.6875,17.582776008425398,8
64,17171,-153.28125,17.582776008425398,28
64,17172,-151.875,17.582776008425398,37
64,17173,-150.46875,17.582776008425398,25
64,17174,-149.0625,17.582776008425398,61
64,17175,-147.65625,17.582776008425398,21
64,17176,-146.25,17.582776008425398,44
64,17177,-144.84375,17.582776008425398,24
64,17178,-143.4375,17.582776008425398,43
64,17179,-142.03125,17.582776008425398,19
64,17180,-140.625,17.582776008425398,59
64,17181,-139.21875,17.582776008425398,1
64,17182,-137.8125,17.582776008425398,7
64,17183,-136.40625,17.582776008425398,9
64,17184,-135.0,17.582776008425398,3
64,17186,-132.1875,17.582776008425398,2
64,17188,-129.37500000000006,17.582776008425398,1
64,17189,-127.96875,17.582776008425398,1
64,17190,-126.5625,17.582776008425398,1
64,17191,-125.15625,17.582776008425398,9
64,17192,-123.75,17.582776008425398,16
64,17193,-122.34375,17.582776008425398,19
64,17194,-120.9375,17.582776008425398,6
64,17195,-119.53125000000006,17.582776008425398,8
64,17196,-118.125,17.582776008425398,6
64,17197,-116.71875,17.582776008425398,4
64,17198,-115.3125,17.582776008425398,3
64,17199,-113.90625000000011,17.582776008425398,4
64,17200,-112.5,17.582776008425398,3
64,17201,-111.09375,17.582776008425398,3
64,17203,-108.28125,17.582776008425398,3
64,17204,-106.875,17.582776008425398,3
64,17205,-105.46875,17.582776008425398,5
64,17206,-104.06250000000006,17.582776008425398,23
64,17208,-101.25,17.582776008425398,1
64,17209,-99.84375,17.582776008425398,5
64,17210,-98.43750000000006,17.582776008425398,2
64,17211,-97.03125,17.582776008425398,9
64,17212,-95.625,17.582776008425398,17
64,17213,-94.21875000000006,17.582776008425398,1
64,17214,-92.8125,17.582776008425398,2
64,17217,-88.59375000000006,17.582776008425398,4
64,17220,-84.375,17.582776008425398,1
64,17222,-81.5625,17.582776008425398,2
64,17223,-80.15625,17.582776008425398,2
64,17224,-78.75000000000006,17.582776008425398,5
64,17225,-77.34375,17.582776008425398,1
64,17226,-75.9375,17.582776008425398,2
64,17227,-74.53125,17.582776008425398,3
64,17228,-73.12500000000006,17.582776008425398,2
64,17229,-71.71875,17.582776008425398,1
64,17230,-70.3125,17.582776008425398,8
64,17231,-68.90625,17.582776008425398,22
64,17236,-61.875,17.582776008425398,1
64,17244,-50.625,17.582776008425398,2
64,17248,-45.0,17.582776008425398,1
64,17249,-43.59375,17.582776008425398,3
64,17258,-30.9375,17.582776008425398,1
64,17259,-29.53125,17.582776008425398,3
64,17266,-19.6875,17.582776008425398,1
64,17274,-8.4375,17.582776008425398,3
64,17278,-2.8125,17.582776008425398,6
64,17281,2.109375,16.957763300004146,6
64,17282,3.515625,16.957763300004146,1
64,17285,7.734375,16.957763300004146,5
64,17286,9.140625,16.957763300004146,6
64,17287,10.546875,16.957763300004146,3
64,17288,11.953125,16.957763300004146,22
64,17289,13.359375,16.957763300004146,6
64,17290,14.765625,16.957763300004146,15
64,17291,16.171875,16.957763300004146,10
64,17292,17.578125,16.957763300004146,26
64,17293,18.984375,16.957763300004146,4
64,17294,20.390625,16.957763300004146,11
64,17295,21.796875,16.957763300004146,18
64,17296,23.203125,16.957763300004146,4
64,17297,24.609375,16.957763300004146,12
64,17298,26.015625,16.957763300004146,11
64,17299,27.421875,16.957763300004146,4
64,17300,28.828125,16.957763300004146,8
64,17301,30.234375,16.957763300004146,11
64,17302,31.640625,16.957763300004146,13
64,17303,33.046875,16.957763300004146,14
64,17304,34.453125,16.957763300004146,17
64,17305,35.859375,16.957763300004146,21
64,17306,37.265625,16.957763300004146,24
64,17307,38.671875,16.957763300004146,19
64,17308,40.078125,16.957763300004146,27
64,17309,41.484375,16.957763300004146,25
64,17310,42.890625,16.957763300004146,56
64,17311,44.296875,16.957763300004146,22
64,17312,45.703125,16.957763300004146,24
64,17313,47.109375,16.957763300004146,49
64,17314,48.515625,16.957763300004146,21
64,17315,49.921875,16.957763300004146,40
64,17316,51.328125,16.957763300004146,34
64,17317,52.734375,16.957763300004146,13
64,17318,54.140625,16.957763300004146,34
64,17319,55.546875,16.957763300004146,10
64,17320,56.953125,16.957763300004146,21
64,17321,58.359375,16.957763300004146,17
64,17322,59.765625,16.957763300004146,21
64,17323,61.171875,16.957763300004146,22
64,17324,62.578125,16.957763300004146,16
64,17325,63.984375,16.957763300004146,27
64,17326,65.390625,16.957763300004146,32
64,17327,66.796875,16.957763300004146,22
64,17328,68.203125,16.957763300004146,8
64,17329,69.609375,16.957763300004146,22
64,17330,71.015625,16.957763300004146,26
64,17331,72.421875,16.957763300004146,23
64,17332,73.828125,16.957763300004146,19
64,17333,75.234375,16.957763300004146,29
64,17334,76.640625,16.957763300004146,26
64,17335,78.046875,16.957763300004146,18
64,17336,79.453125,16.957763300004146,6
64,17337,80.859375,16.957763300004146,9
64,17338,82.265625,16.957763300004146,7
64,17339,83.671875,16.957763300004146,8
64,17340,85.078125,16.957763300004146,5
64,17341,86.484375,16.957763300004146,12
64,17342,87.890625,16.957763300004146,22
64,17343,89.296875,16.957763300004146,3
64,17344,90.703125,16.957763300004146,39
64,17345,92.109375,16.957763300004146,12
64,17346,93.515625,16.957763300004146,24
64,17347,94.921875,16.957763300004146,13
64,17348,96.328125,16.957763300004146,13
64,17349,97.734375,16.957763300004146,27
64,17350,99.140625,16.957763300004146,25
64,17351,100.546875,16.957763300004146,19
64,17352,101.953125,16.957763300004146,33
64,17353,103.359375,16.957763300004146,17
64,17354,104.765625,16.957763300004146,25
64,17355,106.171875,16.957763300004146,32
64,17356,107.578125,16.957763300004146,29
64,17357,108.984375,16.957763300004146,22
64,17358,110.390625,16.957763300004146,37
64,17359,111.796875,16.957763300004146,29
64,17360,113.203125,16.957763300004146,19
64,17361,114.609375,16.957763300004146,13
64,17362,116.015625,16.957763300004146,52
64,17363,117.421875,16.957763300004146,47
64,17364,118.828125,16.957763300004146,25
64,17365,120.234375,16.957763300004146,31
64,17366,121.640625,16.957763300004146,24
64,17367,123.04687499999994,16.957763300004146,34
64,17368,124.453125,16.957763300004146,35
64,17369,125.859375,16.957763300004146,12
64,17370,127.265625,16.957763300004146,30
64,17371,128.671875,16.957763300004146,23
64,17372,130.078125,16.957763300004146,43
64,17373,131.484375,16.957763300004146,57
64,17374,132.890625,16.957763300004146,113
64,17375,134.296875,16.957763300004146,44
64,17376,135.703125,16.957763300004146,49
64,17377,137.109375,16.957763300004146,56
64,17378,138.515625,16.957763300004146,48
64,17379,139.921875,16.957763300004146,20
64,17380,141.328125,16.957763300004146,39
64,17381,142.734375,16.957763300004146,34
64,17382,144.140625,16.957763300004146,14
64,17383,145.546875,16.957763300004146,31
64,17384,146.953125,16.957763300004146,67
64,17385,148.359375,16.957763300004146,35
64,17386,149.765625,16.957763300004146,56
64,17387,151.171875,16.957763300004146,19
64,17388,152.578125,16.957763300004146,50
64,17389,153.984375,16.957763300004146,30
64,17390,155.390625,16.957763300004146,44
64,17391,156.796875,16.957763300004146,50
64,17392,158.203125,16.957763300004146,43
64,17393,159.609375,16.957763300004146,51
64,17394,161.015625,16.957763300004146,48
64,17395,162.421875,16.957763300004146,53
64,17396,163.828125,16.957763300004146,62
64,17397,165.234375,16.957763300004146,46
64,17398,166.640625,16.957763300004146,36
64,17399,168.046875,16.957763300004146,53
64,17400,169.453125,16.957763300004146,29
64,17401,170.859375,16.957763300004146,22
64,17402,172.265625,16.957763300004146,80
64,17403,173.671875,16.957763300004146,62
64,17404,175.078125,16.957763300004146,47
64,17405,176.484375,16.957763300004146,57
64,17406,177.890625,16.957763300004146,132
64,17407,179.296875,16.957763300004146,68
64,17408,-179.296875,16.957763300004146,80
64,17409,-177.890625,16.957763300004146,48
64,17410,-176.484375,16.957763300004146,39
64,17411,-175.078125,16.957763300004146,9
64,17412,-173.671875,16.957763300004146,25
64,17413,-172.265625,16.957763300004146,15
64,17414,-170.859375,16.957763300004146,17
64,17415,-169.453125,16.957763300004146,9
64,17416,-168.046875,16.957763300004146,30
64,17417,-166.640625,16.957763300004146,19
64,17418,-165.234375,16.957763300004146,18
64,17419,-163.828125,16.957763300004146,14
64,17420,-162.421875,16.957763300004146,17
64,17421,-161.015625,16.957763300004146,20
64,17422,-159.609375,16.957763300004146,30
64,17423,-158.203125,16.957763300004146,10
64,17424,-156.796875,16.957763300004146,6
64,17425,-155.390625,16.957763300004146,34
64,17426,-153.984375,16.957763300004146,36
64,17427,-152.578125,16.957763300004146,57
64,17428,-151.171875,16.957763300004146,60
64,17429,-149.765625,16.957763300004146,79
64,17430,-148.359375,16.957763300004146,51
64,17431,-146.953125,16.957763300004146,110
64,17432,-145.546875,16.957763300004146,54
64,17433,-144.140625,16.957763300004146,77
64,17434,-142.734375,16.957763300004146,99
64,17435,-141.328125,16.957763300004146,60
64,17436,-139.921875,16.957763300004146,67
64,17437,-138.515625,16.957763300004146,33
64,17438,-137.109375,16.957763300004146,7
64,17439,-135.703125,16.957763300004146,19
64,17440,-134.296875,16.957763300004146,7
64,17441,-132.890625,16.957763300004146,11
64,17442,-131.484375,16.957763300004146,7
64,17443,-130.078125,16.957763300004146,2
64,17444,-128.671875,16.957763300004146,11
64,17446,-125.859375,16.957763300004146,12
64,17447,-124.453125,16.957763300004146,15
64,17448,-123.046875,16.957763300004146,12
64,17449,-121.64062500000011,16.957763300004146,30
64,17450,-120.234375,16.957763300004146,12
64,17451,-118.828125,16.957763300004146,16
64,17452,-117.421875,16.957763300004146,10
64,17453,-116.015625,16.957763300004146,9
64,17454,-114.609375,16.957763300004146,4
64,17455,-113.203125,16.957763300004146,6
64,17456,-111.79687500000006,16.957763300004146,5
64,17457,-110.390625,16.957763300004146,4
64,17458,-108.984375,16.957763300004146,15
64,17459,-107.578125,16.957763300004146,9
64,17460,-106.17187500000011,16.957763300004146,6
64,17461,-104.765625,16.957763300004146,6
64,17462,-103.359375,16.957763300004146,10
64,17463,-101.95312500000006,16.957763300004146,9
64,17464,-100.546875,16.957763300004146,41
64,17465,-99.140625,16.957763300004146,15
64,17466,-97.734375,16.957763300004146,15
64,17467,-96.32812500000006,16.957763300004146,15
64,17468,-94.921875,16.957763300004146,2
64,17469,-93.515625,16.957763300004146,22
64,17470,-92.109375,16.957763300004146,1
64,17471,-90.70312500000006,16.957763300004146,11
64,17472,-89.296875,16.957763300004146,5
64,17473,-87.890625,16.957763300004146,7
64,17474,-86.48437500000006,16.957763300004146,13
64,17475,-85.078125,16.957763300004146,13
64,17476,-83.671875,16.957763300004146,3
64,17478,-80.85937500000006,16.957763300004146,23
64,17479,-79.453125,16.957763300004146,1
64,17480,-78.046875,16.957763300004146,3
64,17481,-76.640625,16.957763300004146,5
64,17482,-75.23437500000006,16.957763300004146,10
64,17483,-73.828125,16.957763300004146,1
64,17484,-72.421875,16.957763300004146,8
64,17485,-71.01562500000006,16.957763300004146,8
64,17486,-69.609375,16.957763300004146,24
64,17487,-68.203125,16.957763300004146,7
64,17488,-66.796875,16.957763300004146,1
64,17489,-65.39062500000006,16.957763300004146,3
64,17490,-63.984375,16.957763300004146,7
64,17491,-62.578125,16.957763300004146,1
64,17494,-58.359375,16.957763300004146,3
64,17502,-47.109375,16.957763300004146,2
64,17504,-44.296875,16.957763300004146,3
64,17506,-41.48437500000006,16.957763300004146,1
64,17515,-28.828125,16.957763300004146,1
64,17516,-27.421875,16.957763300004146,2
64,17519,-23.203125,16.957763300004146,5
64,17520,-21.796875,16.957763300004146,3
64,17521,-20.390625,16.957763300004146,9
64,17523,-17.578125,16.957763300004146,3
64,17524,-16.171875,16.957763300004146,3
64,17528,-10.546875,16.957763300004146,6
64,17529,-9.140625,16.957763300004146,2
64,17530,-7.734375,16.957763300004146,2
64,17534,-2.109375,16.957763300004146,1
64,17536,0.0,16.334822780685997,3
64,17539,4.21875,16.334822780685997,11
64,17540,5.625,16.334822780685997,5
64,17541,7.03125,16.334822780685997,3
64,17542,8.4375,16.334822780685997,1
64,17543,9.84375,16.334822780685997,14
64,17544,11.25,16.334822780685997,19
64,17545,12.65625,16.334822780685997,4
64,17546,14.0625,16.334822780685997,20
64,17547,15.46875,16.334822780685997,3
64,17548,16.875,16.334822780685997,10
64,17549,18.28125,16.334822780685997,17
64,17550,19.6875,16.334822780685997,24
64,17551,21.09375,16.334822780685997,20
64,17552,22.5,16.334822780685997,19
64,17553,23.90625,16.334822780685997,20
64,17554,25.3125,16.334822780685997,24
64,17555,26.71875,16.334822780685997,8
64,17556,28.125,16.334822780685997,16
64,17557,29.53125,16.334822780685997,13
64,17558,30.9375,16.334822780685997,14
64,17559,32.34375,16.334822780685997,19
64,17560,33.75,16.334822780685997,40
64,17561,35.15625,16.334822780685997,37
64,17562,36.5625,16.334822780685997,16
64,17563,37.96875,16.334822780685997,33
64,17564,39.375,16.334822780685997,38
64,17565,40.78125,16.334822780685997,16
64,17566,42.1875,16.334822780685997,29
64,17567,43.59375,16.334822780685997,40
64,17568,45.0,16.334822780685997,26
64,17569,46.40625,16.334822780685997,29
64,17570,47.8125,16.334822780685997,36
64,17571,49.21875,16.334822780685997,28
64,17572,50.625,16.334822780685997,38
64,17573,52.03125,16.334822780685997,17
64,17574,53.4375,16.334822780685997,44
64,17575,54.84375,16.334822780685997,39
64,17576,56.25,16.334822780685997,38
64,17577,57.65625,16.334822780685997,34
64,17578,59.0625,16.334822780685997,34
64,17579,60.46875,16.334822780685997,42
64,17580,61.875,16.334822780685997,32
64,17581,63.28125,16.334822780685997,40
64,17582,64.6875,16.334822780685997,33
64,17583,66.09375,16.334822780685997,60
64,17584,67.5,16.334822780685997,23
64,17585,68.90625,16.334822780685997,40
64,17586,70.3125,16.334822780685997,33
64,17587,71.71875,16.334822780685997,31
64,17588,73.125,16.334822780685997,22
64,17589,74.53125,16.334822780685997,31
64,17590,75.9375,16.334822780685997,34
64,17591,77.34375,16.334822780685997,32
64,17592,78.75,16.334822780685997,14
64,17593,80.15625,16.334822780685997,25
64,17594,81.5625,16.334822780685997,19
64,17595,82.96875,16.334822780685997,23
64,17596,84.375,16.334822780685997,13
64,17597,85.78125,16.334822780685997,23
64,17598,87.1875,16.334822780685997,5
64,17599,88.59375,16.334822780685997,19
64,17600,90.0,16.334822780685997,21
64,17601,91.40625,16.334822780685997,62
64,17602,92.8125,16.334822780685997,25
64,17603,94.21875,16.334822780685997,37
64,17604,95.625,16.334822780685997,18
64,17605,97.03125,16.334822780685997,37
64,17606,98.4375,16.334822780685997,34
64,17607,99.84375,16.334822780685997,44
64,17608,101.25,16.334822780685997,37
64,17609,102.65625,16.334822780685997,42
64,17610,104.0625,16.334822780685997,22
64,17611,105.46875,16.334822780685997,42
64,17612,106.875,16.334822780685997,29
64,17613,108.28125,16.334822780685997,44
64,17614,109.6875,16.334822780685997,40
64,17615,111.09375,16.334822780685997,48
64,17616,112.5,16.334822780685997,17
64,17617,113.90625,16.334822780685997,39
64,17618,115.3125,16.334822780685997,29
64,17619,116.71875,16.334822780685997,72
64,17620,118.125,16.334822780685997,47
64,17621,119.53125,16.334822780685997,75
64,17622,120.9375,16.334822780685997,51
64,17623,122.34375,16.334822780685997,44
64,17624,123.75,16.334822780685997,42
64,17625,125.15625,16.334822780685997,58
64,17626,126.5625,16.334822780685997,36
64,17627,127.96875,16.334822780685997,32
64,17628,129.375,16.334822780685997,46
64,17629,130.78125,16.334822780685997,47
64,17630,132.1875,16.334822780685997,39
64,17631,133.59375,16.334822780685997,74
64,17632,135.0,16.334822780685997,69
64,17633,136.40625,16.334822780685997,60
64,17634,137.8125,16.334822780685997,70
64,17635,139.21875,16.334822780685997,36
64,17636,140.625,16.334822780685997,6
64,17637,142.03125,16.334822780685997,26
64,17638,143.4375,16.334822780685997,39
64,17639,144.84375,16.334822780685997,46
64,17640,146.25,16.334822780685997,114
64,17641,147.65625,16.334822780685997,74
64,17642,149.0625,16.334822780685997,63
64,17643,150.46875,16.334822780685997,24
64,17644,151.875,16.334822780685997,44
64,17645,153.28125,16.334822780685997,48
64,17646,154.6875,16.334822780685997,29
64,17647,156.09375,16.334822780685997,51
64,17648,157.5,16.334822780685997,82
64,17649,158.90625,16.334822780685997,108
64,17650,160.3125,16.334822780685997,82
64,17651,161.71875,16.334822780685997,95
64,17652,163.125,16.334822780685997,71
64,17653,164.53125,16.334822780685997,70
64,17654,165.9375,16.334822780685997,54
64,17655,167.34375,16.334822780685997,75
64,17656,168.75,16.334822780685997,35
64,17657,170.15625,16.334822780685997,68
64,17658,171.5625,16.334822780685997,63
64,17659,172.96875,16.334822780685997,121
64,17660,174.375,16.334822780685997,105
64,17661,175.78125,16.334822780685997,151
64,17662,177.1875,16.334822780685997,88
64,17663,178.59375,16.334822780685997,124
64,17664,-180.0,16.334822780685997,90
64,17665,-178.59375,16.334822780685997,66
64,17666,-177.1875,16.334822780685997,83
64,17667,-175.78125,16.334822780685997,31
64,17668,-174.375,16.334822780685997,18
64,17669,-172.96875,16.334822780685997,26
64,17670,-171.5625,16.334822780685997,34
64,17671,-170.15625,16.334822780685997,16
64,17672,-168.75,16.334822780685997,51
64,17673,-167.34375,16.334822780685997,34
64,17674,-165.9375,16.334822780685997,8
64,17675,-164.53125,16.334822780685997,8
64,17676,-163.125,16.334822780685997,14
64,17677,-161.71875,16.334822780685997,18
64,17678,-160.3125,16.334822780685997,33
64,17679,-158.90625,16.334822780685997,18
64,17680,-157.5,16.334822780685997,23
64,17681,-156.09375,16.334822780685997,12
64,17682,-154.6875,16.334822780685997,35
64,17683,-153.28125,16.334822780685997,47
64,17684,-151.875,16.334822780685997,72
64,17685,-150.46875,16.334822780685997,60
64,17686,-149.0625,16.334822780685997,98
64,17687,-147.65625,16.334822780685997,69
64,17688,-146.25,16.334822780685997,98
64,17689,-144.84375,16.334822780685997,58
64,17690,-143.4375,16.334822780685997,85
64,17691,-142.03125,16.334822780685997,81
64,17692,-140.625,16.334822780685997,77
64,17693,-139.21875,16.334822780685997,34
64,17694,-137.8125,16.334822780685997,18
64,17695,-136.40625,16.334822780685997,34
64,17696,-135.0,16.334822780685997,37
64,17697,-133.59375,16.334822780685997,10
64,17698,-132.1875,16.334822780685997,12
64,17699,-130.78125,16.334822780685997,17
64,17700,-129.37500000000006,16.334822780685997,17
64,17701,-127.96875,16.334822780685997,5
64,17702,-126.5625,16.334822780685997,11
64,17703,-125.15625,16.334822780685997,16
64,17704,-123.75,16.334822780685997,26
64,17705,-122.34375,16.334822780685997,14
64,17706,-120.9375,16.334822780685997,26
64,17707,-119.53125000000006,16.334822780685997,13
64,17708,-118.125,16.334822780685997,18
64,17709,-116.71875,16.334822780685997,22
64,17710,-115.3125,16.334822780685997,16
64,17711,-113.90625000000011,16.334822780685997,11
64,17712,-112.5,16.334822780685997,8
64,17713,-111.09375,16.334822780685997,14
64,17714,-109.6875,16.334822780685997,7
64,17715,-108.28125,16.334822780685997,18
64,17716,-106.875,16.334822780685997,47
64,17717,-105.46875,16.334822780685997,9
64,17718,-104.06250000000006,16.334822780685997,36
64,17719,-102.65625,16.334822780685997,7
64,17720,-101.25,16.334822780685997,45
64,17721,-99.84375,16.334822780685997,14
64,17722,-98.43750000000006,16.334822780685997,27
64,17723,-97.03125,16.334822780685997,22
64,17724,-95.625,16.334822780685997,9
64,17725,-94.21875000000006,16.334822780685997,15
64,17726,-92.8125,16.334822780685997,19
64,17727,-91.40625,16.334822780685997,2
64,17729,-88.59375000000006,16.334822780685997,11
64,17730,-87.1875,16.334822780685997,2
64,17731,-85.78125,16.334822780685997,12
64,17732,-84.375,16.334822780685997,6
64,17733,-82.96875000000006,16.334822780685997,4
64,17734,-81.5625,16.334822780685997,3
64,17735,-80.15625,16.334822780685997,3
64,17736,-78.75000000000006,16.334822780685997,12
64,17737,-77.34375,16.334822780685997,4
64,17738,-75.9375,16.334822780685997,6
64,17739,-74.53125,16.334822780685997,4
64,17740,-73.12500000000006,16.334822780685997,4
64,17742,-70.3125,16.334822780685997,3
64,17743,-68.90625,16.334822780685997,4
64,17744,-67.5,16.334822780685997,2
64,17745,-66.09375,16.334822780685997,1
64,17746,-64.6875,16.334822780685997,15
64,17751,-57.65625000000006,16.334822780685997,4
64,17753,-54.84375,16.334822780685997,1
64,17754,-53.43750000000006,16.334822780685997,10
64,17755,-52.03125,16.334822780685997,9
64,17756,-50.625,16.334822780685997,6
64,17759,-46.40625,16.334822780685997,3
64,17760,-45.0,16.334822780685997,2
64,17761,-43.59375,16.334822780685997,1
64,17764,-39.375,16.334822780685997,1
64,17766,-36.5625,16.334822780685997,1
64,17767,-35.15625,16.334822780685997,6
64,17770,-30.9375,16.334822780685997,3
64,17771,-29.53125,16.334822780685997,3
64,17772,-28.125,16.334822780685997,2
64,17774,-25.3125,16.334822780685997,3
64,17775,-23.90625,16.334822780685997,10
64,17776,-22.5,16.334822780685997,1
64,17779,-18.28125,16.334822780685997,4
64,17780,-16.875,16.334822780685997,5
64,17781,-15.46875,16.334822780685997,2
64,17783,-12.65625,16.334822780685997,6
64,17784,-11.25,16.334822780685997,5
64,17786,-8.4375,16.334822780685997,1
64,17790,-2.8125,16.334822780685997,6
64,17791,-1.40625,16.334822780685997,2
64,17792,0.703125,15.713861048008212,5
64,17793,2.109375,15.713861048008212,3
64,17794,3.515625,15.713861048008212,15
64,17795,4.921875,15.713861048008212,11
64,17796,6.328125,15.713861048008212,1
64,17797,7.734375,15.713861048008212,12
64,17798,9.140625,15.713861048008212,3
64,17799,10.546875,15.713861048008212,10
64,17800,11.953125,15.713861048008212,13
64,17801,13.359375,15.713861048008212,11
64,17802,14.765625,15.713861048008212,6
64,17803,16.171875,15.713861048008212,3
64,17804,17.578125,15.713861048008212,17
64,17805,18.984375,15.713861048008212,22
64,17806,20.390625,15.713861048008212,30
64,17807,21.796875,15.713861048008212,10
64,17808,23.203125,15.713861048008212,31
64,17809,24.609375,15.713861048008212,5
64,17810,26.015625,15.713861048008212,22
64,17811,27.421875,15.713861048008212,9
64,17812,28.828125,15.713861048008212,14
64,17813,30.234375,15.713861048008212,14
64,17814,31.640625,15.713861048008212,31
64,17815,33.046875,15.713861048008212,20
64,17816,34.453125,15.713861048008212,15
64,17817,35.859375,15.713861048008212,21
64,17818,37.265625,15.713861048008212,20
64,17819,38.671875,15.713861048008212,28
64,17820,40.078125,15.713861048008212,24
64,17821,41.484375,15.713861048008212,14
64,17822,42.890625,15.713861048008212,27
64,17823,44.296875,15.713861048008212,20
64,17824,45.703125,15.713861048008212,37
64,17825,47.109375,15.713861048008212,31
64,17826,48.515625,15.713861048008212,32
64,17827,49.921875,15.713861048008212,38
64,17828,51.328125,15.713861048008212,44
64,17829,52.734375,15.713861048008212,54
64,17830,54.140625,15.713861048008212,22
64,17831,55.546875,15.713861048008212,34
64,17832,56.953125,15.713861048008212,65
64,17833,58.359375,15.713861048008212,40
64,17834,59.765625,15.713861048008212,32
64,17835,61.171875,15.713861048008212,41
64,17836,62.578125,15.713861048008212,30
64,17837,63.984375,15.713861048008212,22
64,17838,65.390625,15.713861048008212,22
64,17839,66.796875,15.713861048008212,55
64,17840,68.203125,15.713861048008212,51
64,17841,69.609375,15.713861048008212,46
64,17842,71.015625,15.713861048008212,29
64,17843,72.421875,15.713861048008212,23
64,17844,73.828125,15.713861048008212,62
64,17845,75.234375,15.713861048008212,52
64,17846,76.640625,15.713861048008212,49
64,17847,78.046875,15.713861048008212,24
64,17848,79.453125,15.713861048008212,22
64,17849,80.859375,15.713861048008212,35
64,17850,82.265625,15.713861048008212,19
64,17851,83.671875,15.713861048008212,14
64,17852,85.078125,15.713861048008212,20
64,17853,86.484375,15.713861048008212,21
64,17854,87.890625,15.713861048008212,12
64,17855,89.296875,15.713861048008212,19
64,17856,90.703125,15.713861048008212,51
64,17857,92.109375,15.713861048008212,13
64,17858,93.515625,15.713861048008212,13
64,17859,94.921875,15.713861048008212,34
64,17860,96.328125,15.713861048008212,40
64,17861,97.734375,15.713861048008212,41
64,17862,99.140625,15.713861048008212,46
64,17863,100.546875,15.713861048008212,68
64,17864,101.953125,15.713861048008212,36
64,17865,103.359375,15.713861048008212,34
64,17866,104.765625,15.713861048008212,67
64,17867,106.171875,15.713861048008212,41
64,17868,107.578125,15.713861048008212,48
64,17869,108.984375,15.713861048008212,38
64,17870,110.390625,15.713861048008212,22
64,17871,111.796875,15.713861048008212,42
64,17872,113.203125,15.713861048008212,44
64,17873,114.609375,15.713861048008212,27
64,17874,116.015625,15.713861048008212,39
64,17875,117.421875,15.713861048008212,94
64,17876,118.828125,15.713861048008212,40
64,17877,120.234375,15.713861048008212,25
64,17878,121.640625,15.713861048008212,24
64,17879,123.04687499999994,15.713861048008212,35
64,17880,124.453125,15.713861048008212,34
64,17881,125.859375,15.713861048008212,58
64,17882,127.265625,15.713861048008212,70
64,17883,128.671875,15.713861048008212,50
64,17884,130.078125,15.713861048008212,63
64,17885,131.484375,15.713861048008212,79
64,17886,132.890625,15.713861048008212,96
64,17887,134.296875,15.713861048008212,87
64,17888,135.703125,15.713861048008212,29
64,17889,137.109375,15.713861048008212,38
64,17890,138.515625,15.713861048008212,48
64,17891,139.921875,15.713861048008212,27
64,17892,141.328125,15.713861048008212,52
64,17893,142.734375,15.713861048008212,43
64,17894,144.140625,15.713861048008212,25
64,17895,145.546875,15.713861048008212,50
64,17896,146.953125,15.713861048008212,45
64,17897,148.359375,15.713861048008212,29
64,17898,149.765625,15.713861048008212,73
64,17899,151.171875,15.713861048008212,37
64,17900,152.578125,15.713861048008212,47
64,17901,153.984375,15.713861048008212,61
64,17902,155.390625,15.713861048008212,62
64,17903,156.796875,15.713861048008212,45
64,17904,158.203125,15.713861048008212,79
64,17905,159.609375,15.713861048008212,113
64,17906,161.015625,15.713861048008212,92
64,17907,162.421875,15.713861048008212,34
64,17908,163.828125,15.713861048008212,62
64,17909,165.234375,15.713861048008212,84
64,17910,166.640625,15.713861048008212,41
64,17911,168.046875,15.713861048008212,55
64,17912,169.453125,15.713861048008212,83
64,17913,170.859375,15.713861048008212,87
64,17914,172.265625,15.713861048008212,89
64,17915,173.671875,15.713861048008212,95
64,17916,175.078125,15.713861048008212,104
64,17917,176.484375,15.713861048008212,71
64,17918,177.890625,15.713861048008212,165
64,17919,179.296875,15.713861048008212,66
64,17920,-179.296875,15.713861048008212,58
64,17921,-177.890625,15.713861048008212,51
64,17922,-176.484375,15.713861048008212,69
64,17923,-175.078125,15.713861048008212,30
64,17924,-173.671875,15.713861048008212,26
64,17925,-172.265625,15.713861048008212,31
64,17926,-170.859375,15.713861048008212,27
64,17927,-169.453125,15.713861048008212,77
64,17928,-168.046875,15.713861048008212,57
64,17929,-166.640625,15.713861048008212,37
64,17930,-165.234375,15.713861048008212,35
64,17931,-163.828125,15.713861048008212,18
64,17932,-162.421875,15.713861048008212,25
64,17933,-161.015625,15.713861048008212,51
64,17934,-159.609375,15.713861048008212,31
64,17935,-158.203125,15.713861048008212,8
64,17936,-156.796875,15.713861048008212,23
64,17937,-155.390625,15.713861048008212,34
64,17938,-153.984375,15.713861048008212,46
64,17939,-152.578125,15.713861048008212,93
64,17940,-151.171875,15.713861048008212,150
64,17941,-149.765625,15.713861048008212,90
64,17942,-148.359375,15.713861048008212,64
64,17943,-146.953125,15.713861048008212,91
64,17944,-145.546875,15.713861048008212,93
64,17945,-144.140625,15.713861048008212,117
64,17946,-142.734375,15.713861048008212,113
64,17947,-141.328125,15.713861048008212,148
64,17948,-139.921875,15.713861048008212,110
64,17949,-138.515625,15.713861048008212,22
64,17950,-137.109375,15.713861048008212,41
64,17951,-135.703125,15.713861048008212,18
64,17952,-134.296875,15.713861048008212,22
64,17953,-132.890625,15.713861048008212,12
64,17954,-131.484375,15.713861048008212,15
64,17955,-130.078125,15.713861048008212,5
64,17956,-128.671875,15.713861048008212,17
64,17957,-127.26562500000006,15.713861048008212,10
64,17959,-124.453125,15.713861048008212,12
64,17960,-123.046875,15.713861048008212,38
64,17961,-121.64062500000011,15.713861048008212,21
64,17962,-120.234375,15.713861048008212,16
64,17963,-118.828125,15.713861048008212,28
64,17964,-117.421875,15.713861048008212,27
64,17965,-116.015625,15.713861048008212,22
64,17966,-114.609375,15.713861048008212,7
64,17967,-113.203125,15.713861048008212,30
64,17968,-111.79687500000006,15.713861048008212,18
64,17969,-110.390625,15.713861048008212,7
64,17970,-108.984375,15.713861048008212,18
64,17971,-107.578125,15.713861048008212,18
64,17972,-106.17187500000011,15.713861048008212,8
64,17973,-104.765625,15.713861048008212,18
64,17974,-103.359375,15.713861048008212,19
64,17975,-101.95312500000006,15.713861048008212,34
64,17976,-100.546875,15.713861048008212,50
64,17977,-99.140625,15.713861048008212,30
64,17978,-97.734375,15.713861048008212,13
64,17979,-96.32812500000006,15.713861048008212,16
64,17980,-94.921875,15.713861048008212,10
64,17981,-93.515625,15.713861048008212,31
64,17982,-92.109375,15.713861048008212,5
64,17983,-90.70312500000006,15.713861048008212,7
64,17984,-89.296875,15.713861048008212,12
64,17985,-87.890625,15.713861048008212,1
64,17986,-86.48437500000006,15.713861048008212,4
64,17987,-85.078125,15.713861048008212,8
64,17988,-83.671875,15.713861048008212,8
64,17989,-82.265625,15.713861048008212,6
64,17990,-80.85937500000006,15.713861048008212,14
64,17991,-79.453125,15.713861048008212,5
64,17992,-78.046875,15.713861048008212,6
64,17993,-76.640625,15.713861048008212,3
64,17994,-75.23437500000006,15.713861048008212,8
64,17995,-73.828125,15.713861048008212,15
64,17996,-72.421875,15.713861048008212,1
64,17997,-71.01562500000006,15.713861048008212,9
64,17998,-69.609375,15.713861048008212,7
64,17999,-68.203125,15.713861048008212,25
64,18000,-66.796875,15.713861048008212,21
64,18001,-65.39062500000006,15.713861048008212,3
64,18002,-63.984375,15.713861048008212,4
64,18003,-62.578125,15.713861048008212,2
64,18007,-56.953125,15.713861048008212,7
64,18008,-55.54687500000006,15.713861048008212,7
64,18013,-48.515625,15.713861048008212,7
64,18014,-47.109375,15.713861048008212,3
64,18016,-44.296875,15.713861048008212,6
64,18017,-42.890625,15.713861048008212,2
64,18022,-35.859375,15.713861048008212,1
64,18026,-30.234375000000057,15.713861048008212,1
64,18027,-28.828125,15.713861048008212,1
64,18028,-27.421875,15.713861048008212,7
64,18030,-24.609375,15.713861048008212,4
64,18031,-23.203125,15.713861048008212,8
64,18035,-17.578125,15.713861048008212,2
64,18036,-16.171875,15.713861048008212,23
64,18040,-10.546875,15.713861048008212,3
64,18041,-9.140625,15.713861048008212,8
64,18042,-7.734375,15.713861048008212,1
64,18043,-6.328125,15.713861048008212,2
64,18046,-2.109375,15.713861048008212,6
64,18048,0.0,15.094787099543197,6
64,18049,1.40625,15.094787099543197,2
64,18050,2.8125,15.094787099543197,13
64,18051,4.21875,15.094787099543197,4
64,18052,5.625,15.094787099543197,6
64,18053,7.03125,15.094787099543197,22
64,18054,8.4375,15.094787099543197,5
64,18055,9.84375,15.094787099543197,6
64,18056,11.25,15.094787099543197,12
64,18057,12.65625,15.094787099543197,3
64,18058,14.0625,15.094787099543197,8
64,18059,15.46875,15.094787099543197,1
64,18060,16.875,15.094787099543197,5
64,18061,18.28125,15.094787099543197,27
64,18063,21.09375,15.094787099543197,32
64,18064,22.5,15.094787099543197,9
64,18065,23.90625,15.094787099543197,19
64,18066,25.3125,15.094787099543197,15
64,18067,26.71875,15.094787099543197,20
64,18068,28.125,15.094787099543197,11
64,18069,29.53125,15.094787099543197,14
64,18070,30.9375,15.094787099543197,15
64,18071,32.34375,15.094787099543197,38
64,18072,33.75,15.094787099543197,19
64,18073,35.15625,15.094787099543197,44
64,18074,36.5625,15.094787099543197,14
64,18075,37.96875,15.094787099543197,12
64,18076,39.375,15.094787099543197,7
64,18077,40.78125,15.094787099543197,18
64,18078,42.1875,15.094787099543197,3
64,18079,43.59375,15.094787099543197,59
64,18080,45.0,15.094787099543197,13
64,18081,46.40625,15.094787099543197,32
64,18082,47.8125,15.094787099543197,15
64,18083,49.21875,15.094787099543197,19
64,18084,50.625,15.094787099543197,21
64,18085,52.03125,15.094787099543197,85
64,18086,53.4375,15.094787099543197,19
64,18087,54.84375,15.094787099543197,71
64,18088,56.25,15.094787099543197,65
64,18089,57.65625,15.094787099543197,35
64,18090,59.0625,15.094787099543197,21
64,18091,60.46875,15.094787099543197,43
64,18092,61.875,15.094787099543197,51
64,18093,63.28125,15.094787099543197,34
64,18094,64.6875,15.094787099543197,37
64,18095,66.09375,15.094787099543197,39
64,18096,67.5,15.094787099543197,51
64,18097,68.90625,15.094787099543197,101
64,18098,70.3125,15.094787099543197,61
64,18099,71.71875,15.094787099543197,55
64,18100,73.125,15.094787099543197,50
64,18101,74.53125,15.094787099543197,46
64,18102,75.9375,15.094787099543197,15
64,18103,77.34375,15.094787099543197,17
64,18104,78.75,15.094787099543197,37
64,18105,80.15625,15.094787099543197,36
64,18106,81.5625,15.094787099543197,19
64,18107,82.96875,15.094787099543197,44
64,18108,84.375,15.094787099543197,32
64,18109,85.78125,15.094787099543197,37
64,18110,87.1875,15.094787099543197,35
64,18111,88.59375,15.094787099543197,60
64,18112,90.0,15.094787099543197,24
64,18113,91.40625,15.094787099543197,27
64,18114,92.8125,15.094787099543197,19
64,18115,94.21875,15.094787099543197,45
64,18116,95.625,15.094787099543197,21
64,18117,97.03125,15.094787099543197,29
64,18118,98.4375,15.094787099543197,105
64,18119,99.84375,15.094787099543197,103
64,18120,101.25,15.094787099543197,60
64,18121,102.65625,15.094787099543197,57
64,18122,104.0625,15.094787099543197,55
64,18123,105.46875,15.094787099543197,36
64,18124,106.875,15.094787099543197,56
64,18125,108.28125,15.094787099543197,51
64,18126,109.6875,15.094787099543197,39
64,18127,111.09375,15.094787099543197,53
64,18128,112.5,15.094787099543197,20
64,18129,113.90625,15.094787099543197,32
64,18130,115.3125,15.094787099543197,61
64,18131,116.71875,15.094787099543197,18
64,18132,118.125,15.094787099543197,56
64,18133,119.53125,15.094787099543197,57
64,18134,120.9375,15.094787099543197,17
64,18135,122.34375,15.094787099543197,35
64,18136,123.75,15.094787099543197,74
64,18137,125.15625,15.094787099543197,6
64,18138,126.5625,15.094787099543197,30
64,18139,127.96875,15.094787099543197,47
64,18140,129.375,15.094787099543197,73
64,18141,130.78125,15.094787099543197,35
64,18142,132.1875,15.094787099543197,102
64,18143,133.59375,15.094787099543197,49
64,18144,135.0,15.094787099543197,71
64,18145,136.40625,15.094787099543197,9
64,18146,137.8125,15.094787099543197,87
64,18147,139.21875,15.094787099543197,17
64,18148,140.625,15.094787099543197,58
64,18149,142.03125,15.094787099543197,9
64,18150,143.4375,15.094787099543197,39
64,18151,144.84375,15.094787099543197,22
64,18152,146.25,15.094787099543197,58
64,18153,147.65625,15.094787099543197,25
64,18154,149.0625,15.094787099543197,41
64,18155,150.46875,15.094787099543197,18
64,18156,151.875,15.094787099543197,31
64,18157,153.28125,15.094787099543197,25
64,18158,154.6875,15.094787099543197,51
64,18159,156.09375,15.094787099543197,20
64,18160,157.5,15.094787099543197,48
64,18161,158.90625,15.094787099543197,44
64,18162,160.3125,15.094787099543197,97
64,18163,161.71875,15.094787099543197,40
64,18164,163.125,15.094787099543197,79
64,18165,164.53125,15.094787099543197,24
64,18166,165.9375,15.094787099543197,73
64,18167,167.34375,15.094787099543197,51
64,18168,168.75,15.094787099543197,81
64,18169,170.15625,15.094787099543197,58
64,18170,171.5625,15.094787099543197,109
64,18171,172.96875,15.094787099543197,19
64,18172,174.375,15.094787099543197,71
64,18173,175.78125,15.094787099543197,71
64,18174,177.1875,15.094787099543197,95
64,18175,178.59375,15.094787099543197,49
64,18176,-180.0,15.094787099543197,77
64,18177,-178.59375,15.094787099543197,62
64,18178,-177.1875,15.094787099543197,29
64,18179,-175.78125,15.094787099543197,22
64,18180,-174.375,15.094787099543197,10
64,18181,-172.96875,15.094787099543197,26
64,18182,-171.5625,15.094787099543197,17
64,18183,-170.15625,15.094787099543197,15
64,18184,-168.75,15.094787099543197,19
64,18185,-167.34375,15.094787099543197,27
64,18186,-165.9375,15.094787099543197,33
64,18187,-164.53125,15.094787099543197,20
64,18188,-163.125,15.094787099543197,7
64,18189,-161.71875,15.094787099543197,7
64,18190,-160.3125,15.094787099543197,23
64,18191,-158.90625,15.094787099543197,31
64,18192,-157.5,15.094787099543197,9
64,18193,-156.09375,15.094787099543197,31
64,18194,-154.6875,15.094787099543197,35
64,18195,-153.28125,15.094787099543197,116
64,18196,-151.875,15.094787099543197,68
64,18197,-150.46875,15.094787099543197,91
64,18198,-149.0625,15.094787099543197,35
64,18199,-147.65625,15.094787099543197,132
64,18200,-146.25,15.094787099543197,88
64,18201,-144.84375,15.094787099543197,116
64,18202,-143.4375,15.094787099543197,82
64,18203,-142.03125,15.094787099543197,213
64,18204,-140.625,15.094787099543197,92
64,18205,-139.21875,15.094787099543197,17
64,18206,-137.8125,15.094787099543197,14
64,18207,-136.40625,15.094787099543197,39
64,18208,-135.0,15.094787099543197,16
64,18209,-133.59375,15.094787099543197,36
64,18210,-132.1875,15.094787099543197,4
64,18211,-130.78125,15.094787099543197,23
64,18213,-127.96875,15.094787099543197,25
64,18214,-126.5625,15.094787099543197,10
64,18215,-125.15625,15.094787099543197,14
64,18216,-123.75,15.094787099543197,9
64,18217,-122.34375,15.094787099543197,17
64,18218,-120.9375,15.094787099543197,37
64,18219,-119.53125000000006,15.094787099543197,5
64,18220,-118.125,15.094787099543197,23
64,18221,-116.71875,15.094787099543197,12
64,18222,-115.3125,15.094787099543197,8
64,18223,-113.90625000000011,15.094787099543197,29
64,18224,-112.5,15.094787099543197,27
64,18225,-111.09375,15.094787099543197,11
64,18226,-109.6875,15.094787099543197,10
64,18227,-108.28125,15.094787099543197,28
64,18228,-106.875,15.094787099543197,19
64,18229,-105.46875,15.094787099543197,16
64,18230,-104.06250000000006,15.094787099543197,24
64,18231,-102.65625,15.094787099543197,21
64,18232,-101.25,15.094787099543197,9
64,18233,-99.84375,15.094787099543197,9
64,18234,-98.43750000000006,15.094787099543197,24
64,18235,-97.03125,15.094787099543197,14
64,18236,-95.625,15.094787099543197,12
64,18237,-94.21875000000006,15.094787099543197,5
64,18238,-92.8125,15.094787099543197,13
64,18239,-91.40625,15.094787099543197,1
64,18240,-90.0,15.094787099543197,4
64,18241,-88.59375000000006,15.094787099543197,10
64,18242,-87.1875,15.094787099543197,8
64,18243,-85.78125,15.094787099543197,24
64,18244,-84.375,15.094787099543197,12
64,18245,-82.96875000000006,15.094787099543197,5
64,18246,-81.5625,15.094787099543197,4
64,18247,-80.15625,15.094787099543197,6
64,18248,-78.75000000000006,15.094787099543197,6
64,18249,-77.34375,15.094787099543197,4
64,18250,-75.9375,15.094787099543197,1
64,18251,-74.53125,15.094787099543197,9
64,18252,-73.12500000000006,15.094787099543197,15
64,18253,-71.71875,15.094787099543197,4
64,18255,-68.90625,15.094787099543197,20
64,18257,-66.09375,15.094787099543197,2
64,18259,-63.28125000000006,15.094787099543197,6
64,18263,-57.65625000000006,15.094787099543197,1
64,18265,-54.84375,15.094787099543197,6
64,18266,-53.43750000000006,15.094787099543197,1
64,18267,-52.03125,15.094787099543197,1
64,18268,-50.625,15.094787099543197,1
64,18269,-49.21875000000006,15.094787099543197,2
64,18270,-47.81250000000006,15.094787099543197,3
64,18279,-35.15625,15.094787099543197,3
64,18281,-32.34375000000006,15.094787099543197,9
64,18283,-29.53125,15.094787099543197,3
64,18284,-28.125,15.094787099543197,2
64,18285,-26.71875,15.094787099543197,3
64,18288,-22.5,15.094787099543197,10
64,18289,-21.09375,15.094787099543197,8
64,18291,-18.28125,15.094787099543197,2
64,18292,-16.875,15.094787099543197,10
64,18293,-15.46875,15.094787099543197,6
64,18295,-12.65625,15.094787099543197,1
64,18297,-9.84375,15.094787099543197,3
64,18298,-8.4375,15.094787099543197,7
64,18301,-4.21875,15.094787099543197,1
64,18305,2.109375,14.477512185929925,4
64,18306,3.515625,14.477512185929925,23
64,18307,4.921875,14.477512185929925,9
64,18308,6.328125,14.477512185929925,9
64,18309,7.734375,14.477512185929925,21
64,18310,9.140625,14.477512185929925,6
64,18311,10.546875,14.477512185929925,20
64,18312,11.953125,14.477512185929925,30
64,18313,13.359375,14.477512185929925,22
64,18314,14.765625,14.477512185929925,21
64,18315,16.171875,14.477512185929925,7
64,18316,17.578125,14.477512185929925,11
64,18317,18.984375,14.477512185929925,27
64,18318,20.390625,14.477512185929925,19
64,18319,21.796875,14.477512185929925,24
64,18320,23.203125,14.477512185929925,14
64,18321,24.609375,14.477512185929925,24
64,18322,26.015625,14.477512185929925,11
64,18323,27.421875,14.477512185929925,6
64,18324,28.828125,14.477512185929925,18
64,18325,30.234375,14.477512185929925,28
64,18326,31.640625,14.477512185929925,7
64,18327,33.046875,14.477512185929925,38
64,18328,34.453125,14.477512185929925,14
64,18329,35.859375,14.477512185929925,33
64,18330,37.265625,14.477512185929925,24
64,18331,38.671875,14.477512185929925,12
64,18332,40.078125,14.477512185929925,31
64,18333,41.484375,14.477512185929925,11
64,18334,42.890625,14.477512185929925,20
64,18335,44.296875,14.477512185929925,10
64,18336,45.703125,14.477512185929925,26
64,18337,47.109375,14.477512185929925,34
64,18338,48.515625,14.477512185929925,80
64,18339,49.921875,14.477512185929925,44
64,18340,51.328125,14.477512185929925,60
64,18341,52.734375,14.477512185929925,44
64,18342,54.140625,14.477512185929925,45
64,18343,55.546875,14.477512185929925,41
64,18344,56.953125,14.477512185929925,24
64,18345,58.359375,14.477512185929925,17
64,18346,59.765625,14.477512185929925,43
64,18347,61.171875,14.477512185929925,4
64,18348,62.578125,14.477512185929925,50
64,18349,63.984375,14.477512185929925,20
64,18350,65.390625,14.477512185929925,40
64,18351,66.796875,14.477512185929925,35
64,18352,68.203125,14.477512185929925,55
64,18353,69.609375,14.477512185929925,28
64,18354,71.015625,14.477512185929925,56
64,18355,72.421875,14.477512185929925,32
64,18356,73.828125,14.477512185929925,34
64,18357,75.234375,14.477512185929925,28
64,18358,76.640625,14.477512185929925,8
64,18359,78.046875,14.477512185929925,38
64,18360,79.453125,14.477512185929925,46
64,18361,80.859375,14.477512185929925,63
64,18362,82.265625,14.477512185929925,51
64,18363,83.671875,14.477512185929925,40
64,18364,85.078125,14.477512185929925,69
64,18365,86.484375,14.477512185929925,44
64,18366,87.890625,14.477512185929925,47
64,18367,89.296875,14.477512185929925,29
64,18368,90.703125,14.477512185929925,27
64,18369,92.109375,14.477512185929925,54
64,18370,93.515625,14.477512185929925,48
64,18371,94.921875,14.477512185929925,44
64,18372,96.328125,14.477512185929925,22
64,18373,97.734375,14.477512185929925,29
64,18374,99.140625,14.477512185929925,41
64,18375,100.546875,14.477512185929925,61
64,18376,101.953125,14.477512185929925,36
64,18377,103.359375,14.477512185929925,31
64,18378,104.765625,14.477512185929925,47
64,18379,106.171875,14.477512185929925,34
64,18380,107.578125,14.477512185929925,22
64,18381,108.984375,14.477512185929925,20
64,18382,110.390625,14.477512185929925,22
64,18383,111.796875,14.477512185929925,39
64,18384,113.203125,14.477512185929925,39
64,18385,114.609375,14.477512185929925,15
64,18386,116.015625,14.477512185929925,9
64,18387,117.421875,14.477512185929925,38
64,18388,118.828125,14.477512185929925,23
64,18389,120.234375,14.477512185929925,29
64,18390,121.640625,14.477512185929925,17
64,18391,123.04687499999994,14.477512185929925,31
64,18392,124.453125,14.477512185929925,16
64,18393,125.859375,14.477512185929925,36
64,18394,127.265625,14.477512185929925,40
64,18395,128.671875,14.477512185929925,49
64,18396,130.078125,14.477512185929925,60
64,18397,131.484375,14.477512185929925,86
64,18398,132.890625,14.477512185929925,51
64,18399,134.296875,14.477512185929925,63
64,18400,135.703125,14.477512185929925,37
64,18401,137.109375,14.477512185929925,44
64,18402,138.515625,14.477512185929925,22
64,18403,139.921875,14.477512185929925,25
64,18404,141.328125,14.477512185929925,28
64,18405,142.734375,14.477512185929925,38
64,18406,144.140625,14.477512185929925,67
64,18407,145.546875,14.477512185929925,30
64,18408,146.953125,14.477512185929925,22
64,18409,148.359375,14.477512185929925,52
64,18410,149.765625,14.477512185929925,57
64,18411,151.171875,14.477512185929925,46
64,18412,152.578125,14.477512185929925,34
64,18413,153.984375,14.477512185929925,74
64,18414,155.390625,14.477512185929925,32
64,18415,156.796875,14.477512185929925,60
64,18416,158.203125,14.477512185929925,64
64,18417,159.609375,14.477512185929925,93
64,18418,161.015625,14.477512185929925,34
64,18419,162.421875,14.477512185929925,60
64,18420,163.828125,14.477512185929925,21
64,18421,165.234375,14.477512185929925,50
64,18422,166.640625,14.477512185929925,20
64,18423,168.046875,14.477512185929925,84
64,18424,169.453125,14.477512185929925,36
64,18425,170.859375,14.477512185929925,117
64,18426,172.265625,14.477512185929925,42
64,18427,173.671875,14.477512185929925,71
64,18428,175.078125,14.477512185929925,54
64,18429,176.484375,14.477512185929925,64
64,18430,177.890625,14.477512185929925,74
64,18431,179.296875,14.477512185929925,105
64,18432,-179.296875,14.477512185929925,39
64,18433,-177.890625,14.477512185929925,85
64,18434,-176.484375,14.477512185929925,43
64,18435,-175.078125,14.477512185929925,51
64,18436,-173.671875,14.477512185929925,25
64,18437,-172.265625,14.477512185929925,47
64,18438,-170.859375,14.477512185929925,17
64,18439,-169.453125,14.477512185929925,29
64,18440,-168.046875,14.477512185929925,30
64,18441,-166.640625,14.477512185929925,43
64,18442,-165.234375,14.477512185929925,13
64,18443,-163.828125,14.477512185929925,58
64,18444,-162.421875,14.477512185929925,35
64,18445,-161.015625,14.477512185929925,22
64,18446,-159.609375,14.477512185929925,11
64,18447,-158.203125,14.477512185929925,23
64,18448,-156.796875,14.477512185929925,34
64,18449,-155.390625,14.477512185929925,18
64,18450,-153.984375,14.477512185929925,4
64,18451,-152.578125,14.477512185929925,65
64,18452,-151.171875,14.477512185929925,72
64,18453,-149.765625,14.477512185929925,136
64,18454,-148.359375,14.477512185929925,83
64,18455,-146.953125,14.477512185929925,83
64,18456,-145.546875,14.477512185929925,103
64,18457,-144.140625,14.477512185929925,91
64,18458,-142.734375,14.477512185929925,127
64,18459,-141.328125,14.477512185929925,44
64,18460,-139.921875,14.477512185929925,39
64,18461,-138.515625,14.477512185929925,39
64,18462,-137.109375,14.477512185929925,46
64,18463,-135.703125,14.477512185929925,23
64,18464,-134.296875,14.477512185929925,24
64,18465,-132.890625,14.477512185929925,13
64,18466,-131.484375,14.477512185929925,18
64,18467,-130.078125,14.477512185929925,7
64,18468,-128.671875,14.477512185929925,10
64,18469,-127.26562500000006,14.477512185929925,5
64,18471,-124.453125,14.477512185929925,3
64,18472,-123.046875,14.477512185929925,21
64,18473,-121.64062500000011,14.477512185929925,24
64,18474,-120.234375,14.477512185929925,21
64,18475,-118.828125,14.477512185929925,15
64,18476,-117.421875,14.477512185929925,17
64,18477,-116.015625,14.477512185929925,6
64,18478,-114.609375,14.477512185929925,21
64,18479,-113.203125,14.477512185929925,14
64,18480,-111.79687500000006,14.477512185929925,21
64,18481,-110.390625,14.477512185929925,1
64,18483,-107.578125,14.477512185929925,8
64,18484,-106.17187500000011,14.477512185929925,9
64,18485,-104.765625,14.477512185929925,21
64,18486,-103.359375,14.477512185929925,14
64,18487,-101.95312500000006,14.477512185929925,3
64,18488,-100.546875,14.477512185929925,13
64,18489,-99.140625,14.477512185929925,11
64,18490,-97.734375,14.477512185929925,2
64,18491,-96.32812500000006,14.477512185929925,8
64,18492,-94.921875,14.477512185929925,7
64,18494,-92.109375,14.477512185929925,32
64,18496,-89.296875,14.477512185929925,6
64,18497,-87.890625,14.477512185929925,1
64,18498,-86.48437500000006,14.477512185929925,2
64,18499,-85.078125,14.477512185929925,4
64,18500,-83.671875,14.477512185929925,7
64,18501,-82.265625,14.477512185929925,1
64,18502,-80.85937500000006,14.477512185929925,1
64,18503,-79.453125,14.477512185929925,6
64,18504,-78.046875,14.477512185929925,3
64,18505,-76.640625,14.477512185929925,5
64,18506,-75.23437500000006,14.477512185929925,4
64,18507,-73.828125,14.477512185929925,5
64,18508,-72.421875,14.477512185929925,1
64,18510,-69.609375,14.477512185929925,6
64,18511,-68.203125,14.477512185929925,2
64,18512,-66.796875,14.477512185929925,1
64,18513,-65.39062500000006,14.477512185929925,1
64,18514,-63.984375,14.477512185929925,2
64,18515,-62.578125,14.477512185929925,2
64,18516,-61.171875,14.477512185929925,2
64,18519,-56.953125,14.477512185929925,7
64,18524,-49.92187500000006,14.477512185929925,9
64,18525,-48.515625,14.477512185929925,1
64,18530,-41.48437500000006,14.477512185929925,1
64,18531,-40.07812500000006,14.477512185929925,8
64,18532,-38.671875,14.477512185929925,1
64,18536,-33.046875,14.477512185929925,11
64,18539,-28.828125,14.477512185929925,4
64,18542,-24.609375,14.477512185929925,5
64,18543,-23.203125,14.477512185929925,5
64,18544,-21.796875,14.477512185929925,10
64,18545,-20.390625,14.477512185929925,3
64,18546,-18.984375,14.477512185929925,10
64,18548,-16.171875,14.477512185929925,1
64,18549,-14.765625,14.477512185929925,2
64,18550,-13.359375,14.477512185929925,8
64,18552,-10.546875,14.477512185929925,1
64,18553,-9.140625,14.477512185929925,5
64,18554,-7.734375,14.477512185929925,13
64,18556,-4.921875,14.477512185929925,3
64,18557,-3.515625,14.477512185929925,7
64,18558,-2.109375,14.477512185929925,3
64,18560,0.0,13.861949672048638,8
64,18561,1.40625,13.861949672048638,9
64,18563,4.21875,13.861949672048638,3
64,18564,5.625,13.861949672048638,18
64,18565,7.03125,13.861949672048638,11
64,18567,9.84375,13.861949672048638,18
64,18568,11.25,13.861949672048638,17
64,18569,12.65625,13.861949672048638,5
64,18570,14.0625,13.861949672048638,33
64,18571,15.46875,13.861949672048638,12
64,18572,16.875,13.861949672048638,14
64,18573,18.28125,13.861949672048638,23
64,18574,19.6875,13.861949672048638,39
64,18575,21.09375,13.861949672048638,66
64,18576,22.5,13.861949672048638,28
64,18577,23.90625,13.861949672048638,43
64,18578,25.3125,13.861949672048638,48
64,18579,26.71875,13.861949672048638,22
64,18580,28.125,13.861949672048638,14
64,18581,29.53125,13.861949672048638,17
64,18582,30.9375,13.861949672048638,17
64,18583,32.34375,13.861949672048638,12
64,18584,33.75,13.861949672048638,28
64,18585,35.15625,13.861949672048638,23
64,18586,36.5625,13.861949672048638,38
64,18587,37.96875,13.861949672048638,17
64,18588,39.375,13.861949672048638,22
64,18589,40.78125,13.861949672048638,44
64,18590,42.1875,13.861949672048638,27
64,18591,43.59375,13.861949672048638,48
64,18592,45.0,13.861949672048638,36
64,18593,46.40625,13.861949672048638,58
64,18594,47.8125,13.861949672048638,51
64,18595,49.21875,13.861949672048638,49
64,18596,50.625,13.861949672048638,69
64,18597,52.03125,13.861949672048638,27
64,18598,53.4375,13.861949672048638,39
64,18599,54.84375,13.861949672048638,23
64,18600,56.25,13.861949672048638,40
64,18601,57.65625,13.861949672048638,50
64,18602,59.0625,13.861949672048638,47
64,18603,60.46875,13.861949672048638,29
64,18604,61.875,13.861949672048638,50
64,18605,63.28125,13.861949672048638,74
64,18606,64.6875,13.861949672048638,54
64,18607,66.09375,13.861949672048638,64
64,18608,67.5,13.861949672048638,53
64,18609,68.90625,13.861949672048638,20
64,18610,70.3125,13.861949672048638,48
64,18611,71.71875,13.861949672048638,50
64,18612,73.125,13.861949672048638,64
64,18613,74.53125,13.861949672048638,30
64,18614,75.9375,13.861949672048638,47
64,18615,77.34375,13.861949672048638,46
64,18616,78.75,13.861949672048638,76
64,18617,80.15625,13.861949672048638,42
64,18618,81.5625,13.861949672048638,39
64,18619,82.96875,13.861949672048638,34
64,18620,84.375,13.861949672048638,34
64,18621,85.78125,13.861949672048638,48
64,18622,87.1875,13.861949672048638,24
64,18623,88.59375,13.861949672048638,43
64,18624,90.0,13.861949672048638,27
64,18625,91.40625,13.861949672048638,45
64,18626,92.8125,13.861949672048638,21
64,18627,94.21875,13.861949672048638,37
64,18628,95.625,13.861949672048638,48
64,18629,97.03125,13.861949672048638,50
64,18630,98.4375,13.861949672048638,53
64,18631,99.84375,13.861949672048638,59
64,18632,101.25,13.861949672048638,70
64,18633,102.65625,13.861949672048638,62
64,18634,104.0625,13.861949672048638,46
64,18635,105.46875,13.861949672048638,53
64,18636,106.875,13.861949672048638,33
64,18637,108.28125,13.861949672048638,41
64,18638,109.6875,13.861949672048638,42
64,18639,111.09375,13.861949672048638,44
64,18640,112.5,13.861949672048638,41
64,18641,113.90625,13.861949672048638,19
64,18642,115.3125,13.861949672048638,56
64,18643,116.71875,13.861949672048638,40
64,18644,118.125,13.861949672048638,19
64,18645,119.53125,13.861949672048638,32
64,18646,120.9375,13.861949672048638,46
64,18647,122.34375,13.861949672048638,48
64,18648,123.75,13.861949672048638,31
64,18649,125.15625,13.861949672048638,26
64,18650,126.5625,13.861949672048638,33
64,18651,127.96875,13.861949672048638,45
64,18652,129.375,13.861949672048638,63
64,18653,130.78125,13.861949672048638,64
64,18654,132.1875,13.861949672048638,63
64,18655,133.59375,13.861949672048638,49
64,18656,135.0,13.861949672048638,110
64,18657,136.40625,13.861949672048638,87
64,18658,137.8125,13.861949672048638,31
64,18659,139.21875,13.861949672048638,36
64,18660,140.625,13.861949672048638,59
64,18661,142.03125,13.861949672048638,24
64,18662,143.4375,13.861949672048638,31
64,18663,144.84375,13.861949672048638,15
64,18664,146.25,13.861949672048638,28
64,18665,147.65625,13.861949672048638,10
64,18666,149.0625,13.861949672048638,31
64,18667,150.46875,13.861949672048638,48
64,18668,151.875,13.861949672048638,51
64,18669,153.28125,13.861949672048638,23
64,18670,154.6875,13.861949672048638,56
64,18671,156.09375,13.861949672048638,55
64,18672,157.5,13.861949672048638,106
64,18673,158.90625,13.861949672048638,95
64,18674,160.3125,13.861949672048638,121
64,18675,161.71875,13.861949672048638,59
64,18676,163.125,13.861949672048638,38
64,18677,164.53125,13.861949672048638,17
64,18678,165.9375,13.861949672048638,58
64,18679,167.34375,13.861949672048638,30
64,18680,168.75,13.861949672048638,67
64,18681,170.15625,13.861949672048638,92
64,18682,171.5625,13.861949672048638,130
64,18683,172.96875,13.861949672048638,44
64,18684,174.375,13.861949672048638,146
64,18685,175.78125,13.861949672048638,153
64,18686,177.1875,13.861949672048638,122
64,18687,178.59375,13.861949672048638,109
64,18688,-180.0,13.861949672048638,72
64,18689,-178.59375,13.861949672048638,51
64,18690,-177.1875,13.861949672048638,48
64,18691,-175.78125,13.861949672048638,51
64,18692,-174.375,13.861949672048638,46
64,18693,-172.96875,13.861949672048638,23
64,18694,-171.5625,13.861949672048638,18
64,18695,-170.15625,13.861949672048638,35
64,18696,-168.75,13.861949672048638,34
64,18697,-167.34375,13.861949672048638,26
64,18698,-165.9375,13.861949672048638,30
64,18699,-164.53125,13.861949672048638,17
64,18700,-163.125,13.861949672048638,48
64,18701,-161.71875,13.861949672048638,21
64,18702,-160.3125,13.861949672048638,31
64,18703,-158.90625,13.861949672048638,28
64,18704,-157.5,13.861949672048638,43
64,18705,-156.09375,13.861949672048638,19
64,18706,-154.6875,13.861949672048638,15
64,18707,-153.28125,13.861949672048638,6
64,18708,-151.875,13.861949672048638,86
64,18709,-150.46875,13.861949672048638,116
64,18710,-149.0625,13.861949672048638,101
64,18711,-147.65625,13.861949672048638,78
64,18712,-146.25,13.861949672048638,90
64,18713,-144.84375,13.861949672048638,117
64,18714,-143.4375,13.861949672048638,50
64,18715,-142.03125,13.861949672048638,101
64,18716,-140.625,13.861949672048638,17
64,18717,-139.21875,13.861949672048638,43
64,18718,-137.8125,13.861949672048638,18
64,18719,-136.40625,13.861949672048638,12
64,18720,-135.0,13.861949672048638,16
64,18721,-133.59375,13.861949672048638,36
64,18722,-132.1875,13.861949672048638,18
64,18723,-130.78125,13.861949672048638,12
64,18725,-127.96875,13.861949672048638,6
64,18726,-126.5625,13.861949672048638,11
64,18727,-125.15625,13.861949672048638,17
64,18728,-123.75,13.861949672048638,20
64,18729,-122.34375,13.861949672048638,26
64,18730,-120.9375,13.861949672048638,6
64,18731,-119.53125000000006,13.861949672048638,40
64,18732,-118.125,13.861949672048638,26
64,18733,-116.71875,13.861949672048638,21
64,18734,-115.3125,13.861949672048638,10
64,18735,-113.90625000000011,13.861949672048638,26
64,18736,-112.5,13.861949672048638,22
64,18737,-111.09375,13.861949672048638,12
64,18738,-109.6875,13.861949672048638,14
64,18739,-108.28125,13.861949672048638,1
64,18740,-106.875,13.861949672048638,15
64,18741,-105.46875,13.861949672048638,3
64,18742,-104.06250000000006,13.861949672048638,14
64,18743,-102.65625,13.861949672048638,14
64,18744,-101.25,13.861949672048638,9
64,18745,-99.84375,13.861949672048638,11
64,18746,-98.43750000000006,13.861949672048638,11
64,18747,-97.03125,13.861949672048638,11
64,18748,-95.625,13.861949672048638,2
64,18749,-94.21875000000006,13.861949672048638,2
64,18750,-92.8125,13.861949672048638,20
64,18751,-91.40625,13.861949672048638,2
64,18753,-88.59375000000006,13.861949672048638,8
64,18754,-87.1875,13.861949672048638,13
64,18755,-85.78125,13.861949672048638,6
64,18756,-84.375,13.861949672048638,2
64,18757,-82.96875000000006,13.861949672048638,6
64,18758,-81.5625,13.861949672048638,9
64,18759,-80.15625,13.861949672048638,4
64,18760,-78.75000000000006,13.861949672048638,7
64,18761,-77.34375,13.861949672048638,13
64,18762,-75.9375,13.861949672048638,5
64,18763,-74.53125,13.861949672048638,2
64,18764,-73.12500000000006,13.861949672048638,5
64,18765,-71.71875,13.861949672048638,7
64,18766,-70.3125,13.861949672048638,1
64,18767,-68.90625,13.861949672048638,2
64,18768,-67.5,13.861949672048638,8
64,18770,-64.6875,13.861949672048638,2
64,18771,-63.28125000000006,13.861949672048638,4
64,18772,-61.875,13.861949672048638,5
64,18778,-53.43750000000006,13.861949672048638,3
64,18781,-49.21875000000006,13.861949672048638,2
64,18782,-47.81250000000006,13.861949672048638,2
64,18783,-46.40625,13.861949672048638,3
64,18784,-45.0,13.861949672048638,6
64,18786,-42.18750000000006,13.861949672048638,7
64,18787,-40.78125,13.861949672048638,3
64,18788,-39.375,13.861949672048638,4
64,18789,-37.96875000000006,13.861949672048638,1
64,18790,-36.5625,13.861949672048638,2
64,18791,-35.15625,13.861949672048638,1
64,18793,-32.34375000000006,13.861949672048638,12
64,18794,-30.9375,13.861949672048638,3
64,18796,-28.125,13.861949672048638,1
64,18798,-25.3125,13.861949672048638,3
64,18800,-22.5,13.861949672048638,20
64,18801,-21.09375,13.861949672048638,5
64,18802,-19.6875,13.861949672048638,1
64,18803,-18.28125,13.861949672048638,4
64,18804,-16.875,13.861949672048638,3
64,18805,-15.46875,13.861949672048638,1
64,18806,-14.0625,13.861949672048638,3
64,18807,-12.65625,13.861949672048638,2
64,18809,-9.84375,13.861949672048638,4
64,18810,-8.4375,13.861949672048638,5
64,18811,-7.03125,13.861949672048638,7
64,18812,-5.625,13.861949672048638,5
64,18813,-4.21875,13.861949672048638,2
64,18814,-2.8125,13.861949672048638,2
64,18816,0.703125,13.248014905676953,6
64,18820,6.328125,13.248014905676953,3
64,18821,7.734375,13.248014905676953,44
64,18822,9.140625,13.248014905676953,22
64,18823,10.546875,13.248014905676953,12
64,18824,11.953125,13.248014905676953,19
64,18825,13.359375,13.248014905676953,13
64,18826,14.765625,13.248014905676953,40
64,18827,16.171875,13.248014905676953,18
64,18828,17.578125,13.248014905676953,30
64,18829,18.984375,13.248014905676953,32
64,18830,20.390625,13.248014905676953,33
64,18831,21.796875,13.248014905676953,32
64,18832,23.203125,13.248014905676953,46
64,18833,24.609375,13.248014905676953,46
64,18834,26.015625,13.248014905676953,30
64,18835,27.421875,13.248014905676953,35
64,18836,28.828125,13.248014905676953,31
64,18837,30.234375,13.248014905676953,31
64,18838,31.640625,13.248014905676953,47
64,18839,33.046875,13.248014905676953,66
64,18840,34.453125,13.248014905676953,26
64,18841,35.859375,13.248014905676953,40
64,18842,37.265625,13.248014905676953,39
64,18843,38.671875,13.248014905676953,34
64,18844,40.078125,13.248014905676953,14
64,18845,41.484375,13.248014905676953,31
64,18846,42.890625,13.248014905676953,56
64,18847,44.296875,13.248014905676953,105
64,18848,45.703125,13.248014905676953,61
64,18849,47.109375,13.248014905676953,55
64,18850,48.515625,13.248014905676953,67
64,18851,49.921875,13.248014905676953,78
64,18852,51.328125,13.248014905676953,64
64,18853,52.734375,13.248014905676953,41
64,18854,54.140625,13.248014905676953,12
64,18855,55.546875,13.248014905676953,21
64,18856,56.953125,13.248014905676953,29
64,18857,58.359375,13.248014905676953,47
64,18858,59.765625,13.248014905676953,20
64,18859,61.171875,13.248014905676953,75
64,18860,62.578125,13.248014905676953,38
64,18861,63.984375,13.248014905676953,47
64,18862,65.390625,13.248014905676953,69
64,18863,66.796875,13.248014905676953,45
64,18864,68.203125,13.248014905676953,70
64,18865,69.609375,13.248014905676953,64
64,18866,71.015625,13.248014905676953,51
64,18867,72.421875,13.248014905676953,62
64,18868,73.828125,13.248014905676953,59
64,18869,75.234375,13.248014905676953,55
64,18870,76.640625,13.248014905676953,55
64,18871,78.046875,13.248014905676953,34
64,18872,79.453125,13.248014905676953,28
64,18873,80.859375,13.248014905676953,18
64,18874,82.265625,13.248014905676953,31
64,18875,83.671875,13.248014905676953,45
64,18876,85.078125,13.248014905676953,61
64,18877,86.484375,13.248014905676953,29
64,18878,87.890625,13.248014905676953,19
64,18879,89.296875,13.248014905676953,39
64,18880,90.703125,13.248014905676953,53
64,18881,92.109375,13.248014905676953,38
64,18882,93.515625,13.248014905676953,48
64,18883,94.921875,13.248014905676953,37
64,18884,96.328125,13.248014905676953,55
64,18885,97.734375,13.248014905676953,49
64,18886,99.140625,13.248014905676953,56
64,18887,100.546875,13.248014905676953,89
64,18888,101.953125,13.248014905676953,80
64,18889,103.359375,13.248014905676953,61
64,18890,104.765625,13.248014905676953,57
64,18891,106.171875,13.248014905676953,47
64,18892,107.578125,13.248014905676953,46
64,18893,108.984375,13.248014905676953,61
64,18894,110.390625,13.248014905676953,39
64,18895,111.796875,13.248014905676953,57
64,18896,113.203125,13.248014905676953,64
64,18897,114.609375,13.248014905676953,49
64,18898,116.015625,13.248014905676953,39
64,18899,117.421875,13.248014905676953,34
64,18900,118.828125,13.248014905676953,46
64,18901,120.234375,13.248014905676953,57
64,18902,121.640625,13.248014905676953,52
64,18903,123.04687499999994,13.248014905676953,21
64,18904,124.453125,13.248014905676953,33
64,18905,125.859375,13.248014905676953,61
64,18906,127.265625,13.248014905676953,30
64,18907,128.671875,13.248014905676953,50
64,18908,130.078125,13.248014905676953,73
64,18909,131.484375,13.248014905676953,75
64,18910,132.890625,13.248014905676953,97
64,18911,134.296875,13.248014905676953,56
64,18912,135.703125,13.248014905676953,72
64,18913,137.109375,13.248014905676953,61
64,18914,138.515625,13.248014905676953,72
64,18915,139.921875,13.248014905676953,50
64,18916,141.328125,13.248014905676953,49
64,18917,142.734375,13.248014905676953,23
64,18918,144.140625,13.248014905676953,44
64,18919,145.546875,13.248014905676953,44
64,18920,146.953125,13.248014905676953,55
64,18921,148.359375,13.248014905676953,61
64,18922,149.765625,13.248014905676953,42
64,18923,151.171875,13.248014905676953,37
64,18924,152.578125,13.248014905676953,57
64,18925,153.984375,13.248014905676953,28
64,18926,155.390625,13.248014905676953,54
64,18927,156.796875,13.248014905676953,48
64,18928,158.203125,13.248014905676953,94
64,18929,159.609375,13.248014905676953,54
64,18930,161.015625,13.248014905676953,126
64,18931,162.421875,13.248014905676953,86
64,18932,163.828125,13.248014905676953,117
64,18933,165.234375,13.248014905676953,71
64,18934,166.640625,13.248014905676953,50
64,18935,168.046875,13.248014905676953,66
64,18936,169.453125,13.248014905676953,128
64,18937,170.859375,13.248014905676953,81
64,18938,172.265625,13.248014905676953,103
64,18939,173.671875,13.248014905676953,73
64,18940,175.078125,13.248014905676953,70
64,18941,176.484375,13.248014905676953,207
64,18942,177.890625,13.248014905676953,191
64,18943,179.296875,13.248014905676953,121
64,18944,-179.296875,13.248014905676953,104
64,18945,-177.890625,13.248014905676953,83
64,18946,-176.484375,13.248014905676953,37
64,18947,-175.078125,13.248014905676953,54
64,18948,-173.671875,13.248014905676953,28
64,18949,-172.265625,13.248014905676953,12
64,18950,-170.859375,13.248014905676953,23
64,18951,-169.453125,13.248014905676953,25
64,18952,-168.046875,13.248014905676953,27
64,18953,-166.640625,13.248014905676953,20
64,18954,-165.234375,13.248014905676953,5
64,18955,-163.828125,13.248014905676953,21
64,18956,-162.421875,13.248014905676953,30
64,18957,-161.015625,13.248014905676953,35
64,18958,-159.609375,13.248014905676953,33
64,18959,-158.203125,13.248014905676953,36
64,18960,-156.796875,13.248014905676953,39
64,18961,-155.390625,13.248014905676953,61
64,18962,-153.984375,13.248014905676953,2
64,18963,-152.578125,13.248014905676953,55
64,18964,-151.171875,13.248014905676953,129
64,18965,-149.765625,13.248014905676953,143
64,18966,-148.359375,13.248014905676953,75
64,18967,-146.953125,13.248014905676953,150
64,18968,-145.546875,13.248014905676953,80
64,18969,-144.140625,13.248014905676953,103
64,18970,-142.734375,13.248014905676953,95
64,18971,-141.328125,13.248014905676953,98
64,18972,-139.921875,13.248014905676953,26
64,18973,-138.515625,13.248014905676953,27
64,18974,-137.109375,13.248014905676953,45
64,18975,-135.703125,13.248014905676953,21
64,18976,-134.296875,13.248014905676953,48
64,18977,-132.890625,13.248014905676953,56
64,18978,-131.484375,13.248014905676953,40
64,18979,-130.078125,13.248014905676953,10
64,18981,-127.26562500000006,13.248014905676953,9
64,18982,-125.859375,13.248014905676953,17
64,18983,-124.453125,13.248014905676953,19
64,18985,-121.64062500000011,13.248014905676953,33
64,18986,-120.234375,13.248014905676953,13
64,18987,-118.828125,13.248014905676953,21
64,18988,-117.421875,13.248014905676953,4
64,18989,-116.015625,13.248014905676953,11
64,18990,-114.609375,13.248014905676953,11
64,18991,-113.203125,13.248014905676953,30
64,18992,-111.79687500000006,13.248014905676953,8
64,18993,-110.390625,13.248014905676953,5
64,18994,-108.984375,13.248014905676953,16
64,18995,-107.578125,13.248014905676953,18
64,18996,-106.17187500000011,13.248014905676953,9
64,18997,-104.765625,13.248014905676953,41
64,18998,-103.359375,13.248014905676953,8
64,18999,-101.95312500000006,13.248014905676953,22
64,19000,-100.546875,13.248014905676953,43
64,19001,-99.140625,13.248014905676953,13
64,19002,-97.734375,13.248014905676953,15
64,19003,-96.32812500000006,13.248014905676953,6
64,19004,-94.921875,13.248014905676953,5
64,19005,-93.515625,13.248014905676953,25
64,19006,-92.109375,13.248014905676953,22
64,19007,-90.70312500000006,13.248014905676953,9
64,19008,-89.296875,13.248014905676953,3
64,19009,-87.890625,13.248014905676953,13
64,19010,-86.48437500000006,13.248014905676953,4
64,19011,-85.078125,13.248014905676953,8
64,19012,-83.671875,13.248014905676953,7
64,19013,-82.265625,13.248014905676953,19
64,19014,-80.85937500000006,13.248014905676953,5
64,19015,-79.453125,13.248014905676953,4
64,19016,-78.046875,13.248014905676953,8
64,19017,-76.640625,13.248014905676953,7
64,19018,-75.23437500000006,13.248014905676953,7
64,19019,-73.828125,13.248014905676953,7
64,19020,-72.421875,13.248014905676953,2
64,19022,-69.609375,13.248014905676953,2
64,19024,-66.796875,13.248014905676953,6
64,19025,-65.39062500000006,13.248014905676953,7
64,19026,-63.984375,13.248014905676953,3
64,19027,-62.578125,13.248014905676953,1
64,19031,-56.953125,13.248014905676953,12
64,19033,-54.140625,13.248014905676953,14
64,19034,-52.734375,13.248014905676953,9
64,19035,-51.328125,13.248014905676953,5
64,19036,-49.92187500000006,13.248014905676953,3
64,19038,-47.109375,13.248014905676953,2
64,19039,-45.70312500000006,13.248014905676953,3
64,19040,-44.296875,13.248014905676953,2
64,19041,-42.890625,13.248014905676953,10
64,19042,-41.48437500000006,13.248014905676953,4
64,19043,-40.07812500000006,13.248014905676953,1
64,19044,-38.671875,13.248014905676953,3
64,19045,-37.265625,13.248014905676953,9
64,19046,-35.859375,13.248014905676953,4
64,19047,-34.45312500000006,13.248014905676953,6
64,19048,-33.046875,13.248014905676953,8
64,19050,-30.234375000000057,13.248014905676953,17
64,19051,-28.828125,13.248014905676953,7
64,19052,-27.421875,13.248014905676953,9
64,19053,-26.015625,13.248014905676953,3
64,19054,-24.609375,13.248014905676953,13
64,19055,-23.203125,13.248014905676953,4
64,19056,-21.796875,13.248014905676953,4
64,19057,-20.390625,13.248014905676953,11
64,19058,-18.984375,13.248014905676953,3
64,19059,-17.578125,13.248014905676953,7
64,19060,-16.171875,13.248014905676953,10
64,19061,-14.765625,13.248014905676953,3
64,19062,-13.359375,13.248014905676953,1
64,19063,-11.953125,13.248014905676953,1
64,19064,-10.546875,13.248014905676953,6
64,19065,-9.140625,13.248014905676953,9
64,19066,-7.734375,13.248014905676953,7
64,19068,-4.921875,13.248014905676953,4
64,19069,-3.515625,13.248014905676953,3
64,19070,-2.109375,13.248014905676953,3
64,19072,0.0,12.635625093021119,5
64,19073,1.40625,12.635625093021119,5
64,19074,2.8125,12.635625093021119,1
64,19075,4.21875,12.635625093021119,3
64,19076,5.625,12.635625093021119,15
64,19077,7.03125,12.635625093021119,15
64,19078,8.4375,12.635625093021119,5
64,19079,9.84375,12.635625093021119,25
64,19080,11.25,12.635625093021119,24
64,19081,12.65625,12.635625093021119,14
64,19082,14.0625,12.635625093021119,25
64,19083,15.46875,12.635625093021119,12
64,19084,16.875,12.635625093021119,33
64,19085,18.28125,12.635625093021119,17
64,19086,19.6875,12.635625093021119,81
64,19087,21.09375,12.635625093021119,18
64,19088,22.5,12.635625093021119,31
64,19089,23.90625,12.635625093021119,27
64,19090,25.3125,12.635625093021119,63
64,19091,26.71875,12.635625093021119,31
64,19092,28.125,12.635625093021119,28
64,19093,29.53125,12.635625093021119,24
64,19094,30.9375,12.635625093021119,26
64,19095,32.34375,12.635625093021119,53
64,19096,33.75,12.635625093021119,49
64,19097,35.15625,12.635625093021119,15
64,19098,36.5625,12.635625093021119,52
64,19099,37.96875,12.635625093021119,27
64,19100,39.375,12.635625093021119,46
64,19101,40.78125,12.635625093021119,21
64,19102,42.1875,12.635625093021119,28
64,19103,43.59375,12.635625093021119,42
64,19104,45.0,12.635625093021119,48
64,19105,46.40625,12.635625093021119,97
64,19106,47.8125,12.635625093021119,50
64,19107,49.21875,12.635625093021119,107
64,19108,50.625,12.635625093021119,119
64,19109,52.03125,12.635625093021119,13
64,19110,53.4375,12.635625093021119,5
64,19111,54.84375,12.635625093021119,42
64,19112,56.25,12.635625093021119,38
64,19113,57.65625,12.635625093021119,66
64,19114,59.0625,12.635625093021119,75
64,19115,60.46875,12.635625093021119,72
64,19116,61.875,12.635625093021119,104
64,19117,63.28125,12.635625093021119,54
64,19118,64.6875,12.635625093021119,40
64,19119,66.09375,12.635625093021119,53
64,19120,67.5,12.635625093021119,64
64,19121,68.90625,12.635625093021119,66
64,19122,70.3125,12.635625093021119,59
64,19123,71.71875,12.635625093021119,70
64,19124,73.125,12.635625093021119,39
64,19125,74.53125,12.635625093021119,77
64,19126,75.9375,12.635625093021119,43
64,19127,77.34375,12.635625093021119,107
64,19128,78.75,12.635625093021119,42
64,19129,80.15625,12.635625093021119,42
64,19130,81.5625,12.635625093021119,39
64,19131,82.96875,12.635625093021119,18
64,19132,84.375,12.635625093021119,45
64,19133,85.78125,12.635625093021119,76
64,19134,87.1875,12.635625093021119,41
64,19135,88.59375,12.635625093021119,57
64,19136,90.0,12.635625093021119,26
64,19137,91.40625,12.635625093021119,38
64,19138,92.8125,12.635625093021119,37
64,19139,94.21875,12.635625093021119,41
64,19140,95.625,12.635625093021119,35
64,19141,97.03125,12.635625093021119,32
64,19142,98.4375,12.635625093021119,27
64,19143,99.84375,12.635625093021119,69
64,19144,101.25,12.635625093021119,47
64,19145,102.65625,12.635625093021119,59
64,19146,104.0625,12.635625093021119,56
64,19147,105.46875,12.635625093021119,88
64,19148,106.875,12.635625093021119,50
64,19149,108.28125,12.635625093021119,71
64,19150,109.6875,12.635625093021119,40
64,19151,111.09375,12.635625093021119,31
64,19152,112.5,12.635625093021119,49
64,19153,113.90625,12.635625093021119,61
64,19154,115.3125,12.635625093021119,24
64,19155,116.71875,12.635625093021119,9
64,19156,118.125,12.635625093021119,54
64,19157,119.53125,12.635625093021119,52
64,19158,120.9375,12.635625093021119,82
64,19159,122.34375,12.635625093021119,61
64,19160,123.75,12.635625093021119,51
64,19161,125.15625,12.635625093021119,31
64,19162,126.5625,12.635625093021119,61
64,19163,127.96875,12.635625093021119,22
64,19164,129.375,12.635625093021119,81
64,19165,130.78125,12.635625093021119,53
64,19166,132.1875,12.635625093021119,96
64,19167,133.59375,12.635625093021119,40
64,19168,135.0,12.635625093021119,80
64,19169,136.40625,12.635625093021119,76
64,19170,137.8125,12.635625093021119,109
64,19171,139.21875,12.635625093021119,43
64,19172,140.625,12.635625093021119,46
64,19173,142.03125,12.635625093021119,52
64,19174,143.4375,12.635625093021119,52
64,19175,144.84375,12.635625093021119,22
64,19176,146.25,12.635625093021119,36
64,19177,147.65625,12.635625093021119,26
64,19178,149.0625,12.635625093021119,15
64,19179,150.46875,12.635625093021119,29
64,19180,151.875,12.635625093021119,45
64,19181,153.28125,12.635625093021119,49
64,19182,154.6875,12.635625093021119,47
64,19183,156.09375,12.635625093021119,45
64,19184,157.5,12.635625093021119,48
64,19185,158.90625,12.635625093021119,60
64,19186,160.3125,12.635625093021119,44
64,19187,161.71875,12.635625093021119,64
64,19188,163.125,12.635625093021119,65
64,19189,164.53125,12.635625093021119,107
64,19190,165.9375,12.635625093021119,55
64,19191,167.34375,12.635625093021119,67
64,19192,168.75,12.635625093021119,58
64,19193,170.15625,12.635625093021119,116
64,19194,171.5625,12.635625093021119,43
64,19195,172.96875,12.635625093021119,122
64,19196,174.375,12.635625093021119,70
64,19197,175.78125,12.635625093021119,172
64,19198,177.1875,12.635625093021119,67
64,19199,178.59375,12.635625093021119,100
64,19200,-180.0,12.635625093021119,59
64,19201,-178.59375,12.635625093021119,72
64,19202,-177.1875,12.635625093021119,50
64,19203,-175.78125,12.635625093021119,72
64,19204,-174.375,12.635625093021119,40
64,19205,-172.96875,12.635625093021119,49
64,19206,-171.5625,12.635625093021119,22
64,19207,-170.15625,12.635625093021119,44
64,19208,-168.75,12.635625093021119,43
64,19209,-167.34375,12.635625093021119,40
64,19210,-165.9375,12.635625093021119,22
64,19211,-164.53125,12.635625093021119,7
64,19212,-163.125,12.635625093021119,29
64,19213,-161.71875,12.635625093021119,27
64,19214,-160.3125,12.635625093021119,34
64,19215,-158.90625,12.635625093021119,37
64,19216,-157.5,12.635625093021119,30
64,19217,-156.09375,12.635625093021119,31
64,19218,-154.6875,12.635625093021119,26
64,19219,-153.28125,12.635625093021119,10
64,19220,-151.875,12.635625093021119,68
64,19221,-150.46875,12.635625093021119,121
64,19222,-149.0625,12.635625093021119,94
64,19223,-147.65625,12.635625093021119,101
64,19224,-146.25,12.635625093021119,73
64,19225,-144.84375,12.635625093021119,76
64,19226,-143.4375,12.635625093021119,181
64,19227,-142.03125,12.635625093021119,55
64,19228,-140.625,12.635625093021119,44
64,19229,-139.21875,12.635625093021119,28
64,19230,-137.8125,12.635625093021119,52
64,19231,-136.40625,12.635625093021119,39
64,19232,-135.0,12.635625093021119,45
64,19233,-133.59375,12.635625093021119,11
64,19234,-132.1875,12.635625093021119,25
64,19235,-130.78125,12.635625093021119,6
64,19236,-129.37500000000006,12.635625093021119,8
64,19238,-126.5625,12.635625093021119,13
64,19239,-125.15625,12.635625093021119,18
64,19240,-123.75,12.635625093021119,13
64,19241,-122.34375,12.635625093021119,11
64,19242,-120.9375,12.635625093021119,29
64,19243,-119.53125000000006,12.635625093021119,14
64,19244,-118.125,12.635625093021119,12
64,19245,-116.71875,12.635625093021119,34
64,19246,-115.3125,12.635625093021119,18
64,19247,-113.90625000000011,12.635625093021119,20
64,19248,-112.5,12.635625093021119,29
64,19249,-111.09375,12.635625093021119,34
64,19250,-109.6875,12.635625093021119,31
64,19251,-108.28125,12.635625093021119,11
64,19252,-106.875,12.635625093021119,17
64,19253,-105.46875,12.635625093021119,13
64,19254,-104.06250000000006,12.635625093021119,29
64,19255,-102.65625,12.635625093021119,9
64,19256,-101.25,12.635625093021119,45
64,19257,-99.84375,12.635625093021119,30
64,19258,-98.43750000000006,12.635625093021119,32
64,19260,-95.625,12.635625093021119,7
64,19262,-92.8125,12.635625093021119,1
64,19263,-91.40625,12.635625093021119,11
64,19264,-90.0,12.635625093021119,2
64,19265,-88.59375000000006,12.635625093021119,4
64,19266,-87.1875,12.635625093021119,2
64,19267,-85.78125,12.635625093021119,18
64,19268,-84.375,12.635625093021119,20
64,19269,-82.96875000000006,12.635625093021119,11
64,19270,-81.5625,12.635625093021119,12
64,19271,-80.15625,12.635625093021119,3
64,19272,-78.75000000000006,12.635625093021119,8
64,19273,-77.34375,12.635625093021119,5
64,19274,-75.9375,12.635625093021119,14
64,19275,-74.53125,12.635625093021119,4
64,19276,-73.12500000000006,12.635625093021119,5
64,19277,-71.71875,12.635625093021119,8
64,19278,-70.3125,12.635625093021119,6
64,19279,-68.90625,12.635625093021119,5
64,19280,-67.5,12.635625093021119,3
64,19281,-66.09375,12.635625093021119,4
64,19282,-64.6875,12.635625093021119,8
64,19284,-61.875,12.635625093021119,1
64,19289,-54.84375,12.635625093021119,3
64,19292,-50.625,12.635625093021119,10
64,19294,-47.81250000000006,12.635625093021119,1
64,19296,-45.0,12.635625093021119,2
64,19297,-43.59375,12.635625093021119,5
64,19298,-42.18750000000006,12.635625093021119,5
64,19299,-40.78125,12.635625093021119,2
64,19301,-37.96875000000006,12.635625093021119,3
64,19302,-36.5625,12.635625093021119,3
64,19303,-35.15625,12.635625093021119,17
64,19304,-33.75000000000006,12.635625093021119,6
64,19305,-32.34375000000006,12.635625093021119,3
64,19306,-30.9375,12.635625093021119,6
64,19307,-29.53125,12.635625093021119,7
64,19308,-28.125,12.635625093021119,1
64,19309,-26.71875,12.635625093021119,7
64,19310,-25.3125,12.635625093021119,4
64,19311,-23.90625,12.635625093021119,18
64,19312,-22.5,12.635625093021119,17
64,19313,-21.09375,12.635625093021119,12
64,19314,-19.6875,12.635625093021119,8
64,19315,-18.28125,12.635625093021119,13
64,19316,-16.875,12.635625093021119,7
64,19317,-15.46875,12.635625093021119,5
64,19318,-14.0625,12.635625093021119,4
64,19319,-12.65625,12.635625093021119,7
64,19320,-11.25,12.635625093021119,1
64,19321,-9.84375,12.635625093021119,3
64,19323,-7.03125,12.635625093021119,3
64,19324,-5.625,12.635625093021119,6
64,19325,-4.21875,12.635625093021119,6
64,19326,-2.8125,12.635625093021119,10
64,19327,-1.40625,12.635625093021119,1
64,19329,2.109375,12.024699180565818,6
64,19330,3.515625,12.024699180565818,8
64,19331,4.921875,12.024699180565818,9
64,19332,6.328125,12.024699180565818,23
64,19333,7.734375,12.024699180565818,5
64,19334,9.140625,12.024699180565818,15
64,19335,10.546875,12.024699180565818,14
64,19336,11.953125,12.024699180565818,30
64,19337,13.359375,12.024699180565818,19
64,19338,14.765625,12.024699180565818,37
64,19339,16.171875,12.024699180565818,10
64,19340,17.578125,12.024699180565818,31
64,19341,18.984375,12.024699180565818,35
64,19342,20.390625,12.024699180565818,24
64,19343,21.796875,12.024699180565818,14
64,19344,23.203125,12.024699180565818,31
64,19345,24.609375,12.024699180565818,32
64,19346,26.015625,12.024699180565818,30
64,19347,27.421875,12.024699180565818,42
64,19348,28.828125,12.024699180565818,43
64,19349,30.234375,12.024699180565818,69
64,19350,31.640625,12.024699180565818,6
64,19351,33.046875,12.024699180565818,36
64,19352,34.453125,12.024699180565818,19
64,19353,35.859375,12.024699180565818,35
64,19354,37.265625,12.024699180565818,29
64,19355,38.671875,12.024699180565818,51
64,19356,40.078125,12.024699180565818,43
64,19357,41.484375,12.024699180565818,44
64,19358,42.890625,12.024699180565818,48
64,19359,44.296875,12.024699180565818,74
64,19360,45.703125,12.024699180565818,34
64,19361,47.109375,12.024699180565818,104
64,19362,48.515625,12.024699180565818,48
64,19363,49.921875,12.024699180565818,69
64,19364,51.328125,12.024699180565818,55
64,19365,52.734375,12.024699180565818,94
64,19366,54.140625,12.024699180565818,15
64,19367,55.546875,12.024699180565818,39
64,19368,56.953125,12.024699180565818,59
64,19369,58.359375,12.024699180565818,151
64,19370,59.765625,12.024699180565818,12
64,19371,61.171875,12.024699180565818,70
64,19372,62.578125,12.024699180565818,35
64,19373,63.984375,12.024699180565818,29
64,19374,65.390625,12.024699180565818,49
64,19375,66.796875,12.024699180565818,83
64,19376,68.203125,12.024699180565818,56
64,19377,69.609375,12.024699180565818,39
64,19378,71.015625,12.024699180565818,62
64,19379,72.421875,12.024699180565818,45
64,19380,73.828125,12.024699180565818,56
64,19381,75.234375,12.024699180565818,48
64,19382,76.640625,12.024699180565818,101
64,19383,78.046875,12.024699180565818,40
64,19384,79.453125,12.024699180565818,27
64,19385,80.859375,12.024699180565818,45
64,19386,82.265625,12.024699180565818,40
64,19387,83.671875,12.024699180565818,49
64,19388,85.078125,12.024699180565818,42
64,19389,86.484375,12.024699180565818,56
64,19390,87.890625,12.024699180565818,23
64,19391,89.296875,12.024699180565818,35
64,19392,90.703125,12.024699180565818,30
64,19393,92.109375,12.024699180565818,36
64,19394,93.515625,12.024699180565818,34
64,19395,94.921875,12.024699180565818,43
64,19396,96.328125,12.024699180565818,50
64,19397,97.734375,12.024699180565818,44
64,19398,99.140625,12.024699180565818,27
64,19399,100.546875,12.024699180565818,44
64,19400,101.953125,12.024699180565818,63
64,19401,103.359375,12.024699180565818,44
64,19402,104.765625,12.024699180565818,42
64,19403,106.171875,12.024699180565818,32
64,19404,107.578125,12.024699180565818,42
64,19405,108.984375,12.024699180565818,34
64,19406,110.390625,12.024699180565818,51
64,19407,111.796875,12.024699180565818,36
64,19408,113.203125,12.024699180565818,15
64,19409,114.609375,12.024699180565818,30
64,19410,116.015625,12.024699180565818,48
64,19411,117.421875,12.024699180565818,10
64,19412,118.828125,12.024699180565818,30
64,19413,120.234375,12.024699180565818,35
64,19414,121.640625,12.024699180565818,43
64,19415,123.04687499999994,12.024699180565818,51
64,19416,124.453125,12.024699180565818,41
64,19417,125.859375,12.024699180565818,82
64,19418,127.265625,12.024699180565818,58
64,19419,128.671875,12.024699180565818,87
64,19420,130.078125,12.024699180565818,62
64,19421,131.484375,12.024699180565818,91
64,19422,132.890625,12.024699180565818,63
64,19423,134.296875,12.024699180565818,99
64,19424,135.703125,12.024699180565818,61
64,19425,137.109375,12.024699180565818,68
64,19426,138.515625,12.024699180565818,39
64,19427,139.921875,12.024699180565818,35
64,19428,141.328125,12.024699180565818,8
64,19429,142.734375,12.024699180565818,78
64,19430,144.140625,12.024699180565818,51
64,19431,145.546875,12.024699180565818,70
64,19432,146.953125,12.024699180565818,23
64,19433,148.359375,12.024699180565818,71
64,19434,149.765625,12.024699180565818,44
64,19435,151.171875,12.024699180565818,82
64,19436,152.578125,12.024699180565818,19
64,19437,153.984375,12.024699180565818,47
64,19438,155.390625,12.024699180565818,21
64,19439,156.796875,12.024699180565818,37
64,19440,158.203125,12.024699180565818,26
64,19441,159.609375,12.024699180565818,83
64,19442,161.015625,12.024699180565818,29
64,19443,162.421875,12.024699180565818,90
64,19444,163.828125,12.024699180565818,31
64,19445,165.234375,12.024699180565818,80
64,19446,166.640625,12.024699180565818,30
64,19447,168.046875,12.024699180565818,74
64,19448,169.453125,12.024699180565818,63
64,19449,170.859375,12.024699180565818,113
64,19450,172.265625,12.024699180565818,81
64,19451,173.671875,12.024699180565818,60
64,19452,175.078125,12.024699180565818,89
64,19453,176.484375,12.024699180565818,128
64,19454,177.890625,12.024699180565818,159
64,19455,179.296875,12.024699180565818,87
64,19456,-179.296875,12.024699180565818,130
64,19457,-177.890625,12.024699180565818,63
64,19458,-176.484375,12.024699180565818,88
64,19459,-175.078125,12.024699180565818,28
64,19460,-173.671875,12.024699180565818,47
64,19461,-172.265625,12.024699180565818,15
64,19462,-170.859375,12.024699180565818,69
64,19463,-169.453125,12.024699180565818,15
64,19464,-168.046875,12.024699180565818,53
64,19465,-166.640625,12.024699180565818,11
64,19466,-165.234375,12.024699180565818,23
64,19467,-163.828125,12.024699180565818,7
64,19468,-162.421875,12.024699180565818,21
64,19469,-161.015625,12.024699180565818,15
64,19470,-159.609375,12.024699180565818,29
64,19471,-158.203125,12.024699180565818,6
64,19472,-156.796875,12.024699180565818,14
64,19473,-155.390625,12.024699180565818,16
64,19474,-153.984375,12.024699180565818,33
64,19475,-152.578125,12.024699180565818,5
64,19476,-151.171875,12.024699180565818,41
64,19477,-149.765625,12.024699180565818,37
64,19478,-148.359375,12.024699180565818,136
64,19479,-146.953125,12.024699180565818,51
64,19480,-145.546875,12.024699180565818,136
64,19481,-144.140625,12.024699180565818,63
64,19482,-142.734375,12.024699180565818,109
64,19483,-141.328125,12.024699180565818,63
64,19484,-139.921875,12.024699180565818,116
64,19485,-138.515625,12.024699180565818,3
64,19486,-137.109375,12.024699180565818,19
64,19487,-135.703125,12.024699180565818,11
64,19488,-134.296875,12.024699180565818,22
64,19489,-132.890625,12.024699180565818,19
64,19490,-131.484375,12.024699180565818,17
64,19491,-130.078125,12.024699180565818,7
64,19492,-128.671875,12.024699180565818,1
64,19493,-127.26562500000006,12.024699180565818,3
64,19494,-125.859375,12.024699180565818,17
64,19495,-124.453125,12.024699180565818,41
64,19496,-123.046875,12.024699180565818,48
64,19497,-121.64062500000011,12.024699180565818,27
64,19498,-120.234375,12.024699180565818,36
64,19499,-118.828125,12.024699180565818,35
64,19500,-117.421875,12.024699180565818,26
64,19501,-116.015625,12.024699180565818,21
64,19502,-114.609375,12.024699180565818,9
64,19503,-113.203125,12.024699180565818,12
64,19504,-111.79687500000006,12.024699180565818,2
64,19505,-110.390625,12.024699180565818,24
64,19506,-108.984375,12.024699180565818,9
64,19507,-107.578125,12.024699180565818,18
64,19508,-106.17187500000011,12.024699180565818,5
64,19509,-104.765625,12.024699180565818,38
64,19510,-103.359375,12.024699180565818,28
64,19511,-101.95312500000006,12.024699180565818,19
64,19512,-100.546875,12.024699180565818,11
64,19513,-99.140625,12.024699180565818,19
64,19514,-97.734375,12.024699180565818,31
64,19515,-96.32812500000006,12.024699180565818,1
64,19516,-94.921875,12.024699180565818,16
64,19517,-93.515625,12.024699180565818,6
64,19518,-92.109375,12.024699180565818,2
64,19520,-89.296875,12.024699180565818,11
64,19521,-87.890625,12.024699180565818,7
64,19522,-86.48437500000006,12.024699180565818,3
64,19523,-85.078125,12.024699180565818,10
64,19524,-83.671875,12.024699180565818,2
64,19525,-82.265625,12.024699180565818,3
64,19526,-80.85937500000006,12.024699180565818,4
64,19527,-79.453125,12.024699180565818,5
64,19528,-78.046875,12.024699180565818,8
64,19529,-76.640625,12.024699180565818,5
64,19530,-75.23437500000006,12.024699180565818,5
64,19531,-73.828125,12.024699180565818,8
64,19532,-72.421875,12.024699180565818,2
64,19533,-71.01562500000006,12.024699180565818,4
64,19534,-69.609375,12.024699180565818,2
64,19535,-68.203125,12.024699180565818,5
64,19537,-65.39062500000006,12.024699180565818,4
64,19538,-63.984375,12.024699180565818,4
64,19539,-62.578125,12.024699180565818,4
64,19543,-56.953125,12.024699180565818,2
64,19548,-49.92187500000006,12.024699180565818,2
64,19549,-48.515625,12.024699180565818,5
64,19550,-47.109375,12.024699180565818,1
64,19551,-45.70312500000006,12.024699180565818,5
64,19553,-42.890625,12.024699180565818,3
64,19554,-41.48437500000006,12.024699180565818,4
64,19555,-40.07812500000006,12.024699180565818,11
64,19557,-37.265625,12.024699180565818,4
64,19558,-35.859375,12.024699180565818,6
64,19559,-34.45312500000006,12.024699180565818,7
64,19561,-31.640625,12.024699180565818,4
64,19562,-30.234375000000057,12.024699180565818,5
64,19563,-28.828125,12.024699180565818,3
64,19565,-26.015625,12.024699180565818,4
64,19566,-24.609375,12.024699180565818,7
64,19567,-23.203125,12.024699180565818,2
64,19569,-20.390625,12.024699180565818,1
64,19570,-18.984375,12.024699180565818,11
64,19572,-16.171875,12.024699180565818,8
64,19573,-14.765625,12.024699180565818,2
64,19574,-13.359375,12.024699180565818,3
64,19575,-11.953125,12.024699180565818,3
64,19576,-10.546875,12.024699180565818,6
64,19577,-9.140625,12.024699180565818,9
64,19578,-7.734375,12.024699180565818,9
64,19579,-6.328125,12.024699180565818,3
64,19580,-4.921875,12.024699180565818,1
64,19581,-3.515625,12.024699180565818,1
64,19582,-2.109375,12.024699180565818,2
64,19583,-0.703125,12.024699180565818,2
64,19584,0.0,11.4151577427305,3
64,19586,2.8125,11.4151577427305,11
64,19588,5.625,11.4151577427305,14
64,19589,7.03125,11.4151577427305,28
64,19590,8.4375,11.4151577427305,54
64,19591,9.84375,11.4151577427305,10
64,19592,11.25,11.4151577427305,38
64,19593,12.65625,11.4151577427305,14
64,19594,14.0625,11.4151577427305,32
64,19595,15.46875,11.4151577427305,20
64,19596,16.875,11.4151577427305,50
64,19597,18.28125,11.4151577427305,20
64,19598,19.6875,11.4151577427305,40
64,19599,21.09375,11.4151577427305,14
64,19600,22.5,11.4151577427305,23
64,19601,23.90625,11.4151577427305,20
64,19602,25.3125,11.4151577427305,28
64,19603,26.71875,11.4151577427305,19
64,19604,28.125,11.4151577427305,52
64,19605,29.53125,11.4151577427305,56
64,19606,30.9375,11.4151577427305,17
64,19607,32.34375,11.4151577427305,46
64,19608,33.75,11.4151577427305,75
64,19609,35.15625,11.4151577427305,72
64,19610,36.5625,11.4151577427305,43
64,19611,37.96875,11.4151577427305,57
64,19612,39.375,11.4151577427305,17
64,19613,40.78125,11.4151577427305,57
64,19614,42.1875,11.4151577427305,41
64,19615,43.59375,11.4151577427305,37
64,19616,45.0,11.4151577427305,42
64,19617,46.40625,11.4151577427305,48
64,19618,47.8125,11.4151577427305,54
64,19619,49.21875,11.4151577427305,49
64,19620,50.625,11.4151577427305,48
64,19621,52.03125,11.4151577427305,49
64,19622,53.4375,11.4151577427305,45
64,19623,54.84375,11.4151577427305,27
64,19624,56.25,11.4151577427305,49
64,19625,57.65625,11.4151577427305,70
64,19626,59.0625,11.4151577427305,13
64,19627,60.46875,11.4151577427305,50
64,19628,61.875,11.4151577427305,60
64,19629,63.28125,11.4151577427305,97
64,19630,64.6875,11.4151577427305,37
64,19631,66.09375,11.4151577427305,34
64,19632,67.5,11.4151577427305,43
64,19633,68.90625,11.4151577427305,58
64,19634,70.3125,11.4151577427305,48
64,19635,71.71875,11.4151577427305,38
64,19636,73.125,11.4151577427305,94
64,19637,74.53125,11.4151577427305,30
64,19638,75.9375,11.4151577427305,78
64,19639,77.34375,11.4151577427305,53
64,19640,78.75,11.4151577427305,44
64,19641,80.15625,11.4151577427305,33
64,19642,81.5625,11.4151577427305,31
64,19643,82.96875,11.4151577427305,45
64,19644,84.375,11.4151577427305,57
64,19645,85.78125,11.4151577427305,46
64,19646,87.1875,11.4151577427305,33
64,19647,88.59375,11.4151577427305,56
64,19648,90.0,11.4151577427305,36
64,19649,91.40625,11.4151577427305,46
64,19650,92.8125,11.4151577427305,23
64,19651,94.21875,11.4151577427305,22
64,19652,95.625,11.4151577427305,44
64,19653,97.03125,11.4151577427305,41
64,19654,98.4375,11.4151577427305,59
64,19655,99.84375,11.4151577427305,63
64,19656,101.25,11.4151577427305,46
64,19657,102.65625,11.4151577427305,33
64,19658,104.0625,11.4151577427305,43
64,19659,105.46875,11.4151577427305,44
64,19660,106.875,11.4151577427305,36
64,19661,108.28125,11.4151577427305,61
64,19662,109.6875,11.4151577427305,44
64,19663,111.09375,11.4151577427305,19
64,19664,112.5,11.4151577427305,26
64,19665,113.90625,11.4151577427305,40
64,19666,115.3125,11.4151577427305,27
64,19667,116.71875,11.4151577427305,46
64,19668,118.125,11.4151577427305,48
64,19669,119.53125,11.4151577427305,48
64,19670,120.9375,11.4151577427305,64
64,19671,122.34375,11.4151577427305,25
64,19672,123.75,11.4151577427305,28
64,19673,125.15625,11.4151577427305,29
64,19674,126.5625,11.4151577427305,61
64,19675,127.96875,11.4151577427305,50
64,19676,129.375,11.4151577427305,43
64,19677,130.78125,11.4151577427305,63
64,19678,132.1875,11.4151577427305,91
64,19679,133.59375,11.4151577427305,73
64,19680,135.0,11.4151577427305,72
64,19681,136.40625,11.4151577427305,54
64,19682,137.8125,11.4151577427305,102
64,19683,139.21875,11.4151577427305,35
64,19684,140.625,11.4151577427305,58
64,19685,142.03125,11.4151577427305,38
64,19686,143.4375,11.4151577427305,27
64,19687,144.84375,11.4151577427305,96
64,19688,146.25,11.4151577427305,65
64,19689,147.65625,11.4151577427305,42
64,19690,149.0625,11.4151577427305,91
64,19691,150.46875,11.4151577427305,70
64,19692,151.875,11.4151577427305,82
64,19693,153.28125,11.4151577427305,66
64,19694,154.6875,11.4151577427305,70
64,19695,156.09375,11.4151577427305,68
64,19696,157.5,11.4151577427305,67
64,19697,158.90625,11.4151577427305,41
64,19698,160.3125,11.4151577427305,76
64,19699,161.71875,11.4151577427305,75
64,19700,163.125,11.4151577427305,92
64,19701,164.53125,11.4151577427305,44
64,19702,165.9375,11.4151577427305,55
64,19703,167.34375,11.4151577427305,51
64,19704,168.75,11.4151577427305,84
64,19705,170.15625,11.4151577427305,100
64,19706,171.5625,11.4151577427305,82
64,19707,172.96875,11.4151577427305,67
64,19708,174.375,11.4151577427305,165
64,19709,175.78125,11.4151577427305,219
64,19710,177.1875,11.4151577427305,136
64,19711,178.59375,11.4151577427305,144
64,19712,-180.0,11.4151577427305,118
64,19713,-178.59375,11.4151577427305,183
64,19714,-177.1875,11.4151577427305,36
64,19715,-175.78125,11.4151577427305,77
64,19716,-174.375,11.4151577427305,14
64,19717,-172.96875,11.4151577427305,33
64,19718,-171.5625,11.4151577427305,12
64,19719,-170.15625,11.4151577427305,20
64,19720,-168.75,11.4151577427305,26
64,19721,-167.34375,11.4151577427305,41
64,19722,-165.9375,11.4151577427305,23
64,19723,-164.53125,11.4151577427305,17
64,19724,-163.125,11.4151577427305,20
64,19725,-161.71875,11.4151577427305,20
64,19726,-160.3125,11.4151577427305,28
64,19727,-158.90625,11.4151577427305,23
64,19728,-157.5,11.4151577427305,33
64,19729,-156.09375,11.4151577427305,41
64,19730,-154.6875,11.4151577427305,14
64,19731,-153.28125,11.4151577427305,44
64,19732,-151.875,11.4151577427305,23
64,19733,-150.46875,11.4151577427305,101
64,19734,-149.0625,11.4151577427305,125
64,19735,-147.65625,11.4151577427305,94
64,19736,-146.25,11.4151577427305,112
64,19737,-144.84375,11.4151577427305,97
64,19738,-143.4375,11.4151577427305,90
64,19739,-142.03125,11.4151577427305,107
64,19740,-140.625,11.4151577427305,98
64,19741,-139.21875,11.4151577427305,56
64,19742,-137.8125,11.4151577427305,11
64,19743,-136.40625,11.4151577427305,19
64,19744,-135.0,11.4151577427305,12
64,19745,-133.59375,11.4151577427305,14
64,19746,-132.1875,11.4151577427305,15
64,19747,-130.78125,11.4151577427305,22
64,19748,-129.37500000000006,11.4151577427305,15
64,19749,-127.96875,11.4151577427305,3
64,19750,-126.5625,11.4151577427305,8
64,19751,-125.15625,11.4151577427305,20
64,19752,-123.75,11.4151577427305,40
64,19753,-122.34375,11.4151577427305,31
64,19754,-120.9375,11.4151577427305,33
64,19755,-119.53125000000006,11.4151577427305,46
64,19756,-118.125,11.4151577427305,20
64,19757,-116.71875,11.4151577427305,11
64,19758,-115.3125,11.4151577427305,25
64,19759,-113.90625000000011,11.4151577427305,10
64,19760,-112.5,11.4151577427305,14
64,19761,-111.09375,11.4151577427305,12
64,19762,-109.6875,11.4151577427305,22
64,19763,-108.28125,11.4151577427305,8
64,19764,-106.875,11.4151577427305,13
64,19765,-105.46875,11.4151577427305,7
64,19766,-104.06250000000006,11.4151577427305,19
64,19767,-102.65625,11.4151577427305,14
64,19768,-101.25,11.4151577427305,11
64,19769,-99.84375,11.4151577427305,30
64,19770,-98.43750000000006,11.4151577427305,19
64,19771,-97.03125,11.4151577427305,7
64,19772,-95.625,11.4151577427305,7
64,19773,-94.21875000000006,11.4151577427305,10
64,19774,-92.8125,11.4151577427305,3
64,19775,-91.40625,11.4151577427305,6
64,19776,-90.0,11.4151577427305,8
64,19777,-88.59375000000006,11.4151577427305,3
64,19778,-87.1875,11.4151577427305,1
64,19779,-85.78125,11.4151577427305,7
64,19780,-84.375,11.4151577427305,3
64,19781,-82.96875000000006,11.4151577427305,11
64,19782,-81.5625,11.4151577427305,7
64,19783,-80.15625,11.4151577427305,3
64,19784,-78.75000000000006,11.4151577427305,1
64,19785,-77.34375,11.4151577427305,5
64,19786,-75.9375,11.4151577427305,5
64,19787,-74.53125,11.4151577427305,10
64,19788,-73.12500000000006,11.4151577427305,5
64,19790,-70.3125,11.4151577427305,1
64,19791,-68.90625,11.4151577427305,4
64,19792,-67.5,11.4151577427305,1
64,19793,-66.09375,11.4151577427305,9
64,19794,-64.6875,11.4151577427305,4
64,19795,-63.28125000000006,11.4151577427305,3
64,19796,-61.875,11.4151577427305,1
64,19797,-60.46875,11.4151577427305,2
64,19799,-57.65625000000006,11.4151577427305,6
64,19801,-54.84375,11.4151577427305,1
64,19802,-53.43750000000006,11.4151577427305,3
64,19805,-49.21875000000006,11.4151577427305,7
64,19807,-46.40625,11.4151577427305,2
64,19808,-45.0,11.4151577427305,1
64,19810,-42.18750000000006,11.4151577427305,8
64,19811,-40.78125,11.4151577427305,5
64,19812,-39.375,11.4151577427305,4
64,19813,-37.96875000000006,11.4151577427305,4
64,19814,-36.5625,11.4151577427305,3
64,19815,-35.15625,11.4151577427305,12
64,19816,-33.75000000000006,11.4151577427305,3
64,19818,-30.9375,11.4151577427305,3
64,19819,-29.53125,11.4151577427305,2
64,19820,-28.125,11.4151577427305,2
64,19821,-26.71875,11.4151577427305,3
64,19822,-25.3125,11.4151577427305,14
64,19823,-23.90625,11.4151577427305,3
64,19824,-22.5,11.4151577427305,11
64,19825,-21.09375,11.4151577427305,4
64,19826,-19.6875,11.4151577427305,4
64,19827,-18.28125,11.4151577427305,5
64,19828,-16.875,11.4151577427305,4
64,19829,-15.46875,11.4151577427305,4
64,19830,-14.0625,11.4151577427305,15
64,19831,-12.65625,11.4151577427305,10
64,19832,-11.25,11.4151577427305,11
64,19833,-9.84375,11.4151577427305,2
64,19834,-8.4375,11.4151577427305,4
64,19835,-7.03125,11.4151577427305,7
64,19836,-5.625,11.4151577427305,8
64,19837,-4.21875,11.4151577427305,2
64,19838,-2.8125,11.4151577427305,6
64,19839,-1.40625,11.4151577427305,5
64,19841,2.109375,10.806922874860348,5
64,19842,3.515625,10.806922874860348,10
64,19844,6.328125,10.806922874860348,16
64,19845,7.734375,10.806922874860348,19
64,19846,9.140625,10.806922874860348,15
64,19847,10.546875,10.806922874860348,38
64,19848,11.953125,10.806922874860348,42
64,19849,13.359375,10.806922874860348,35
64,19850,14.765625,10.806922874860348,36
64,19851,16.171875,10.806922874860348,50
64,19852,17.578125,10.806922874860348,44
64,19853,18.984375,10.806922874860348,54
64,19854,20.390625,10.806922874860348,28
64,19855,21.796875,10.806922874860348,38
64,19856,23.203125,10.806922874860348,22
64,19857,24.609375,10.806922874860348,44
64,19858,26.015625,10.806922874860348,25
64,19859,27.421875,10.806922874860348,22
64,19860,28.828125,10.806922874860348,52
64,19861,30.234375,10.806922874860348,36
64,19862,31.640625,10.806922874860348,57
64,19863,33.046875,10.806922874860348,91
64,19864,34.453125,10.806922874860348,68
64,19865,35.859375,10.806922874860348,53
64,19866,37.265625,10.806922874860348,84
64,19867,38.671875,10.806922874860348,43
64,19868,40.078125,10.806922874860348,58
64,19869,41.484375,10.806922874860348,63
64,19870,42.890625,10.806922874860348,49
64,19871,44.296875,10.806922874860348,90
64,19872,45.703125,10.806922874860348,81
64,19873,47.109375,10.806922874860348,83
64,19874,48.515625,10.806922874860348,111
64,19875,49.921875,10.806922874860348,131
64,19876,51.328125,10.806922874860348,62
64,19877,52.734375,10.806922874860348,41
64,19878,54.140625,10.806922874860348,42
64,19879,55.546875,10.806922874860348,64
64,19880,56.953125,10.806922874860348,71
64,19881,58.359375,10.806922874860348,57
64,19882,59.765625,10.806922874860348,83
64,19883,61.171875,10.806922874860348,77
64,19884,62.578125,10.806922874860348,66
64,19885,63.984375,10.806922874860348,70
64,19886,65.390625,10.806922874860348,50
64,19887,66.796875,10.806922874860348,32
64,19888,68.203125,10.806922874860348,108
64,19889,69.609375,10.806922874860348,84
64,19890,71.015625,10.806922874860348,69
64,19891,72.421875,10.806922874860348,72
64,19892,73.828125,10.806922874860348,80
64,19893,75.234375,10.806922874860348,42
64,19894,76.640625,10.806922874860348,73
64,19895,78.046875,10.806922874860348,60
64,19896,79.453125,10.806922874860348,45
64,19897,80.859375,10.806922874860348,53
64,19898,82.265625,10.806922874860348,52
64,19899,83.671875,10.806922874860348,50
64,19900,85.078125,10.806922874860348,35
64,19901,86.484375,10.806922874860348,63
64,19902,87.890625,10.806922874860348,17
64,19903,89.296875,10.806922874860348,27
64,19904,90.703125,10.806922874860348,57
64,19905,92.109375,10.806922874860348,38
64,19906,93.515625,10.806922874860348,45
64,19907,94.921875,10.806922874860348,31
64,19908,96.328125,10.806922874860348,29
64,19909,97.734375,10.806922874860348,34
64,19910,99.140625,10.806922874860348,66
64,19911,100.546875,10.806922874860348,66
64,19912,101.953125,10.806922874860348,53
64,19913,103.359375,10.806922874860348,68
64,19914,104.765625,10.806922874860348,56
64,19915,106.171875,10.806922874860348,29
64,19916,107.578125,10.806922874860348,25
64,19917,108.984375,10.806922874860348,56
64,19918,110.390625,10.806922874860348,46
64,19919,111.796875,10.806922874860348,34
64,19920,113.203125,10.806922874860348,47
64,19921,114.609375,10.806922874860348,78
64,19922,116.015625,10.806922874860348,48
64,19923,117.421875,10.806922874860348,42
64,19924,118.828125,10.806922874860348,43
64,19925,120.234375,10.806922874860348,63
64,19926,121.640625,10.806922874860348,61
64,19927,123.04687499999994,10.806922874860348,46
64,19928,124.453125,10.806922874860348,39
64,19929,125.859375,10.806922874860348,58
64,19930,127.265625,10.806922874860348,35
64,19931,128.671875,10.806922874860348,84
64,19932,130.078125,10.806922874860348,98
64,19933,131.484375,10.806922874860348,73
64,19934,132.890625,10.806922874860348,125
64,19935,134.296875,10.806922874860348,124
64,19936,135.703125,10.806922874860348,86
64,19937,137.109375,10.806922874860348,71
64,19938,138.515625,10.806922874860348,104
64,19939,139.921875,10.806922874860348,59
64,19940,141.328125,10.806922874860348,73
64,19941,142.734375,10.806922874860348,30
64,19942,144.140625,10.806922874860348,36
64,19943,145.546875,10.806922874860348,92
64,19944,146.953125,10.806922874860348,77
64,19945,148.359375,10.806922874860348,64
64,19946,149.765625,10.806922874860348,68
64,19947,151.171875,10.806922874860348,100
64,19948,152.578125,10.806922874860348,105
64,19949,153.984375,10.806922874860348,72
64,19950,155.390625,10.806922874860348,57
64,19951,156.796875,10.806922874860348,64
64,19952,158.203125,10.806922874860348,82
64,19953,159.609375,10.806922874860348,80
64,19954,161.015625,10.806922874860348,98
64,19955,162.421875,10.806922874860348,75
64,19956,163.828125,10.806922874860348,85
64,19957,165.234375,10.806922874860348,62
64,19958,166.640625,10.806922874860348,50
64,19959,168.046875,10.806922874860348,85
64,19960,169.453125,10.806922874860348,85
64,19961,170.859375,10.806922874860348,112
64,19962,172.265625,10.806922874860348,84
64,19963,173.671875,10.806922874860348,107
64,19964,175.078125,10.806922874860348,200
64,19965,176.484375,10.806922874860348,244
64,19966,177.890625,10.806922874860348,127
64,19967,179.296875,10.806922874860348,146
64,19968,-179.296875,10.806922874860348,142
64,19969,-177.890625,10.806922874860348,164
64,19970,-176.484375,10.806922874860348,69
64,19971,-175.078125,10.806922874860348,84
64,19972,-173.671875,10.806922874860348,17
64,19973,-172.265625,10.806922874860348,33
64,19974,-170.859375,10.806922874860348,40
64,19975,-169.453125,10.806922874860348,39
64,19976,-168.046875,10.806922874860348,60
64,19977,-166.640625,10.806922874860348,19
64,19978,-165.234375,10.806922874860348,41
64,19979,-163.828125,10.806922874860348,49
64,19980,-162.421875,10.806922874860348,44
64,19981,-161.015625,10.806922874860348,58
64,19982,-159.609375,10.806922874860348,15
64,19983,-158.203125,10.806922874860348,31
64,19984,-156.796875,10.806922874860348,26
64,19985,-155.390625,10.806922874860348,34
64,19986,-153.984375,10.806922874860348,50
64,19987,-152.578125,10.806922874860348,17
64,19988,-151.171875,10.806922874860348,29
64,19989,-149.765625,10.806922874860348,100
64,19990,-148.359375,10.806922874860348,180
64,19991,-146.953125,10.806922874860348,92
64,19992,-145.546875,10.806922874860348,83
64,19993,-144.140625,10.806922874860348,88
64,19994,-142.734375,10.806922874860348,106
64,19995,-141.328125,10.806922874860348,118
64,19996,-139.921875,10.806922874860348,159
64,19997,-138.515625,10.806922874860348,26
64,19998,-137.109375,10.806922874860348,45
64,19999,-135.703125,10.806922874860348,35
64,20000,-134.296875,10.806922874860348,24
64,20001,-132.890625,10.806922874860348,32
64,20002,-131.484375,10.806922874860348,13
64,20003,-130.078125,10.806922874860348,7
64,20004,-128.671875,10.806922874860348,4
64,20005,-127.26562500000006,10.806922874860348,4
64,20006,-125.859375,10.806922874860348,15
64,20007,-124.453125,10.806922874860348,21
64,20008,-123.046875,10.806922874860348,12
64,20009,-121.64062500000011,10.806922874860348,73
64,20010,-120.234375,10.806922874860348,57
64,20011,-118.828125,10.806922874860348,23
64,20012,-117.421875,10.806922874860348,40
64,20013,-116.015625,10.806922874860348,23
64,20014,-114.609375,10.806922874860348,18
64,20015,-113.203125,10.806922874860348,18
64,20016,-111.79687500000006,10.806922874860348,22
64,20017,-110.390625,10.806922874860348,16
64,20018,-108.984375,10.806922874860348,9
64,20019,-107.578125,10.806922874860348,13
64,20020,-106.17187500000011,10.806922874860348,2
64,20021,-104.765625,10.806922874860348,21
64,20022,-103.359375,10.806922874860348,14
64,20023,-101.95312500000006,10.806922874860348,11
64,20024,-100.546875,10.806922874860348,43
64,20025,-99.140625,10.806922874860348,18
64,20026,-97.734375,10.806922874860348,20
64,20027,-96.32812500000006,10.806922874860348,14
64,20028,-94.921875,10.806922874860348,8
64,20029,-93.515625,10.806922874860348,4
64,20030,-92.109375,10.806922874860348,12
64,20031,-90.70312500000006,10.806922874860348,3
64,20032,-89.296875,10.806922874860348,6
64,20033,-87.890625,10.806922874860348,2
64,20034,-86.48437500000006,10.806922874860348,17
64,20035,-85.078125,10.806922874860348,14
64,20036,-83.671875,10.806922874860348,12
64,20037,-82.265625,10.806922874860348,13
64,20038,-80.85937500000006,10.806922874860348,13
64,20039,-79.453125,10.806922874860348,4
64,20040,-78.046875,10.806922874860348,7
64,20041,-76.640625,10.806922874860348,3
64,20042,-75.23437500000006,10.806922874860348,10
64,20043,-73.828125,10.806922874860348,2
64,20044,-72.421875,10.806922874860348,2
64,20045,-71.01562500000006,10.806922874860348,4
64,20046,-69.609375,10.806922874860348,2
64,20047,-68.203125,10.806922874860348,8
64,20048,-66.796875,10.806922874860348,7
64,20049,-65.39062500000006,10.806922874860348,1
64,20050,-63.984375,10.806922874860348,7
64,20051,-62.578125,10.806922874860348,4
64,20052,-61.171875,10.806922874860348,5
64,20055,-56.953125,10.806922874860348,2
64,20058,-52.734375,10.806922874860348,5
64,20059,-51.328125,10.806922874860348,5
64,20061,-48.515625,10.806922874860348,3
64,20062,-47.109375,10.806922874860348,4
64,20064,-44.296875,10.806922874860348,5
64,20065,-42.890625,10.806922874860348,2
64,20066,-41.48437500000006,10.806922874860348,11
64,20067,-40.07812500000006,10.806922874860348,5
64,20068,-38.671875,10.806922874860348,15
64,20069,-37.265625,10.806922874860348,20
64,20070,-35.859375,10.806922874860348,4
64,20071,-34.45312500000006,10.806922874860348,11
64,20072,-33.046875,10.806922874860348,5
64,20073,-31.640625,10.806922874860348,7
64,20074,-30.234375000000057,10.806922874860348,3
64,20075,-28.828125,10.806922874860348,10
64,20078,-24.609375,10.806922874860348,5
64,20079,-23.203125,10.806922874860348,10
64,20080,-21.796875,10.806922874860348,5
64,20081,-20.390625,10.806922874860348,4
64,20082,-18.984375,10.806922874860348,4
64,20083,-17.578125,10.806922874860348,11
64,20084,-16.171875,10.806922874860348,3
64,20085,-14.765625,10.806922874860348,6
64,20086,-13.359375,10.806922874860348,1
64,20087,-11.953125,10.806922874860348,1
64,20088,-10.546875,10.806922874860348,7
64,20089,-9.140625,10.806922874860348,8
64,20090,-7.734375,10.806922874860348,6
64,20091,-6.328125,10.806922874860348,8
64,20092,-4.921875,10.806922874860348,15
64,20093,-3.515625,10.806922874860348,3
64,20094,-2.109375,10.806922874860348,17
64,20095,-0.703125,10.806922874860348,6
64,20098,2.8125,10.199918091116317,4
64,20099,4.21875,10.199918091116317,5
64,20100,5.625,10.199918091116317,12
64,20101,7.03125,10.199918091116317,23
64,20102,8.4375,10.199918091116317,35
64,20103,9.84375,10.199918091116317,23
64,20104,11.25,10.199918091116317,30
64,20105,12.65625,10.199918091116317,22
64,20106,14.0625,10.199918091116317,49
64,20107,15.46875,10.199918091116317,40
64,20108,16.875,10.199918091116317,33
64,20109,18.28125,10.199918091116317,37
64,20110,19.6875,10.199918091116317,44
64,20111,21.09375,10.199918091116317,83
64,20112,22.5,10.199918091116317,26
64,20113,23.90625,10.199918091116317,38
64,20114,25.3125,10.199918091116317,26
64,20115,26.71875,10.199918091116317,31
64,20116,28.125,10.199918091116317,44
64,20117,29.53125,10.199918091116317,39
64,20118,30.9375,10.199918091116317,28
64,20119,32.34375,10.199918091116317,27
64,20120,33.75,10.199918091116317,66
64,20121,35.15625,10.199918091116317,42
64,20122,36.5625,10.199918091116317,59
64,20123,37.96875,10.199918091116317,31
64,20124,39.375,10.199918091116317,61
64,20125,40.78125,10.199918091116317,67
64,20126,42.1875,10.199918091116317,39
64,20127,43.59375,10.199918091116317,91
64,20128,45.0,10.199918091116317,120
64,20129,46.40625,10.199918091116317,80
64,20130,47.8125,10.199918091116317,90
64,20131,49.21875,10.199918091116317,111
64,20132,50.625,10.199918091116317,69
64,20133,52.03125,10.199918091116317,82
64,20134,53.4375,10.199918091116317,55
64,20135,54.84375,10.199918091116317,85
64,20136,56.25,10.199918091116317,103
64,20137,57.65625,10.199918091116317,55
64,20138,59.0625,10.199918091116317,70
64,20139,60.46875,10.199918091116317,33
64,20140,61.875,10.199918091116317,60
64,20141,63.28125,10.199918091116317,105
64,20142,64.6875,10.199918091116317,71
64,20143,66.09375,10.199918091116317,79
64,20144,67.5,10.199918091116317,53
64,20145,68.90625,10.199918091116317,109
64,20146,70.3125,10.199918091116317,72
64,20147,71.71875,10.199918091116317,57
64,20148,73.125,10.199918091116317,92
64,20149,74.53125,10.199918091116317,52
64,20150,75.9375,10.199918091116317,60
64,20151,77.34375,10.199918091116317,45
64,20152,78.75,10.199918091116317,94
64,20153,80.15625,10.199918091116317,40
64,20154,81.5625,10.199918091116317,35
64,20155,82.96875,10.199918091116317,58
64,20156,84.375,10.199918091116317,36
64,20157,85.78125,10.199918091116317,19
64,20158,87.1875,10.199918091116317,45
64,20159,88.59375,10.199918091116317,64
64,20160,90.0,10.199918091116317,31
64,20161,91.40625,10.199918091116317,44
64,20162,92.8125,10.199918091116317,43
64,20163,94.21875,10.199918091116317,22
64,20164,95.625,10.199918091116317,41
64,20165,97.03125,10.199918091116317,38
64,20166,98.4375,10.199918091116317,58
64,20167,99.84375,10.199918091116317,63
64,20168,101.25,10.199918091116317,36
64,20169,102.65625,10.199918091116317,49
64,20170,104.0625,10.199918091116317,45
64,20171,105.46875,10.199918091116317,34
64,20172,106.875,10.199918091116317,52
64,20173,108.28125,10.199918091116317,53
64,20174,109.6875,10.199918091116317,36
64,20175,111.09375,10.199918091116317,38
64,20176,112.5,10.199918091116317,58
64,20177,113.90625,10.199918091116317,61
64,20178,115.3125,10.199918091116317,85
64,20179,116.71875,10.199918091116317,91
64,20180,118.125,10.199918091116317,82
64,20181,119.53125,10.199918091116317,83
64,20182,120.9375,10.199918091116317,41
64,20183,122.34375,10.199918091116317,67
64,20184,123.75,10.199918091116317,33
64,20185,125.15625,10.199918091116317,92
64,20186,126.5625,10.199918091116317,48
64,20187,127.96875,10.199918091116317,79
64,20188,129.375,10.199918091116317,67
64,20189,130.78125,10.199918091116317,111
64,20190,132.1875,10.199918091116317,77
64,20191,133.59375,10.199918091116317,99
64,20192,135.0,10.199918091116317,124
64,20193,136.40625,10.199918091116317,108
64,20194,137.8125,10.199918091116317,132
64,20195,139.21875,10.199918091116317,55
64,20196,140.625,10.199918091116317,47
64,20197,142.03125,10.199918091116317,42
64,20198,143.4375,10.199918091116317,56
64,20199,144.84375,10.199918091116317,78
64,20200,146.25,10.199918091116317,78
64,20201,147.65625,10.199918091116317,83
64,20202,149.0625,10.199918091116317,73
64,20203,150.46875,10.199918091116317,56
64,20204,151.875,10.199918091116317,122
64,20205,153.28125,10.199918091116317,76
64,20206,154.6875,10.199918091116317,127
64,20207,156.09375,10.199918091116317,49
64,20208,157.5,10.199918091116317,73
64,20209,158.90625,10.199918091116317,125
64,20210,160.3125,10.199918091116317,67
64,20211,161.71875,10.199918091116317,106
64,20212,163.125,10.199918091116317,60
64,20213,164.53125,10.199918091116317,65
64,20214,165.9375,10.199918091116317,86
64,20215,167.34375,10.199918091116317,87
64,20216,168.75,10.199918091116317,76
64,20217,170.15625,10.199918091116317,113
64,20218,171.5625,10.199918091116317,139
64,20219,172.96875,10.199918091116317,113
64,20220,174.375,10.199918091116317,195
64,20221,175.78125,10.199918091116317,208
64,20222,177.1875,10.199918091116317,212
64,20223,178.59375,10.199918091116317,243
64,20224,-180.0,10.199918091116317,117
64,20225,-178.59375,10.199918091116317,162
64,20226,-177.1875,10.199918091116317,72
64,20227,-175.78125,10.199918091116317,133
64,20228,-174.375,10.199918091116317,51
64,20229,-172.96875,10.199918091116317,36
64,20230,-171.5625,10.199918091116317,19
64,20231,-170.15625,10.199918091116317,42
64,20232,-168.75,10.199918091116317,52
64,20233,-167.34375,10.199918091116317,49
64,20234,-165.9375,10.199918091116317,29
64,20235,-164.53125,10.199918091116317,15
64,20236,-163.125,10.199918091116317,41
64,20237,-161.71875,10.199918091116317,41
64,20238,-160.3125,10.199918091116317,26
64,20239,-158.90625,10.199918091116317,37
64,20240,-157.5,10.199918091116317,22
64,20241,-156.09375,10.199918091116317,31
64,20242,-154.6875,10.199918091116317,45
64,20243,-153.28125,10.199918091116317,13
64,20244,-151.875,10.199918091116317,31
64,20245,-150.46875,10.199918091116317,37
64,20246,-149.0625,10.199918091116317,159
64,20247,-147.65625,10.199918091116317,148
64,20248,-146.25,10.199918091116317,154
64,20249,-144.84375,10.199918091116317,185
64,20250,-143.4375,10.199918091116317,170
64,20251,-142.03125,10.199918091116317,92
64,20252,-140.625,10.199918091116317,191
64,20253,-139.21875,10.199918091116317,94
64,20254,-137.8125,10.199918091116317,37
64,20255,-136.40625,10.199918091116317,26
64,20256,-135.0,10.199918091116317,25
64,20257,-133.59375,10.199918091116317,25
64,20258,-132.1875,10.199918091116317,48
64,20259,-130.78125,10.199918091116317,17
64,20260,-129.37500000000006,10.199918091116317,11
64,20263,-125.15625,10.199918091116317,11
64,20264,-123.75,10.199918091116317,10
64,20265,-122.34375,10.199918091116317,15
64,20266,-120.9375,10.199918091116317,35
64,20267,-119.53125000000006,10.199918091116317,46
64,20268,-118.125,10.199918091116317,38
64,20269,-116.71875,10.199918091116317,25
64,20270,-115.3125,10.199918091116317,34
64,20271,-113.90625000000011,10.199918091116317,17
64,20272,-112.5,10.199918091116317,30
64,20273,-111.09375,10.199918091116317,17
64,20274,-109.6875,10.199918091116317,30
64,20275,-108.28125,10.199918091116317,23
64,20276,-106.875,10.199918091116317,19
64,20277,-105.46875,10.199918091116317,14
64,20278,-104.06250000000006,10.199918091116317,16
64,20279,-102.65625,10.199918091116317,25
64,20280,-101.25,10.199918091116317,16
64,20281,-99.84375,10.199918091116317,16
64,20282,-98.43750000000006,10.199918091116317,21
64,20283,-97.03125,10.199918091116317,25
64,20284,-95.625,10.199918091116317,10
64,20285,-94.21875000000006,10.199918091116317,6
64,20286,-92.8125,10.199918091116317,17
64,20287,-91.40625,10.199918091116317,21
64,20288,-90.0,10.199918091116317,11
64,20289,-88.59375000000006,10.199918091116317,16
64,20290,-87.1875,10.199918091116317,3
64,20291,-85.78125,10.199918091116317,3
64,20292,-84.375,10.199918091116317,10
64,20293,-82.96875000000006,10.199918091116317,15
64,20294,-81.5625,10.199918091116317,9
64,20295,-80.15625,10.199918091116317,14
64,20296,-78.75000000000006,10.199918091116317,10
64,20297,-77.34375,10.199918091116317,8
64,20298,-75.9375,10.199918091116317,5
64,20299,-74.53125,10.199918091116317,11
64,20300,-73.12500000000006,10.199918091116317,1
64,20301,-71.71875,10.199918091116317,6
64,20302,-70.3125,10.199918091116317,12
64,20303,-68.90625,10.199918091116317,7
64,20304,-67.5,10.199918091116317,10
64,20305,-66.09375,10.199918091116317,5
64,20306,-64.6875,10.199918091116317,4
64,20307,-63.28125000000006,10.199918091116317,4
64,20308,-61.875,10.199918091116317,1
64,20309,-60.46875,10.199918091116317,4
64,20311,-57.65625000000006,10.199918091116317,6
64,20315,-52.03125,10.199918091116317,4
64,20316,-50.625,10.199918091116317,1
64,20318,-47.81250000000006,10.199918091116317,3
64,20319,-46.40625,10.199918091116317,1
64,20321,-43.59375,10.199918091116317,6
64,20322,-42.18750000000006,10.199918091116317,8
64,20323,-40.78125,10.199918091116317,7
64,20324,-39.375,10.199918091116317,15
64,20325,-37.96875000000006,10.199918091116317,13
64,20326,-36.5625,10.199918091116317,10
64,20327,-35.15625,10.199918091116317,4
64,20328,-33.75000000000006,10.199918091116317,10
64,20329,-32.34375000000006,10.199918091116317,1
64,20330,-30.9375,10.199918091116317,3
64,20331,-29.53125,10.199918091116317,13
64,20332,-28.125,10.199918091116317,8
64,20334,-25.3125,10.199918091116317,3
64,20335,-23.90625,10.199918091116317,10
64,20336,-22.5,10.199918091116317,6
64,20337,-21.09375,10.199918091116317,9
64,20338,-19.6875,10.199918091116317,8
64,20339,-18.28125,10.199918091116317,9
64,20340,-16.875,10.199918091116317,10
64,20341,-15.46875,10.199918091116317,7
64,20342,-14.0625,10.199918091116317,12
64,20343,-12.65625,10.199918091116317,13
64,20344,-11.25,10.199918091116317,7
64,20345,-9.84375,10.199918091116317,5
64,20346,-8.4375,10.199918091116317,3
64,20347,-7.03125,10.199918091116317,5
64,20348,-5.625,10.199918091116317,5
64,20349,-4.21875,10.199918091116317,20
64,20350,-2.8125,10.199918091116317,5
64,20351,-1.40625,10.199918091116317,9
64,20352,0.703125,9.594068226860458,3
64,20353,2.109375,9.594068226860458,3
64,20354,3.515625,9.594068226860458,5
64,20355,4.921875,9.594068226860458,6
64,20356,6.328125,9.594068226860458,10
64,20357,7.734375,9.594068226860458,28
64,20358,9.140625,9.594068226860458,21
64,20359,10.546875,9.594068226860458,26
64,20360,11.953125,9.594068226860458,11
64,20361,13.359375,9.594068226860458,21
64,20362,14.765625,9.594068226860458,15
64,20363,16.171875,9.594068226860458,31
64,20364,17.578125,9.594068226860458,27
64,20365,18.984375,9.594068226860458,37
64,20366,20.390625,9.594068226860458,42
64,20367,21.796875,9.594068226860458,29
64,20368,23.203125,9.594068226860458,53
64,20369,24.609375,9.594068226860458,18
64,20370,26.015625,9.594068226860458,75
64,20371,27.421875,9.594068226860458,20
64,20372,28.828125,9.594068226860458,59
64,20373,30.234375,9.594068226860458,21
64,20374,31.640625,9.594068226860458,67
64,20375,33.046875,9.594068226860458,25
64,20376,34.453125,9.594068226860458,96
64,20377,35.859375,9.594068226860458,23
64,20378,37.265625,9.594068226860458,64
64,20379,38.671875,9.594068226860458,42
64,20380,40.078125,9.594068226860458,89
64,20381,41.484375,9.594068226860458,44
64,20382,42.890625,9.594068226860458,81
64,20383,44.296875,9.594068226860458,68
64,20384,45.703125,9.594068226860458,135
64,20385,47.109375,9.594068226860458,65
64,20386,48.515625,9.594068226860458,114
64,20387,49.921875,9.594068226860458,62
64,20388,51.328125,9.594068226860458,74
64,20389,52.734375,9.594068226860458,66
64,20390,54.140625,9.594068226860458,91
64,20391,55.546875,9.594068226860458,122
64,20392,56.953125,9.594068226860458,37
64,20393,58.359375,9.594068226860458,57
64,20394,59.765625,9.594068226860458,30
64,20395,61.171875,9.594068226860458,85
64,20396,62.578125,9.594068226860458,98
64,20397,63.984375,9.594068226860458,90
64,20398,65.390625,9.594068226860458,42
64,20399,66.796875,9.594068226860458,92
64,20400,68.203125,9.594068226860458,38
64,20401,69.609375,9.594068226860458,76
64,20402,71.015625,9.594068226860458,39
64,20403,72.421875,9.594068226860458,121
64,20404,73.828125,9.594068226860458,65
64,20405,75.234375,9.594068226860458,71
64,20406,76.640625,9.594068226860458,33
64,20407,78.046875,9.594068226860458,33
64,20408,79.453125,9.594068226860458,46
64,20409,80.859375,9.594068226860458,26
64,20410,82.265625,9.594068226860458,33
64,20411,83.671875,9.594068226860458,54
64,20412,85.078125,9.594068226860458,35
64,20413,86.484375,9.594068226860458,54
64,20414,87.890625,9.594068226860458,54
64,20415,89.296875,9.594068226860458,46
64,20416,90.703125,9.594068226860458,52
64,20417,92.109375,9.594068226860458,36
64,20418,93.515625,9.594068226860458,45
64,20419,94.921875,9.594068226860458,40
64,20420,96.328125,9.594068226860458,42
64,20421,97.734375,9.594068226860458,65
64,20422,99.140625,9.594068226860458,66
64,20423,100.546875,9.594068226860458,67
64,20424,101.953125,9.594068226860458,51
64,20425,103.359375,9.594068226860458,58
64,20426,104.765625,9.594068226860458,39
64,20427,106.171875,9.594068226860458,55
64,20428,107.578125,9.594068226860458,76
64,20429,108.984375,9.594068226860458,54
64,20430,110.390625,9.594068226860458,52
64,20431,111.796875,9.594068226860458,40
64,20432,113.203125,9.594068226860458,61
64,20433,114.609375,9.594068226860458,47
64,20434,116.015625,9.594068226860458,48
64,20435,117.421875,9.594068226860458,79
64,20436,118.828125,9.594068226860458,68
64,20437,120.234375,9.594068226860458,69
64,20438,121.640625,9.594068226860458,74
64,20439,123.04687499999994,9.594068226860458,40
64,20440,124.453125,9.594068226860458,64
64,20441,125.859375,9.594068226860458,54
64,20442,127.265625,9.594068226860458,33
64,20443,128.671875,9.594068226860458,79
64,20444,130.078125,9.594068226860458,36
64,20445,131.484375,9.594068226860458,111
64,20446,132.890625,9.594068226860458,106
64,20447,134.296875,9.594068226860458,102
64,20448,135.703125,9.594068226860458,96
64,20449,137.109375,9.594068226860458,115
64,20450,138.515625,9.594068226860458,68
64,20451,139.921875,9.594068226860458,104
64,20452,141.328125,9.594068226860458,35
64,20453,142.734375,9.594068226860458,75
64,20454,144.140625,9.594068226860458,55
64,20455,145.546875,9.594068226860458,127
64,20456,146.953125,9.594068226860458,38
64,20457,148.359375,9.594068226860458,67
64,20458,149.765625,9.594068226860458,16
64,20459,151.171875,9.594068226860458,99
64,20460,152.578125,9.594068226860458,40
64,20461,153.984375,9.594068226860458,117
64,20462,155.390625,9.594068226860458,23
64,20463,156.796875,9.594068226860458,53
64,20464,158.203125,9.594068226860458,38
64,20465,159.609375,9.594068226860458,96
64,20466,161.015625,9.594068226860458,89
64,20467,162.421875,9.594068226860458,133
64,20468,163.828125,9.594068226860458,101
64,20469,165.234375,9.594068226860458,127
64,20470,166.640625,9.594068226860458,46
64,20471,168.046875,9.594068226860458,59
64,20472,169.453125,9.594068226860458,53
64,20473,170.859375,9.594068226860458,49
64,20474,172.265625,9.594068226860458,91
64,20475,173.671875,9.594068226860458,75
64,20476,175.078125,9.594068226860458,267
64,20477,176.484375,9.594068226860458,80
64,20478,177.890625,9.594068226860458,325
64,20479,179.296875,9.594068226860458,110
64,20480,-179.296875,9.594068226860458,173
64,20481,-177.890625,9.594068226860458,47
64,20482,-176.484375,9.594068226860458,99
64,20483,-175.078125,9.594068226860458,21
64,20484,-173.671875,9.594068226860458,56
64,20485,-172.265625,9.594068226860458,9
64,20486,-170.859375,9.594068226860458,16
64,20487,-169.453125,9.594068226860458,2
64,20488,-168.046875,9.594068226860458,48
64,20489,-166.640625,9.594068226860458,10
64,20490,-165.234375,9.594068226860458,39
64,20491,-163.828125,9.594068226860458,5
64,20492,-162.421875,9.594068226860458,86
64,20493,-161.015625,9.594068226860458,27
64,20494,-159.609375,9.594068226860458,46
64,20495,-158.203125,9.594068226860458,19
64,20496,-156.796875,9.594068226860458,49
64,20497,-155.390625,9.594068226860458,22
64,20498,-153.984375,9.594068226860458,9
64,20499,-152.578125,9.594068226860458,27
64,20500,-151.171875,9.594068226860458,41
64,20501,-149.765625,9.594068226860458,140
64,20502,-148.359375,9.594068226860458,147
64,20503,-146.953125,9.594068226860458,191
64,20504,-145.546875,9.594068226860458,50
64,20505,-144.140625,9.594068226860458,108
64,20506,-142.734375,9.594068226860458,59
64,20507,-141.328125,9.594068226860458,214
64,20508,-139.921875,9.594068226860458,59
64,20509,-138.515625,9.594068226860458,110
64,20510,-137.109375,9.594068226860458,22
64,20511,-135.703125,9.594068226860458,18
64,20512,-134.296875,9.594068226860458,4
64,20513,-132.890625,9.594068226860458,29
64,20514,-131.484375,9.594068226860458,7
64,20515,-130.078125,9.594068226860458,19
64,20516,-128.671875,9.594068226860458,12
64,20517,-127.26562500000006,9.594068226860458,11
64,20518,-125.859375,9.594068226860458,17
64,20519,-124.453125,9.594068226860458,12
64,20520,-123.046875,9.594068226860458,24
64,20521,-121.64062500000011,9.594068226860458,50
64,20522,-120.234375,9.594068226860458,28
64,20523,-118.828125,9.594068226860458,26
64,20524,-117.421875,9.594068226860458,29
64,20525,-116.015625,9.594068226860458,37
64,20526,-114.609375,9.594068226860458,20
64,20527,-113.203125,9.594068226860458,29
64,20528,-111.79687500000006,9.594068226860458,36
64,20529,-110.390625,9.594068226860458,14
64,20530,-108.984375,9.594068226860458,10
64,20531,-107.578125,9.594068226860458,16
64,20532,-106.17187500000011,9.594068226860458,15
64,20533,-104.765625,9.594068226860458,3
64,20534,-103.359375,9.594068226860458,28
64,20535,-101.95312500000006,9.594068226860458,14
64,20536,-100.546875,9.594068226860458,8
64,20537,-99.140625,9.594068226860458,15
64,20538,-97.734375,9.594068226860458,5
64,20539,-96.32812500000006,9.594068226860458,5
64,20540,-94.921875,9.594068226860458,6
64,20541,-93.515625,9.594068226860458,9
64,20542,-92.109375,9.594068226860458,7
64,20543,-90.70312500000006,9.594068226860458,3
64,20544,-89.296875,9.594068226860458,2
64,20545,-87.890625,9.594068226860458,1
64,20546,-86.48437500000006,9.594068226860458,4
64,20547,-85.078125,9.594068226860458,10
64,20548,-83.671875,9.594068226860458,3
64,20549,-82.265625,9.594068226860458,6
64,20550,-80.85937500000006,9.594068226860458,4
64,20551,-79.453125,9.594068226860458,10
64,20553,-76.640625,9.594068226860458,8
64,20554,-75.23437500000006,9.594068226860458,13
64,20555,-73.828125,9.594068226860458,1
64,20557,-71.01562500000006,9.594068226860458,3
64,20558,-69.609375,9.594068226860458,14
64,20559,-68.203125,9.594068226860458,2
64,20560,-66.796875,9.594068226860458,5
64,20561,-65.39062500000006,9.594068226860458,4
64,20562,-63.984375,9.594068226860458,18
64,20563,-62.578125,9.594068226860458,2
64,20564,-61.171875,9.594068226860458,8
64,20569,-54.140625,9.594068226860458,1
64,20571,-51.328125,9.594068226860458,6
64,20572,-49.92187500000006,9.594068226860458,6
64,20576,-44.296875,9.594068226860458,3
64,20577,-42.890625,9.594068226860458,14
64,20578,-41.48437500000006,9.594068226860458,11
64,20579,-40.07812500000006,9.594068226860458,7
64,20580,-38.671875,9.594068226860458,9
64,20581,-37.265625,9.594068226860458,5
64,20585,-31.640625,9.594068226860458,6
64,20586,-30.234375000000057,9.594068226860458,4
64,20588,-27.421875,9.594068226860458,1
64,20591,-23.203125,9.594068226860458,12
64,20593,-20.390625,9.594068226860458,10
64,20594,-18.984375,9.594068226860458,2
64,20595,-17.578125,9.594068226860458,18
64,20596,-16.171875,9.594068226860458,6
64,20597,-14.765625,9.594068226860458,9
64,20598,-13.359375,9.594068226860458,10
64,20599,-11.953125,9.594068226860458,8
64,20600,-10.546875,9.594068226860458,5
64,20601,-9.140625,9.594068226860458,10
64,20602,-7.734375,9.594068226860458,2
64,20603,-6.328125,9.594068226860458,1
64,20604,-4.921875,9.594068226860458,4
64,20605,-3.515625,9.594068226860458,2
64,20606,-2.109375,9.594068226860458,7
64,20607,-0.703125,9.594068226860458,7
64,20608,0.0,8.989299345162806,12
64,20609,1.40625,8.989299345162806,8
64,20611,4.21875,8.989299345162806,2
64,20612,5.625,8.989299345162806,6
64,20613,7.03125,8.989299345162806,25
64,20614,8.4375,8.989299345162806,20
64,20615,9.84375,8.989299345162806,31
64,20616,11.25,8.989299345162806,29
64,20617,12.65625,8.989299345162806,25
64,20618,14.0625,8.989299345162806,18
64,20619,15.46875,8.989299345162806,68
64,20620,16.875,8.989299345162806,49
64,20621,18.28125,8.989299345162806,34
64,20622,19.6875,8.989299345162806,64
64,20623,21.09375,8.989299345162806,42
64,20624,22.5,8.989299345162806,25
64,20625,23.90625,8.989299345162806,37
64,20626,25.3125,8.989299345162806,9
64,20627,26.71875,8.989299345162806,39
64,20628,28.125,8.989299345162806,15
64,20629,29.53125,8.989299345162806,45
64,20630,30.9375,8.989299345162806,29
64,20631,32.34375,8.989299345162806,50
64,20632,33.75,8.989299345162806,27
64,20633,35.15625,8.989299345162806,95
64,20634,36.5625,8.989299345162806,33
64,20635,37.96875,8.989299345162806,51
64,20636,39.375,8.989299345162806,33
64,20637,40.78125,8.989299345162806,65
64,20638,42.1875,8.989299345162806,99
64,20639,43.59375,8.989299345162806,104
64,20640,45.0,8.989299345162806,82
64,20641,46.40625,8.989299345162806,86
64,20642,47.8125,8.989299345162806,88
64,20643,49.21875,8.989299345162806,60
64,20644,50.625,8.989299345162806,55
64,20645,52.03125,8.989299345162806,50
64,20646,53.4375,8.989299345162806,89
64,20647,54.84375,8.989299345162806,65
64,20648,56.25,8.989299345162806,72
64,20649,57.65625,8.989299345162806,44
64,20650,59.0625,8.989299345162806,95
64,20651,60.46875,8.989299345162806,66
64,20652,61.875,8.989299345162806,99
64,20653,63.28125,8.989299345162806,67
64,20654,64.6875,8.989299345162806,50
64,20655,66.09375,8.989299345162806,52
64,20656,67.5,8.989299345162806,29
64,20657,68.90625,8.989299345162806,12
64,20658,70.3125,8.989299345162806,58
64,20659,71.71875,8.989299345162806,52
64,20660,73.125,8.989299345162806,129
64,20661,74.53125,8.989299345162806,70
64,20662,75.9375,8.989299345162806,77
64,20663,77.34375,8.989299345162806,61
64,20664,78.75,8.989299345162806,60
64,20665,80.15625,8.989299345162806,30
64,20666,81.5625,8.989299345162806,33
64,20667,82.96875,8.989299345162806,31
64,20668,84.375,8.989299345162806,39
64,20669,85.78125,8.989299345162806,39
64,20670,87.1875,8.989299345162806,31
64,20671,88.59375,8.989299345162806,49
64,20672,90.0,8.989299345162806,69
64,20673,91.40625,8.989299345162806,49
64,20674,92.8125,8.989299345162806,34
64,20675,94.21875,8.989299345162806,24
64,20676,95.625,8.989299345162806,49
64,20677,97.03125,8.989299345162806,49
64,20678,98.4375,8.989299345162806,61
64,20679,99.84375,8.989299345162806,24
64,20680,101.25,8.989299345162806,43
64,20681,102.65625,8.989299345162806,42
64,20682,104.0625,8.989299345162806,48
64,20683,105.46875,8.989299345162806,46
64,20684,106.875,8.989299345162806,34
64,20685,108.28125,8.989299345162806,36
64,20686,109.6875,8.989299345162806,49
64,20687,111.09375,8.989299345162806,58
64,20688,112.5,8.989299345162806,56
64,20689,113.90625,8.989299345162806,43
64,20690,115.3125,8.989299345162806,52
64,20691,116.71875,8.989299345162806,72
64,20692,118.125,8.989299345162806,89
64,20693,119.53125,8.989299345162806,75
64,20694,120.9375,8.989299345162806,49
64,20695,122.34375,8.989299345162806,66
64,20696,123.75,8.989299345162806,33
64,20697,125.15625,8.989299345162806,91
64,20698,126.5625,8.989299345162806,61
64,20699,127.96875,8.989299345162806,85
64,20700,129.375,8.989299345162806,77
64,20701,130.78125,8.989299345162806,73
64,20702,132.1875,8.989299345162806,75
64,20703,133.59375,8.989299345162806,109
64,20704,135.0,8.989299345162806,108
64,20705,136.40625,8.989299345162806,76
64,20706,137.8125,8.989299345162806,54
64,20707,139.21875,8.989299345162806,79
64,20708,140.625,8.989299345162806,69
64,20709,142.03125,8.989299345162806,86
64,20710,143.4375,8.989299345162806,89
64,20711,144.84375,8.989299345162806,70
64,20712,146.25,8.989299345162806,56
64,20713,147.65625,8.989299345162806,53
64,20714,149.0625,8.989299345162806,40
64,20715,150.46875,8.989299345162806,106
64,20716,151.875,8.989299345162806,66
64,20717,153.28125,8.989299345162806,72
64,20718,154.6875,8.989299345162806,95
64,20719,156.09375,8.989299345162806,54
64,20720,157.5,8.989299345162806,50
64,20721,158.90625,8.989299345162806,41
64,20722,160.3125,8.989299345162806,68
64,20723,161.71875,8.989299345162806,32
64,20724,163.125,8.989299345162806,61
64,20725,164.53125,8.989299345162806,106
64,20726,165.9375,8.989299345162806,69
64,20727,167.34375,8.989299345162806,53
64,20728,168.75,8.989299345162806,31
64,20729,170.15625,8.989299345162806,92
64,20730,171.5625,8.989299345162806,41
64,20731,172.96875,8.989299345162806,77
64,20732,174.375,8.989299345162806,88
64,20733,175.78125,8.989299345162806,126
64,20734,177.1875,8.989299345162806,138
64,20735,178.59375,8.989299345162806,166
64,20736,-180.0,8.989299345162806,129
64,20737,-178.59375,8.989299345162806,162
64,20738,-177.1875,8.989299345162806,71
64,20739,-175.78125,8.989299345162806,105
64,20740,-174.375,8.989299345162806,72
64,20741,-172.96875,8.989299345162806,90
64,20742,-171.5625,8.989299345162806,16
64,20743,-170.15625,8.989299345162806,50
64,20744,-168.75,8.989299345162806,26
64,20745,-167.34375,8.989299345162806,35
64,20746,-165.9375,8.989299345162806,29
64,20747,-164.53125,8.989299345162806,42
64,20748,-163.125,8.989299345162806,25
64,20749,-161.71875,8.989299345162806,65
64,20750,-160.3125,8.989299345162806,32
64,20751,-158.90625,8.989299345162806,17
64,20752,-157.5,8.989299345162806,24
64,20753,-156.09375,8.989299345162806,30
64,20754,-154.6875,8.989299345162806,35
64,20755,-153.28125,8.989299345162806,3
64,20756,-151.875,8.989299345162806,37
64,20757,-150.46875,8.989299345162806,78
64,20758,-149.0625,8.989299345162806,184
64,20759,-147.65625,8.989299345162806,96
64,20760,-146.25,8.989299345162806,145
64,20761,-144.84375,8.989299345162806,109
64,20762,-143.4375,8.989299345162806,135
64,20763,-142.03125,8.989299345162806,125
64,20764,-140.625,8.989299345162806,135
64,20765,-139.21875,8.989299345162806,154
64,20766,-137.8125,8.989299345162806,138
64,20767,-136.40625,8.989299345162806,25
64,20768,-135.0,8.989299345162806,44
64,20769,-133.59375,8.989299345162806,16
64,20770,-132.1875,8.989299345162806,26
64,20771,-130.78125,8.989299345162806,10
64,20772,-129.37500000000006,8.989299345162806,23
64,20773,-127.96875,8.989299345162806,3
64,20774,-126.5625,8.989299345162806,2
64,20775,-125.15625,8.989299345162806,8
64,20776,-123.75,8.989299345162806,23
64,20777,-122.34375,8.989299345162806,27
64,20778,-120.9375,8.989299345162806,16
64,20779,-119.53125000000006,8.989299345162806,26
64,20780,-118.125,8.989299345162806,44
64,20781,-116.71875,8.989299345162806,25
64,20782,-115.3125,8.989299345162806,26
64,20783,-113.90625000000011,8.989299345162806,22
64,20784,-112.5,8.989299345162806,37
64,20785,-111.09375,8.989299345162806,23
64,20786,-109.6875,8.989299345162806,7
64,20787,-108.28125,8.989299345162806,7
64,20788,-106.875,8.989299345162806,4
64,20789,-105.46875,8.989299345162806,4
64,20790,-104.06250000000006,8.989299345162806,8
64,20791,-102.65625,8.989299345162806,13
64,20792,-101.25,8.989299345162806,8
64,20793,-99.84375,8.989299345162806,16
64,20794,-98.43750000000006,8.989299345162806,11
64,20795,-97.03125,8.989299345162806,11
64,20796,-95.625,8.989299345162806,3
64,20799,-91.40625,8.989299345162806,13
64,20800,-90.0,8.989299345162806,5
64,20801,-88.59375000000006,8.989299345162806,5
64,20802,-87.1875,8.989299345162806,6
64,20803,-85.78125,8.989299345162806,4
64,20804,-84.375,8.989299345162806,4
64,20805,-82.96875000000006,8.989299345162806,6
64,20806,-81.5625,8.989299345162806,2
64,20807,-80.15625,8.989299345162806,8
64,20808,-78.75000000000006,8.989299345162806,2
64,20809,-77.34375,8.989299345162806,7
64,20810,-75.9375,8.989299345162806,6
64,20811,-74.53125,8.989299345162806,1
64,20813,-71.71875,8.989299345162806,10
64,20814,-70.3125,8.989299345162806,7
64,20815,-68.90625,8.989299345162806,3
64,20816,-67.5,8.989299345162806,3
64,20817,-66.09375,8.989299345162806,2
64,20818,-64.6875,8.989299345162806,1
64,20819,-63.28125000000006,8.989299345162806,5
64,20820,-61.875,8.989299345162806,8
64,20827,-52.03125,8.989299345162806,6
64,20832,-45.0,8.989299345162806,1
64,20833,-43.59375,8.989299345162806,4
64,20834,-42.18750000000006,8.989299345162806,9
64,20835,-40.78125,8.989299345162806,12
64,20836,-39.375,8.989299345162806,8
64,20837,-37.96875000000006,8.989299345162806,12
64,20842,-30.9375,8.989299345162806,5
64,20845,-26.71875,8.989299345162806,4
64,20847,-23.90625,8.989299345162806,13
64,20848,-22.5,8.989299345162806,12
64,20849,-21.09375,8.989299345162806,9
64,20850,-19.6875,8.989299345162806,2
64,20851,-18.28125,8.989299345162806,3
64,20852,-16.875,8.989299345162806,10
64,20853,-15.46875,8.989299345162806,14
64,20854,-14.0625,8.989299345162806,10
64,20855,-12.65625,8.989299345162806,7
64,20856,-11.25,8.989299345162806,12
64,20857,-9.84375,8.989299345162806,10
64,20858,-8.4375,8.989299345162806,7
64,20859,-7.03125,8.989299345162806,10
64,20860,-5.625,8.989299345162806,4
64,20861,-4.21875,8.989299345162806,6
64,20862,-2.8125,8.989299345162806,11
64,20863,-1.40625,8.989299345162806,19
64,20864,0.703125,8.385538647081319,26
64,20865,2.109375,8.385538647081319,3
64,20866,3.515625,8.385538647081319,3
64,20867,4.921875,8.385538647081319,13
64,20868,6.328125,8.385538647081319,17
64,20869,7.734375,8.385538647081319,40
64,20870,9.140625,8.385538647081319,29
64,20871,10.546875,8.385538647081319,24
64,20872,11.953125,8.385538647081319,31
64,20873,13.359375,8.385538647081319,17
64,20874,14.765625,8.385538647081319,39
64,20875,16.171875,8.385538647081319,23
64,20876,17.578125,8.385538647081319,42
64,20877,18.984375,8.385538647081319,60
64,20878,20.390625,8.385538647081319,82
64,20879,21.796875,8.385538647081319,24
64,20880,23.203125,8.385538647081319,37
64,20881,24.609375,8.385538647081319,49
64,20882,26.015625,8.385538647081319,44
64,20883,27.421875,8.385538647081319,55
64,20884,28.828125,8.385538647081319,46
64,20885,30.234375,8.385538647081319,57
64,20886,31.640625,8.385538647081319,36
64,20887,33.046875,8.385538647081319,53
64,20888,34.453125,8.385538647081319,62
64,20889,35.859375,8.385538647081319,95
64,20890,37.265625,8.385538647081319,46
64,20891,38.671875,8.385538647081319,40
64,20892,40.078125,8.385538647081319,45
64,20893,41.484375,8.385538647081319,48
64,20894,42.890625,8.385538647081319,97
64,20895,44.296875,8.385538647081319,129
64,20896,45.703125,8.385538647081319,126
64,20897,47.109375,8.385538647081319,87
64,20898,48.515625,8.385538647081319,68
64,20899,49.921875,8.385538647081319,51
64,20900,51.328125,8.385538647081319,59
64,20901,52.734375,8.385538647081319,39
64,20902,54.140625,8.385538647081319,66
64,20903,55.546875,8.385538647081319,35
64,20904,56.953125,8.385538647081319,54
64,20905,58.359375,8.385538647081319,96
64,20906,59.765625,8.385538647081319,55
64,20907,61.171875,8.385538647081319,120
64,20908,62.578125,8.385538647081319,62
64,20909,63.984375,8.385538647081319,64
64,20910,65.390625,8.385538647081319,64
64,20911,66.796875,8.385538647081319,57
64,20912,68.203125,8.385538647081319,23
64,20913,69.609375,8.385538647081319,46
64,20914,71.015625,8.385538647081319,66
64,20915,72.421875,8.385538647081319,80
64,20916,73.828125,8.385538647081319,111
64,20917,75.234375,8.385538647081319,81
64,20918,76.640625,8.385538647081319,82
64,20919,78.046875,8.385538647081319,48
64,20920,79.453125,8.385538647081319,74
64,20921,80.859375,8.385538647081319,53
64,20922,82.265625,8.385538647081319,41
64,20923,83.671875,8.385538647081319,48
64,20924,85.078125,8.385538647081319,51
64,20925,86.484375,8.385538647081319,41
64,20926,87.890625,8.385538647081319,65
64,20927,89.296875,8.385538647081319,59
64,20928,90.703125,8.385538647081319,32
64,20929,92.109375,8.385538647081319,29
64,20930,93.515625,8.385538647081319,39
64,20931,94.921875,8.385538647081319,46
64,20932,96.328125,8.385538647081319,44
64,20933,97.734375,8.385538647081319,65
64,20934,99.140625,8.385538647081319,28
64,20935,100.546875,8.385538647081319,66
64,20936,101.953125,8.385538647081319,43
64,20937,103.359375,8.385538647081319,66
64,20938,104.765625,8.385538647081319,65
64,20939,106.171875,8.385538647081319,77
64,20940,107.578125,8.385538647081319,38
64,20941,108.984375,8.385538647081319,62
64,20942,110.390625,8.385538647081319,76
64,20943,111.796875,8.385538647081319,87
64,20944,113.203125,8.385538647081319,80
64,20945,114.609375,8.385538647081319,61
64,20946,116.015625,8.385538647081319,51
64,20947,117.421875,8.385538647081319,53
64,20948,118.828125,8.385538647081319,74
64,20949,120.234375,8.385538647081319,90
64,20950,121.640625,8.385538647081319,53
64,20951,123.04687499999994,8.385538647081319,60
64,20952,124.453125,8.385538647081319,92
64,20953,125.859375,8.385538647081319,60
64,20954,127.265625,8.385538647081319,81
64,20955,128.671875,8.385538647081319,108
64,20956,130.078125,8.385538647081319,93
64,20957,131.484375,8.385538647081319,105
64,20958,132.890625,8.385538647081319,93
64,20959,134.296875,8.385538647081319,97
64,20960,135.703125,8.385538647081319,114
64,20961,137.109375,8.385538647081319,84
64,20962,138.515625,8.385538647081319,68
64,20963,139.921875,8.385538647081319,76
64,20964,141.328125,8.385538647081319,76
64,20965,142.734375,8.385538647081319,136
64,20966,144.140625,8.385538647081319,141
64,20967,145.546875,8.385538647081319,91
64,20968,146.953125,8.385538647081319,89
64,20969,148.359375,8.385538647081319,71
64,20970,149.765625,8.385538647081319,69
64,20971,151.171875,8.385538647081319,113
64,20972,152.578125,8.385538647081319,109
64,20973,153.984375,8.385538647081319,77
64,20974,155.390625,8.385538647081319,77
64,20975,156.796875,8.385538647081319,98
64,20976,158.203125,8.385538647081319,96
64,20977,159.609375,8.385538647081319,64
64,20978,161.015625,8.385538647081319,67
64,20979,162.421875,8.385538647081319,39
64,20980,163.828125,8.385538647081319,75
64,20981,165.234375,8.385538647081319,100
64,20982,166.640625,8.385538647081319,53
64,20983,168.046875,8.385538647081319,66
64,20984,169.453125,8.385538647081319,57
64,20985,170.859375,8.385538647081319,107
64,20986,172.265625,8.385538647081319,56
64,20987,173.671875,8.385538647081319,128
64,20988,175.078125,8.385538647081319,159
64,20989,176.484375,8.385538647081319,111
64,20990,177.890625,8.385538647081319,226
64,20991,179.296875,8.385538647081319,187
64,20992,-179.296875,8.385538647081319,184
64,20993,-177.890625,8.385538647081319,237
64,20994,-176.484375,8.385538647081319,107
64,20995,-175.078125,8.385538647081319,111
64,20996,-173.671875,8.385538647081319,61
64,20997,-172.265625,8.385538647081319,67
64,20998,-170.859375,8.385538647081319,21
64,20999,-169.453125,8.385538647081319,31
64,21000,-168.046875,8.385538647081319,16
64,21001,-166.640625,8.385538647081319,27
64,21002,-165.234375,8.385538647081319,21
64,21003,-163.828125,8.385538647081319,8
64,21004,-162.421875,8.385538647081319,22
64,21005,-161.015625,8.385538647081319,54
64,21006,-159.609375,8.385538647081319,54
64,21007,-158.203125,8.385538647081319,36
64,21008,-156.796875,8.385538647081319,37
64,21009,-155.390625,8.385538647081319,17
64,21010,-153.984375,8.385538647081319,49
64,21011,-152.578125,8.385538647081319,9
64,21012,-151.171875,8.385538647081319,27
64,21013,-149.765625,8.385538647081319,114
64,21014,-148.359375,8.385538647081319,181
64,21015,-146.953125,8.385538647081319,103
64,21016,-145.546875,8.385538647081319,195
64,21017,-144.140625,8.385538647081319,146
64,21018,-142.734375,8.385538647081319,201
64,21019,-141.328125,8.385538647081319,193
64,21020,-139.921875,8.385538647081319,155
64,21021,-138.515625,8.385538647081319,168
64,21022,-137.109375,8.385538647081319,141
64,21023,-135.703125,8.385538647081319,30
64,21024,-134.296875,8.385538647081319,36
64,21025,-132.890625,8.385538647081319,22
64,21026,-131.484375,8.385538647081319,24
64,21027,-130.078125,8.385538647081319,35
64,21028,-128.671875,8.385538647081319,12
64,21029,-127.26562500000006,8.385538647081319,4
64,21030,-125.859375,8.385538647081319,6
64,21031,-124.453125,8.385538647081319,8
64,21032,-123.046875,8.385538647081319,37
64,21033,-121.64062500000011,8.385538647081319,34
64,21034,-120.234375,8.385538647081319,15
64,21035,-118.828125,8.385538647081319,18
64,21036,-117.421875,8.385538647081319,15
64,21037,-116.015625,8.385538647081319,24
64,21038,-114.609375,8.385538647081319,27
64,21039,-113.203125,8.385538647081319,33
64,21040,-111.79687500000006,8.385538647081319,41
64,21041,-110.390625,8.385538647081319,45
64,21042,-108.984375,8.385538647081319,4
64,21043,-107.578125,8.385538647081319,23
64,21044,-106.17187500000011,8.385538647081319,5
64,21045,-104.765625,8.385538647081319,8
64,21046,-103.359375,8.385538647081319,23
64,21047,-101.95312500000006,8.385538647081319,6
64,21048,-100.546875,8.385538647081319,24
64,21049,-99.140625,8.385538647081319,11
64,21051,-96.32812500000006,8.385538647081319,10
64,21052,-94.921875,8.385538647081319,7
64,21053,-93.515625,8.385538647081319,2
64,21054,-92.109375,8.385538647081319,1
64,21055,-90.70312500000006,8.385538647081319,2
64,21056,-89.296875,8.385538647081319,6
64,21058,-86.48437500000006,8.385538647081319,2
64,21059,-85.078125,8.385538647081319,3
64,21060,-83.671875,8.385538647081319,1
64,21061,-82.265625,8.385538647081319,3
64,21062,-80.85937500000006,8.385538647081319,6
64,21063,-79.453125,8.385538647081319,4
64,21064,-78.046875,8.385538647081319,2
64,21065,-76.640625,8.385538647081319,4
64,21066,-75.23437500000006,8.385538647081319,5
64,21068,-72.421875,8.385538647081319,7
64,21069,-71.01562500000006,8.385538647081319,8
64,21070,-69.609375,8.385538647081319,2
64,21071,-68.203125,8.385538647081319,5
64,21072,-66.796875,8.385538647081319,9
64,21073,-65.39062500000006,8.385538647081319,8
64,21074,-63.984375,8.385538647081319,4
64,21075,-62.578125,8.385538647081319,8
64,21076,-61.171875,8.385538647081319,1
64,21082,-52.734375,8.385538647081319,5
64,21086,-47.109375,8.385538647081319,8
64,21087,-45.70312500000006,8.385538647081319,15
64,21088,-44.296875,8.385538647081319,7
64,21089,-42.890625,8.385538647081319,17
64,21090,-41.48437500000006,8.385538647081319,2
64,21091,-40.07812500000006,8.385538647081319,9
64,21092,-38.671875,8.385538647081319,9
64,21093,-37.265625,8.385538647081319,15
64,21094,-35.859375,8.385538647081319,19
64,21095,-34.45312500000006,8.385538647081319,6
64,21097,-31.640625,8.385538647081319,2
64,21098,-30.234375000000057,8.385538647081319,3
64,21099,-28.828125,8.385538647081319,11
64,21100,-27.421875,8.385538647081319,3
64,21101,-26.015625,8.385538647081319,12
64,21102,-24.609375,8.385538647081319,2
64,21103,-23.203125,8.385538647081319,19
64,21104,-21.796875,8.385538647081319,14
64,21105,-20.390625,8.385538647081319,2
64,21106,-18.984375,8.385538647081319,2
64,21107,-17.578125,8.385538647081319,7
64,21108,-16.171875,8.385538647081319,4
64,21109,-14.765625,8.385538647081319,12
64,21110,-13.359375,8.385538647081319,11
64,21111,-11.953125,8.385538647081319,8
64,21112,-10.546875,8.385538647081319,4
64,21113,-9.140625,8.385538647081319,17
64,21114,-7.734375,8.385538647081319,20
64,21115,-6.328125,8.385538647081319,11
64,21116,-4.921875,8.385538647081319,16
64,21117,-3.515625,8.385538647081319,9
64,21118,-2.109375,8.385538647081319,8
64,21119,-0.703125,8.385538647081319,22
64,21120,0.0,7.782714385390946,16
64,21121,1.40625,7.782714385390946,9
64,21122,2.8125,7.782714385390946,3
64,21123,4.21875,7.782714385390946,12
64,21124,5.625,7.782714385390946,20
64,21125,7.03125,7.782714385390946,19
64,21126,8.4375,7.782714385390946,49
64,21127,9.84375,7.782714385390946,28
64,21128,11.25,7.782714385390946,26
64,21129,12.65625,7.782714385390946,34
64,21130,14.0625,7.782714385390946,29
64,21131,15.46875,7.782714385390946,38
64,21132,16.875,7.782714385390946,59
64,21133,18.28125,7.782714385390946,86
64,21134,19.6875,7.782714385390946,75
64,21135,21.09375,7.782714385390946,31
64,21136,22.5,7.782714385390946,74
64,21137,23.90625,7.782714385390946,33
64,21138,25.3125,7.782714385390946,41
64,21139,26.71875,7.782714385390946,44
64,21140,28.125,7.782714385390946,52
64,21141,29.53125,7.782714385390946,64
64,21142,30.9375,7.782714385390946,52
64,21143,32.34375,7.782714385390946,71
64,21144,33.75,7.782714385390946,89
64,21145,35.15625,7.782714385390946,63
64,21146,36.5625,7.782714385390946,84
64,21147,37.96875,7.782714385390946,60
64,21148,39.375,7.782714385390946,65
64,21149,40.78125,7.782714385390946,38
64,21150,42.1875,7.782714385390946,128
64,21151,43.59375,7.782714385390946,125
64,21152,45.0,7.782714385390946,95
64,21153,46.40625,7.782714385390946,88
64,21154,47.8125,7.782714385390946,81
64,21155,49.21875,7.782714385390946,143
64,21156,50.625,7.782714385390946,117
64,21157,52.03125,7.782714385390946,107
64,21158,53.4375,7.782714385390946,80
64,21159,54.84375,7.782714385390946,50
64,21160,56.25,7.782714385390946,59
64,21161,57.65625,7.782714385390946,110
64,21162,59.0625,7.782714385390946,50
64,21163,60.46875,7.782714385390946,94
64,21164,61.875,7.782714385390946,104
64,21165,63.28125,7.782714385390946,92
64,21166,64.6875,7.782714385390946,81
64,21167,66.09375,7.782714385390946,76
64,21168,67.5,7.782714385390946,71
64,21169,68.90625,7.782714385390946,30
64,21170,70.3125,7.782714385390946,97
64,21171,71.71875,7.782714385390946,76
64,21172,73.125,7.782714385390946,114
64,21173,74.53125,7.782714385390946,97
64,21174,75.9375,7.782714385390946,99
64,21175,77.34375,7.782714385390946,58
64,21176,78.75,7.782714385390946,72
64,21177,80.15625,7.782714385390946,62
64,21178,81.5625,7.782714385390946,55
64,21179,82.96875,7.782714385390946,76
64,21180,84.375,7.782714385390946,48
64,21181,85.78125,7.782714385390946,58
64,21182,87.1875,7.782714385390946,43
64,21183,88.59375,7.782714385390946,74
64,21184,90.0,7.782714385390946,56
64,21185,91.40625,7.782714385390946,47
64,21186,92.8125,7.782714385390946,28
64,21187,94.21875,7.782714385390946,70
64,21188,95.625,7.782714385390946,64
64,21189,97.03125,7.782714385390946,70
64,21190,98.4375,7.782714385390946,71
64,21191,99.84375,7.782714385390946,47
64,21192,101.25,7.782714385390946,76
64,21193,102.65625,7.782714385390946,66
64,21194,104.0625,7.782714385390946,81
64,21195,105.46875,7.782714385390946,63
64,21196,106.875,7.782714385390946,56
64,21197,108.28125,7.782714385390946,45
64,21198,109.6875,7.782714385390946,40
64,21199,111.09375,7.782714385390946,67
64,21200,112.5,7.782714385390946,50
64,21201,113.90625,7.782714385390946,59
64,21202,115.3125,7.782714385390946,46
64,21203,116.71875,7.782714385390946,56
64,21204,118.125,7.782714385390946,51
64,21205,119.53125,7.782714385390946,79
64,21206,120.9375,7.782714385390946,98
64,21207,122.34375,7.782714385390946,85
64,21208,123.75,7.782714385390946,82
64,21209,125.15625,7.782714385390946,79
64,21210,126.5625,7.782714385390946,79
64,21211,127.96875,7.782714385390946,73
64,21212,129.375,7.782714385390946,92
64,21213,130.78125,7.782714385390946,94
64,21214,132.1875,7.782714385390946,102
64,21215,133.59375,7.782714385390946,108
64,21216,135.0,7.782714385390946,146
64,21217,136.40625,7.782714385390946,144
64,21218,137.8125,7.782714385390946,60
64,21219,139.21875,7.782714385390946,82
64,21220,140.625,7.782714385390946,105
64,21221,142.03125,7.782714385390946,110
64,21222,143.4375,7.782714385390946,180
64,21223,144.84375,7.782714385390946,82
64,21224,146.25,7.782714385390946,157
64,21225,147.65625,7.782714385390946,58
64,21226,149.0625,7.782714385390946,69
64,21227,150.46875,7.782714385390946,82
64,21228,151.875,7.782714385390946,54
64,21229,153.28125,7.782714385390946,80
64,21230,154.6875,7.782714385390946,102
64,21231,156.09375,7.782714385390946,46
64,21232,157.5,7.782714385390946,85
64,21233,158.90625,7.782714385390946,70
64,21234,160.3125,7.782714385390946,85
64,21235,161.71875,7.782714385390946,54
64,21236,163.125,7.782714385390946,92
64,21237,164.53125,7.782714385390946,109
64,21238,165.9375,7.782714385390946,100
64,21239,167.34375,7.782714385390946,90
64,21240,168.75,7.782714385390946,118
64,21241,170.15625,7.782714385390946,42
64,21242,171.5625,7.782714385390946,96
64,21243,172.96875,7.782714385390946,185
64,21244,174.375,7.782714385390946,220
64,21245,175.78125,7.782714385390946,174
64,21246,177.1875,7.782714385390946,202
64,21247,178.59375,7.782714385390946,172
64,21248,-180.0,7.782714385390946,155
64,21249,-178.59375,7.782714385390946,240
64,21250,-177.1875,7.782714385390946,177
64,21251,-175.78125,7.782714385390946,112
64,21252,-174.375,7.782714385390946,91
64,21253,-172.96875,7.782714385390946,127
64,21254,-171.5625,7.782714385390946,43
64,21255,-170.15625,7.782714385390946,39
64,21256,-168.75,7.782714385390946,18
64,21257,-167.34375,7.782714385390946,23
64,21258,-165.9375,7.782714385390946,48
64,21259,-164.53125,7.782714385390946,49
64,21260,-163.125,7.782714385390946,8
64,21261,-161.71875,7.782714385390946,28
64,21262,-160.3125,7.782714385390946,35
64,21263,-158.90625,7.782714385390946,50
64,21264,-157.5,7.782714385390946,8
64,21265,-156.09375,7.782714385390946,20
64,21266,-154.6875,7.782714385390946,24
64,21267,-153.28125,7.782714385390946,48
64,21268,-151.875,7.782714385390946,12
64,21269,-150.46875,7.782714385390946,79
64,21270,-149.0625,7.782714385390946,149
64,21271,-147.65625,7.782714385390946,152
64,21272,-146.25,7.782714385390946,135
64,21273,-144.84375,7.782714385390946,115
64,21274,-143.4375,7.782714385390946,146
64,21275,-142.03125,7.782714385390946,181
64,21276,-140.625,7.782714385390946,188
64,21277,-139.21875,7.782714385390946,184
64,21278,-137.8125,7.782714385390946,108
64,21279,-136.40625,7.782714385390946,19
64,21280,-135.0,7.782714385390946,27
64,21281,-133.59375,7.782714385390946,32
64,21282,-132.1875,7.782714385390946,28
64,21283,-130.78125,7.782714385390946,16
64,21284,-129.37500000000006,7.782714385390946,16
64,21285,-127.96875,7.782714385390946,7
64,21286,-126.5625,7.782714385390946,18
64,21287,-125.15625,7.782714385390946,16
64,21288,-123.75,7.782714385390946,17
64,21289,-122.34375,7.782714385390946,32
64,21290,-120.9375,7.782714385390946,46
64,21291,-119.53125000000006,7.782714385390946,51
64,21292,-118.125,7.782714385390946,25
64,21293,-116.71875,7.782714385390946,53
64,21294,-115.3125,7.782714385390946,40
64,21295,-113.90625000000011,7.782714385390946,33
64,21296,-112.5,7.782714385390946,15
64,21297,-111.09375,7.782714385390946,41
64,21298,-109.6875,7.782714385390946,15
64,21299,-108.28125,7.782714385390946,6
64,21300,-106.875,7.782714385390946,20
64,21301,-105.46875,7.782714385390946,18
64,21302,-104.06250000000006,7.782714385390946,9
64,21303,-102.65625,7.782714385390946,16
64,21304,-101.25,7.782714385390946,11
64,21305,-99.84375,7.782714385390946,13
64,21306,-98.43750000000006,7.782714385390946,5
64,21307,-97.03125,7.782714385390946,16
64,21308,-95.625,7.782714385390946,8
64,21309,-94.21875000000006,7.782714385390946,8
64,21310,-92.8125,7.782714385390946,1
64,21311,-91.40625,7.782714385390946,7
64,21312,-90.0,7.782714385390946,3
64,21313,-88.59375000000006,7.782714385390946,2
64,21314,-87.1875,7.782714385390946,9
64,21315,-85.78125,7.782714385390946,2
64,21317,-82.96875000000006,7.782714385390946,2
64,21318,-81.5625,7.782714385390946,4
64,21319,-80.15625,7.782714385390946,5
64,21320,-78.75000000000006,7.782714385390946,3
64,21321,-77.34375,7.782714385390946,4
64,21322,-75.9375,7.782714385390946,9
64,21324,-73.12500000000006,7.782714385390946,1
64,21325,-71.71875,7.782714385390946,13
64,21326,-70.3125,7.782714385390946,5
64,21327,-68.90625,7.782714385390946,7
64,21329,-66.09375,7.782714385390946,12
64,21330,-64.6875,7.782714385390946,7
64,21331,-63.28125000000006,7.782714385390946,5
64,21332,-61.875,7.782714385390946,11
64,21336,-56.25,7.782714385390946,3
64,21337,-54.84375,7.782714385390946,5
64,21338,-53.43750000000006,7.782714385390946,1
64,21342,-47.81250000000006,7.782714385390946,6
64,21343,-46.40625,7.782714385390946,4
64,21344,-45.0,7.782714385390946,6
64,21345,-43.59375,7.782714385390946,3
64,21346,-42.18750000000006,7.782714385390946,9
64,21347,-40.78125,7.782714385390946,7
64,21348,-39.375,7.782714385390946,31
64,21349,-37.96875000000006,7.782714385390946,12
64,21350,-36.5625,7.782714385390946,3
64,21351,-35.15625,7.782714385390946,8
64,21352,-33.75000000000006,7.782714385390946,1
64,21353,-32.34375000000006,7.782714385390946,2
64,21354,-30.9375,7.782714385390946,3
64,21355,-29.53125,7.782714385390946,4
64,21356,-28.125,7.782714385390946,4
64,21357,-26.71875,7.782714385390946,3
64,21358,-25.3125,7.782714385390946,3
64,21359,-23.90625,7.782714385390946,9
64,21360,-22.5,7.782714385390946,5
64,21361,-21.09375,7.782714385390946,7
64,21362,-19.6875,7.782714385390946,5
64,21363,-18.28125,7.782714385390946,6
64,21364,-16.875,7.782714385390946,9
64,21365,-15.46875,7.782714385390946,6
64,21366,-14.0625,7.782714385390946,12
64,21367,-12.65625,7.782714385390946,10
64,21368,-11.25,7.782714385390946,15
64,21369,-9.84375,7.782714385390946,12
64,21370,-8.4375,7.782714385390946,8
64,21371,-7.03125,7.782714385390946,7
64,21372,-5.625,7.782714385390946,7
64,21373,-4.21875,7.782714385390946,19
64,21374,-2.8125,7.782714385390946,18
64,21375,-1.40625,7.782714385390946,21
64,21376,0.703125,7.180755781458288,13
64,21377,2.109375,7.180755781458288,7
64,21378,3.515625,7.180755781458288,10
64,21379,4.921875,7.180755781458288,3
64,21380,6.328125,7.180755781458288,25
64,21381,7.734375,7.180755781458288,37
64,21382,9.140625,7.180755781458288,17
64,21383,10.546875,7.180755781458288,26
64,21384,11.953125,7.180755781458288,35
64,21385,13.359375,7.180755781458288,22
64,21386,14.765625,7.180755781458288,18
64,21387,16.171875,7.180755781458288,42
64,21388,17.578125,7.180755781458288,84
64,21389,18.984375,7.180755781458288,67
64,21390,20.390625,7.180755781458288,30
64,21391,21.796875,7.180755781458288,100
64,21392,23.203125,7.180755781458288,45
64,21393,24.609375,7.180755781458288,78
64,21394,26.015625,7.180755781458288,45
64,21395,27.421875,7.180755781458288,126
64,21396,28.828125,7.180755781458288,35
64,21397,30.234375,7.180755781458288,47
64,21398,31.640625,7.180755781458288,40
64,21399,33.046875,7.180755781458288,79
64,21400,34.453125,7.180755781458288,97
64,21401,35.859375,7.180755781458288,124
64,21402,37.265625,7.180755781458288,79
64,21403,38.671875,7.180755781458288,53
64,21404,40.078125,7.180755781458288,37
64,21405,41.484375,7.180755781458288,61
64,21406,42.890625,7.180755781458288,116
64,21407,44.296875,7.180755781458288,76
64,21408,45.703125,7.180755781458288,95
64,21409,47.109375,7.180755781458288,71
64,21410,48.515625,7.180755781458288,106
64,21411,49.921875,7.180755781458288,153
64,21412,51.328125,7.180755781458288,95
64,21413,52.734375,7.180755781458288,80
64,21414,54.140625,7.180755781458288,95
64,21415,55.546875,7.180755781458288,95
64,21416,56.953125,7.180755781458288,48
64,21417,58.359375,7.180755781458288,72
64,21418,59.765625,7.180755781458288,160
64,21419,61.171875,7.180755781458288,79
64,21420,62.578125,7.180755781458288,126
64,21421,63.984375,7.180755781458288,97
64,21422,65.390625,7.180755781458288,173
64,21423,66.796875,7.180755781458288,34
64,21424,68.203125,7.180755781458288,26
64,21425,69.609375,7.180755781458288,57
64,21426,71.015625,7.180755781458288,57
64,21427,72.421875,7.180755781458288,96
64,21428,73.828125,7.180755781458288,109
64,21429,75.234375,7.180755781458288,100
64,21430,76.640625,7.180755781458288,95
64,21431,78.046875,7.180755781458288,82
64,21432,79.453125,7.180755781458288,68
64,21433,80.859375,7.180755781458288,93
64,21434,82.265625,7.180755781458288,42
64,21435,83.671875,7.180755781458288,65
64,21436,85.078125,7.180755781458288,73
64,21437,86.484375,7.180755781458288,65
64,21438,87.890625,7.180755781458288,52
64,21439,89.296875,7.180755781458288,73
64,21440,90.703125,7.180755781458288,70
64,21441,92.109375,7.180755781458288,60
64,21442,93.515625,7.180755781458288,68
64,21443,94.921875,7.180755781458288,68
64,21444,96.328125,7.180755781458288,57
64,21445,97.734375,7.180755781458288,81
64,21446,99.140625,7.180755781458288,38
64,21447,100.546875,7.180755781458288,85
64,21448,101.953125,7.180755781458288,68
64,21449,103.359375,7.180755781458288,53
64,21450,104.765625,7.180755781458288,86
64,21451,106.171875,7.180755781458288,65
64,21452,107.578125,7.180755781458288,73
64,21453,108.984375,7.180755781458288,51
64,21454,110.390625,7.180755781458288,54
64,21455,111.796875,7.180755781458288,87
64,21456,113.203125,7.180755781458288,65
64,21457,114.609375,7.180755781458288,75
64,21458,116.015625,7.180755781458288,55
64,21459,117.421875,7.180755781458288,63
64,21460,118.828125,7.180755781458288,113
64,21461,120.234375,7.180755781458288,98
64,21462,121.640625,7.180755781458288,156
64,21463,123.04687499999994,7.180755781458288,97
64,21464,124.453125,7.180755781458288,121
64,21465,125.859375,7.180755781458288,45
64,21466,127.265625,7.180755781458288,83
64,21467,128.671875,7.180755781458288,77
64,21468,130.078125,7.180755781458288,87
64,21469,131.484375,7.180755781458288,124
64,21470,132.890625,7.180755781458288,127
64,21471,134.296875,7.180755781458288,119
64,21472,135.703125,7.180755781458288,127
64,21473,137.109375,7.180755781458288,97
64,21474,138.515625,7.180755781458288,132
64,21475,139.921875,7.180755781458288,66
64,21476,141.328125,7.180755781458288,136
64,21477,142.734375,7.180755781458288,180
64,21478,144.140625,7.180755781458288,128
64,21479,145.546875,7.180755781458288,105
64,21480,146.953125,7.180755781458288,129
64,21481,148.359375,7.180755781458288,80
64,21482,149.765625,7.180755781458288,44
64,21483,151.171875,7.180755781458288,89
64,21484,152.578125,7.180755781458288,53
64,21485,153.984375,7.180755781458288,66
64,21486,155.390625,7.180755781458288,56
64,21487,156.796875,7.180755781458288,131
64,21488,158.203125,7.180755781458288,74
64,21489,159.609375,7.180755781458288,70
64,21490,161.015625,7.180755781458288,46
64,21491,162.421875,7.180755781458288,98
64,21492,163.828125,7.180755781458288,53
64,21493,165.234375,7.180755781458288,112
64,21494,166.640625,7.180755781458288,45
64,21495,168.046875,7.180755781458288,117
64,21496,169.453125,7.180755781458288,50
64,21497,170.859375,7.180755781458288,51
64,21498,172.265625,7.180755781458288,129
64,21499,173.671875,7.180755781458288,70
64,21500,175.078125,7.180755781458288,113
64,21501,176.484375,7.180755781458288,154
64,21502,177.890625,7.180755781458288,181
64,21503,179.296875,7.180755781458288,147
64,21504,-179.296875,7.180755781458288,143
64,21505,-177.890625,7.180755781458288,103
64,21506,-176.484375,7.180755781458288,73
64,21507,-175.078125,7.180755781458288,97
64,21508,-173.671875,7.180755781458288,122
64,21509,-172.265625,7.180755781458288,79
64,21510,-170.859375,7.180755781458288,40
64,21511,-169.453125,7.180755781458288,11
64,21512,-168.046875,7.180755781458288,17
64,21513,-166.640625,7.180755781458288,12
64,21514,-165.234375,7.180755781458288,63
64,21515,-163.828125,7.180755781458288,10
64,21516,-162.421875,7.180755781458288,39
64,21517,-161.015625,7.180755781458288,18
64,21518,-159.609375,7.180755781458288,21
64,21519,-158.203125,7.180755781458288,17
64,21520,-156.796875,7.180755781458288,29
64,21521,-155.390625,7.180755781458288,20
64,21522,-153.984375,7.180755781458288,19
64,21523,-152.578125,7.180755781458288,12
64,21524,-151.171875,7.180755781458288,26
64,21525,-149.765625,7.180755781458288,149
64,21526,-148.359375,7.180755781458288,127
64,21527,-146.953125,7.180755781458288,140
64,21528,-145.546875,7.180755781458288,114
64,21529,-144.140625,7.180755781458288,118
64,21530,-142.734375,7.180755781458288,91
64,21531,-141.328125,7.180755781458288,162
64,21532,-139.921875,7.180755781458288,185
64,21533,-138.515625,7.180755781458288,203
64,21534,-137.109375,7.180755781458288,56
64,21535,-135.703125,7.180755781458288,23
64,21536,-134.296875,7.180755781458288,22
64,21537,-132.890625,7.180755781458288,18
64,21538,-131.484375,7.180755781458288,15
64,21539,-130.078125,7.180755781458288,17
64,21540,-128.671875,7.180755781458288,7
64,21541,-127.26562500000006,7.180755781458288,23
64,21542,-125.859375,7.180755781458288,6
64,21543,-124.453125,7.180755781458288,16
64,21544,-123.046875,7.180755781458288,25
64,21545,-121.64062500000011,7.180755781458288,17
64,21546,-120.234375,7.180755781458288,29
64,21547,-118.828125,7.180755781458288,23
64,21548,-117.421875,7.180755781458288,38
64,21549,-116.015625,7.180755781458288,25
64,21550,-114.609375,7.180755781458288,24
64,21551,-113.203125,7.180755781458288,13
64,21552,-111.79687500000006,7.180755781458288,44
64,21553,-110.390625,7.180755781458288,30
64,21554,-108.984375,7.180755781458288,21
64,21555,-107.578125,7.180755781458288,13
64,21556,-106.17187500000011,7.180755781458288,22
64,21557,-104.765625,7.180755781458288,23
64,21558,-103.359375,7.180755781458288,7
64,21559,-101.95312500000006,7.180755781458288,11
64,21560,-100.546875,7.180755781458288,18
64,21561,-99.140625,7.180755781458288,4
64,21562,-97.734375,7.180755781458288,10
64,21563,-96.32812500000006,7.180755781458288,3
64,21564,-94.921875,7.180755781458288,6
64,21565,-93.515625,7.180755781458288,8
64,21566,-92.109375,7.180755781458288,7
64,21567,-90.70312500000006,7.180755781458288,3
64,21568,-89.296875,7.180755781458288,4
64,21569,-87.890625,7.180755781458288,2
64,21570,-86.48437500000006,7.180755781458288,2
64,21571,-85.078125,7.180755781458288,2
64,21572,-83.671875,7.180755781458288,5
64,21573,-82.265625,7.180755781458288,7
64,21574,-80.85937500000006,7.180755781458288,3
64,21575,-79.453125,7.180755781458288,2
64,21576,-78.046875,7.180755781458288,6
64,21577,-76.640625,7.180755781458288,7
64,21578,-75.23437500000006,7.180755781458288,3
64,21581,-71.01562500000006,7.180755781458288,1
64,21582,-69.609375,7.180755781458288,2
64,21583,-68.203125,7.180755781458288,7
64,21585,-65.39062500000006,7.180755781458288,7
64,21586,-63.984375,7.180755781458288,11
64,21587,-62.578125,7.180755781458288,4
64,21593,-54.140625,7.180755781458288,1
64,21600,-44.296875,7.180755781458288,14
64,21601,-42.890625,7.180755781458288,4
64,21602,-41.48437500000006,7.180755781458288,11
64,21603,-40.07812500000006,7.180755781458288,18
64,21604,-38.671875,7.180755781458288,16
64,21605,-37.265625,7.180755781458288,3
64,21606,-35.859375,7.180755781458288,4
64,21607,-34.45312500000006,7.180755781458288,4
64,21608,-33.046875,7.180755781458288,2
64,21609,-31.640625,7.180755781458288,7
64,21610,-30.234375000000057,7.180755781458288,4
64,21612,-27.421875,7.180755781458288,2
64,21613,-26.015625,7.180755781458288,7
64,21615,-23.203125,7.180755781458288,3
64,21616,-21.796875,7.180755781458288,5
64,21617,-20.390625,7.180755781458288,1
64,21618,-18.984375,7.180755781458288,11
64,21619,-17.578125,7.180755781458288,6
64,21620,-16.171875,7.180755781458288,12
64,21621,-14.765625,7.180755781458288,25
64,21622,-13.359375,7.180755781458288,10
64,21623,-11.953125,7.180755781458288,17
64,21624,-10.546875,7.180755781458288,12
64,21625,-9.140625,7.180755781458288,16
64,21626,-7.734375,7.180755781458288,7
64,21627,-6.328125,7.180755781458288,9
64,21628,-4.921875,7.180755781458288,13
64,21629,-3.515625,7.180755781458288,12
64,21630,-2.109375,7.180755781458288,16
64,21631,-0.703125,7.180755781458288,15
64,21632,0.0,6.579592944977634,23
64,21633,1.40625,6.579592944977634,9
64,21634,2.8125,6.579592944977634,17
64,21635,4.21875,6.579592944977634,23
64,21636,5.625,6.579592944977634,16
64,21637,7.03125,6.579592944977634,17
64,21638,8.4375,6.579592944977634,43
64,21639,9.84375,6.579592944977634,9
64,21640,11.25,6.579592944977634,32
64,21641,12.65625,6.579592944977634,15
64,21642,14.0625,6.579592944977634,19
64,21643,15.46875,6.579592944977634,17
64,21644,16.875,6.579592944977634,82
64,21645,18.28125,6.579592944977634,50
64,21646,19.6875,6.579592944977634,54
64,21647,21.09375,6.579592944977634,30
64,21648,22.5,6.579592944977634,101
64,21649,23.90625,6.579592944977634,53
64,21650,25.3125,6.579592944977634,56
64,21651,26.71875,6.579592944977634,41
64,21652,28.125,6.579592944977634,61
64,21653,29.53125,6.579592944977634,41
64,21654,30.9375,6.579592944977634,36
64,21655,32.34375,6.579592944977634,30
64,21656,33.75,6.579592944977634,30
64,21657,35.15625,6.579592944977634,103
64,21658,36.5625,6.579592944977634,30
64,21659,37.96875,6.579592944977634,88
64,21660,39.375,6.579592944977634,42
64,21661,40.78125,6.579592944977634,79
64,21662,42.1875,6.579592944977634,53
64,21663,43.59375,6.579592944977634,136
64,21664,45.0,6.579592944977634,81
64,21665,46.40625,6.579592944977634,141
64,21666,47.8125,6.579592944977634,91
64,21667,49.21875,6.579592944977634,110
64,21668,50.625,6.579592944977634,83
64,21669,52.03125,6.579592944977634,96
64,21670,53.4375,6.579592944977634,80
64,21671,54.84375,6.579592944977634,92
64,21672,56.25,6.579592944977634,76
64,21673,57.65625,6.579592944977634,82
64,21674,59.0625,6.579592944977634,94
64,21675,60.46875,6.579592944977634,92
64,21676,61.875,6.579592944977634,133
64,21677,63.28125,6.579592944977634,83
64,21678,64.6875,6.579592944977634,151
64,21679,66.09375,6.579592944977634,41
64,21680,67.5,6.579592944977634,58
64,21681,68.90625,6.579592944977634,31
64,21682,70.3125,6.579592944977634,64
64,21683,71.71875,6.579592944977634,59
64,21684,73.125,6.579592944977634,99
64,21685,74.53125,6.579592944977634,113
64,21686,75.9375,6.579592944977634,105
64,21687,77.34375,6.579592944977634,70
64,21688,78.75,6.579592944977634,47
64,21689,80.15625,6.579592944977634,33
64,21690,81.5625,6.579592944977634,55
64,21691,82.96875,6.579592944977634,41
64,21692,84.375,6.579592944977634,45
64,21693,85.78125,6.579592944977634,86
64,21694,87.1875,6.579592944977634,37
64,21695,88.59375,6.579592944977634,37
64,21696,90.0,6.579592944977634,47
64,21697,91.40625,6.579592944977634,34
64,21698,92.8125,6.579592944977634,27
64,21699,94.21875,6.579592944977634,37
64,21700,95.625,6.579592944977634,59
64,21701,97.03125,6.579592944977634,43
64,21702,98.4375,6.579592944977634,30
64,21703,99.84375,6.579592944977634,93
64,21704,101.25,6.579592944977634,81
64,21705,102.65625,6.579592944977634,49
64,21706,104.0625,6.579592944977634,95
64,21707,105.46875,6.579592944977634,31
64,21708,106.875,6.579592944977634,64
64,21709,108.28125,6.579592944977634,34
64,21710,109.6875,6.579592944977634,94
64,21711,111.09375,6.579592944977634,60
64,21712,112.5,6.579592944977634,87
64,21713,113.90625,6.579592944977634,93
64,21714,115.3125,6.579592944977634,71
64,21715,116.71875,6.579592944977634,46
64,21716,118.125,6.579592944977634,93
64,21717,119.53125,6.579592944977634,71
64,21718,120.9375,6.579592944977634,105
64,21719,122.34375,6.579592944977634,126
64,21720,123.75,6.579592944977634,113
64,21721,125.15625,6.579592944977634,129
64,21722,126.5625,6.579592944977634,61
64,21723,127.96875,6.579592944977634,47
64,21724,129.375,6.579592944977634,99
64,21725,130.78125,6.579592944977634,121
64,21726,132.1875,6.579592944977634,103
64,21727,133.59375,6.579592944977634,121
64,21728,135.0,6.579592944977634,110
64,21729,136.40625,6.579592944977634,185
64,21730,137.8125,6.579592944977634,93
64,21731,139.21875,6.579592944977634,75
64,21732,140.625,6.579592944977634,80
64,21733,142.03125,6.579592944977634,87
64,21734,143.4375,6.579592944977634,135
64,21735,144.84375,6.579592944977634,116
64,21736,146.25,6.579592944977634,94
64,21737,147.65625,6.579592944977634,78
64,21738,149.0625,6.579592944977634,81
64,21739,150.46875,6.579592944977634,57
64,21740,151.875,6.579592944977634,125
64,21741,153.28125,6.579592944977634,49
64,21742,154.6875,6.579592944977634,55
64,21743,156.09375,6.579592944977634,48
64,21744,157.5,6.579592944977634,83
64,21745,158.90625,6.579592944977634,61
64,21746,160.3125,6.579592944977634,36
64,21747,161.71875,6.579592944977634,105
64,21748,163.125,6.579592944977634,61
64,21749,164.53125,6.579592944977634,46
64,21750,165.9375,6.579592944977634,88
64,21751,167.34375,6.579592944977634,88
64,21752,168.75,6.579592944977634,74
64,21753,170.15625,6.579592944977634,77
64,21754,171.5625,6.579592944977634,34
64,21755,172.96875,6.579592944977634,62
64,21756,174.375,6.579592944977634,53
64,21757,175.78125,6.579592944977634,140
64,21758,177.1875,6.579592944977634,84
64,21759,178.59375,6.579592944977634,222
64,21760,-180.0,6.579592944977634,109
64,21761,-178.59375,6.579592944977634,128
64,21762,-177.1875,6.579592944977634,79
64,21763,-175.78125,6.579592944977634,156
64,21764,-174.375,6.579592944977634,68
64,21765,-172.96875,6.579592944977634,56
64,21766,-171.5625,6.579592944977634,24
64,21767,-170.15625,6.579592944977634,29
64,21768,-168.75,6.579592944977634,9
64,21769,-167.34375,6.579592944977634,12
64,21770,-165.9375,6.579592944977634,61
64,21771,-164.53125,6.579592944977634,37
64,21772,-163.125,6.579592944977634,60
64,21773,-161.71875,6.579592944977634,21
64,21774,-160.3125,6.579592944977634,31
64,21775,-158.90625,6.579592944977634,13
64,21776,-157.5,6.579592944977634,12
64,21777,-156.09375,6.579592944977634,6
64,21778,-154.6875,6.579592944977634,15
64,21779,-153.28125,6.579592944977634,24
64,21780,-151.875,6.579592944977634,16
64,21781,-150.46875,6.579592944977634,21
64,21782,-149.0625,6.579592944977634,40
64,21783,-147.65625,6.579592944977634,141
64,21784,-146.25,6.579592944977634,149
64,21785,-144.84375,6.579592944977634,99
64,21786,-143.4375,6.579592944977634,133
64,21787,-142.03125,6.579592944977634,125
64,21788,-140.625,6.579592944977634,129
64,21789,-139.21875,6.579592944977634,103
64,21790,-137.8125,6.579592944977634,155
64,21791,-136.40625,6.579592944977634,15
64,21792,-135.0,6.579592944977634,38
64,21793,-133.59375,6.579592944977634,11
64,21794,-132.1875,6.579592944977634,19
64,21795,-130.78125,6.579592944977634,32
64,21796,-129.37500000000006,6.579592944977634,12
64,21797,-127.96875,6.579592944977634,6
64,21798,-126.5625,6.579592944977634,7
64,21799,-125.15625,6.579592944977634,11
64,21800,-123.75,6.579592944977634,2
64,21801,-122.34375,6.579592944977634,3
64,21802,-120.9375,6.579592944977634,10
64,21803,-119.53125000000006,6.579592944977634,12
64,21804,-118.125,6.579592944977634,12
64,21805,-116.71875,6.579592944977634,22
64,21806,-115.3125,6.579592944977634,12
64,21807,-113.90625000000011,6.579592944977634,13
64,21808,-112.5,6.579592944977634,7
64,21809,-111.09375,6.579592944977634,11
64,21810,-109.6875,6.579592944977634,10
64,21811,-108.28125,6.579592944977634,3
64,21812,-106.875,6.579592944977634,6
64,21814,-104.06250000000006,6.579592944977634,6
64,21815,-102.65625,6.579592944977634,9
64,21816,-101.25,6.579592944977634,5
64,21817,-99.84375,6.579592944977634,4
64,21818,-98.43750000000006,6.579592944977634,1
64,21819,-97.03125,6.579592944977634,7
64,21820,-95.625,6.579592944977634,5
64,21821,-94.21875000000006,6.579592944977634,4
64,21822,-92.8125,6.579592944977634,9
64,21823,-91.40625,6.579592944977634,1
64,21824,-90.0,6.579592944977634,3
64,21825,-88.59375000000006,6.579592944977634,2
64,21826,-87.1875,6.579592944977634,1
64,21827,-85.78125,6.579592944977634,1
64,21828,-84.375,6.579592944977634,4
64,21829,-82.96875000000006,6.579592944977634,2
64,21830,-81.5625,6.579592944977634,1
64,21831,-80.15625,6.579592944977634,2
64,21832,-78.75000000000006,6.579592944977634,2
64,21833,-77.34375,6.579592944977634,6
64,21834,-75.9375,6.579592944977634,5
64,21836,-73.12500000000006,6.579592944977634,2
64,21839,-68.90625,6.579592944977634,10
64,21840,-67.5,6.579592944977634,8
64,21841,-66.09375,6.579592944977634,8
64,21842,-64.6875,6.579592944977634,17
64,21843,-63.28125000000006,6.579592944977634,4
64,21844,-61.875,6.579592944977634,7
64,21848,-56.25,6.579592944977634,1
64,21850,-53.43750000000006,6.579592944977634,17
64,21851,-52.03125,6.579592944977634,5
64,21855,-46.40625,6.579592944977634,1
64,21856,-45.0,6.579592944977634,4
64,21857,-43.59375,6.579592944977634,2
64,21858,-42.18750000000006,6.579592944977634,4
64,21859,-40.78125,6.579592944977634,6
64,21860,-39.375,6.579592944977634,7
64,21861,-37.96875000000006,6.579592944977634,8
64,21862,-36.5625,6.579592944977634,5
64,21863,-35.15625,6.579592944977634,5
64,21864,-33.75000000000006,6.579592944977634,3
64,21865,-32.34375000000006,6.579592944977634,2
64,21867,-29.53125,6.579592944977634,2
64,21868,-28.125,6.579592944977634,10
64,21869,-26.71875,6.579592944977634,4
64,21872,-22.5,6.579592944977634,1
64,21873,-21.09375,6.579592944977634,5
64,21874,-19.6875,6.579592944977634,3
64,21875,-18.28125,6.579592944977634,6
64,21876,-16.875,6.579592944977634,7
64,21877,-15.46875,6.579592944977634,5
64,21878,-14.0625,6.579592944977634,15
64,21879,-12.65625,6.579592944977634,9
64,21880,-11.25,6.579592944977634,6
64,21881,-9.84375,6.579592944977634,9
64,21882,-8.4375,6.579592944977634,15
64,21883,-7.03125,6.579592944977634,1
64,21884,-5.625,6.579592944977634,10
64,21885,-4.21875,6.579592944977634,17
64,21886,-2.8125,6.579592944977634,18
64,21887,-1.40625,6.579592944977634,6
64,21888,0.703125,5.979156796301311,37
64,21889,2.109375,5.979156796301311,25
64,21890,3.515625,5.979156796301311,35
64,21891,4.921875,5.979156796301311,17
64,21892,6.328125,5.979156796301311,16
64,21893,7.734375,5.979156796301311,13
64,21894,9.140625,5.979156796301311,25
64,21895,10.546875,5.979156796301311,46
64,21896,11.953125,5.979156796301311,24
64,21897,13.359375,5.979156796301311,19
64,21898,14.765625,5.979156796301311,21
64,21899,16.171875,5.979156796301311,45
64,21900,17.578125,5.979156796301311,35
64,21901,18.984375,5.979156796301311,72
64,21902,20.390625,5.979156796301311,66
64,21903,21.796875,5.979156796301311,78
64,21904,23.203125,5.979156796301311,47
64,21905,24.609375,5.979156796301311,53
64,21906,26.015625,5.979156796301311,40
64,21907,27.421875,5.979156796301311,56
64,21908,28.828125,5.979156796301311,42
64,21909,30.234375,5.979156796301311,35
64,21910,31.640625,5.979156796301311,43
64,21911,33.046875,5.979156796301311,38
64,21912,34.453125,5.979156796301311,47
64,21913,35.859375,5.979156796301311,85
64,21914,37.265625,5.979156796301311,88
64,21915,38.671875,5.979156796301311,64
64,21916,40.078125,5.979156796301311,58
64,21917,41.484375,5.979156796301311,79
64,21918,42.890625,5.979156796301311,101
64,21919,44.296875,5.979156796301311,77
64,21920,45.703125,5.979156796301311,155
64,21921,47.109375,5.979156796301311,73
64,21922,48.515625,5.979156796301311,74
64,21923,49.921875,5.979156796301311,61
64,21924,51.328125,5.979156796301311,70
64,21925,52.734375,5.979156796301311,67
64,21926,54.140625,5.979156796301311,137
64,21927,55.546875,5.979156796301311,65
64,21928,56.953125,5.979156796301311,101
64,21929,58.359375,5.979156796301311,49
64,21930,59.765625,5.979156796301311,157
64,21931,61.171875,5.979156796301311,100
64,21932,62.578125,5.979156796301311,167
64,21933,63.984375,5.979156796301311,72
64,21934,65.390625,5.979156796301311,66
64,21935,66.796875,5.979156796301311,29
64,21936,68.203125,5.979156796301311,43
64,21937,69.609375,5.979156796301311,38
64,21938,71.015625,5.979156796301311,67
64,21939,72.421875,5.979156796301311,101
64,21940,73.828125,5.979156796301311,127
64,21941,75.234375,5.979156796301311,109
64,21942,76.640625,5.979156796301311,71
64,21943,78.046875,5.979156796301311,58
64,21944,79.453125,5.979156796301311,51
64,21945,80.859375,5.979156796301311,69
64,21946,82.265625,5.979156796301311,53
64,21947,83.671875,5.979156796301311,53
64,21948,85.078125,5.979156796301311,73
64,21949,86.484375,5.979156796301311,48
64,21950,87.890625,5.979156796301311,37
64,21951,89.296875,5.979156796301311,17
64,21952,90.703125,5.979156796301311,25
64,21953,92.109375,5.979156796301311,47
64,21954,93.515625,5.979156796301311,56
64,21955,94.921875,5.979156796301311,30
64,21956,96.328125,5.979156796301311,47
64,21957,97.734375,5.979156796301311,66
64,21958,99.140625,5.979156796301311,71
64,21959,100.546875,5.979156796301311,58
64,21960,101.953125,5.979156796301311,68
64,21961,103.359375,5.979156796301311,68
64,21962,104.765625,5.979156796301311,77
64,21963,106.171875,5.979156796301311,34
64,21964,107.578125,5.979156796301311,59
64,21965,108.984375,5.979156796301311,51
64,21966,110.390625,5.979156796301311,93
64,21967,111.796875,5.979156796301311,111
64,21968,113.203125,5.979156796301311,88
64,21969,114.609375,5.979156796301311,109
64,21970,116.015625,5.979156796301311,62
64,21971,117.421875,5.979156796301311,76
64,21972,118.828125,5.979156796301311,101
64,21973,120.234375,5.979156796301311,164
64,21974,121.640625,5.979156796301311,169
64,21975,123.04687499999994,5.979156796301311,128
64,21976,124.453125,5.979156796301311,84
64,21977,125.859375,5.979156796301311,132
64,21978,127.265625,5.979156796301311,91
64,21979,128.671875,5.979156796301311,124
64,21980,130.078125,5.979156796301311,128
64,21981,131.484375,5.979156796301311,89
64,21982,132.890625,5.979156796301311,130
64,21983,134.296875,5.979156796301311,173
64,21984,135.703125,5.979156796301311,132
64,21985,137.109375,5.979156796301311,84
64,21986,138.515625,5.979156796301311,98
64,21987,139.921875,5.979156796301311,168
64,21988,141.328125,5.979156796301311,100
64,21989,142.734375,5.979156796301311,114
64,21990,144.140625,5.979156796301311,121
64,21991,145.546875,5.979156796301311,98
64,21992,146.953125,5.979156796301311,139
64,21993,148.359375,5.979156796301311,64
64,21994,149.765625,5.979156796301311,111
64,21995,151.171875,5.979156796301311,65
64,21996,152.578125,5.979156796301311,71
64,21997,153.984375,5.979156796301311,59
64,21998,155.390625,5.979156796301311,53
64,21999,156.796875,5.979156796301311,61
64,22000,158.203125,5.979156796301311,53
64,22001,159.609375,5.979156796301311,71
64,22002,161.015625,5.979156796301311,83
64,22003,162.421875,5.979156796301311,82
64,22004,163.828125,5.979156796301311,119
64,22005,165.234375,5.979156796301311,75
64,22006,166.640625,5.979156796301311,67
64,22007,168.046875,5.979156796301311,59
64,22008,169.453125,5.979156796301311,103
64,22009,170.859375,5.979156796301311,82
64,22010,172.265625,5.979156796301311,34
64,22011,173.671875,5.979156796301311,60
64,22012,175.078125,5.979156796301311,123
64,22013,176.484375,5.979156796301311,169
64,22014,177.890625,5.979156796301311,157
64,22015,179.296875,5.979156796301311,230
64,22016,-179.296875,5.979156796301311,165
64,22017,-177.890625,5.979156796301311,246
64,22018,-176.484375,5.979156796301311,148
64,22019,-175.078125,5.979156796301311,211
64,22020,-173.671875,5.979156796301311,78
64,22021,-172.265625,5.979156796301311,87
64,22022,-170.859375,5.979156796301311,14
64,22023,-169.453125,5.979156796301311,72
64,22024,-168.046875,5.979156796301311,13
64,22025,-166.640625,5.979156796301311,54
64,22026,-165.234375,5.979156796301311,23
64,22027,-163.828125,5.979156796301311,41
64,22028,-162.421875,5.979156796301311,22
64,22029,-161.015625,5.979156796301311,28
64,22030,-159.609375,5.979156796301311,39
64,22031,-158.203125,5.979156796301311,26
64,22032,-156.796875,5.979156796301311,16
64,22033,-155.390625,5.979156796301311,12
64,22034,-153.984375,5.979156796301311,10
64,22035,-152.578125,5.979156796301311,18
64,22036,-151.171875,5.979156796301311,21
64,22037,-149.765625,5.979156796301311,9
64,22038,-148.359375,5.979156796301311,44
64,22039,-146.953125,5.979156796301311,146
64,22040,-145.546875,5.979156796301311,198
64,22041,-144.140625,5.979156796301311,148
64,22042,-142.734375,5.979156796301311,157
64,22043,-141.328125,5.979156796301311,163
64,22044,-139.921875,5.979156796301311,118
64,22045,-138.515625,5.979156796301311,153
64,22046,-137.109375,5.979156796301311,114
64,22047,-135.703125,5.979156796301311,50
64,22048,-134.296875,5.979156796301311,48
64,22049,-132.890625,5.979156796301311,28
64,22050,-131.484375,5.979156796301311,33
64,22051,-130.078125,5.979156796301311,17
64,22052,-128.671875,5.979156796301311,9
64,22053,-127.26562500000006,5.979156796301311,6
64,22054,-125.859375,5.979156796301311,3
64,22055,-124.453125,5.979156796301311,6
64,22056,-123.046875,5.979156796301311,2
64,22057,-121.64062500000011,5.979156796301311,23
64,22058,-120.234375,5.979156796301311,2
64,22059,-118.828125,5.979156796301311,13
64,22060,-117.421875,5.979156796301311,21
64,22061,-116.015625,5.979156796301311,30
64,22062,-114.609375,5.979156796301311,15
64,22063,-113.203125,5.979156796301311,25
64,22064,-111.79687500000006,5.979156796301311,12
64,22065,-110.390625,5.979156796301311,16
64,22066,-108.984375,5.979156796301311,4
64,22067,-107.578125,5.979156796301311,3
64,22068,-106.17187500000011,5.979156796301311,6
64,22069,-104.765625,5.979156796301311,1
64,22070,-103.359375,5.979156796301311,6
64,22071,-101.95312500000006,5.979156796301311,9
64,22072,-100.546875,5.979156796301311,8
64,22073,-99.140625,5.979156796301311,1
64,22074,-97.734375,5.979156796301311,8
64,22075,-96.32812500000006,5.979156796301311,1
64,22076,-94.921875,5.979156796301311,3
64,22077,-93.515625,5.979156796301311,2
64,22078,-92.109375,5.979156796301311,2
64,22081,-87.890625,5.979156796301311,2
64,22082,-86.48437500000006,5.979156796301311,1
64,22083,-85.078125,5.979156796301311,1
64,22084,-83.671875,5.979156796301311,1
64,22085,-82.265625,5.979156796301311,2
64,22086,-80.85937500000006,5.979156796301311,5
64,22087,-79.453125,5.979156796301311,4
64,22088,-78.046875,5.979156796301311,6
64,22089,-76.640625,5.979156796301311,5
64,22094,-69.609375,5.979156796301311,8
64,22095,-68.203125,5.979156796301311,17
64,22096,-66.796875,5.979156796301311,5
64,22097,-65.39062500000006,5.979156796301311,9
64,22098,-63.984375,5.979156796301311,13
64,22099,-62.578125,5.979156796301311,13
64,22103,-56.953125,5.979156796301311,1
64,22105,-54.140625,5.979156796301311,5
64,22107,-51.328125,5.979156796301311,4
64,22111,-45.70312500000006,5.979156796301311,3
64,22112,-44.296875,5.979156796301311,6
64,22113,-42.890625,5.979156796301311,1
64,22114,-41.48437500000006,5.979156796301311,6
64,22115,-40.07812500000006,5.979156796301311,3
64,22116,-38.671875,5.979156796301311,4
64,22117,-37.265625,5.979156796301311,9
64,22118,-35.859375,5.979156796301311,4
64,22119,-34.45312500000006,5.979156796301311,5
64,22120,-33.046875,5.979156796301311,8
64,22121,-31.640625,5.979156796301311,7
64,22123,-28.828125,5.979156796301311,7
64,22124,-27.421875,5.979156796301311,18
64,22125,-26.015625,5.979156796301311,6
64,22126,-24.609375,5.979156796301311,5
64,22127,-23.203125,5.979156796301311,2
64,22128,-21.796875,5.979156796301311,1
64,22130,-18.984375,5.979156796301311,2
64,22131,-17.578125,5.979156796301311,2
64,22132,-16.171875,5.979156796301311,5
64,22133,-14.765625,5.979156796301311,5
64,22134,-13.359375,5.979156796301311,7
64,22135,-11.953125,5.979156796301311,4
64,22136,-10.546875,5.979156796301311,18
64,22137,-9.140625,5.979156796301311,7
64,22138,-7.734375,5.979156796301311,14
64,22139,-6.328125,5.979156796301311,14
64,22140,-4.921875,5.979156796301311,11
64,22141,-3.515625,5.979156796301311,15
64,22142,-2.109375,5.979156796301311,29
64,22143,-0.703125,5.979156796301311,24
64,22144,0.0,5.379378991112077,28
64,22145,1.40625,5.379378991112077,37
64,22146,2.8125,5.379378991112077,48
64,22147,4.21875,5.379378991112077,46
64,22148,5.625,5.379378991112077,28
64,22149,7.03125,5.379378991112077,44
64,22150,8.4375,5.379378991112077,51
64,22151,9.84375,5.379378991112077,33
64,22152,11.25,5.379378991112077,63
64,22153,12.65625,5.379378991112077,24
64,22154,14.0625,5.379378991112077,35
64,22155,15.46875,5.379378991112077,24
64,22156,16.875,5.379378991112077,42
64,22157,18.28125,5.379378991112077,48
64,22158,19.6875,5.379378991112077,54
64,22159,21.09375,5.379378991112077,68
64,22160,22.5,5.379378991112077,47
64,22161,23.90625,5.379378991112077,57
64,22162,25.3125,5.379378991112077,54
64,22163,26.71875,5.379378991112077,64
64,22164,28.125,5.379378991112077,69
64,22165,29.53125,5.379378991112077,66
64,22166,30.9375,5.379378991112077,45
64,22167,32.34375,5.379378991112077,86
64,22168,33.75,5.379378991112077,44
64,22169,35.15625,5.379378991112077,56
64,22170,36.5625,5.379378991112077,69
64,22171,37.96875,5.379378991112077,62
64,22172,39.375,5.379378991112077,73
64,22173,40.78125,5.379378991112077,72
64,22174,42.1875,5.379378991112077,117
64,22175,43.59375,5.379378991112077,115
64,22176,45.0,5.379378991112077,142
64,22177,46.40625,5.379378991112077,98
64,22178,47.8125,5.379378991112077,85
64,22179,49.21875,5.379378991112077,78
64,22180,50.625,5.379378991112077,112
64,22181,52.03125,5.379378991112077,58
64,22182,53.4375,5.379378991112077,76
64,22183,54.84375,5.379378991112077,49
64,22184,56.25,5.379378991112077,144
64,22185,57.65625,5.379378991112077,98
64,22186,59.0625,5.379378991112077,90
64,22187,60.46875,5.379378991112077,81
64,22188,61.875,5.379378991112077,150
64,22189,63.28125,5.379378991112077,194
64,22190,64.6875,5.379378991112077,69
64,22191,66.09375,5.379378991112077,54
64,22192,67.5,5.379378991112077,49
64,22193,68.90625,5.379378991112077,45
64,22194,70.3125,5.379378991112077,56
64,22195,71.71875,5.379378991112077,61
64,22196,73.125,5.379378991112077,95
64,22197,74.53125,5.379378991112077,140
64,22198,75.9375,5.379378991112077,120
64,22199,77.34375,5.379378991112077,100
64,22200,78.75,5.379378991112077,83
64,22201,80.15625,5.379378991112077,81
64,22202,81.5625,5.379378991112077,44
64,22203,82.96875,5.379378991112077,73
64,22204,84.375,5.379378991112077,90
64,22205,85.78125,5.379378991112077,93
64,22206,87.1875,5.379378991112077,90
64,22207,88.59375,5.379378991112077,50
64,22208,90.0,5.379378991112077,30
64,22209,91.40625,5.379378991112077,40
64,22210,92.8125,5.379378991112077,60
64,22211,94.21875,5.379378991112077,41
64,22212,95.625,5.379378991112077,41
64,22213,97.03125,5.379378991112077,45
64,22214,98.4375,5.379378991112077,58
64,22215,99.84375,5.379378991112077,39
64,22216,101.25,5.379378991112077,60
64,22217,102.65625,5.379378991112077,91
64,22218,104.0625,5.379378991112077,130
64,22219,105.46875,5.379378991112077,80
64,22220,106.875,5.379378991112077,54
64,22221,108.28125,5.379378991112077,46
64,22222,109.6875,5.379378991112077,67
64,22223,111.09375,5.379378991112077,82
64,22224,112.5,5.379378991112077,104
64,22225,113.90625,5.379378991112077,115
64,22226,115.3125,5.379378991112077,152
64,22227,116.71875,5.379378991112077,98
64,22228,118.125,5.379378991112077,109
64,22229,119.53125,5.379378991112077,128
64,22230,120.9375,5.379378991112077,140
64,22231,122.34375,5.379378991112077,126
64,22232,123.75,5.379378991112077,142
64,22233,125.15625,5.379378991112077,128
64,22234,126.5625,5.379378991112077,127
64,22235,127.96875,5.379378991112077,124
64,22236,129.375,5.379378991112077,149
64,22237,130.78125,5.379378991112077,178
64,22238,132.1875,5.379378991112077,132
64,22239,133.59375,5.379378991112077,170
64,22240,135.0,5.379378991112077,184
64,22241,136.40625,5.379378991112077,150
64,22242,137.8125,5.379378991112077,105
64,22243,139.21875,5.379378991112077,123
64,22244,140.625,5.379378991112077,141
64,22245,142.03125,5.379378991112077,188
64,22246,143.4375,5.379378991112077,129
64,22247,144.84375,5.379378991112077,130
64,22248,146.25,5.379378991112077,166
64,22249,147.65625,5.379378991112077,153
64,22250,149.0625,5.379378991112077,123
64,22251,150.46875,5.379378991112077,132
64,22252,151.875,5.379378991112077,89
64,22253,153.28125,5.379378991112077,106
64,22254,154.6875,5.379378991112077,100
64,22255,156.09375,5.379378991112077,89
64,22256,157.5,5.379378991112077,89
64,22257,158.90625,5.379378991112077,82
64,22258,160.3125,5.379378991112077,61
64,22259,161.71875,5.379378991112077,89
64,22260,163.125,5.379378991112077,90
64,22261,164.53125,5.379378991112077,82
64,22262,165.9375,5.379378991112077,129
64,22263,167.34375,5.379378991112077,53
64,22264,168.75,5.379378991112077,89
64,22265,170.15625,5.379378991112077,63
64,22266,171.5625,5.379378991112077,78
64,22267,172.96875,5.379378991112077,79
64,22268,174.375,5.379378991112077,134
64,22269,175.78125,5.379378991112077,242
64,22270,177.1875,5.379378991112077,167
64,22271,178.59375,5.379378991112077,208
64,22272,-180.0,5.379378991112077,269
64,22273,-178.59375,5.379378991112077,199
64,22274,-177.1875,5.379378991112077,335
64,22275,-175.78125,5.379378991112077,142
64,22276,-174.375,5.379378991112077,132
64,22277,-172.96875,5.379378991112077,141
64,22278,-171.5625,5.379378991112077,69
64,22279,-170.15625,5.379378991112077,43
64,22280,-168.75,5.379378991112077,14
64,22281,-167.34375,5.379378991112077,17
64,22282,-165.9375,5.379378991112077,26
64,22283,-164.53125,5.379378991112077,72
64,22284,-163.125,5.379378991112077,16
64,22285,-161.71875,5.379378991112077,38
64,22286,-160.3125,5.379378991112077,27
64,22287,-158.90625,5.379378991112077,34
64,22288,-157.5,5.379378991112077,10
64,22289,-156.09375,5.379378991112077,24
64,22290,-154.6875,5.379378991112077,24
64,22291,-153.28125,5.379378991112077,20
64,22292,-151.875,5.379378991112077,22
64,22293,-150.46875,5.379378991112077,35
64,22294,-149.0625,5.379378991112077,20
64,22295,-147.65625,5.379378991112077,103
64,22296,-146.25,5.379378991112077,223
64,22297,-144.84375,5.379378991112077,265
64,22298,-143.4375,5.379378991112077,216
64,22299,-142.03125,5.379378991112077,193
64,22300,-140.625,5.379378991112077,138
64,22301,-139.21875,5.379378991112077,250
64,22302,-137.8125,5.379378991112077,230
64,22303,-136.40625,5.379378991112077,58
64,22304,-135.0,5.379378991112077,50
64,22305,-133.59375,5.379378991112077,29
64,22306,-132.1875,5.379378991112077,50
64,22307,-130.78125,5.379378991112077,14
64,22308,-129.37500000000006,5.379378991112077,22
64,22309,-127.96875,5.379378991112077,5
64,22310,-126.5625,5.379378991112077,20
64,22312,-123.75,5.379378991112077,13
64,22313,-122.34375,5.379378991112077,8
64,22314,-120.9375,5.379378991112077,16
64,22315,-119.53125000000006,5.379378991112077,10
64,22316,-118.125,5.379378991112077,24
64,22317,-116.71875,5.379378991112077,15
64,22318,-115.3125,5.379378991112077,29
64,22319,-113.90625000000011,5.379378991112077,34
64,22320,-112.5,5.379378991112077,39
64,22321,-111.09375,5.379378991112077,15
64,22322,-109.6875,5.379378991112077,4
64,22323,-108.28125,5.379378991112077,4
64,22325,-105.46875,5.379378991112077,3
64,22326,-104.06250000000006,5.379378991112077,3
64,22327,-102.65625,5.379378991112077,8
64,22328,-101.25,5.379378991112077,7
64,22329,-99.84375,5.379378991112077,1
64,22330,-98.43750000000006,5.379378991112077,12
64,22331,-97.03125,5.379378991112077,4
64,22332,-95.625,5.379378991112077,2
64,22333,-94.21875000000006,5.379378991112077,7
64,22334,-92.8125,5.379378991112077,4
64,22335,-91.40625,5.379378991112077,3
64,22337,-88.59375000000006,5.379378991112077,1
64,22339,-85.78125,5.379378991112077,1
64,22340,-84.375,5.379378991112077,2
64,22341,-82.96875000000006,5.379378991112077,4
64,22342,-81.5625,5.379378991112077,3
64,22343,-80.15625,5.379378991112077,4
64,22345,-77.34375,5.379378991112077,2
64,22346,-75.9375,5.379378991112077,4
64,22350,-70.3125,5.379378991112077,1
64,22352,-67.5,5.379378991112077,6
64,22353,-66.09375,5.379378991112077,9
64,22354,-64.6875,5.379378991112077,10
64,22355,-63.28125000000006,5.379378991112077,6
64,22356,-61.875,5.379378991112077,3
64,22361,-54.84375,5.379378991112077,1
64,22362,-53.43750000000006,5.379378991112077,5
64,22363,-52.03125,5.379378991112077,2
64,22368,-45.0,5.379378991112077,4
64,22369,-43.59375,5.379378991112077,5
64,22370,-42.18750000000006,5.379378991112077,5
64,22371,-40.78125,5.379378991112077,5
64,22372,-39.375,5.379378991112077,12
64,22373,-37.96875000000006,5.379378991112077,8
64,22374,-36.5625,5.379378991112077,6
64,22375,-35.15625,5.379378991112077,1
64,22378,-30.9375,5.379378991112077,4
64,22379,-29.53125,5.379378991112077,5
64,22380,-28.125,5.379378991112077,5
64,22381,-26.71875,5.379378991112077,2
64,22382,-25.3125,5.379378991112077,10
64,22383,-23.90625,5.379378991112077,6
64,22384,-22.5,5.379378991112077,5
64,22385,-21.09375,5.379378991112077,2
64,22386,-19.6875,5.379378991112077,1
64,22387,-18.28125,5.379378991112077,4
64,22388,-16.875,5.379378991112077,5
64,22389,-15.46875,5.379378991112077,6
64,22390,-14.0625,5.379378991112077,3
64,22391,-12.65625,5.379378991112077,6
64,22392,-11.25,5.379378991112077,14
64,22393,-9.84375,5.379378991112077,4
64,22394,-8.4375,5.379378991112077,7
64,22395,-7.03125,5.379378991112077,8
64,22396,-5.625,5.379378991112077,40
64,22397,-4.21875,5.379378991112077,12
64,22398,-2.8125,5.379378991112077,40
64,22399,-1.40625,5.379378991112077,7
64,22400,0.703125,4.780191847199163,46
64,22401,2.109375,4.780191847199163,31
64,22402,3.515625,4.780191847199163,79
64,22403,4.921875,4.780191847199163,47
64,22404,6.328125,4.780191847199163,29
64,22405,7.734375,4.780191847199163,46
64,22406,9.140625,4.780191847199163,23
64,22407,10.546875,4.780191847199163,46
64,22408,11.953125,4.780191847199163,29
64,22409,13.359375,4.780191847199163,25
64,22410,14.765625,4.780191847199163,52
64,22411,16.171875,4.780191847199163,45
64,22412,17.578125,4.780191847199163,27
64,22413,18.984375,4.780191847199163,29
64,22414,20.390625,4.780191847199163,58
64,22415,21.796875,4.780191847199163,51
64,22416,23.203125,4.780191847199163,68
64,22417,24.609375,4.780191847199163,53
64,22418,26.015625,4.780191847199163,91
64,22419,27.421875,4.780191847199163,49
64,22420,28.828125,4.780191847199163,95
64,22421,30.234375,4.780191847199163,45
64,22422,31.640625,4.780191847199163,59
64,22423,33.046875,4.780191847199163,36
64,22424,34.453125,4.780191847199163,68
64,22425,35.859375,4.780191847199163,72
64,22426,37.265625,4.780191847199163,61
64,22427,38.671875,4.780191847199163,88
64,22428,40.078125,4.780191847199163,108
64,22429,41.484375,4.780191847199163,127
64,22430,42.890625,4.780191847199163,128
64,22431,44.296875,4.780191847199163,100
64,22432,45.703125,4.780191847199163,97
64,22433,47.109375,4.780191847199163,106
64,22434,48.515625,4.780191847199163,93
64,22435,49.921875,4.780191847199163,195
64,22436,51.328125,4.780191847199163,46
64,22437,52.734375,4.780191847199163,80
64,22438,54.140625,4.780191847199163,67
64,22439,55.546875,4.780191847199163,135
64,22440,56.953125,4.780191847199163,137
64,22441,58.359375,4.780191847199163,105
64,22442,59.765625,4.780191847199163,108
64,22443,61.171875,4.780191847199163,127
64,22444,62.578125,4.780191847199163,154
64,22445,63.984375,4.780191847199163,120
64,22446,65.390625,4.780191847199163,66
64,22447,66.796875,4.780191847199163,44
64,22448,68.203125,4.780191847199163,33
64,22449,69.609375,4.780191847199163,63
64,22450,71.015625,4.780191847199163,94
64,22451,72.421875,4.780191847199163,128
64,22452,73.828125,4.780191847199163,165
64,22453,75.234375,4.780191847199163,99
64,22454,76.640625,4.780191847199163,120
64,22455,78.046875,4.780191847199163,78
64,22456,79.453125,4.780191847199163,117
64,22457,80.859375,4.780191847199163,135
64,22458,82.265625,4.780191847199163,125
64,22459,83.671875,4.780191847199163,96
64,22460,85.078125,4.780191847199163,117
64,22461,86.484375,4.780191847199163,97
64,22462,87.890625,4.780191847199163,76
64,22463,89.296875,4.780191847199163,28
64,22464,90.703125,4.780191847199163,48
64,22465,92.109375,4.780191847199163,68
64,22466,93.515625,4.780191847199163,85
64,22467,94.921875,4.780191847199163,43
64,22468,96.328125,4.780191847199163,63
64,22469,97.734375,4.780191847199163,50
64,22470,99.140625,4.780191847199163,103
64,22471,100.546875,4.780191847199163,79
64,22472,101.953125,4.780191847199163,103
64,22473,103.359375,4.780191847199163,112
64,22474,104.765625,4.780191847199163,73
64,22475,106.171875,4.780191847199163,117
64,22476,107.578125,4.780191847199163,85
64,22477,108.984375,4.780191847199163,107
64,22478,110.390625,4.780191847199163,83
64,22479,111.796875,4.780191847199163,82
64,22480,113.203125,4.780191847199163,138
64,22481,114.609375,4.780191847199163,134
64,22482,116.015625,4.780191847199163,136
64,22483,117.421875,4.780191847199163,136
64,22484,118.828125,4.780191847199163,132
64,22485,120.234375,4.780191847199163,92
64,22486,121.640625,4.780191847199163,157
64,22487,123.04687499999994,4.780191847199163,129
64,22488,124.453125,4.780191847199163,106
64,22489,125.859375,4.780191847199163,108
64,22490,127.265625,4.780191847199163,70
64,22491,128.671875,4.780191847199163,74
64,22492,130.078125,4.780191847199163,157
64,22493,131.484375,4.780191847199163,117
64,22494,132.890625,4.780191847199163,275
64,22495,134.296875,4.780191847199163,183
64,22496,135.703125,4.780191847199163,159
64,22497,137.109375,4.780191847199163,108
64,22498,138.515625,4.780191847199163,135
64,22499,139.921875,4.780191847199163,103
64,22500,141.328125,4.780191847199163,197
64,22501,142.734375,4.780191847199163,109
64,22502,144.140625,4.780191847199163,102
64,22503,145.546875,4.780191847199163,139
64,22504,146.953125,4.780191847199163,149
64,22505,148.359375,4.780191847199163,99
64,22506,149.765625,4.780191847199163,103
64,22507,151.171875,4.780191847199163,94
64,22508,152.578125,4.780191847199163,115
64,22509,153.984375,4.780191847199163,82
64,22510,155.390625,4.780191847199163,100
64,22511,156.796875,4.780191847199163,82
64,22512,158.203125,4.780191847199163,95
64,22513,159.609375,4.780191847199163,73
64,22514,161.015625,4.780191847199163,96
64,22515,162.421875,4.780191847199163,126
64,22516,163.828125,4.780191847199163,95
64,22517,165.234375,4.780191847199163,125
64,22518,166.640625,4.780191847199163,75
64,22519,168.046875,4.780191847199163,106
64,22520,169.453125,4.780191847199163,72
64,22521,170.859375,4.780191847199163,87
64,22522,172.265625,4.780191847199163,93
64,22523,173.671875,4.780191847199163,75
64,22524,175.078125,4.780191847199163,148
64,22525,176.484375,4.780191847199163,153
64,22526,177.890625,4.780191847199163,187
64,22527,179.296875,4.780191847199163,203
64,22528,-179.296875,4.780191847199163,248
64,22529,-177.890625,4.780191847199163,187
64,22530,-176.484375,4.780191847199163,153
64,22531,-175.078125,4.780191847199163,186
64,22532,-173.671875,4.780191847199163,114
64,22533,-172.265625,4.780191847199163,128
64,22534,-170.859375,4.780191847199163,44
64,22535,-169.453125,4.780191847199163,32
64,22536,-168.046875,4.780191847199163,22
64,22537,-166.640625,4.780191847199163,19
64,22538,-165.234375,4.780191847199163,27
64,22539,-163.828125,4.780191847199163,32
64,22540,-162.421875,4.780191847199163,37
64,22541,-161.015625,4.780191847199163,24
64,22542,-159.609375,4.780191847199163,23
64,22543,-158.203125,4.780191847199163,7
64,22544,-156.796875,4.780191847199163,14
64,22545,-155.390625,4.780191847199163,25
64,22546,-153.984375,4.780191847199163,44
64,22547,-152.578125,4.780191847199163,23
64,22548,-151.171875,4.780191847199163,24
64,22549,-149.765625,4.780191847199163,29
64,22550,-148.359375,4.780191847199163,23
64,22551,-146.953125,4.780191847199163,162
64,22552,-145.546875,4.780191847199163,199
64,22553,-144.140625,4.780191847199163,246
64,22554,-142.734375,4.780191847199163,205
64,22555,-141.328125,4.780191847199163,229
64,22556,-139.921875,4.780191847199163,183
64,22557,-138.515625,4.780191847199163,299
64,22558,-137.109375,4.780191847199163,147
64,22559,-135.703125,4.780191847199163,67
64,22560,-134.296875,4.780191847199163,91
64,22561,-132.890625,4.780191847199163,18
64,22562,-131.484375,4.780191847199163,25
64,22563,-130.078125,4.780191847199163,38
64,22564,-128.671875,4.780191847199163,19
64,22565,-127.26562500000006,4.780191847199163,9
64,22567,-124.453125,4.780191847199163,4
64,22568,-123.046875,4.780191847199163,4
64,22569,-121.64062500000011,4.780191847199163,4
64,22570,-120.234375,4.780191847199163,26
64,22572,-117.421875,4.780191847199163,32
64,22573,-116.015625,4.780191847199163,26
64,22574,-114.609375,4.780191847199163,30
64,22575,-113.203125,4.780191847199163,42
64,22576,-111.79687500000006,4.780191847199163,19
64,22577,-110.390625,4.780191847199163,14
64,22578,-108.984375,4.780191847199163,8
64,22581,-104.765625,4.780191847199163,3
64,22583,-101.95312500000006,4.780191847199163,7
64,22584,-100.546875,4.780191847199163,8
64,22585,-99.140625,4.780191847199163,3
64,22586,-97.734375,4.780191847199163,5
64,22587,-96.32812500000006,4.780191847199163,2
64,22588,-94.921875,4.780191847199163,5
64,22589,-93.515625,4.780191847199163,8
64,22590,-92.109375,4.780191847199163,6
64,22593,-87.890625,4.780191847199163,1
64,22594,-86.48437500000006,4.780191847199163,3
64,22596,-83.671875,4.780191847199163,2
64,22597,-82.265625,4.780191847199163,7
64,22598,-80.85937500000006,4.780191847199163,1
64,22599,-79.453125,4.780191847199163,1
64,22600,-78.046875,4.780191847199163,3
64,22601,-76.640625,4.780191847199163,3
64,22602,-75.23437500000006,4.780191847199163,4
64,22606,-69.609375,4.780191847199163,4
64,22607,-68.203125,4.780191847199163,7
64,22608,-66.796875,4.780191847199163,4
64,22609,-65.39062500000006,4.780191847199163,4
64,22610,-63.984375,4.780191847199163,11
64,22611,-62.578125,4.780191847199163,13
64,22615,-56.953125,4.780191847199163,4
64,22619,-51.328125,4.780191847199163,1
64,22623,-45.70312500000006,4.780191847199163,20
64,22624,-44.296875,4.780191847199163,27
64,22626,-41.48437500000006,4.780191847199163,3
64,22627,-40.07812500000006,4.780191847199163,8
64,22628,-38.671875,4.780191847199163,10
64,22629,-37.265625,4.780191847199163,8
64,22630,-35.859375,4.780191847199163,13
64,22632,-33.046875,4.780191847199163,1
64,22634,-30.234375000000057,4.780191847199163,4
64,22635,-28.828125,4.780191847199163,8
64,22636,-27.421875,4.780191847199163,5
64,22637,-26.015625,4.780191847199163,9
64,22638,-24.609375,4.780191847199163,10
64,22639,-23.203125,4.780191847199163,6
64,22640,-21.796875,4.780191847199163,5
64,22641,-20.390625,4.780191847199163,6
64,22642,-18.984375,4.780191847199163,4
64,22644,-16.171875,4.780191847199163,5
64,22645,-14.765625,4.780191847199163,6
64,22646,-13.359375,4.780191847199163,7
64,22647,-11.953125,4.780191847199163,3
64,22648,-10.546875,4.780191847199163,8
64,22649,-9.140625,4.780191847199163,21
64,22650,-7.734375,4.780191847199163,4
64,22651,-6.328125,4.780191847199163,10
64,22652,-4.921875,4.780191847199163,17
64,22653,-3.515625,4.780191847199163,10
64,22654,-2.109375,4.780191847199163,33
64,22655,-0.703125,4.780191847199163,24
64,22656,0.0,4.181528273111482,20
64,22657,1.40625,4.181528273111482,25
64,22658,2.8125,4.181528273111482,32
64,22659,4.21875,4.181528273111482,41
64,22660,5.625,4.181528273111482,9
64,22661,7.03125,4.181528273111482,57
64,22662,8.4375,4.181528273111482,15
64,22663,9.84375,4.181528273111482,20
64,22664,11.25,4.181528273111482,14
64,22665,12.65625,4.181528273111482,63
64,22666,14.0625,4.181528273111482,21
64,22667,15.46875,4.181528273111482,31
64,22668,16.875,4.181528273111482,29
64,22669,18.28125,4.181528273111482,61
64,22670,19.6875,4.181528273111482,45
64,22671,21.09375,4.181528273111482,115
64,22672,22.5,4.181528273111482,32
64,22673,23.90625,4.181528273111482,40
64,22674,25.3125,4.181528273111482,42
64,22675,26.71875,4.181528273111482,36
64,22676,28.125,4.181528273111482,32
64,22677,29.53125,4.181528273111482,25
64,22678,30.9375,4.181528273111482,36
64,22679,32.34375,4.181528273111482,19
64,22680,33.75,4.181528273111482,69
64,22681,35.15625,4.181528273111482,35
64,22682,36.5625,4.181528273111482,102
64,22683,37.96875,4.181528273111482,41
64,22684,39.375,4.181528273111482,99
64,22685,40.78125,4.181528273111482,75
64,22686,42.1875,4.181528273111482,169
64,22687,43.59375,4.181528273111482,106
64,22688,45.0,4.181528273111482,126
64,22689,46.40625,4.181528273111482,110
64,22690,47.8125,4.181528273111482,162
64,22691,49.21875,4.181528273111482,117
64,22692,50.625,4.181528273111482,138
64,22693,52.03125,4.181528273111482,101
64,22694,53.4375,4.181528273111482,95
64,22695,54.84375,4.181528273111482,123
64,22696,56.25,4.181528273111482,139
64,22697,57.65625,4.181528273111482,93
64,22698,59.0625,4.181528273111482,135
64,22699,60.46875,4.181528273111482,97
64,22700,61.875,4.181528273111482,146
64,22701,63.28125,4.181528273111482,217
64,22702,64.6875,4.181528273111482,68
64,22703,66.09375,4.181528273111482,70
64,22704,67.5,4.181528273111482,85
64,22705,68.90625,4.181528273111482,85
64,22706,70.3125,4.181528273111482,67
64,22707,71.71875,4.181528273111482,114
64,22708,73.125,4.181528273111482,124
64,22709,74.53125,4.181528273111482,179
64,22710,75.9375,4.181528273111482,107
64,22711,77.34375,4.181528273111482,55
64,22712,78.75,4.181528273111482,103
64,22713,80.15625,4.181528273111482,74
64,22714,81.5625,4.181528273111482,124
64,22715,82.96875,4.181528273111482,76
64,22716,84.375,4.181528273111482,74
64,22717,85.78125,4.181528273111482,69
64,22718,87.1875,4.181528273111482,73
64,22719,88.59375,4.181528273111482,54
64,22720,90.0,4.181528273111482,39
64,22721,91.40625,4.181528273111482,32
64,22722,92.8125,4.181528273111482,58
64,22723,94.21875,4.181528273111482,64
64,22724,95.625,4.181528273111482,55
64,22725,97.03125,4.181528273111482,121
64,22726,98.4375,4.181528273111482,66
64,22727,99.84375,4.181528273111482,71
64,22728,101.25,4.181528273111482,81
64,22729,102.65625,4.181528273111482,90
64,22730,104.0625,4.181528273111482,118
64,22731,105.46875,4.181528273111482,86
64,22732,106.875,4.181528273111482,111
64,22733,108.28125,4.181528273111482,119
64,22734,109.6875,4.181528273111482,74
64,22735,111.09375,4.181528273111482,70
64,22736,112.5,4.181528273111482,161
64,22737,113.90625,4.181528273111482,124
64,22738,115.3125,4.181528273111482,94
64,22739,116.71875,4.181528273111482,76
64,22740,118.125,4.181528273111482,88
64,22741,119.53125,4.181528273111482,97
64,22742,120.9375,4.181528273111482,128
64,22743,122.34375,4.181528273111482,96
64,22744,123.75,4.181528273111482,125
64,22745,125.15625,4.181528273111482,46
64,22746,126.5625,4.181528273111482,77
64,22747,127.96875,4.181528273111482,100
64,22748,129.375,4.181528273111482,138
64,22749,130.78125,4.181528273111482,125
64,22750,132.1875,4.181528273111482,109
64,22751,133.59375,4.181528273111482,122
64,22752,135.0,4.181528273111482,80
64,22753,136.40625,4.181528273111482,81
64,22754,137.8125,4.181528273111482,130
64,22755,139.21875,4.181528273111482,93
64,22756,140.625,4.181528273111482,72
64,22757,142.03125,4.181528273111482,173
64,22758,143.4375,4.181528273111482,111
64,22759,144.84375,4.181528273111482,113
64,22760,146.25,4.181528273111482,129
64,22761,147.65625,4.181528273111482,225
64,22762,149.0625,4.181528273111482,82
64,22763,150.46875,4.181528273111482,149
64,22764,151.875,4.181528273111482,118
64,22765,153.28125,4.181528273111482,126
64,22766,154.6875,4.181528273111482,60
64,22767,156.09375,4.181528273111482,81
64,22768,157.5,4.181528273111482,74
64,22769,158.90625,4.181528273111482,86
64,22770,160.3125,4.181528273111482,68
64,22771,161.71875,4.181528273111482,80
64,22772,163.125,4.181528273111482,131
64,22773,164.53125,4.181528273111482,180
64,22774,165.9375,4.181528273111482,104
64,22775,167.34375,4.181528273111482,48
64,22776,168.75,4.181528273111482,65
64,22777,170.15625,4.181528273111482,72
64,22778,171.5625,4.181528273111482,50
64,22779,172.96875,4.181528273111482,90
64,22780,174.375,4.181528273111482,75
64,22781,175.78125,4.181528273111482,114
64,22782,177.1875,4.181528273111482,73
64,22783,178.59375,4.181528273111482,128
64,22784,-180.0,4.181528273111482,60
64,22785,-178.59375,4.181528273111482,188
64,22786,-177.1875,4.181528273111482,122
64,22787,-175.78125,4.181528273111482,150
64,22788,-174.375,4.181528273111482,107
64,22789,-172.96875,4.181528273111482,97
64,22790,-171.5625,4.181528273111482,71
64,22791,-170.15625,4.181528273111482,23
64,22792,-168.75,4.181528273111482,23
64,22793,-167.34375,4.181528273111482,19
64,22794,-165.9375,4.181528273111482,37
64,22795,-164.53125,4.181528273111482,57
64,22796,-163.125,4.181528273111482,21
64,22797,-161.71875,4.181528273111482,32
64,22798,-160.3125,4.181528273111482,10
64,22799,-158.90625,4.181528273111482,7
64,22800,-157.5,4.181528273111482,27
64,22801,-156.09375,4.181528273111482,12
64,22802,-154.6875,4.181528273111482,3
64,22803,-153.28125,4.181528273111482,17
64,22804,-151.875,4.181528273111482,57
64,22805,-150.46875,4.181528273111482,16
64,22806,-149.0625,4.181528273111482,17
64,22807,-147.65625,4.181528273111482,67
64,22808,-146.25,4.181528273111482,94
64,22809,-144.84375,4.181528273111482,113
64,22810,-143.4375,4.181528273111482,117
64,22811,-142.03125,4.181528273111482,71
64,22812,-140.625,4.181528273111482,107
64,22813,-139.21875,4.181528273111482,120
64,22814,-137.8125,4.181528273111482,112
64,22815,-136.40625,4.181528273111482,42
64,22816,-135.0,4.181528273111482,14
64,22817,-133.59375,4.181528273111482,24
64,22818,-132.1875,4.181528273111482,7
64,22819,-130.78125,4.181528273111482,6
64,22820,-129.37500000000006,4.181528273111482,12
64,22821,-127.96875,4.181528273111482,3
64,22822,-126.5625,4.181528273111482,8
64,22823,-125.15625,4.181528273111482,16
64,22825,-122.34375,4.181528273111482,17
64,22826,-120.9375,4.181528273111482,9
64,22827,-119.53125000000006,4.181528273111482,5
64,22828,-118.125,4.181528273111482,3
64,22829,-116.71875,4.181528273111482,10
64,22830,-115.3125,4.181528273111482,5
64,22831,-113.90625000000011,4.181528273111482,16
64,22832,-112.5,4.181528273111482,8
64,22833,-111.09375,4.181528273111482,6
64,22834,-109.6875,4.181528273111482,1
64,22835,-108.28125,4.181528273111482,9
64,22840,-101.25,4.181528273111482,5
64,22841,-99.84375,4.181528273111482,1
64,22842,-98.43750000000006,4.181528273111482,6
64,22843,-97.03125,4.181528273111482,7
64,22844,-95.625,4.181528273111482,4
64,22845,-94.21875000000006,4.181528273111482,7
64,22847,-91.40625,4.181528273111482,2
64,22850,-87.1875,4.181528273111482,1
64,22851,-85.78125,4.181528273111482,2
64,22853,-82.96875000000006,4.181528273111482,6
64,22854,-81.5625,4.181528273111482,2
64,22855,-80.15625,4.181528273111482,1
64,22856,-78.75000000000006,4.181528273111482,3
64,22857,-77.34375,4.181528273111482,5
64,22858,-75.9375,4.181528273111482,2
64,22862,-70.3125,4.181528273111482,1
64,22863,-68.90625,4.181528273111482,1
64,22864,-67.5,4.181528273111482,4
64,22865,-66.09375,4.181528273111482,1
64,22868,-61.875,4.181528273111482,1
64,22875,-52.03125,4.181528273111482,2
64,22880,-45.0,4.181528273111482,1
64,22881,-43.59375,4.181528273111482,2
64,22882,-42.18750000000006,4.181528273111482,2
64,22883,-40.78125,4.181528273111482,5
64,22884,-39.375,4.181528273111482,16
64,22886,-36.5625,4.181528273111482,3
64,22887,-35.15625,4.181528273111482,3
64,22888,-33.75000000000006,4.181528273111482,7
64,22889,-32.34375000000006,4.181528273111482,2
64,22890,-30.9375,4.181528273111482,4
64,22892,-28.125,4.181528273111482,11
64,22893,-26.71875,4.181528273111482,2
64,22894,-25.3125,4.181528273111482,7
64,22895,-23.90625,4.181528273111482,2
64,22896,-22.5,4.181528273111482,4
64,22897,-21.09375,4.181528273111482,2
64,22898,-19.6875,4.181528273111482,2
64,22899,-18.28125,4.181528273111482,13
64,22900,-16.875,4.181528273111482,7
64,22901,-15.46875,4.181528273111482,8
64,22902,-14.0625,4.181528273111482,12
64,22903,-12.65625,4.181528273111482,10
64,22904,-11.25,4.181528273111482,7
64,22905,-9.84375,4.181528273111482,2
64,22906,-8.4375,4.181528273111482,7
64,22907,-7.03125,4.181528273111482,18
64,22908,-5.625,4.181528273111482,6
64,22909,-4.21875,4.181528273111482,16
64,22910,-2.8125,4.181528273111482,1
64,22911,-1.40625,4.181528273111482,25
64,22912,0.703125,3.583321698471977,3
64,22913,2.109375,3.583321698471977,31
64,22914,3.515625,3.583321698471977,19
64,22915,4.921875,3.583321698471977,28
64,22916,6.328125,3.583321698471977,14
64,22917,7.734375,3.583321698471977,23
64,22918,9.140625,3.583321698471977,6
64,22919,10.546875,3.583321698471977,12
64,22920,11.953125,3.583321698471977,32
64,22921,13.359375,3.583321698471977,44
64,22922,14.765625,3.583321698471977,37
64,22923,16.171875,3.583321698471977,13
64,22924,17.578125,3.583321698471977,40
64,22925,18.984375,3.583321698471977,38
64,22926,20.390625,3.583321698471977,56
64,22927,21.796875,3.583321698471977,67
64,22928,23.203125,3.583321698471977,47
64,22929,24.609375,3.583321698471977,14
64,22930,26.015625,3.583321698471977,41
64,22931,27.421875,3.583321698471977,31
64,22932,28.828125,3.583321698471977,51
64,22933,30.234375,3.583321698471977,55
64,22934,31.640625,3.583321698471977,38
64,22935,33.046875,3.583321698471977,52
64,22936,34.453125,3.583321698471977,52
64,22937,35.859375,3.583321698471977,45
64,22938,37.265625,3.583321698471977,74
64,22939,38.671875,3.583321698471977,77
64,22940,40.078125,3.583321698471977,110
64,22941,41.484375,3.583321698471977,112
64,22942,42.890625,3.583321698471977,101
64,22943,44.296875,3.583321698471977,132
64,22944,45.703125,3.583321698471977,66
64,22945,47.109375,3.583321698471977,154
64,22946,48.515625,3.583321698471977,95
64,22947,49.921875,3.583321698471977,188
64,22948,51.328125,3.583321698471977,68
64,22949,52.734375,3.583321698471977,190
64,22950,54.140625,3.583321698471977,95
64,22951,55.546875,3.583321698471977,117
64,22952,56.953125,3.583321698471977,74
64,22953,58.359375,3.583321698471977,101
64,22954,59.765625,3.583321698471977,91
64,22955,61.171875,3.583321698471977,75
64,22956,62.578125,3.583321698471977,124
64,22957,63.984375,3.583321698471977,96
64,22958,65.390625,3.583321698471977,83
64,22959,66.796875,3.583321698471977,85
64,22960,68.203125,3.583321698471977,81
64,22961,69.609375,3.583321698471977,63
64,22962,71.015625,3.583321698471977,113
64,22963,72.421875,3.583321698471977,129
64,22964,73.828125,3.583321698471977,83
64,22965,75.234375,3.583321698471977,110
64,22966,76.640625,3.583321698471977,97
64,22967,78.046875,3.583321698471977,90
64,22968,79.453125,3.583321698471977,93
64,22969,80.859375,3.583321698471977,126
64,22970,82.265625,3.583321698471977,95
64,22971,83.671875,3.583321698471977,80
64,22972,85.078125,3.583321698471977,79
64,22973,86.484375,3.583321698471977,59
64,22974,87.890625,3.583321698471977,50
64,22975,89.296875,3.583321698471977,65
64,22976,90.703125,3.583321698471977,31
64,22977,92.109375,3.583321698471977,41
64,22978,93.515625,3.583321698471977,80
64,22979,94.921875,3.583321698471977,45
64,22980,96.328125,3.583321698471977,72
64,22981,97.734375,3.583321698471977,108
64,22982,99.140625,3.583321698471977,51
64,22983,100.546875,3.583321698471977,65
64,22984,101.953125,3.583321698471977,77
64,22985,103.359375,3.583321698471977,95
64,22986,104.765625,3.583321698471977,112
64,22987,106.171875,3.583321698471977,45
64,22988,107.578125,3.583321698471977,68
64,22989,108.984375,3.583321698471977,53
64,22990,110.390625,3.583321698471977,87
64,22991,111.796875,3.583321698471977,99
64,22992,113.203125,3.583321698471977,199
64,22993,114.609375,3.583321698471977,177
64,22994,116.015625,3.583321698471977,154
64,22995,117.421875,3.583321698471977,101
64,22996,118.828125,3.583321698471977,110
64,22997,120.234375,3.583321698471977,126
64,22998,121.640625,3.583321698471977,123
64,22999,123.04687499999994,3.583321698471977,79
64,23000,124.453125,3.583321698471977,73
64,23001,125.859375,3.583321698471977,83
64,23002,127.265625,3.583321698471977,144
64,23003,128.671875,3.583321698471977,180
64,23004,130.078125,3.583321698471977,160
64,23005,131.484375,3.583321698471977,148
64,23006,132.890625,3.583321698471977,87
64,23007,134.296875,3.583321698471977,102
64,23008,135.703125,3.583321698471977,78
64,23009,137.109375,3.583321698471977,130
64,23010,138.515625,3.583321698471977,92
64,23011,139.921875,3.583321698471977,123
64,23012,141.328125,3.583321698471977,126
64,23013,142.734375,3.583321698471977,166
64,23014,144.140625,3.583321698471977,144
64,23015,145.546875,3.583321698471977,143
64,23016,146.953125,3.583321698471977,174
64,23017,148.359375,3.583321698471977,150
64,23018,149.765625,3.583321698471977,128
64,23019,151.171875,3.583321698471977,116
64,23020,152.578125,3.583321698471977,100
64,23021,153.984375,3.583321698471977,74
64,23022,155.390625,3.583321698471977,66
64,23023,156.796875,3.583321698471977,77
64,23024,158.203125,3.583321698471977,93
64,23025,159.609375,3.583321698471977,57
64,23026,161.015625,3.583321698471977,56
64,23027,162.421875,3.583321698471977,99
64,23028,163.828125,3.583321698471977,114
64,23029,165.234375,3.583321698471977,101
64,23030,166.640625,3.583321698471977,148
64,23031,168.046875,3.583321698471977,61
64,23032,169.453125,3.583321698471977,115
64,23033,170.859375,3.583321698471977,58
64,23034,172.265625,3.583321698471977,70
64,23035,173.671875,3.583321698471977,62
64,23036,175.078125,3.583321698471977,104
64,23037,176.484375,3.583321698471977,53
64,23038,177.890625,3.583321698471977,72
64,23039,179.296875,3.583321698471977,43
64,23040,-179.296875,3.583321698471977,109
64,23041,-177.890625,3.583321698471977,96
64,23042,-176.484375,3.583321698471977,93
64,23043,-175.078125,3.583321698471977,134
64,23044,-173.671875,3.583321698471977,110
64,23045,-172.265625,3.583321698471977,98
64,23046,-170.859375,3.583321698471977,23
64,23047,-169.453125,3.583321698471977,27
64,23048,-168.046875,3.583321698471977,26
64,23049,-166.640625,3.583321698471977,20
64,23050,-165.234375,3.583321698471977,48
64,23051,-163.828125,3.583321698471977,31
64,23052,-162.421875,3.583321698471977,45
64,23053,-161.015625,3.583321698471977,20
64,23054,-159.609375,3.583321698471977,14
64,23055,-158.203125,3.583321698471977,15
64,23056,-156.796875,3.583321698471977,33
64,23057,-155.390625,3.583321698471977,12
64,23058,-153.984375,3.583321698471977,26
64,23059,-152.578125,3.583321698471977,12
64,23060,-151.171875,3.583321698471977,17
64,23061,-149.765625,3.583321698471977,13
64,23062,-148.359375,3.583321698471977,6
64,23063,-146.953125,3.583321698471977,39
64,23064,-145.546875,3.583321698471977,16
64,23065,-144.140625,3.583321698471977,13
64,23066,-142.734375,3.583321698471977,3
64,23067,-141.328125,3.583321698471977,27
64,23068,-139.921875,3.583321698471977,19
64,23069,-138.515625,3.583321698471977,13
64,23070,-137.109375,3.583321698471977,14
64,23071,-135.703125,3.583321698471977,1
64,23072,-134.296875,3.583321698471977,8
64,23073,-132.890625,3.583321698471977,15
64,23074,-131.484375,3.583321698471977,11
64,23075,-130.078125,3.583321698471977,10
64,23076,-128.671875,3.583321698471977,9
64,23078,-125.859375,3.583321698471977,3
64,23079,-124.453125,3.583321698471977,9
64,23080,-123.046875,3.583321698471977,10
64,23082,-120.234375,3.583321698471977,1
64,23083,-118.828125,3.583321698471977,9
64,23084,-117.421875,3.583321698471977,7
64,23085,-116.015625,3.583321698471977,6
64,23086,-114.609375,3.583321698471977,1
64,23088,-111.79687500000006,3.583321698471977,2
64,23097,-99.140625,3.583321698471977,1
64,23137,-42.890625,3.583321698471977,12
64,23138,-41.48437500000006,3.583321698471977,22
64,23139,-40.07812500000006,3.583321698471977,23
64,23140,-38.671875,3.583321698471977,7
64,23141,-37.265625,3.583321698471977,3
64,23142,-35.859375,3.583321698471977,10
64,23143,-34.45312500000006,3.583321698471977,4
64,23145,-31.640625,3.583321698471977,3
64,23147,-28.828125,3.583321698471977,7
64,23148,-27.421875,3.583321698471977,4
64,23150,-24.609375,3.583321698471977,2
64,23151,-23.203125,3.583321698471977,3
64,23152,-21.796875,3.583321698471977,3
64,23153,-20.390625,3.583321698471977,2
64,23154,-18.984375,3.583321698471977,2
64,23156,-16.171875,3.583321698471977,6
64,23157,-14.765625,3.583321698471977,7
64,23158,-13.359375,3.583321698471977,4
64,23159,-11.953125,3.583321698471977,3
64,23160,-10.546875,3.583321698471977,3
64,23161,-9.140625,3.583321698471977,8
64,23162,-7.734375,3.583321698471977,16
64,23163,-6.328125,3.583321698471977,12
64,23164,-4.921875,3.583321698471977,13
64,23165,-3.515625,3.583321698471977,11
64,23166,-2.109375,3.583321698471977,25
64,23167,-0.703125,3.583321698471977,28
64,23168,0.0,2.9855060057465295,34
64,23169,1.40625,2.9855060057465295,14
64,23170,2.8125,2.9855060057465295,36
64,23171,4.21875,2.9855060057465295,44
64,23172,5.625,2.9855060057465295,56
64,23173,7.03125,2.9855060057465295,20
64,23174,8.4375,2.9855060057465295,7
64,23175,9.84375,2.9855060057465295,24
64,23176,11.25,2.9855060057465295,42
64,23177,12.65625,2.9855060057465295,29
64,23178,14.0625,2.9855060057465295,77
64,23179,15.46875,2.9855060057465295,51
64,23180,16.875,2.9855060057465295,40
64,23181,18.28125,2.9855060057465295,57
64,23182,19.6875,2.9855060057465295,52
64,23183,21.09375,2.9855060057465295,50
64,23184,22.5,2.9855060057465295,73
64,23185,23.90625,2.9855060057465295,48
64,23186,25.3125,2.9855060057465295,41
64,23187,26.71875,2.9855060057465295,19
64,23188,28.125,2.9855060057465295,36
64,23189,29.53125,2.9855060057465295,63
64,23190,30.9375,2.9855060057465295,62
64,23191,32.34375,2.9855060057465295,50
64,23192,33.75,2.9855060057465295,50
64,23193,35.15625,2.9855060057465295,65
64,23194,36.5625,2.9855060057465295,101
64,23195,37.96875,2.9855060057465295,113
64,23196,39.375,2.9855060057465295,112
64,23197,40.78125,2.9855060057465295,189
64,23198,42.1875,2.9855060057465295,144
64,23199,43.59375,2.9855060057465295,204
64,23200,45.0,2.9855060057465295,74
64,23201,46.40625,2.9855060057465295,56
64,23202,47.8125,2.9855060057465295,122
64,23203,49.21875,2.9855060057465295,64
64,23204,50.625,2.9855060057465295,133
64,23205,52.03125,2.9855060057465295,102
64,23206,53.4375,2.9855060057465295,185
64,23207,54.84375,2.9855060057465295,205
64,23208,56.25,2.9855060057465295,114
64,23209,57.65625,2.9855060057465295,137
64,23210,59.0625,2.9855060057465295,59
64,23211,60.46875,2.9855060057465295,124
64,23212,61.875,2.9855060057465295,101
64,23213,63.28125,2.9855060057465295,117
64,23214,64.6875,2.9855060057465295,117
64,23215,66.09375,2.9855060057465295,107
64,23216,67.5,2.9855060057465295,112
64,23217,68.90625,2.9855060057465295,147
64,23218,70.3125,2.9855060057465295,140
64,23219,71.71875,2.9855060057465295,191
64,23220,73.125,2.9855060057465295,226
64,23221,74.53125,2.9855060057465295,126
64,23222,75.9375,2.9855060057465295,125
64,23223,77.34375,2.9855060057465295,151
64,23224,78.75,2.9855060057465295,125
64,23225,80.15625,2.9855060057465295,128
64,23226,81.5625,2.9855060057465295,137
64,23227,82.96875,2.9855060057465295,69
64,23228,84.375,2.9855060057465295,114
64,23229,85.78125,2.9855060057465295,99
64,23230,87.1875,2.9855060057465295,76
64,23231,88.59375,2.9855060057465295,54
64,23232,90.0,2.9855060057465295,67
64,23233,91.40625,2.9855060057465295,64
64,23234,92.8125,2.9855060057465295,52
64,23235,94.21875,2.9855060057465295,78
64,23236,95.625,2.9855060057465295,161
64,23237,97.03125,2.9855060057465295,135
64,23238,98.4375,2.9855060057465295,73
64,23239,99.84375,2.9855060057465295,116
64,23240,101.25,2.9855060057465295,120
64,23241,102.65625,2.9855060057465295,163
64,23242,104.0625,2.9855060057465295,132
64,23243,105.46875,2.9855060057465295,130
64,23244,106.875,2.9855060057465295,114
64,23245,108.28125,2.9855060057465295,71
64,23246,109.6875,2.9855060057465295,83
64,23247,111.09375,2.9855060057465295,123
64,23248,112.5,2.9855060057465295,109
64,23249,113.90625,2.9855060057465295,185
64,23250,115.3125,2.9855060057465295,192
64,23251,116.71875,2.9855060057465295,201
64,23252,118.125,2.9855060057465295,134
64,23253,119.53125,2.9855060057465295,121
64,23254,120.9375,2.9855060057465295,104
64,23255,122.34375,2.9855060057465295,149
64,23256,123.75,2.9855060057465295,137
64,23257,125.15625,2.9855060057465295,172
64,23258,126.5625,2.9855060057465295,149
64,23259,127.96875,2.9855060057465295,131
64,23260,129.375,2.9855060057465295,166
64,23261,130.78125,2.9855060057465295,170
64,23262,132.1875,2.9855060057465295,182
64,23263,133.59375,2.9855060057465295,155
64,23264,135.0,2.9855060057465295,181
64,23265,136.40625,2.9855060057465295,142
64,23266,137.8125,2.9855060057465295,112
64,23267,139.21875,2.9855060057465295,159
64,23268,140.625,2.9855060057465295,174
64,23269,142.03125,2.9855060057465295,129
64,23270,143.4375,2.9855060057465295,170
64,23271,144.84375,2.9855060057465295,149
64,23272,146.25,2.9855060057465295,156
64,23273,147.65625,2.9855060057465295,187
64,23274,149.0625,2.9855060057465295,115
64,23275,150.46875,2.9855060057465295,149
64,23276,151.875,2.9855060057465295,102
64,23277,153.28125,2.9855060057465295,96
64,23278,154.6875,2.9855060057465295,101
64,23279,156.09375,2.9855060057465295,89
64,23280,157.5,2.9855060057465295,58
64,23281,158.90625,2.9855060057465295,115
64,23282,160.3125,2.9855060057465295,75
64,23283,161.71875,2.9855060057465295,94
64,23284,163.125,2.9855060057465295,122
64,23285,164.53125,2.9855060057465295,115
64,23286,165.9375,2.9855060057465295,82
64,23287,167.34375,2.9855060057465295,133
64,23288,168.75,2.9855060057465295,77
64,23289,170.15625,2.9855060057465295,79
64,23290,171.5625,2.9855060057465295,64
64,23291,172.96875,2.9855060057465295,83
64,23292,174.375,2.9855060057465295,99
64,23293,175.78125,2.9855060057465295,80
64,23294,177.1875,2.9855060057465295,43
64,23295,178.59375,2.9855060057465295,43
64,23296,-180.0,2.9855060057465295,46
64,23297,-178.59375,2.9855060057465295,105
64,23298,-177.1875,2.9855060057465295,141
64,23299,-175.78125,2.9855060057465295,138
64,23300,-174.375,2.9855060057465295,198
64,23301,-172.96875,2.9855060057465295,115
64,23302,-171.5625,2.9855060057465295,112
64,23303,-170.15625,2.9855060057465295,31
64,23304,-168.75,2.9855060057465295,22
64,23305,-167.34375,2.9855060057465295,50
64,23306,-165.9375,2.9855060057465295,30
64,23307,-164.53125,2.9855060057465295,60
64,23308,-163.125,2.9855060057465295,87
64,23309,-161.71875,2.9855060057465295,23
64,23310,-160.3125,2.9855060057465295,22
64,23311,-158.90625,2.9855060057465295,4
64,23312,-157.5,2.9855060057465295,16
64,23313,-156.09375,2.9855060057465295,19
64,23314,-154.6875,2.9855060057465295,11
64,23315,-153.28125,2.9855060057465295,34
64,23316,-151.875,2.9855060057465295,27
64,23317,-150.46875,2.9855060057465295,32
64,23318,-149.0625,2.9855060057465295,10
64,23319,-147.65625,2.9855060057465295,17
64,23320,-146.25,2.9855060057465295,20
64,23321,-144.84375,2.9855060057465295,22
64,23322,-143.4375,2.9855060057465295,26
64,23323,-142.03125,2.9855060057465295,13
64,23324,-140.625,2.9855060057465295,23
64,23325,-139.21875,2.9855060057465295,48
64,23326,-137.8125,2.9855060057465295,24
64,23327,-136.40625,2.9855060057465295,37
64,23328,-135.0,2.9855060057465295,33
64,23329,-133.59375,2.9855060057465295,14
64,23330,-132.1875,2.9855060057465295,8
64,23331,-130.78125,2.9855060057465295,2
64,23332,-129.37500000000006,2.9855060057465295,9
64,23333,-127.96875,2.9855060057465295,1
64,23335,-125.15625,2.9855060057465295,7
64,23336,-123.75,2.9855060057465295,8
64,23337,-122.34375,2.9855060057465295,12
64,23338,-120.9375,2.9855060057465295,8
64,23339,-119.53125000000006,2.9855060057465295,3
64,23340,-118.125,2.9855060057465295,4
64,23341,-116.71875,2.9855060057465295,7
64,23342,-115.3125,2.9855060057465295,10
64,23394,-42.18750000000006,2.9855060057465295,1
64,23395,-40.78125,2.9855060057465295,14
64,23396,-39.375,2.9855060057465295,9
64,23397,-37.96875000000006,2.9855060057465295,12
64,23398,-36.5625,2.9855060057465295,18
64,23399,-35.15625,2.9855060057465295,13
64,23400,-33.75000000000006,2.9855060057465295,8
64,23401,-32.34375000000006,2.9855060057465295,5
64,23402,-30.9375,2.9855060057465295,5
64,23403,-29.53125,2.9855060057465295,8
64,23404,-28.125,2.9855060057465295,18
64,23405,-26.71875,2.9855060057465295,2
64,23406,-25.3125,2.9855060057465295,2
64,23407,-23.90625,2.9855060057465295,4
64,23408,-22.5,2.9855060057465295,3
64,23409,-21.09375,2.9855060057465295,6
64,23410,-19.6875,2.9855060057465295,3
64,23411,-18.28125,2.9855060057465295,8
64,23412,-16.875,2.9855060057465295,21
64,23413,-15.46875,2.9855060057465295,10
64,23414,-14.0625,2.9855060057465295,5
64,23415,-12.65625,2.9855060057465295,10
64,23416,-11.25,2.9855060057465295,18
64,23417,-9.84375,2.9855060057465295,13
64,23418,-8.4375,2.9855060057465295,13
64,23419,-7.03125,2.9855060057465295,23
64,23420,-5.625,2.9855060057465295,16
64,23421,-4.21875,2.9855060057465295,26
64,23422,-2.8125,2.9855060057465295,38
64,23423,-1.40625,2.9855060057465295,8
64,23424,0.703125,2.388015463268772,20
64,23425,2.109375,2.388015463268772,29
64,23426,3.515625,2.388015463268772,30
64,23427,4.921875,2.388015463268772,56
64,23428,6.328125,2.388015463268772,23
64,23429,7.734375,2.388015463268772,33
64,23430,9.140625,2.388015463268772,46
64,23431,10.546875,2.388015463268772,34
64,23432,11.953125,2.388015463268772,48
64,23433,13.359375,2.388015463268772,31
64,23434,14.765625,2.388015463268772,81
64,23435,16.171875,2.388015463268772,44
64,23436,17.578125,2.388015463268772,119
64,23437,18.984375,2.388015463268772,63
64,23438,20.390625,2.388015463268772,77
64,23439,21.796875,2.388015463268772,64
64,23440,23.203125,2.388015463268772,50
64,23441,24.609375,2.388015463268772,58
64,23442,26.015625,2.388015463268772,30
64,23443,27.421875,2.388015463268772,63
64,23444,28.828125,2.388015463268772,67
64,23445,30.234375,2.388015463268772,34
64,23446,31.640625,2.388015463268772,54
64,23447,33.046875,2.388015463268772,48
64,23448,34.453125,2.388015463268772,88
64,23449,35.859375,2.388015463268772,169
64,23450,37.265625,2.388015463268772,63
64,23451,38.671875,2.388015463268772,177
64,23452,40.078125,2.388015463268772,134
64,23453,41.484375,2.388015463268772,176
64,23454,42.890625,2.388015463268772,134
64,23455,44.296875,2.388015463268772,110
64,23456,45.703125,2.388015463268772,110
64,23457,47.109375,2.388015463268772,84
64,23458,48.515625,2.388015463268772,135
64,23459,49.921875,2.388015463268772,150
64,23460,51.328125,2.388015463268772,135
64,23461,52.734375,2.388015463268772,88
64,23462,54.140625,2.388015463268772,149
64,23463,55.546875,2.388015463268772,158
64,23464,56.953125,2.388015463268772,181
64,23465,58.359375,2.388015463268772,137
64,23466,59.765625,2.388015463268772,162
64,23467,61.171875,2.388015463268772,141
64,23468,62.578125,2.388015463268772,155
64,23469,63.984375,2.388015463268772,143
64,23470,65.390625,2.388015463268772,149
64,23471,66.796875,2.388015463268772,111
64,23472,68.203125,2.388015463268772,108
64,23473,69.609375,2.388015463268772,133
64,23474,71.015625,2.388015463268772,121
64,23475,72.421875,2.388015463268772,173
64,23476,73.828125,2.388015463268772,158
64,23477,75.234375,2.388015463268772,176
64,23478,76.640625,2.388015463268772,106
64,23479,78.046875,2.388015463268772,119
64,23480,79.453125,2.388015463268772,138
64,23481,80.859375,2.388015463268772,158
64,23482,82.265625,2.388015463268772,90
64,23483,83.671875,2.388015463268772,98
64,23484,85.078125,2.388015463268772,75
64,23485,86.484375,2.388015463268772,104
64,23486,87.890625,2.388015463268772,53
64,23487,89.296875,2.388015463268772,81
64,23488,90.703125,2.388015463268772,93
64,23489,92.109375,2.388015463268772,52
64,23490,93.515625,2.388015463268772,61
64,23491,94.921875,2.388015463268772,85
64,23492,96.328125,2.388015463268772,72
64,23493,97.734375,2.388015463268772,103
64,23494,99.140625,2.388015463268772,63
64,23495,100.546875,2.388015463268772,78
64,23496,101.953125,2.388015463268772,104
64,23497,103.359375,2.388015463268772,119
64,23498,104.765625,2.388015463268772,157
64,23499,106.171875,2.388015463268772,116
64,23500,107.578125,2.388015463268772,114
64,23501,108.984375,2.388015463268772,98
64,23502,110.390625,2.388015463268772,115
64,23503,111.796875,2.388015463268772,61
64,23504,113.203125,2.388015463268772,86
64,23505,114.609375,2.388015463268772,119
64,23506,116.015625,2.388015463268772,174
64,23507,117.421875,2.388015463268772,145
64,23508,118.828125,2.388015463268772,94
64,23509,120.234375,2.388015463268772,110
64,23510,121.640625,2.388015463268772,143
64,23511,123.04687499999994,2.388015463268772,115
64,23512,124.453125,2.388015463268772,123
64,23513,125.859375,2.388015463268772,134
64,23514,127.265625,2.388015463268772,135
64,23515,128.671875,2.388015463268772,167
64,23516,130.078125,2.388015463268772,136
64,23517,131.484375,2.388015463268772,234
64,23518,132.890625,2.388015463268772,210
64,23519,134.296875,2.388015463268772,175
64,23520,135.703125,2.388015463268772,179
64,23521,137.109375,2.388015463268772,127
64,23522,138.515625,2.388015463268772,113
64,23523,139.921875,2.388015463268772,128
64,23524,141.328125,2.388015463268772,153
64,23525,142.734375,2.388015463268772,157
64,23526,144.140625,2.388015463268772,153
64,23527,145.546875,2.388015463268772,176
64,23528,146.953125,2.388015463268772,129
64,23529,148.359375,2.388015463268772,125
64,23530,149.765625,2.388015463268772,131
64,23531,151.171875,2.388015463268772,137
64,23532,152.578125,2.388015463268772,84
64,23533,153.984375,2.388015463268772,135
64,23534,155.390625,2.388015463268772,102
64,23535,156.796875,2.388015463268772,63
64,23536,158.203125,2.388015463268772,73
64,23537,159.609375,2.388015463268772,81
64,23538,161.015625,2.388015463268772,67
64,23539,162.421875,2.388015463268772,170
64,23540,163.828125,2.388015463268772,148
64,23541,165.234375,2.388015463268772,91
64,23542,166.640625,2.388015463268772,132
64,23543,168.046875,2.388015463268772,64
64,23544,169.453125,2.388015463268772,126
64,23545,170.859375,2.388015463268772,75
64,23546,172.265625,2.388015463268772,68
64,23547,173.671875,2.388015463268772,75
64,23548,175.078125,2.388015463268772,110
64,23549,176.484375,2.388015463268772,67
64,23550,177.890625,2.388015463268772,100
64,23551,179.296875,2.388015463268772,32
64,23552,-179.296875,2.388015463268772,104
64,23553,-177.890625,2.388015463268772,127
64,23554,-176.484375,2.388015463268772,174
64,23555,-175.078125,2.388015463268772,120
64,23556,-173.671875,2.388015463268772,128
64,23557,-172.265625,2.388015463268772,130
64,23558,-170.859375,2.388015463268772,63
64,23559,-169.453125,2.388015463268772,25
64,23560,-168.046875,2.388015463268772,16
64,23561,-166.640625,2.388015463268772,47
64,23562,-165.234375,2.388015463268772,57
64,23563,-163.828125,2.388015463268772,100
64,23564,-162.421875,2.388015463268772,26
64,23565,-161.015625,2.388015463268772,70
64,23566,-159.609375,2.388015463268772,5
64,23567,-158.203125,2.388015463268772,4
64,23568,-156.796875,2.388015463268772,13
64,23569,-155.390625,2.388015463268772,26
64,23570,-153.984375,2.388015463268772,17
64,23571,-152.578125,2.388015463268772,34
64,23572,-151.171875,2.388015463268772,24
64,23573,-149.765625,2.388015463268772,24
64,23574,-148.359375,2.388015463268772,11
64,23575,-146.953125,2.388015463268772,20
64,23576,-145.546875,2.388015463268772,16
64,23577,-144.140625,2.388015463268772,16
64,23578,-142.734375,2.388015463268772,10
64,23579,-141.328125,2.388015463268772,9
64,23580,-139.921875,2.388015463268772,20
64,23581,-138.515625,2.388015463268772,33
64,23582,-137.109375,2.388015463268772,41
64,23583,-135.703125,2.388015463268772,25
64,23584,-134.296875,2.388015463268772,20
64,23585,-132.890625,2.388015463268772,6
64,23586,-131.484375,2.388015463268772,32
64,23587,-130.078125,2.388015463268772,6
64,23588,-128.671875,2.388015463268772,14
64,23589,-127.26562500000006,2.388015463268772,5
64,23591,-124.453125,2.388015463268772,8
64,23592,-123.046875,2.388015463268772,5
64,23593,-121.64062500000011,2.388015463268772,3
64,23594,-120.234375,2.388015463268772,16
64,23595,-118.828125,2.388015463268772,9
64,23597,-116.015625,2.388015463268772,5
64,23598,-114.609375,2.388015463268772,3
64,23649,-42.890625,2.388015463268772,5
64,23650,-41.48437500000006,2.388015463268772,20
64,23652,-38.671875,2.388015463268772,9
64,23653,-37.265625,2.388015463268772,5
64,23654,-35.859375,2.388015463268772,12
64,23655,-34.45312500000006,2.388015463268772,4
64,23656,-33.046875,2.388015463268772,9
64,23657,-31.640625,2.388015463268772,6
64,23658,-30.234375000000057,2.388015463268772,4
64,23659,-28.828125,2.388015463268772,14
64,23660,-27.421875,2.388015463268772,23
64,23661,-26.015625,2.388015463268772,2
64,23662,-24.609375,2.388015463268772,7
64,23663,-23.203125,2.388015463268772,7
64,23664,-21.796875,2.388015463268772,1
64,23666,-18.984375,2.388015463268772,3
64,23667,-17.578125,2.388015463268772,13
64,23668,-16.171875,2.388015463268772,22
64,23669,-14.765625,2.388015463268772,9
64,23670,-13.359375,2.388015463268772,6
64,23671,-11.953125,2.388015463268772,5
64,23672,-10.546875,2.388015463268772,18
64,23673,-9.140625,2.388015463268772,23
64,23674,-7.734375,2.388015463268772,15
64,23675,-6.328125,2.388015463268772,11
64,23676,-4.921875,2.388015463268772,15
64,23677,-3.515625,2.388015463268772,34
64,23678,-2.109375,2.388015463268772,30
64,23679,-0.703125,2.388015463268772,39
64,23680,0.0,1.7907846593289491,26
64,23681,1.40625,1.7907846593289491,23
64,23682,2.8125,1.7907846593289491,34
64,23683,4.21875,1.7907846593289491,19
64,23684,5.625,1.7907846593289491,59
64,23685,7.03125,1.7907846593289491,41
64,23686,8.4375,1.7907846593289491,55
64,23687,9.84375,1.7907846593289491,23
64,23688,11.25,1.7907846593289491,63
64,23689,12.65625,1.7907846593289491,43
64,23690,14.0625,1.7907846593289491,46
64,23691,15.46875,1.7907846593289491,26
64,23692,16.875,1.7907846593289491,73
64,23693,18.28125,1.7907846593289491,82
64,23694,19.6875,1.7907846593289491,97
64,23695,21.09375,1.7907846593289491,54
64,23696,22.5,1.7907846593289491,50
64,23697,23.90625,1.7907846593289491,31
64,23698,25.3125,1.7907846593289491,24
64,23699,26.71875,1.7907846593289491,49
64,23700,28.125,1.7907846593289491,36
64,23701,29.53125,1.7907846593289491,42
64,23702,30.9375,1.7907846593289491,46
64,23703,32.34375,1.7907846593289491,98
64,23704,33.75,1.7907846593289491,62
64,23705,35.15625,1.7907846593289491,121
64,23706,36.5625,1.7907846593289491,98
64,23707,37.96875,1.7907846593289491,125
64,23708,39.375,1.7907846593289491,81
64,23709,40.78125,1.7907846593289491,199
64,23710,42.1875,1.7907846593289491,127
64,23711,43.59375,1.7907846593289491,195
64,23712,45.0,1.7907846593289491,113
64,23713,46.40625,1.7907846593289491,102
64,23714,47.8125,1.7907846593289491,88
64,23715,49.21875,1.7907846593289491,163
64,23716,50.625,1.7907846593289491,167
64,23717,52.03125,1.7907846593289491,184
64,23718,53.4375,1.7907846593289491,105
64,23719,54.84375,1.7907846593289491,167
64,23720,56.25,1.7907846593289491,216
64,23721,57.65625,1.7907846593289491,99
64,23722,59.0625,1.7907846593289491,92
64,23723,60.46875,1.7907846593289491,96
64,23724,61.875,1.7907846593289491,157
64,23725,63.28125,1.7907846593289491,97
64,23726,64.6875,1.7907846593289491,208
64,23727,66.09375,1.7907846593289491,126
64,23728,67.5,1.7907846593289491,178
64,23729,68.90625,1.7907846593289491,97
64,23730,70.3125,1.7907846593289491,148
64,23731,71.71875,1.7907846593289491,97
64,23732,73.125,1.7907846593289491,209
64,23733,74.53125,1.7907846593289491,141
64,23734,75.9375,1.7907846593289491,144
64,23735,77.34375,1.7907846593289491,90
64,23736,78.75,1.7907846593289491,124
64,23737,80.15625,1.7907846593289491,103
64,23738,81.5625,1.7907846593289491,89
64,23739,82.96875,1.7907846593289491,144
64,23740,84.375,1.7907846593289491,109
64,23741,85.78125,1.7907846593289491,71
64,23742,87.1875,1.7907846593289491,43
64,23743,88.59375,1.7907846593289491,70
64,23744,90.0,1.7907846593289491,57
64,23745,91.40625,1.7907846593289491,56
64,23746,92.8125,1.7907846593289491,45
64,23747,94.21875,1.7907846593289491,45
64,23748,95.625,1.7907846593289491,105
64,23749,97.03125,1.7907846593289491,178
64,23750,98.4375,1.7907846593289491,108
64,23751,99.84375,1.7907846593289491,111
64,23752,101.25,1.7907846593289491,144
64,23753,102.65625,1.7907846593289491,125
64,23754,104.0625,1.7907846593289491,102
64,23755,105.46875,1.7907846593289491,140
64,23756,106.875,1.7907846593289491,80
64,23757,108.28125,1.7907846593289491,82
64,23758,109.6875,1.7907846593289491,113
64,23759,111.09375,1.7907846593289491,96
64,23760,112.5,1.7907846593289491,131
64,23761,113.90625,1.7907846593289491,110
64,23762,115.3125,1.7907846593289491,130
64,23763,116.71875,1.7907846593289491,105
64,23764,118.125,1.7907846593289491,125
64,23765,119.53125,1.7907846593289491,141
64,23766,120.9375,1.7907846593289491,95
64,23767,122.34375,1.7907846593289491,154
64,23768,123.75,1.7907846593289491,133
64,23769,125.15625,1.7907846593289491,140
64,23770,126.5625,1.7907846593289491,147
64,23771,127.96875,1.7907846593289491,194
64,23772,129.375,1.7907846593289491,171
64,23773,130.78125,1.7907846593289491,262
64,23774,132.1875,1.7907846593289491,188
64,23775,133.59375,1.7907846593289491,207
64,23776,135.0,1.7907846593289491,119
64,23777,136.40625,1.7907846593289491,126
64,23778,137.8125,1.7907846593289491,115
64,23779,139.21875,1.7907846593289491,147
64,23780,140.625,1.7907846593289491,178
64,23781,142.03125,1.7907846593289491,233
64,23782,143.4375,1.7907846593289491,117
64,23783,144.84375,1.7907846593289491,68
64,23784,146.25,1.7907846593289491,93
64,23785,147.65625,1.7907846593289491,99
64,23786,149.0625,1.7907846593289491,123
64,23787,150.46875,1.7907846593289491,87
64,23788,151.875,1.7907846593289491,99
64,23789,153.28125,1.7907846593289491,66
64,23790,154.6875,1.7907846593289491,89
64,23791,156.09375,1.7907846593289491,83
64,23792,157.5,1.7907846593289491,114
64,23793,158.90625,1.7907846593289491,50
64,23794,160.3125,1.7907846593289491,77
64,23795,161.71875,1.7907846593289491,59
64,23796,163.125,1.7907846593289491,113
64,23797,164.53125,1.7907846593289491,117
64,23798,165.9375,1.7907846593289491,93
64,23799,167.34375,1.7907846593289491,85
64,23800,168.75,1.7907846593289491,80
64,23801,170.15625,1.7907846593289491,76
64,23802,171.5625,1.7907846593289491,67
64,23803,172.96875,1.7907846593289491,71
64,23804,174.375,1.7907846593289491,33
64,23805,175.78125,1.7907846593289491,72
64,23806,177.1875,1.7907846593289491,81
64,23807,178.59375,1.7907846593289491,39
64,23808,-180.0,1.7907846593289491,23
64,23809,-178.59375,1.7907846593289491,225
64,23810,-177.1875,1.7907846593289491,67
64,23811,-175.78125,1.7907846593289491,114
64,23812,-174.375,1.7907846593289491,74
64,23813,-172.96875,1.7907846593289491,93
64,23814,-171.5625,1.7907846593289491,34
64,23815,-170.15625,1.7907846593289491,17
64,23816,-168.75,1.7907846593289491,23
64,23817,-167.34375,1.7907846593289491,25
64,23818,-165.9375,1.7907846593289491,38
64,23819,-164.53125,1.7907846593289491,57
64,23820,-163.125,1.7907846593289491,69
64,23821,-161.71875,1.7907846593289491,29
64,23822,-160.3125,1.7907846593289491,15
64,23824,-157.5,1.7907846593289491,10
64,23825,-156.09375,1.7907846593289491,15
64,23826,-154.6875,1.7907846593289491,6
64,23827,-153.28125,1.7907846593289491,17
64,23828,-151.875,1.7907846593289491,29
64,23829,-150.46875,1.7907846593289491,22
64,23830,-149.0625,1.7907846593289491,16
64,23831,-147.65625,1.7907846593289491,19
64,23832,-146.25,1.7907846593289491,32
64,23833,-144.84375,1.7907846593289491,6
64,23834,-143.4375,1.7907846593289491,8
64,23835,-142.03125,1.7907846593289491,6
64,23836,-140.625,1.7907846593289491,21
64,23837,-139.21875,1.7907846593289491,18
64,23838,-137.8125,1.7907846593289491,46
64,23839,-136.40625,1.7907846593289491,30
64,23840,-135.0,1.7907846593289491,30
64,23841,-133.59375,1.7907846593289491,23
64,23842,-132.1875,1.7907846593289491,11
64,23843,-130.78125,1.7907846593289491,13
64,23844,-129.37500000000006,1.7907846593289491,4
64,23845,-127.96875,1.7907846593289491,2
64,23846,-126.5625,1.7907846593289491,3
64,23847,-125.15625,1.7907846593289491,5
64,23848,-123.75,1.7907846593289491,10
64,23849,-122.34375,1.7907846593289491,12
64,23850,-120.9375,1.7907846593289491,7
64,23851,-119.53125000000006,1.7907846593289491,3
64,23852,-118.125,1.7907846593289491,3
64,23853,-116.71875,1.7907846593289491,9
64,23854,-115.3125,1.7907846593289491,4
64,23906,-42.18750000000006,1.7907846593289491,1
64,23907,-40.78125,1.7907846593289491,28
64,23908,-39.375,1.7907846593289491,9
64,23909,-37.96875000000006,1.7907846593289491,7
64,23910,-36.5625,1.7907846593289491,6
64,23911,-35.15625,1.7907846593289491,3
64,23912,-33.75000000000006,1.7907846593289491,3
64,23913,-32.34375000000006,1.7907846593289491,13
64,23915,-29.53125,1.7907846593289491,1
64,23916,-28.125,1.7907846593289491,16
64,23917,-26.71875,1.7907846593289491,4
64,23920,-22.5,1.7907846593289491,7
64,23921,-21.09375,1.7907846593289491,3
64,23922,-19.6875,1.7907846593289491,11
64,23923,-18.28125,1.7907846593289491,1
64,23924,-16.875,1.7907846593289491,3
64,23925,-15.46875,1.7907846593289491,1
64,23926,-14.0625,1.7907846593289491,1
64,23927,-12.65625,1.7907846593289491,5
64,23928,-11.25,1.7907846593289491,4
64,23929,-9.84375,1.7907846593289491,12
64,23930,-8.4375,1.7907846593289491,11
64,23931,-7.03125,1.7907846593289491,14
64,23932,-5.625,1.7907846593289491,14
64,23933,-4.21875,1.7907846593289491,40
64,23934,-2.8125,1.7907846593289491,13
64,23935,-1.40625,1.7907846593289491,34
64,23936,0.703125,1.1937484371410818,40
64,23937,2.109375,1.1937484371410818,13
64,23938,3.515625,1.1937484371410818,54
64,23939,4.921875,1.1937484371410818,10
64,23940,6.328125,1.1937484371410818,28
64,23941,7.734375,1.1937484371410818,29
64,23942,9.140625,1.1937484371410818,28
64,23943,10.546875,1.1937484371410818,6
64,23944,11.953125,1.1937484371410818,42
64,23945,13.359375,1.1937484371410818,42
64,23946,14.765625,1.1937484371410818,29
64,23947,16.171875,1.1937484371410818,105
64,23948,17.578125,1.1937484371410818,22
64,23949,18.984375,1.1937484371410818,84
64,23950,20.390625,1.1937484371410818,62
64,23951,21.796875,1.1937484371410818,80
64,23952,23.203125,1.1937484371410818,35
64,23953,24.609375,1.1937484371410818,26
64,23954,26.015625,1.1937484371410818,20
64,23955,27.421875,1.1937484371410818,61
64,23956,28.828125,1.1937484371410818,24
64,23957,30.234375,1.1937484371410818,35
64,23958,31.640625,1.1937484371410818,28
64,23959,33.046875,1.1937484371410818,65
64,23960,34.453125,1.1937484371410818,50
64,23961,35.859375,1.1937484371410818,103
64,23962,37.265625,1.1937484371410818,57
64,23963,38.671875,1.1937484371410818,101
64,23964,40.078125,1.1937484371410818,86
64,23965,41.484375,1.1937484371410818,45
64,23966,42.890625,1.1937484371410818,67
64,23967,44.296875,1.1937484371410818,91
64,23968,45.703125,1.1937484371410818,132
64,23969,47.109375,1.1937484371410818,97
64,23970,48.515625,1.1937484371410818,187
64,23971,49.921875,1.1937484371410818,121
64,23972,51.328125,1.1937484371410818,111
64,23973,52.734375,1.1937484371410818,92
64,23974,54.140625,1.1937484371410818,166
64,23975,55.546875,1.1937484371410818,108
64,23976,56.953125,1.1937484371410818,150
64,23977,58.359375,1.1937484371410818,132
64,23978,59.765625,1.1937484371410818,119
64,23979,61.171875,1.1937484371410818,168
64,23980,62.578125,1.1937484371410818,145
64,23981,63.984375,1.1937484371410818,79
64,23982,65.390625,1.1937484371410818,113
64,23983,66.796875,1.1937484371410818,104
64,23984,68.203125,1.1937484371410818,153
64,23985,69.609375,1.1937484371410818,185
64,23986,71.015625,1.1937484371410818,103
64,23987,72.421875,1.1937484371410818,106
64,23988,73.828125,1.1937484371410818,107
64,23989,75.234375,1.1937484371410818,96
64,23990,76.640625,1.1937484371410818,74
64,23991,78.046875,1.1937484371410818,86
64,23992,79.453125,1.1937484371410818,58
64,23993,80.859375,1.1937484371410818,37
64,23994,82.265625,1.1937484371410818,81
64,23995,83.671875,1.1937484371410818,109
64,23996,85.078125,1.1937484371410818,81
64,23997,86.484375,1.1937484371410818,38
64,23998,87.890625,1.1937484371410818,37
64,23999,89.296875,1.1937484371410818,55
64,24000,90.703125,1.1937484371410818,62
64,24001,92.109375,1.1937484371410818,48
64,24002,93.515625,1.1937484371410818,90
64,24003,94.921875,1.1937484371410818,77
64,24004,96.328125,1.1937484371410818,58
64,24005,97.734375,1.1937484371410818,70
64,24006,99.140625,1.1937484371410818,91
64,24007,100.546875,1.1937484371410818,200
64,24008,101.953125,1.1937484371410818,131
64,24009,103.359375,1.1937484371410818,107
64,24010,104.765625,1.1937484371410818,42
64,24011,106.171875,1.1937484371410818,94
64,24012,107.578125,1.1937484371410818,57
64,24013,108.984375,1.1937484371410818,149
64,24014,110.390625,1.1937484371410818,123
64,24015,111.796875,1.1937484371410818,128
64,24016,113.203125,1.1937484371410818,134
64,24017,114.609375,1.1937484371410818,100
64,24018,116.015625,1.1937484371410818,87
64,24019,117.421875,1.1937484371410818,101
64,24020,118.828125,1.1937484371410818,125
64,24021,120.234375,1.1937484371410818,127
64,24022,121.640625,1.1937484371410818,125
64,24023,123.04687499999994,1.1937484371410818,103
64,24024,124.453125,1.1937484371410818,123
64,24025,125.859375,1.1937484371410818,104
64,24026,127.265625,1.1937484371410818,67
64,24027,128.671875,1.1937484371410818,141
64,24028,130.078125,1.1937484371410818,208
64,24029,131.484375,1.1937484371410818,151
64,24030,132.890625,1.1937484371410818,249
64,24031,134.296875,1.1937484371410818,116
64,24032,135.703125,1.1937484371410818,146
64,24033,137.109375,1.1937484371410818,100
64,24034,138.515625,1.1937484371410818,148
64,24035,139.921875,1.1937484371410818,170
64,24036,141.328125,1.1937484371410818,167
64,24037,142.734375,1.1937484371410818,136
64,24038,144.140625,1.1937484371410818,132
64,24039,145.546875,1.1937484371410818,91
64,24040,146.953125,1.1937484371410818,102
64,24041,148.359375,1.1937484371410818,80
64,24042,149.765625,1.1937484371410818,82
64,24043,151.171875,1.1937484371410818,70
64,24044,152.578125,1.1937484371410818,46
64,24045,153.984375,1.1937484371410818,53
64,24046,155.390625,1.1937484371410818,54
64,24047,156.796875,1.1937484371410818,97
64,24048,158.203125,1.1937484371410818,55
64,24049,159.609375,1.1937484371410818,60
64,24050,161.015625,1.1937484371410818,49
64,24051,162.421875,1.1937484371410818,60
64,24052,163.828125,1.1937484371410818,59
64,24053,165.234375,1.1937484371410818,118
64,24054,166.640625,1.1937484371410818,75
64,24055,168.046875,1.1937484371410818,99
64,24056,169.453125,1.1937484371410818,14
64,24057,170.859375,1.1937484371410818,45
64,24058,172.265625,1.1937484371410818,42
64,24059,173.671875,1.1937484371410818,77
64,24060,175.078125,1.1937484371410818,48
64,24061,176.484375,1.1937484371410818,56
64,24062,177.890625,1.1937484371410818,45
64,24063,179.296875,1.1937484371410818,16
64,24064,-179.296875,1.1937484371410818,44
64,24065,-177.890625,1.1937484371410818,43
64,24066,-176.484375,1.1937484371410818,22
64,24067,-175.078125,1.1937484371410818,32
64,24068,-173.671875,1.1937484371410818,16
64,24069,-172.265625,1.1937484371410818,18
64,24070,-170.859375,1.1937484371410818,11
64,24071,-169.453125,1.1937484371410818,7
64,24072,-168.046875,1.1937484371410818,39
64,24073,-166.640625,1.1937484371410818,24
64,24074,-165.234375,1.1937484371410818,58
64,24075,-163.828125,1.1937484371410818,38
64,24076,-162.421875,1.1937484371410818,24
64,24077,-161.015625,1.1937484371410818,8
64,24078,-159.609375,1.1937484371410818,17
64,24079,-158.203125,1.1937484371410818,2
64,24080,-156.796875,1.1937484371410818,9
64,24081,-155.390625,1.1937484371410818,4
64,24082,-153.984375,1.1937484371410818,10
64,24083,-152.578125,1.1937484371410818,23
64,24084,-151.171875,1.1937484371410818,15
64,24085,-149.765625,1.1937484371410818,25
64,24086,-148.359375,1.1937484371410818,9
64,24087,-146.953125,1.1937484371410818,13
64,24088,-145.546875,1.1937484371410818,3
64,24089,-144.140625,1.1937484371410818,10
64,24090,-142.734375,1.1937484371410818,3
64,24091,-141.328125,1.1937484371410818,8
64,24092,-139.921875,1.1937484371410818,1
64,24093,-138.515625,1.1937484371410818,21
64,24095,-135.703125,1.1937484371410818,20
64,24096,-134.296875,1.1937484371410818,5
64,24097,-132.890625,1.1937484371410818,3
64,24098,-131.484375,1.1937484371410818,1
64,24101,-127.26562500000006,1.1937484371410818,6
64,24103,-124.453125,1.1937484371410818,1
64,24108,-117.421875,1.1937484371410818,3
64,24162,-41.48437500000006,1.1937484371410818,10
64,24164,-38.671875,1.1937484371410818,11
64,24165,-37.265625,1.1937484371410818,6
64,24166,-35.859375,1.1937484371410818,12
64,24167,-34.45312500000006,1.1937484371410818,4
64,24168,-33.046875,1.1937484371410818,2
64,24170,-30.234375000000057,1.1937484371410818,4
64,24171,-28.828125,1.1937484371410818,1
64,24175,-23.203125,1.1937484371410818,6
64,24176,-21.796875,1.1937484371410818,6
64,24177,-20.390625,1.1937484371410818,3
64,24178,-18.984375,1.1937484371410818,16
64,24179,-17.578125,1.1937484371410818,11
64,24180,-16.171875,1.1937484371410818,11
64,24181,-14.765625,1.1937484371410818,11
64,24182,-13.359375,1.1937484371410818,4
64,24183,-11.953125,1.1937484371410818,11
64,24184,-10.546875,1.1937484371410818,3
64,24185,-9.140625,1.1937484371410818,15
64,24186,-7.734375,1.1937484371410818,5
64,24187,-6.328125,1.1937484371410818,38
64,24188,-4.921875,1.1937484371410818,12
64,24189,-3.515625,1.1937484371410818,28
64,24190,-2.109375,1.1937484371410818,10
64,24191,-0.703125,1.1937484371410818,38
64,24192,0.0,0.5968418305070173,24
64,24193,1.40625,0.5968418305070173,21
64,24194,2.8125,0.5968418305070173,41
64,24195,4.21875,0.5968418305070173,38
64,24196,5.625,0.5968418305070173,55
64,24197,7.03125,0.5968418305070173,43
64,24198,8.4375,0.5968418305070173,15
64,24199,9.84375,0.5968418305070173,31
64,24200,11.25,0.5968418305070173,42
64,24201,12.65625,0.5968418305070173,26
64,24202,14.0625,0.5968418305070173,52
64,24203,15.46875,0.5968418305070173,35
64,24204,16.875,0.5968418305070173,35
64,24205,18.28125,0.5968418305070173,45
64,24206,19.6875,0.5968418305070173,70
64,24207,21.09375,0.5968418305070173,70
64,24208,22.5,0.5968418305070173,67
64,24209,23.90625,0.5968418305070173,67
64,24210,25.3125,0.5968418305070173,61
64,24211,26.71875,0.5968418305070173,51
64,24212,28.125,0.5968418305070173,50
64,24213,29.53125,0.5968418305070173,33
64,24214,30.9375,0.5968418305070173,38
64,24215,32.34375,0.5968418305070173,48
64,24216,33.75,0.5968418305070173,36
64,24217,35.15625,0.5968418305070173,52
64,24218,36.5625,0.5968418305070173,70
64,24219,37.96875,0.5968418305070173,99
64,24220,39.375,0.5968418305070173,72
64,24221,40.78125,0.5968418305070173,100
64,24222,42.1875,0.5968418305070173,69
64,24223,43.59375,0.5968418305070173,89
64,24224,45.0,0.5968418305070173,152
64,24225,46.40625,0.5968418305070173,227
64,24226,47.8125,0.5968418305070173,152
64,24227,49.21875,0.5968418305070173,176
64,24228,50.625,0.5968418305070173,153
64,24229,52.03125,0.5968418305070173,107
64,24230,53.4375,0.5968418305070173,93
64,24231,54.84375,0.5968418305070173,120
64,24232,56.25,0.5968418305070173,213
64,24233,57.65625,0.5968418305070173,189
64,24234,59.0625,0.5968418305070173,124
64,24235,60.46875,0.5968418305070173,107
64,24236,61.875,0.5968418305070173,232
64,24237,63.28125,0.5968418305070173,137
64,24238,64.6875,0.5968418305070173,129
64,24239,66.09375,0.5968418305070173,83
64,24240,67.5,0.5968418305070173,138
64,24241,68.90625,0.5968418305070173,148
64,24242,70.3125,0.5968418305070173,105
64,24243,71.71875,0.5968418305070173,117
64,24244,73.125,0.5968418305070173,84
64,24245,74.53125,0.5968418305070173,121
64,24246,75.9375,0.5968418305070173,94
64,24247,77.34375,0.5968418305070173,43
64,24248,78.75,0.5968418305070173,65
64,24249,80.15625,0.5968418305070173,65
64,24250,81.5625,0.5968418305070173,44
64,24251,82.96875,0.5968418305070173,63
64,24252,84.375,0.5968418305070173,106
64,24253,85.78125,0.5968418305070173,67
64,24254,87.1875,0.5968418305070173,33
64,24255,88.59375,0.5968418305070173,51
64,24256,90.0,0.5968418305070173,63
64,24257,91.40625,0.5968418305070173,48
64,24258,92.8125,0.5968418305070173,59
64,24259,94.21875,0.5968418305070173,62
64,24260,95.625,0.5968418305070173,62
64,24261,97.03125,0.5968418305070173,61
64,24262,98.4375,0.5968418305070173,97
64,24263,99.84375,0.5968418305070173,121
64,24264,101.25,0.5968418305070173,127
64,24265,102.65625,0.5968418305070173,96
64,24266,104.0625,0.5968418305070173,128
64,24267,105.46875,0.5968418305070173,80
64,24268,106.875,0.5968418305070173,68
64,24269,108.28125,0.5968418305070173,76
64,24270,109.6875,0.5968418305070173,106
64,24271,111.09375,0.5968418305070173,142
64,24272,112.5,0.5968418305070173,99
64,24273,113.90625,0.5968418305070173,101
64,24274,115.3125,0.5968418305070173,102
64,24275,116.71875,0.5968418305070173,105
64,24276,118.125,0.5968418305070173,130
64,24277,119.53125,0.5968418305070173,173
64,24278,120.9375,0.5968418305070173,69
64,24279,122.34375,0.5968418305070173,128
64,24280,123.75,0.5968418305070173,127
64,24281,125.15625,0.5968418305070173,201
64,24282,126.5625,0.5968418305070173,131
64,24283,127.96875,0.5968418305070173,147
64,24284,129.375,0.5968418305070173,133
64,24285,130.78125,0.5968418305070173,151
64,24286,132.1875,0.5968418305070173,133
64,24287,133.59375,0.5968418305070173,212
64,24288,135.0,0.5968418305070173,165
64,24289,136.40625,0.5968418305070173,115
64,24290,137.8125,0.5968418305070173,89
64,24291,139.21875,0.5968418305070173,225
64,24292,140.625,0.5968418305070173,291
64,24293,142.03125,0.5968418305070173,139
64,24294,143.4375,0.5968418305070173,162
64,24295,144.84375,0.5968418305070173,95
64,24296,146.25,0.5968418305070173,184
64,24297,147.65625,0.5968418305070173,143
64,24298,149.0625,0.5968418305070173,168
64,24299,150.46875,0.5968418305070173,67
64,24300,151.875,0.5968418305070173,80
64,24301,153.28125,0.5968418305070173,72
64,24302,154.6875,0.5968418305070173,92
64,24303,156.09375,0.5968418305070173,71
64,24304,157.5,0.5968418305070173,116
64,24305,158.90625,0.5968418305070173,85
64,24306,160.3125,0.5968418305070173,62
64,24307,161.71875,0.5968418305070173,36
64,24308,163.125,0.5968418305070173,72
64,24309,164.53125,0.5968418305070173,107
64,24310,165.9375,0.5968418305070173,142
64,24311,167.34375,0.5968418305070173,116
64,24312,168.75,0.5968418305070173,56
64,24313,170.15625,0.5968418305070173,59
64,24314,171.5625,0.5968418305070173,54
64,24315,172.96875,0.5968418305070173,73
64,24316,174.375,0.5968418305070173,56
64,24317,175.78125,0.5968418305070173,54
64,24318,177.1875,0.5968418305070173,32
64,24319,178.59375,0.5968418305070173,41
64,24320,-180.0,0.5968418305070173,22
64,24321,-178.59375,0.5968418305070173,27
64,24322,-177.1875,0.5968418305070173,10
64,24323,-175.78125,0.5968418305070173,20
64,24324,-174.375,0.5968418305070173,25
64,24325,-172.96875,0.5968418305070173,21
64,24326,-171.5625,0.5968418305070173,6
64,24327,-170.15625,0.5968418305070173,17
64,24328,-168.75,0.5968418305070173,27
64,24329,-167.34375,0.5968418305070173,24
64,24330,-165.9375,0.5968418305070173,40
64,24331,-164.53125,0.5968418305070173,30
64,24332,-163.125,0.5968418305070173,29
64,24333,-161.71875,0.5968418305070173,1
64,24334,-160.3125,0.5968418305070173,9
64,24335,-158.90625,0.5968418305070173,10
64,24336,-157.5,0.5968418305070173,5
64,24337,-156.09375,0.5968418305070173,5
64,24338,-154.6875,0.5968418305070173,14
64,24339,-153.28125,0.5968418305070173,17
64,24340,-151.875,0.5968418305070173,23
64,24341,-150.46875,0.5968418305070173,17
64,24342,-149.0625,0.5968418305070173,30
64,24343,-147.65625,0.5968418305070173,1
64,24344,-146.25,0.5968418305070173,11
64,24345,-144.84375,0.5968418305070173,4
64,24346,-143.4375,0.5968418305070173,3
64,24347,-142.03125,0.5968418305070173,5
64,24348,-140.625,0.5968418305070173,2
64,24350,-137.8125,0.5968418305070173,12
64,24351,-136.40625,0.5968418305070173,10
64,24352,-135.0,0.5968418305070173,7
64,24353,-133.59375,0.5968418305070173,7
64,24354,-132.1875,0.5968418305070173,2
64,24355,-130.78125,0.5968418305070173,1
64,24418,-42.18750000000006,0.5968418305070173,7
64,24419,-40.78125,0.5968418305070173,6
64,24420,-39.375,0.5968418305070173,9
64,24421,-37.96875000000006,0.5968418305070173,4
64,24422,-36.5625,0.5968418305070173,9
64,24423,-35.15625,0.5968418305070173,14
64,24424,-33.75000000000006,0.5968418305070173,7
64,24425,-32.34375000000006,0.5968418305070173,5
64,24426,-30.9375,0.5968418305070173,3
64,24427,-29.53125,0.5968418305070173,5
64,24428,-28.125,0.5968418305070173,5
64,24432,-22.5,0.5968418305070173,7
64,24433,-21.09375,0.5968418305070173,8
64,24434,-19.6875,0.5968418305070173,6
64,24435,-18.28125,0.5968418305070173,8
64,24436,-16.875,0.5968418305070173,10
64,24437,-15.46875,0.5968418305070173,12
64,24438,-14.0625,0.5968418305070173,5
64,24439,-12.65625,0.5968418305070173,18
64,24440,-11.25,0.5968418305070173,11
64,24441,-9.84375,0.5968418305070173,14
64,24442,-8.4375,0.5968418305070173,16
64,24443,-7.03125,0.5968418305070173,9
64,24444,-5.625,0.5968418305070173,6
64,24445,-4.21875,0.5968418305070173,28
64,24446,-2.8125,0.5968418305070173,28
64,24447,-1.40625,0.5968418305070173,28
64,24448,0.703125,0.0,51
64,24449,2.109375,0.0,23
64,24450,3.515625,0.0,50
64,24451,4.921875,0.0,26
64,24452,6.328125,0.0,18
64,24453,7.734375,0.0,52
64,24454,9.140625,0.0,18
64,24455,10.546875,0.0,48
64,24456,11.953125,0.0,41
64,24457,13.359375,0.0,34
64,24458,14.765625,0.0,43
64,24459,16.171875,0.0,60
64,24460,17.578125,0.0,44
64,24461,18.984375,0.0,107
64,24462,20.390625,0.0,80
64,24463,21.796875,0.0,81
64,24464,23.203125,0.0,68
64,24465,24.609375,0.0,60
64,24466,26.015625,0.0,55
64,24467,27.421875,0.0,49
64,24468,28.828125,0.0,77
64,24469,30.234375,0.0,38
64,24470,31.640625,0.0,77
64,24471,33.046875,0.0,107
64,24472,34.453125,0.0,77
64,24473,35.859375,0.0,89
64,24474,37.265625,0.0,73
64,24475,38.671875,0.0,83
64,24476,40.078125,0.0,138
64,24477,41.484375,0.0,66
64,24478,42.890625,0.0,78
64,24479,44.296875,0.0,85
64,24480,45.703125,0.0,156
64,24481,47.109375,0.0,157
64,24482,48.515625,0.0,163
64,24483,49.921875,0.0,141
64,24484,51.328125,0.0,156
64,24485,52.734375,0.0,154
64,24486,54.140625,0.0,106
64,24487,55.546875,0.0,157
64,24488,56.953125,0.0,125
64,24489,58.359375,0.0,136
64,24490,59.765625,0.0,141
64,24491,61.171875,0.0,206
64,24492,62.578125,0.0,185
64,24493,63.984375,0.0,230
64,24494,65.390625,0.0,101
64,24495,66.796875,0.0,140
64,24496,68.203125,0.0,135
64,24497,69.609375,0.0,133
64,24498,71.015625,0.0,116
64,24499,72.421875,0.0,98
64,24500,73.828125,0.0,126
64,24501,75.234375,0.0,80
64,24502,76.640625,0.0,76
64,24503,78.046875,0.0,74
64,24504,79.453125,0.0,57
64,24505,80.859375,0.0,58
64,24506,82.265625,0.0,92
64,24507,83.671875,0.0,63
64,24508,85.078125,0.0,58
64,24509,86.484375,0.0,52
64,24510,87.890625,0.0,80
64,24511,89.296875,0.0,56
64,24512,90.703125,0.0,53
64,24513,92.109375,0.0,58
64,24514,93.515625,0.0,62
64,24515,94.921875,0.0,85
64,24516,96.328125,0.0,63
64,24517,97.734375,0.0,96
64,24518,99.140625,0.0,108
64,24519,100.546875,0.0,88
64,24520,101.953125,0.0,90
64,24521,103.359375,0.0,85
64,24522,104.765625,0.0,38
64,24523,106.171875,0.0,47
64,24524,107.578125,0.0,54
64,24525,108.984375,0.0,116
64,24526,110.390625,0.0,150
64,24527,111.796875,0.0,126
64,24528,113.203125,0.0,81
64,24529,114.609375,0.0,140
64,24530,116.015625,0.0,111
64,24531,117.421875,0.0,106
64,24532,118.828125,0.0,146
64,24533,120.234375,0.0,169
64,24534,121.640625,0.0,123
64,24535,123.04687499999994,0.0,200
64,24536,124.453125,0.0,180
64,24537,125.859375,0.0,184
64,24538,127.265625,0.0,160
64,24539,128.671875,0.0,147
64,24540,130.078125,0.0,200
64,24541,131.484375,0.0,141
64,24542,132.890625,0.0,171
64,24543,134.296875,0.0,192
64,24544,135.703125,0.0,199
64,24545,137.109375,0.0,120
64,24546,138.515625,0.0,185
64,24547,139.921875,0.0,219
64,24548,141.328125,0.0,325
64,24549,142.734375,0.0,174
64,24550,144.140625,0.0,173
64,24551,145.546875,0.0,118
64,24552,146.953125,0.0,204
64,24553,148.359375,0.0,165
64,24554,149.765625,0.0,171
64,24555,151.171875,0.0,81
64,24556,152.578125,0.0,85
64,24557,153.984375,0.0,89
64,24558,155.390625,0.0,98
64,24559,156.796875,0.0,61
64,24560,158.203125,0.0,65
64,24561,159.609375,0.0,56
64,24562,161.015625,0.0,21
64,24563,162.421875,0.0,52
64,24564,163.828125,0.0,98
64,24565,165.234375,0.0,95
64,24566,166.640625,0.0,65
64,24567,168.046875,0.0,129
64,24568,169.453125,0.0,55
64,24569,170.859375,0.0,46
64,24570,172.265625,0.0,77
64,24571,173.671875,0.0,113
64,24572,175.078125,0.0,59
64,24573,176.484375,0.0,54
64,24574,177.890625,0.0,63
64,24575,179.296875,0.0,56
64,24576,-179.296875,0.0,53
64,24577,-177.890625,0.0,67
64,24578,-176.484375,0.0,6
64,24579,-175.078125,0.0,18
64,24580,-173.671875,0.0,22
64,24581,-172.265625,0.0,29
64,24582,-170.859375,0.0,36
64,24583,-169.453125,0.0,23
64,24584,-168.046875,0.0,27
64,24585,-166.640625,0.0,52
64,24586,-165.234375,0.0,41
64,24587,-163.828125,0.0,29
64,24588,-162.421875,0.0,60
64,24589,-161.015625,0.0,8
64,24590,-159.609375,0.0,27
64,24591,-158.203125,0.0,3
64,24592,-156.796875,0.0,7
64,24593,-155.390625,0.0,2
64,24594,-153.984375,0.0,4
64,24595,-152.578125,0.0,21
64,24596,-151.171875,0.0,29
64,24597,-149.765625,0.0,15
64,24598,-148.359375,0.0,13
64,24599,-146.953125,0.0,12
64,24600,-145.546875,0.0,8
64,24601,-144.140625,0.0,7
64,24602,-142.734375,0.0,1
64,24603,-141.328125,0.0,5
64,24605,-138.515625,0.0,3
64,24606,-137.109375,0.0,11
64,24607,-135.703125,0.0,12
64,24608,-134.296875,0.0,15
64,24609,-132.890625,0.0,21
64,24610,-131.484375,0.0,8
64,24611,-130.078125,0.0,14
64,24674,-41.48437500000006,0.0,2
64,24675,-40.07812500000006,0.0,18
64,24676,-38.671875,0.0,7
64,24677,-37.265625,0.0,9
64,24678,-35.859375,0.0,5
64,24679,-34.45312500000006,0.0,12
64,24680,-33.046875,0.0,3
64,24681,-31.640625,0.0,4
64,24683,-28.828125,0.0,1
64,24688,-21.796875,0.0,1
64,24690,-18.984375,0.0,9
64,24691,-17.578125,0.0,19
64,24692,-16.171875,0.0,24
64,24693,-14.765625,0.0,10
64,24694,-13.359375,0.0,8
64,24695,-11.953125,0.0,12
64,24696,-10.546875,0.0,16
64,24697,-9.140625,0.0,11
64,24698,-7.734375,0.0,7
64,24699,-6.328125,0.0,14
64,24700,-4.921875,0.0,19
64,24701,-3.515625,0.0,40
64,24702,-2.109375,0.0,19
64,24703,-0.703125,0.0,11
64,24704,0.0,-0.5968418305070173,30
64,24705,1.40625,-0.5968418305070173,34
64,24706,2.8125,-0.5968418305070173,23
64,24707,4.21875,-0.5968418305070173,38
64,24708,5.625,-0.5968418305070173,66
64,24709,7.03125,-0.5968418305070173,45
64,24710,8.4375,-0.5968418305070173,24
64,24711,9.84375,-0.5968418305070173,46
64,24712,11.25,-0.5968418305070173,54
64,24713,12.65625,-0.5968418305070173,78
64,24714,14.0625,-0.5968418305070173,41
64,24715,15.46875,-0.5968418305070173,43
64,24716,16.875,-0.5968418305070173,29
64,24717,18.28125,-0.5968418305070173,50
64,24718,19.6875,-0.5968418305070173,81
64,24719,21.09375,-0.5968418305070173,51
64,24720,22.5,-0.5968418305070173,61
64,24721,23.90625,-0.5968418305070173,65
64,24722,25.3125,-0.5968418305070173,27
64,24723,26.71875,-0.5968418305070173,48
64,24724,28.125,-0.5968418305070173,34
64,24725,29.53125,-0.5968418305070173,55
64,24726,30.9375,-0.5968418305070173,94
64,24727,32.34375,-0.5968418305070173,59
64,24728,33.75,-0.5968418305070173,91
64,24729,35.15625,-0.5968418305070173,52
64,24730,36.5625,-0.5968418305070173,60
64,24731,37.96875,-0.5968418305070173,84
64,24732,39.375,-0.5968418305070173,83
64,24733,40.78125,-0.5968418305070173,100
64,24734,42.1875,-0.5968418305070173,141
64,24735,43.59375,-0.5968418305070173,116
64,24736,45.0,-0.5968418305070173,200
64,24737,46.40625,-0.5968418305070173,128
64,24738,47.8125,-0.5968418305070173,150
64,24739,49.21875,-0.5968418305070173,56
64,24740,50.625,-0.5968418305070173,109
64,24741,52.03125,-0.5968418305070173,115
64,24742,53.4375,-0.5968418305070173,163
64,24743,54.84375,-0.5968418305070173,158
64,24744,56.25,-0.5968418305070173,139
64,24745,57.65625,-0.5968418305070173,163
64,24746,59.0625,-0.5968418305070173,167
64,24747,60.46875,-0.5968418305070173,96
64,24748,61.875,-0.5968418305070173,198
64,24749,63.28125,-0.5968418305070173,322
64,24750,64.6875,-0.5968418305070173,75
64,24751,66.09375,-0.5968418305070173,75
64,24752,67.5,-0.5968418305070173,99
64,24753,68.90625,-0.5968418305070173,173
64,24754,70.3125,-0.5968418305070173,85
64,24755,71.71875,-0.5968418305070173,88
64,24756,73.125,-0.5968418305070173,87
64,24757,74.53125,-0.5968418305070173,105
64,24758,75.9375,-0.5968418305070173,66
64,24759,77.34375,-0.5968418305070173,138
64,24760,78.75,-0.5968418305070173,77
64,24761,80.15625,-0.5968418305070173,74
64,24762,81.5625,-0.5968418305070173,106
64,24763,82.96875,-0.5968418305070173,82
64,24764,84.375,-0.5968418305070173,60
64,24765,85.78125,-0.5968418305070173,66
64,24766,87.1875,-0.5968418305070173,42
64,24767,88.59375,-0.5968418305070173,61
64,24768,90.0,-0.5968418305070173,66
64,24769,91.40625,-0.5968418305070173,64
64,24770,92.8125,-0.5968418305070173,65
64,24771,94.21875,-0.5968418305070173,66
64,24772,95.625,-0.5968418305070173,113
64,24773,97.03125,-0.5968418305070173,82
64,24774,98.4375,-0.5968418305070173,77
64,24775,99.84375,-0.5968418305070173,93
64,24776,101.25,-0.5968418305070173,80
64,24777,102.65625,-0.5968418305070173,80
64,24778,104.0625,-0.5968418305070173,80
64,24779,105.46875,-0.5968418305070173,78
64,24780,106.875,-0.5968418305070173,89
64,24781,108.28125,-0.5968418305070173,86
64,24782,109.6875,-0.5968418305070173,120
64,24783,111.09375,-0.5968418305070173,84
64,24784,112.5,-0.5968418305070173,111
64,24785,113.90625,-0.5968418305070173,144
64,24786,115.3125,-0.5968418305070173,120
64,24787,116.71875,-0.5968418305070173,137
64,24788,118.125,-0.5968418305070173,160
64,24789,119.53125,-0.5968418305070173,154
64,24790,120.9375,-0.5968418305070173,134
64,24791,122.34375,-0.5968418305070173,186
64,24792,123.75,-0.5968418305070173,204
64,24793,125.15625,-0.5968418305070173,170
64,24794,126.5625,-0.5968418305070173,160
64,24795,127.96875,-0.5968418305070173,177
64,24796,129.375,-0.5968418305070173,213
64,24797,130.78125,-0.5968418305070173,147
64,24798,132.1875,-0.5968418305070173,230
64,24799,133.59375,-0.5968418305070173,199
64,24800,135.0,-0.5968418305070173,197
64,24801,136.40625,-0.5968418305070173,191
64,24802,137.8125,-0.5968418305070173,111
64,24803,139.21875,-0.5968418305070173,134
64,24804,140.625,-0.5968418305070173,257
64,24805,142.03125,-0.5968418305070173,91
64,24806,143.4375,-0.5968418305070173,90
64,24807,144.84375,-0.5968418305070173,139
64,24808,146.25,-0.5968418305070173,181
64,24809,147.65625,-0.5968418305070173,181
64,24810,149.0625,-0.5968418305070173,162
64,24811,150.46875,-0.5968418305070173,167
64,24812,151.875,-0.5968418305070173,91
64,24813,153.28125,-0.5968418305070173,91
64,24814,154.6875,-0.5968418305070173,54
64,24815,156.09375,-0.5968418305070173,86
64,24816,157.5,-0.5968418305070173,97
64,24817,158.90625,-0.5968418305070173,79
64,24818,160.3125,-0.5968418305070173,42
64,24819,161.71875,-0.5968418305070173,39
64,24820,163.125,-0.5968418305070173,70
64,24821,164.53125,-0.5968418305070173,96
64,24822,165.9375,-0.5968418305070173,105
64,24823,167.34375,-0.5968418305070173,102
64,24824,168.75,-0.5968418305070173,71
64,24825,170.15625,-0.5968418305070173,35
64,24826,171.5625,-0.5968418305070173,68
64,24827,172.96875,-0.5968418305070173,89
64,24828,174.375,-0.5968418305070173,69
64,24829,175.78125,-0.5968418305070173,74
64,24830,177.1875,-0.5968418305070173,79
64,24831,178.59375,-0.5968418305070173,46
64,24832,-180.0,-0.5968418305070173,51
64,24833,-178.59375,-0.5968418305070173,30
64,24834,-177.1875,-0.5968418305070173,32
64,24835,-175.78125,-0.5968418305070173,4
64,24836,-174.375,-0.5968418305070173,19
64,24837,-172.96875,-0.5968418305070173,10
64,24838,-171.5625,-0.5968418305070173,16
64,24839,-170.15625,-0.5968418305070173,5
64,24840,-168.75,-0.5968418305070173,9
64,24841,-167.34375,-0.5968418305070173,15
64,24842,-165.9375,-0.5968418305070173,39
64,24843,-164.53125,-0.5968418305070173,29
64,24844,-163.125,-0.5968418305070173,59
64,24845,-161.71875,-0.5968418305070173,18
64,24846,-160.3125,-0.5968418305070173,4
64,24847,-158.90625,-0.5968418305070173,9
64,24848,-157.5,-0.5968418305070173,3
64,24849,-156.09375,-0.5968418305070173,1
64,24850,-154.6875,-0.5968418305070173,2
64,24851,-153.28125,-0.5968418305070173,17
64,24852,-151.875,-0.5968418305070173,16
64,24853,-150.46875,-0.5968418305070173,29
64,24854,-149.0625,-0.5968418305070173,13
64,24855,-147.65625,-0.5968418305070173,7
64,24856,-146.25,-0.5968418305070173,13
64,24857,-144.84375,-0.5968418305070173,7
64,24858,-143.4375,-0.5968418305070173,7
64,24859,-142.03125,-0.5968418305070173,2
64,24860,-140.625,-0.5968418305070173,1
64,24861,-139.21875,-0.5968418305070173,1
64,24862,-137.8125,-0.5968418305070173,15
64,24863,-136.40625,-0.5968418305070173,21
64,24864,-135.0,-0.5968418305070173,6
64,24865,-133.59375,-0.5968418305070173,10
64,24866,-132.1875,-0.5968418305070173,10
64,24867,-130.78125,-0.5968418305070173,9
64,24930,-42.18750000000006,-0.5968418305070173,4
64,24931,-40.78125,-0.5968418305070173,2
64,24932,-39.375,-0.5968418305070173,7
64,24933,-37.96875000000006,-0.5968418305070173,1
64,24934,-36.5625,-0.5968418305070173,15
64,24935,-35.15625,-0.5968418305070173,9
64,24939,-29.53125,-0.5968418305070173,5
64,24940,-28.125,-0.5968418305070173,4
64,24941,-26.71875,-0.5968418305070173,4
64,24944,-22.5,-0.5968418305070173,9
64,24945,-21.09375,-0.5968418305070173,4
64,24946,-19.6875,-0.5968418305070173,4
64,24947,-18.28125,-0.5968418305070173,10
64,24948,-16.875,-0.5968418305070173,5
64,24949,-15.46875,-0.5968418305070173,20
64,24950,-14.0625,-0.5968418305070173,6
64,24951,-12.65625,-0.5968418305070173,30
64,24952,-11.25,-0.5968418305070173,22
64,24953,-9.84375,-0.5968418305070173,10
64,24954,-8.4375,-0.5968418305070173,9
64,24955,-7.03125,-0.5968418305070173,14
64,24956,-5.625,-0.5968418305070173,14
64,24957,-4.21875,-0.5968418305070173,43
64,24958,-2.8125,-0.5968418305070173,29
64,24959,-1.40625,-0.5968418305070173,9
64,24960,0.703125,-1.1937484371410818,11
64,24961,2.109375,-1.1937484371410818,17
64,24962,3.515625,-1.1937484371410818,19
64,24963,4.921875,-1.1937484371410818,29
64,24964,6.328125,-1.1937484371410818,17
64,24965,7.734375,-1.1937484371410818,56
64,24966,9.140625,-1.1937484371410818,19
64,24967,10.546875,-1.1937484371410818,21
64,24968,11.953125,-1.1937484371410818,32
64,24969,13.359375,-1.1937484371410818,26
64,24970,14.765625,-1.1937484371410818,27
64,24971,16.171875,-1.1937484371410818,23
64,24972,17.578125,-1.1937484371410818,70
64,24973,18.984375,-1.1937484371410818,16
64,24974,20.390625,-1.1937484371410818,49
64,24975,21.796875,-1.1937484371410818,20
64,24976,23.203125,-1.1937484371410818,57
64,24977,24.609375,-1.1937484371410818,7
64,24978,26.015625,-1.1937484371410818,39
64,24979,27.421875,-1.1937484371410818,25
64,24980,28.828125,-1.1937484371410818,47
64,24981,30.234375,-1.1937484371410818,24
64,24982,31.640625,-1.1937484371410818,64
64,24983,33.046875,-1.1937484371410818,52
64,24984,34.453125,-1.1937484371410818,52
64,24985,35.859375,-1.1937484371410818,37
64,24986,37.265625,-1.1937484371410818,94
64,24987,38.671875,-1.1937484371410818,61
64,24988,40.078125,-1.1937484371410818,128
64,24989,41.484375,-1.1937484371410818,98
64,24990,42.890625,-1.1937484371410818,38
64,24991,44.296875,-1.1937484371410818,135
64,24992,45.703125,-1.1937484371410818,79
64,24993,47.109375,-1.1937484371410818,274
64,24994,48.515625,-1.1937484371410818,119
64,24995,49.921875,-1.1937484371410818,117
64,24996,51.328125,-1.1937484371410818,68
64,24997,52.734375,-1.1937484371410818,166
64,24998,54.140625,-1.1937484371410818,116
64,24999,55.546875,-1.1937484371410818,173
64,25000,56.953125,-1.1937484371410818,85
64,25001,58.359375,-1.1937484371410818,191
64,25002,59.765625,-1.1937484371410818,88
64,25003,61.171875,-1.1937484371410818,135
64,25004,62.578125,-1.1937484371410818,303
64,25005,63.984375,-1.1937484371410818,181
64,25006,65.390625,-1.1937484371410818,56
64,25007,66.796875,-1.1937484371410818,83
64,25008,68.203125,-1.1937484371410818,95
64,25009,69.609375,-1.1937484371410818,71
64,25010,71.015625,-1.1937484371410818,59
64,25011,72.421875,-1.1937484371410818,83
64,25012,73.828125,-1.1937484371410818,90
64,25013,75.234375,-1.1937484371410818,66
64,25014,76.640625,-1.1937484371410818,67
64,25015,78.046875,-1.1937484371410818,62
64,25016,79.453125,-1.1937484371410818,54
64,25017,80.859375,-1.1937484371410818,78
64,25018,82.265625,-1.1937484371410818,74
64,25019,83.671875,-1.1937484371410818,49
64,25020,85.078125,-1.1937484371410818,73
64,25021,86.484375,-1.1937484371410818,55
64,25022,87.890625,-1.1937484371410818,53
64,25023,89.296875,-1.1937484371410818,51
64,25024,90.703125,-1.1937484371410818,51
64,25025,92.109375,-1.1937484371410818,39
64,25026,93.515625,-1.1937484371410818,59
64,25027,94.921875,-1.1937484371410818,91
64,25028,96.328125,-1.1937484371410818,71
64,25029,97.734375,-1.1937484371410818,66
64,25030,99.140625,-1.1937484371410818,75
64,25031,100.546875,-1.1937484371410818,73
64,25032,101.953125,-1.1937484371410818,74
64,25033,103.359375,-1.1937484371410818,96
64,25034,104.765625,-1.1937484371410818,65
64,25035,106.171875,-1.1937484371410818,47
64,25036,107.578125,-1.1937484371410818,122
64,25037,108.984375,-1.1937484371410818,58
64,25038,110.390625,-1.1937484371410818,123
64,25039,111.796875,-1.1937484371410818,78
64,25040,113.203125,-1.1937484371410818,128
64,25041,114.609375,-1.1937484371410818,72
64,25042,116.015625,-1.1937484371410818,99
64,25043,117.421875,-1.1937484371410818,83
64,25044,118.828125,-1.1937484371410818,215
64,25045,120.234375,-1.1937484371410818,112
64,25046,121.640625,-1.1937484371410818,150
64,25047,123.04687499999994,-1.1937484371410818,136
64,25048,124.453125,-1.1937484371410818,99
64,25049,125.859375,-1.1937484371410818,129
64,25050,127.265625,-1.1937484371410818,79
64,25051,128.671875,-1.1937484371410818,162
64,25052,130.078125,-1.1937484371410818,203
64,25053,131.484375,-1.1937484371410818,286
64,25054,132.890625,-1.1937484371410818,90
64,25055,134.296875,-1.1937484371410818,296
64,25056,135.703125,-1.1937484371410818,106
64,25057,137.109375,-1.1937484371410818,154
64,25058,138.515625,-1.1937484371410818,61
64,25059,139.921875,-1.1937484371410818,160
64,25060,141.328125,-1.1937484371410818,99
64,25061,142.734375,-1.1937484371410818,138
64,25062,144.140625,-1.1937484371410818,118
64,25063,145.546875,-1.1937484371410818,148
64,25064,146.953125,-1.1937484371410818,70
64,25065,148.359375,-1.1937484371410818,111
64,25066,149.765625,-1.1937484371410818,92
64,25067,151.171875,-1.1937484371410818,81
64,25068,152.578125,-1.1937484371410818,101
64,25069,153.984375,-1.1937484371410818,35
64,25070,155.390625,-1.1937484371410818,59
64,25071,156.796875,-1.1937484371410818,30
64,25072,158.203125,-1.1937484371410818,81
64,25073,159.609375,-1.1937484371410818,45
64,25074,161.015625,-1.1937484371410818,63
64,25075,162.421875,-1.1937484371410818,30
64,25076,163.828125,-1.1937484371410818,79
64,25077,165.234375,-1.1937484371410818,61
64,25078,166.640625,-1.1937484371410818,133
64,25079,168.046875,-1.1937484371410818,25
64,25080,169.453125,-1.1937484371410818,63
64,25081,170.859375,-1.1937484371410818,19
64,25082,172.265625,-1.1937484371410818,71
64,25083,173.671875,-1.1937484371410818,27
64,25084,175.078125,-1.1937484371410818,71
64,25085,176.484375,-1.1937484371410818,33
64,25086,177.890625,-1.1937484371410818,42
64,25087,179.296875,-1.1937484371410818,15
64,25088,-179.296875,-1.1937484371410818,21
64,25089,-177.890625,-1.1937484371410818,15
64,25090,-176.484375,-1.1937484371410818,11
64,25091,-175.078125,-1.1937484371410818,39
64,25092,-173.671875,-1.1937484371410818,27
64,25093,-172.265625,-1.1937484371410818,15
64,25094,-170.859375,-1.1937484371410818,5
64,25095,-169.453125,-1.1937484371410818,12
64,25096,-168.046875,-1.1937484371410818,1
64,25097,-166.640625,-1.1937484371410818,29
64,25098,-165.234375,-1.1937484371410818,22
64,25099,-163.828125,-1.1937484371410818,108
64,25100,-162.421875,-1.1937484371410818,6
64,25101,-161.015625,-1.1937484371410818,12
64,25102,-159.609375,-1.1937484371410818,18
64,25103,-158.203125,-1.1937484371410818,1
64,25104,-156.796875,-1.1937484371410818,5
64,25105,-155.390625,-1.1937484371410818,1
64,25106,-153.984375,-1.1937484371410818,16
64,25107,-152.578125,-1.1937484371410818,15
64,25108,-151.171875,-1.1937484371410818,2
64,25109,-149.765625,-1.1937484371410818,6
64,25110,-148.359375,-1.1937484371410818,2
64,25112,-145.546875,-1.1937484371410818,11
64,25114,-142.734375,-1.1937484371410818,2
64,25115,-141.328125,-1.1937484371410818,1
64,25118,-137.109375,-1.1937484371410818,6
64,25121,-132.890625,-1.1937484371410818,9
64,25122,-131.484375,-1.1937484371410818,3
64,25187,-40.07812500000006,-1.1937484371410818,5
64,25189,-37.265625,-1.1937484371410818,1
64,25190,-35.859375,-1.1937484371410818,3
64,25191,-34.45312500000006,-1.1937484371410818,1
64,25193,-31.640625,-1.1937484371410818,1
64,25194,-30.234375000000057,-1.1937484371410818,2
64,25195,-28.828125,-1.1937484371410818,4
64,25196,-27.421875,-1.1937484371410818,4
64,25197,-26.015625,-1.1937484371410818,3
64,25199,-23.203125,-1.1937484371410818,7
64,25200,-21.796875,-1.1937484371410818,3
64,25201,-20.390625,-1.1937484371410818,3
64,25202,-18.984375,-1.1937484371410818,6
64,25203,-17.578125,-1.1937484371410818,7
64,25204,-16.171875,-1.1937484371410818,14
64,25205,-14.765625,-1.1937484371410818,10
64,25206,-13.359375,-1.1937484371410818,5
64,25207,-11.953125,-1.1937484371410818,1
64,25208,-10.546875,-1.1937484371410818,2
64,25209,-9.140625,-1.1937484371410818,9
64,25210,-7.734375,-1.1937484371410818,13
64,25211,-6.328125,-1.1937484371410818,15
64,25212,-4.921875,-1.1937484371410818,15
64,25213,-3.515625,-1.1937484371410818,19
64,25214,-2.109375,-1.1937484371410818,32
64,25215,-0.703125,-1.1937484371410818,15
64,25216,0.0,-1.7907846593289491,35
64,25217,1.40625,-1.7907846593289491,50
64,25218,2.8125,-1.7907846593289491,50
64,25219,4.21875,-1.7907846593289491,56
64,25220,5.625,-1.7907846593289491,51
64,25221,7.03125,-1.7907846593289491,33
64,25222,8.4375,-1.7907846593289491,47
64,25223,9.84375,-1.7907846593289491,26
64,25224,11.25,-1.7907846593289491,32
64,25225,12.65625,-1.7907846593289491,32
64,25226,14.0625,-1.7907846593289491,18
64,25227,15.46875,-1.7907846593289491,39
64,25228,16.875,-1.7907846593289491,46
64,25229,18.28125,-1.7907846593289491,61
64,25230,19.6875,-1.7907846593289491,42
64,25231,21.09375,-1.7907846593289491,48
64,25232,22.5,-1.7907846593289491,38
64,25233,23.90625,-1.7907846593289491,10
64,25234,25.3125,-1.7907846593289491,26
64,25235,26.71875,-1.7907846593289491,31
64,25236,28.125,-1.7907846593289491,62
64,25237,29.53125,-1.7907846593289491,38
64,25238,30.9375,-1.7907846593289491,38
64,25239,32.34375,-1.7907846593289491,37
64,25240,33.75,-1.7907846593289491,18
64,25241,35.15625,-1.7907846593289491,57
64,25242,36.5625,-1.7907846593289491,85
64,25243,37.96875,-1.7907846593289491,76
64,25244,39.375,-1.7907846593289491,177
64,25245,40.78125,-1.7907846593289491,46
64,25246,42.1875,-1.7907846593289491,110
64,25247,43.59375,-1.7907846593289491,83
64,25248,45.0,-1.7907846593289491,136
64,25249,46.40625,-1.7907846593289491,165
64,25250,47.8125,-1.7907846593289491,106
64,25251,49.21875,-1.7907846593289491,104
64,25252,50.625,-1.7907846593289491,119
64,25253,52.03125,-1.7907846593289491,134
64,25254,53.4375,-1.7907846593289491,111
64,25255,54.84375,-1.7907846593289491,170
64,25256,56.25,-1.7907846593289491,101
64,25257,57.65625,-1.7907846593289491,140
64,25258,59.0625,-1.7907846593289491,75
64,25259,60.46875,-1.7907846593289491,177
64,25260,61.875,-1.7907846593289491,143
64,25261,63.28125,-1.7907846593289491,290
64,25262,64.6875,-1.7907846593289491,113
64,25263,66.09375,-1.7907846593289491,101
64,25264,67.5,-1.7907846593289491,70
64,25265,68.90625,-1.7907846593289491,106
64,25266,70.3125,-1.7907846593289491,103
64,25267,71.71875,-1.7907846593289491,104
64,25268,73.125,-1.7907846593289491,144
64,25269,74.53125,-1.7907846593289491,91
64,25270,75.9375,-1.7907846593289491,105
64,25271,77.34375,-1.7907846593289491,71
64,25272,78.75,-1.7907846593289491,56
64,25273,80.15625,-1.7907846593289491,44
64,25274,81.5625,-1.7907846593289491,36
64,25275,82.96875,-1.7907846593289491,47
64,25276,84.375,-1.7907846593289491,83
64,25277,85.78125,-1.7907846593289491,50
64,25278,87.1875,-1.7907846593289491,39
64,25279,88.59375,-1.7907846593289491,32
64,25280,90.0,-1.7907846593289491,58
64,25281,91.40625,-1.7907846593289491,81
64,25282,92.8125,-1.7907846593289491,62
64,25283,94.21875,-1.7907846593289491,63
64,25284,95.625,-1.7907846593289491,75
64,25285,97.03125,-1.7907846593289491,107
64,25286,98.4375,-1.7907846593289491,66
64,25287,99.84375,-1.7907846593289491,93
64,25288,101.25,-1.7907846593289491,62
64,25289,102.65625,-1.7907846593289491,133
64,25290,104.0625,-1.7907846593289491,140
64,25291,105.46875,-1.7907846593289491,83
64,25292,106.875,-1.7907846593289491,94
64,25293,108.28125,-1.7907846593289491,77
64,25294,109.6875,-1.7907846593289491,61
64,25295,111.09375,-1.7907846593289491,109
64,25296,112.5,-1.7907846593289491,123
64,25297,113.90625,-1.7907846593289491,79
64,25298,115.3125,-1.7907846593289491,62
64,25299,116.71875,-1.7907846593289491,75
64,25300,118.125,-1.7907846593289491,155
64,25301,119.53125,-1.7907846593289491,130
64,25302,120.9375,-1.7907846593289491,140
64,25303,122.34375,-1.7907846593289491,128
64,25304,123.75,-1.7907846593289491,135
64,25305,125.15625,-1.7907846593289491,85
64,25306,126.5625,-1.7907846593289491,131
64,25307,127.96875,-1.7907846593289491,125
64,25308,129.375,-1.7907846593289491,228
64,25309,130.78125,-1.7907846593289491,230
64,25310,132.1875,-1.7907846593289491,285
64,25311,133.59375,-1.7907846593289491,161
64,25312,135.0,-1.7907846593289491,142
64,25313,136.40625,-1.7907846593289491,88
64,25314,137.8125,-1.7907846593289491,122
64,25315,139.21875,-1.7907846593289491,104
64,25316,140.625,-1.7907846593289491,86
64,25317,142.03125,-1.7907846593289491,144
64,25318,143.4375,-1.7907846593289491,100
64,25319,144.84375,-1.7907846593289491,141
64,25320,146.25,-1.7907846593289491,90
64,25321,147.65625,-1.7907846593289491,140
64,25322,149.0625,-1.7907846593289491,85
64,25323,150.46875,-1.7907846593289491,118
64,25324,151.875,-1.7907846593289491,86
64,25325,153.28125,-1.7907846593289491,37
64,25326,154.6875,-1.7907846593289491,47
64,25327,156.09375,-1.7907846593289491,78
64,25328,157.5,-1.7907846593289491,46
64,25329,158.90625,-1.7907846593289491,50
64,25330,160.3125,-1.7907846593289491,24
64,25331,161.71875,-1.7907846593289491,58
64,25332,163.125,-1.7907846593289491,68
64,25333,164.53125,-1.7907846593289491,85
64,25334,165.9375,-1.7907846593289491,82
64,25335,167.34375,-1.7907846593289491,61
64,25336,168.75,-1.7907846593289491,35
64,25337,170.15625,-1.7907846593289491,64
64,25338,171.5625,-1.7907846593289491,63
64,25339,172.96875,-1.7907846593289491,40
64,25340,174.375,-1.7907846593289491,70
64,25341,175.78125,-1.7907846593289491,45
64,25342,177.1875,-1.7907846593289491,44
64,25343,178.59375,-1.7907846593289491,29
64,25344,-180.0,-1.7907846593289491,37
64,25345,-178.59375,-1.7907846593289491,4
64,25346,-177.1875,-1.7907846593289491,16
64,25347,-175.78125,-1.7907846593289491,19
64,25348,-174.375,-1.7907846593289491,6
64,25349,-172.96875,-1.7907846593289491,12
64,25350,-171.5625,-1.7907846593289491,23
64,25351,-170.15625,-1.7907846593289491,11
64,25352,-168.75,-1.7907846593289491,35
64,25353,-167.34375,-1.7907846593289491,16
64,25354,-165.9375,-1.7907846593289491,35
64,25355,-164.53125,-1.7907846593289491,36
64,25356,-163.125,-1.7907846593289491,36
64,25357,-161.71875,-1.7907846593289491,16
64,25358,-160.3125,-1.7907846593289491,26
64,25359,-158.90625,-1.7907846593289491,7
64,25360,-157.5,-1.7907846593289491,4
64,25361,-156.09375,-1.7907846593289491,7
64,25362,-154.6875,-1.7907846593289491,7
64,25363,-153.28125,-1.7907846593289491,6
64,25364,-151.875,-1.7907846593289491,4
64,25365,-150.46875,-1.7907846593289491,6
64,25366,-149.0625,-1.7907846593289491,13
64,25367,-147.65625,-1.7907846593289491,7
64,25368,-146.25,-1.7907846593289491,2
64,25370,-143.4375,-1.7907846593289491,1
64,25444,-39.375,-1.7907846593289491,3
64,25446,-36.5625,-1.7907846593289491,7
64,25447,-35.15625,-1.7907846593289491,3
64,25449,-32.34375000000006,-1.7907846593289491,2
64,25451,-29.53125,-1.7907846593289491,3
64,25452,-28.125,-1.7907846593289491,9
64,25453,-26.71875,-1.7907846593289491,5
64,25455,-23.90625,-1.7907846593289491,3
64,25456,-22.5,-1.7907846593289491,6
64,25457,-21.09375,-1.7907846593289491,15
64,25458,-19.6875,-1.7907846593289491,12
64,25459,-18.28125,-1.7907846593289491,16
64,25460,-16.875,-1.7907846593289491,21
64,25461,-15.46875,-1.7907846593289491,17
64,25462,-14.0625,-1.7907846593289491,16
64,25463,-12.65625,-1.7907846593289491,2
64,25464,-11.25,-1.7907846593289491,4
64,25465,-9.84375,-1.7907846593289491,7
64,25466,-8.4375,-1.7907846593289491,1
64,25467,-7.03125,-1.7907846593289491,27
64,25468,-5.625,-1.7907846593289491,26
64,25469,-4.21875,-1.7907846593289491,18
64,25470,-2.8125,-1.7907846593289491,17
64,25471,-1.40625,-1.7907846593289491,35
64,25472,0.703125,-2.388015463268772,23
64,25473,2.109375,-2.388015463268772,32
64,25474,3.515625,-2.388015463268772,52
64,25475,4.921875,-2.388015463268772,41
64,25476,6.328125,-2.388015463268772,22
64,25477,7.734375,-2.388015463268772,26
64,25478,9.140625,-2.388015463268772,38
64,25479,10.546875,-2.388015463268772,28
64,25480,11.953125,-2.388015463268772,43
64,25481,13.359375,-2.388015463268772,16
64,25482,14.765625,-2.388015463268772,18
64,25483,16.171875,-2.388015463268772,50
64,25484,17.578125,-2.388015463268772,45
64,25485,18.984375,-2.388015463268772,46
64,25486,20.390625,-2.388015463268772,43
64,25487,21.796875,-2.388015463268772,65
64,25488,23.203125,-2.388015463268772,33
64,25489,24.609375,-2.388015463268772,36
64,25490,26.015625,-2.388015463268772,33
64,25491,27.421875,-2.388015463268772,38
64,25492,28.828125,-2.388015463268772,33
64,25493,30.234375,-2.388015463268772,50
64,25494,31.640625,-2.388015463268772,83
64,25495,33.046875,-2.388015463268772,37
64,25496,34.453125,-2.388015463268772,57
64,25497,35.859375,-2.388015463268772,83
64,25498,37.265625,-2.388015463268772,99
64,25499,38.671875,-2.388015463268772,132
64,25500,40.078125,-2.388015463268772,91
64,25501,41.484375,-2.388015463268772,162
64,25502,42.890625,-2.388015463268772,151
64,25503,44.296875,-2.388015463268772,117
64,25504,45.703125,-2.388015463268772,95
64,25505,47.109375,-2.388015463268772,183
64,25506,48.515625,-2.388015463268772,128
64,25507,49.921875,-2.388015463268772,171
64,25508,51.328125,-2.388015463268772,126
64,25509,52.734375,-2.388015463268772,181
64,25510,54.140625,-2.388015463268772,89
64,25511,55.546875,-2.388015463268772,85
64,25512,56.953125,-2.388015463268772,164
64,25513,58.359375,-2.388015463268772,109
64,25514,59.765625,-2.388015463268772,109
64,25515,61.171875,-2.388015463268772,171
64,25516,62.578125,-2.388015463268772,168
64,25517,63.984375,-2.388015463268772,142
64,25518,65.390625,-2.388015463268772,151
64,25519,66.796875,-2.388015463268772,112
64,25520,68.203125,-2.388015463268772,145
64,25521,69.609375,-2.388015463268772,137
64,25522,71.015625,-2.388015463268772,125
64,25523,72.421875,-2.388015463268772,93
64,25524,73.828125,-2.388015463268772,118
64,25525,75.234375,-2.388015463268772,121
64,25526,76.640625,-2.388015463268772,87
64,25527,78.046875,-2.388015463268772,57
64,25528,79.453125,-2.388015463268772,72
64,25529,80.859375,-2.388015463268772,58
64,25530,82.265625,-2.388015463268772,62
64,25531,83.671875,-2.388015463268772,75
64,25532,85.078125,-2.388015463268772,94
64,25533,86.484375,-2.388015463268772,47
64,25534,87.890625,-2.388015463268772,39
64,25535,89.296875,-2.388015463268772,36
64,25536,90.703125,-2.388015463268772,76
64,25537,92.109375,-2.388015463268772,158
64,25538,93.515625,-2.388015463268772,54
64,25539,94.921875,-2.388015463268772,116
64,25540,96.328125,-2.388015463268772,118
64,25541,97.734375,-2.388015463268772,90
64,25542,99.140625,-2.388015463268772,144
64,25543,100.546875,-2.388015463268772,76
64,25544,101.953125,-2.388015463268772,85
64,25545,103.359375,-2.388015463268772,80
64,25546,104.765625,-2.388015463268772,95
64,25547,106.171875,-2.388015463268772,67
64,25548,107.578125,-2.388015463268772,90
64,25549,108.984375,-2.388015463268772,72
64,25550,110.390625,-2.388015463268772,125
64,25551,111.796875,-2.388015463268772,75
64,25552,113.203125,-2.388015463268772,79
64,25553,114.609375,-2.388015463268772,101
64,25554,116.015625,-2.388015463268772,103
64,25555,117.421875,-2.388015463268772,159
64,25556,118.828125,-2.388015463268772,132
64,25557,120.234375,-2.388015463268772,164
64,25558,121.640625,-2.388015463268772,195
64,25559,123.04687499999994,-2.388015463268772,142
64,25560,124.453125,-2.388015463268772,151
64,25561,125.859375,-2.388015463268772,122
64,25562,127.265625,-2.388015463268772,196
64,25563,128.671875,-2.388015463268772,187
64,25564,130.078125,-2.388015463268772,239
64,25565,131.484375,-2.388015463268772,261
64,25566,132.890625,-2.388015463268772,164
64,25567,134.296875,-2.388015463268772,168
64,25568,135.703125,-2.388015463268772,142
64,25569,137.109375,-2.388015463268772,152
64,25570,138.515625,-2.388015463268772,92
64,25571,139.921875,-2.388015463268772,94
64,25572,141.328125,-2.388015463268772,119
64,25573,142.734375,-2.388015463268772,132
64,25574,144.140625,-2.388015463268772,122
64,25575,145.546875,-2.388015463268772,139
64,25576,146.953125,-2.388015463268772,122
64,25577,148.359375,-2.388015463268772,114
64,25578,149.765625,-2.388015463268772,88
64,25579,151.171875,-2.388015463268772,140
64,25580,152.578125,-2.388015463268772,76
64,25581,153.984375,-2.388015463268772,41
64,25582,155.390625,-2.388015463268772,33
64,25583,156.796875,-2.388015463268772,90
64,25584,158.203125,-2.388015463268772,63
64,25585,159.609375,-2.388015463268772,29
64,25586,161.015625,-2.388015463268772,37
64,25587,162.421875,-2.388015463268772,96
64,25588,163.828125,-2.388015463268772,66
64,25589,165.234375,-2.388015463268772,104
64,25590,166.640625,-2.388015463268772,125
64,25591,168.046875,-2.388015463268772,33
64,25592,169.453125,-2.388015463268772,45
64,25593,170.859375,-2.388015463268772,33
64,25594,172.265625,-2.388015463268772,70
64,25595,173.671875,-2.388015463268772,50
64,25596,175.078125,-2.388015463268772,66
64,25597,176.484375,-2.388015463268772,50
64,25598,177.890625,-2.388015463268772,76
64,25599,179.296875,-2.388015463268772,16
64,25600,-179.296875,-2.388015463268772,19
64,25601,-177.890625,-2.388015463268772,2
64,25602,-176.484375,-2.388015463268772,28
64,25603,-175.078125,-2.388015463268772,18
64,25604,-173.671875,-2.388015463268772,1
64,25605,-172.265625,-2.388015463268772,23
64,25606,-170.859375,-2.388015463268772,5
64,25607,-169.453125,-2.388015463268772,11
64,25608,-168.046875,-2.388015463268772,25
64,25609,-166.640625,-2.388015463268772,17
64,25610,-165.234375,-2.388015463268772,23
64,25611,-163.828125,-2.388015463268772,36
64,25612,-162.421875,-2.388015463268772,19
64,25613,-161.015625,-2.388015463268772,27
64,25614,-159.609375,-2.388015463268772,14
64,25615,-158.203125,-2.388015463268772,24
64,25617,-155.390625,-2.388015463268772,12
64,25618,-153.984375,-2.388015463268772,8
64,25619,-152.578125,-2.388015463268772,10
64,25621,-149.765625,-2.388015463268772,5
64,25622,-148.359375,-2.388015463268772,3
64,25623,-146.953125,-2.388015463268772,2
64,25624,-145.546875,-2.388015463268772,3
64,25625,-144.140625,-2.388015463268772,2
64,25626,-142.734375,-2.388015463268772,2
64,25628,-139.921875,-2.388015463268772,1
64,25702,-35.859375,-2.388015463268772,17
64,25705,-31.640625,-2.388015463268772,6
64,25707,-28.828125,-2.388015463268772,23
64,25708,-27.421875,-2.388015463268772,12
64,25709,-26.015625,-2.388015463268772,3
64,25710,-24.609375,-2.388015463268772,3
64,25711,-23.203125,-2.388015463268772,3
64,25712,-21.796875,-2.388015463268772,9
64,25713,-20.390625,-2.388015463268772,18
64,25714,-18.984375,-2.388015463268772,29
64,25715,-17.578125,-2.388015463268772,17
64,25716,-16.171875,-2.388015463268772,23
64,25717,-14.765625,-2.388015463268772,3
64,25718,-13.359375,-2.388015463268772,4
64,25719,-11.953125,-2.388015463268772,2
64,25720,-10.546875,-2.388015463268772,25
64,25721,-9.140625,-2.388015463268772,17
64,25722,-7.734375,-2.388015463268772,22
64,25723,-6.328125,-2.388015463268772,14
64,25724,-4.921875,-2.388015463268772,15
64,25725,-3.515625,-2.388015463268772,12
64,25726,-2.109375,-2.388015463268772,39
64,25727,-0.703125,-2.388015463268772,55
64,25728,0.0,-2.9855060057465295,18
64,25729,1.40625,-2.9855060057465295,38
64,25730,2.8125,-2.9855060057465295,51
64,25731,4.21875,-2.9855060057465295,37
64,25732,5.625,-2.9855060057465295,34
64,25733,7.03125,-2.9855060057465295,25
64,25734,8.4375,-2.9855060057465295,20
64,25735,9.84375,-2.9855060057465295,19
64,25736,11.25,-2.9855060057465295,32
64,25737,12.65625,-2.9855060057465295,31
64,25738,14.0625,-2.9855060057465295,45
64,25739,15.46875,-2.9855060057465295,43
64,25740,16.875,-2.9855060057465295,19
64,25741,18.28125,-2.9855060057465295,25
64,25742,19.6875,-2.9855060057465295,57
64,25743,21.09375,-2.9855060057465295,72
64,25744,22.5,-2.9855060057465295,95
64,25745,23.90625,-2.9855060057465295,37
64,25746,25.3125,-2.9855060057465295,47
64,25747,26.71875,-2.9855060057465295,63
64,25748,28.125,-2.9855060057465295,65
64,25749,29.53125,-2.9855060057465295,58
64,25750,30.9375,-2.9855060057465295,74
64,25751,32.34375,-2.9855060057465295,62
64,25752,33.75,-2.9855060057465295,40
64,25753,35.15625,-2.9855060057465295,44
64,25754,36.5625,-2.9855060057465295,76
64,25755,37.96875,-2.9855060057465295,96
64,25756,39.375,-2.9855060057465295,83
64,25757,40.78125,-2.9855060057465295,71
64,25758,42.1875,-2.9855060057465295,67
64,25759,43.59375,-2.9855060057465295,87
64,25760,45.0,-2.9855060057465295,59
64,25761,46.40625,-2.9855060057465295,109
64,25762,47.8125,-2.9855060057465295,182
64,25763,49.21875,-2.9855060057465295,145
64,25764,50.625,-2.9855060057465295,174
64,25765,52.03125,-2.9855060057465295,150
64,25766,53.4375,-2.9855060057465295,121
64,25767,54.84375,-2.9855060057465295,138
64,25768,56.25,-2.9855060057465295,116
64,25769,57.65625,-2.9855060057465295,151
64,25770,59.0625,-2.9855060057465295,116
64,25771,60.46875,-2.9855060057465295,137
64,25772,61.875,-2.9855060057465295,176
64,25773,63.28125,-2.9855060057465295,172
64,25774,64.6875,-2.9855060057465295,200
64,25775,66.09375,-2.9855060057465295,94
64,25776,67.5,-2.9855060057465295,90
64,25777,68.90625,-2.9855060057465295,173
64,25778,70.3125,-2.9855060057465295,183
64,25779,71.71875,-2.9855060057465295,78
64,25780,73.125,-2.9855060057465295,107
64,25781,74.53125,-2.9855060057465295,100
64,25782,75.9375,-2.9855060057465295,73
64,25783,77.34375,-2.9855060057465295,81
64,25784,78.75,-2.9855060057465295,67
64,25785,80.15625,-2.9855060057465295,76
64,25786,81.5625,-2.9855060057465295,76
64,25787,82.96875,-2.9855060057465295,56
64,25788,84.375,-2.9855060057465295,80
64,25789,85.78125,-2.9855060057465295,98
64,25790,87.1875,-2.9855060057465295,39
64,25791,88.59375,-2.9855060057465295,33
64,25792,90.0,-2.9855060057465295,123
64,25793,91.40625,-2.9855060057465295,106
64,25794,92.8125,-2.9855060057465295,101
64,25795,94.21875,-2.9855060057465295,110
64,25796,95.625,-2.9855060057465295,122
64,25797,97.03125,-2.9855060057465295,143
64,25798,98.4375,-2.9855060057465295,136
64,25799,99.84375,-2.9855060057465295,134
64,25800,101.25,-2.9855060057465295,86
64,25801,102.65625,-2.9855060057465295,108
64,25802,104.0625,-2.9855060057465295,81
64,25803,105.46875,-2.9855060057465295,87
64,25804,106.875,-2.9855060057465295,91
64,25805,108.28125,-2.9855060057465295,90
64,25806,109.6875,-2.9855060057465295,131
64,25807,111.09375,-2.9855060057465295,89
64,25808,112.5,-2.9855060057465295,80
64,25809,113.90625,-2.9855060057465295,91
64,25810,115.3125,-2.9855060057465295,78
64,25811,116.71875,-2.9855060057465295,137
64,25812,118.125,-2.9855060057465295,187
64,25813,119.53125,-2.9855060057465295,176
64,25814,120.9375,-2.9855060057465295,143
64,25815,122.34375,-2.9855060057465295,119
64,25816,123.75,-2.9855060057465295,140
64,25817,125.15625,-2.9855060057465295,106
64,25818,126.5625,-2.9855060057465295,153
64,25819,127.96875,-2.9855060057465295,102
64,25820,129.375,-2.9855060057465295,171
64,25821,130.78125,-2.9855060057465295,132
64,25822,132.1875,-2.9855060057465295,281
64,25823,133.59375,-2.9855060057465295,117
64,25824,135.0,-2.9855060057465295,207
64,25825,136.40625,-2.9855060057465295,115
64,25826,137.8125,-2.9855060057465295,74
64,25827,139.21875,-2.9855060057465295,60
64,25828,140.625,-2.9855060057465295,111
64,25829,142.03125,-2.9855060057465295,102
64,25830,143.4375,-2.9855060057465295,147
64,25831,144.84375,-2.9855060057465295,184
64,25832,146.25,-2.9855060057465295,142
64,25833,147.65625,-2.9855060057465295,80
64,25834,149.0625,-2.9855060057465295,100
64,25835,150.46875,-2.9855060057465295,94
64,25836,151.875,-2.9855060057465295,92
64,25837,153.28125,-2.9855060057465295,62
64,25838,154.6875,-2.9855060057465295,36
64,25839,156.09375,-2.9855060057465295,41
64,25840,157.5,-2.9855060057465295,61
64,25841,158.90625,-2.9855060057465295,93
64,25842,160.3125,-2.9855060057465295,29
64,25843,161.71875,-2.9855060057465295,66
64,25844,163.125,-2.9855060057465295,58
64,25845,164.53125,-2.9855060057465295,75
64,25846,165.9375,-2.9855060057465295,106
64,25847,167.34375,-2.9855060057465295,111
64,25848,168.75,-2.9855060057465295,77
64,25849,170.15625,-2.9855060057465295,26
64,25850,171.5625,-2.9855060057465295,25
64,25851,172.96875,-2.9855060057465295,26
64,25852,174.375,-2.9855060057465295,44
64,25853,175.78125,-2.9855060057465295,49
64,25854,177.1875,-2.9855060057465295,46
64,25855,178.59375,-2.9855060057465295,37
64,25856,-180.0,-2.9855060057465295,17
64,25857,-178.59375,-2.9855060057465295,9
64,25858,-177.1875,-2.9855060057465295,6
64,25859,-175.78125,-2.9855060057465295,19
64,25860,-174.375,-2.9855060057465295,17
64,25861,-172.96875,-2.9855060057465295,17
64,25862,-171.5625,-2.9855060057465295,6
64,25863,-170.15625,-2.9855060057465295,16
64,25864,-168.75,-2.9855060057465295,9
64,25865,-167.34375,-2.9855060057465295,10
64,25866,-165.9375,-2.9855060057465295,38
64,25867,-164.53125,-2.9855060057465295,27
64,25868,-163.125,-2.9855060057465295,8
64,25869,-161.71875,-2.9855060057465295,27
64,25870,-160.3125,-2.9855060057465295,6
64,25871,-158.90625,-2.9855060057465295,23
64,25872,-157.5,-2.9855060057465295,13
64,25873,-156.09375,-2.9855060057465295,2
64,25874,-154.6875,-2.9855060057465295,3
64,25875,-153.28125,-2.9855060057465295,5
64,25876,-151.875,-2.9855060057465295,2
64,25877,-150.46875,-2.9855060057465295,1
64,25879,-147.65625,-2.9855060057465295,13
64,25880,-146.25,-2.9855060057465295,3
64,25881,-144.84375,-2.9855060057465295,3
64,25882,-143.4375,-2.9855060057465295,2
64,25883,-142.03125,-2.9855060057465295,1
64,25884,-140.625,-2.9855060057465295,1
64,25957,-37.96875000000006,-2.9855060057465295,3
64,25958,-36.5625,-2.9855060057465295,3
64,25959,-35.15625,-2.9855060057465295,4
64,25961,-32.34375000000006,-2.9855060057465295,4
64,25963,-29.53125,-2.9855060057465295,6
64,25964,-28.125,-2.9855060057465295,15
64,25965,-26.71875,-2.9855060057465295,18
64,25966,-25.3125,-2.9855060057465295,6
64,25967,-23.90625,-2.9855060057465295,6
64,25968,-22.5,-2.9855060057465295,4
64,25969,-21.09375,-2.9855060057465295,12
64,25970,-19.6875,-2.9855060057465295,14
64,25971,-18.28125,-2.9855060057465295,20
64,25972,-16.875,-2.9855060057465295,20
64,25973,-15.46875,-2.9855060057465295,8
64,25974,-14.0625,-2.9855060057465295,6
64,25975,-12.65625,-2.9855060057465295,3
64,25976,-11.25,-2.9855060057465295,9
64,25977,-9.84375,-2.9855060057465295,17
64,25978,-8.4375,-2.9855060057465295,13
64,25979,-7.03125,-2.9855060057465295,12
64,25980,-5.625,-2.9855060057465295,10
64,25981,-4.21875,-2.9855060057465295,4
64,25982,-2.8125,-2.9855060057465295,42
64,25983,-1.40625,-2.9855060057465295,58
64,25984,0.703125,-3.583321698471977,23
64,25985,2.109375,-3.583321698471977,29
64,25986,3.515625,-3.583321698471977,32
64,25987,4.921875,-3.583321698471977,23
64,25988,6.328125,-3.583321698471977,54
64,25989,7.734375,-3.583321698471977,26
64,25990,9.140625,-3.583321698471977,19
64,25991,10.546875,-3.583321698471977,33
64,25992,11.953125,-3.583321698471977,23
64,25993,13.359375,-3.583321698471977,46
64,25994,14.765625,-3.583321698471977,19
64,25995,16.171875,-3.583321698471977,28
64,25996,17.578125,-3.583321698471977,24
64,25997,18.984375,-3.583321698471977,71
64,25998,20.390625,-3.583321698471977,36
64,25999,21.796875,-3.583321698471977,86
64,26000,23.203125,-3.583321698471977,27
64,26001,24.609375,-3.583321698471977,29
64,26002,26.015625,-3.583321698471977,43
64,26003,27.421875,-3.583321698471977,18
64,26004,28.828125,-3.583321698471977,23
64,26005,30.234375,-3.583321698471977,45
64,26006,31.640625,-3.583321698471977,41
64,26007,33.046875,-3.583321698471977,75
64,26008,34.453125,-3.583321698471977,30
64,26009,35.859375,-3.583321698471977,38
64,26010,37.265625,-3.583321698471977,67
64,26011,38.671875,-3.583321698471977,94
64,26012,40.078125,-3.583321698471977,131
64,26013,41.484375,-3.583321698471977,70
64,26014,42.890625,-3.583321698471977,93
64,26015,44.296875,-3.583321698471977,128
64,26016,45.703125,-3.583321698471977,138
64,26017,47.109375,-3.583321698471977,138
64,26018,48.515625,-3.583321698471977,143
64,26019,49.921875,-3.583321698471977,127
64,26020,51.328125,-3.583321698471977,167
64,26021,52.734375,-3.583321698471977,178
64,26022,54.140625,-3.583321698471977,225
64,26023,55.546875,-3.583321698471977,94
64,26024,56.953125,-3.583321698471977,174
64,26025,58.359375,-3.583321698471977,121
64,26026,59.765625,-3.583321698471977,146
64,26027,61.171875,-3.583321698471977,142
64,26028,62.578125,-3.583321698471977,147
64,26029,63.984375,-3.583321698471977,121
64,26030,65.390625,-3.583321698471977,117
64,26031,66.796875,-3.583321698471977,98
64,26032,68.203125,-3.583321698471977,153
64,26033,69.609375,-3.583321698471977,119
64,26034,71.015625,-3.583321698471977,85
64,26035,72.421875,-3.583321698471977,86
64,26036,73.828125,-3.583321698471977,55
64,26037,75.234375,-3.583321698471977,80
64,26038,76.640625,-3.583321698471977,51
64,26039,78.046875,-3.583321698471977,57
64,26040,79.453125,-3.583321698471977,49
64,26041,80.859375,-3.583321698471977,82
64,26042,82.265625,-3.583321698471977,46
64,26043,83.671875,-3.583321698471977,68
64,26044,85.078125,-3.583321698471977,76
64,26045,86.484375,-3.583321698471977,99
64,26046,87.890625,-3.583321698471977,32
64,26047,89.296875,-3.583321698471977,44
64,26048,90.703125,-3.583321698471977,80
64,26049,92.109375,-3.583321698471977,141
64,26050,93.515625,-3.583321698471977,56
64,26051,94.921875,-3.583321698471977,46
64,26052,96.328125,-3.583321698471977,109
64,26053,97.734375,-3.583321698471977,84
64,26054,99.140625,-3.583321698471977,80
64,26055,100.546875,-3.583321698471977,105
64,26056,101.953125,-3.583321698471977,80
64,26057,103.359375,-3.583321698471977,82
64,26058,104.765625,-3.583321698471977,85
64,26059,106.171875,-3.583321698471977,71
64,26060,107.578125,-3.583321698471977,97
64,26061,108.984375,-3.583321698471977,66
64,26062,110.390625,-3.583321698471977,62
64,26063,111.796875,-3.583321698471977,78
64,26064,113.203125,-3.583321698471977,54
64,26065,114.609375,-3.583321698471977,105
64,26066,116.015625,-3.583321698471977,51
64,26067,117.421875,-3.583321698471977,81
64,26068,118.828125,-3.583321698471977,107
64,26069,120.234375,-3.583321698471977,218
64,26070,121.640625,-3.583321698471977,175
64,26071,123.04687499999994,-3.583321698471977,130
64,26072,124.453125,-3.583321698471977,110
64,26073,125.859375,-3.583321698471977,121
64,26074,127.265625,-3.583321698471977,138
64,26075,128.671875,-3.583321698471977,151
64,26076,130.078125,-3.583321698471977,244
64,26077,131.484375,-3.583321698471977,142
64,26078,132.890625,-3.583321698471977,164
64,26079,134.296875,-3.583321698471977,73
64,26080,135.703125,-3.583321698471977,103
64,26081,137.109375,-3.583321698471977,83
64,26082,138.515625,-3.583321698471977,115
64,26083,139.921875,-3.583321698471977,48
64,26084,141.328125,-3.583321698471977,122
64,26085,142.734375,-3.583321698471977,87
64,26086,144.140625,-3.583321698471977,154
64,26087,145.546875,-3.583321698471977,38
64,26088,146.953125,-3.583321698471977,126
64,26089,148.359375,-3.583321698471977,53
64,26090,149.765625,-3.583321698471977,140
64,26091,151.171875,-3.583321698471977,68
64,26092,152.578125,-3.583321698471977,64
64,26093,153.984375,-3.583321698471977,47
64,26094,155.390625,-3.583321698471977,38
64,26095,156.796875,-3.583321698471977,21
64,26096,158.203125,-3.583321698471977,32
64,26097,159.609375,-3.583321698471977,46
64,26098,161.015625,-3.583321698471977,24
64,26099,162.421875,-3.583321698471977,37
64,26100,163.828125,-3.583321698471977,34
64,26101,165.234375,-3.583321698471977,74
64,26102,166.640625,-3.583321698471977,42
64,26103,168.046875,-3.583321698471977,52
64,26104,169.453125,-3.583321698471977,24
64,26105,170.859375,-3.583321698471977,32
64,26106,172.265625,-3.583321698471977,14
64,26107,173.671875,-3.583321698471977,62
64,26108,175.078125,-3.583321698471977,22
64,26109,176.484375,-3.583321698471977,68
64,26110,177.890625,-3.583321698471977,21
64,26111,179.296875,-3.583321698471977,17
64,26112,-179.296875,-3.583321698471977,9
64,26113,-177.890625,-3.583321698471977,22
64,26114,-176.484375,-3.583321698471977,4
64,26115,-175.078125,-3.583321698471977,9
64,26116,-173.671875,-3.583321698471977,12
64,26117,-172.265625,-3.583321698471977,6
64,26118,-170.859375,-3.583321698471977,8
64,26119,-169.453125,-3.583321698471977,3
64,26120,-168.046875,-3.583321698471977,1
64,26121,-166.640625,-3.583321698471977,11
64,26122,-165.234375,-3.583321698471977,33
64,26123,-163.828125,-3.583321698471977,14
64,26124,-162.421875,-3.583321698471977,18
64,26125,-161.015625,-3.583321698471977,5
64,26126,-159.609375,-3.583321698471977,11
64,26128,-156.796875,-3.583321698471977,1
64,26129,-155.390625,-3.583321698471977,2
64,26130,-153.984375,-3.583321698471977,2
64,26133,-149.765625,-3.583321698471977,4
64,26134,-148.359375,-3.583321698471977,5
64,26136,-145.546875,-3.583321698471977,4
64,26139,-141.328125,-3.583321698471977,1
64,26213,-37.265625,-3.583321698471977,4
64,26219,-28.828125,-3.583321698471977,6
64,26220,-27.421875,-3.583321698471977,8
64,26221,-26.015625,-3.583321698471977,16
64,26222,-24.609375,-3.583321698471977,13
64,26223,-23.203125,-3.583321698471977,4
64,26224,-21.796875,-3.583321698471977,2
64,26225,-20.390625,-3.583321698471977,12
64,26226,-18.984375,-3.583321698471977,9
64,26227,-17.578125,-3.583321698471977,10
64,26228,-16.171875,-3.583321698471977,14
64,26229,-14.765625,-3.583321698471977,22
64,26230,-13.359375,-3.583321698471977,7
64,26231,-11.953125,-3.583321698471977,8
64,26232,-10.546875,-3.583321698471977,21
64,26233,-9.140625,-3.583321698471977,15
64,26234,-7.734375,-3.583321698471977,15
64,26235,-6.328125,-3.583321698471977,11
64,26236,-4.921875,-3.583321698471977,6
64,26237,-3.515625,-3.583321698471977,25
64,26238,-2.109375,-3.583321698471977,31
64,26239,-0.703125,-3.583321698471977,26
64,26240,0.0,-4.181528273111482,16
64,26241,1.40625,-4.181528273111482,12
64,26242,2.8125,-4.181528273111482,46
64,26243,4.21875,-4.181528273111482,13
64,26244,5.625,-4.181528273111482,36
64,26245,7.03125,-4.181528273111482,18
64,26246,8.4375,-4.181528273111482,33
64,26247,9.84375,-4.181528273111482,25
64,26248,11.25,-4.181528273111482,21
64,26249,12.65625,-4.181528273111482,9
64,26250,14.0625,-4.181528273111482,24
64,26251,15.46875,-4.181528273111482,17
64,26252,16.875,-4.181528273111482,27
64,26253,18.28125,-4.181528273111482,18
64,26254,19.6875,-4.181528273111482,49
64,26255,21.09375,-4.181528273111482,17
64,26256,22.5,-4.181528273111482,68
64,26257,23.90625,-4.181528273111482,28
64,26258,25.3125,-4.181528273111482,31
64,26259,26.71875,-4.181528273111482,19
64,26260,28.125,-4.181528273111482,8
64,26261,29.53125,-4.181528273111482,22
64,26262,30.9375,-4.181528273111482,31
64,26263,32.34375,-4.181528273111482,47
64,26264,33.75,-4.181528273111482,63
64,26265,35.15625,-4.181528273111482,61
64,26266,36.5625,-4.181528273111482,31
64,26267,37.96875,-4.181528273111482,106
64,26268,39.375,-4.181528273111482,64
64,26269,40.78125,-4.181528273111482,83
64,26270,42.1875,-4.181528273111482,77
64,26271,43.59375,-4.181528273111482,87
64,26272,45.0,-4.181528273111482,111
64,26273,46.40625,-4.181528273111482,184
64,26274,47.8125,-4.181528273111482,112
64,26275,49.21875,-4.181528273111482,95
64,26276,50.625,-4.181528273111482,99
64,26277,52.03125,-4.181528273111482,175
64,26278,53.4375,-4.181528273111482,156
64,26279,54.84375,-4.181528273111482,145
64,26280,56.25,-4.181528273111482,115
64,26281,57.65625,-4.181528273111482,97
64,26282,59.0625,-4.181528273111482,188
64,26283,60.46875,-4.181528273111482,174
64,26284,61.875,-4.181528273111482,307
64,26285,63.28125,-4.181528273111482,72
64,26286,64.6875,-4.181528273111482,77
64,26287,66.09375,-4.181528273111482,51
64,26288,67.5,-4.181528273111482,65
64,26289,68.90625,-4.181528273111482,105
64,26290,70.3125,-4.181528273111482,121
64,26291,71.71875,-4.181528273111482,80
64,26292,73.125,-4.181528273111482,60
64,26293,74.53125,-4.181528273111482,53
64,26294,75.9375,-4.181528273111482,84
64,26295,77.34375,-4.181528273111482,21
64,26296,78.75,-4.181528273111482,34
64,26297,80.15625,-4.181528273111482,49
64,26298,81.5625,-4.181528273111482,42
64,26299,82.96875,-4.181528273111482,41
64,26300,84.375,-4.181528273111482,32
64,26301,85.78125,-4.181528273111482,44
64,26302,87.1875,-4.181528273111482,48
64,26303,88.59375,-4.181528273111482,51
64,26304,90.0,-4.181528273111482,42
64,26305,91.40625,-4.181528273111482,74
64,26306,92.8125,-4.181528273111482,114
64,26307,94.21875,-4.181528273111482,63
64,26308,95.625,-4.181528273111482,51
64,26309,97.03125,-4.181528273111482,23
64,26310,98.4375,-4.181528273111482,61
64,26311,99.84375,-4.181528273111482,30
64,26312,101.25,-4.181528273111482,75
64,26313,102.65625,-4.181528273111482,64
64,26314,104.0625,-4.181528273111482,91
64,26315,105.46875,-4.181528273111482,72
64,26316,106.875,-4.181528273111482,68
64,26317,108.28125,-4.181528273111482,88
64,26318,109.6875,-4.181528273111482,81
64,26319,111.09375,-4.181528273111482,75
64,26320,112.5,-4.181528273111482,46
64,26321,113.90625,-4.181528273111482,67
64,26322,115.3125,-4.181528273111482,49
64,26323,116.71875,-4.181528273111482,114
64,26324,118.125,-4.181528273111482,56
64,26325,119.53125,-4.181528273111482,85
64,26326,120.9375,-4.181528273111482,50
64,26327,122.34375,-4.181528273111482,137
64,26328,123.75,-4.181528273111482,50
64,26329,125.15625,-4.181528273111482,94
64,26330,126.5625,-4.181528273111482,118
64,26331,127.96875,-4.181528273111482,280
64,26332,129.375,-4.181528273111482,95
64,26333,130.78125,-4.181528273111482,191
64,26334,132.1875,-4.181528273111482,91
64,26335,133.59375,-4.181528273111482,87
64,26336,135.0,-4.181528273111482,75
64,26337,136.40625,-4.181528273111482,141
64,26338,137.8125,-4.181528273111482,145
64,26339,139.21875,-4.181528273111482,142
64,26340,140.625,-4.181528273111482,28
64,26341,142.03125,-4.181528273111482,75
64,26342,143.4375,-4.181528273111482,81
64,26343,144.84375,-4.181528273111482,65
64,26344,146.25,-4.181528273111482,57
64,26345,147.65625,-4.181528273111482,71
64,26346,149.0625,-4.181528273111482,152
64,26347,150.46875,-4.181528273111482,44
64,26348,151.875,-4.181528273111482,132
64,26349,153.28125,-4.181528273111482,22
64,26350,154.6875,-4.181528273111482,44
64,26351,156.09375,-4.181528273111482,14
64,26352,157.5,-4.181528273111482,53
64,26353,158.90625,-4.181528273111482,17
64,26354,160.3125,-4.181528273111482,26
64,26355,161.71875,-4.181528273111482,20
64,26356,163.125,-4.181528273111482,70
64,26357,164.53125,-4.181528273111482,45
64,26358,165.9375,-4.181528273111482,71
64,26359,167.34375,-4.181528273111482,59
64,26360,168.75,-4.181528273111482,38
64,26361,170.15625,-4.181528273111482,15
64,26362,171.5625,-4.181528273111482,22
64,26363,172.96875,-4.181528273111482,23
64,26364,174.375,-4.181528273111482,18
64,26365,175.78125,-4.181528273111482,76
64,26366,177.1875,-4.181528273111482,27
64,26367,178.59375,-4.181528273111482,59
64,26368,-180.0,-4.181528273111482,12
64,26369,-178.59375,-4.181528273111482,19
64,26370,-177.1875,-4.181528273111482,6
64,26371,-175.78125,-4.181528273111482,18
64,26372,-174.375,-4.181528273111482,3
64,26373,-172.96875,-4.181528273111482,4
64,26374,-171.5625,-4.181528273111482,8
64,26375,-170.15625,-4.181528273111482,18
64,26376,-168.75,-4.181528273111482,3
64,26377,-167.34375,-4.181528273111482,3
64,26378,-165.9375,-4.181528273111482,29
64,26379,-164.53125,-4.181528273111482,13
64,26380,-163.125,-4.181528273111482,9
64,26381,-161.71875,-4.181528273111482,18
64,26382,-160.3125,-4.181528273111482,22
64,26383,-158.90625,-4.181528273111482,4
64,26384,-157.5,-4.181528273111482,8
64,26385,-156.09375,-4.181528273111482,2
64,26386,-154.6875,-4.181528273111482,4
64,26387,-153.28125,-4.181528273111482,1
64,26390,-149.0625,-4.181528273111482,1
64,26391,-147.65625,-4.181528273111482,1
64,26392,-146.25,-4.181528273111482,2
64,26470,-36.5625,-4.181528273111482,3
64,26474,-30.9375,-4.181528273111482,6
64,26476,-28.125,-4.181528273111482,1
64,26478,-25.3125,-4.181528273111482,5
64,26479,-23.90625,-4.181528273111482,14
64,26480,-22.5,-4.181528273111482,10
64,26481,-21.09375,-4.181528273111482,10
64,26482,-19.6875,-4.181528273111482,9
64,26483,-18.28125,-4.181528273111482,15
64,26484,-16.875,-4.181528273111482,17
64,26485,-15.46875,-4.181528273111482,28
64,26486,-14.0625,-4.181528273111482,3
64,26487,-12.65625,-4.181528273111482,26
64,26488,-11.25,-4.181528273111482,15
64,26489,-9.84375,-4.181528273111482,15
64,26490,-8.4375,-4.181528273111482,8
64,26491,-7.03125,-4.181528273111482,12
64,26492,-5.625,-4.181528273111482,8
64,26493,-4.21875,-4.181528273111482,4
64,26494,-2.8125,-4.181528273111482,8
64,26495,-1.40625,-4.181528273111482,23
64,26496,0.703125,-4.780191847199163,26
64,26497,2.109375,-4.780191847199163,23
64,26498,3.515625,-4.780191847199163,17
64,26499,4.921875,-4.780191847199163,29
64,26500,6.328125,-4.780191847199163,26
64,26501,7.734375,-4.780191847199163,21
64,26502,9.140625,-4.780191847199163,27
64,26503,10.546875,-4.780191847199163,36
64,26504,11.953125,-4.780191847199163,6
64,26505,13.359375,-4.780191847199163,15
64,26506,14.765625,-4.780191847199163,47
64,26507,16.171875,-4.780191847199163,43
64,26508,17.578125,-4.780191847199163,33
64,26509,18.984375,-4.780191847199163,42
64,26510,20.390625,-4.780191847199163,34
64,26511,21.796875,-4.780191847199163,40
64,26512,23.203125,-4.780191847199163,55
64,26513,24.609375,-4.780191847199163,36
64,26514,26.015625,-4.780191847199163,19
64,26515,27.421875,-4.780191847199163,35
64,26516,28.828125,-4.780191847199163,26
64,26517,30.234375,-4.780191847199163,42
64,26518,31.640625,-4.780191847199163,26
64,26519,33.046875,-4.780191847199163,80
64,26520,34.453125,-4.780191847199163,136
64,26521,35.859375,-4.780191847199163,33
64,26522,37.265625,-4.780191847199163,42
64,26523,38.671875,-4.780191847199163,59
64,26524,40.078125,-4.780191847199163,108
64,26525,41.484375,-4.780191847199163,60
64,26526,42.890625,-4.780191847199163,122
64,26527,44.296875,-4.780191847199163,84
64,26528,45.703125,-4.780191847199163,93
64,26529,47.109375,-4.780191847199163,91
64,26530,48.515625,-4.780191847199163,108
64,26531,49.921875,-4.780191847199163,70
64,26532,51.328125,-4.780191847199163,126
64,26533,52.734375,-4.780191847199163,98
64,26534,54.140625,-4.780191847199163,99
64,26535,55.546875,-4.780191847199163,118
64,26536,56.953125,-4.780191847199163,95
64,26537,58.359375,-4.780191847199163,100
64,26538,59.765625,-4.780191847199163,111
64,26539,61.171875,-4.780191847199163,139
64,26540,62.578125,-4.780191847199163,166
64,26541,63.984375,-4.780191847199163,80
64,26542,65.390625,-4.780191847199163,45
64,26543,66.796875,-4.780191847199163,90
64,26544,68.203125,-4.780191847199163,85
64,26545,69.609375,-4.780191847199163,91
64,26546,71.015625,-4.780191847199163,75
64,26547,72.421875,-4.780191847199163,68
64,26548,73.828125,-4.780191847199163,70
64,26549,75.234375,-4.780191847199163,85
64,26550,76.640625,-4.780191847199163,96
64,26551,78.046875,-4.780191847199163,51
64,26552,79.453125,-4.780191847199163,52
64,26553,80.859375,-4.780191847199163,36
64,26554,82.265625,-4.780191847199163,52
64,26555,83.671875,-4.780191847199163,13
64,26556,85.078125,-4.780191847199163,47
64,26557,86.484375,-4.780191847199163,26
64,26558,87.890625,-4.780191847199163,59
64,26559,89.296875,-4.780191847199163,21
64,26560,90.703125,-4.780191847199163,33
64,26561,92.109375,-4.780191847199163,56
64,26562,93.515625,-4.780191847199163,125
64,26563,94.921875,-4.780191847199163,34
64,26564,96.328125,-4.780191847199163,72
64,26565,97.734375,-4.780191847199163,57
64,26566,99.140625,-4.780191847199163,62
64,26567,100.546875,-4.780191847199163,43
64,26568,101.953125,-4.780191847199163,49
64,26569,103.359375,-4.780191847199163,80
64,26570,104.765625,-4.780191847199163,103
64,26571,106.171875,-4.780191847199163,37
64,26572,107.578125,-4.780191847199163,61
64,26573,108.984375,-4.780191847199163,55
64,26574,110.390625,-4.780191847199163,39
64,26575,111.796875,-4.780191847199163,74
64,26576,113.203125,-4.780191847199163,87
64,26577,114.609375,-4.780191847199163,95
64,26578,116.015625,-4.780191847199163,101
64,26579,117.421875,-4.780191847199163,104
64,26580,118.828125,-4.780191847199163,98
64,26581,120.234375,-4.780191847199163,48
64,26582,121.640625,-4.780191847199163,57
64,26583,123.04687499999994,-4.780191847199163,115
64,26584,124.453125,-4.780191847199163,82
64,26585,125.859375,-4.780191847199163,107
64,26586,127.265625,-4.780191847199163,102
64,26587,128.671875,-4.780191847199163,134
64,26588,130.078125,-4.780191847199163,111
64,26589,131.484375,-4.780191847199163,137
64,26590,132.890625,-4.780191847199163,139
64,26591,134.296875,-4.780191847199163,90
64,26592,135.703125,-4.780191847199163,86
64,26593,137.109375,-4.780191847199163,86
64,26594,138.515625,-4.780191847199163,153
64,26595,139.921875,-4.780191847199163,71
64,26596,141.328125,-4.780191847199163,45
64,26597,142.734375,-4.780191847199163,79
64,26598,144.140625,-4.780191847199163,177
64,26599,145.546875,-4.780191847199163,72
64,26600,146.953125,-4.780191847199163,88
64,26601,148.359375,-4.780191847199163,90
64,26602,149.765625,-4.780191847199163,107
64,26603,151.171875,-4.780191847199163,95
64,26604,152.578125,-4.780191847199163,109
64,26605,153.984375,-4.780191847199163,29
64,26606,155.390625,-4.780191847199163,41
64,26607,156.796875,-4.780191847199163,29
64,26608,158.203125,-4.780191847199163,27
64,26609,159.609375,-4.780191847199163,30
64,26610,161.015625,-4.780191847199163,40
64,26611,162.421875,-4.780191847199163,50
64,26612,163.828125,-4.780191847199163,45
64,26613,165.234375,-4.780191847199163,57
64,26614,166.640625,-4.780191847199163,63
64,26615,168.046875,-4.780191847199163,39
64,26616,169.453125,-4.780191847199163,10
64,26617,170.859375,-4.780191847199163,24
64,26618,172.265625,-4.780191847199163,28
64,26619,173.671875,-4.780191847199163,47
64,26620,175.078125,-4.780191847199163,47
64,26621,176.484375,-4.780191847199163,34
64,26622,177.890625,-4.780191847199163,44
64,26623,179.296875,-4.780191847199163,60
64,26624,-179.296875,-4.780191847199163,8
64,26625,-177.890625,-4.780191847199163,43
64,26626,-176.484375,-4.780191847199163,12
64,26627,-175.078125,-4.780191847199163,6
64,26628,-173.671875,-4.780191847199163,7
64,26629,-172.265625,-4.780191847199163,4
64,26630,-170.859375,-4.780191847199163,4
64,26631,-169.453125,-4.780191847199163,8
64,26632,-168.046875,-4.780191847199163,9
64,26633,-166.640625,-4.780191847199163,25
64,26634,-165.234375,-4.780191847199163,20
64,26635,-163.828125,-4.780191847199163,10
64,26636,-162.421875,-4.780191847199163,3
64,26637,-161.015625,-4.780191847199163,17
64,26638,-159.609375,-4.780191847199163,11
64,26639,-158.203125,-4.780191847199163,2
64,26640,-156.796875,-4.780191847199163,13
64,26641,-155.390625,-4.780191847199163,3
64,26642,-153.984375,-4.780191847199163,6
64,26643,-152.578125,-4.780191847199163,3
64,26644,-151.171875,-4.780191847199163,5
64,26645,-149.765625,-4.780191847199163,3
64,26646,-148.359375,-4.780191847199163,1
64,26647,-146.953125,-4.780191847199163,1
64,26648,-145.546875,-4.780191847199163,1
64,26729,-31.640625,-4.780191847199163,1
64,26730,-30.234375000000057,-4.780191847199163,8
64,26732,-27.421875,-4.780191847199163,2
64,26733,-26.015625,-4.780191847199163,10
64,26734,-24.609375,-4.780191847199163,25
64,26735,-23.203125,-4.780191847199163,3
64,26736,-21.796875,-4.780191847199163,13
64,26737,-20.390625,-4.780191847199163,11
64,26738,-18.984375,-4.780191847199163,12
64,26739,-17.578125,-4.780191847199163,12
64,26740,-16.171875,-4.780191847199163,17
64,26741,-14.765625,-4.780191847199163,28
64,26742,-13.359375,-4.780191847199163,25
64,26743,-11.953125,-4.780191847199163,18
64,26744,-10.546875,-4.780191847199163,13
64,26746,-7.734375,-4.780191847199163,14
64,26747,-6.328125,-4.780191847199163,6
64,26748,-4.921875,-4.780191847199163,7
64,26749,-3.515625,-4.780191847199163,6
64,26750,-2.109375,-4.780191847199163,27
64,26751,-0.703125,-4.780191847199163,10
64,26752,0.0,-5.379378991112077,25
64,26753,1.40625,-5.379378991112077,28
64,26754,2.8125,-5.379378991112077,15
64,26755,4.21875,-5.379378991112077,18
64,26756,5.625,-5.379378991112077,27
64,26757,7.03125,-5.379378991112077,28
64,26758,8.4375,-5.379378991112077,6
64,26759,9.84375,-5.379378991112077,24
64,26760,11.25,-5.379378991112077,6
64,26761,12.65625,-5.379378991112077,2
64,26762,14.0625,-5.379378991112077,20
64,26763,15.46875,-5.379378991112077,41
64,26764,16.875,-5.379378991112077,24
64,26765,18.28125,-5.379378991112077,37
64,26766,19.6875,-5.379378991112077,55
64,26767,21.09375,-5.379378991112077,38
64,26768,22.5,-5.379378991112077,19
64,26769,23.90625,-5.379378991112077,35
64,26770,25.3125,-5.379378991112077,23
64,26771,26.71875,-5.379378991112077,24
64,26772,28.125,-5.379378991112077,13
64,26773,29.53125,-5.379378991112077,32
64,26774,30.9375,-5.379378991112077,15
64,26775,32.34375,-5.379378991112077,72
64,26776,33.75,-5.379378991112077,56
64,26777,35.15625,-5.379378991112077,72
64,26778,36.5625,-5.379378991112077,11
64,26779,37.96875,-5.379378991112077,56
64,26780,39.375,-5.379378991112077,41
64,26781,40.78125,-5.379378991112077,80
64,26782,42.1875,-5.379378991112077,49
64,26783,43.59375,-5.379378991112077,121
64,26784,45.0,-5.379378991112077,89
64,26785,46.40625,-5.379378991112077,61
64,26786,47.8125,-5.379378991112077,100
64,26787,49.21875,-5.379378991112077,91
64,26788,50.625,-5.379378991112077,109
64,26789,52.03125,-5.379378991112077,111
64,26790,53.4375,-5.379378991112077,55
64,26791,54.84375,-5.379378991112077,92
64,26792,56.25,-5.379378991112077,146
64,26793,57.65625,-5.379378991112077,143
64,26794,59.0625,-5.379378991112077,140
64,26795,60.46875,-5.379378991112077,109
64,26796,61.875,-5.379378991112077,161
64,26797,63.28125,-5.379378991112077,130
64,26798,64.6875,-5.379378991112077,60
64,26799,66.09375,-5.379378991112077,57
64,26800,67.5,-5.379378991112077,56
64,26801,68.90625,-5.379378991112077,93
64,26802,70.3125,-5.379378991112077,63
64,26803,71.71875,-5.379378991112077,133
64,26804,73.125,-5.379378991112077,56
64,26805,74.53125,-5.379378991112077,71
64,26806,75.9375,-5.379378991112077,60
64,26807,77.34375,-5.379378991112077,33
64,26808,78.75,-5.379378991112077,35
64,26809,80.15625,-5.379378991112077,39
64,26810,81.5625,-5.379378991112077,32
64,26811,82.96875,-5.379378991112077,21
64,26812,84.375,-5.379378991112077,70
64,26813,85.78125,-5.379378991112077,51
64,26814,87.1875,-5.379378991112077,41
64,26815,88.59375,-5.379378991112077,19
64,26816,90.0,-5.379378991112077,25
64,26817,91.40625,-5.379378991112077,54
64,26818,92.8125,-5.379378991112077,104
64,26819,94.21875,-5.379378991112077,51
64,26820,95.625,-5.379378991112077,56
64,26821,97.03125,-5.379378991112077,43
64,26822,98.4375,-5.379378991112077,81
64,26823,99.84375,-5.379378991112077,67
64,26824,101.25,-5.379378991112077,46
64,26825,102.65625,-5.379378991112077,69
64,26826,104.0625,-5.379378991112077,84
64,26827,105.46875,-5.379378991112077,67
64,26828,106.875,-5.379378991112077,70
64,26829,108.28125,-5.379378991112077,51
64,26830,109.6875,-5.379378991112077,65
64,26831,111.09375,-5.379378991112077,76
64,26832,112.5,-5.379378991112077,49
64,26833,113.90625,-5.379378991112077,90
64,26834,115.3125,-5.379378991112077,94
64,26835,116.71875,-5.379378991112077,116
64,26836,118.125,-5.379378991112077,106
64,26837,119.53125,-5.379378991112077,139
64,26838,120.9375,-5.379378991112077,96
64,26839,122.34375,-5.379378991112077,124
64,26840,123.75,-5.379378991112077,84
64,26841,125.15625,-5.379378991112077,79
64,26842,126.5625,-5.379378991112077,160
64,26843,127.96875,-5.379378991112077,114
64,26844,129.375,-5.379378991112077,106
64,26845,130.78125,-5.379378991112077,118
64,26846,132.1875,-5.379378991112077,96
64,26847,133.59375,-5.379378991112077,160
64,26848,135.0,-5.379378991112077,107
64,26849,136.40625,-5.379378991112077,100
64,26850,137.8125,-5.379378991112077,94
64,26851,139.21875,-5.379378991112077,92
64,26852,140.625,-5.379378991112077,76
64,26853,142.03125,-5.379378991112077,97
64,26854,143.4375,-5.379378991112077,101
64,26855,144.84375,-5.379378991112077,184
64,26856,146.25,-5.379378991112077,57
64,26857,147.65625,-5.379378991112077,64
64,26858,149.0625,-5.379378991112077,148
64,26859,150.46875,-5.379378991112077,100
64,26860,151.875,-5.379378991112077,122
64,26861,153.28125,-5.379378991112077,70
64,26862,154.6875,-5.379378991112077,42
64,26863,156.09375,-5.379378991112077,19
64,26864,157.5,-5.379378991112077,32
64,26865,158.90625,-5.379378991112077,25
64,26866,160.3125,-5.379378991112077,22
64,26867,161.71875,-5.379378991112077,24
64,26868,163.125,-5.379378991112077,38
64,26869,164.53125,-5.379378991112077,54
64,26870,165.9375,-5.379378991112077,76
64,26871,167.34375,-5.379378991112077,47
64,26872,168.75,-5.379378991112077,71
64,26873,170.15625,-5.379378991112077,30
64,26874,171.5625,-5.379378991112077,37
64,26875,172.96875,-5.379378991112077,64
64,26876,174.375,-5.379378991112077,83
64,26877,175.78125,-5.379378991112077,56
64,26878,177.1875,-5.379378991112077,30
64,26879,178.59375,-5.379378991112077,26
64,26880,-180.0,-5.379378991112077,35
64,26881,-178.59375,-5.379378991112077,56
64,26882,-177.1875,-5.379378991112077,29
64,26883,-175.78125,-5.379378991112077,8
64,26884,-174.375,-5.379378991112077,14
64,26885,-172.96875,-5.379378991112077,22
64,26886,-171.5625,-5.379378991112077,2
64,26887,-170.15625,-5.379378991112077,13
64,26888,-168.75,-5.379378991112077,5
64,26889,-167.34375,-5.379378991112077,8
64,26890,-165.9375,-5.379378991112077,5
64,26891,-164.53125,-5.379378991112077,8
64,26892,-163.125,-5.379378991112077,7
64,26893,-161.71875,-5.379378991112077,2
64,26894,-160.3125,-5.379378991112077,14
64,26895,-158.90625,-5.379378991112077,10
64,26897,-156.09375,-5.379378991112077,4
64,26898,-154.6875,-5.379378991112077,5
64,26900,-151.875,-5.379378991112077,2
64,26901,-150.46875,-5.379378991112077,1
64,26902,-149.0625,-5.379378991112077,3
64,26904,-146.25,-5.379378991112077,1
64,26985,-32.34375000000006,-5.379378991112077,6
64,26986,-30.9375,-5.379378991112077,5
64,26987,-29.53125,-5.379378991112077,9
64,26989,-26.71875,-5.379378991112077,1
64,26991,-23.90625,-5.379378991112077,3
64,26992,-22.5,-5.379378991112077,2
64,26993,-21.09375,-5.379378991112077,7
64,26994,-19.6875,-5.379378991112077,1
64,26996,-16.875,-5.379378991112077,18
64,26997,-15.46875,-5.379378991112077,11
64,26998,-14.0625,-5.379378991112077,20
64,26999,-12.65625,-5.379378991112077,34
64,27000,-11.25,-5.379378991112077,18
64,27001,-9.84375,-5.379378991112077,22
64,27002,-8.4375,-5.379378991112077,10
64,27003,-7.03125,-5.379378991112077,16
64,27004,-5.625,-5.379378991112077,6
64,27005,-4.21875,-5.379378991112077,22
64,27006,-2.8125,-5.379378991112077,46
64,27007,-1.40625,-5.379378991112077,29
64,27008,0.703125,-5.979156796301311,20
64,27009,2.109375,-5.979156796301311,13
64,27010,3.515625,-5.979156796301311,26
64,27011,4.921875,-5.979156796301311,43
64,27012,6.328125,-5.979156796301311,12
64,27013,7.734375,-5.979156796301311,29
64,27014,9.140625,-5.979156796301311,23
64,27015,10.546875,-5.979156796301311,20
64,27016,11.953125,-5.979156796301311,17
64,27017,13.359375,-5.979156796301311,30
64,27018,14.765625,-5.979156796301311,28
64,27019,16.171875,-5.979156796301311,37
64,27020,17.578125,-5.979156796301311,11
64,27021,18.984375,-5.979156796301311,28
64,27022,20.390625,-5.979156796301311,37
64,27023,21.796875,-5.979156796301311,19
64,27024,23.203125,-5.979156796301311,61
64,27025,24.609375,-5.979156796301311,22
64,27026,26.015625,-5.979156796301311,33
64,27027,27.421875,-5.979156796301311,29
64,27028,28.828125,-5.979156796301311,30
64,27029,30.234375,-5.979156796301311,16
64,27030,31.640625,-5.979156796301311,60
64,27031,33.046875,-5.979156796301311,52
64,27032,34.453125,-5.979156796301311,55
64,27033,35.859375,-5.979156796301311,62
64,27034,37.265625,-5.979156796301311,68
64,27035,38.671875,-5.979156796301311,48
64,27036,40.078125,-5.979156796301311,64
64,27037,41.484375,-5.979156796301311,70
64,27038,42.890625,-5.979156796301311,75
64,27039,44.296875,-5.979156796301311,87
64,27040,45.703125,-5.979156796301311,92
64,27041,47.109375,-5.979156796301311,83
64,27042,48.515625,-5.979156796301311,60
64,27043,49.921875,-5.979156796301311,70
64,27044,51.328125,-5.979156796301311,120
64,27045,52.734375,-5.979156796301311,125
64,27046,54.140625,-5.979156796301311,82
64,27047,55.546875,-5.979156796301311,124
64,27048,56.953125,-5.979156796301311,90
64,27049,58.359375,-5.979156796301311,130
64,27050,59.765625,-5.979156796301311,116
64,27051,61.171875,-5.979156796301311,134
64,27052,62.578125,-5.979156796301311,134
64,27053,63.984375,-5.979156796301311,133
64,27054,65.390625,-5.979156796301311,52
64,27055,66.796875,-5.979156796301311,46
64,27056,68.203125,-5.979156796301311,88
64,27057,69.609375,-5.979156796301311,105
64,27058,71.015625,-5.979156796301311,95
64,27059,72.421875,-5.979156796301311,74
64,27060,73.828125,-5.979156796301311,60
64,27061,75.234375,-5.979156796301311,94
64,27062,76.640625,-5.979156796301311,44
64,27063,78.046875,-5.979156796301311,42
64,27064,79.453125,-5.979156796301311,69
64,27065,80.859375,-5.979156796301311,33
64,27066,82.265625,-5.979156796301311,41
64,27067,83.671875,-5.979156796301311,43
64,27068,85.078125,-5.979156796301311,71
64,27069,86.484375,-5.979156796301311,42
64,27070,87.890625,-5.979156796301311,41
64,27071,89.296875,-5.979156796301311,44
64,27072,90.703125,-5.979156796301311,26
64,27073,92.109375,-5.979156796301311,86
64,27074,93.515625,-5.979156796301311,110
64,27075,94.921875,-5.979156796301311,54
64,27076,96.328125,-5.979156796301311,62
64,27077,97.734375,-5.979156796301311,14
64,27078,99.140625,-5.979156796301311,45
64,27079,100.546875,-5.979156796301311,41
64,27080,101.953125,-5.979156796301311,62
64,27081,103.359375,-5.979156796301311,74
64,27082,104.765625,-5.979156796301311,77
64,27083,106.171875,-5.979156796301311,96
64,27084,107.578125,-5.979156796301311,88
64,27085,108.984375,-5.979156796301311,40
64,27086,110.390625,-5.979156796301311,75
64,27087,111.796875,-5.979156796301311,81
64,27088,113.203125,-5.979156796301311,48
64,27089,114.609375,-5.979156796301311,68
64,27090,116.015625,-5.979156796301311,68
64,27091,117.421875,-5.979156796301311,93
64,27092,118.828125,-5.979156796301311,114
64,27093,120.234375,-5.979156796301311,115
64,27094,121.640625,-5.979156796301311,186
64,27095,123.04687499999994,-5.979156796301311,86
64,27096,124.453125,-5.979156796301311,104
64,27097,125.859375,-5.979156796301311,83
64,27098,127.265625,-5.979156796301311,129
64,27099,128.671875,-5.979156796301311,90
64,27100,130.078125,-5.979156796301311,178
64,27101,131.484375,-5.979156796301311,93
64,27102,132.890625,-5.979156796301311,166
64,27103,134.296875,-5.979156796301311,146
64,27104,135.703125,-5.979156796301311,126
64,27105,137.109375,-5.979156796301311,28
64,27106,138.515625,-5.979156796301311,69
64,27107,139.921875,-5.979156796301311,47
64,27108,141.328125,-5.979156796301311,75
64,27109,142.734375,-5.979156796301311,87
64,27110,144.140625,-5.979156796301311,112
64,27111,145.546875,-5.979156796301311,97
64,27112,146.953125,-5.979156796301311,66
64,27113,148.359375,-5.979156796301311,141
64,27114,149.765625,-5.979156796301311,83
64,27115,151.171875,-5.979156796301311,56
64,27116,152.578125,-5.979156796301311,99
64,27117,153.984375,-5.979156796301311,39
64,27118,155.390625,-5.979156796301311,19
64,27119,156.796875,-5.979156796301311,45
64,27120,158.203125,-5.979156796301311,14
64,27121,159.609375,-5.979156796301311,38
64,27122,161.015625,-5.979156796301311,16
64,27123,162.421875,-5.979156796301311,66
64,27124,163.828125,-5.979156796301311,33
64,27125,165.234375,-5.979156796301311,50
64,27126,166.640625,-5.979156796301311,28
64,27127,168.046875,-5.979156796301311,62
64,27128,169.453125,-5.979156796301311,29
64,27129,170.859375,-5.979156796301311,46
64,27130,172.265625,-5.979156796301311,41
64,27131,173.671875,-5.979156796301311,47
64,27132,175.078125,-5.979156796301311,53
64,27133,176.484375,-5.979156796301311,73
64,27134,177.890625,-5.979156796301311,71
64,27135,179.296875,-5.979156796301311,52
64,27136,-179.296875,-5.979156796301311,23
64,27137,-177.890625,-5.979156796301311,19
64,27138,-176.484375,-5.979156796301311,8
64,27139,-175.078125,-5.979156796301311,20
64,27140,-173.671875,-5.979156796301311,10
64,27141,-172.265625,-5.979156796301311,12
64,27142,-170.859375,-5.979156796301311,17
64,27143,-169.453125,-5.979156796301311,2
64,27144,-168.046875,-5.979156796301311,5
64,27145,-166.640625,-5.979156796301311,14
64,27146,-165.234375,-5.979156796301311,20
64,27147,-163.828125,-5.979156796301311,4
64,27148,-162.421875,-5.979156796301311,3
64,27149,-161.015625,-5.979156796301311,4
64,27150,-159.609375,-5.979156796301311,22
64,27151,-158.203125,-5.979156796301311,5
64,27152,-156.796875,-5.979156796301311,5
64,27153,-155.390625,-5.979156796301311,8
64,27154,-153.984375,-5.979156796301311,3
64,27155,-152.578125,-5.979156796301311,2
64,27156,-151.171875,-5.979156796301311,5
64,27157,-149.765625,-5.979156796301311,4
64,27158,-148.359375,-5.979156796301311,1
64,27160,-145.546875,-5.979156796301311,1
64,27243,-28.828125,-5.979156796301311,1
64,27244,-27.421875,-5.979156796301311,4
64,27245,-26.015625,-5.979156796301311,8
64,27246,-24.609375,-5.979156796301311,2
64,27247,-23.203125,-5.979156796301311,10
64,27248,-21.796875,-5.979156796301311,10
64,27249,-20.390625,-5.979156796301311,14
64,27250,-18.984375,-5.979156796301311,5
64,27251,-17.578125,-5.979156796301311,7
64,27252,-16.171875,-5.979156796301311,13
64,27253,-14.765625,-5.979156796301311,11
64,27254,-13.359375,-5.979156796301311,23
64,27255,-11.953125,-5.979156796301311,19
64,27256,-10.546875,-5.979156796301311,28
64,27257,-9.140625,-5.979156796301311,17
64,27258,-7.734375,-5.979156796301311,8
64,27259,-6.328125,-5.979156796301311,7
64,27260,-4.921875,-5.979156796301311,13
64,27261,-3.515625,-5.979156796301311,9
64,27262,-2.109375,-5.979156796301311,27
64,27263,-0.703125,-5.979156796301311,21
64,27264,0.0,-6.579592944977634,14
64,27265,1.40625,-6.579592944977634,13
64,27266,2.8125,-6.579592944977634,20
64,27267,4.21875,-6.579592944977634,6
64,27268,5.625,-6.579592944977634,10
64,27269,7.03125,-6.579592944977634,23
64,27270,8.4375,-6.579592944977634,22
64,27271,9.84375,-6.579592944977634,39
64,27272,11.25,-6.579592944977634,15
64,27273,12.65625,-6.579592944977634,31
64,27274,14.0625,-6.579592944977634,7
64,27275,15.46875,-6.579592944977634,33
64,27276,16.875,-6.579592944977634,12
64,27277,18.28125,-6.579592944977634,39
64,27278,19.6875,-6.579592944977634,15
64,27279,21.09375,-6.579592944977634,42
64,27280,22.5,-6.579592944977634,20
64,27281,23.90625,-6.579592944977634,21
64,27282,25.3125,-6.579592944977634,20
64,27283,26.71875,-6.579592944977634,24
64,27284,28.125,-6.579592944977634,7
64,27285,29.53125,-6.579592944977634,11
64,27286,30.9375,-6.579592944977634,28
64,27287,32.34375,-6.579592944977634,40
64,27288,33.75,-6.579592944977634,44
64,27289,35.15625,-6.579592944977634,22
64,27290,36.5625,-6.579592944977634,61
64,27291,37.96875,-6.579592944977634,44
64,27292,39.375,-6.579592944977634,95
64,27293,40.78125,-6.579592944977634,47
64,27294,42.1875,-6.579592944977634,84
64,27295,43.59375,-6.579592944977634,48
64,27296,45.0,-6.579592944977634,100
64,27297,46.40625,-6.579592944977634,38
64,27298,47.8125,-6.579592944977634,59
64,27299,49.21875,-6.579592944977634,28
64,27300,50.625,-6.579592944977634,112
64,27301,52.03125,-6.579592944977634,96
64,27302,53.4375,-6.579592944977634,103
64,27303,54.84375,-6.579592944977634,112
64,27304,56.25,-6.579592944977634,89
64,27305,57.65625,-6.579592944977634,99
64,27306,59.0625,-6.579592944977634,58
64,27307,60.46875,-6.579592944977634,110
64,27308,61.875,-6.579592944977634,80
64,27309,63.28125,-6.579592944977634,92
64,27310,64.6875,-6.579592944977634,61
64,27311,66.09375,-6.579592944977634,36
64,27312,67.5,-6.579592944977634,52
64,27313,68.90625,-6.579592944977634,35
64,27314,70.3125,-6.579592944977634,58
64,27315,71.71875,-6.579592944977634,108
64,27316,73.125,-6.579592944977634,35
64,27317,74.53125,-6.579592944977634,80
64,27318,75.9375,-6.579592944977634,33
64,27319,77.34375,-6.579592944977634,33
64,27320,78.75,-6.579592944977634,27
64,27321,80.15625,-6.579592944977634,37
64,27322,81.5625,-6.579592944977634,25
64,27323,82.96875,-6.579592944977634,39
64,27324,84.375,-6.579592944977634,55
64,27325,85.78125,-6.579592944977634,42
64,27326,87.1875,-6.579592944977634,53
64,27327,88.59375,-6.579592944977634,38
64,27328,90.0,-6.579592944977634,35
64,27329,91.40625,-6.579592944977634,67
64,27330,92.8125,-6.579592944977634,66
64,27331,94.21875,-6.579592944977634,69
64,27332,95.625,-6.579592944977634,54
64,27333,97.03125,-6.579592944977634,42
64,27334,98.4375,-6.579592944977634,58
64,27335,99.84375,-6.579592944977634,27
64,27336,101.25,-6.579592944977634,60
64,27337,102.65625,-6.579592944977634,54
64,27338,104.0625,-6.579592944977634,52
64,27339,105.46875,-6.579592944977634,66
64,27340,106.875,-6.579592944977634,77
64,27341,108.28125,-6.579592944977634,82
64,27342,109.6875,-6.579592944977634,50
64,27343,111.09375,-6.579592944977634,154
64,27344,112.5,-6.579592944977634,16
64,27345,113.90625,-6.579592944977634,76
64,27346,115.3125,-6.579592944977634,56
64,27347,116.71875,-6.579592944977634,103
64,27348,118.125,-6.579592944977634,76
64,27349,119.53125,-6.579592944977634,156
64,27350,120.9375,-6.579592944977634,115
64,27351,122.34375,-6.579592944977634,153
64,27352,123.75,-6.579592944977634,62
64,27353,125.15625,-6.579592944977634,68
64,27354,126.5625,-6.579592944977634,128
64,27355,127.96875,-6.579592944977634,77
64,27356,129.375,-6.579592944977634,126
64,27357,130.78125,-6.579592944977634,110
64,27358,132.1875,-6.579592944977634,127
64,27359,133.59375,-6.579592944977634,54
64,27360,135.0,-6.579592944977634,134
64,27361,136.40625,-6.579592944977634,39
64,27362,137.8125,-6.579592944977634,165
64,27363,139.21875,-6.579592944977634,12
64,27364,140.625,-6.579592944977634,80
64,27365,142.03125,-6.579592944977634,21
64,27366,143.4375,-6.579592944977634,77
64,27367,144.84375,-6.579592944977634,17
64,27368,146.25,-6.579592944977634,106
64,27369,147.65625,-6.579592944977634,22
64,27370,149.0625,-6.579592944977634,68
64,27371,150.46875,-6.579592944977634,27
64,27372,151.875,-6.579592944977634,42
64,27373,153.28125,-6.579592944977634,34
64,27374,154.6875,-6.579592944977634,44
64,27375,156.09375,-6.579592944977634,8
64,27376,157.5,-6.579592944977634,9
64,27377,158.90625,-6.579592944977634,21
64,27378,160.3125,-6.579592944977634,12
64,27379,161.71875,-6.579592944977634,22
64,27380,163.125,-6.579592944977634,5
64,27381,164.53125,-6.579592944977634,36
64,27382,165.9375,-6.579592944977634,11
64,27383,167.34375,-6.579592944977634,30
64,27385,170.15625,-6.579592944977634,52
64,27386,171.5625,-6.579592944977634,10
64,27387,172.96875,-6.579592944977634,36
64,27388,174.375,-6.579592944977634,6
64,27389,175.78125,-6.579592944977634,58
64,27390,177.1875,-6.579592944977634,18
64,27391,178.59375,-6.579592944977634,67
64,27392,-180.0,-6.579592944977634,19
64,27393,-178.59375,-6.579592944977634,49
64,27394,-177.1875,-6.579592944977634,28
64,27395,-175.78125,-6.579592944977634,18
64,27396,-174.375,-6.579592944977634,9
64,27397,-172.96875,-6.579592944977634,14
64,27398,-171.5625,-6.579592944977634,7
64,27399,-170.15625,-6.579592944977634,8
64,27400,-168.75,-6.579592944977634,13
64,27401,-167.34375,-6.579592944977634,2
64,27402,-165.9375,-6.579592944977634,6
64,27403,-164.53125,-6.579592944977634,1
64,27404,-163.125,-6.579592944977634,11
64,27406,-160.3125,-6.579592944977634,7
64,27407,-158.90625,-6.579592944977634,5
64,27408,-157.5,-6.579592944977634,2
64,27414,-149.0625,-6.579592944977634,3
64,27498,-30.9375,-6.579592944977634,2
64,27502,-25.3125,-6.579592944977634,3
64,27503,-23.90625,-6.579592944977634,11
64,27504,-22.5,-6.579592944977634,2
64,27505,-21.09375,-6.579592944977634,18
64,27506,-19.6875,-6.579592944977634,9
64,27507,-18.28125,-6.579592944977634,6
64,27508,-16.875,-6.579592944977634,4
64,27509,-15.46875,-6.579592944977634,10
64,27510,-14.0625,-6.579592944977634,13
64,27511,-12.65625,-6.579592944977634,44
64,27512,-11.25,-6.579592944977634,13
64,27513,-9.84375,-6.579592944977634,13
64,27514,-8.4375,-6.579592944977634,3
64,27515,-7.03125,-6.579592944977634,19
64,27517,-4.21875,-6.579592944977634,12
64,27518,-2.8125,-6.579592944977634,4
64,27519,-1.40625,-6.579592944977634,18
64,27520,0.703125,-7.180755781458288,9
64,27521,2.109375,-7.180755781458288,22
64,27522,3.515625,-7.180755781458288,27
64,27523,4.921875,-7.180755781458288,23
64,27524,6.328125,-7.180755781458288,11
64,27525,7.734375,-7.180755781458288,21
64,27526,9.140625,-7.180755781458288,4
64,27527,10.546875,-7.180755781458288,25
64,27528,11.953125,-7.180755781458288,23
64,27529,13.359375,-7.180755781458288,26
64,27530,14.765625,-7.180755781458288,16
64,27531,16.171875,-7.180755781458288,15
64,27532,17.578125,-7.180755781458288,13
64,27533,18.984375,-7.180755781458288,38
64,27534,20.390625,-7.180755781458288,31
64,27535,21.796875,-7.180755781458288,31
64,27536,23.203125,-7.180755781458288,31
64,27537,24.609375,-7.180755781458288,9
64,27538,26.015625,-7.180755781458288,24
64,27539,27.421875,-7.180755781458288,16
64,27540,28.828125,-7.180755781458288,31
64,27541,30.234375,-7.180755781458288,22
64,27542,31.640625,-7.180755781458288,23
64,27543,33.046875,-7.180755781458288,28
64,27544,34.453125,-7.180755781458288,48
64,27545,35.859375,-7.180755781458288,27
64,27546,37.265625,-7.180755781458288,28
64,27547,38.671875,-7.180755781458288,20
64,27548,40.078125,-7.180755781458288,73
64,27549,41.484375,-7.180755781458288,54
64,27550,42.890625,-7.180755781458288,22
64,27551,44.296875,-7.180755781458288,41
64,27552,45.703125,-7.180755781458288,74
64,27553,47.109375,-7.180755781458288,57
64,27554,48.515625,-7.180755781458288,46
64,27555,49.921875,-7.180755781458288,63
64,27556,51.328125,-7.180755781458288,59
64,27557,52.734375,-7.180755781458288,116
64,27558,54.140625,-7.180755781458288,85
64,27559,55.546875,-7.180755781458288,117
64,27560,56.953125,-7.180755781458288,116
64,27561,58.359375,-7.180755781458288,126
64,27562,59.765625,-7.180755781458288,92
64,27563,61.171875,-7.180755781458288,100
64,27564,62.578125,-7.180755781458288,83
64,27565,63.984375,-7.180755781458288,105
64,27566,65.390625,-7.180755781458288,44
64,27567,66.796875,-7.180755781458288,30
64,27568,68.203125,-7.180755781458288,40
64,27569,69.609375,-7.180755781458288,52
64,27570,71.015625,-7.180755781458288,43
64,27571,72.421875,-7.180755781458288,72
64,27572,73.828125,-7.180755781458288,53
64,27573,75.234375,-7.180755781458288,52
64,27574,76.640625,-7.180755781458288,64
64,27575,78.046875,-7.180755781458288,30
64,27576,79.453125,-7.180755781458288,24
64,27577,80.859375,-7.180755781458288,38
64,27578,82.265625,-7.180755781458288,43
64,27579,83.671875,-7.180755781458288,34
64,27580,85.078125,-7.180755781458288,24
64,27581,86.484375,-7.180755781458288,39
64,27582,87.890625,-7.180755781458288,42
64,27583,89.296875,-7.180755781458288,35
64,27584,90.703125,-7.180755781458288,50
64,27585,92.109375,-7.180755781458288,49
64,27586,93.515625,-7.180755781458288,43
64,27587,94.921875,-7.180755781458288,29
64,27588,96.328125,-7.180755781458288,30
64,27589,97.734375,-7.180755781458288,64
64,27590,99.140625,-7.180755781458288,29
64,27591,100.546875,-7.180755781458288,77
64,27592,101.953125,-7.180755781458288,37
64,27593,103.359375,-7.180755781458288,58
64,27594,104.765625,-7.180755781458288,54
64,27595,106.171875,-7.180755781458288,88
64,27596,107.578125,-7.180755781458288,39
64,27597,108.984375,-7.180755781458288,85
64,27598,110.390625,-7.180755781458288,51
64,27599,111.796875,-7.180755781458288,33
64,27600,113.203125,-7.180755781458288,20
64,27601,114.609375,-7.180755781458288,90
64,27602,116.015625,-7.180755781458288,100
64,27603,117.421875,-7.180755781458288,66
64,27604,118.828125,-7.180755781458288,55
64,27605,120.234375,-7.180755781458288,62
64,27606,121.640625,-7.180755781458288,91
64,27607,123.04687499999994,-7.180755781458288,97
64,27608,124.453125,-7.180755781458288,97
64,27609,125.859375,-7.180755781458288,100
64,27610,127.265625,-7.180755781458288,145
64,27611,128.671875,-7.180755781458288,78
64,27612,130.078125,-7.180755781458288,94
64,27613,131.484375,-7.180755781458288,68
64,27614,132.890625,-7.180755781458288,106
64,27615,134.296875,-7.180755781458288,89
64,27616,135.703125,-7.180755781458288,95
64,27617,137.109375,-7.180755781458288,57
64,27618,138.515625,-7.180755781458288,83
64,27619,139.921875,-7.180755781458288,39
64,27620,141.328125,-7.180755781458288,54
64,27621,142.734375,-7.180755781458288,66
64,27622,144.140625,-7.180755781458288,57
64,27623,145.546875,-7.180755781458288,31
64,27624,146.953125,-7.180755781458288,31
64,27625,148.359375,-7.180755781458288,56
64,27626,149.765625,-7.180755781458288,42
64,27627,151.171875,-7.180755781458288,52
64,27628,152.578125,-7.180755781458288,25
64,27629,153.984375,-7.180755781458288,16
64,27630,155.390625,-7.180755781458288,17
64,27631,156.796875,-7.180755781458288,19
64,27632,158.203125,-7.180755781458288,31
64,27633,159.609375,-7.180755781458288,35
64,27634,161.015625,-7.180755781458288,38
64,27635,162.421875,-7.180755781458288,41
64,27636,163.828125,-7.180755781458288,35
64,27637,165.234375,-7.180755781458288,21
64,27638,166.640625,-7.180755781458288,19
64,27639,168.046875,-7.180755781458288,21
64,27640,169.453125,-7.180755781458288,33
64,27641,170.859375,-7.180755781458288,29
64,27642,172.265625,-7.180755781458288,8
64,27643,173.671875,-7.180755781458288,25
64,27644,175.078125,-7.180755781458288,20
64,27645,176.484375,-7.180755781458288,42
64,27646,177.890625,-7.180755781458288,49
64,27647,179.296875,-7.180755781458288,14
64,27648,-179.296875,-7.180755781458288,26
64,27649,-177.890625,-7.180755781458288,29
64,27650,-176.484375,-7.180755781458288,32
64,27651,-175.078125,-7.180755781458288,17
64,27652,-173.671875,-7.180755781458288,8
64,27653,-172.265625,-7.180755781458288,10
64,27654,-170.859375,-7.180755781458288,6
64,27655,-169.453125,-7.180755781458288,8
64,27657,-166.640625,-7.180755781458288,14
64,27658,-165.234375,-7.180755781458288,19
64,27659,-163.828125,-7.180755781458288,7
64,27660,-162.421875,-7.180755781458288,1
64,27661,-161.015625,-7.180755781458288,11
64,27662,-159.609375,-7.180755781458288,4
64,27663,-158.203125,-7.180755781458288,6
64,27666,-153.984375,-7.180755781458288,4
64,27757,-26.015625,-7.180755781458288,3
64,27758,-24.609375,-7.180755781458288,8
64,27759,-23.203125,-7.180755781458288,1
64,27760,-21.796875,-7.180755781458288,10
64,27761,-20.390625,-7.180755781458288,15
64,27763,-17.578125,-7.180755781458288,2
64,27764,-16.171875,-7.180755781458288,9
64,27765,-14.765625,-7.180755781458288,19
64,27766,-13.359375,-7.180755781458288,12
64,27767,-11.953125,-7.180755781458288,4
64,27768,-10.546875,-7.180755781458288,12
64,27769,-9.140625,-7.180755781458288,16
64,27770,-7.734375,-7.180755781458288,7
64,27772,-4.921875,-7.180755781458288,6
64,27773,-3.515625,-7.180755781458288,10
64,27774,-2.109375,-7.180755781458288,24
64,27775,-0.703125,-7.180755781458288,34
64,27776,0.0,-7.782714385390946,45
64,27777,1.40625,-7.782714385390946,29
64,27778,2.8125,-7.782714385390946,36
64,27779,4.21875,-7.782714385390946,22
64,27780,5.625,-7.782714385390946,16
64,27781,7.03125,-7.782714385390946,14
64,27782,8.4375,-7.782714385390946,34
64,27783,9.84375,-7.782714385390946,35
64,27784,11.25,-7.782714385390946,19
64,27785,12.65625,-7.782714385390946,29
64,27786,14.0625,-7.782714385390946,21
64,27787,15.46875,-7.782714385390946,32
64,27788,16.875,-7.782714385390946,35
64,27789,18.28125,-7.782714385390946,32
64,27790,19.6875,-7.782714385390946,44
64,27791,21.09375,-7.782714385390946,25
64,27792,22.5,-7.782714385390946,24
64,27793,23.90625,-7.782714385390946,12
64,27794,25.3125,-7.782714385390946,21
64,27795,26.71875,-7.782714385390946,35
64,27796,28.125,-7.782714385390946,14
64,27797,29.53125,-7.782714385390946,18
64,27798,30.9375,-7.782714385390946,33
64,27799,32.34375,-7.782714385390946,56
64,27800,33.75,-7.782714385390946,18
64,27801,35.15625,-7.782714385390946,31
64,27802,36.5625,-7.782714385390946,17
64,27803,37.96875,-7.782714385390946,31
64,27804,39.375,-7.782714385390946,55
64,27805,40.78125,-7.782714385390946,47
64,27806,42.1875,-7.782714385390946,54
64,27807,43.59375,-7.782714385390946,54
64,27808,45.0,-7.782714385390946,99
64,27809,46.40625,-7.782714385390946,80
64,27810,47.8125,-7.782714385390946,66
64,27811,49.21875,-7.782714385390946,79
64,27812,50.625,-7.782714385390946,60
64,27813,52.03125,-7.782714385390946,121
64,27814,53.4375,-7.782714385390946,126
64,27815,54.84375,-7.782714385390946,144
64,27816,56.25,-7.782714385390946,82
64,27817,57.65625,-7.782714385390946,86
64,27818,59.0625,-7.782714385390946,71
64,27819,60.46875,-7.782714385390946,56
64,27820,61.875,-7.782714385390946,111
64,27821,63.28125,-7.782714385390946,107
64,27822,64.6875,-7.782714385390946,44
64,27823,66.09375,-7.782714385390946,64
64,27824,67.5,-7.782714385390946,60
64,27825,68.90625,-7.782714385390946,48
64,27826,70.3125,-7.782714385390946,43
64,27827,71.71875,-7.782714385390946,61
64,27828,73.125,-7.782714385390946,68
64,27829,74.53125,-7.782714385390946,25
64,27830,75.9375,-7.782714385390946,80
64,27831,77.34375,-7.782714385390946,37
64,27832,78.75,-7.782714385390946,14
64,27833,80.15625,-7.782714385390946,17
64,27834,81.5625,-7.782714385390946,27
64,27835,82.96875,-7.782714385390946,20
64,27836,84.375,-7.782714385390946,30
64,27837,85.78125,-7.782714385390946,24
64,27838,87.1875,-7.782714385390946,43
64,27839,88.59375,-7.782714385390946,35
64,27840,90.0,-7.782714385390946,36
64,27841,91.40625,-7.782714385390946,44
64,27842,92.8125,-7.782714385390946,49
64,27843,94.21875,-7.782714385390946,42
64,27844,95.625,-7.782714385390946,56
64,27845,97.03125,-7.782714385390946,38
64,27846,98.4375,-7.782714385390946,55
64,27847,99.84375,-7.782714385390946,59
64,27848,101.25,-7.782714385390946,34
64,27849,102.65625,-7.782714385390946,64
64,27850,104.0625,-7.782714385390946,65
64,27851,105.46875,-7.782714385390946,52
64,27852,106.875,-7.782714385390946,42
64,27853,108.28125,-7.782714385390946,71
64,27854,109.6875,-7.782714385390946,69
64,27855,111.09375,-7.782714385390946,63
64,27856,112.5,-7.782714385390946,30
64,27857,113.90625,-7.782714385390946,58
64,27858,115.3125,-7.782714385390946,87
64,27859,116.71875,-7.782714385390946,145
64,27860,118.125,-7.782714385390946,48
64,27861,119.53125,-7.782714385390946,69
64,27862,120.9375,-7.782714385390946,79
64,27863,122.34375,-7.782714385390946,150
64,27864,123.75,-7.782714385390946,129
64,27865,125.15625,-7.782714385390946,116
64,27866,126.5625,-7.782714385390946,100
64,27867,127.96875,-7.782714385390946,87
64,27868,129.375,-7.782714385390946,110
64,27869,130.78125,-7.782714385390946,122
64,27870,132.1875,-7.782714385390946,97
64,27871,133.59375,-7.782714385390946,144
64,27872,135.0,-7.782714385390946,80
64,27873,136.40625,-7.782714385390946,45
64,27874,137.8125,-7.782714385390946,91
64,27875,139.21875,-7.782714385390946,103
64,27876,140.625,-7.782714385390946,69
64,27877,142.03125,-7.782714385390946,35
64,27878,143.4375,-7.782714385390946,39
64,27879,144.84375,-7.782714385390946,33
64,27880,146.25,-7.782714385390946,46
64,27881,147.65625,-7.782714385390946,48
64,27882,149.0625,-7.782714385390946,31
64,27883,150.46875,-7.782714385390946,39
64,27884,151.875,-7.782714385390946,49
64,27885,153.28125,-7.782714385390946,31
64,27886,154.6875,-7.782714385390946,44
64,27887,156.09375,-7.782714385390946,14
64,27888,157.5,-7.782714385390946,24
64,27889,158.90625,-7.782714385390946,18
64,27890,160.3125,-7.782714385390946,30
64,27891,161.71875,-7.782714385390946,4
64,27892,163.125,-7.782714385390946,26
64,27893,164.53125,-7.782714385390946,35
64,27894,165.9375,-7.782714385390946,45
64,27895,167.34375,-7.782714385390946,33
64,27896,168.75,-7.782714385390946,28
64,27897,170.15625,-7.782714385390946,4
64,27898,171.5625,-7.782714385390946,42
64,27899,172.96875,-7.782714385390946,21
64,27900,174.375,-7.782714385390946,31
64,27901,175.78125,-7.782714385390946,41
64,27902,177.1875,-7.782714385390946,31
64,27903,178.59375,-7.782714385390946,47
64,27904,-180.0,-7.782714385390946,29
64,27905,-178.59375,-7.782714385390946,38
64,27906,-177.1875,-7.782714385390946,54
64,27907,-175.78125,-7.782714385390946,35
64,27908,-174.375,-7.782714385390946,10
64,27909,-172.96875,-7.782714385390946,3
64,27910,-171.5625,-7.782714385390946,20
64,27911,-170.15625,-7.782714385390946,7
64,27912,-168.75,-7.782714385390946,16
64,27913,-167.34375,-7.782714385390946,9
64,27914,-165.9375,-7.782714385390946,21
64,27915,-164.53125,-7.782714385390946,10
64,27917,-161.71875,-7.782714385390946,16
64,27918,-160.3125,-7.782714385390946,2
64,27919,-158.90625,-7.782714385390946,1
64,28012,-28.125,-7.782714385390946,6
64,28013,-26.71875,-7.782714385390946,1
64,28014,-25.3125,-7.782714385390946,5
64,28015,-23.90625,-7.782714385390946,5
64,28017,-21.09375,-7.782714385390946,6
64,28018,-19.6875,-7.782714385390946,16
64,28019,-18.28125,-7.782714385390946,9
64,28020,-16.875,-7.782714385390946,9
64,28021,-15.46875,-7.782714385390946,20
64,28022,-14.0625,-7.782714385390946,11
64,28023,-12.65625,-7.782714385390946,14
64,28024,-11.25,-7.782714385390946,6
64,28025,-9.84375,-7.782714385390946,16
64,28026,-8.4375,-7.782714385390946,12
64,28027,-7.03125,-7.782714385390946,11
64,28028,-5.625,-7.782714385390946,12
64,28029,-4.21875,-7.782714385390946,24
64,28030,-2.8125,-7.782714385390946,32
64,28031,-1.40625,-7.782714385390946,24
64,28032,0.703125,-8.385538647081319,19
64,28033,2.109375,-8.385538647081319,24
64,28034,3.515625,-8.385538647081319,17
64,28035,4.921875,-8.385538647081319,11
64,28036,6.328125,-8.385538647081319,21
64,28037,7.734375,-8.385538647081319,19
64,28038,9.140625,-8.385538647081319,17
64,28039,10.546875,-8.385538647081319,19
64,28040,11.953125,-8.385538647081319,1
64,28041,13.359375,-8.385538647081319,17
64,28042,14.765625,-8.385538647081319,14
64,28043,16.171875,-8.385538647081319,37
64,28044,17.578125,-8.385538647081319,42
64,28045,18.984375,-8.385538647081319,29
64,28046,20.390625,-8.385538647081319,24
64,28047,21.796875,-8.385538647081319,46
64,28048,23.203125,-8.385538647081319,29
64,28049,24.609375,-8.385538647081319,15
64,28050,26.015625,-8.385538647081319,23
64,28051,27.421875,-8.385538647081319,21
64,28052,28.828125,-8.385538647081319,28
64,28053,30.234375,-8.385538647081319,44
64,28054,31.640625,-8.385538647081319,32
64,28055,33.046875,-8.385538647081319,49
64,28056,34.453125,-8.385538647081319,16
64,28057,35.859375,-8.385538647081319,63
64,28058,37.265625,-8.385538647081319,23
64,28059,38.671875,-8.385538647081319,42
64,28060,40.078125,-8.385538647081319,58
64,28061,41.484375,-8.385538647081319,117
64,28062,42.890625,-8.385538647081319,96
64,28063,44.296875,-8.385538647081319,78
64,28064,45.703125,-8.385538647081319,39
64,28065,47.109375,-8.385538647081319,68
64,28066,48.515625,-8.385538647081319,65
64,28067,49.921875,-8.385538647081319,134
64,28068,51.328125,-8.385538647081319,106
64,28069,52.734375,-8.385538647081319,70
64,28070,54.140625,-8.385538647081319,83
64,28071,55.546875,-8.385538647081319,105
64,28072,56.953125,-8.385538647081319,36
64,28073,58.359375,-8.385538647081319,65
64,28074,59.765625,-8.385538647081319,78
64,28075,61.171875,-8.385538647081319,45
64,28076,62.578125,-8.385538647081319,101
64,28077,63.984375,-8.385538647081319,102
64,28078,65.390625,-8.385538647081319,109
64,28079,66.796875,-8.385538647081319,78
64,28080,68.203125,-8.385538647081319,48
64,28081,69.609375,-8.385538647081319,65
64,28082,71.015625,-8.385538647081319,88
64,28083,72.421875,-8.385538647081319,68
64,28084,73.828125,-8.385538647081319,66
64,28085,75.234375,-8.385538647081319,65
64,28086,76.640625,-8.385538647081319,84
64,28087,78.046875,-8.385538647081319,32
64,28088,79.453125,-8.385538647081319,25
64,28089,80.859375,-8.385538647081319,35
64,28090,82.265625,-8.385538647081319,60
64,28091,83.671875,-8.385538647081319,54
64,28092,85.078125,-8.385538647081319,29
64,28093,86.484375,-8.385538647081319,23
64,28094,87.890625,-8.385538647081319,48
64,28095,89.296875,-8.385538647081319,33
64,28096,90.703125,-8.385538647081319,87
64,28097,92.109375,-8.385538647081319,60
64,28098,93.515625,-8.385538647081319,41
64,28099,94.921875,-8.385538647081319,63
64,28100,96.328125,-8.385538647081319,69
64,28101,97.734375,-8.385538647081319,94
64,28102,99.140625,-8.385538647081319,42
64,28103,100.546875,-8.385538647081319,52
64,28104,101.953125,-8.385538647081319,48
64,28105,103.359375,-8.385538647081319,66
64,28106,104.765625,-8.385538647081319,39
64,28107,106.171875,-8.385538647081319,64
64,28108,107.578125,-8.385538647081319,31
64,28109,108.984375,-8.385538647081319,60
64,28110,110.390625,-8.385538647081319,33
64,28111,111.796875,-8.385538647081319,48
64,28112,113.203125,-8.385538647081319,68
64,28113,114.609375,-8.385538647081319,60
64,28114,116.015625,-8.385538647081319,119
64,28115,117.421875,-8.385538647081319,136
64,28116,118.828125,-8.385538647081319,58
64,28117,120.234375,-8.385538647081319,69
64,28118,121.640625,-8.385538647081319,75
64,28119,123.04687499999994,-8.385538647081319,79
64,28120,124.453125,-8.385538647081319,119
64,28121,125.859375,-8.385538647081319,100
64,28122,127.265625,-8.385538647081319,125
64,28123,128.671875,-8.385538647081319,93
64,28124,130.078125,-8.385538647081319,108
64,28125,131.484375,-8.385538647081319,146
64,28126,132.890625,-8.385538647081319,151
64,28127,134.296875,-8.385538647081319,133
64,28128,135.703125,-8.385538647081319,81
64,28129,137.109375,-8.385538647081319,77
64,28130,138.515625,-8.385538647081319,88
64,28131,139.921875,-8.385538647081319,48
64,28132,141.328125,-8.385538647081319,62
64,28133,142.734375,-8.385538647081319,34
64,28134,144.140625,-8.385538647081319,37
64,28135,145.546875,-8.385538647081319,27
64,28136,146.953125,-8.385538647081319,32
64,28137,148.359375,-8.385538647081319,37
64,28138,149.765625,-8.385538647081319,61
64,28139,151.171875,-8.385538647081319,56
64,28140,152.578125,-8.385538647081319,31
64,28141,153.984375,-8.385538647081319,57
64,28142,155.390625,-8.385538647081319,55
64,28143,156.796875,-8.385538647081319,11
64,28144,158.203125,-8.385538647081319,25
64,28145,159.609375,-8.385538647081319,16
64,28146,161.015625,-8.385538647081319,4
64,28147,162.421875,-8.385538647081319,34
64,28148,163.828125,-8.385538647081319,25
64,28149,165.234375,-8.385538647081319,27
64,28150,166.640625,-8.385538647081319,20
64,28151,168.046875,-8.385538647081319,24
64,28152,169.453125,-8.385538647081319,20
64,28153,170.859375,-8.385538647081319,33
64,28154,172.265625,-8.385538647081319,23
64,28155,173.671875,-8.385538647081319,17
64,28156,175.078125,-8.385538647081319,29
64,28157,176.484375,-8.385538647081319,70
64,28158,177.890625,-8.385538647081319,26
64,28159,179.296875,-8.385538647081319,33
64,28160,-179.296875,-8.385538647081319,18
64,28161,-177.890625,-8.385538647081319,20
64,28162,-176.484375,-8.385538647081319,27
64,28163,-175.078125,-8.385538647081319,41
64,28164,-173.671875,-8.385538647081319,8
64,28165,-172.265625,-8.385538647081319,7
64,28167,-169.453125,-8.385538647081319,15
64,28168,-168.046875,-8.385538647081319,10
64,28169,-166.640625,-8.385538647081319,3
64,28170,-165.234375,-8.385538647081319,6
64,28172,-162.421875,-8.385538647081319,17
64,28173,-161.015625,-8.385538647081319,5
64,28174,-159.609375,-8.385538647081319,7
64,28175,-158.203125,-8.385538647081319,4
64,28176,-156.796875,-8.385538647081319,4
64,28269,-26.015625,-8.385538647081319,1
64,28270,-24.609375,-8.385538647081319,3
64,28271,-23.203125,-8.385538647081319,1
64,28272,-21.796875,-8.385538647081319,8
64,28273,-20.390625,-8.385538647081319,7
64,28274,-18.984375,-8.385538647081319,18
64,28275,-17.578125,-8.385538647081319,20
64,28276,-16.171875,-8.385538647081319,11
64,28277,-14.765625,-8.385538647081319,7
64,28278,-13.359375,-8.385538647081319,12
64,28279,-11.953125,-8.385538647081319,11
64,28280,-10.546875,-8.385538647081319,22
64,28281,-9.140625,-8.385538647081319,13
64,28282,-7.734375,-8.385538647081319,11
64,28284,-4.921875,-8.385538647081319,1
64,28285,-3.515625,-8.385538647081319,12
64,28286,-2.109375,-8.385538647081319,26
64,28287,-0.703125,-8.385538647081319,54
64,28288,0.0,-8.989299345162806,30
64,28289,1.40625,-8.989299345162806,4
64,28290,2.8125,-8.989299345162806,35
64,28291,4.21875,-8.989299345162806,3
64,28292,5.625,-8.989299345162806,28
64,28293,7.03125,-8.989299345162806,8
64,28294,8.4375,-8.989299345162806,8
64,28295,9.84375,-8.989299345162806,17
64,28296,11.25,-8.989299345162806,38
64,28297,12.65625,-8.989299345162806,20
64,28298,14.0625,-8.989299345162806,17
64,28299,15.46875,-8.989299345162806,42
64,28300,16.875,-8.989299345162806,37
64,28301,18.28125,-8.989299345162806,9
64,28302,19.6875,-8.989299345162806,39
64,28303,21.09375,-8.989299345162806,36
64,28304,22.5,-8.989299345162806,34
64,28305,23.90625,-8.989299345162806,19
64,28306,25.3125,-8.989299345162806,29
64,28307,26.71875,-8.989299345162806,20
64,28308,28.125,-8.989299345162806,32
64,28309,29.53125,-8.989299345162806,28
64,28310,30.9375,-8.989299345162806,41
64,28311,32.34375,-8.989299345162806,37
64,28312,33.75,-8.989299345162806,40
64,28313,35.15625,-8.989299345162806,29
64,28314,36.5625,-8.989299345162806,38
64,28315,37.96875,-8.989299345162806,6
64,28316,39.375,-8.989299345162806,25
64,28317,40.78125,-8.989299345162806,59
64,28318,42.1875,-8.989299345162806,71
64,28319,43.59375,-8.989299345162806,58
64,28320,45.0,-8.989299345162806,16
64,28321,46.40625,-8.989299345162806,87
64,28322,47.8125,-8.989299345162806,36
64,28323,49.21875,-8.989299345162806,90
64,28324,50.625,-8.989299345162806,115
64,28325,52.03125,-8.989299345162806,129
64,28326,53.4375,-8.989299345162806,95
64,28327,54.84375,-8.989299345162806,124
64,28328,56.25,-8.989299345162806,49
64,28329,57.65625,-8.989299345162806,72
64,28330,59.0625,-8.989299345162806,72
64,28331,60.46875,-8.989299345162806,119
64,28332,61.875,-8.989299345162806,48
64,28333,63.28125,-8.989299345162806,74
64,28334,64.6875,-8.989299345162806,75
64,28335,66.09375,-8.989299345162806,67
64,28336,67.5,-8.989299345162806,28
64,28337,68.90625,-8.989299345162806,61
64,28338,70.3125,-8.989299345162806,46
64,28339,71.71875,-8.989299345162806,56
64,28340,73.125,-8.989299345162806,62
64,28341,74.53125,-8.989299345162806,38
64,28342,75.9375,-8.989299345162806,60
64,28343,77.34375,-8.989299345162806,35
64,28344,78.75,-8.989299345162806,40
64,28345,80.15625,-8.989299345162806,34
64,28346,81.5625,-8.989299345162806,61
64,28347,82.96875,-8.989299345162806,42
64,28348,84.375,-8.989299345162806,42
64,28349,85.78125,-8.989299345162806,30
64,28350,87.1875,-8.989299345162806,22
64,28351,88.59375,-8.989299345162806,24
64,28352,90.0,-8.989299345162806,17
64,28353,91.40625,-8.989299345162806,48
64,28354,92.8125,-8.989299345162806,53
64,28355,94.21875,-8.989299345162806,27
64,28356,95.625,-8.989299345162806,39
64,28357,97.03125,-8.989299345162806,86
64,28358,98.4375,-8.989299345162806,79
64,28359,99.84375,-8.989299345162806,58
64,28360,101.25,-8.989299345162806,38
64,28361,102.65625,-8.989299345162806,32
64,28362,104.0625,-8.989299345162806,51
64,28363,105.46875,-8.989299345162806,46
64,28364,106.875,-8.989299345162806,61
64,28365,108.28125,-8.989299345162806,45
64,28366,109.6875,-8.989299345162806,30
64,28367,111.09375,-8.989299345162806,27
64,28368,112.5,-8.989299345162806,51
64,28369,113.90625,-8.989299345162806,44
64,28370,115.3125,-8.989299345162806,108
64,28371,116.71875,-8.989299345162806,63
64,28372,118.125,-8.989299345162806,53
64,28373,119.53125,-8.989299345162806,57
64,28374,120.9375,-8.989299345162806,61
64,28375,122.34375,-8.989299345162806,63
64,28376,123.75,-8.989299345162806,99
64,28377,125.15625,-8.989299345162806,83
64,28378,126.5625,-8.989299345162806,105
64,28379,127.96875,-8.989299345162806,127
64,28380,129.375,-8.989299345162806,94
64,28381,130.78125,-8.989299345162806,67
64,28382,132.1875,-8.989299345162806,157
64,28383,133.59375,-8.989299345162806,66
64,28384,135.0,-8.989299345162806,95
64,28385,136.40625,-8.989299345162806,54
64,28386,137.8125,-8.989299345162806,112
64,28387,139.21875,-8.989299345162806,41
64,28388,140.625,-8.989299345162806,74
64,28389,142.03125,-8.989299345162806,17
64,28390,143.4375,-8.989299345162806,25
64,28391,144.84375,-8.989299345162806,37
64,28392,146.25,-8.989299345162806,44
64,28393,147.65625,-8.989299345162806,25
64,28394,149.0625,-8.989299345162806,38
64,28395,150.46875,-8.989299345162806,31
64,28396,151.875,-8.989299345162806,15
64,28397,153.28125,-8.989299345162806,33
64,28398,154.6875,-8.989299345162806,25
64,28399,156.09375,-8.989299345162806,15
64,28400,157.5,-8.989299345162806,3
64,28401,158.90625,-8.989299345162806,28
64,28402,160.3125,-8.989299345162806,8
64,28403,161.71875,-8.989299345162806,39
64,28404,163.125,-8.989299345162806,13
64,28405,164.53125,-8.989299345162806,37
64,28406,165.9375,-8.989299345162806,5
64,28407,167.34375,-8.989299345162806,23
64,28408,168.75,-8.989299345162806,9
64,28409,170.15625,-8.989299345162806,53
64,28410,171.5625,-8.989299345162806,18
64,28411,172.96875,-8.989299345162806,19
64,28412,174.375,-8.989299345162806,22
64,28413,175.78125,-8.989299345162806,36
64,28414,177.1875,-8.989299345162806,19
64,28415,178.59375,-8.989299345162806,26
64,28416,-180.0,-8.989299345162806,11
64,28417,-178.59375,-8.989299345162806,19
64,28418,-177.1875,-8.989299345162806,24
64,28419,-175.78125,-8.989299345162806,20
64,28420,-174.375,-8.989299345162806,26
64,28421,-172.96875,-8.989299345162806,15
64,28422,-171.5625,-8.989299345162806,11
64,28423,-170.15625,-8.989299345162806,7
64,28424,-168.75,-8.989299345162806,18
64,28425,-167.34375,-8.989299345162806,3
64,28426,-165.9375,-8.989299345162806,5
64,28427,-164.53125,-8.989299345162806,2
64,28428,-163.125,-8.989299345162806,13
64,28430,-160.3125,-8.989299345162806,7
64,28431,-158.90625,-8.989299345162806,1
64,28432,-157.5,-8.989299345162806,11
64,28433,-156.09375,-8.989299345162806,4
64,28524,-28.125,-8.989299345162806,3
64,28525,-26.71875,-8.989299345162806,3
64,28528,-22.5,-8.989299345162806,3
64,28530,-19.6875,-8.989299345162806,1
64,28532,-16.875,-8.989299345162806,24
64,28533,-15.46875,-8.989299345162806,6
64,28534,-14.0625,-8.989299345162806,25
64,28535,-12.65625,-8.989299345162806,5
64,28536,-11.25,-8.989299345162806,10
64,28537,-9.84375,-8.989299345162806,1
64,28538,-8.4375,-8.989299345162806,12
64,28539,-7.03125,-8.989299345162806,1
64,28540,-5.625,-8.989299345162806,12
64,28541,-4.21875,-8.989299345162806,10
64,28542,-2.8125,-8.989299345162806,36
64,28543,-1.40625,-8.989299345162806,16
64,28544,0.703125,-9.594068226860458,30
64,28545,2.109375,-9.594068226860458,27
64,28546,3.515625,-9.594068226860458,24
64,28547,4.921875,-9.594068226860458,17
64,28548,6.328125,-9.594068226860458,14
64,28549,7.734375,-9.594068226860458,5
64,28550,9.140625,-9.594068226860458,27
64,28551,10.546875,-9.594068226860458,18
64,28552,11.953125,-9.594068226860458,4
64,28553,13.359375,-9.594068226860458,11
64,28554,14.765625,-9.594068226860458,16
64,28555,16.171875,-9.594068226860458,17
64,28556,17.578125,-9.594068226860458,25
64,28557,18.984375,-9.594068226860458,32
64,28558,20.390625,-9.594068226860458,35
64,28559,21.796875,-9.594068226860458,25
64,28560,23.203125,-9.594068226860458,41
64,28561,24.609375,-9.594068226860458,25
64,28562,26.015625,-9.594068226860458,15
64,28563,27.421875,-9.594068226860458,23
64,28564,28.828125,-9.594068226860458,14
64,28565,30.234375,-9.594068226860458,47
64,28566,31.640625,-9.594068226860458,24
64,28567,33.046875,-9.594068226860458,42
64,28568,34.453125,-9.594068226860458,7
64,28569,35.859375,-9.594068226860458,48
64,28570,37.265625,-9.594068226860458,49
64,28571,38.671875,-9.594068226860458,12
64,28572,40.078125,-9.594068226860458,32
64,28573,41.484375,-9.594068226860458,38
64,28574,42.890625,-9.594068226860458,41
64,28575,44.296875,-9.594068226860458,82
64,28576,45.703125,-9.594068226860458,25
64,28577,47.109375,-9.594068226860458,56
64,28578,48.515625,-9.594068226860458,32
64,28579,49.921875,-9.594068226860458,61
64,28580,51.328125,-9.594068226860458,85
64,28581,52.734375,-9.594068226860458,70
64,28582,54.140625,-9.594068226860458,81
64,28583,55.546875,-9.594068226860458,58
64,28584,56.953125,-9.594068226860458,119
64,28585,58.359375,-9.594068226860458,65
64,28586,59.765625,-9.594068226860458,74
64,28587,61.171875,-9.594068226860458,77
64,28588,62.578125,-9.594068226860458,46
64,28589,63.984375,-9.594068226860458,71
64,28590,65.390625,-9.594068226860458,64
64,28591,66.796875,-9.594068226860458,30
64,28592,68.203125,-9.594068226860458,43
64,28593,69.609375,-9.594068226860458,53
64,28594,71.015625,-9.594068226860458,44
64,28595,72.421875,-9.594068226860458,34
64,28596,73.828125,-9.594068226860458,69
64,28597,75.234375,-9.594068226860458,32
64,28598,76.640625,-9.594068226860458,55
64,28599,78.046875,-9.594068226860458,51
64,28600,79.453125,-9.594068226860458,40
64,28601,80.859375,-9.594068226860458,40
64,28602,82.265625,-9.594068226860458,20
64,28603,83.671875,-9.594068226860458,51
64,28604,85.078125,-9.594068226860458,25
64,28605,86.484375,-9.594068226860458,24
64,28606,87.890625,-9.594068226860458,24
64,28607,89.296875,-9.594068226860458,39
64,28608,90.703125,-9.594068226860458,14
64,28609,92.109375,-9.594068226860458,38
64,28610,93.515625,-9.594068226860458,49
64,28611,94.921875,-9.594068226860458,23
64,28612,96.328125,-9.594068226860458,29
64,28613,97.734375,-9.594068226860458,28
64,28614,99.140625,-9.594068226860458,45
64,28615,100.546875,-9.594068226860458,45
64,28616,101.953125,-9.594068226860458,54
64,28617,103.359375,-9.594068226860458,39
64,28618,104.765625,-9.594068226860458,18
64,28619,106.171875,-9.594068226860458,30
64,28620,107.578125,-9.594068226860458,40
64,28621,108.984375,-9.594068226860458,20
64,28622,110.390625,-9.594068226860458,38
64,28623,111.796875,-9.594068226860458,28
64,28624,113.203125,-9.594068226860458,75
64,28625,114.609375,-9.594068226860458,48
64,28626,116.015625,-9.594068226860458,79
64,28627,117.421875,-9.594068226860458,59
64,28628,118.828125,-9.594068226860458,60
64,28629,120.234375,-9.594068226860458,50
64,28630,121.640625,-9.594068226860458,15
64,28631,123.04687499999994,-9.594068226860458,60
64,28632,124.453125,-9.594068226860458,83
64,28633,125.859375,-9.594068226860458,74
64,28634,127.265625,-9.594068226860458,89
64,28635,128.671875,-9.594068226860458,149
64,28636,130.078125,-9.594068226860458,95
64,28637,131.484375,-9.594068226860458,66
64,28638,132.890625,-9.594068226860458,64
64,28639,134.296875,-9.594068226860458,78
64,28640,135.703125,-9.594068226860458,72
64,28641,137.109375,-9.594068226860458,48
64,28642,138.515625,-9.594068226860458,36
64,28643,139.921875,-9.594068226860458,78
64,28644,141.328125,-9.594068226860458,26
64,28645,142.734375,-9.594068226860458,38
64,28646,144.140625,-9.594068226860458,32
64,28647,145.546875,-9.594068226860458,30
64,28648,146.953125,-9.594068226860458,15
64,28649,148.359375,-9.594068226860458,51
64,28650,149.765625,-9.594068226860458,10
64,28651,151.171875,-9.594068226860458,39
64,28652,152.578125,-9.594068226860458,31
64,28653,153.984375,-9.594068226860458,27
64,28654,155.390625,-9.594068226860458,3
64,28655,156.796875,-9.594068226860458,14
64,28656,158.203125,-9.594068226860458,24
64,28657,159.609375,-9.594068226860458,15
64,28658,161.015625,-9.594068226860458,26
64,28659,162.421875,-9.594068226860458,12
64,28660,163.828125,-9.594068226860458,26
64,28661,165.234375,-9.594068226860458,33
64,28662,166.640625,-9.594068226860458,32
64,28663,168.046875,-9.594068226860458,13
64,28664,169.453125,-9.594068226860458,32
64,28665,170.859375,-9.594068226860458,4
64,28666,172.265625,-9.594068226860458,25
64,28667,173.671875,-9.594068226860458,14
64,28668,175.078125,-9.594068226860458,37
64,28669,176.484375,-9.594068226860458,10
64,28670,177.890625,-9.594068226860458,14
64,28671,179.296875,-9.594068226860458,11
64,28672,-179.296875,-9.594068226860458,6
64,28673,-177.890625,-9.594068226860458,1
64,28674,-176.484375,-9.594068226860458,21
64,28675,-175.078125,-9.594068226860458,1
64,28676,-173.671875,-9.594068226860458,25
64,28677,-172.265625,-9.594068226860458,3
64,28678,-170.859375,-9.594068226860458,13
64,28680,-168.046875,-9.594068226860458,8
64,28681,-166.640625,-9.594068226860458,10
64,28683,-163.828125,-9.594068226860458,16
64,28684,-162.421875,-9.594068226860458,2
64,28685,-161.015625,-9.594068226860458,6
64,28686,-159.609375,-9.594068226860458,12
64,28687,-158.203125,-9.594068226860458,3
64,28689,-155.390625,-9.594068226860458,2
64,28784,-21.796875,-9.594068226860458,2
64,28787,-17.578125,-9.594068226860458,3
64,28788,-16.171875,-9.594068226860458,23
64,28789,-14.765625,-9.594068226860458,21
64,28790,-13.359375,-9.594068226860458,3
64,28791,-11.953125,-9.594068226860458,2
64,28792,-10.546875,-9.594068226860458,3
64,28793,-9.140625,-9.594068226860458,6
64,28794,-7.734375,-9.594068226860458,7
64,28795,-6.328125,-9.594068226860458,4
64,28797,-3.515625,-9.594068226860458,16
64,28798,-2.109375,-9.594068226860458,6
64,28799,-0.703125,-9.594068226860458,12
64,28800,0.0,-10.199918091116302,16
64,28801,1.40625,-10.199918091116302,46
64,28802,2.8125,-10.199918091116302,22
64,28803,4.21875,-10.199918091116302,17
64,28804,5.625,-10.199918091116302,38
64,28805,7.03125,-10.199918091116302,4
64,28806,8.4375,-10.199918091116302,25
64,28807,9.84375,-10.199918091116302,11
64,28808,11.25,-10.199918091116302,11
64,28809,12.65625,-10.199918091116302,5
64,28810,14.0625,-10.199918091116302,11
64,28811,15.46875,-10.199918091116302,18
64,28812,16.875,-10.199918091116302,19
64,28813,18.28125,-10.199918091116302,26
64,28814,19.6875,-10.199918091116302,29
64,28815,21.09375,-10.199918091116302,41
64,28816,22.5,-10.199918091116302,19
64,28817,23.90625,-10.199918091116302,23
64,28818,25.3125,-10.199918091116302,16
64,28819,26.71875,-10.199918091116302,16
64,28820,28.125,-10.199918091116302,23
64,28821,29.53125,-10.199918091116302,48
64,28822,30.9375,-10.199918091116302,16
64,28823,32.34375,-10.199918091116302,21
64,28824,33.75,-10.199918091116302,32
64,28825,35.15625,-10.199918091116302,22
64,28826,36.5625,-10.199918091116302,50
64,28827,37.96875,-10.199918091116302,66
64,28828,39.375,-10.199918091116302,42
64,28829,40.78125,-10.199918091116302,46
64,28830,42.1875,-10.199918091116302,46
64,28831,43.59375,-10.199918091116302,59
64,28832,45.0,-10.199918091116302,54
64,28833,46.40625,-10.199918091116302,31
64,28834,47.8125,-10.199918091116302,32
64,28835,49.21875,-10.199918091116302,24
64,28836,50.625,-10.199918091116302,50
64,28837,52.03125,-10.199918091116302,67
64,28838,53.4375,-10.199918091116302,68
64,28839,54.84375,-10.199918091116302,53
64,28840,56.25,-10.199918091116302,74
64,28841,57.65625,-10.199918091116302,54
64,28842,59.0625,-10.199918091116302,44
64,28843,60.46875,-10.199918091116302,56
64,28844,61.875,-10.199918091116302,46
64,28845,63.28125,-10.199918091116302,22
64,28846,64.6875,-10.199918091116302,60
64,28847,66.09375,-10.199918091116302,68
64,28848,67.5,-10.199918091116302,48
64,28849,68.90625,-10.199918091116302,42
64,28850,70.3125,-10.199918091116302,43
64,28851,71.71875,-10.199918091116302,33
64,28852,73.125,-10.199918091116302,37
64,28853,74.53125,-10.199918091116302,61
64,28854,75.9375,-10.199918091116302,55
64,28855,77.34375,-10.199918091116302,39
64,28856,78.75,-10.199918091116302,60
64,28857,80.15625,-10.199918091116302,34
64,28858,81.5625,-10.199918091116302,40
64,28859,82.96875,-10.199918091116302,14
64,28860,84.375,-10.199918091116302,57
64,28861,85.78125,-10.199918091116302,53
64,28862,87.1875,-10.199918091116302,43
64,28863,88.59375,-10.199918091116302,26
64,28864,90.0,-10.199918091116302,21
64,28865,91.40625,-10.199918091116302,29
64,28866,92.8125,-10.199918091116302,39
64,28867,94.21875,-10.199918091116302,51
64,28868,95.625,-10.199918091116302,18
64,28869,97.03125,-10.199918091116302,18
64,28870,98.4375,-10.199918091116302,25
64,28871,99.84375,-10.199918091116302,59
64,28872,101.25,-10.199918091116302,28
64,28873,102.65625,-10.199918091116302,66
64,28874,104.0625,-10.199918091116302,23
64,28875,105.46875,-10.199918091116302,41
64,28876,106.875,-10.199918091116302,31
64,28877,108.28125,-10.199918091116302,26
64,28878,109.6875,-10.199918091116302,40
64,28879,111.09375,-10.199918091116302,29
64,28880,112.5,-10.199918091116302,69
64,28881,113.90625,-10.199918091116302,83
64,28882,115.3125,-10.199918091116302,47
64,28883,116.71875,-10.199918091116302,72
64,28884,118.125,-10.199918091116302,101
64,28885,119.53125,-10.199918091116302,66
64,28886,120.9375,-10.199918091116302,53
64,28887,122.34375,-10.199918091116302,62
64,28888,123.75,-10.199918091116302,40
64,28889,125.15625,-10.199918091116302,74
64,28890,126.5625,-10.199918091116302,59
64,28891,127.96875,-10.199918091116302,53
64,28892,129.375,-10.199918091116302,92
64,28893,130.78125,-10.199918091116302,88
64,28894,132.1875,-10.199918091116302,96
64,28895,133.59375,-10.199918091116302,50
64,28896,135.0,-10.199918091116302,95
64,28897,136.40625,-10.199918091116302,90
64,28898,137.8125,-10.199918091116302,103
64,28899,139.21875,-10.199918091116302,72
64,28900,140.625,-10.199918091116302,60
64,28901,142.03125,-10.199918091116302,35
64,28902,143.4375,-10.199918091116302,52
64,28903,144.84375,-10.199918091116302,26
64,28904,146.25,-10.199918091116302,17
64,28905,147.65625,-10.199918091116302,19
64,28906,149.0625,-10.199918091116302,41
64,28907,150.46875,-10.199918091116302,21
64,28908,151.875,-10.199918091116302,54
64,28909,153.28125,-10.199918091116302,21
64,28910,154.6875,-10.199918091116302,19
64,28911,156.09375,-10.199918091116302,16
64,28912,157.5,-10.199918091116302,24
64,28913,158.90625,-10.199918091116302,13
64,28914,160.3125,-10.199918091116302,7
64,28915,161.71875,-10.199918091116302,9
64,28916,163.125,-10.199918091116302,20
64,28917,164.53125,-10.199918091116302,19
64,28918,165.9375,-10.199918091116302,9
64,28919,167.34375,-10.199918091116302,18
64,28920,168.75,-10.199918091116302,30
64,28921,170.15625,-10.199918091116302,12
64,28922,171.5625,-10.199918091116302,31
64,28923,172.96875,-10.199918091116302,5
64,28924,174.375,-10.199918091116302,5
64,28925,175.78125,-10.199918091116302,25
64,28926,177.1875,-10.199918091116302,15
64,28927,178.59375,-10.199918091116302,22
64,28928,-180.0,-10.199918091116302,3
64,28929,-178.59375,-10.199918091116302,18
64,28930,-177.1875,-10.199918091116302,19
64,28931,-175.78125,-10.199918091116302,22
64,28932,-174.375,-10.199918091116302,4
64,28933,-172.96875,-10.199918091116302,25
64,28934,-171.5625,-10.199918091116302,6
64,28935,-170.15625,-10.199918091116302,1
64,28936,-168.75,-10.199918091116302,4
64,28937,-167.34375,-10.199918091116302,2
64,28940,-163.125,-10.199918091116302,4
64,28941,-161.71875,-10.199918091116302,9
64,28942,-160.3125,-10.199918091116302,5
64,28943,-158.90625,-10.199918091116302,1
64,29040,-22.5,-10.199918091116302,7
64,29041,-21.09375,-10.199918091116302,1
64,29043,-18.28125,-10.199918091116302,22
64,29044,-16.875,-10.199918091116302,14
64,29045,-15.46875,-10.199918091116302,4
64,29046,-14.0625,-10.199918091116302,3
64,29047,-12.65625,-10.199918091116302,10
64,29048,-11.25,-10.199918091116302,18
64,29049,-9.84375,-10.199918091116302,10
64,29050,-8.4375,-10.199918091116302,8
64,29051,-7.03125,-10.199918091116302,6
64,29052,-5.625,-10.199918091116302,3
64,29053,-4.21875,-10.199918091116302,7
64,29054,-2.8125,-10.199918091116302,15
64,29055,-1.40625,-10.199918091116302,8
64,29056,0.703125,-10.806922874860348,48
64,29057,2.109375,-10.806922874860348,26
64,29058,3.515625,-10.806922874860348,24
64,29059,4.921875,-10.806922874860348,17
64,29060,6.328125,-10.806922874860348,20
64,29061,7.734375,-10.806922874860348,14
64,29062,9.140625,-10.806922874860348,27
64,29063,10.546875,-10.806922874860348,38
64,29064,11.953125,-10.806922874860348,14
64,29065,13.359375,-10.806922874860348,28
64,29066,14.765625,-10.806922874860348,24
64,29067,16.171875,-10.806922874860348,28
64,29068,17.578125,-10.806922874860348,19
64,29069,18.984375,-10.806922874860348,30
64,29070,20.390625,-10.806922874860348,21
64,29071,21.796875,-10.806922874860348,65
64,29072,23.203125,-10.806922874860348,23
64,29073,24.609375,-10.806922874860348,48
64,29074,26.015625,-10.806922874860348,16
64,29075,27.421875,-10.806922874860348,28
64,29076,28.828125,-10.806922874860348,25
64,29077,30.234375,-10.806922874860348,27
64,29078,31.640625,-10.806922874860348,27
64,29079,33.046875,-10.806922874860348,19
64,29080,34.453125,-10.806922874860348,40
64,29081,35.859375,-10.806922874860348,36
64,29082,37.265625,-10.806922874860348,47
64,29083,38.671875,-10.806922874860348,27
64,29084,40.078125,-10.806922874860348,79
64,29085,41.484375,-10.806922874860348,59
64,29086,42.890625,-10.806922874860348,47
64,29087,44.296875,-10.806922874860348,36
64,29088,45.703125,-10.806922874860348,34
64,29089,47.109375,-10.806922874860348,24
64,29090,48.515625,-10.806922874860348,25
64,29091,49.921875,-10.806922874860348,35
64,29092,51.328125,-10.806922874860348,58
64,29093,52.734375,-10.806922874860348,40
64,29094,54.140625,-10.806922874860348,36
64,29095,55.546875,-10.806922874860348,92
64,29096,56.953125,-10.806922874860348,68
64,29097,58.359375,-10.806922874860348,46
64,29098,59.765625,-10.806922874860348,38
64,29099,61.171875,-10.806922874860348,36
64,29100,62.578125,-10.806922874860348,57
64,29101,63.984375,-10.806922874860348,73
64,29102,65.390625,-10.806922874860348,45
64,29103,66.796875,-10.806922874860348,71
64,29104,68.203125,-10.806922874860348,37
64,29105,69.609375,-10.806922874860348,34
64,29106,71.015625,-10.806922874860348,39
64,29107,72.421875,-10.806922874860348,65
64,29108,73.828125,-10.806922874860348,39
64,29109,75.234375,-10.806922874860348,55
64,29110,76.640625,-10.806922874860348,29
64,29111,78.046875,-10.806922874860348,35
64,29112,79.453125,-10.806922874860348,9
64,29113,80.859375,-10.806922874860348,20
64,29114,82.265625,-10.806922874860348,5
64,29115,83.671875,-10.806922874860348,30
64,29116,85.078125,-10.806922874860348,21
64,29117,86.484375,-10.806922874860348,27
64,29118,87.890625,-10.806922874860348,35
64,29119,89.296875,-10.806922874860348,32
64,29120,90.703125,-10.806922874860348,38
64,29121,92.109375,-10.806922874860348,67
64,29122,93.515625,-10.806922874860348,55
64,29123,94.921875,-10.806922874860348,57
64,29124,96.328125,-10.806922874860348,34
64,29125,97.734375,-10.806922874860348,36
64,29126,99.140625,-10.806922874860348,54
64,29127,100.546875,-10.806922874860348,40
64,29128,101.953125,-10.806922874860348,61
64,29129,103.359375,-10.806922874860348,70
64,29130,104.765625,-10.806922874860348,56
64,29131,106.171875,-10.806922874860348,41
64,29132,107.578125,-10.806922874860348,20
64,29133,108.984375,-10.806922874860348,29
64,29134,110.390625,-10.806922874860348,22
64,29135,111.796875,-10.806922874860348,48
64,29136,113.203125,-10.806922874860348,87
64,29137,114.609375,-10.806922874860348,59
64,29138,116.015625,-10.806922874860348,89
64,29139,117.421875,-10.806922874860348,65
64,29140,118.828125,-10.806922874860348,76
64,29141,120.234375,-10.806922874860348,62
64,29142,121.640625,-10.806922874860348,110
64,29143,123.04687499999994,-10.806922874860348,86
64,29144,124.453125,-10.806922874860348,52
64,29145,125.859375,-10.806922874860348,54
64,29146,127.265625,-10.806922874860348,76
64,29147,128.671875,-10.806922874860348,68
64,29148,130.078125,-10.806922874860348,74
64,29149,131.484375,-10.806922874860348,125
64,29150,132.890625,-10.806922874860348,67
64,29151,134.296875,-10.806922874860348,79
64,29152,135.703125,-10.806922874860348,138
64,29153,137.109375,-10.806922874860348,56
64,29154,138.515625,-10.806922874860348,53
64,29155,139.921875,-10.806922874860348,62
64,29156,141.328125,-10.806922874860348,86
64,29157,142.734375,-10.806922874860348,27
64,29158,144.140625,-10.806922874860348,61
64,29159,145.546875,-10.806922874860348,39
64,29160,146.953125,-10.806922874860348,29
64,29161,148.359375,-10.806922874860348,51
64,29162,149.765625,-10.806922874860348,28
64,29163,151.171875,-10.806922874860348,35
64,29164,152.578125,-10.806922874860348,10
64,29165,153.984375,-10.806922874860348,22
64,29166,155.390625,-10.806922874860348,18
64,29167,156.796875,-10.806922874860348,20
64,29168,158.203125,-10.806922874860348,34
64,29169,159.609375,-10.806922874860348,23
64,29170,161.015625,-10.806922874860348,24
64,29171,162.421875,-10.806922874860348,13
64,29172,163.828125,-10.806922874860348,21
64,29173,165.234375,-10.806922874860348,17
64,29174,166.640625,-10.806922874860348,18
64,29175,168.046875,-10.806922874860348,6
64,29176,169.453125,-10.806922874860348,11
64,29177,170.859375,-10.806922874860348,19
64,29178,172.265625,-10.806922874860348,9
64,29179,173.671875,-10.806922874860348,16
64,29180,175.078125,-10.806922874860348,7
64,29181,176.484375,-10.806922874860348,5
64,29182,177.890625,-10.806922874860348,12
64,29183,179.296875,-10.806922874860348,4
64,29184,-179.296875,-10.806922874860348,5
64,29185,-177.890625,-10.806922874860348,22
64,29186,-176.484375,-10.806922874860348,5
64,29187,-175.078125,-10.806922874860348,15
64,29188,-173.671875,-10.806922874860348,13
64,29189,-172.265625,-10.806922874860348,20
64,29190,-170.859375,-10.806922874860348,12
64,29191,-169.453125,-10.806922874860348,8
64,29192,-168.046875,-10.806922874860348,1
64,29194,-165.234375,-10.806922874860348,1
64,29195,-163.828125,-10.806922874860348,8
64,29196,-162.421875,-10.806922874860348,1
64,29197,-161.015625,-10.806922874860348,4
64,29198,-159.609375,-10.806922874860348,4
64,29296,-21.796875,-10.806922874860348,1
64,29297,-20.390625,-10.806922874860348,6
64,29298,-18.984375,-10.806922874860348,4
64,29299,-17.578125,-10.806922874860348,3
64,29300,-16.171875,-10.806922874860348,4
64,29301,-14.765625,-10.806922874860348,5
64,29302,-13.359375,-10.806922874860348,6
64,29303,-11.953125,-10.806922874860348,14
64,29304,-10.546875,-10.806922874860348,9
64,29305,-9.140625,-10.806922874860348,15
64,29306,-7.734375,-10.806922874860348,18
64,29307,-6.328125,-10.806922874860348,7
64,29309,-3.515625,-10.806922874860348,15
64,29310,-2.109375,-10.806922874860348,5
64,29312,0.0,-11.4151577427305,4
64,29313,1.40625,-11.4151577427305,9
64,29314,2.8125,-11.4151577427305,20
64,29315,4.21875,-11.4151577427305,17
64,29316,5.625,-11.4151577427305,4
64,29317,7.03125,-11.4151577427305,25
64,29318,8.4375,-11.4151577427305,40
64,29319,9.84375,-11.4151577427305,27
64,29320,11.25,-11.4151577427305,8
64,29321,12.65625,-11.4151577427305,18
64,29322,14.0625,-11.4151577427305,19
64,29323,15.46875,-11.4151577427305,18
64,29324,16.875,-11.4151577427305,15
64,29325,18.28125,-11.4151577427305,16
64,29326,19.6875,-11.4151577427305,24
64,29327,21.09375,-11.4151577427305,32
64,29328,22.5,-11.4151577427305,18
64,29329,23.90625,-11.4151577427305,19
64,29330,25.3125,-11.4151577427305,29
64,29331,26.71875,-11.4151577427305,25
64,29332,28.125,-11.4151577427305,8
64,29333,29.53125,-11.4151577427305,16
64,29334,30.9375,-11.4151577427305,19
64,29335,32.34375,-11.4151577427305,26
64,29336,33.75,-11.4151577427305,14
64,29337,35.15625,-11.4151577427305,45
64,29338,36.5625,-11.4151577427305,38
64,29339,37.96875,-11.4151577427305,49
64,29340,39.375,-11.4151577427305,63
64,29341,40.78125,-11.4151577427305,34
64,29342,42.1875,-11.4151577427305,41
64,29343,43.59375,-11.4151577427305,57
64,29344,45.0,-11.4151577427305,32
64,29345,46.40625,-11.4151577427305,45
64,29346,47.8125,-11.4151577427305,25
64,29347,49.21875,-11.4151577427305,9
64,29348,50.625,-11.4151577427305,37
64,29349,52.03125,-11.4151577427305,30
64,29350,53.4375,-11.4151577427305,46
64,29351,54.84375,-11.4151577427305,44
64,29352,56.25,-11.4151577427305,49
64,29353,57.65625,-11.4151577427305,51
64,29354,59.0625,-11.4151577427305,31
64,29355,60.46875,-11.4151577427305,45
64,29356,61.875,-11.4151577427305,75
64,29357,63.28125,-11.4151577427305,44
64,29358,64.6875,-11.4151577427305,57
64,29359,66.09375,-11.4151577427305,29
64,29360,67.5,-11.4151577427305,79
64,29361,68.90625,-11.4151577427305,29
64,29362,70.3125,-11.4151577427305,36
64,29363,71.71875,-11.4151577427305,46
64,29364,73.125,-11.4151577427305,57
64,29365,74.53125,-11.4151577427305,65
64,29366,75.9375,-11.4151577427305,49
64,29367,77.34375,-11.4151577427305,35
64,29368,78.75,-11.4151577427305,29
64,29369,80.15625,-11.4151577427305,31
64,29370,81.5625,-11.4151577427305,24
64,29371,82.96875,-11.4151577427305,18
64,29372,84.375,-11.4151577427305,27
64,29373,85.78125,-11.4151577427305,22
64,29374,87.1875,-11.4151577427305,24
64,29375,88.59375,-11.4151577427305,23
64,29376,90.0,-11.4151577427305,31
64,29377,91.40625,-11.4151577427305,64
64,29378,92.8125,-11.4151577427305,30
64,29379,94.21875,-11.4151577427305,32
64,29380,95.625,-11.4151577427305,26
64,29381,97.03125,-11.4151577427305,25
64,29382,98.4375,-11.4151577427305,33
64,29383,99.84375,-11.4151577427305,58
64,29384,101.25,-11.4151577427305,38
64,29385,102.65625,-11.4151577427305,46
64,29386,104.0625,-11.4151577427305,49
64,29387,105.46875,-11.4151577427305,31
64,29388,106.875,-11.4151577427305,33
64,29389,108.28125,-11.4151577427305,58
64,29390,109.6875,-11.4151577427305,20
64,29391,111.09375,-11.4151577427305,47
64,29392,112.5,-11.4151577427305,25
64,29393,113.90625,-11.4151577427305,51
64,29394,115.3125,-11.4151577427305,69
64,29395,116.71875,-11.4151577427305,91
64,29396,118.125,-11.4151577427305,84
64,29397,119.53125,-11.4151577427305,85
64,29398,120.9375,-11.4151577427305,55
64,29399,122.34375,-11.4151577427305,73
64,29400,123.75,-11.4151577427305,64
64,29401,125.15625,-11.4151577427305,46
64,29402,126.5625,-11.4151577427305,109
64,29403,127.96875,-11.4151577427305,56
64,29404,129.375,-11.4151577427305,121
64,29405,130.78125,-11.4151577427305,82
64,29406,132.1875,-11.4151577427305,96
64,29407,133.59375,-11.4151577427305,53
64,29408,135.0,-11.4151577427305,88
64,29409,136.40625,-11.4151577427305,91
64,29410,137.8125,-11.4151577427305,82
64,29411,139.21875,-11.4151577427305,62
64,29412,140.625,-11.4151577427305,54
64,29413,142.03125,-11.4151577427305,26
64,29414,143.4375,-11.4151577427305,35
64,29415,144.84375,-11.4151577427305,25
64,29416,146.25,-11.4151577427305,20
64,29417,147.65625,-11.4151577427305,29
64,29418,149.0625,-11.4151577427305,30
64,29419,150.46875,-11.4151577427305,11
64,29420,151.875,-11.4151577427305,45
64,29421,153.28125,-11.4151577427305,11
64,29422,154.6875,-11.4151577427305,39
64,29423,156.09375,-11.4151577427305,15
64,29424,157.5,-11.4151577427305,36
64,29425,158.90625,-11.4151577427305,18
64,29426,160.3125,-11.4151577427305,8
64,29427,161.71875,-11.4151577427305,15
64,29428,163.125,-11.4151577427305,8
64,29429,164.53125,-11.4151577427305,26
64,29430,165.9375,-11.4151577427305,3
64,29431,167.34375,-11.4151577427305,12
64,29432,168.75,-11.4151577427305,3
64,29433,170.15625,-11.4151577427305,34
64,29435,172.96875,-11.4151577427305,20
64,29436,174.375,-11.4151577427305,24
64,29437,175.78125,-11.4151577427305,10
64,29439,178.59375,-11.4151577427305,24
64,29440,-180.0,-11.4151577427305,22
64,29441,-178.59375,-11.4151577427305,40
64,29442,-177.1875,-11.4151577427305,13
64,29443,-175.78125,-11.4151577427305,7
64,29444,-174.375,-11.4151577427305,8
64,29445,-172.96875,-11.4151577427305,3
64,29446,-171.5625,-11.4151577427305,9
64,29447,-170.15625,-11.4151577427305,10
64,29450,-165.9375,-11.4151577427305,2
64,29451,-164.53125,-11.4151577427305,7
64,29452,-163.125,-11.4151577427305,1
64,29453,-161.71875,-11.4151577427305,2
64,29454,-160.3125,-11.4151577427305,7
64,29455,-158.90625,-11.4151577427305,6
64,29552,-22.5,-11.4151577427305,6
64,29553,-21.09375,-11.4151577427305,4
64,29554,-19.6875,-11.4151577427305,1
64,29555,-18.28125,-11.4151577427305,3
64,29556,-16.875,-11.4151577427305,2
64,29557,-15.46875,-11.4151577427305,3
64,29558,-14.0625,-11.4151577427305,6
64,29559,-12.65625,-11.4151577427305,3
64,29560,-11.25,-11.4151577427305,9
64,29561,-9.84375,-11.4151577427305,15
64,29562,-8.4375,-11.4151577427305,19
64,29563,-7.03125,-11.4151577427305,32
64,29564,-5.625,-11.4151577427305,22
64,29565,-4.21875,-11.4151577427305,12
64,29566,-2.8125,-11.4151577427305,9
64,29567,-1.40625,-11.4151577427305,7
64,29568,0.703125,-12.024699180565818,9
64,29569,2.109375,-12.024699180565818,21
64,29570,3.515625,-12.024699180565818,15
64,29571,4.921875,-12.024699180565818,19
64,29573,7.734375,-12.024699180565818,12
64,29574,9.140625,-12.024699180565818,3
64,29575,10.546875,-12.024699180565818,2
64,29576,11.953125,-12.024699180565818,9
64,29577,13.359375,-12.024699180565818,11
64,29578,14.765625,-12.024699180565818,5
64,29579,16.171875,-12.024699180565818,13
64,29580,17.578125,-12.024699180565818,11
64,29581,18.984375,-12.024699180565818,13
64,29582,20.390625,-12.024699180565818,21
64,29583,21.796875,-12.024699180565818,31
64,29584,23.203125,-12.024699180565818,25
64,29585,24.609375,-12.024699180565818,12
64,29586,26.015625,-12.024699180565818,26
64,29587,27.421875,-12.024699180565818,12
64,29588,28.828125,-12.024699180565818,23
64,29589,30.234375,-12.024699180565818,6
64,29590,31.640625,-12.024699180565818,22
64,29591,33.046875,-12.024699180565818,2
64,29592,34.453125,-12.024699180565818,29
64,29593,35.859375,-12.024699180565818,30
64,29594,37.265625,-12.024699180565818,30
64,29595,38.671875,-12.024699180565818,40
64,29596,40.078125,-12.024699180565818,50
64,29597,41.484375,-12.024699180565818,36
64,29598,42.890625,-12.024699180565818,44
64,29599,44.296875,-12.024699180565818,25
64,29600,45.703125,-12.024699180565818,39
64,29601,47.109375,-12.024699180565818,30
64,29602,48.515625,-12.024699180565818,44
64,29603,49.921875,-12.024699180565818,11
64,29604,51.328125,-12.024699180565818,24
64,29605,52.734375,-12.024699180565818,38
64,29606,54.140625,-12.024699180565818,31
64,29607,55.546875,-12.024699180565818,39
64,29608,56.953125,-12.024699180565818,15
64,29609,58.359375,-12.024699180565818,38
64,29610,59.765625,-12.024699180565818,77
64,29611,61.171875,-12.024699180565818,41
64,29612,62.578125,-12.024699180565818,37
64,29613,63.984375,-12.024699180565818,71
64,29614,65.390625,-12.024699180565818,39
64,29615,66.796875,-12.024699180565818,46
64,29616,68.203125,-12.024699180565818,39
64,29617,69.609375,-12.024699180565818,38
64,29618,71.015625,-12.024699180565818,32
64,29619,72.421875,-12.024699180565818,19
64,29620,73.828125,-12.024699180565818,43
64,29621,75.234375,-12.024699180565818,34
64,29622,76.640625,-12.024699180565818,7
64,29623,78.046875,-12.024699180565818,34
64,29624,79.453125,-12.024699180565818,43
64,29625,80.859375,-12.024699180565818,37
64,29626,82.265625,-12.024699180565818,27
64,29627,83.671875,-12.024699180565818,12
64,29628,85.078125,-12.024699180565818,17
64,29629,86.484375,-12.024699180565818,18
64,29630,87.890625,-12.024699180565818,30
64,29631,89.296875,-12.024699180565818,28
64,29632,90.703125,-12.024699180565818,37
64,29633,92.109375,-12.024699180565818,45
64,29634,93.515625,-12.024699180565818,34
64,29635,94.921875,-12.024699180565818,28
64,29636,96.328125,-12.024699180565818,21
64,29637,97.734375,-12.024699180565818,37
64,29638,99.140625,-12.024699180565818,22
64,29639,100.546875,-12.024699180565818,21
64,29640,101.953125,-12.024699180565818,22
64,29641,103.359375,-12.024699180565818,12
64,29642,104.765625,-12.024699180565818,46
64,29643,106.171875,-12.024699180565818,34
64,29644,107.578125,-12.024699180565818,29
64,29645,108.984375,-12.024699180565818,27
64,29646,110.390625,-12.024699180565818,35
64,29647,111.796875,-12.024699180565818,26
64,29648,113.203125,-12.024699180565818,68
64,29649,114.609375,-12.024699180565818,59
64,29650,116.015625,-12.024699180565818,37
64,29651,117.421875,-12.024699180565818,57
64,29652,118.828125,-12.024699180565818,23
64,29653,120.234375,-12.024699180565818,58
64,29654,121.640625,-12.024699180565818,103
64,29655,123.04687499999994,-12.024699180565818,75
64,29656,124.453125,-12.024699180565818,41
64,29657,125.859375,-12.024699180565818,77
64,29658,127.265625,-12.024699180565818,62
64,29659,128.671875,-12.024699180565818,60
64,29660,130.078125,-12.024699180565818,42
64,29661,131.484375,-12.024699180565818,114
64,29662,132.890625,-12.024699180565818,72
64,29663,134.296875,-12.024699180565818,63
64,29664,135.703125,-12.024699180565818,67
64,29665,137.109375,-12.024699180565818,56
64,29666,138.515625,-12.024699180565818,24
64,29667,139.921875,-12.024699180565818,52
64,29668,141.328125,-12.024699180565818,50
64,29669,142.734375,-12.024699180565818,24
64,29670,144.140625,-12.024699180565818,15
64,29671,145.546875,-12.024699180565818,38
64,29672,146.953125,-12.024699180565818,12
64,29673,148.359375,-12.024699180565818,15
64,29674,149.765625,-12.024699180565818,13
64,29675,151.171875,-12.024699180565818,35
64,29676,152.578125,-12.024699180565818,19
64,29677,153.984375,-12.024699180565818,33
64,29678,155.390625,-12.024699180565818,10
64,29679,156.796875,-12.024699180565818,30
64,29680,158.203125,-12.024699180565818,4
64,29681,159.609375,-12.024699180565818,17
64,29682,161.015625,-12.024699180565818,30
64,29683,162.421875,-12.024699180565818,16
64,29684,163.828125,-12.024699180565818,27
64,29685,165.234375,-12.024699180565818,17
64,29686,166.640625,-12.024699180565818,5
64,29687,168.046875,-12.024699180565818,16
64,29688,169.453125,-12.024699180565818,4
64,29689,170.859375,-12.024699180565818,6
64,29690,172.265625,-12.024699180565818,6
64,29691,173.671875,-12.024699180565818,6
64,29692,175.078125,-12.024699180565818,9
64,29694,177.890625,-12.024699180565818,13
64,29695,179.296875,-12.024699180565818,4
64,29696,-179.296875,-12.024699180565818,2
64,29697,-177.890625,-12.024699180565818,11
64,29699,-175.078125,-12.024699180565818,1
64,29700,-173.671875,-12.024699180565818,2
64,29701,-172.265625,-12.024699180565818,4
64,29703,-169.453125,-12.024699180565818,4
64,29704,-168.046875,-12.024699180565818,6
64,29706,-165.234375,-12.024699180565818,2
64,29707,-163.828125,-12.024699180565818,1
64,29808,-21.796875,-12.024699180565818,6
64,29810,-18.984375,-12.024699180565818,3
64,29811,-17.578125,-12.024699180565818,7
64,29812,-16.171875,-12.024699180565818,3
64,29813,-14.765625,-12.024699180565818,3
64,29814,-13.359375,-12.024699180565818,5
64,29815,-11.953125,-12.024699180565818,8
64,29816,-10.546875,-12.024699180565818,9
64,29817,-9.140625,-12.024699180565818,6
64,29818,-7.734375,-12.024699180565818,15
64,29819,-6.328125,-12.024699180565818,3
64,29820,-4.921875,-12.024699180565818,9
64,29821,-3.515625,-12.024699180565818,17
64,29822,-2.109375,-12.024699180565818,3
64,29823,-0.703125,-12.024699180565818,3
64,29824,0.0,-12.635625093021119,4
64,29825,1.40625,-12.635625093021119,28
64,29826,2.8125,-12.635625093021119,15
64,29827,4.21875,-12.635625093021119,13
64,29828,5.625,-12.635625093021119,11
64,29829,7.03125,-12.635625093021119,9
64,29830,8.4375,-12.635625093021119,7
64,29831,9.84375,-12.635625093021119,7
64,29832,11.25,-12.635625093021119,8
64,29833,12.65625,-12.635625093021119,4
64,29834,14.0625,-12.635625093021119,7
64,29835,15.46875,-12.635625093021119,13
64,29836,16.875,-12.635625093021119,9
64,29837,18.28125,-12.635625093021119,26
64,29838,19.6875,-12.635625093021119,16
64,29839,21.09375,-12.635625093021119,34
64,29840,22.5,-12.635625093021119,21
64,29841,23.90625,-12.635625093021119,18
64,29842,25.3125,-12.635625093021119,8
64,29843,26.71875,-12.635625093021119,29
64,29844,28.125,-12.635625093021119,9
64,29845,29.53125,-12.635625093021119,9
64,29846,30.9375,-12.635625093021119,1
64,29847,32.34375,-12.635625093021119,38
64,29848,33.75,-12.635625093021119,3
64,29849,35.15625,-12.635625093021119,27
64,29850,36.5625,-12.635625093021119,36
64,29851,37.96875,-12.635625093021119,22
64,29852,39.375,-12.635625093021119,43
64,29853,40.78125,-12.635625093021119,29
64,29854,42.1875,-12.635625093021119,22
64,29855,43.59375,-12.635625093021119,17
64,29856,45.0,-12.635625093021119,59
64,29857,46.40625,-12.635625093021119,41
64,29858,47.8125,-12.635625093021119,62
64,29859,49.21875,-12.635625093021119,16
64,29860,50.625,-12.635625093021119,9
64,29861,52.03125,-12.635625093021119,25
64,29862,53.4375,-12.635625093021119,44
64,29863,54.84375,-12.635625093021119,39
64,29864,56.25,-12.635625093021119,42
64,29865,57.65625,-12.635625093021119,44
64,29866,59.0625,-12.635625093021119,19
64,29867,60.46875,-12.635625093021119,36
64,29868,61.875,-12.635625093021119,63
64,29869,63.28125,-12.635625093021119,49
64,29870,64.6875,-12.635625093021119,58
64,29871,66.09375,-12.635625093021119,39
64,29872,67.5,-12.635625093021119,51
64,29873,68.90625,-12.635625093021119,42
64,29874,70.3125,-12.635625093021119,22
64,29875,71.71875,-12.635625093021119,25
64,29876,73.125,-12.635625093021119,16
64,29877,74.53125,-12.635625093021119,14
64,29878,75.9375,-12.635625093021119,52
64,29879,77.34375,-12.635625093021119,30
64,29880,78.75,-12.635625093021119,30
64,29881,80.15625,-12.635625093021119,24
64,29882,81.5625,-12.635625093021119,33
64,29883,82.96875,-12.635625093021119,33
64,29884,84.375,-12.635625093021119,13
64,29885,85.78125,-12.635625093021119,18
64,29886,87.1875,-12.635625093021119,23
64,29887,88.59375,-12.635625093021119,20
64,29888,90.0,-12.635625093021119,38
64,29889,91.40625,-12.635625093021119,65
64,29890,92.8125,-12.635625093021119,36
64,29891,94.21875,-12.635625093021119,13
64,29892,95.625,-12.635625093021119,26
64,29893,97.03125,-12.635625093021119,27
64,29894,98.4375,-12.635625093021119,25
64,29895,99.84375,-12.635625093021119,36
64,29896,101.25,-12.635625093021119,31
64,29897,102.65625,-12.635625093021119,45
64,29898,104.0625,-12.635625093021119,17
64,29899,105.46875,-12.635625093021119,26
64,29900,106.875,-12.635625093021119,34
64,29901,108.28125,-12.635625093021119,32
64,29902,109.6875,-12.635625093021119,39
64,29903,111.09375,-12.635625093021119,40
64,29904,112.5,-12.635625093021119,31
64,29905,113.90625,-12.635625093021119,45
64,29906,115.3125,-12.635625093021119,41
64,29907,116.71875,-12.635625093021119,43
64,29908,118.125,-12.635625093021119,63
64,29909,119.53125,-12.635625093021119,62
64,29910,120.9375,-12.635625093021119,57
64,29911,122.34375,-12.635625093021119,45
64,29912,123.75,-12.635625093021119,65
64,29913,125.15625,-12.635625093021119,77
64,29914,126.5625,-12.635625093021119,28
64,29915,127.96875,-12.635625093021119,115
64,29916,129.375,-12.635625093021119,123
64,29917,130.78125,-12.635625093021119,51
64,29918,132.1875,-12.635625093021119,93
64,29919,133.59375,-12.635625093021119,44
64,29920,135.0,-12.635625093021119,85
64,29921,136.40625,-12.635625093021119,47
64,29922,137.8125,-12.635625093021119,64
64,29923,139.21875,-12.635625093021119,62
64,29924,140.625,-12.635625093021119,61
64,29925,142.03125,-12.635625093021119,34
64,29926,143.4375,-12.635625093021119,42
64,29927,144.84375,-12.635625093021119,58
64,29928,146.25,-12.635625093021119,58
64,29929,147.65625,-12.635625093021119,8
64,29930,149.0625,-12.635625093021119,10
64,29931,150.46875,-12.635625093021119,20
64,29932,151.875,-12.635625093021119,38
64,29933,153.28125,-12.635625093021119,12
64,29934,154.6875,-12.635625093021119,11
64,29935,156.09375,-12.635625093021119,5
64,29936,157.5,-12.635625093021119,25
64,29937,158.90625,-12.635625093021119,30
64,29938,160.3125,-12.635625093021119,22
64,29939,161.71875,-12.635625093021119,24
64,29940,163.125,-12.635625093021119,27
64,29941,164.53125,-12.635625093021119,17
64,29942,165.9375,-12.635625093021119,14
64,29943,167.34375,-12.635625093021119,8
64,29944,168.75,-12.635625093021119,18
64,29945,170.15625,-12.635625093021119,1
64,29946,171.5625,-12.635625093021119,16
64,29947,172.96875,-12.635625093021119,5
64,29948,174.375,-12.635625093021119,19
64,29949,175.78125,-12.635625093021119,9
64,29950,177.1875,-12.635625093021119,20
64,29951,178.59375,-12.635625093021119,12
64,29952,-180.0,-12.635625093021119,24
64,29953,-178.59375,-12.635625093021119,11
64,29954,-177.1875,-12.635625093021119,10
64,29956,-174.375,-12.635625093021119,11
64,29957,-172.96875,-12.635625093021119,3
64,29958,-171.5625,-12.635625093021119,1
64,29959,-170.15625,-12.635625093021119,1
64,29961,-167.34375,-12.635625093021119,1
64,29963,-164.53125,-12.635625093021119,2
64,30068,-16.875,-12.635625093021119,1
64,30069,-15.46875,-12.635625093021119,3
64,30070,-14.0625,-12.635625093021119,17
64,30071,-12.65625,-12.635625093021119,12
64,30072,-11.25,-12.635625093021119,7
64,30073,-9.84375,-12.635625093021119,14
64,30074,-8.4375,-12.635625093021119,5
64,30075,-7.03125,-12.635625093021119,4
64,30076,-5.625,-12.635625093021119,15
64,30077,-4.21875,-12.635625093021119,2
64,30078,-2.8125,-12.635625093021119,33
64,30079,-1.40625,-12.635625093021119,16
64,30080,0.703125,-13.248014905676953,6
64,30081,2.109375,-13.248014905676953,13
64,30082,3.515625,-13.248014905676953,7
64,30083,4.921875,-13.248014905676953,23
64,30084,6.328125,-13.248014905676953,13
64,30085,7.734375,-13.248014905676953,14
64,30086,9.140625,-13.248014905676953,8
64,30087,10.546875,-13.248014905676953,13
64,30088,11.953125,-13.248014905676953,12
64,30089,13.359375,-13.248014905676953,8
64,30090,14.765625,-13.248014905676953,14
64,30091,16.171875,-13.248014905676953,12
64,30092,17.578125,-13.248014905676953,18
64,30093,18.984375,-13.248014905676953,14
64,30094,20.390625,-13.248014905676953,28
64,30095,21.796875,-13.248014905676953,12
64,30096,23.203125,-13.248014905676953,10
64,30097,24.609375,-13.248014905676953,17
64,30098,26.015625,-13.248014905676953,20
64,30099,27.421875,-13.248014905676953,7
64,30100,28.828125,-13.248014905676953,23
64,30101,30.234375,-13.248014905676953,19
64,30102,31.640625,-13.248014905676953,21
64,30103,33.046875,-13.248014905676953,16
64,30104,34.453125,-13.248014905676953,42
64,30105,35.859375,-13.248014905676953,15
64,30106,37.265625,-13.248014905676953,16
64,30107,38.671875,-13.248014905676953,24
64,30108,40.078125,-13.248014905676953,21
64,30109,41.484375,-13.248014905676953,32
64,30110,42.890625,-13.248014905676953,33
64,30111,44.296875,-13.248014905676953,43
64,30112,45.703125,-13.248014905676953,37
64,30113,47.109375,-13.248014905676953,34
64,30114,48.515625,-13.248014905676953,23
64,30115,49.921875,-13.248014905676953,19
64,30116,51.328125,-13.248014905676953,3
64,30117,52.734375,-13.248014905676953,24
64,30118,54.140625,-13.248014905676953,27
64,30119,55.546875,-13.248014905676953,67
64,30120,56.953125,-13.248014905676953,32
64,30121,58.359375,-13.248014905676953,22
64,30122,59.765625,-13.248014905676953,32
64,30123,61.171875,-13.248014905676953,39
64,30124,62.578125,-13.248014905676953,21
64,30125,63.984375,-13.248014905676953,46
64,30126,65.390625,-13.248014905676953,63
64,30127,66.796875,-13.248014905676953,45
64,30128,68.203125,-13.248014905676953,53
64,30129,69.609375,-13.248014905676953,63
64,30130,71.015625,-13.248014905676953,14
64,30131,72.421875,-13.248014905676953,35
64,30132,73.828125,-13.248014905676953,12
64,30133,75.234375,-13.248014905676953,22
64,30134,76.640625,-13.248014905676953,35
64,30135,78.046875,-13.248014905676953,41
64,30136,79.453125,-13.248014905676953,28
64,30137,80.859375,-13.248014905676953,19
64,30138,82.265625,-13.248014905676953,17
64,30139,83.671875,-13.248014905676953,22
64,30140,85.078125,-13.248014905676953,20
64,30141,86.484375,-13.248014905676953,18
64,30142,87.890625,-13.248014905676953,27
64,30143,89.296875,-13.248014905676953,47
64,30144,90.703125,-13.248014905676953,29
64,30145,92.109375,-13.248014905676953,18
64,30146,93.515625,-13.248014905676953,36
64,30147,94.921875,-13.248014905676953,27
64,30148,96.328125,-13.248014905676953,34
64,30149,97.734375,-13.248014905676953,17
64,30150,99.140625,-13.248014905676953,32
64,30151,100.546875,-13.248014905676953,29
64,30152,101.953125,-13.248014905676953,21
64,30153,103.359375,-13.248014905676953,14
64,30154,104.765625,-13.248014905676953,13
64,30155,106.171875,-13.248014905676953,25
64,30156,107.578125,-13.248014905676953,30
64,30157,108.984375,-13.248014905676953,36
64,30158,110.390625,-13.248014905676953,49
64,30159,111.796875,-13.248014905676953,33
64,30160,113.203125,-13.248014905676953,14
64,30161,114.609375,-13.248014905676953,64
64,30162,116.015625,-13.248014905676953,67
64,30163,117.421875,-13.248014905676953,74
64,30164,118.828125,-13.248014905676953,55
64,30165,120.234375,-13.248014905676953,58
64,30166,121.640625,-13.248014905676953,41
64,30167,123.04687499999994,-13.248014905676953,42
64,30168,124.453125,-13.248014905676953,86
64,30169,125.859375,-13.248014905676953,48
64,30170,127.265625,-13.248014905676953,84
64,30171,128.671875,-13.248014905676953,75
64,30172,130.078125,-13.248014905676953,71
64,30173,131.484375,-13.248014905676953,79
64,30174,132.890625,-13.248014905676953,74
64,30175,134.296875,-13.248014905676953,32
64,30176,135.703125,-13.248014905676953,106
64,30177,137.109375,-13.248014905676953,63
64,30178,138.515625,-13.248014905676953,47
64,30179,139.921875,-13.248014905676953,48
64,30180,141.328125,-13.248014905676953,53
64,30181,142.734375,-13.248014905676953,26
64,30182,144.140625,-13.248014905676953,32
64,30183,145.546875,-13.248014905676953,23
64,30184,146.953125,-13.248014905676953,31
64,30185,148.359375,-13.248014905676953,15
64,30186,149.765625,-13.248014905676953,3
64,30187,151.171875,-13.248014905676953,48
64,30188,152.578125,-13.248014905676953,22
64,30189,153.984375,-13.248014905676953,17
64,30190,155.390625,-13.248014905676953,20
64,30191,156.796875,-13.248014905676953,10
64,30192,158.203125,-13.248014905676953,35
64,30193,159.609375,-13.248014905676953,32
64,30194,161.015625,-13.248014905676953,23
64,30195,162.421875,-13.248014905676953,22
64,30196,163.828125,-13.248014905676953,11
64,30197,165.234375,-13.248014905676953,7
64,30198,166.640625,-13.248014905676953,6
64,30199,168.046875,-13.248014905676953,6
64,30200,169.453125,-13.248014905676953,9
64,30201,170.859375,-13.248014905676953,15
64,30202,172.265625,-13.248014905676953,10
64,30203,173.671875,-13.248014905676953,18
64,30204,175.078125,-13.248014905676953,14
64,30205,176.484375,-13.248014905676953,15
64,30206,177.890625,-13.248014905676953,18
64,30207,179.296875,-13.248014905676953,27
64,30208,-179.296875,-13.248014905676953,8
64,30209,-177.890625,-13.248014905676953,7
64,30210,-176.484375,-13.248014905676953,9
64,30211,-175.078125,-13.248014905676953,10
64,30212,-173.671875,-13.248014905676953,7
64,30213,-172.265625,-13.248014905676953,13
64,30214,-170.859375,-13.248014905676953,5
64,30215,-169.453125,-13.248014905676953,2
64,30216,-168.046875,-13.248014905676953,2
64,30325,-14.765625,-13.248014905676953,12
64,30326,-13.359375,-13.248014905676953,6
64,30327,-11.953125,-13.248014905676953,3
64,30328,-10.546875,-13.248014905676953,14
64,30329,-9.140625,-13.248014905676953,4
64,30331,-6.328125,-13.248014905676953,8
64,30332,-4.921875,-13.248014905676953,4
64,30333,-3.515625,-13.248014905676953,13
64,30334,-2.109375,-13.248014905676953,37
64,30335,-0.703125,-13.248014905676953,23
64,30336,0.0,-13.861949672048638,27
64,30337,1.40625,-13.861949672048638,10
64,30338,2.8125,-13.861949672048638,10
64,30339,4.21875,-13.861949672048638,14
64,30340,5.625,-13.861949672048638,9
64,30341,7.03125,-13.861949672048638,7
64,30342,8.4375,-13.861949672048638,42
64,30343,9.84375,-13.861949672048638,12
64,30344,11.25,-13.861949672048638,9
64,30345,12.65625,-13.861949672048638,14
64,30346,14.0625,-13.861949672048638,2
64,30347,15.46875,-13.861949672048638,8
64,30348,16.875,-13.861949672048638,14
64,30349,18.28125,-13.861949672048638,17
64,30350,19.6875,-13.861949672048638,9
64,30351,21.09375,-13.861949672048638,13
64,30352,22.5,-13.861949672048638,10
64,30353,23.90625,-13.861949672048638,3
64,30354,25.3125,-13.861949672048638,1
64,30355,26.71875,-13.861949672048638,11
64,30356,28.125,-13.861949672048638,26
64,30357,29.53125,-13.861949672048638,20
64,30358,30.9375,-13.861949672048638,23
64,30359,32.34375,-13.861949672048638,25
64,30360,33.75,-13.861949672048638,17
64,30361,35.15625,-13.861949672048638,25
64,30362,36.5625,-13.861949672048638,35
64,30363,37.96875,-13.861949672048638,25
64,30364,39.375,-13.861949672048638,22
64,30365,40.78125,-13.861949672048638,13
64,30366,42.1875,-13.861949672048638,32
64,30367,43.59375,-13.861949672048638,31
64,30368,45.0,-13.861949672048638,37
64,30369,46.40625,-13.861949672048638,53
64,30370,47.8125,-13.861949672048638,53
64,30371,49.21875,-13.861949672048638,29
64,30372,50.625,-13.861949672048638,33
64,30373,52.03125,-13.861949672048638,10
64,30374,53.4375,-13.861949672048638,47
64,30375,54.84375,-13.861949672048638,50
64,30376,56.25,-13.861949672048638,43
64,30377,57.65625,-13.861949672048638,39
64,30378,59.0625,-13.861949672048638,15
64,30379,60.46875,-13.861949672048638,24
64,30380,61.875,-13.861949672048638,27
64,30381,63.28125,-13.861949672048638,30
64,30382,64.6875,-13.861949672048638,78
64,30383,66.09375,-13.861949672048638,45
64,30384,67.5,-13.861949672048638,23
64,30385,68.90625,-13.861949672048638,42
64,30386,70.3125,-13.861949672048638,29
64,30387,71.71875,-13.861949672048638,24
64,30388,73.125,-13.861949672048638,28
64,30389,74.53125,-13.861949672048638,25
64,30390,75.9375,-13.861949672048638,23
64,30391,77.34375,-13.861949672048638,38
64,30392,78.75,-13.861949672048638,16
64,30393,80.15625,-13.861949672048638,22
64,30394,81.5625,-13.861949672048638,28
64,30395,82.96875,-13.861949672048638,37
64,30396,84.375,-13.861949672048638,14
64,30397,85.78125,-13.861949672048638,12
64,30398,87.1875,-13.861949672048638,32
64,30399,88.59375,-13.861949672048638,43
64,30400,90.0,-13.861949672048638,7
64,30401,91.40625,-13.861949672048638,33
64,30402,92.8125,-13.861949672048638,19
64,30403,94.21875,-13.861949672048638,21
64,30404,95.625,-13.861949672048638,32
64,30405,97.03125,-13.861949672048638,14
64,30406,98.4375,-13.861949672048638,32
64,30407,99.84375,-13.861949672048638,51
64,30408,101.25,-13.861949672048638,23
64,30409,102.65625,-13.861949672048638,18
64,30410,104.0625,-13.861949672048638,19
64,30411,105.46875,-13.861949672048638,16
64,30412,106.875,-13.861949672048638,21
64,30413,108.28125,-13.861949672048638,26
64,30414,109.6875,-13.861949672048638,22
64,30415,111.09375,-13.861949672048638,46
64,30416,112.5,-13.861949672048638,34
64,30417,113.90625,-13.861949672048638,26
64,30418,115.3125,-13.861949672048638,60
64,30419,116.71875,-13.861949672048638,50
64,30420,118.125,-13.861949672048638,62
64,30421,119.53125,-13.861949672048638,83
64,30422,120.9375,-13.861949672048638,61
64,30423,122.34375,-13.861949672048638,32
64,30424,123.75,-13.861949672048638,25
64,30425,125.15625,-13.861949672048638,49
64,30426,126.5625,-13.861949672048638,61
64,30427,127.96875,-13.861949672048638,59
64,30428,129.375,-13.861949672048638,32
64,30429,130.78125,-13.861949672048638,79
64,30430,132.1875,-13.861949672048638,82
64,30431,133.59375,-13.861949672048638,78
64,30432,135.0,-13.861949672048638,77
64,30433,136.40625,-13.861949672048638,33
64,30434,137.8125,-13.861949672048638,50
64,30435,139.21875,-13.861949672048638,39
64,30436,140.625,-13.861949672048638,46
64,30437,142.03125,-13.861949672048638,20
64,30438,143.4375,-13.861949672048638,16
64,30439,144.84375,-13.861949672048638,29
64,30440,146.25,-13.861949672048638,34
64,30441,147.65625,-13.861949672048638,2
64,30442,149.0625,-13.861949672048638,18
64,30443,150.46875,-13.861949672048638,6
64,30444,151.875,-13.861949672048638,26
64,30445,153.28125,-13.861949672048638,15
64,30446,154.6875,-13.861949672048638,3
64,30447,156.09375,-13.861949672048638,10
64,30448,157.5,-13.861949672048638,16
64,30449,158.90625,-13.861949672048638,20
64,30450,160.3125,-13.861949672048638,42
64,30451,161.71875,-13.861949672048638,14
64,30452,163.125,-13.861949672048638,7
64,30453,164.53125,-13.861949672048638,18
64,30454,165.9375,-13.861949672048638,19
64,30455,167.34375,-13.861949672048638,6
64,30456,168.75,-13.861949672048638,16
64,30457,170.15625,-13.861949672048638,12
64,30458,171.5625,-13.861949672048638,6
64,30459,172.96875,-13.861949672048638,9
64,30460,174.375,-13.861949672048638,3
64,30461,175.78125,-13.861949672048638,5
64,30462,177.1875,-13.861949672048638,24
64,30463,178.59375,-13.861949672048638,7
64,30464,-180.0,-13.861949672048638,13
64,30465,-178.59375,-13.861949672048638,16
64,30466,-177.1875,-13.861949672048638,2
64,30467,-175.78125,-13.861949672048638,4
64,30468,-174.375,-13.861949672048638,2
64,30469,-172.96875,-13.861949672048638,9
64,30470,-171.5625,-13.861949672048638,2
64,30471,-170.15625,-13.861949672048638,2
64,30472,-168.75,-13.861949672048638,2
64,30474,-165.9375,-13.861949672048638,6
64,30475,-164.53125,-13.861949672048638,2
64,30580,-16.875,-13.861949672048638,7
64,30581,-15.46875,-13.861949672048638,29
64,30582,-14.0625,-13.861949672048638,7
64,30583,-12.65625,-13.861949672048638,6
64,30584,-11.25,-13.861949672048638,12
64,30585,-9.84375,-13.861949672048638,9
64,30586,-8.4375,-13.861949672048638,7
64,30587,-7.03125,-13.861949672048638,5
64,30588,-5.625,-13.861949672048638,7
64,30589,-4.21875,-13.861949672048638,12
64,30590,-2.8125,-13.861949672048638,10
64,30591,-1.40625,-13.861949672048638,27
64,30592,0.703125,-14.477512185929925,19
64,30593,2.109375,-14.477512185929925,3
64,30595,4.921875,-14.477512185929925,8
64,30596,6.328125,-14.477512185929925,10
64,30597,7.734375,-14.477512185929925,4
64,30598,9.140625,-14.477512185929925,22
64,30599,10.546875,-14.477512185929925,4
64,30600,11.953125,-14.477512185929925,3
64,30601,13.359375,-14.477512185929925,1
64,30602,14.765625,-14.477512185929925,11
64,30603,16.171875,-14.477512185929925,7
64,30604,17.578125,-14.477512185929925,9
64,30605,18.984375,-14.477512185929925,6
64,30606,20.390625,-14.477512185929925,22
64,30607,21.796875,-14.477512185929925,13
64,30608,23.203125,-14.477512185929925,6
64,30609,24.609375,-14.477512185929925,15
64,30610,26.015625,-14.477512185929925,10
64,30611,27.421875,-14.477512185929925,4
64,30612,28.828125,-14.477512185929925,12
64,30614,31.640625,-14.477512185929925,8
64,30615,33.046875,-14.477512185929925,19
64,30616,34.453125,-14.477512185929925,6
64,30617,35.859375,-14.477512185929925,14
64,30618,37.265625,-14.477512185929925,32
64,30619,38.671875,-14.477512185929925,24
64,30620,40.078125,-14.477512185929925,10
64,30621,41.484375,-14.477512185929925,24
64,30622,42.890625,-14.477512185929925,27
64,30623,44.296875,-14.477512185929925,34
64,30624,45.703125,-14.477512185929925,36
64,30625,47.109375,-14.477512185929925,39
64,30626,48.515625,-14.477512185929925,31
64,30627,49.921875,-14.477512185929925,12
64,30628,51.328125,-14.477512185929925,19
64,30629,52.734375,-14.477512185929925,17
64,30630,54.140625,-14.477512185929925,28
64,30631,55.546875,-14.477512185929925,36
64,30632,56.953125,-14.477512185929925,11
64,30633,58.359375,-14.477512185929925,70
64,30634,59.765625,-14.477512185929925,27
64,30635,61.171875,-14.477512185929925,28
64,30636,62.578125,-14.477512185929925,29
64,30637,63.984375,-14.477512185929925,52
64,30638,65.390625,-14.477512185929925,54
64,30639,66.796875,-14.477512185929925,88
64,30640,68.203125,-14.477512185929925,29
64,30641,69.609375,-14.477512185929925,37
64,30642,71.015625,-14.477512185929925,21
64,30643,72.421875,-14.477512185929925,7
64,30644,73.828125,-14.477512185929925,48
64,30645,75.234375,-14.477512185929925,31
64,30646,76.640625,-14.477512185929925,18
64,30647,78.046875,-14.477512185929925,33
64,30648,79.453125,-14.477512185929925,46
64,30649,80.859375,-14.477512185929925,12
64,30650,82.265625,-14.477512185929925,32
64,30651,83.671875,-14.477512185929925,10
64,30652,85.078125,-14.477512185929925,18
64,30653,86.484375,-14.477512185929925,24
64,30654,87.890625,-14.477512185929925,12
64,30655,89.296875,-14.477512185929925,29
64,30656,90.703125,-14.477512185929925,25
64,30657,92.109375,-14.477512185929925,21
64,30658,93.515625,-14.477512185929925,20
64,30659,94.921875,-14.477512185929925,14
64,30660,96.328125,-14.477512185929925,19
64,30661,97.734375,-14.477512185929925,18
64,30662,99.140625,-14.477512185929925,21
64,30663,100.546875,-14.477512185929925,11
64,30664,101.953125,-14.477512185929925,37
64,30665,103.359375,-14.477512185929925,37
64,30666,104.765625,-14.477512185929925,24
64,30667,106.171875,-14.477512185929925,10
64,30668,107.578125,-14.477512185929925,26
64,30669,108.984375,-14.477512185929925,19
64,30670,110.390625,-14.477512185929925,25
64,30671,111.796875,-14.477512185929925,39
64,30672,113.203125,-14.477512185929925,42
64,30673,114.609375,-14.477512185929925,60
64,30674,116.015625,-14.477512185929925,34
64,30675,117.421875,-14.477512185929925,13
64,30676,118.828125,-14.477512185929925,62
64,30677,120.234375,-14.477512185929925,30
64,30678,121.640625,-14.477512185929925,30
64,30679,123.04687499999994,-14.477512185929925,17
64,30680,124.453125,-14.477512185929925,20
64,30681,125.859375,-14.477512185929925,50
64,30682,127.265625,-14.477512185929925,18
64,30683,128.671875,-14.477512185929925,60
64,30684,130.078125,-14.477512185929925,39
64,30685,131.484375,-14.477512185929925,67
64,30686,132.890625,-14.477512185929925,62
64,30687,134.296875,-14.477512185929925,45
64,30688,135.703125,-14.477512185929925,41
64,30689,137.109375,-14.477512185929925,36
64,30690,138.515625,-14.477512185929925,38
64,30691,139.921875,-14.477512185929925,38
64,30692,141.328125,-14.477512185929925,41
64,30693,142.734375,-14.477512185929925,31
64,30694,144.140625,-14.477512185929925,17
64,30695,145.546875,-14.477512185929925,18
64,30696,146.953125,-14.477512185929925,7
64,30697,148.359375,-14.477512185929925,12
64,30698,149.765625,-14.477512185929925,17
64,30699,151.171875,-14.477512185929925,14
64,30700,152.578125,-14.477512185929925,14
64,30701,153.984375,-14.477512185929925,22
64,30702,155.390625,-14.477512185929925,24
64,30703,156.796875,-14.477512185929925,13
64,30704,158.203125,-14.477512185929925,4
64,30705,159.609375,-14.477512185929925,16
64,30706,161.015625,-14.477512185929925,14
64,30707,162.421875,-14.477512185929925,9
64,30708,163.828125,-14.477512185929925,16
64,30709,165.234375,-14.477512185929925,10
64,30710,166.640625,-14.477512185929925,8
64,30711,168.046875,-14.477512185929925,2
64,30713,170.859375,-14.477512185929925,5
64,30714,172.265625,-14.477512185929925,12
64,30715,173.671875,-14.477512185929925,8
64,30717,176.484375,-14.477512185929925,11
64,30718,177.890625,-14.477512185929925,7
64,30719,179.296875,-14.477512185929925,12
64,30720,-179.296875,-14.477512185929925,6
64,30721,-177.890625,-14.477512185929925,7
64,30722,-176.484375,-14.477512185929925,7
64,30723,-175.078125,-14.477512185929925,6
64,30724,-173.671875,-14.477512185929925,4
64,30726,-170.859375,-14.477512185929925,2
64,30727,-169.453125,-14.477512185929925,1
64,30835,-17.578125,-14.477512185929925,1
64,30837,-14.765625,-14.477512185929925,6
64,30838,-13.359375,-14.477512185929925,12
64,30839,-11.953125,-14.477512185929925,2
64,30840,-10.546875,-14.477512185929925,6
64,30841,-9.140625,-14.477512185929925,8
64,30843,-6.328125,-14.477512185929925,3
64,30844,-4.921875,-14.477512185929925,3
64,30845,-3.515625,-14.477512185929925,12
64,30846,-2.109375,-14.477512185929925,20
64,30847,-0.703125,-14.477512185929925,27
64,30848,0.0,-15.094787099543197,3
64,30849,1.40625,-15.094787099543197,17
64,30850,2.8125,-15.094787099543197,1
64,30852,5.625,-15.094787099543197,2
64,30853,7.03125,-15.094787099543197,14
64,30855,9.84375,-15.094787099543197,9
64,30856,11.25,-15.094787099543197,9
64,30857,12.65625,-15.094787099543197,3
64,30858,14.0625,-15.094787099543197,9
64,30859,15.46875,-15.094787099543197,3
64,30860,16.875,-15.094787099543197,6
64,30861,18.28125,-15.094787099543197,14
64,30862,19.6875,-15.094787099543197,12
64,30864,22.5,-15.094787099543197,11
64,30865,23.90625,-15.094787099543197,2
64,30866,25.3125,-15.094787099543197,9
64,30867,26.71875,-15.094787099543197,16
64,30868,28.125,-15.094787099543197,8
64,30869,29.53125,-15.094787099543197,22
64,30870,30.9375,-15.094787099543197,5
64,30871,32.34375,-15.094787099543197,10
64,30872,33.75,-15.094787099543197,35
64,30873,35.15625,-15.094787099543197,25
64,30874,36.5625,-15.094787099543197,19
64,30875,37.96875,-15.094787099543197,9
64,30876,39.375,-15.094787099543197,26
64,30877,40.78125,-15.094787099543197,33
64,30878,42.1875,-15.094787099543197,15
64,30879,43.59375,-15.094787099543197,20
64,30880,45.0,-15.094787099543197,39
64,30881,46.40625,-15.094787099543197,33
64,30882,47.8125,-15.094787099543197,35
64,30883,49.21875,-15.094787099543197,23
64,30884,50.625,-15.094787099543197,4
64,30885,52.03125,-15.094787099543197,32
64,30886,53.4375,-15.094787099543197,28
64,30887,54.84375,-15.094787099543197,36
64,30888,56.25,-15.094787099543197,8
64,30889,57.65625,-15.094787099543197,21
64,30890,59.0625,-15.094787099543197,31
64,30891,60.46875,-15.094787099543197,26
64,30892,61.875,-15.094787099543197,8
64,30893,63.28125,-15.094787099543197,22
64,30894,64.6875,-15.094787099543197,19
64,30895,66.09375,-15.094787099543197,36
64,30896,67.5,-15.094787099543197,31
64,30897,68.90625,-15.094787099543197,32
64,30898,70.3125,-15.094787099543197,12
64,30899,71.71875,-15.094787099543197,25
64,30900,73.125,-15.094787099543197,14
64,30901,74.53125,-15.094787099543197,11
64,30902,75.9375,-15.094787099543197,10
64,30903,77.34375,-15.094787099543197,15
64,30904,78.75,-15.094787099543197,22
64,30905,80.15625,-15.094787099543197,27
64,30906,81.5625,-15.094787099543197,14
64,30907,82.96875,-15.094787099543197,20
64,30908,84.375,-15.094787099543197,12
64,30909,85.78125,-15.094787099543197,16
64,30910,87.1875,-15.094787099543197,5
64,30911,88.59375,-15.094787099543197,12
64,30912,90.0,-15.094787099543197,19
64,30913,91.40625,-15.094787099543197,7
64,30914,92.8125,-15.094787099543197,17
64,30915,94.21875,-15.094787099543197,20
64,30916,95.625,-15.094787099543197,13
64,30917,97.03125,-15.094787099543197,17
64,30918,98.4375,-15.094787099543197,12
64,30919,99.84375,-15.094787099543197,15
64,30920,101.25,-15.094787099543197,16
64,30921,102.65625,-15.094787099543197,14
64,30922,104.0625,-15.094787099543197,2
64,30923,105.46875,-15.094787099543197,5
64,30924,106.875,-15.094787099543197,17
64,30925,108.28125,-15.094787099543197,19
64,30926,109.6875,-15.094787099543197,36
64,30927,111.09375,-15.094787099543197,17
64,30928,112.5,-15.094787099543197,12
64,30929,113.90625,-15.094787099543197,65
64,30930,115.3125,-15.094787099543197,19
64,30931,116.71875,-15.094787099543197,17
64,30932,118.125,-15.094787099543197,24
64,30933,119.53125,-15.094787099543197,32
64,30934,120.9375,-15.094787099543197,40
64,30935,122.34375,-15.094787099543197,33
64,30936,123.75,-15.094787099543197,39
64,30937,125.15625,-15.094787099543197,81
64,30938,126.5625,-15.094787099543197,36
64,30939,127.96875,-15.094787099543197,18
64,30940,129.375,-15.094787099543197,48
64,30941,130.78125,-15.094787099543197,29
64,30942,132.1875,-15.094787099543197,67
64,30943,133.59375,-15.094787099543197,61
64,30944,135.0,-15.094787099543197,54
64,30945,136.40625,-15.094787099543197,43
64,30946,137.8125,-15.094787099543197,28
64,30947,139.21875,-15.094787099543197,15
64,30948,140.625,-15.094787099543197,28
64,30949,142.03125,-15.094787099543197,30
64,30950,143.4375,-15.094787099543197,10
64,30951,144.84375,-15.094787099543197,16
64,30952,146.25,-15.094787099543197,22
64,30953,147.65625,-15.094787099543197,9
64,30954,149.0625,-15.094787099543197,12
64,30955,150.46875,-15.094787099543197,17
64,30956,151.875,-15.094787099543197,10
64,30957,153.28125,-15.094787099543197,15
64,30958,154.6875,-15.094787099543197,10
64,30959,156.09375,-15.094787099543197,12
64,30960,157.5,-15.094787099543197,10
64,30961,158.90625,-15.094787099543197,12
64,30962,160.3125,-15.094787099543197,5
64,30963,161.71875,-15.094787099543197,16
64,30965,164.53125,-15.094787099543197,17
64,30966,165.9375,-15.094787099543197,16
64,30967,167.34375,-15.094787099543197,6
64,30969,170.15625,-15.094787099543197,3
64,30970,171.5625,-15.094787099543197,11
64,30971,172.96875,-15.094787099543197,9
64,30972,174.375,-15.094787099543197,1
64,30973,175.78125,-15.094787099543197,6
64,30975,178.59375,-15.094787099543197,9
64,30977,-178.59375,-15.094787099543197,1
64,30978,-177.1875,-15.094787099543197,8
64,30980,-174.375,-15.094787099543197,2
64,31097,-9.84375,-15.094787099543197,1
64,31098,-8.4375,-15.094787099543197,7
64,31100,-5.625,-15.094787099543197,6
64,31101,-4.21875,-15.094787099543197,18
64,31102,-2.8125,-15.094787099543197,9
64,31103,-1.40625,-15.094787099543197,6
64,31104,0.703125,-15.713861048008212,6
64,31105,2.109375,-15.713861048008212,14
64,31107,4.921875,-15.713861048008212,2
64,31108,6.328125,-15.713861048008212,10
64,31109,7.734375,-15.713861048008212,10
64,31110,9.140625,-15.713861048008212,2
64,31111,10.546875,-15.713861048008212,12
64,31113,13.359375,-15.713861048008212,3
64,31114,14.765625,-15.713861048008212,13
64,31115,16.171875,-15.713861048008212,3
64,31116,17.578125,-15.713861048008212,18
64,31117,18.984375,-15.713861048008212,11
64,31118,20.390625,-15.713861048008212,8
64,31119,21.796875,-15.713861048008212,5
64,31120,23.203125,-15.713861048008212,15
64,31121,24.609375,-15.713861048008212,16
64,31122,26.015625,-15.713861048008212,14
64,31123,27.421875,-15.713861048008212,1
64,31124,28.828125,-15.713861048008212,10
64,31125,30.234375,-15.713861048008212,22
64,31126,31.640625,-15.713861048008212,3
64,31127,33.046875,-15.713861048008212,2
64,31128,34.453125,-15.713861048008212,40
64,31129,35.859375,-15.713861048008212,18
64,31130,37.265625,-15.713861048008212,15
64,31131,38.671875,-15.713861048008212,13
64,31132,40.078125,-15.713861048008212,2
64,31133,41.484375,-15.713861048008212,25
64,31134,42.890625,-15.713861048008212,20
64,31135,44.296875,-15.713861048008212,47
64,31136,45.703125,-15.713861048008212,30
64,31137,47.109375,-15.713861048008212,49
64,31138,48.515625,-15.713861048008212,10
64,31139,49.921875,-15.713861048008212,23
64,31140,51.328125,-15.713861048008212,2
64,31141,52.734375,-15.713861048008212,12
64,31142,54.140625,-15.713861048008212,10
64,31143,55.546875,-15.713861048008212,12
64,31144,56.953125,-15.713861048008212,2
64,31145,58.359375,-15.713861048008212,17
64,31146,59.765625,-15.713861048008212,19
64,31147,61.171875,-15.713861048008212,10
64,31148,62.578125,-15.713861048008212,21
64,31149,63.984375,-15.713861048008212,14
64,31150,65.390625,-15.713861048008212,14
64,31151,66.796875,-15.713861048008212,11
64,31152,68.203125,-15.713861048008212,10
64,31153,69.609375,-15.713861048008212,15
64,31154,71.015625,-15.713861048008212,15
64,31155,72.421875,-15.713861048008212,23
64,31156,73.828125,-15.713861048008212,30
64,31157,75.234375,-15.713861048008212,32
64,31158,76.640625,-15.713861048008212,9
64,31159,78.046875,-15.713861048008212,24
64,31160,79.453125,-15.713861048008212,40
64,31161,80.859375,-15.713861048008212,9
64,31162,82.265625,-15.713861048008212,34
64,31163,83.671875,-15.713861048008212,9
64,31164,85.078125,-15.713861048008212,16
64,31165,86.484375,-15.713861048008212,20
64,31166,87.890625,-15.713861048008212,19
64,31167,89.296875,-15.713861048008212,26
64,31168,90.703125,-15.713861048008212,17
64,31169,92.109375,-15.713861048008212,11
64,31170,93.515625,-15.713861048008212,33
64,31171,94.921875,-15.713861048008212,16
64,31172,96.328125,-15.713861048008212,18
64,31173,97.734375,-15.713861048008212,35
64,31174,99.140625,-15.713861048008212,15
64,31175,100.546875,-15.713861048008212,10
64,31176,101.953125,-15.713861048008212,24
64,31177,103.359375,-15.713861048008212,14
64,31178,104.765625,-15.713861048008212,16
64,31179,106.171875,-15.713861048008212,10
64,31180,107.578125,-15.713861048008212,24
64,31181,108.984375,-15.713861048008212,31
64,31182,110.390625,-15.713861048008212,43
64,31183,111.796875,-15.713861048008212,8
64,31184,113.203125,-15.713861048008212,51
64,31185,114.609375,-15.713861048008212,31
64,31186,116.015625,-15.713861048008212,34
64,31187,117.421875,-15.713861048008212,46
64,31188,118.828125,-15.713861048008212,37
64,31189,120.234375,-15.713861048008212,52
64,31190,121.640625,-15.713861048008212,30
64,31191,123.04687499999994,-15.713861048008212,28
64,31192,124.453125,-15.713861048008212,43
64,31193,125.859375,-15.713861048008212,71
64,31194,127.265625,-15.713861048008212,60
64,31195,128.671875,-15.713861048008212,45
64,31196,130.078125,-15.713861048008212,41
64,31197,131.484375,-15.713861048008212,83
64,31198,132.890625,-15.713861048008212,75
64,31199,134.296875,-15.713861048008212,36
64,31200,135.703125,-15.713861048008212,53
64,31201,137.109375,-15.713861048008212,35
64,31202,138.515625,-15.713861048008212,22
64,31203,139.921875,-15.713861048008212,22
64,31204,141.328125,-15.713861048008212,35
64,31205,142.734375,-15.713861048008212,17
64,31206,144.140625,-15.713861048008212,23
64,31207,145.546875,-15.713861048008212,18
64,31208,146.953125,-15.713861048008212,18
64,31209,148.359375,-15.713861048008212,50
64,31210,149.765625,-15.713861048008212,24
64,31211,151.171875,-15.713861048008212,15
64,31212,152.578125,-15.713861048008212,27
64,31213,153.984375,-15.713861048008212,30
64,31214,155.390625,-15.713861048008212,17
64,31215,156.796875,-15.713861048008212,8
64,31216,158.203125,-15.713861048008212,25
64,31217,159.609375,-15.713861048008212,24
64,31218,161.015625,-15.713861048008212,21
64,31220,163.828125,-15.713861048008212,6
64,31221,165.234375,-15.713861048008212,8
64,31222,166.640625,-15.713861048008212,3
64,31223,168.046875,-15.713861048008212,2
64,31224,169.453125,-15.713861048008212,9
64,31225,170.859375,-15.713861048008212,13
64,31227,173.671875,-15.713861048008212,2
64,31228,175.078125,-15.713861048008212,7
64,31229,176.484375,-15.713861048008212,5
64,31230,177.890625,-15.713861048008212,2
64,31231,179.296875,-15.713861048008212,1
64,31233,-177.890625,-15.713861048008212,5
64,31234,-176.484375,-15.713861048008212,6
64,31235,-175.078125,-15.713861048008212,1
64,31353,-9.140625,-15.713861048008212,8
64,31354,-7.734375,-15.713861048008212,4
64,31356,-4.921875,-15.713861048008212,5
64,31358,-2.109375,-15.713861048008212,5
64,31359,-0.703125,-15.713861048008212,10
64,31360,0.0,-16.334822780685997,4
64,31361,1.40625,-16.334822780685997,10
64,31362,2.8125,-16.334822780685997,3
64,31363,4.21875,-16.334822780685997,4
64,31364,5.625,-16.334822780685997,14
64,31365,7.03125,-16.334822780685997,14
64,31366,8.4375,-16.334822780685997,19
64,31367,9.84375,-16.334822780685997,14
64,31368,11.25,-16.334822780685997,10
64,31371,15.46875,-16.334822780685997,1
64,31372,16.875,-16.334822780685997,2
64,31373,18.28125,-16.334822780685997,6
64,31374,19.6875,-16.334822780685997,6
64,31375,21.09375,-16.334822780685997,10
64,31376,22.5,-16.334822780685997,9
64,31377,23.90625,-16.334822780685997,11
64,31378,25.3125,-16.334822780685997,15
64,31379,26.71875,-16.334822780685997,12
64,31380,28.125,-16.334822780685997,10
64,31381,29.53125,-16.334822780685997,8
64,31382,30.9375,-16.334822780685997,7
64,31383,32.34375,-16.334822780685997,15
64,31384,33.75,-16.334822780685997,18
64,31385,35.15625,-16.334822780685997,16
64,31386,36.5625,-16.334822780685997,26
64,31387,37.96875,-16.334822780685997,16
64,31388,39.375,-16.334822780685997,1
64,31389,40.78125,-16.334822780685997,7
64,31390,42.1875,-16.334822780685997,22
64,31391,43.59375,-16.334822780685997,31
64,31392,45.0,-16.334822780685997,41
64,31393,46.40625,-16.334822780685997,40
64,31394,47.8125,-16.334822780685997,24
64,31395,49.21875,-16.334822780685997,35
64,31396,50.625,-16.334822780685997,9
64,31397,52.03125,-16.334822780685997,11
64,31398,53.4375,-16.334822780685997,20
64,31399,54.84375,-16.334822780685997,9
64,31400,56.25,-16.334822780685997,5
64,31401,57.65625,-16.334822780685997,8
64,31402,59.0625,-16.334822780685997,16
64,31403,60.46875,-16.334822780685997,7
64,31404,61.875,-16.334822780685997,12
64,31405,63.28125,-16.334822780685997,15
64,31406,64.6875,-16.334822780685997,26
64,31407,66.09375,-16.334822780685997,36
64,31408,67.5,-16.334822780685997,35
64,31409,68.90625,-16.334822780685997,18
64,31410,70.3125,-16.334822780685997,27
64,31411,71.71875,-16.334822780685997,22
64,31412,73.125,-16.334822780685997,10
64,31413,74.53125,-16.334822780685997,14
64,31414,75.9375,-16.334822780685997,15
64,31415,77.34375,-16.334822780685997,24
64,31416,78.75,-16.334822780685997,26
64,31417,80.15625,-16.334822780685997,31
64,31418,81.5625,-16.334822780685997,15
64,31419,82.96875,-16.334822780685997,20
64,31420,84.375,-16.334822780685997,10
64,31421,85.78125,-16.334822780685997,35
64,31422,87.1875,-16.334822780685997,1
64,31423,88.59375,-16.334822780685997,22
64,31424,90.0,-16.334822780685997,16
64,31425,91.40625,-16.334822780685997,5
64,31426,92.8125,-16.334822780685997,14
64,31427,94.21875,-16.334822780685997,43
64,31428,95.625,-16.334822780685997,12
64,31429,97.03125,-16.334822780685997,21
64,31430,98.4375,-16.334822780685997,36
64,31431,99.84375,-16.334822780685997,27
64,31432,101.25,-16.334822780685997,15
64,31433,102.65625,-16.334822780685997,17
64,31434,104.0625,-16.334822780685997,13
64,31435,105.46875,-16.334822780685997,39
64,31436,106.875,-16.334822780685997,22
64,31437,108.28125,-16.334822780685997,28
64,31438,109.6875,-16.334822780685997,41
64,31439,111.09375,-16.334822780685997,14
64,31440,112.5,-16.334822780685997,43
64,31441,113.90625,-16.334822780685997,41
64,31442,115.3125,-16.334822780685997,35
64,31443,116.71875,-16.334822780685997,43
64,31444,118.125,-16.334822780685997,58
64,31445,119.53125,-16.334822780685997,53
64,31446,120.9375,-16.334822780685997,50
64,31447,122.34375,-16.334822780685997,35
64,31448,123.75,-16.334822780685997,27
64,31449,125.15625,-16.334822780685997,30
64,31450,126.5625,-16.334822780685997,63
64,31451,127.96875,-16.334822780685997,54
64,31452,129.375,-16.334822780685997,28
64,31453,130.78125,-16.334822780685997,49
64,31454,132.1875,-16.334822780685997,41
64,31455,133.59375,-16.334822780685997,56
64,31456,135.0,-16.334822780685997,33
64,31457,136.40625,-16.334822780685997,53
64,31458,137.8125,-16.334822780685997,34
64,31459,139.21875,-16.334822780685997,46
64,31460,140.625,-16.334822780685997,25
64,31461,142.03125,-16.334822780685997,56
64,31462,143.4375,-16.334822780685997,22
64,31463,144.84375,-16.334822780685997,17
64,31464,146.25,-16.334822780685997,45
64,31465,147.65625,-16.334822780685997,51
64,31466,149.0625,-16.334822780685997,10
64,31467,150.46875,-16.334822780685997,10
64,31468,151.875,-16.334822780685997,13
64,31469,153.28125,-16.334822780685997,16
64,31470,154.6875,-16.334822780685997,11
64,31471,156.09375,-16.334822780685997,19
64,31472,157.5,-16.334822780685997,15
64,31473,158.90625,-16.334822780685997,14
64,31474,160.3125,-16.334822780685997,9
64,31475,161.71875,-16.334822780685997,4
64,31476,163.125,-16.334822780685997,4
64,31477,164.53125,-16.334822780685997,10
64,31478,165.9375,-16.334822780685997,4
64,31479,167.34375,-16.334822780685997,1
64,31480,168.75,-16.334822780685997,8
64,31481,170.15625,-16.334822780685997,8
64,31482,171.5625,-16.334822780685997,1
64,31484,174.375,-16.334822780685997,9
64,31485,175.78125,-16.334822780685997,12
64,31486,177.1875,-16.334822780685997,2
64,31487,178.59375,-16.334822780685997,2
64,31488,-180.0,-16.334822780685997,2
64,31489,-178.59375,-16.334822780685997,10
64,31490,-177.1875,-16.334822780685997,15
64,31491,-175.78125,-16.334822780685997,3
64,31609,-9.84375,-16.334822780685997,8
64,31610,-8.4375,-16.334822780685997,10
64,31611,-7.03125,-16.334822780685997,4
64,31612,-5.625,-16.334822780685997,6
64,31613,-4.21875,-16.334822780685997,6
64,31614,-2.8125,-16.334822780685997,26
64,31615,-1.40625,-16.334822780685997,14
64,31616,0.703125,-16.95776330000413,5
64,31617,2.109375,-16.95776330000413,6
64,31618,3.515625,-16.95776330000413,5
64,31619,4.921875,-16.95776330000413,8
64,31620,6.328125,-16.95776330000413,4
64,31621,7.734375,-16.95776330000413,13
64,31622,9.140625,-16.95776330000413,10
64,31623,10.546875,-16.95776330000413,5
64,31624,11.953125,-16.95776330000413,6
64,31625,13.359375,-16.95776330000413,1
64,31626,14.765625,-16.95776330000413,2
64,31627,16.171875,-16.95776330000413,2
64,31628,17.578125,-16.95776330000413,9
64,31629,18.984375,-16.95776330000413,7
64,31630,20.390625,-16.95776330000413,5
64,31631,21.796875,-16.95776330000413,6
64,31632,23.203125,-16.95776330000413,15
64,31633,24.609375,-16.95776330000413,9
64,31634,26.015625,-16.95776330000413,5
64,31635,27.421875,-16.95776330000413,1
64,31636,28.828125,-16.95776330000413,4
64,31637,30.234375,-16.95776330000413,1
64,31638,31.640625,-16.95776330000413,7
64,31639,33.046875,-16.95776330000413,17
64,31640,34.453125,-16.95776330000413,15
64,31641,35.859375,-16.95776330000413,14
64,31642,37.265625,-16.95776330000413,7
64,31643,38.671875,-16.95776330000413,12
64,31644,40.078125,-16.95776330000413,7
64,31645,41.484375,-16.95776330000413,13
64,31646,42.890625,-16.95776330000413,28
64,31647,44.296875,-16.95776330000413,8
64,31648,45.703125,-16.95776330000413,9
64,31649,47.109375,-16.95776330000413,10
64,31650,48.515625,-16.95776330000413,7
64,31651,49.921875,-16.95776330000413,12
64,31652,51.328125,-16.95776330000413,11
64,31653,52.734375,-16.95776330000413,14
64,31654,54.140625,-16.95776330000413,31
64,31655,55.546875,-16.95776330000413,8
64,31656,56.953125,-16.95776330000413,10
64,31657,58.359375,-16.95776330000413,26
64,31658,59.765625,-16.95776330000413,25
64,31659,61.171875,-16.95776330000413,16
64,31660,62.578125,-16.95776330000413,23
64,31661,63.984375,-16.95776330000413,14
64,31662,65.390625,-16.95776330000413,12
64,31663,66.796875,-16.95776330000413,7
64,31664,68.203125,-16.95776330000413,12
64,31665,69.609375,-16.95776330000413,7
64,31666,71.015625,-16.95776330000413,15
64,31667,72.421875,-16.95776330000413,6
64,31668,73.828125,-16.95776330000413,17
64,31669,75.234375,-16.95776330000413,4
64,31670,76.640625,-16.95776330000413,13
64,31671,78.046875,-16.95776330000413,12
64,31672,79.453125,-16.95776330000413,19
64,31673,80.859375,-16.95776330000413,7
64,31674,82.265625,-16.95776330000413,12
64,31675,83.671875,-16.95776330000413,10
64,31676,85.078125,-16.95776330000413,8
64,31677,86.484375,-16.95776330000413,5
64,31678,87.890625,-16.95776330000413,7
64,31679,89.296875,-16.95776330000413,3
64,31680,90.703125,-16.95776330000413,23
64,31681,92.109375,-16.95776330000413,29
64,31682,93.515625,-16.95776330000413,17
64,31683,94.921875,-16.95776330000413,11
64,31684,96.328125,-16.95776330000413,26
64,31685,97.734375,-16.95776330000413,22
64,31686,99.140625,-16.95776330000413,19
64,31687,100.546875,-16.95776330000413,17
64,31688,101.953125,-16.95776330000413,7
64,31689,103.359375,-16.95776330000413,24
64,31690,104.765625,-16.95776330000413,24
64,31691,106.171875,-16.95776330000413,9
64,31692,107.578125,-16.95776330000413,22
64,31693,108.984375,-16.95776330000413,24
64,31694,110.390625,-16.95776330000413,10
64,31695,111.796875,-16.95776330000413,23
64,31696,113.203125,-16.95776330000413,30
64,31697,114.609375,-16.95776330000413,37
64,31698,116.015625,-16.95776330000413,32
64,31699,117.421875,-16.95776330000413,17
64,31700,118.828125,-16.95776330000413,39
64,31701,120.234375,-16.95776330000413,24
64,31702,121.640625,-16.95776330000413,40
64,31703,123.04687499999994,-16.95776330000413,35
64,31704,124.453125,-16.95776330000413,20
64,31705,125.859375,-16.95776330000413,38
64,31706,127.265625,-16.95776330000413,50
64,31707,128.671875,-16.95776330000413,46
64,31708,130.078125,-16.95776330000413,22
64,31709,131.484375,-16.95776330000413,53
64,31710,132.890625,-16.95776330000413,62
64,31711,134.296875,-16.95776330000413,50
64,31712,135.703125,-16.95776330000413,19
64,31713,137.109375,-16.95776330000413,52
64,31714,138.515625,-16.95776330000413,19
64,31715,139.921875,-16.95776330000413,26
64,31716,141.328125,-16.95776330000413,13
64,31717,142.734375,-16.95776330000413,6
64,31718,144.140625,-16.95776330000413,34
64,31719,145.546875,-16.95776330000413,16
64,31720,146.953125,-16.95776330000413,17
64,31721,148.359375,-16.95776330000413,24
64,31722,149.765625,-16.95776330000413,9
64,31723,151.171875,-16.95776330000413,8
64,31724,152.578125,-16.95776330000413,21
64,31725,153.984375,-16.95776330000413,23
64,31726,155.390625,-16.95776330000413,3
64,31727,156.796875,-16.95776330000413,5
64,31728,158.203125,-16.95776330000413,12
64,31729,159.609375,-16.95776330000413,11
64,31730,161.015625,-16.95776330000413,3
64,31731,162.421875,-16.95776330000413,2
64,31732,163.828125,-16.95776330000413,2
64,31733,165.234375,-16.95776330000413,3
64,31734,166.640625,-16.95776330000413,3
64,31736,169.453125,-16.95776330000413,2
64,31737,170.859375,-16.95776330000413,1
64,31738,172.265625,-16.95776330000413,20
64,31739,173.671875,-16.95776330000413,8
64,31740,175.078125,-16.95776330000413,1
64,31741,176.484375,-16.95776330000413,4
64,31744,-179.296875,-16.95776330000413,5
64,31745,-177.890625,-16.95776330000413,6
64,31746,-176.484375,-16.95776330000413,1
64,31747,-175.078125,-16.95776330000413,2
64,31865,-9.140625,-16.95776330000413,1
64,31866,-7.734375,-16.95776330000413,3
64,31868,-4.921875,-16.95776330000413,4
64,31869,-3.515625,-16.95776330000413,6
64,31872,0.0,-17.582776008425398,2
64,31873,1.40625,-17.582776008425398,3
64,31875,4.21875,-17.582776008425398,3
64,31878,8.4375,-17.582776008425398,3
64,31879,9.84375,-17.582776008425398,4
64,31880,11.25,-17.582776008425398,2
64,31882,14.0625,-17.582776008425398,3
64,31883,15.46875,-17.582776008425398,2
64,31884,16.875,-17.582776008425398,5
64,31885,18.28125,-17.582776008425398,10
64,31886,19.6875,-17.582776008425398,13
64,31887,21.09375,-17.582776008425398,4
64,31888,22.5,-17.582776008425398,6
64,31890,25.3125,-17.582776008425398,6
64,31891,26.71875,-17.582776008425398,26
64,31892,28.125,-17.582776008425398,7
64,31893,29.53125,-17.582776008425398,7
64,31894,30.9375,-17.582776008425398,3
64,31895,32.34375,-17.582776008425398,20
64,31896,33.75,-17.582776008425398,7
64,31897,35.15625,-17.582776008425398,6
64,31898,36.5625,-17.582776008425398,9
64,31899,37.96875,-17.582776008425398,6
64,31900,39.375,-17.582776008425398,15
64,31901,40.78125,-17.582776008425398,22
64,31902,42.1875,-17.582776008425398,4
64,31903,43.59375,-17.582776008425398,28
64,31904,45.0,-17.582776008425398,11
64,31905,46.40625,-17.582776008425398,23
64,31906,47.8125,-17.582776008425398,11
64,31907,49.21875,-17.582776008425398,12
64,31908,50.625,-17.582776008425398,8
64,31909,52.03125,-17.582776008425398,12
64,31910,53.4375,-17.582776008425398,16
64,31911,54.84375,-17.582776008425398,21
64,31912,56.25,-17.582776008425398,16
64,31913,57.65625,-17.582776008425398,12
64,31914,59.0625,-17.582776008425398,11
64,31915,60.46875,-17.582776008425398,27
64,31916,61.875,-17.582776008425398,8
64,31917,63.28125,-17.582776008425398,5
64,31918,64.6875,-17.582776008425398,14
64,31919,66.09375,-17.582776008425398,21
64,31920,67.5,-17.582776008425398,8
64,31921,68.90625,-17.582776008425398,10
64,31922,70.3125,-17.582776008425398,18
64,31923,71.71875,-17.582776008425398,14
64,31924,73.125,-17.582776008425398,10
64,31925,74.53125,-17.582776008425398,18
64,31926,75.9375,-17.582776008425398,11
64,31927,77.34375,-17.582776008425398,7
64,31928,78.75,-17.582776008425398,10
64,31929,80.15625,-17.582776008425398,9
64,31930,81.5625,-17.582776008425398,2
64,31931,82.96875,-17.582776008425398,31
64,31932,84.375,-17.582776008425398,17
64,31933,85.78125,-17.582776008425398,14
64,31934,87.1875,-17.582776008425398,12
64,31935,88.59375,-17.582776008425398,2
64,31936,90.0,-17.582776008425398,3
64,31937,91.40625,-17.582776008425398,16
64,31938,92.8125,-17.582776008425398,28
64,31939,94.21875,-17.582776008425398,19
64,31940,95.625,-17.582776008425398,23
64,31941,97.03125,-17.582776008425398,7
64,31942,98.4375,-17.582776008425398,13
64,31943,99.84375,-17.582776008425398,9
64,31944,101.25,-17.582776008425398,14
64,31945,102.65625,-17.582776008425398,14
64,31946,104.0625,-17.582776008425398,32
64,31947,105.46875,-17.582776008425398,35
64,31948,106.875,-17.582776008425398,27
64,31949,108.28125,-17.582776008425398,27
64,31950,109.6875,-17.582776008425398,26
64,31951,111.09375,-17.582776008425398,34
64,31952,112.5,-17.582776008425398,32
64,31953,113.90625,-17.582776008425398,40
64,31954,115.3125,-17.582776008425398,27
64,31955,116.71875,-17.582776008425398,20
64,31956,118.125,-17.582776008425398,21
64,31957,119.53125,-17.582776008425398,27
64,31958,120.9375,-17.582776008425398,46
64,31959,122.34375,-17.582776008425398,16
64,31960,123.75,-17.582776008425398,42
64,31961,125.15625,-17.582776008425398,18
64,31962,126.5625,-17.582776008425398,25
64,31963,127.96875,-17.582776008425398,44
64,31964,129.375,-17.582776008425398,34
64,31965,130.78125,-17.582776008425398,16
64,31966,132.1875,-17.582776008425398,32
64,31967,133.59375,-17.582776008425398,33
64,31968,135.0,-17.582776008425398,23
64,31969,136.40625,-17.582776008425398,13
64,31970,137.8125,-17.582776008425398,13
64,31971,139.21875,-17.582776008425398,37
64,31972,140.625,-17.582776008425398,18
64,31973,142.03125,-17.582776008425398,21
64,31974,143.4375,-17.582776008425398,6
64,31975,144.84375,-17.582776008425398,31
64,31976,146.25,-17.582776008425398,6
64,31977,147.65625,-17.582776008425398,4
64,31978,149.0625,-17.582776008425398,27
64,31979,150.46875,-17.582776008425398,10
64,31980,151.875,-17.582776008425398,13
64,31981,153.28125,-17.582776008425398,10
64,31982,154.6875,-17.582776008425398,7
64,31983,156.09375,-17.582776008425398,15
64,31984,157.5,-17.582776008425398,3
64,31985,158.90625,-17.582776008425398,13
64,31986,160.3125,-17.582776008425398,7
64,31987,161.71875,-17.582776008425398,7
64,31988,163.125,-17.582776008425398,6
64,31989,164.53125,-17.582776008425398,5
64,31990,165.9375,-17.582776008425398,7
64,31991,167.34375,-17.582776008425398,3
64,31992,168.75,-17.582776008425398,6
64,31994,171.5625,-17.582776008425398,5
64,31995,172.96875,-17.582776008425398,11
64,32000,-180.0,-17.582776008425398,12
64,32001,-178.59375,-17.582776008425398,3
64,32003,-175.78125,-17.582776008425398,3
64,32122,-8.4375,-17.582776008425398,5
64,32124,-5.625,-17.582776008425398,8
64,32126,-2.8125,-17.582776008425398,6
64,32129,2.109375,-18.209956864283,2
64,32130,3.515625,-18.209956864283,7
64,32131,4.921875,-18.209956864283,4
64,32132,6.328125,-18.209956864283,9
64,32134,9.140625,-18.209956864283,7
64,32135,10.546875,-18.209956864283,4
64,32136,11.953125,-18.209956864283,13
64,32137,13.359375,-18.209956864283,3
64,32138,14.765625,-18.209956864283,3
64,32140,17.578125,-18.209956864283,5
64,32141,18.984375,-18.209956864283,11
64,32142,20.390625,-18.209956864283,3
64,32143,21.796875,-18.209956864283,14
64,32144,23.203125,-18.209956864283,5
64,32145,24.609375,-18.209956864283,8
64,32146,26.015625,-18.209956864283,6
64,32147,27.421875,-18.209956864283,15
64,32148,28.828125,-18.209956864283,9
64,32150,31.640625,-18.209956864283,8
64,32151,33.046875,-18.209956864283,11
64,32152,34.453125,-18.209956864283,17
64,32153,35.859375,-18.209956864283,8
64,32155,38.671875,-18.209956864283,9
64,32156,40.078125,-18.209956864283,7
64,32157,41.484375,-18.209956864283,13
64,32158,42.890625,-18.209956864283,15
64,32159,44.296875,-18.209956864283,27
64,32160,45.703125,-18.209956864283,31
64,32161,47.109375,-18.209956864283,5
64,32162,48.515625,-18.209956864283,18
64,32163,49.921875,-18.209956864283,12
64,32164,51.328125,-18.209956864283,20
64,32165,52.734375,-18.209956864283,10
64,32166,54.140625,-18.209956864283,5
64,32167,55.546875,-18.209956864283,17
64,32168,56.953125,-18.209956864283,8
64,32169,58.359375,-18.209956864283,4
64,32170,59.765625,-18.209956864283,2
64,32171,61.171875,-18.209956864283,6
64,32172,62.578125,-18.209956864283,4
64,32173,63.984375,-18.209956864283,16
64,32174,65.390625,-18.209956864283,18
64,32175,66.796875,-18.209956864283,12
64,32176,68.203125,-18.209956864283,9
64,32177,69.609375,-18.209956864283,4
64,32178,71.015625,-18.209956864283,3
64,32179,72.421875,-18.209956864283,7
64,32180,73.828125,-18.209956864283,2
64,32181,75.234375,-18.209956864283,5
64,32182,76.640625,-18.209956864283,17
64,32183,78.046875,-18.209956864283,6
64,32184,79.453125,-18.209956864283,9
64,32185,80.859375,-18.209956864283,3
64,32186,82.265625,-18.209956864283,11
64,32187,83.671875,-18.209956864283,11
64,32188,85.078125,-18.209956864283,58
64,32189,86.484375,-18.209956864283,1
64,32190,87.890625,-18.209956864283,17
64,32191,89.296875,-18.209956864283,4
64,32192,90.703125,-18.209956864283,30
64,32193,92.109375,-18.209956864283,12
64,32194,93.515625,-18.209956864283,6
64,32195,94.921875,-18.209956864283,19
64,32196,96.328125,-18.209956864283,32
64,32197,97.734375,-18.209956864283,22
64,32198,99.140625,-18.209956864283,24
64,32199,100.546875,-18.209956864283,8
64,32200,101.953125,-18.209956864283,19
64,32201,103.359375,-18.209956864283,9
64,32202,104.765625,-18.209956864283,24
64,32203,106.171875,-18.209956864283,23
64,32204,107.578125,-18.209956864283,25
64,32205,108.984375,-18.209956864283,13
64,32206,110.390625,-18.209956864283,30
64,32207,111.796875,-18.209956864283,30
64,32208,113.203125,-18.209956864283,43
64,32209,114.609375,-18.209956864283,21
64,32210,116.015625,-18.209956864283,26
64,32211,117.421875,-18.209956864283,49
64,32212,118.828125,-18.209956864283,47
64,32213,120.234375,-18.209956864283,12
64,32214,121.640625,-18.209956864283,20
64,32215,123.04687499999994,-18.209956864283,59
64,32216,124.453125,-18.209956864283,28
64,32217,125.859375,-18.209956864283,25
64,32218,127.265625,-18.209956864283,6
64,32219,128.671875,-18.209956864283,21
64,32220,130.078125,-18.209956864283,37
64,32221,131.484375,-18.209956864283,13
64,32222,132.890625,-18.209956864283,22
64,32223,134.296875,-18.209956864283,24
64,32224,135.703125,-18.209956864283,35
64,32225,137.109375,-18.209956864283,31
64,32226,138.515625,-18.209956864283,27
64,32227,139.921875,-18.209956864283,20
64,32228,141.328125,-18.209956864283,24
64,32229,142.734375,-18.209956864283,4
64,32230,144.140625,-18.209956864283,13
64,32231,145.546875,-18.209956864283,12
64,32232,146.953125,-18.209956864283,9
64,32233,148.359375,-18.209956864283,1
64,32234,149.765625,-18.209956864283,13
64,32235,151.171875,-18.209956864283,8
64,32236,152.578125,-18.209956864283,13
64,32237,153.984375,-18.209956864283,10
64,32238,155.390625,-18.209956864283,18
64,32239,156.796875,-18.209956864283,6
64,32240,158.203125,-18.209956864283,7
64,32241,159.609375,-18.209956864283,10
64,32242,161.015625,-18.209956864283,5
64,32244,163.828125,-18.209956864283,6
64,32245,165.234375,-18.209956864283,10
64,32246,166.640625,-18.209956864283,10
64,32248,169.453125,-18.209956864283,3
64,32249,170.859375,-18.209956864283,2
64,32250,172.265625,-18.209956864283,10
64,32251,173.671875,-18.209956864283,2
64,32255,179.296875,-18.209956864283,5
64,32381,-3.515625,-18.209956864283,5
64,32382,-2.109375,-18.209956864283,3
64,32383,-0.703125,-18.209956864283,7
64,32384,0.0,-18.83940454727545,3
64,32386,2.8125,-18.83940454727545,3
64,32387,4.21875,-18.83940454727545,24
64,32389,7.03125,-18.83940454727545,14
64,32390,8.4375,-18.83940454727545,1
64,32391,9.84375,-18.83940454727545,5
64,32392,11.25,-18.83940454727545,3
64,32393,12.65625,-18.83940454727545,3
64,32394,14.0625,-18.83940454727545,11
64,32395,15.46875,-18.83940454727545,5
64,32396,16.875,-18.83940454727545,10
64,32397,18.28125,-18.83940454727545,2
64,32398,19.6875,-18.83940454727545,13
64,32399,21.09375,-18.83940454727545,10
64,32400,22.5,-18.83940454727545,3
64,32401,23.90625,-18.83940454727545,7
64,32402,25.3125,-18.83940454727545,8
64,32403,26.71875,-18.83940454727545,7
64,32404,28.125,-18.83940454727545,11
64,32405,29.53125,-18.83940454727545,2
64,32406,30.9375,-18.83940454727545,3
64,32407,32.34375,-18.83940454727545,8
64,32408,33.75,-18.83940454727545,8
64,32409,35.15625,-18.83940454727545,2
64,32411,37.96875,-18.83940454727545,3
64,32412,39.375,-18.83940454727545,8
64,32413,40.78125,-18.83940454727545,17
64,32414,42.1875,-18.83940454727545,37
64,32415,43.59375,-18.83940454727545,5
64,32416,45.0,-18.83940454727545,4
64,32417,46.40625,-18.83940454727545,12
64,32418,47.8125,-18.83940454727545,26
64,32419,49.21875,-18.83940454727545,21
64,32420,50.625,-18.83940454727545,3
64,32421,52.03125,-18.83940454727545,1
64,32422,53.4375,-18.83940454727545,5
64,32423,54.84375,-18.83940454727545,17
64,32424,56.25,-18.83940454727545,12
64,32425,57.65625,-18.83940454727545,2
64,32426,59.0625,-18.83940454727545,9
64,32427,60.46875,-18.83940454727545,12
64,32428,61.875,-18.83940454727545,3
64,32429,63.28125,-18.83940454727545,5
64,32430,64.6875,-18.83940454727545,5
64,32431,66.09375,-18.83940454727545,12
64,32432,67.5,-18.83940454727545,10
64,32433,68.90625,-18.83940454727545,2
64,32434,70.3125,-18.83940454727545,11
64,32435,71.71875,-18.83940454727545,6
64,32436,73.125,-18.83940454727545,2
64,32437,74.53125,-18.83940454727545,2
64,32438,75.9375,-18.83940454727545,7
64,32439,77.34375,-18.83940454727545,17
64,32440,78.75,-18.83940454727545,8
64,32441,80.15625,-18.83940454727545,13
64,32443,82.96875,-18.83940454727545,7
64,32444,84.375,-18.83940454727545,19
64,32445,85.78125,-18.83940454727545,17
64,32446,87.1875,-18.83940454727545,16
64,32447,88.59375,-18.83940454727545,9
64,32448,90.0,-18.83940454727545,8
64,32449,91.40625,-18.83940454727545,33
64,32450,92.8125,-18.83940454727545,18
64,32451,94.21875,-18.83940454727545,12
64,32452,95.625,-18.83940454727545,22
64,32453,97.03125,-18.83940454727545,24
64,32454,98.4375,-18.83940454727545,15
64,32455,99.84375,-18.83940454727545,13
64,32456,101.25,-18.83940454727545,15
64,32457,102.65625,-18.83940454727545,14
64,32458,104.0625,-18.83940454727545,5
64,32459,105.46875,-18.83940454727545,11
64,32460,106.875,-18.83940454727545,18
64,32461,108.28125,-18.83940454727545,37
64,32462,109.6875,-18.83940454727545,26
64,32463,111.09375,-18.83940454727545,25
64,32464,112.5,-18.83940454727545,30
64,32465,113.90625,-18.83940454727545,54
64,32466,115.3125,-18.83940454727545,32
64,32467,116.71875,-18.83940454727545,47
64,32468,118.125,-18.83940454727545,30
64,32469,119.53125,-18.83940454727545,11
64,32470,120.9375,-18.83940454727545,29
64,32471,122.34375,-18.83940454727545,31
64,32472,123.75,-18.83940454727545,32
64,32473,125.15625,-18.83940454727545,6
64,32474,126.5625,-18.83940454727545,18
64,32475,127.96875,-18.83940454727545,33
64,32476,129.375,-18.83940454727545,22
64,32477,130.78125,-18.83940454727545,25
64,32478,132.1875,-18.83940454727545,6
64,32479,133.59375,-18.83940454727545,20
64,32480,135.0,-18.83940454727545,29
64,32481,136.40625,-18.83940454727545,22
64,32482,137.8125,-18.83940454727545,27
64,32483,139.21875,-18.83940454727545,27
64,32484,140.625,-18.83940454727545,14
64,32485,142.03125,-18.83940454727545,13
64,32486,143.4375,-18.83940454727545,14
64,32487,144.84375,-18.83940454727545,12
64,32488,146.25,-18.83940454727545,11
64,32489,147.65625,-18.83940454727545,2
64,32490,149.0625,-18.83940454727545,11
64,32491,150.46875,-18.83940454727545,9
64,32492,151.875,-18.83940454727545,16
64,32493,153.28125,-18.83940454727545,10
64,32494,154.6875,-18.83940454727545,24
64,32495,156.09375,-18.83940454727545,36
64,32496,157.5,-18.83940454727545,13
64,32497,158.90625,-18.83940454727545,7
64,32498,160.3125,-18.83940454727545,8
64,32499,161.71875,-18.83940454727545,11
64,32500,163.125,-18.83940454727545,11
64,32503,167.34375,-18.83940454727545,13
64,32504,168.75,-18.83940454727545,2
64,32505,170.15625,-18.83940454727545,3
64,32507,172.96875,-18.83940454727545,1
64,32511,178.59375,-18.83940454727545,1
64,32512,-180.0,-18.83940454727545,11
64,32638,-2.8125,-18.83940454727545,2
64,32639,-1.40625,-18.83940454727545,1
64,32640,0.703125,-19.47122063449069,9
64,32641,2.109375,-19.47122063449069,4
64,32642,3.515625,-19.47122063449069,5
64,32643,4.921875,-19.47122063449069,3
64,32644,6.328125,-19.47122063449069,6
64,32645,7.734375,-19.47122063449069,1
64,32646,9.140625,-19.47122063449069,5
64,32647,10.546875,-19.47122063449069,10
64,32650,14.765625,-19.47122063449069,3
64,32652,17.578125,-19.47122063449069,13
64,32653,18.984375,-19.47122063449069,1
64,32654,20.390625,-19.47122063449069,12
64,32655,21.796875,-19.47122063449069,9
64,32657,24.609375,-19.47122063449069,8
64,32658,26.015625,-19.47122063449069,8
64,32660,28.828125,-19.47122063449069,12
64,32661,30.234375,-19.47122063449069,3
64,32662,31.640625,-19.47122063449069,16
64,32663,33.046875,-19.47122063449069,3
64,32664,34.453125,-19.47122063449069,12
64,32665,35.859375,-19.47122063449069,3
64,32666,37.265625,-19.47122063449069,7
64,32667,38.671875,-19.47122063449069,4
64,32669,41.484375,-19.47122063449069,13
64,32670,42.890625,-19.47122063449069,21
64,32671,44.296875,-19.47122063449069,9
64,32672,45.703125,-19.47122063449069,14
64,32673,47.109375,-19.47122063449069,12
64,32674,48.515625,-19.47122063449069,18
64,32675,49.921875,-19.47122063449069,20
64,32676,51.328125,-19.47122063449069,7
64,32677,52.734375,-19.47122063449069,7
64,32678,54.140625,-19.47122063449069,7
64,32679,55.546875,-19.47122063449069,9
64,32680,56.953125,-19.47122063449069,3
64,32681,58.359375,-19.47122063449069,1
64,32682,59.765625,-19.47122063449069,9
64,32683,61.171875,-19.47122063449069,2
64,32684,62.578125,-19.47122063449069,17
64,32685,63.984375,-19.47122063449069,8
64,32686,65.390625,-19.47122063449069,1
64,32687,66.796875,-19.47122063449069,2
64,32688,68.203125,-19.47122063449069,7
64,32690,71.015625,-19.47122063449069,6
64,32691,72.421875,-19.47122063449069,16
64,32692,73.828125,-19.47122063449069,16
64,32693,75.234375,-19.47122063449069,8
64,32694,76.640625,-19.47122063449069,6
64,32695,78.046875,-19.47122063449069,4
64,32696,79.453125,-19.47122063449069,10
64,32697,80.859375,-19.47122063449069,5
64,32698,82.265625,-19.47122063449069,14
64,32699,83.671875,-19.47122063449069,11
64,32700,85.078125,-19.47122063449069,18
64,32701,86.484375,-19.47122063449069,9
64,32702,87.890625,-19.47122063449069,13
64,32703,89.296875,-19.47122063449069,20
64,32704,90.703125,-19.47122063449069,18
64,32705,92.109375,-19.47122063449069,10
64,32706,93.515625,-19.47122063449069,15
64,32707,94.921875,-19.47122063449069,16
64,32708,96.328125,-19.47122063449069,20
64,32709,97.734375,-19.47122063449069,11
64,32710,99.140625,-19.47122063449069,4
64,32711,100.546875,-19.47122063449069,28
64,32712,101.953125,-19.47122063449069,14
64,32713,103.359375,-19.47122063449069,22
64,32714,104.765625,-19.47122063449069,20
64,32715,106.171875,-19.47122063449069,7
64,32716,107.578125,-19.47122063449069,27
64,32717,108.984375,-19.47122063449069,23
64,32718,110.390625,-19.47122063449069,37
64,32719,111.796875,-19.47122063449069,27
64,32720,113.203125,-19.47122063449069,31
64,32721,114.609375,-19.47122063449069,45
64,32722,116.015625,-19.47122063449069,66
64,32723,117.421875,-19.47122063449069,17
64,32724,118.828125,-19.47122063449069,38
64,32725,120.234375,-19.47122063449069,32
64,32726,121.640625,-19.47122063449069,16
64,32727,123.04687499999994,-19.47122063449069,20
64,32728,124.453125,-19.47122063449069,27
64,32729,125.859375,-19.47122063449069,21
64,32730,127.265625,-19.47122063449069,13
64,32731,128.671875,-19.47122063449069,7
64,32732,130.078125,-19.47122063449069,6
64,32733,131.484375,-19.47122063449069,13
64,32734,132.890625,-19.47122063449069,18
64,32735,134.296875,-19.47122063449069,32
64,32736,135.703125,-19.47122063449069,6
64,32737,137.109375,-19.47122063449069,10
64,32738,138.515625,-19.47122063449069,30
64,32739,139.921875,-19.47122063449069,15
64,32740,141.328125,-19.47122063449069,17
64,32741,142.734375,-19.47122063449069,5
64,32742,144.140625,-19.47122063449069,10
64,32743,145.546875,-19.47122063449069,11
64,32744,146.953125,-19.47122063449069,11
64,32746,149.765625,-19.47122063449069,18
64,32747,151.171875,-19.47122063449069,10
64,32748,152.578125,-19.47122063449069,6
64,32749,153.984375,-19.47122063449069,8
64,32750,155.390625,-19.47122063449069,14
64,32751,156.796875,-19.47122063449069,6
64,32752,158.203125,-19.47122063449069,5
64,32753,159.609375,-19.47122063449069,2
64,32754,161.015625,-19.47122063449069,3
64,32756,163.828125,-19.47122063449069,3
64,32759,168.046875,-19.47122063449069,5
64,32760,169.453125,-19.47122063449069,2
64,32761,170.859375,-19.47122063449069,8
64,32762,172.265625,-19.47122063449069,11
64,32763,173.671875,-19.47122063449069,3
64,32764,175.078125,-19.47122063449069,1
64,32767,179.296875,-19.47122063449069,12
64,32768,-179.296875,-19.47122063449069,7
64,32894,-2.109375,-19.47122063449069,2
64,32895,-0.703125,-19.47122063449069,2
64,32896,0.0,-20.105509787916006,1
64,32898,2.8125,-20.105509787916006,2
64,32900,5.625,-20.105509787916006,5
64,32902,8.4375,-20.105509787916006,4
64,32906,14.0625,-20.105509787916006,3
64,32910,19.6875,-20.105509787916006,1
64,32912,22.5,-20.105509787916006,3
64,32914,25.3125,-20.105509787916006,5
64,32916,28.125,-20.105509787916006,6
64,32917,29.53125,-20.105509787916006,5
64,32918,30.9375,-20.105509787916006,6
64,32920,33.75,-20.105509787916006,2
64,32923,37.96875,-20.105509787916006,3
64,32925,40.78125,-20.105509787916006,10
64,32926,42.1875,-20.105509787916006,13
64,32927,43.59375,-20.105509787916006,8
64,32928,45.0,-20.105509787916006,3
64,32929,46.40625,-20.105509787916006,4
64,32930,47.8125,-20.105509787916006,3
64,32931,49.21875,-20.105509787916006,2
64,32932,50.625,-20.105509787916006,2
64,32933,52.03125,-20.105509787916006,10
64,32934,53.4375,-20.105509787916006,2
64,32935,54.84375,-20.105509787916006,2
64,32936,56.25,-20.105509787916006,4
64,32939,60.46875,-20.105509787916006,1
64,32940,61.875,-20.105509787916006,2
64,32941,63.28125,-20.105509787916006,8
64,32942,64.6875,-20.105509787916006,3
64,32943,66.09375,-20.105509787916006,3
64,32945,68.90625,-20.105509787916006,1
64,32947,71.71875,-20.105509787916006,5
64,32948,73.125,-20.105509787916006,2
64,32949,74.53125,-20.105509787916006,3
64,32950,75.9375,-20.105509787916006,4
64,32951,77.34375,-20.105509787916006,6
64,32952,78.75,-20.105509787916006,2
64,32953,80.15625,-20.105509787916006,7
64,32956,84.375,-20.105509787916006,15
64,32957,85.78125,-20.105509787916006,7
64,32958,87.1875,-20.105509787916006,19
64,32959,88.59375,-20.105509787916006,3
64,32960,90.0,-20.105509787916006,7
64,32961,91.40625,-20.105509787916006,7
64,32962,92.8125,-20.105509787916006,5
64,32964,95.625,-20.105509787916006,6
64,32965,97.03125,-20.105509787916006,7
64,32966,98.4375,-20.105509787916006,4
64,32967,99.84375,-20.105509787916006,5
64,32968,101.25,-20.105509787916006,8
64,32969,102.65625,-20.105509787916006,10
64,32970,104.0625,-20.105509787916006,4
64,32971,105.46875,-20.105509787916006,10
64,32972,106.875,-20.105509787916006,7
64,32973,108.28125,-20.105509787916006,11
64,32974,109.6875,-20.105509787916006,4
64,32975,111.09375,-20.105509787916006,8
64,32976,112.5,-20.105509787916006,11
64,32978,115.3125,-20.105509787916006,8
64,32979,116.71875,-20.105509787916006,7
64,32980,118.125,-20.105509787916006,12
64,32981,119.53125,-20.105509787916006,2
64,32982,120.9375,-20.105509787916006,11
64,32984,123.75,-20.105509787916006,16
64,32985,125.15625,-20.105509787916006,2
64,32986,126.5625,-20.105509787916006,16
64,32988,129.375,-20.105509787916006,10
64,32990,132.1875,-20.105509787916006,3
64,32994,137.8125,-20.105509787916006,19
64,32996,140.625,-20.105509787916006,15
64,32997,142.03125,-20.105509787916006,1
64,32998,143.4375,-20.105509787916006,1
64,33000,146.25,-20.105509787916006,2
64,33001,147.65625,-20.105509787916006,6
64,33002,149.0625,-20.105509787916006,3
64,33004,151.875,-20.105509787916006,14
64,33008,157.5,-20.105509787916006,1
64,33010,160.3125,-20.105509787916006,3
64,33012,163.125,-20.105509787916006,4
64,33016,168.75,-20.105509787916006,1
64,33018,171.5625,-20.105509787916006,7
64,33022,177.1875,-20.105509787916006,4
64,33181,41.484375,-20.742379954487134,6
64,33182,42.890625,-20.742379954487134,2
64,33185,47.109375,-20.742379954487134,2
64,33186,48.515625,-20.742379954487134,2
64,33188,51.328125,-20.742379954487134,1
64,33189,52.734375,-20.742379954487134,2
64,33190,54.140625,-20.742379954487134,2
64,33192,56.953125,-20.742379954487134,1
64,33195,61.171875,-20.742379954487134,2
64,33200,68.203125,-20.742379954487134,2
64,33204,73.828125,-20.742379954487134,1
64,33207,78.046875,-20.742379954487134,3
64,33208,79.453125,-20.742379954487134,4
64,33215,89.296875,-20.742379954487134,6
64,33219,94.921875,-20.742379954487134,6
64,33220,96.328125,-20.742379954487134,3
64,33221,97.734375,-20.742379954487134,6
64,33222,99.140625,-20.742379954487134,4
64,33227,106.171875,-20.742379954487134,1
64,33228,107.578125,-20.742379954487134,4
64,33230,110.390625,-20.742379954487134,2
64,33232,113.203125,-20.742379954487134,2
64,33233,114.609375,-20.742379954487134,3
64,33234,116.015625,-20.742379954487134,3
64,33236,118.828125,-20.742379954487134,1
64,33239,123.04687499999994,-20.742379954487134,2
64,33438,42.1875,-21.381942579838892,1
64,33485,108.28125,-21.381942579838892,1
64,33486,109.6875,-21.381942579838892,1
64,33487,111.09375,-21.381942579838892,1
64,33493,119.53125,-21.381942579838892,2
