night,quality_code,quality_reason,primary_science_included,unknown_science_included,known_mpc_state,unknown_mpc_state,operations_run_class,known_run_class,unknown_run_class,known_start_utc,known_start_event_id,known_start_outcome,known_trigger_class,known_start_candidate_n,known_pairing_note,unknown_start_utc,unknown_start_event_id,unknown_start_outcome,unknown_trigger_class,unknown_start_candidate_n,unknown_pairing_note,unknown_end_utc,unknown_end_event_id,l2_latest_mtime_utc,l2_latest_evidence_id,known_all_mtime_utc,known_match1_mtime_utc,known_mask15_mtime_utc,known_ades_mtime_utc,known_reply_mtime_utc,unknown_catalog_mtime_utc,unknown_summary_mtime_utc,review_manifest_mtime_utc,review_csv_mtime_utc,submit_csv_mtime_utc,unknown_ades_mtime_utc,unknown_reply_mtime_utc,auto_l2_latest_to_known_start_hours,auto_known_start_to_ades_hours,auto_l2_latest_to_known_ades_hours,auto_known_reply_to_unknown_start_hours,auto_known_mask15_to_unknown_start_hours,auto_unknown_start_to_end_minutes,auto_unknown_start_to_catalog_hours,auto_unknown_start_to_review_package_hours,human_review_package_to_review_csv_hours,human_review_package_to_submit_csv_hours,human_review_csv_to_submit_csv_hours,mpc_known_ades_to_reply_hours,mpc_unknown_ades_to_reply_hours,end_to_end_l2_latest_to_known_reply_hours,end_to_end_l2_latest_to_unknown_catalog_hours,end_to_end_l2_latest_to_review_package_hours,end_to_end_l2_latest_to_unknown_reply_hours,timing_consistency_flags,latest_mtime_caveat,cpu_accounting_status,ram_accounting_status
20251115,quality_ok,,True,True,matched_without_ades,not_run,latest_mtime_only,latest_mtime_only,no_evidence,,,,,0,no_explicit_processing_segment,,,,,0,no_explicit_processing_segment,,,2026-01-26T04:45:14.408648Z,evt_bbc25689b05d4116,2026-03-29T07:49:55.236175Z,2026-03-29T07:49:55.414171Z,,2026-03-30T11:09:11.845798Z,,,,,,,,,,,1518.399288097222,,,,,,,,,,,,,,,,inventory timestamps are latest mtimes and may reflect reruns or copies,unavailable_slurm_accounting_disabled,unavailable_slurm_accounting_disabled
20251116,quality_ok,,True,True,matched_without_ades,catalog_nonempty,latest_mtime_only,latest_mtime_only,latest_mtime_only,,,,,0,no_explicit_processing_segment,,,,,0,no_explicit_processing_segment,,,2026-01-26T07:38:58.724041Z,evt_f5f0c1a8fc6051bc,2026-06-19T06:22:04.819276Z,2026-06-19T06:22:05.453264Z,2026-06-19T06:22:06.070252Z,,,2026-06-19T19:46:46.688212Z,2026-06-19T19:46:46.089373Z,2026-06-19T19:49:37.689525Z,2026-06-20T02:43:27.145141Z,2026-06-20T02:43:27.145141Z,2026-06-20T05:00:07.256313Z,,,,,,,,,,6.897071004444444,6.897071004444444,0.0,,,,3468.1299900475,3468.1774904122226,,,inventory timestamps are latest mtimes and may reflect reruns or copies,unavailable_slurm_accounting_disabled,unavailable_slurm_accounting_disabled
20251117,no_strict_raw,,True,True,not_run,not_run,no_evidence,no_evidence,no_evidence,,,,,0,no_explicit_processing_segment,,,,,0,no_explicit_processing_segment,,,,,,,,,,,,,,,,,,,,,,,,,,,,,,,,,,,,unavailable_slurm_accounting_disabled,unavailable_slurm_accounting_disabled
20251118,quality_ok,,True,True,reply_received,catalog_nonempty,latest_mtime_only,latest_mtime_only,latest_mtime_only,,,,,0,no_explicit_processing_segment,,,,,0,no_explicit_processing_segment,,,2026-01-26T16:58:05.068980Z,evt_6ebe0adf2346cabd,2026-06-19T06:22:53.036355Z,2026-06-19T06:22:53.737342Z,2026-06-19T06:22:54.442328Z,2026-03-30T11:09:16.445699Z,2026-03-30T11:09:30.570395Z,2026-06-19T19:49:58.342552Z,2026-06-19T19:49:57.812990Z,2026-06-19T20:07:09.962423Z,2026-06-20T02:51:46.312690Z,2026-06-20T02:51:46.312690Z,2026-06-20T05:00:07.736304Z,,,,1506.1864935330555,,,,,,6.743430629722223,6.743430629722223,0.0,0.003923526666666666,,1506.1904170597222,3458.8647982144444,3459.151359289722,,,inventory timestamps are latest mtimes and may reflect reruns or copies,unavailable_slurm_accounting_disabled,unavailable_slurm_accounting_disabled
20251119,quality_ok,,True,True,reply_received,catalog_nonempty,latest_mtime_only,latest_mtime_only,latest_mtime_only,,,,,0,no_explicit_processing_segment,,,,,0,no_explicit_processing_segment,,,2026-01-27T00:13:01.260814Z,evt_f97b9d4b5f6f2784,2026-06-19T06:23:46.712330Z,2026-06-19T06:23:48.089303Z,2026-06-19T06:23:49.741272Z,2026-03-30T11:09:31.191381Z,2026-03-30T11:09:36.268272Z,2026-06-19T20:07:37.394327Z,2026-06-19T20:07:36.889563Z,2026-06-19T20:21:38.604115Z,2026-06-20T02:57:38.088162Z,2026-06-20T02:57:38.088162Z,2026-06-20T05:00:08.220294Z,,,,1498.9416473797223,,,,,,6.5998566797222225,6.5998566797222225,0.0,0.0014102474999999998,,1498.9430576272223,3451.9100370869446,3452.1437064725,,,inventory timestamps are latest mtimes and may reflect reruns or copies,unavailable_slurm_accounting_disabled,unavailable_slurm_accounting_disabled
20251120,quality_ok,,True,True,reply_received,catalog_nonempty,latest_mtime_only,latest_mtime_only,latest_mtime_only,,,,,0,no_explicit_processing_segment,,,,,0,no_explicit_processing_segment,,,2026-01-27T05:15:41.035470Z,evt_97ae11de92b6340c,2026-06-19T06:24:52.952064Z,2026-06-19T06:24:54.128042Z,2026-06-19T06:24:55.042024Z,2026-03-30T11:09:36.852259Z,2026-03-30T11:09:43.345119Z,2026-06-19T20:22:14.603580Z,2026-06-19T20:22:14.068662Z,2026-06-19T20:37:15.737482Z,2026-06-20T03:00:37.891663Z,2026-06-20T03:00:37.891663Z,2026-06-20T05:00:08.700285Z,,,,1493.8988379969446,,,,,,6.3894872725,6.3894872725,0.0,0.0018035722222222222,,1493.9006415691667,3447.109324475,3447.359639447778,,,inventory timestamps are latest mtimes and may reflect reruns or copies,unavailable_slurm_accounting_disabled,unavailable_slurm_accounting_disabled
20251121,quality_ok,,True,True,reply_received,reply_received,latest_mtime_only,latest_mtime_only,latest_mtime_only,,,,,0,no_explicit_processing_segment,,,,,0,no_explicit_processing_segment,,,2026-01-27T10:21:31.166940Z,evt_bde8f473bed4ea3e,2026-06-19T06:26:01.585753Z,2026-06-19T06:26:02.724731Z,2026-06-19T06:26:03.842710Z,2026-03-30T11:09:44.061104Z,2026-03-30T11:09:50.387968Z,2026-06-19T20:37:59.957527Z,2026-06-19T20:37:59.393297Z,2026-06-19T21:01:55.647887Z,2026-06-20T03:05:15.656240Z,2026-06-20T03:05:15.656240Z,2026-06-20T05:00:09.725265Z,2026-06-20T05:00:15.549153Z,,,1488.8035817122222,,,,,,6.055557875833333,6.055557875833333,0.0,0.0017574622222222222,0.0016177466666666667,1488.8053391744445,3442.2746640519445,3442.6734669297225,3450.645661725833,,inventory timestamps are latest mtimes and may reflect reruns or copies,unavailable_slurm_accounting_disabled,unavailable_slurm_accounting_disabled
20251122,quality_ok,,True,True,reply_received,catalog_nonempty,latest_mtime_only,latest_mtime_only,latest_mtime_only,,,,,0,no_explicit_processing_segment,,,,,0,no_explicit_processing_segment,,,2026-01-27T14:32:08.686604Z,evt_9d5c092040bd76d3,2026-06-19T06:26:47.804870Z,2026-06-19T06:26:48.793851Z,2026-06-19T06:26:49.823831Z,2026-03-30T11:09:50.871957Z,2026-03-30T11:10:06.585619Z,2026-06-19T21:02:12.754825Z,2026-06-19T21:02:12.231780Z,2026-06-19T21:04:56.256863Z,2026-06-20T03:05:43.653456Z,2026-06-20T03:05:43.653456Z,2026-06-20T05:00:16.052144Z,,,,1484.6283848202777,,,,,,6.013165720277778,6.013165720277778,0.0,0.004364906111111111,,1484.632749726389,3438.5011300613887,3438.5465472941664,,,inventory timestamps are latest mtimes and may reflect reruns or copies,unavailable_slurm_accounting_disabled,unavailable_slurm_accounting_disabled
20251123,quality_ok,,True,True,reply_received,catalog_nonempty,latest_mtime_only,latest_mtime_only,latest_mtime_only,,,,,0,no_explicit_processing_segment,,,,,0,no_explicit_processing_segment,,,2026-01-27T18:53:19.873844Z,evt_abb98d07effcab3a,2026-06-19T06:27:08.463475Z,2026-06-19T06:27:08.875467Z,2026-06-19T06:27:09.280459Z,2026-03-30T11:10:07.086608Z,2026-03-30T11:10:10.500535Z,2026-06-19T21:05:10.132440Z,2026-06-19T21:05:09.622951Z,2026-06-19T21:19:32.568540Z,2026-06-20T03:49:36.237317Z,2026-06-20T03:49:36.237317Z,2026-06-20T05:00:16.535134Z,,,,1480.2797813233333,,,,,,6.501019104722222,6.501019104722222,0.0,0.0009483130555555556,,1480.2807296363887,3434.1972940544442,3434.4368596377776,,,inventory timestamps are latest mtimes and may reflect reruns or copies,unavailable_slurm_accounting_disabled,unavailable_slurm_accounting_disabled
20251124,quality_ok,,True,True,reply_received,reply_received,latest_mtime_only,latest_mtime_only,latest_mtime_only,,,,,0,no_explicit_processing_segment,,,,,0,no_explicit_processing_segment,,,2026-01-27T22:50:39.584274Z,evt_b0e2a1b9ace2b166,2026-06-19T06:27:51.343656Z,2026-06-19T06:27:51.706649Z,2026-06-19T06:27:52.177640Z,2026-03-30T11:10:10.977524Z,2026-03-30T11:10:17.693379Z,2026-06-19T21:19:45.007746Z,2026-06-19T21:19:44.518749Z,2026-06-19T21:23:08.308817Z,2026-06-20T04:07:39.042387Z,2026-06-20T04:07:39.042387Z,2026-06-20T05:02:18.682786Z,2026-06-20T05:02:23.247698Z,,,1476.3253870138888,,,,,,6.741870436111111,6.741870436111111,0.0,0.0018655152777777779,0.001268031111111111,1476.3272525291668,3430.4848398533336,3430.5413123730555,3438.1954620622223,,inventory timestamps are latest mtimes and may reflect reruns or copies,unavailable_slurm_accounting_disabled,unavailable_slurm_accounting_disabled
20251125,quality_ok,,True,True,reply_received,reply_received,latest_mtime_only,latest_mtime_only,latest_mtime_only,,,,,0,no_explicit_processing_segment,,,,,0,no_explicit_processing_segment,,,2026-01-28T02:21:04.927514Z,evt_9fa15083b3ab1a74,2026-06-19T06:28:17.453157Z,2026-06-19T06:28:18.168143Z,2026-06-19T06:28:18.885130Z,2026-03-30T11:10:18.171369Z,2026-03-30T11:10:22.197282Z,2026-06-19T21:23:21.865609Z,2026-06-19T21:23:21.366261Z,2026-06-19T21:28:18.524065Z,2026-06-20T04:09:27.852104Z,2026-06-20T04:09:27.852104Z,2026-06-20T05:00:48.494520Z,2026-06-20T05:00:54.510404Z,,,1472.8203455152777,,,,,,6.685924455277778,6.685924455277778,0.0,0.0011183091666666666,0.0016710788888888888,1472.8214638244444,3427.038038359722,3427.1204434863885,3434.663773025,,inventory timestamps are latest mtimes and may reflect reruns or copies,unavailable_slurm_accounting_disabled,unavailable_slurm_accounting_disabled
20251126,no_strict_raw,,True,True,not_run,not_run,no_evidence,no_evidence,no_evidence,,,,,0,no_explicit_processing_segment,,,,,0,no_explicit_processing_segment,,,,,,,,,,,,,,,,,,,,,,,,,,,,,,,,,,,,unavailable_slurm_accounting_disabled,unavailable_slurm_accounting_disabled
20251127,quality_ok,,True,True,reply_received,catalog_nonempty,latest_mtime_only,latest_mtime_only,latest_mtime_only,,,,,0,no_explicit_processing_segment,,,,,0,no_explicit_processing_segment,,,2026-01-28T05:38:14.803706Z,evt_04d176f347da0de6,2026-06-19T06:28:57.024401Z,2026-06-19T06:28:57.552391Z,2026-06-19T06:28:58.057381Z,2026-03-30T11:10:22.707271Z,2026-03-30T11:10:29.823118Z,2026-06-19T21:28:36.593606Z,2026-06-19T21:28:36.097739Z,2026-06-19T21:29:58.430801Z,2026-06-20T04:10:59.790921Z,2026-06-20T04:10:59.790921Z,2026-06-20T05:00:55.023394Z,,,,1469.5355287680554,,,,,,6.683711144444445,6.683711144444445,0.0,0.0019766241666666668,,1469.537505392222,3423.839386083333,3423.8621186375003,,,inventory timestamps are latest mtimes and may reflect reruns or copies,unavailable_slurm_accounting_disabled,unavailable_slurm_accounting_disabled
20251128,quality_ok,,True,True,reply_received,true_zero_catalog,latest_mtime_only,latest_mtime_only,latest_mtime_only,,,,,0,no_explicit_processing_segment,,,,,0,no_explicit_processing_segment,,,2026-01-28T08:33:53.822733Z,evt_b7104b682cce1dc4,2026-06-19T06:29:20.924944Z,2026-06-19T06:29:21.440934Z,2026-06-19T06:29:21.956925Z,2026-03-30T11:10:30.303108Z,2026-03-30T11:10:32.291065Z,2026-06-19T21:30:07.416874Z,2026-06-19T21:30:06.924617Z,2026-06-19T21:30:08.720904Z,2026-06-19T21:30:08.720822Z,,,,,,1466.6101334375,,,,,,-2.277777777777778e-08,,,0.0005522102777777778,,1466.6106856477777,3420.9371094836115,3420.937471714167,,human_review_package_to_review_csv_hours_negative,inventory timestamps are latest mtimes and may reflect reruns or copies,unavailable_slurm_accounting_disabled,unavailable_slurm_accounting_disabled
20251129,quality_ok,,True,True,reply_received,catalog_nonempty,latest_mtime_only,latest_mtime_only,latest_mtime_only,,,,,0,no_explicit_processing_segment,,,,,0,no_explicit_processing_segment,,,2026-01-28T10:33:38.986099Z,evt_013d96e215606fb0,2026-06-19T06:29:52.836335Z,2026-06-19T06:29:53.194328Z,2026-06-19T06:29:53.624320Z,2026-03-30T11:10:32.780054Z,2026-03-30T11:10:36.368977Z,2026-06-19T21:30:18.908655Z,2026-06-19T21:30:18.461217Z,2026-06-19T21:34:14.581811Z,2026-06-20T05:03:20.953596Z,2026-06-20T05:03:20.953596Z,2026-06-20T05:07:23.913918Z,,,,1464.6149427652779,,,,,,7.485103273611111,7.485103273611111,0.0,0.0009969230555555554,,1464.6159396883334,3418.944422932222,3419.009887697778,,,inventory timestamps are latest mtimes and may reflect reruns or copies,unavailable_slurm_accounting_disabled,unavailable_slurm_accounting_disabled
20251130,quality_ok,,True,True,reply_received,catalog_nonempty,latest_mtime_only,latest_mtime_only,latest_mtime_only,,,,,0,no_explicit_processing_segment,,,,,0,no_explicit_processing_segment,,,2026-01-28T14:57:08.244169Z,evt_e5e90b72ab282b45,2026-06-19T06:30:09.806010Z,2026-06-19T06:30:10.154004Z,2026-06-19T06:30:10.484998Z,2026-03-30T11:10:36.835967Z,2026-03-30T11:10:40.367891Z,2026-06-19T21:34:26.363934Z,2026-06-19T21:34:25.874564Z,2026-06-19T21:34:43.073420Z,2026-06-20T05:04:07.100322Z,2026-06-20T05:04:07.100322Z,2026-06-20T05:07:24.392908Z,,,,1460.2246088327777,,,,,,7.490007472777778,7.490007472777778,0.0,0.00098109,,1460.2255899227778,3414.6216999347225,3414.6263414586115,,,inventory timestamps are latest mtimes and may reflect reruns or copies,unavailable_slurm_accounting_disabled,unavailable_slurm_accounting_disabled
20251201,quality_ok,,True,True,matched_without_ades,true_zero_catalog,latest_mtime_only,latest_mtime_only,latest_mtime_only,,,,,0,no_explicit_processing_segment,,,,,0,no_explicit_processing_segment,,,2026-01-28T17:08:42.025895Z,evt_49f6c2eb0dae1250,2026-06-19T06:30:24.528729Z,2026-06-19T06:30:24.781724Z,2026-06-19T06:30:25.037719Z,2026-03-30T11:10:40.837881Z,,2026-06-19T21:34:47.294535Z,2026-06-19T21:34:46.794999Z,2026-06-19T21:34:48.590794Z,2026-06-19T21:34:48.590702Z,2026-06-19T21:34:48.590702Z,2026-06-20T05:07:24.873899Z,,,,1458.0330033294445,,,,,,-2.5555555555555557e-08,-2.5555555555555557e-08,0.0,,,,3412.4347968444445,3412.4351569163887,,human_review_package_to_review_csv_hours_negative;human_review_package_to_submit_csv_hours_negative,inventory timestamps are latest mtimes and may reflect reruns or copies,unavailable_slurm_accounting_disabled,unavailable_slurm_accounting_disabled
20251202,quality_ok,,True,True,reply_received,catalog_nonempty,latest_mtime_only,latest_mtime_only,latest_mtime_only,,,,,0,no_explicit_processing_segment,,,,,0,no_explicit_processing_segment,,,2026-01-28T20:28:09.027003Z,evt_ac01716a08f92654,2026-06-19T06:30:53.930167Z,2026-06-19T06:30:54.287161Z,2026-06-19T06:30:54.636154Z,2026-03-30T11:10:41.304871Z,2026-03-30T11:10:46.571757Z,2026-06-19T21:34:59.693298Z,2026-06-19T21:34:59.202034Z,2026-06-19T21:38:14.829487Z,2026-06-20T05:04:39.093990Z,2026-06-20T05:04:39.093990Z,2026-06-20T05:07:25.356890Z,,,,1454.7089660744443,,,,,,7.4400734730555556,7.4400734730555556,0.0,0.001463023888888889,,1454.7104290983334,3409.114073970833,3409.168278467778,,,inventory timestamps are latest mtimes and may reflect reruns or copies,unavailable_slurm_accounting_disabled,unavailable_slurm_accounting_disabled
20251203,quality_ok,,True,True,reply_received,reply_received,latest_mtime_only,latest_mtime_only,latest_mtime_only,,,,,0,no_explicit_processing_segment,,,,,0,no_explicit_processing_segment,,,2026-01-29T00:12:04.647203Z,evt_e4f3203f084c9be7,2026-06-19T06:31:55.924983Z,2026-06-19T06:31:56.834965Z,2026-06-19T06:31:57.721949Z,2026-03-30T11:10:47.100746Z,2026-03-30T11:10:50.349676Z,2026-06-19T21:38:43.202032Z,2026-06-19T21:38:42.689722Z,2026-06-19T21:57:08.859456Z,2026-06-20T05:08:29.040057Z,2026-06-20T05:08:29.040057Z,2026-06-20T05:12:26.957091Z,2026-06-20T05:12:29.784037Z,,,1450.9784593175,,,,,,7.188939055833333,7.188939055833333,0.0,0.0009024805555555555,0.0007852627777777777,1450.9793617980554,3405.4440430080554,3405.751170070278,3413.0069824538887,,inventory timestamps are latest mtimes and may reflect reruns or copies,unavailable_slurm_accounting_disabled,unavailable_slurm_accounting_disabled
20251204,quality_ok,,True,True,reply_received,reply_received,latest_mtime_only,latest_mtime_only,latest_mtime_only,,,,,0,no_explicit_processing_segment,,,,,0,no_explicit_processing_segment,,,2026-01-29T04:45:13.982362Z,evt_6f6abb5b571dc388,2026-06-19T06:32:59.571767Z,2026-06-19T06:33:00.468750Z,2026-06-19T06:33:01.342733Z,2026-03-30T11:10:50.873665Z,2026-03-30T11:10:59.226485Z,2026-06-19T21:57:39.832334Z,2026-06-19T21:57:39.319094Z,2026-06-19T22:06:04.436962Z,2026-06-20T05:18:28.248682Z,2026-06-20T05:18:28.248682Z,2026-06-20T05:22:33.030421Z,2026-06-20T05:22:45.937171Z,,,1446.4269142508333,,,,,,7.206614366666667,7.206614366666667,0.0,0.0023202277777777777,0.0035852083333333335,1446.429234478611,3401.207180547778,3401.3473485000004,3408.6255430025003,,inventory timestamps are latest mtimes and may reflect reruns or copies,unavailable_slurm_accounting_disabled,unavailable_slurm_accounting_disabled
20251205,quality_ok,,True,True,reply_received,catalog_nonempty,latest_mtime_only,latest_mtime_only,latest_mtime_only,,,,,0,no_explicit_processing_segment,,,,,0,no_explicit_processing_segment,,,2026-01-29T08:59:31.475063Z,evt_5185222dada439ef,2026-06-19T06:33:55.668695Z,2026-06-19T06:33:56.469680Z,2026-06-19T06:33:57.273664Z,2026-03-30T11:10:59.707474Z,2026-03-30T11:11:06.867320Z,2026-06-19T22:06:36.178091Z,2026-06-19T22:06:35.648290Z,2026-06-19T22:11:37.127003Z,2026-06-20T05:20:58.241201Z,2026-06-20T05:20:58.241201Z,2026-06-20T05:22:46.442161Z,,,,1442.1911756697223,,,,,,7.155865055,7.155865055,0.0,0.001988846111111111,,1442.1931645158334,3397.1179730633335,3397.2015699833332,,,inventory timestamps are latest mtimes and may reflect reruns or copies,unavailable_slurm_accounting_disabled,unavailable_slurm_accounting_disabled
20251206,quality_ok,,True,True,reply_received,catalog_nonempty,latest_mtime_only,latest_mtime_only,latest_mtime_only,,,,,0,no_explicit_processing_segment,,,,,0,no_explicit_processing_segment,,,2026-01-29T13:16:13.244949Z,evt_6b008f9d4f12240e,2026-06-19T06:35:04.268384Z,2026-06-19T06:35:05.059369Z,2026-06-19T06:35:05.829355Z,2026-03-30T11:21:35.065675Z,2026-03-30T11:21:39.382581Z,2026-06-19T22:12:02.270861Z,2026-06-19T22:12:01.773320Z,2026-06-19T22:22:01.837673Z,2026-06-20T05:22:59.668250Z,2026-06-20T05:22:59.668250Z,2026-06-20T05:27:47.093355Z,,,,1438.089394646111,,,,,,7.016064049166667,7.016064049166667,0.0,0.0011991405555555556,,1438.0905937866667,3392.9302849755554,3393.096831312222,,,inventory timestamps are latest mtimes and may reflect reruns or copies,unavailable_slurm_accounting_disabled,unavailable_slurm_accounting_disabled
20251207,quality_ok,,True,True,reply_received,reply_received,latest_mtime_only,latest_mtime_only,latest_mtime_only,,,,,0,no_explicit_processing_segment,,,,,0,no_explicit_processing_segment,,,2026-01-29T19:50:06.785826Z,evt_66a4d74da5b064a6,2026-06-19T06:37:24.566704Z,2026-06-19T06:37:26.961659Z,2026-06-19T06:37:29.773605Z,2026-03-30T11:11:13.892169Z,2026-03-30T11:11:18.239075Z,2026-06-19T22:22:38.942697Z,2026-06-19T22:22:38.426159Z,2026-06-19T22:49:06.695640Z,2026-06-20T05:27:43.797260Z,2026-06-20T05:27:43.797260Z,2026-06-20T05:32:48.547533Z,2026-06-20T05:32:57.144367Z,,,1431.3519739841668,,,,,,6.643639338888889,6.643639338888889,0.0,0.0012074738888888889,0.0023880094444444443,1431.3531814580556,3386.5422657975,3386.9833082816667,3393.7139884836115,,inventory timestamps are latest mtimes and may reflect reruns or copies,unavailable_slurm_accounting_disabled,unavailable_slurm_accounting_disabled
20251208,quality_ok,,True,True,reply_received,reply_received,latest_mtime_only,latest_mtime_only,latest_mtime_only,,,,,0,no_explicit_processing_segment,,,,,0,no_explicit_processing_segment,,,2026-01-29T23:16:43.269431Z,evt_2c18bbd4a4661b0a,2026-06-19T06:41:20.282203Z,2026-06-19T06:41:22.242166Z,2026-06-19T06:41:24.199129Z,2026-03-30T11:11:18.814063Z,2026-03-30T11:11:30.578809Z,2026-06-19T22:49:39.118710Z,2026-06-19T22:49:38.613581Z,2026-06-19T23:00:56.237244Z,2026-06-20T05:30:07.447016Z,2026-06-20T05:30:07.447016Z,2026-06-20T05:32:59.484322Z,2026-06-20T05:33:16.421995Z,,,1427.909873508889,,,,,,6.486447158888889,6.486447158888889,0.0,0.003267985,0.004704909166666667,1427.9131414938888,3383.5488470219443,3383.736935503611,3390.2758757122224,,inventory timestamps are latest mtimes and may reflect reruns or copies,unavailable_slurm_accounting_disabled,unavailable_slurm_accounting_disabled
20251209,quality_ok,,True,True,reply_received,reply_received,latest_mtime_only,latest_mtime_only,latest_mtime_only,,,,,0,no_explicit_processing_segment,,,,,0,no_explicit_processing_segment,,,2026-01-30T03:53:16.162493Z,evt_fd944e1da7adfdff,2026-06-19T07:03:03.411316Z,2026-06-19T07:03:04.461296Z,2026-06-19T07:03:05.483277Z,2026-03-30T11:11:31.162796Z,2026-03-30T11:11:40.055605Z,2026-06-19T23:01:31.771083Z,2026-06-19T23:01:31.255420Z,2026-06-19T23:21:30.639058Z,2026-06-20T05:35:50.527421Z,2026-06-20T05:35:50.527421Z,2026-06-20T05:38:17.707176Z,2026-06-20T05:38:24.580044Z,,,1423.3041667508335,,,,,,6.23885787861111,6.23885787861111,0.0,0.002470224722222222,0.0019091300000000002,1423.3066369755556,3379.1376690527777,3379.4706879347223,3385.752338208611,,inventory timestamps are latest mtimes and may reflect reruns or copies,unavailable_slurm_accounting_disabled,unavailable_slurm_accounting_disabled
20251210,quality_ok,,True,True,reply_received,catalog_nonempty,latest_mtime_only,latest_mtime_only,latest_mtime_only,,,,,0,no_explicit_processing_segment,,,,,0,no_explicit_processing_segment,,,2026-01-30T07:52:27.615026Z,evt_30b92284ce55d4a2,2026-06-19T07:06:08.589779Z,2026-06-19T07:06:09.524761Z,2026-06-19T07:06:10.441744Z,2026-03-30T11:11:40.652592Z,2026-03-30T11:11:45.495488Z,2026-06-19T23:22:06.409462Z,2026-06-19T23:22:05.892582Z,2026-06-19T23:38:56.430696Z,2026-06-20T05:39:17.640052Z,2026-06-20T05:39:17.640052Z,2026-06-20T05:43:25.156239Z,,,,1419.3202882127778,,,,,,6.005891487777777,6.005891487777777,0.0,0.0013452488888888888,,1419.3216334616668,3375.494109565556,3375.7746710194447,,,inventory timestamps are latest mtimes and may reflect reruns or copies,unavailable_slurm_accounting_disabled,unavailable_slurm_accounting_disabled
20251211,no_strict_raw,,True,True,not_run,not_run,no_evidence,no_evidence,no_evidence,,,,,0,no_explicit_processing_segment,,,,,0,no_explicit_processing_segment,,,,,,,,,,,,,,,,,,,,,,,,,,,,,,,,,,,,unavailable_slurm_accounting_disabled,unavailable_slurm_accounting_disabled
20251212,no_strict_raw,,True,True,not_run,not_run,no_evidence,no_evidence,no_evidence,,,,,0,no_explicit_processing_segment,,,,,0,no_explicit_processing_segment,,,,,,,,,,,,,,,,,,,,,,,,,,,,,,,,,,,,unavailable_slurm_accounting_disabled,unavailable_slurm_accounting_disabled
20251213,quality_ok,,True,True,reply_received,catalog_nonempty,latest_mtime_only,latest_mtime_only,latest_mtime_only,,,,,0,no_explicit_processing_segment,,,,,0,no_explicit_processing_segment,,,2026-01-30T13:17:26.197774Z,evt_d37628e161627f32,2026-06-19T07:08:49.184711Z,2026-06-19T07:08:50.043695Z,2026-06-19T07:08:50.878679Z,2026-03-30T11:11:46.104475Z,2026-03-30T11:11:52.312341Z,2026-06-19T23:39:25.333577Z,2026-06-19T23:39:24.807176Z,2026-06-19T23:50:05.947753Z,2026-06-20T05:40:27.835888Z,2026-06-20T05:40:27.835888Z,2026-06-20T05:43:25.637229Z,,,,1413.9055296391668,,,,,,5.839413370833333,5.839413370833333,0.0,0.0017244072222222222,,1413.907254046389,3370.366426611944,3370.544374994167,,,inventory timestamps are latest mtimes and may reflect reruns or copies,unavailable_slurm_accounting_disabled,unavailable_slurm_accounting_disabled
20251214,quality_ok,,True,True,reply_received,reply_received,latest_mtime_only,latest_mtime_only,latest_mtime_only,,,,,0,no_explicit_processing_segment,,,,,0,no_explicit_processing_segment,,,2026-01-30T15:58:03.591034Z,evt_399416a0a4995800,2026-06-19T07:26:04.245949Z,2026-06-19T07:26:04.889936Z,2026-06-19T07:26:05.513924Z,2026-03-30T11:11:52.913328Z,2026-03-30T11:12:04.419080Z,2026-06-19T23:50:27.884906Z,2026-06-19T23:50:27.360070Z,2026-06-20T00:03:05.350257Z,2026-06-20T05:42:59.337184Z,2026-06-20T05:42:59.337184Z,2026-06-20T05:43:26.859206Z,2026-06-20T05:43:30.040144Z,,,1411.2303673038887,,,,,,5.664996368611112,5.664996368611112,0.0,0.003196042222222222,0.0008835938888888888,1411.233563346111,3367.8734149644447,3368.083822006389,3373.757346975,,inventory timestamps are latest mtimes and may reflect reruns or copies,unavailable_slurm_accounting_disabled,unavailable_slurm_accounting_disabled
20251215,quality_ok,,True,True,reply_received,reply_received,latest_mtime_only,latest_mtime_only,latest_mtime_only,,,,,0,no_explicit_processing_segment,,,,,0,no_explicit_processing_segment,,,2026-01-30T20:01:12.239335Z,evt_fe5f5918e233fc26,2026-06-19T08:39:26.999803Z,2026-06-19T08:39:28.033783Z,2026-06-19T08:39:29.046764Z,2026-03-30T11:12:05.076066Z,2026-03-30T11:12:09.556969Z,2026-06-20T00:03:40.532759Z,2026-06-20T00:03:39.967660Z,2026-06-20T00:33:46.316832Z,2026-06-20T05:47:23.863670Z,2026-06-20T05:47:23.863670Z,2026-06-20T05:48:31.374325Z,2026-06-20T05:48:56.572838Z,,,1407.1813435363888,,,,,,5.227096343888888,5.227096343888888,0.0,0.0012446952777777776,0.006999586944444444,1407.1825882316668,3364.0411926177776,3364.5427993047224,3369.795648195278,,inventory timestamps are latest mtimes and may reflect reruns or copies,unavailable_slurm_accounting_disabled,unavailable_slurm_accounting_disabled
20251216,quality_ok,,True,True,reply_received,reply_received,latest_mtime_only,latest_mtime_only,latest_mtime_only,,,,,0,no_explicit_processing_segment,,,,,0,no_explicit_processing_segment,,,2026-01-31T00:13:49.742758Z,evt_5e0b52810d0b3904,2026-06-19T08:47:36.019461Z,2026-06-19T08:47:37.040441Z,2026-06-19T08:47:38.037422Z,2026-03-30T11:12:10.179956Z,2026-03-30T11:12:17.554797Z,2026-06-20T00:34:23.893528Z,2026-06-20T00:34:23.342885Z,2026-06-20T00:59:37.231812Z,2026-06-20T05:51:59.658332Z,2026-06-20T05:51:59.658332Z,2026-06-20T05:53:57.939007Z,2026-06-20T05:54:04.397880Z,,,1402.972343666111,,,,,,4.872896255555556,4.872896255555556,0.0,0.0020485669444444445,0.0017941313888888888,1402.9743922330556,3360.342819658333,3360.763191403889,3365.670737533889,,inventory timestamps are latest mtimes and may reflect reruns or copies,unavailable_slurm_accounting_disabled,unavailable_slurm_accounting_disabled
20251217,quality_ok,,True,True,reply_received,reply_received,latest_mtime_only,latest_mtime_only,latest_mtime_only,,,,,0,no_explicit_processing_segment,,,,,0,no_explicit_processing_segment,,,2026-01-31T04:15:22.520603Z,evt_1c9fca0b9a25e581,2026-06-19T08:56:07.367693Z,2026-06-19T08:56:08.782666Z,2026-06-19T08:56:09.779647Z,2026-03-30T11:12:18.154784Z,2026-03-30T11:12:26.868596Z,2026-06-20T01:00:13.596855Z,2026-06-20T01:00:13.071843Z,2026-06-20T01:12:11.974149Z,2026-06-20T05:54:16.480788Z,2026-06-20T05:54:16.480788Z,2026-06-20T05:59:07.537876Z,2026-06-20T05:59:11.548797Z,,,1398.9487872725,,,,,,4.701251844166666,4.701251844166666,0.0,0.0024205033333333337,0.0011141447222222222,1398.9512077758334,3356.747521181111,3356.9470704294445,3361.7302856094443,,inventory timestamps are latest mtimes and may reflect reruns or copies,unavailable_slurm_accounting_disabled,unavailable_slurm_accounting_disabled
20251218,no_strict_raw,,True,True,not_run,not_run,no_evidence,no_evidence,no_evidence,,,,,0,no_explicit_processing_segment,,,,,0,no_explicit_processing_segment,,,,,,,,,,,,,,,,,,,,,,,,,,,,,,,,,,,,unavailable_slurm_accounting_disabled,unavailable_slurm_accounting_disabled
20251219,no_strict_raw,,True,True,not_run,not_run,no_evidence,no_evidence,no_evidence,,,,,0,no_explicit_processing_segment,,,,,0,no_explicit_processing_segment,,,,,,,,,,,,,,,,,,,,,,,,,,,,,,,,,,,,unavailable_slurm_accounting_disabled,unavailable_slurm_accounting_disabled
20251220,quality_ok,,True,True,reply_received,catalog_nonempty,latest_mtime_only,latest_mtime_only,latest_mtime_only,,,,,0,no_explicit_processing_segment,,,,,0,no_explicit_processing_segment,,,2026-01-31T08:53:12.318010Z,evt_7760aef9d5e88b23,2026-06-19T09:08:01.121068Z,2026-06-19T09:08:02.281046Z,2026-06-19T09:08:03.463024Z,2026-03-30T11:12:27.548582Z,2026-03-30T11:12:34.228438Z,2026-06-20T01:22:03.328729Z,2026-06-20T01:22:02.808086Z,2026-06-20T01:22:34.139245Z,2026-06-20T05:55:16.791488Z,2026-06-20T05:55:16.791488Z,2026-06-20T05:59:12.040787Z,,,,1394.320897381111,,,,,,4.545181178611111,4.545181178611111,0.0,0.0018555155555555556,,1394.3227528966665,3352.480836310833,3352.4893947875,,,inventory timestamps are latest mtimes and may reflect reruns or copies,unavailable_slurm_accounting_disabled,unavailable_slurm_accounting_disabled
20251221,quality_ok,,True,True,reply_received,catalog_nonempty,latest_mtime_only,latest_mtime_only,latest_mtime_only,,,,,0,no_explicit_processing_segment,,,,,0,no_explicit_processing_segment,,,2026-01-31T12:19:06.462424Z,evt_48abcc0d9baab7c2,2026-06-19T09:13:41.772563Z,2026-06-19T09:13:42.382551Z,2026-06-19T09:13:42.969540Z,2026-03-30T11:12:34.715427Z,2026-03-30T11:12:39.708320Z,2026-06-20T01:23:16.924322Z,2026-06-20T01:23:16.422812Z,2026-06-20T01:31:03.119520Z,2026-06-20T05:56:42.773600Z,2026-06-20T05:56:42.773600Z,2026-06-20T05:59:12.538777Z,,,,1390.8911813897223,,,,,,4.427681688888889,4.427681688888889,0.0,0.001386914722222222,,1390.8925683044445,3349.069572749445,3349.199071415556,,,inventory timestamps are latest mtimes and may reflect reruns or copies,unavailable_slurm_accounting_disabled,unavailable_slurm_accounting_disabled
20251222,no_strict_raw,,True,True,not_run,not_run,no_evidence,no_evidence,no_evidence,,,,,0,no_explicit_processing_segment,,,,,0,no_explicit_processing_segment,,,,,,,,,,,,,,,,,,,,,,,,,,,,,,,,,,,,unavailable_slurm_accounting_disabled,unavailable_slurm_accounting_disabled
20251223,quality_ok,,True,True,reply_received,catalog_nonempty,latest_mtime_only,latest_mtime_only,latest_mtime_only,,,,,0,no_explicit_processing_segment,,,,,0,no_explicit_processing_segment,,,2026-01-31T16:17:27.931113Z,evt_3b370f6347d3b18c,2026-06-19T09:20:38.433598Z,2026-06-19T09:20:39.249582Z,2026-06-19T09:20:40.033567Z,2026-03-30T11:12:40.334306Z,2026-03-30T11:12:45.840188Z,2026-06-20T01:31:35.302793Z,2026-06-20T01:31:34.703099Z,2026-06-20T01:33:04.534599Z,2026-06-20T05:58:44.120930Z,2026-06-20T05:58:44.120930Z,2026-06-20T05:59:13.025768Z,,,,1386.9201119980555,,,,,,4.427662869722222,4.427662869722222,0.0,0.0015294116666666666,,1386.9216414097223,3345.2353810222226,3345.260167635,,,inventory timestamps are latest mtimes and may reflect reruns or copies,unavailable_slurm_accounting_disabled,unavailable_slurm_accounting_disabled
20251224,no_strict_raw,,True,True,not_run,not_run,no_evidence,no_evidence,no_evidence,,,,,0,no_explicit_processing_segment,,,,,0,no_explicit_processing_segment,,,,,,,,,,,,,,,,,,,,,,,,,,,,,,,,,,,,unavailable_slurm_accounting_disabled,unavailable_slurm_accounting_disabled
20251225,quality_ok,,True,True,reply_received,catalog_nonempty,latest_mtime_only,latest_mtime_only,latest_mtime_only,,,,,0,no_explicit_processing_segment,,,,,0,no_explicit_processing_segment,,,2026-01-31T20:25:38.043556Z,evt_6599bcfc8af00411,2026-06-19T09:27:50.525337Z,2026-06-19T09:27:51.272323Z,2026-06-19T09:27:52.018309Z,2026-03-30T11:21:39.934569Z,2026-03-30T11:21:48.579381Z,2026-06-20T01:33:30.627588Z,2026-06-20T01:33:30.097684Z,2026-06-20T01:35:12.530109Z,2026-06-20T06:00:49.216350Z,2026-06-20T06:00:49.216350Z,2026-06-20T06:04:13.661814Z,,,,1382.9338586147223,,,,,,4.426857289166667,4.426857289166667,0.0,0.0024013366666666668,,1382.9362599513888,3341.131273342222,3341.1595795980556,,,inventory timestamps are latest mtimes and may reflect reruns or copies,unavailable_slurm_accounting_disabled,unavailable_slurm_accounting_disabled
20251226,quarantine_unknown,high_candidate_count_366,True,False,reply_received,not_run,latest_mtime_only,latest_mtime_only,latest_mtime_only,,,,,0,no_explicit_processing_segment,,,,,0,no_explicit_processing_segment,,,2026-02-01T02:33:41.612269Z,evt_80ddd07607d95819,2026-06-19T19:40:53.742953Z,2026-06-19T19:40:55.141926Z,2026-06-19T19:40:56.512900Z,2026-03-30T11:12:51.700061Z,2026-03-30T11:12:55.999969Z,,2026-06-20T01:36:03.397224Z,,,,,,,,1376.6528021644444,,,,,,,,,0.001194418888888889,,1376.6539965833333,,,,,inventory timestamps are latest mtimes and may reflect reruns or copies,unavailable_slurm_accounting_disabled,unavailable_slurm_accounting_disabled
20251227,quality_ok,,True,True,reply_received,catalog_nonempty,latest_mtime_only,latest_mtime_only,latest_mtime_only,,,,,0,no_explicit_processing_segment,,,,,0,no_explicit_processing_segment,,,2026-02-01T06:35:35.652909Z,evt_526ed8d89e1603c1,2026-06-19T09:48:17.885874Z,2026-06-19T09:48:18.929853Z,2026-06-19T09:48:20.104831Z,2026-03-30T11:12:56.579956Z,2026-03-30T11:13:01.782844Z,2026-06-20T01:36:37.144017Z,2026-06-20T01:36:36.602267Z,2026-06-20T01:37:25.491680Z,2026-06-20T06:02:09.488121Z,2026-06-20T06:02:09.488121Z,2026-06-20T06:04:14.141805Z,,,,1372.622479735278,,,,,,4.412221233611111,4.412221233611111,0.0,0.0014452466666666666,,1372.6239249819446,3331.0170808633334,3331.0305107697222,,,inventory timestamps are latest mtimes and may reflect reruns or copies,unavailable_slurm_accounting_disabled,unavailable_slurm_accounting_disabled
20251228,quality_ok,,True,True,reply_received,catalog_nonempty,latest_mtime_only,latest_mtime_only,latest_mtime_only,,,,,0,no_explicit_processing_segment,,,,,0,no_explicit_processing_segment,,,2026-02-01T10:58:52.563779Z,evt_95208116858b9c41,2026-06-19T09:58:21.984328Z,2026-06-19T09:58:23.128306Z,2026-06-19T09:58:24.248285Z,2026-03-30T11:13:02.438830Z,2026-03-30T11:13:08.547698Z,2026-06-20T01:37:59.677436Z,2026-06-20T01:37:59.101682Z,2026-06-20T01:41:51.153522Z,2026-06-20T06:07:48.771365Z,2026-06-20T06:07:48.771365Z,2026-06-20T06:09:14.780851Z,,,,1368.2360764030557,,,,,,4.432671623055556,4.432671623055556,0.0,0.0016969077777777778,,1368.2377733108333,3326.651976015833,3326.716274928611,,,inventory timestamps are latest mtimes and may reflect reruns or copies,unavailable_slurm_accounting_disabled,unavailable_slurm_accounting_disabled
20251229,quality_ok,,True,True,reply_received,catalog_nonempty,latest_mtime_only,latest_mtime_only,latest_mtime_only,,,,,0,no_explicit_processing_segment,,,,,0,no_explicit_processing_segment,,,2026-02-01T16:24:56.996532Z,evt_c8f2fb2e12676145,2026-06-19T10:08:13.411033Z,2026-06-19T10:08:14.497012Z,2026-06-19T10:08:15.566992Z,2026-03-30T11:13:09.198684Z,2026-03-30T11:13:14.566569Z,2026-06-20T01:42:27.426308Z,2026-06-20T01:42:26.867296Z,2026-06-20T01:43:52.492970Z,2026-06-20T06:09:35.523474Z,2026-06-20T06:09:35.523474Z,2026-06-20T06:14:15.416005Z,,,,1362.8033894866667,,,,,,4.428619584444444,4.428619584444444,0.0,0.0014910791666666668,,1362.8048805658334,3321.2917860488888,3321.3154156772225,,,inventory timestamps are latest mtimes and may reflect reruns or copies,unavailable_slurm_accounting_disabled,unavailable_slurm_accounting_disabled
20251230,quality_ok,,True,True,reply_received,catalog_nonempty,latest_mtime_only,latest_mtime_only,latest_mtime_only,,,,,0,no_explicit_processing_segment,,,,,0,no_explicit_processing_segment,,,2026-02-01T21:54:56.007391Z,evt_fe3ed2818cc28f53,2026-06-19T10:16:23.299684Z,2026-06-19T10:16:24.210667Z,2026-06-19T10:16:25.090650Z,2026-03-30T11:13:15.086557Z,2026-03-30T11:13:19.345466Z,2026-06-20T01:44:20.762137Z,2026-06-20T01:44:20.219080Z,2026-06-20T01:45:37.824200Z,2026-06-20T06:13:47.829521Z,2026-06-20T06:13:47.829521Z,2026-06-20T06:14:15.891996Z,,,,1357.3052997683333,,,,,,4.4694459225,4.4694459225,0.0,0.0011830302777777778,,1357.3064827986111,3315.8235429849997,3315.844949113611,,,inventory timestamps are latest mtimes and may reflect reruns or copies,unavailable_slurm_accounting_disabled,unavailable_slurm_accounting_disabled
20251231,quality_ok,,True,True,reply_received,catalog_nonempty,latest_mtime_only,latest_mtime_only,latest_mtime_only,,,,,0,no_explicit_processing_segment,,,,,0,no_explicit_processing_segment,,,2026-02-02T02:32:16.390049Z,evt_93fe505969b5eb69,2026-06-19T10:24:57.421881Z,2026-06-19T10:24:58.349864Z,2026-06-19T10:24:59.221847Z,2026-03-30T11:13:19.847455Z,2026-03-30T11:13:23.822369Z,2026-06-20T01:46:10.829029Z,2026-06-20T01:46:10.284875Z,2026-06-20T01:46:43.098148Z,2026-06-20T06:15:01.891657Z,2026-06-20T06:15:01.891657Z,2026-06-20T06:19:16.535197Z,,,,1352.684293723889,,,,,,4.471887085833333,4.471887085833333,0.0,0.0011041427777777777,,1352.6853978666666,3311.2317886055557,3311.2407522497224,,,inventory timestamps are latest mtimes and may reflect reruns or copies,unavailable_slurm_accounting_disabled,unavailable_slurm_accounting_disabled
20260101,quality_ok,,True,True,reply_received,catalog_nonempty,latest_mtime_only,latest_mtime_only,latest_mtime_only,,,,,0,no_explicit_processing_segment,,,,,0,no_explicit_processing_segment,,,2026-01-22T10:23:39.400157Z,evt_076f1216c7d118de,2026-06-19T10:33:10.573486Z,2026-06-19T10:33:11.395471Z,2026-06-19T10:33:12.208455Z,2026-04-01T03:21:58.989571Z,2026-04-01T03:22:06.936398Z,2026-06-20T01:47:14.381811Z,2026-06-20T01:47:13.851196Z,2026-06-20T01:47:36.360464Z,2026-06-20T06:33:05.673492Z,2026-06-20T06:33:05.673492Z,2026-06-20T06:34:17.426821Z,,,,1648.9721081705554,,,,,,4.7581425077777775,4.7581425077777775,0.0,0.0022074519444444446,,1648.9743156225,3567.393050459444,3567.399155640833,,,inventory timestamps are latest mtimes and may reflect reruns or copies,unavailable_slurm_accounting_disabled,unavailable_slurm_accounting_disabled
20260102,quality_ok,,True,True,reply_received,catalog_nonempty,latest_mtime_only,latest_mtime_only,latest_mtime_only,,,,,0,no_explicit_processing_segment,,,,,0,no_explicit_processing_segment,,,2026-01-22T14:32:07.715814Z,evt_742ef5eb7c5f907c,2026-06-19T10:43:11.605030Z,2026-06-19T10:43:12.635010Z,2026-06-19T10:43:13.655991Z,2026-04-01T03:22:59.947244Z,2026-04-01T03:23:02.965178Z,2026-06-20T01:48:11.592716Z,2026-06-20T01:48:11.050704Z,2026-06-20T01:48:46.562845Z,2026-06-20T06:34:36.480610Z,2026-06-20T06:34:36.480610Z,2026-06-20T06:39:17.970024Z,,,,1644.8478420638887,,,,,,4.763866045833333,4.763866045833333,0.0,0.000838315,,1644.8486803788887,3563.2677435838887,3563.277457508611,,,inventory timestamps are latest mtimes and may reflect reruns or copies,unavailable_slurm_accounting_disabled,unavailable_slurm_accounting_disabled
20260103,quality_ok,,True,True,reply_received,reply_received,latest_mtime_only,latest_mtime_only,latest_mtime_only,,,,,0,no_explicit_processing_segment,,,,,0,no_explicit_processing_segment,,,2026-01-22T15:25:31.943338Z,evt_e673283979fe90d3,2026-06-19T10:45:56.632882Z,2026-06-19T10:45:56.887877Z,2026-06-19T10:45:57.142873Z,2026-04-01T03:23:59.867939Z,2026-04-01T03:24:02.337885Z,2026-06-20T01:48:56.459856Z,2026-06-20T01:48:55.932017Z,2026-06-20T01:48:57.741400Z,2026-06-20T06:34:46.130509Z,2026-06-20T06:34:46.130509Z,2026-06-20T06:39:18.770009Z,2026-06-20T06:39:25.443880Z,,,1643.9744235002777,,,,,,4.763441419166667,4.763441419166667,0.0,0.0006860961111111112,0.0018538530555555555,1643.9751095963888,3562.3901434772224,3562.390499461667,3567.2315279283334,,inventory timestamps are latest mtimes and may reflect reruns or copies,unavailable_slurm_accounting_disabled,unavailable_slurm_accounting_disabled
20260104,quality_ok,,True,True,reply_received,catalog_nonempty,latest_mtime_only,latest_mtime_only,latest_mtime_only,,,,,0,no_explicit_processing_segment,,,,,0,no_explicit_processing_segment,,,2026-01-22T19:39:18.003462Z,evt_e56ccd77a772aeb8,2026-06-19T10:55:34.064869Z,2026-06-19T10:55:35.088850Z,2026-06-19T10:55:36.091830Z,2026-04-01T03:25:01.960587Z,2026-04-01T03:25:05.187516Z,2026-06-20T01:49:32.072174Z,2026-06-20T01:49:31.524258Z,2026-06-20T01:50:33.811344Z,2026-06-20T06:42:19.820373Z,2026-06-20T06:42:19.820373Z,2026-06-20T06:44:26.058082Z,,,,1639.7622103125,,,,,,4.862780285833334,4.862780285833334,0.0,0.0008963691666666667,,1639.7631066816668,3558.170574642222,3558.1877244116667,,,inventory timestamps are latest mtimes and may reflect reruns or copies,unavailable_slurm_accounting_disabled,unavailable_slurm_accounting_disabled
20260105,quality_ok,,True,True,reply_received,catalog_nonempty,latest_mtime_only,latest_mtime_only,latest_mtime_only,,,,,0,no_explicit_processing_segment,,,,,0,no_explicit_processing_segment,,,2026-01-22T23:30:21.256033Z,evt_008e35ba01ee7eee,2026-06-19T11:04:58.021098Z,2026-06-19T11:04:58.952080Z,2026-06-19T11:04:59.879063Z,2026-04-01T03:26:31.948627Z,2026-04-01T03:26:34.962561Z,2026-06-20T01:51:09.344311Z,2026-06-20T01:51:08.798298Z,2026-06-20T01:51:46.828546Z,2026-06-20T06:43:59.826593Z,2026-06-20T06:43:59.826593Z,2026-06-20T06:44:26.542073Z,,,,1635.9363034983335,,,,,,4.870277235277778,4.870277235277778,0.0,0.0008372038888888888,,1635.9371407022222,3554.3466911883334,3554.357103475833,,,inventory timestamps are latest mtimes and may reflect reruns or copies,unavailable_slurm_accounting_disabled,unavailable_slurm_accounting_disabled
20260106,quality_ok,,True,True,reply_received,catalog_nonempty,latest_mtime_only,latest_mtime_only,latest_mtime_only,,,,,0,no_explicit_processing_segment,,,,,0,no_explicit_processing_segment,,,2026-01-21T19:07:35.244983Z,evt_04f2f4c21696d4ae,2026-06-19T11:13:38.002169Z,2026-06-19T11:13:38.898152Z,2026-06-19T11:13:39.771135Z,2026-04-01T03:27:31.957320Z,2026-04-01T03:27:35.855235Z,2026-06-20T01:52:17.716995Z,2026-06-20T01:52:17.170914Z,2026-06-20T01:53:21.465911Z,2026-06-20T06:45:42.600183Z,2026-06-20T06:45:42.600183Z,2026-06-20T06:49:27.086286Z,,,,1664.3324200936113,,,,,,4.872537297777778,4.872537297777778,0.0,0.0010827541666666666,,1664.333502847778,3582.7451311144446,3582.762839146667,,,inventory timestamps are latest mtimes and may reflect reruns or copies,unavailable_slurm_accounting_disabled,unavailable_slurm_accounting_disabled
20260107,quality_ok,,True,True,reply_received,catalog_nonempty,latest_mtime_only,latest_mtime_only,latest_mtime_only,,,,,0,no_explicit_processing_segment,,,,,0,no_explicit_processing_segment,,,2026-01-23T02:19:28.809662Z,evt_cef558bdc472f3c3,2026-06-19T11:23:01.710417Z,2026-06-19T11:23:02.743397Z,2026-06-19T11:23:03.756378Z,2026-04-01T03:28:32.077011Z,2026-04-01T03:28:35.863928Z,2026-06-20T01:53:54.324126Z,2026-06-20T01:53:53.768021Z,2026-06-20T01:56:19.105007Z,2026-06-20T06:48:05.572288Z,2026-06-20T06:48:05.572288Z,2026-06-20T06:49:27.568276Z,,,,1633.1509075969445,,,,,,4.862907578055556,4.862907578055556,0.0,0.001051921388888889,,1633.1519595183333,3551.573754017778,3551.613970929167,,,inventory timestamps are latest mtimes and may reflect reruns or copies,unavailable_slurm_accounting_disabled,unavailable_slurm_accounting_disabled
20260108,quality_ok,,True,True,reply_received,catalog_nonempty,latest_mtime_only,latest_mtime_only,latest_mtime_only,,,,,0,no_explicit_processing_segment,,,,,0,no_explicit_processing_segment,,,2026-01-23T03:56:06.463289Z,evt_b859f547456c70a6,2026-06-19T11:28:12.868482Z,2026-06-19T11:28:13.411471Z,2026-06-19T11:28:14.007460Z,2026-04-01T03:29:32.004708Z,2026-04-01T03:29:36.334614Z,2026-06-20T01:56:38.179955Z,2026-06-20T01:56:37.635829Z,2026-06-20T01:58:00.947705Z,2026-06-20T06:49:22.082663Z,2026-06-20T06:49:22.082663Z,2026-06-20T06:49:28.046267Z,,,,1631.5570948386112,,,,,,4.855870821666667,4.855870821666667,0.0,0.0012027516666666667,,1631.5582975902778,3550.008810185,3550.0318012266666,,,inventory timestamps are latest mtimes and may reflect reruns or copies,unavailable_slurm_accounting_disabled,unavailable_slurm_accounting_disabled
20260109,quality_ok,,True,True,reply_received,catalog_nonempty,latest_mtime_only,latest_mtime_only,latest_mtime_only,,,,,0,no_explicit_processing_segment,,,,,0,no_explicit_processing_segment,,,2026-01-23T05:29:48.829092Z,evt_861a19abac931fea,2026-06-19T11:33:44.945145Z,2026-06-19T11:33:45.566133Z,2026-06-19T11:33:46.160122Z,2026-04-01T03:30:31.889407Z,2026-04-01T03:30:36.806301Z,2026-06-20T01:58:21.339959Z,2026-06-20T01:58:20.794911Z,2026-06-20T01:58:38.047067Z,2026-06-20T06:49:51.435295Z,2026-06-20T06:49:51.435295Z,2026-06-20T06:54:28.704480Z,,,,1630.011961198611,,,,,,4.853718952222223,4.853718952222223,0.0,0.001365803888888889,,1630.0133270024999,3548.4756974630554,3548.480338326389,,,inventory timestamps are latest mtimes and may reflect reruns or copies,unavailable_slurm_accounting_disabled,unavailable_slurm_accounting_disabled
20260110,quality_ok,,True,True,reply_received,catalog_nonempty,latest_mtime_only,latest_mtime_only,latest_mtime_only,,,,,0,no_explicit_processing_segment,,,,,0,no_explicit_processing_segment,,,2026-01-23T07:59:16.920192Z,evt_27ddbfab99eb2687,2026-06-19T11:42:02.757645Z,2026-06-19T11:42:03.620629Z,2026-06-19T11:42:04.467613Z,2026-04-01T03:31:31.968102Z,2026-04-01T03:31:35.752020Z,2026-06-20T01:59:05.339108Z,2026-06-20T01:59:04.789596Z,2026-06-20T01:59:59.777534Z,2026-06-20T06:50:54.707196Z,2026-06-20T06:50:54.707196Z,2026-06-20T06:54:29.190471Z,,,,1627.5375133083335,,,,,,4.848591572777777,4.848591572777777,0.0,0.0010510883333333333,,1627.5385643966667,3545.996783032222,3546.011904817222,,,inventory timestamps are latest mtimes and may reflect reruns or copies,unavailable_slurm_accounting_disabled,unavailable_slurm_accounting_disabled
20260111,excluded_primary,upstream_wcs_failure_8_to_11_arcsec,False,False,matched_without_ades,not_run,latest_mtime_only,latest_mtime_only,latest_mtime_only,,,,,0,no_explicit_processing_segment,,,,,0,no_explicit_processing_segment,,,2026-01-23T11:00:14.519981Z,evt_f5f2df733e69b352,2026-06-19T11:49:27.036163Z,2026-06-19T11:49:27.357157Z,2026-06-19T11:49:27.778149Z,2026-04-01T03:32:31.818802Z,,,2026-06-20T02:00:24.815374Z,,,,,,,,1624.538138561389,,,,,,,,,,,,,,,,inventory timestamps are latest mtimes and may reflect reruns or copies,unavailable_slurm_accounting_disabled,unavailable_slurm_accounting_disabled
20260112,quality_ok,,True,True,reply_received,reply_received,latest_mtime_only,latest_mtime_only,latest_mtime_only,,,,,0,no_explicit_processing_segment,,,,,0,no_explicit_processing_segment,,,2026-01-23T15:06:49.107612Z,evt_1eb971d53ea0074f,2026-06-19T11:56:10.689449Z,2026-06-19T11:56:11.334436Z,2026-06-19T11:56:11.963424Z,2026-04-01T03:33:32.013495Z,2026-04-01T03:33:38.711349Z,2026-06-20T02:00:43.942200Z,2026-06-20T02:00:43.399147Z,2026-06-20T02:02:00.834296Z,2026-06-20T07:07:49.491381Z,2026-06-20T07:07:49.491381Z,2026-06-20T07:14:55.539742Z,2026-06-20T07:15:00.548645Z,,,1620.4452516341667,,,,,,5.096849190277777,5.096849190277777,0.0,0.001860515,0.0013913619444444446,1620.4471121491667,3538.8985651633334,3538.919924078889,3544.1365113980555,,inventory timestamps are latest mtimes and may reflect reruns or copies,unavailable_slurm_accounting_disabled,unavailable_slurm_accounting_disabled
20260113,no_strict_raw,,True,True,not_run,not_run,no_evidence,no_evidence,no_evidence,,,,,0,no_explicit_processing_segment,,,,,0,no_explicit_processing_segment,,,,,,,,,,,,,,,,,,,,,,,,,,,,,,,,,,,,unavailable_slurm_accounting_disabled,unavailable_slurm_accounting_disabled
20260114,quality_ok,,True,True,reply_received,catalog_nonempty,latest_mtime_only,latest_mtime_only,latest_mtime_only,,,,,0,no_explicit_processing_segment,,,,,0,no_explicit_processing_segment,,,2026-01-23T19:38:44.589844Z,evt_26150ca0b352bda8,2026-06-19T12:05:22.963896Z,2026-06-19T12:05:23.914877Z,2026-06-19T12:05:24.829860Z,2026-04-01T03:34:32.157188Z,2026-04-01T03:34:36.165102Z,2026-06-20T02:02:33.686077Z,2026-06-20T02:02:33.117417Z,2026-06-20T02:05:34.321385Z,2026-06-21T03:58:47.645169Z,2026-06-21T03:58:47.645169Z,2026-06-21T04:01:40.069284Z,,,,1615.9298798177776,,,,,,25.887034384444444,25.887034384444444,0.0,0.0011133094444444446,,1615.930993127222,3534.396971175833,3534.4471476502777,,,inventory timestamps are latest mtimes and may reflect reruns or copies,unavailable_slurm_accounting_disabled,unavailable_slurm_accounting_disabled
20260115,quality_ok,,True,True,reply_received,catalog_nonempty,latest_mtime_only,latest_mtime_only,latest_mtime_only,,,,,0,no_explicit_processing_segment,,,,,0,no_explicit_processing_segment,,,2026-01-23T23:24:31.013465Z,evt_225bfa9505a889aa,2026-06-19T12:14:25.121544Z,2026-06-19T12:14:26.037526Z,2026-06-19T12:14:26.924509Z,2026-04-01T03:35:31.987889Z,2026-04-01T03:35:35.127821Z,2026-06-20T02:06:04.964988Z,2026-06-20T02:06:04.429666Z,2026-06-20T02:07:43.124546Z,2026-06-20T08:23:21.257338Z,2026-06-20T08:23:21.257338Z,2026-06-20T08:25:03.065664Z,,,,1612.1836040066667,,,,,,6.260592442222222,6.260592442222222,0.0,0.0008722033333333334,,1612.18447621,3530.6927643119448,3530.7200308558336,,,inventory timestamps are latest mtimes and may reflect reruns or copies,unavailable_slurm_accounting_disabled,unavailable_slurm_accounting_disabled
20260116,quality_ok,,True,True,reply_received,catalog_nonempty,latest_mtime_only,latest_mtime_only,latest_mtime_only,,,,,0,no_explicit_processing_segment,,,,,0,no_explicit_processing_segment,,,2026-01-24T01:47:35.799204Z,evt_b2c1dde5128db0a4,2026-06-19T12:22:20.872459Z,2026-06-19T12:22:21.752443Z,2026-06-19T12:22:22.620426Z,2026-04-01T03:36:32.013585Z,2026-04-01T03:36:35.027520Z,2026-06-20T02:08:13.330505Z,2026-06-20T02:08:12.801375Z,2026-06-20T02:09:13.479234Z,2026-06-20T08:24:42.371711Z,2026-06-20T08:24:42.371711Z,2026-06-20T08:25:03.543655Z,,,,1609.8156151058333,,,,,,6.258025688055556,6.258025688055556,0.0,0.0008372041666666667,,1609.81645231,3528.343758694722,3528.3604666749998,,,inventory timestamps are latest mtimes and may reflect reruns or copies,unavailable_slurm_accounting_disabled,unavailable_slurm_accounting_disabled
20260117,quality_ok,,True,True,reply_received,catalog_nonempty,latest_mtime_only,latest_mtime_only,latest_mtime_only,,,,,0,no_explicit_processing_segment,,,,,0,no_explicit_processing_segment,,,2026-01-24T03:10:19.150837Z,evt_16b159a3ddca9d85,2026-06-19T12:27:25.167645Z,2026-06-19T12:27:25.679635Z,2026-06-19T12:27:26.196625Z,2026-04-01T03:37:31.892284Z,2026-04-01T03:37:36.686180Z,2026-06-20T02:09:31.553994Z,2026-06-20T02:09:31.045223Z,2026-06-20T02:09:53.781648Z,2026-06-20T08:25:38.010676Z,2026-06-20T08:25:38.010676Z,2026-06-20T08:30:04.571868Z,,,,1608.4535392908333,,,,,,6.262285841111112,6.262285841111112,0.0,0.0013316377777777778,,1608.454870928611,3526.986778654722,3526.992953003056,,,inventory timestamps are latest mtimes and may reflect reruns or copies,unavailable_slurm_accounting_disabled,unavailable_slurm_accounting_disabled
20260118,no_strict_raw,,True,True,not_run,not_run,no_evidence,no_evidence,no_evidence,,,,,0,no_explicit_processing_segment,,,,,0,no_explicit_processing_segment,,,,,,,,,,,,,,,,,,,,,,,,,,,,,,,,,,,,unavailable_slurm_accounting_disabled,unavailable_slurm_accounting_disabled
20260119,quality_ok,,True,True,reply_received,catalog_nonempty,latest_mtime_only,latest_mtime_only,latest_mtime_only,,,,,0,no_explicit_processing_segment,,,,,0,no_explicit_processing_segment,,,2026-01-24T05:49:55.184584Z,evt_fb277cebefa971ea,2026-06-19T12:36:30.191229Z,2026-06-19T12:36:31.168211Z,2026-06-19T12:36:32.112193Z,2026-04-01T03:38:31.913981Z,2026-04-01T03:38:38.031848Z,2026-06-20T02:10:26.919928Z,2026-06-20T02:10:26.394553Z,2026-06-20T02:10:32.306567Z,2026-06-20T08:25:50.840890Z,2026-06-20T08:25:50.840890Z,2026-06-20T08:30:05.044859Z,,,,1605.8102026102777,,,,,,6.255148423055555,6.255148423055555,0.0,0.0016994075000000002,,1605.8119020177778,3524.3421487066666,3524.3436449952774,,,inventory timestamps are latest mtimes and may reflect reruns or copies,unavailable_slurm_accounting_disabled,unavailable_slurm_accounting_disabled
20260120,quality_ok,,True,True,reply_received,catalog_nonempty,latest_mtime_only,latest_mtime_only,latest_mtime_only,,,,,0,no_explicit_processing_segment,,,,,0,no_explicit_processing_segment,,,2026-01-24T08:52:15.929544Z,evt_3067356f67c8d806,2026-06-19T12:46:26.968817Z,2026-06-19T12:46:27.999797Z,2026-06-19T12:46:29.004778Z,2026-04-01T03:39:31.872678Z,2026-04-01T03:39:36.721573Z,2026-06-20T02:11:07.111154Z,2026-06-20T02:11:06.587888Z,2026-06-20T02:11:22.603156Z,2026-06-20T08:26:06.105938Z,2026-06-20T08:26:06.105938Z,2026-06-20T08:30:05.521850Z,,,,1602.7877619816666,,,,,,6.245417439444444,6.245417439444444,0.0,0.0013469152777777777,,1602.7891088969445,3521.314217113889,3521.3185204477777,,,inventory timestamps are latest mtimes and may reflect reruns or copies,unavailable_slurm_accounting_disabled,unavailable_slurm_accounting_disabled
20260121,quality_ok,,True,True,reply_received,catalog_nonempty,latest_mtime_only,latest_mtime_only,latest_mtime_only,,,,,0,no_explicit_processing_segment,,,,,0,no_explicit_processing_segment,,,2026-01-24T13:11:23.096517Z,evt_1ac0607a7602c2a0,2026-06-19T12:56:24.786383Z,2026-06-19T12:56:25.894362Z,2026-06-19T12:56:26.960341Z,2026-04-01T03:40:31.987372Z,2026-04-01T03:40:39.236215Z,2026-06-20T02:11:57.488183Z,2026-06-20T02:11:56.957232Z,2026-06-20T02:13:27.409156Z,2026-06-21T04:07:37.873305Z,2026-06-21T04:07:37.873305Z,2026-06-21T04:11:40.759671Z,,,,1598.485803015278,,,,,,25.902906708055557,25.902906708055557,0.0,0.0020135675,,1598.4878165827777,3517.0095532405558,3517.034531288611,,,inventory timestamps are latest mtimes and may reflect reruns or copies,unavailable_slurm_accounting_disabled,unavailable_slurm_accounting_disabled
20260122,quality_ok,,True,True,reply_received,catalog_nonempty,latest_mtime_only,latest_mtime_only,latest_mtime_only,,,,,0,no_explicit_processing_segment,,,,,0,no_explicit_processing_segment,,,2026-01-24T16:29:10.924446Z,evt_29419fdbbd454c48,2026-06-19T13:06:25.293897Z,2026-06-19T13:06:26.397876Z,2026-06-19T13:06:27.475855Z,2026-04-01T03:41:32.051068Z,2026-04-01T03:41:36.283976Z,2026-06-20T02:14:04.957728Z,2026-06-20T02:14:04.421837Z,2026-06-20T02:14:56.342442Z,2026-06-21T04:10:12.544576Z,2026-06-21T04:10:12.544576Z,2026-06-21T04:11:41.237662Z,,,,1595.205868506111,,,,,,25.921167259444445,25.921167259444445,0.0,0.0011758077777777778,,1595.207044313889,3513.7483425783334,3513.76261611,,,inventory timestamps are latest mtimes and may reflect reruns or copies,unavailable_slurm_accounting_disabled,unavailable_slurm_accounting_disabled
20260123,quality_ok,,True,True,reply_received,catalog_nonempty,latest_mtime_only,latest_mtime_only,latest_mtime_only,,,,,0,no_explicit_processing_segment,,,,,0,no_explicit_processing_segment,,,2026-01-23T23:06:37.360859Z,evt_78ff9530d1a51921,2026-06-19T13:16:24.067446Z,2026-06-19T13:16:25.177424Z,2026-06-19T13:16:26.266403Z,2026-04-01T03:42:32.021765Z,2026-04-01T03:42:36.250673Z,2026-06-20T02:15:32.516042Z,2026-06-20T02:15:31.989560Z,2026-06-20T02:16:09.130863Z,2026-06-21T04:11:09.647241Z,2026-06-21T04:11:09.647241Z,2026-06-21T04:11:41.722652Z,,,,1612.5985169183334,,,,,,25.916810105,25.916810105,0.0,0.0011746966666666666,,1612.599691615,3531.1486542175003,3531.1588250011114,,,inventory timestamps are latest mtimes and may reflect reruns or copies,unavailable_slurm_accounting_disabled,unavailable_slurm_accounting_disabled
20260124,quality_ok,,True,True,reply_received,catalog_nonempty,latest_mtime_only,latest_mtime_only,latest_mtime_only,,,,,0,no_explicit_processing_segment,,,,,0,no_explicit_processing_segment,,,2026-01-24T22:36:08.321071Z,evt_900c88bf1abd9198,2026-06-19T13:27:16.166977Z,2026-06-19T13:27:17.261956Z,2026-06-19T13:27:18.346935Z,2026-04-01T03:43:32.018462Z,2026-04-01T03:43:35.814379Z,2026-06-20T02:16:43.431676Z,2026-06-20T02:16:42.901956Z,2026-06-20T02:19:26.138493Z,2026-06-22T07:18:02.207575Z,2026-06-22T07:18:02.207575Z,2026-06-22T08:38:56.190771Z,,,,1589.1232492752777,,,,,,52.97668585611111,52.97668585611111,0.0,0.001054421388888889,,1589.1243036966666,3507.6764196125,3507.7216159505556,,,inventory timestamps are latest mtimes and may reflect reruns or copies,unavailable_slurm_accounting_disabled,unavailable_slurm_accounting_disabled
20260125,no_strict_raw,,True,True,not_run,not_run,no_evidence,no_evidence,no_evidence,,,,,0,no_explicit_processing_segment,,,,,0,no_explicit_processing_segment,,,,,,,,,,,,,,,,,,,,,,,,,,,,,,,,,,,,unavailable_slurm_accounting_disabled,unavailable_slurm_accounting_disabled
20260126,quality_ok,,True,True,reply_received,catalog_nonempty,latest_mtime_only,latest_mtime_only,latest_mtime_only,,,,,0,no_explicit_processing_segment,,,,,0,no_explicit_processing_segment,,,2026-01-26T23:14:57.933432Z,evt_830b7cf156b52e8e,2026-06-19T13:37:15.583518Z,2026-06-19T13:37:16.682497Z,2026-06-19T13:37:17.766476Z,2026-04-01T03:44:31.989159Z,2026-04-01T03:44:36.551060Z,2026-06-20T02:20:01.900853Z,2026-06-20T02:20:01.372570Z,2026-06-20T02:21:06.747481Z,2026-06-22T08:33:54.072086Z,2026-06-22T08:33:54.072086Z,2026-06-22T08:38:56.717761Z,,,,1540.4927932575001,,,,,,54.21314572361111,54.21314572361111,0.0,0.0012671947222222223,,1540.4940604522221,3459.0844353947223,3459.1024483469446,,,inventory timestamps are latest mtimes and may reflect reruns or copies,unavailable_slurm_accounting_disabled,unavailable_slurm_accounting_disabled
20260127,quality_ok,,True,True,reply_received,catalog_nonempty,latest_mtime_only,latest_mtime_only,latest_mtime_only,,,,,0,no_explicit_processing_segment,,,,,0,no_explicit_processing_segment,,,2026-01-27T22:42:58.383184Z,evt_6bcfb76e4e068b79,2026-06-19T13:44:29.538223Z,2026-06-19T13:44:30.259209Z,2026-06-19T13:44:30.959195Z,2026-04-01T03:45:31.862859Z,2026-04-01T03:45:38.236720Z,2026-06-20T02:21:32.146115Z,2026-06-20T02:21:31.653555Z,2026-06-20T02:21:46.238974Z,2026-06-22T08:34:10.885304Z,2026-06-22T08:34:10.885304Z,2026-06-22T08:38:57.214751Z,,,,1517.0426332430554,,,,,,54.206846202777776,54.206846202777776,0.0,0.0017705169444444443,,1517.0444037599998,3435.642711925278,3435.6466266083335,,,inventory timestamps are latest mtimes and may reflect reruns or copies,unavailable_slurm_accounting_disabled,unavailable_slurm_accounting_disabled
20260128,quality_ok,,True,True,reply_received,true_zero_catalog,latest_mtime_only,latest_mtime_only,latest_mtime_only,,,,,0,no_explicit_processing_segment,,,,,0,no_explicit_processing_segment,,,2026-01-28T12:20:49.283646Z,evt_7420c8a19fd2f0d0,2026-06-19T13:45:24.582170Z,2026-06-19T13:45:24.705168Z,2026-06-19T13:45:24.828166Z,2026-04-01T03:46:31.834556Z,2026-04-01T03:46:34.839491Z,2026-06-20T02:21:49.456781Z,2026-06-20T02:21:48.963035Z,2026-06-20T02:21:49.969793Z,2026-06-20T02:21:49.969695Z,,,,,,1503.4284863638889,,,,,,-2.7222222222222222e-08,,,0.0008347041666666667,,1503.4293210680555,3422.016714759722,3422.016857263056,,human_review_package_to_review_csv_hours_negative,inventory timestamps are latest mtimes and may reflect reruns or copies,unavailable_slurm_accounting_disabled,unavailable_slurm_accounting_disabled
20260129,quality_ok,,True,True,reply_received,catalog_nonempty,latest_mtime_only,latest_mtime_only,latest_mtime_only,,,,,0,no_explicit_processing_segment,,,,,0,no_explicit_processing_segment,,,2026-01-29T19:43:51.856680Z,evt_b9ddb166d8cec19e,2026-06-19T13:51:41.240972Z,2026-06-19T13:51:41.865960Z,2026-06-19T13:51:42.479948Z,2026-04-01T03:47:31.849253Z,2026-04-01T03:47:41.203050Z,2026-06-20T02:22:08.610413Z,2026-06-20T02:22:08.110832Z,2026-06-20T02:22:32.770578Z,2026-06-22T08:34:51.746479Z,2026-06-22T08:34:51.746479Z,2026-06-22T08:38:57.646743Z,,,,1472.0611090480554,,,,,,54.20527108361111,54.20527108361111,0.0,0.0025982769444444446,,1472.063707325,3390.6379871480553,3390.644698305,,,inventory timestamps are latest mtimes and may reflect reruns or copies,unavailable_slurm_accounting_disabled,unavailable_slurm_accounting_disabled
20260130,no_strict_raw,,True,True,not_run,not_run,no_evidence,no_evidence,no_evidence,,,,,0,no_explicit_processing_segment,,,,,0,no_explicit_processing_segment,,,,,,,,,,,,,,,,,,,,,,,,,,,,,,,,,,,,unavailable_slurm_accounting_disabled,unavailable_slurm_accounting_disabled
20260131,quality_ok,,True,True,reply_received,catalog_nonempty,latest_mtime_only,latest_mtime_only,latest_mtime_only,,,,,0,no_explicit_processing_segment,,,,,0,no_explicit_processing_segment,,,2026-01-31T23:00:19.861061Z,evt_f66a7dc87f090ec6,2026-06-19T13:57:41.567086Z,2026-06-19T13:57:42.220074Z,2026-06-19T13:57:42.848062Z,2026-04-01T03:48:31.896949Z,2026-04-01T03:48:34.888884Z,2026-06-20T02:22:52.770562Z,2026-06-20T02:22:52.276533Z,2026-06-20T02:22:57.773059Z,2026-06-22T08:35:05.390240Z,2026-06-22T08:35:05.390240Z,2026-06-22T08:38:58.145733Z,,,,1420.8033433022224,,,,,,54.202115883611114,54.202115883611114,0.0,0.0008310930555555555,,1420.8041743952779,3339.375808194722,3339.377197777222,,,inventory timestamps are latest mtimes and may reflect reruns or copies,unavailable_slurm_accounting_disabled,unavailable_slurm_accounting_disabled
20260201,quality_ok,,True,True,reply_received,catalog_nonempty,latest_mtime_only,latest_mtime_only,latest_mtime_only,,,,,0,no_explicit_processing_segment,,,,,0,no_explicit_processing_segment,,,2026-02-02T00:13:18.201644Z,evt_b1687931998fb630,2026-06-19T14:03:10.023810Z,2026-06-19T14:03:10.613799Z,2026-06-19T14:03:11.175788Z,2026-04-01T03:49:31.807648Z,2026-04-01T03:49:34.200596Z,2026-06-20T02:23:15.631122Z,2026-06-20T02:23:15.137716Z,2026-06-20T02:23:26.797687Z,2026-06-22T08:35:31.365632Z,2026-06-22T08:35:31.365632Z,2026-06-22T08:38:58.594725Z,,,,1395.6037794455556,,,,,,54.201268873611106,54.201268873611106,0.0,0.0006647077777777778,,1395.6044441533334,3314.165952632778,3314.169054456389,,,inventory timestamps are latest mtimes and may reflect reruns or copies,unavailable_slurm_accounting_disabled,unavailable_slurm_accounting_disabled
20260202,quality_ok,,True,True,reply_received,catalog_nonempty,latest_mtime_only,latest_mtime_only,latest_mtime_only,,,,,0,no_explicit_processing_segment,,,,,0,no_explicit_processing_segment,,,2026-02-02T23:37:41.498272Z,evt_f4572be81936e39f,2026-06-19T14:12:46.041802Z,2026-06-19T14:12:47.064783Z,2026-06-19T14:12:48.065764Z,2026-04-01T03:50:31.926343Z,2026-04-01T03:50:40.959147Z,2026-06-20T02:23:56.956326Z,2026-06-20T02:23:56.454721Z,2026-06-20T02:24:43.076063Z,2026-06-22T15:36:04.335921Z,2026-06-22T15:36:04.335921Z,2026-06-22T15:38:58.203911Z,,,,1372.2140077975,,,,,,61.18923884944444,61.18923884944444,0.0,0.0025091122222222224,,1372.2165169097223,3290.770960570556,3290.783771608611,,,inventory timestamps are latest mtimes and may reflect reruns or copies,unavailable_slurm_accounting_disabled,unavailable_slurm_accounting_disabled
20260203,no_strict_raw,,True,True,not_run,not_run,no_evidence,no_evidence,no_evidence,,,,,0,no_explicit_processing_segment,,,,,0,no_explicit_processing_segment,,,,,,,,,,,,,,,,,,,,,,,,,,,,,,,,,,,,unavailable_slurm_accounting_disabled,unavailable_slurm_accounting_disabled
20260204,no_strict_raw,,True,True,not_run,not_run,no_evidence,no_evidence,no_evidence,,,,,0,no_explicit_processing_segment,,,,,0,no_explicit_processing_segment,,,,,,,,,,,,,,,,,,,,,,,,,,,,,,,,,,,,unavailable_slurm_accounting_disabled,unavailable_slurm_accounting_disabled
20260205,quality_ok,,True,True,reply_received,reply_received,latest_mtime_only,latest_mtime_only,latest_mtime_only,,,,,0,no_explicit_processing_segment,,,,,0,no_explicit_processing_segment,,,2026-02-05T19:13:02.828004Z,evt_353d8ea92d7d290b,2026-06-19T14:19:17.885314Z,2026-06-19T14:19:18.472303Z,2026-06-19T14:19:19.051292Z,2026-04-01T03:51:31.845042Z,2026-04-01T03:51:36.620938Z,2026-06-20T02:25:02.957054Z,2026-06-20T02:25:02.461186Z,2026-06-20T02:25:47.968829Z,2026-06-22T15:38:53.721079Z,2026-06-22T15:38:53.721079Z,2026-06-22T15:49:33.749703Z,2026-06-22T15:49:45.750475Z,,,1304.6413936216666,,,,,,61.21826451388888,61.21826451388888,0.0,0.0013266377777777778,0.0033335477777777776,1304.6427202594443,3223.200035847222,3223.2125391180552,3284.611922908611,,inventory timestamps are latest mtimes and may reflect reruns or copies,unavailable_slurm_accounting_disabled,unavailable_slurm_accounting_disabled
20260206,quality_ok,,True,True,reply_received,reply_received,latest_mtime_only,latest_mtime_only,latest_mtime_only,,,,,0,no_explicit_processing_segment,,,,,0,no_explicit_processing_segment,,,2026-02-06T17:39:03.250513Z,evt_5d97447235d7c326,2026-06-19T14:25:05.097679Z,2026-06-19T14:25:05.647668Z,2026-06-19T14:25:06.174658Z,2026-04-01T03:52:31.876738Z,2026-04-01T03:52:36.666634Z,2026-06-20T02:26:03.902880Z,2026-06-20T02:26:03.409809Z,2026-06-20T02:26:52.415322Z,2026-06-22T15:40:37.728119Z,2026-06-22T15:40:37.728119Z,2026-06-22T15:44:23.723606Z,2026-06-22T15:44:30.943468Z,,,1282.2246183958334,,,,,,61.22925355472222,61.22925355472222,0.0,0.0013305266666666666,0.002005517222222222,1282.2259489225,3200.7835145463887,3200.7969902247223,3262.0910258208332,,inventory timestamps are latest mtimes and may reflect reruns or copies,unavailable_slurm_accounting_disabled,unavailable_slurm_accounting_disabled
20260207,quality_ok,,True,True,reply_received,reply_received,latest_mtime_only,latest_mtime_only,latest_mtime_only,,,,,0,no_explicit_processing_segment,,,,,0,no_explicit_processing_segment,,,2026-02-07T22:28:49.986880Z,evt_3ee1c92369aeff01,2026-06-19T14:35:27.628779Z,2026-06-19T14:35:28.706759Z,2026-06-19T14:35:29.766739Z,2026-04-01T03:53:31.885435Z,2026-04-01T03:53:45.658136Z,2026-06-20T02:27:25.270318Z,2026-06-20T02:27:24.759578Z,2026-06-20T02:29:17.121447Z,2026-06-22T15:48:39.923700Z,2026-06-22T15:48:39.923700Z,2026-06-22T15:54:54.290601Z,2026-06-22T15:54:59.405503Z,,,1253.4116384875,,,,,,61.32300062583333,61.32300062583333,0.0,0.0038257502777777775,0.0014208061111111111,1253.4154642377778,3171.976467621667,3172.007537379722,3233.4359496175002,,inventory timestamps are latest mtimes and may reflect reruns or copies,unavailable_slurm_accounting_disabled,unavailable_slurm_accounting_disabled
20260208,quality_ok,,True,True,reply_received,reply_received,latest_mtime_only,latest_mtime_only,latest_mtime_only,,,,,0,no_explicit_processing_segment,,,,,0,no_explicit_processing_segment,,,2026-02-08T22:28:04.916692Z,evt_340fb59c89a36f05,2026-06-19T14:45:53.130823Z,2026-06-19T14:45:54.231802Z,2026-06-19T14:45:55.308781Z,2026-04-01T03:54:31.994130Z,2026-04-01T03:54:37.003021Z,2026-06-20T02:29:54.752448Z,2026-06-20T02:29:54.241635Z,2026-06-20T02:33:49.980611Z,2026-06-23T02:25:39.590515Z,2026-06-23T02:25:39.590515Z,2026-06-23T02:30:18.384758Z,2026-06-23T02:30:23.166664Z,,,1229.4408548438887,,,,,,71.8637805288889,71.8637805288889,0.0,0.0013913586111111112,0.0013283072222222223,1229.4422462025,3148.0305099322222,3148.095851088611,3220.03840277,,inventory timestamps are latest mtimes and may reflect reruns or copies,unavailable_slurm_accounting_disabled,unavailable_slurm_accounting_disabled
20260209,raw_without_l2;l2_missing,missing_l2,True,True,not_run,not_run,no_evidence,no_evidence,no_evidence,,,,,0,no_explicit_processing_segment,,,,,0,no_explicit_processing_segment,,,,,,,,,,,,,,,,,,,,,,,,,,,,,,,,,,,,unavailable_slurm_accounting_disabled,unavailable_slurm_accounting_disabled
20260210,quality_ok,,True,True,reply_received,reply_received,latest_mtime_only,latest_mtime_only,latest_mtime_only,,,,,0,no_explicit_processing_segment,,,,,0,no_explicit_processing_segment,,,2026-02-10T14:22:01.855283Z,evt_a27976db8883373f,2026-06-19T14:49:03.882176Z,2026-06-19T14:49:04.262169Z,2026-06-19T14:49:04.622162Z,2026-04-01T03:55:31.874830Z,2026-04-01T03:55:35.248756Z,2026-06-20T02:34:03.387673Z,2026-06-20T02:34:02.896709Z,2026-06-20T02:34:52.317845Z,2026-06-23T02:32:00.904504Z,2026-06-23T02:32:00.904504Z,2026-06-23T02:35:24.935728Z,2026-06-23T02:35:28.590656Z,,,1189.5583387630554,,,,,,71.95238518305555,71.95238518305555,0.0,0.0009372016666666667,0.0010152577777777778,1189.5592759647222,3108.200425663889,3108.2140173783337,3180.2240931591664,,inventory timestamps are latest mtimes and may reflect reruns or copies,unavailable_slurm_accounting_disabled,unavailable_slurm_accounting_disabled
20260211,quality_ok,,True,True,reply_received,catalog_nonempty,latest_mtime_only,latest_mtime_only,latest_mtime_only,,,,,0,no_explicit_processing_segment,,,,,0,no_explicit_processing_segment,,,2026-02-11T22:00:43.186942Z,evt_71fe19adec85be69,2026-06-19T14:57:07.581930Z,2026-06-19T14:57:08.557911Z,2026-06-19T14:57:09.506893Z,2026-04-01T03:56:31.919526Z,2026-04-01T03:56:37.576403Z,2026-06-20T02:35:24.049124Z,2026-06-20T02:35:23.523653Z,2026-06-20T02:37:22.155897Z,2026-06-23T02:36:10.520969Z,2026-06-23T02:36:10.520969Z,2026-06-23T02:40:29.216734Z,,,,1157.9302034955556,,,,,,71.98010140888888,71.98010140888888,0.0,0.0015713547222222222,,1157.9317748502779,3076.5780172727777,3076.6108247097222,,,inventory timestamps are latest mtimes and may reflect reruns or copies,unavailable_slurm_accounting_disabled,unavailable_slurm_accounting_disabled
20260212,quality_ok,,True,True,reply_received,catalog_nonempty,latest_mtime_only,latest_mtime_only,latest_mtime_only,,,,,0,no_explicit_processing_segment,,,,,0,no_explicit_processing_segment,,,2026-02-12T22:11:19.510350Z,evt_35d918c389619f90,2026-06-19T15:02:48.920407Z,2026-06-19T15:02:49.587394Z,2026-06-19T15:02:50.229382Z,2026-04-01T03:57:31.862224Z,2026-04-01T03:57:40.554035Z,2026-06-20T02:37:45.849402Z,2026-06-20T02:37:45.356058Z,2026-06-20T02:38:07.256256Z,2026-06-23T02:36:54.536161Z,2026-06-23T02:36:54.536161Z,2026-06-23T02:40:29.687725Z,,,,1133.7700977427778,,,,,,71.97979997361111,71.97979997361111,0.0,0.002414391944444444,,1133.772512134722,3052.4406497366663,3052.446596085,,,inventory timestamps are latest mtimes and may reflect reruns or copies,unavailable_slurm_accounting_disabled,unavailable_slurm_accounting_disabled
20260213,quality_ok,,True,True,reply_received,reply_received,latest_mtime_only,latest_mtime_only,latest_mtime_only,,,,,0,no_explicit_processing_segment,,,,,0,no_explicit_processing_segment,,,2026-02-13T22:13:48.107385Z,evt_6cf70a8cecfb8d0a,2026-06-19T15:10:37.215458Z,2026-06-19T15:10:38.262438Z,2026-06-19T15:10:39.156421Z,2026-04-01T03:58:31.905920Z,2026-04-01T03:58:36.494821Z,2026-06-20T02:38:35.881441Z,2026-06-20T02:38:35.365083Z,2026-06-20T02:41:34.816128Z,2026-06-23T08:30:15.062359Z,2026-06-23T08:30:15.062359Z,2026-06-23T08:33:59.093609Z,2026-06-23T08:34:04.268509Z,,,1109.7454995930557,,,,,,77.8111795086111,77.8111795086111,0.0,0.0012746947222222222,0.0014374722222222221,1109.7467742877777,3028.4132705711113,3028.4629746508335,3106.3378225344445,,inventory timestamps are latest mtimes and may reflect reruns or copies,unavailable_slurm_accounting_disabled,unavailable_slurm_accounting_disabled
20260214,no_strict_raw,,True,True,not_run,not_run,no_evidence,no_evidence,no_evidence,,,,,0,no_explicit_processing_segment,,,,,0,no_explicit_processing_segment,,,,,,,,,,,,,,,,,,,,,,,,,,,,,,,,,,,,unavailable_slurm_accounting_disabled,unavailable_slurm_accounting_disabled
20260215,quality_ok,,True,True,reply_received,catalog_nonempty,latest_mtime_only,latest_mtime_only,latest_mtime_only,,,,,0,no_explicit_processing_segment,,,,,0,no_explicit_processing_segment,,,2026-02-15T22:23:41.200182Z,evt_0359d44d284080fe,2026-06-19T15:19:23.292408Z,2026-06-19T15:19:24.307389Z,2026-06-19T15:19:25.301370Z,2026-04-01T04:00:01.877967Z,2026-04-01T04:00:05.758882Z,2026-06-20T02:42:09.271343Z,2026-06-20T02:42:08.302805Z,2026-06-20T02:42:58.139062Z,2026-06-23T08:32:01.420455Z,2026-06-23T08:32:01.420455Z,2026-06-23T08:34:04.787499Z,,,,1061.6057438291666,,,,,,77.81757816472222,77.81757816472222,0.0,0.0010780319444444444,,1061.606821861111,2980.3077975447222,2980.3213719111113,,,inventory timestamps are latest mtimes and may reflect reruns or copies,unavailable_slurm_accounting_disabled,unavailable_slurm_accounting_disabled
20260216,quality_ok,,True,True,reply_received,reply_received,latest_mtime_only,latest_mtime_only,latest_mtime_only,,,,,0,no_explicit_processing_segment,,,,,0,no_explicit_processing_segment,,,2026-02-16T22:14:10.474318Z,evt_6b566c9afbba28fb,2026-06-19T15:28:39.364788Z,2026-06-19T15:28:40.487766Z,2026-06-19T15:28:41.590745Z,2026-04-01T04:01:01.972662Z,2026-04-01T04:01:06.726558Z,2026-06-20T02:43:35.470688Z,2026-06-20T02:43:34.943621Z,2026-06-20T02:45:07.082086Z,2026-06-23T08:35:39.767955Z,2026-06-23T08:35:39.767955Z,2026-06-23T08:39:07.187618Z,2026-06-23T08:39:13.875488Z,,,1037.7809717622222,,,,,,77.84241274138888,77.84241274138888,0.0,0.0013205266666666668,0.0018577416666666667,1037.7822922888888,2956.490276769445,2956.51572438,3034.417611436111,,inventory timestamps are latest mtimes and may reflect reruns or copies,unavailable_slurm_accounting_disabled,unavailable_slurm_accounting_disabled
20260217,quality_ok,,True,True,reply_received,catalog_nonempty,latest_mtime_only,latest_mtime_only,latest_mtime_only,,,,,0,no_explicit_processing_segment,,,,,0,no_explicit_processing_segment,,,2026-02-17T22:15:33.007636Z,evt_a9579b5d6dd535a5,2026-06-19T15:37:59.437107Z,2026-06-19T15:38:00.529086Z,2026-06-19T15:38:01.596066Z,2026-04-01T04:02:01.956359Z,2026-04-01T04:02:06.374263Z,2026-06-20T02:45:42.993235Z,2026-06-20T02:45:42.475569Z,2026-06-20T02:48:36.867362Z,2026-06-23T08:40:53.377652Z,2026-06-23T08:40:53.377652Z,2026-06-23T08:44:14.484719Z,,,,1013.7747079786111,,,,,,77.87125285833334,77.87125285833334,0.0,0.0012271955555555555,,1013.7759351741666,2932.5027737775,2932.5510721461114,,,inventory timestamps are latest mtimes and may reflect reruns or copies,unavailable_slurm_accounting_disabled,unavailable_slurm_accounting_disabled
20260218,quality_ok,,True,True,reply_received,catalog_nonempty,latest_mtime_only,latest_mtime_only,latest_mtime_only,,,,,0,no_explicit_processing_segment,,,,,0,no_explicit_processing_segment,,,2026-02-18T22:13:50.030649Z,evt_f83415eeda89f751,2026-06-19T15:48:04.437576Z,2026-06-19T15:48:05.537555Z,2026-06-19T15:48:06.606535Z,2026-04-01T04:03:01.913057Z,2026-04-01T04:03:05.781973Z,2026-06-20T02:49:15.037158Z,2026-06-20T02:49:14.538889Z,2026-06-20T02:50:47.162879Z,2026-06-23T08:43:20.820000Z,2026-06-23T08:43:20.820000Z,2026-06-23T08:44:14.985709Z,,,,989.8199673355556,,,,,,77.87601586694444,77.87601586694444,0.0,0.001074698888888889,,989.8210420344444,2908.5902795858333,2908.615870063889,,,inventory timestamps are latest mtimes and may reflect reruns or copies,unavailable_slurm_accounting_disabled,unavailable_slurm_accounting_disabled
20260219,quality_ok,,True,True,reply_received,catalog_nonempty,latest_mtime_only,latest_mtime_only,latest_mtime_only,,,,,0,no_explicit_processing_segment,,,,,0,no_explicit_processing_segment,,,2026-02-19T22:12:48.094903Z,evt_8de0e1251090b515,2026-06-19T15:53:34.667280Z,2026-06-19T15:53:35.337267Z,2026-06-19T15:53:35.984255Z,2026-04-01T04:04:01.899754Z,2026-04-01T04:04:06.413656Z,2026-06-20T02:51:08.640973Z,2026-06-20T02:51:08.149178Z,2026-06-20T02:53:14.824456Z,2026-06-23T08:45:20.774484Z,2026-06-23T08:45:20.774484Z,2026-06-23T08:49:15.513951Z,,,,965.8538346808334,,,,,,77.86831945222222,77.86831945222222,0.0,0.0012538616666666665,,965.8550885425,2884.639040575,2884.6740915425,,,inventory timestamps are latest mtimes and may reflect reruns or copies,unavailable_slurm_accounting_disabled,unavailable_slurm_accounting_disabled
20260220,quality_ok,,True,True,matched_without_ades,catalog_nonempty,latest_mtime_only,latest_mtime_only,latest_mtime_only,,,,,0,no_explicit_processing_segment,,,,,0,no_explicit_processing_segment,,,2026-02-20T22:10:47.745118Z,evt_67e5364a4cb4a6a5,2026-06-19T16:02:40.879866Z,2026-06-19T16:02:41.795848Z,2026-06-19T16:02:42.697831Z,,,2026-06-20T02:53:47.899910Z,2026-06-20T02:53:47.413577Z,2026-06-20T02:54:30.615489Z,2026-06-23T08:46:13.323667Z,2026-06-23T08:46:13.323667Z,2026-06-23T08:49:16.006941Z,,,,,,,,,,77.86186338277778,77.86186338277778,0.0,,,,2860.7167096644444,2860.728575103056,,,inventory timestamps are latest mtimes and may reflect reruns or copies,unavailable_slurm_accounting_disabled,unavailable_slurm_accounting_disabled
20260221,no_strict_raw,,True,True,not_run,not_run,no_evidence,no_evidence,no_evidence,,,,,0,no_explicit_processing_segment,,,,,0,no_explicit_processing_segment,,,,,,,,,,,,,,,,,,,,,,,,,,,,,,,,,,,,unavailable_slurm_accounting_disabled,unavailable_slurm_accounting_disabled
20260222,quality_ok,,True,True,reply_received,catalog_nonempty,latest_mtime_only,latest_mtime_only,latest_mtime_only,,,,,0,no_explicit_processing_segment,,,,,0,no_explicit_processing_segment,,,2026-02-22T21:29:42.084024Z,evt_ea888b61c787e079,2026-06-19T16:11:18.099993Z,2026-06-19T16:11:19.089974Z,2026-06-19T16:11:20.054956Z,2026-04-01T04:06:01.971146Z,2026-04-01T04:06:09.338986Z,2026-06-20T02:55:03.211462Z,2026-06-20T02:55:02.624941Z,2026-06-20T02:56:10.343712Z,2026-06-23T08:47:56.024687Z,2026-06-23T08:47:56.024687Z,2026-06-23T08:49:16.489932Z,,,,894.6055242005556,,,,,,77.86268915972222,77.86268915972222,0.0,0.002046622222222222,,894.6075708227778,2813.4225353994443,2813.4411832466662,,,inventory timestamps are latest mtimes and may reflect reruns or copies,unavailable_slurm_accounting_disabled,unavailable_slurm_accounting_disabled
20260223,quality_ok,,True,True,reply_received,catalog_nonempty,latest_mtime_only,latest_mtime_only,latest_mtime_only,,,,,0,no_explicit_processing_segment,,,,,0,no_explicit_processing_segment,,,2026-02-23T18:46:03.885507Z,evt_a3f9135de1cbf151,2026-06-19T16:13:08.624882Z,2026-06-19T16:13:08.839878Z,2026-06-19T16:13:09.053874Z,2026-04-01T04:07:01.806846Z,2026-04-01T04:07:04.319792Z,2026-06-20T02:56:18.981004Z,2026-06-20T02:56:18.500374Z,2026-06-20T02:56:21.481114Z,2026-06-23T08:48:05.054724Z,2026-06-23T08:48:05.054724Z,2026-06-23T08:49:17.001922Z,,,,873.3494225941668,,,,,,77.86210378055556,77.86210378055556,0.0,0.0006980405555555555,,873.3501206347222,2792.1708598602777,2792.1715543352775,,,inventory timestamps are latest mtimes and may reflect reruns or copies,unavailable_slurm_accounting_disabled,unavailable_slurm_accounting_disabled
20260224,quality_ok,,True,True,reply_received,true_zero_catalog,latest_mtime_only,latest_mtime_only,latest_mtime_only,,,,,0,no_explicit_processing_segment,,,,,0,no_explicit_processing_segment,,,2026-02-24T12:08:45.487482Z,evt_0697f278609c3b15,2026-06-19T16:14:19.497528Z,2026-06-19T16:14:19.645525Z,2026-06-19T16:14:19.796523Z,2026-04-01T04:08:01.860542Z,2026-04-01T04:08:05.467463Z,2026-06-20T02:56:25.647876Z,2026-06-20T02:56:25.194926Z,2026-06-20T02:56:26.158182Z,2026-06-20T02:56:26.158101Z,,,,,,855.9878814055556,,,,,,-2.25e-08,,,0.0010019224999999999,,855.9888833280555,2774.7944889983332,2774.79463075,,human_review_package_to_review_csv_hours_negative,inventory timestamps are latest mtimes and may reflect reruns or copies,unavailable_slurm_accounting_disabled,unavailable_slurm_accounting_disabled
20260225,no_strict_raw,,True,True,not_run,not_run,no_evidence,no_evidence,no_evidence,,,,,0,no_explicit_processing_segment,,,,,0,no_explicit_processing_segment,,,,,,,,,,,,,,,,,,,,,,,,,,,,,,,,,,,,unavailable_slurm_accounting_disabled,unavailable_slurm_accounting_disabled
20260226,no_strict_raw,,True,True,not_run,not_run,no_evidence,no_evidence,no_evidence,,,,,0,no_explicit_processing_segment,,,,,0,no_explicit_processing_segment,,,,,,,,,,,,,,,,,,,,,,,,,,,,,,,,,,,,unavailable_slurm_accounting_disabled,unavailable_slurm_accounting_disabled
20260227,no_strict_raw,,True,True,not_run,not_run,no_evidence,no_evidence,no_evidence,,,,,0,no_explicit_processing_segment,,,,,0,no_explicit_processing_segment,,,,,,,,,,,,,,,,,,,,,,,,,,,,,,,,,,,,unavailable_slurm_accounting_disabled,unavailable_slurm_accounting_disabled
20260228,no_strict_raw,,True,True,not_run,not_run,no_evidence,no_evidence,no_evidence,,,,,0,no_explicit_processing_segment,,,,,0,no_explicit_processing_segment,,,,,,,,,,,,,,,,,,,,,,,,,,,,,,,,,,,,unavailable_slurm_accounting_disabled,unavailable_slurm_accounting_disabled
20260301,no_strict_raw,,True,True,not_run,not_run,no_evidence,no_evidence,no_evidence,,,,,0,no_explicit_processing_segment,,,,,0,no_explicit_processing_segment,,,,,,,,,,,,,,,,,,,,,,,,,,,,,,,,,,,,unavailable_slurm_accounting_disabled,unavailable_slurm_accounting_disabled
20260302,no_strict_raw,,True,True,not_run,not_run,no_evidence,no_evidence,no_evidence,,,,,0,no_explicit_processing_segment,,,,,0,no_explicit_processing_segment,,,,,,,,,,,,,,,,,,,,,,,,,,,,,,,,,,,,unavailable_slurm_accounting_disabled,unavailable_slurm_accounting_disabled
20260303,quality_ok,,True,True,reply_received,catalog_nonempty,latest_mtime_only,latest_mtime_only,latest_mtime_only,,,,,0,no_explicit_processing_segment,,,,,0,no_explicit_processing_segment,,,2026-03-03T16:12:29.971157Z,evt_a74ede9dd31387bd,2026-06-19T16:18:01.370291Z,2026-06-19T16:18:01.784282Z,2026-06-19T16:18:02.183275Z,2026-04-01T04:09:01.847239Z,2026-04-01T04:09:04.698177Z,2026-06-20T02:56:39.010619Z,2026-06-20T02:56:38.520672Z,2026-06-20T02:56:49.987676Z,2026-06-23T08:48:24.718726Z,2026-06-23T08:48:24.718726Z,2026-06-23T08:49:17.449914Z,,,,683.9421878005555,,,,,,77.85964751388889,77.85964751388889,0.0,0.0007919272222222223,,683.9429797277778,2602.735844295,2602.7388934775004,,,inventory timestamps are latest mtimes and may reflect reruns or copies,unavailable_slurm_accounting_disabled,unavailable_slurm_accounting_disabled
20260304,no_strict_raw,,True,True,not_run,not_run,no_evidence,no_evidence,no_evidence,,,,,0,no_explicit_processing_segment,,,,,0,no_explicit_processing_segment,,,,,,,,,,,,,,,,,,,,,,,,,,,,,,,,,,,,unavailable_slurm_accounting_disabled,unavailable_slurm_accounting_disabled
20260305,no_strict_raw,,True,True,not_run,not_run,no_evidence,no_evidence,no_evidence,,,,,0,no_explicit_processing_segment,,,,,0,no_explicit_processing_segment,,,,,,,,,,,,,,,,,,,,,,,,,,,,,,,,,,,,unavailable_slurm_accounting_disabled,unavailable_slurm_accounting_disabled
20260306,quality_ok,,True,True,reply_received,catalog_nonempty,latest_mtime_only,latest_mtime_only,latest_mtime_only,,,,,0,no_explicit_processing_segment,,,,,0,no_explicit_processing_segment,,,2026-03-06T19:04:44.466699Z,evt_5341427588a60e3e,2026-06-19T16:24:48.562514Z,2026-06-19T16:24:49.238501Z,2026-06-19T16:24:49.899488Z,2026-04-01T04:10:01.828936Z,2026-04-01T04:10:06.385837Z,2026-06-20T02:57:10.629011Z,2026-06-20T02:57:10.142399Z,2026-06-20T02:57:29.710679Z,2026-06-23T08:48:38.756652Z,2026-06-23T08:48:38.756652Z,2026-06-23T08:49:17.882905Z,,,,609.0881561769444,,,,,,77.85251277027778,77.85251277027778,0.0,0.0012658058333333334,,609.0894219827777,2527.8739339755552,2527.879234438889,,,inventory timestamps are latest mtimes and may reflect reruns or copies,unavailable_slurm_accounting_disabled,unavailable_slurm_accounting_disabled
20260307,no_strict_raw,,True,True,not_run,not_run,no_evidence,no_evidence,no_evidence,,,,,0,no_explicit_processing_segment,,,,,0,no_explicit_processing_segment,,,,,,,,,,,,,,,,,,,,,,,,,,,,,,,,,,,,unavailable_slurm_accounting_disabled,unavailable_slurm_accounting_disabled
20260308,quality_ok,,True,True,reply_received,catalog_nonempty,latest_mtime_only,latest_mtime_only,latest_mtime_only,,,,,0,no_explicit_processing_segment,,,,,0,no_explicit_processing_segment,,,2026-03-08T21:49:41.956136Z,evt_7ab3974c7f95e0fa,2026-06-19T16:29:58.363600Z,2026-06-19T16:29:58.890590Z,2026-06-19T16:29:59.411580Z,2026-04-01T04:11:01.849632Z,2026-04-01T04:11:07.604507Z,2026-06-20T02:57:45.781335Z,2026-06-20T02:57:45.292461Z,2026-06-20T02:58:24.295904Z,2026-06-23T08:49:08.504811Z,2026-06-23T08:49:08.504811Z,2026-06-23T08:49:18.356896Z,,,,558.3555259711111,,,,,,77.84561358527779,77.84561358527779,0.0,0.001598576388888889,,558.3571245475,2477.1343958886114,2477.14509438,,,inventory timestamps are latest mtimes and may reflect reruns or copies,unavailable_slurm_accounting_disabled,unavailable_slurm_accounting_disabled
20260309,quality_ok,,True,True,reply_received,reply_received,latest_mtime_only,latest_mtime_only,latest_mtime_only,,,,,0,no_explicit_processing_segment,,,,,0,no_explicit_processing_segment,,,2026-03-09T20:47:20.526548Z,evt_0f8b804f2acb7147,2026-06-19T16:33:27.788602Z,2026-06-19T16:33:28.216594Z,2026-06-19T16:33:28.625587Z,2026-04-01T04:12:01.836329Z,2026-04-01T04:12:12.347101Z,2026-06-20T02:58:37.498340Z,2026-06-20T02:58:37.010190Z,2026-06-20T02:58:44.484412Z,2026-06-23T08:49:54.055642Z,2026-06-23T08:49:54.055642Z,2026-06-23T08:54:19.626123Z,2026-06-23T08:54:26.276996Z,,,535.4114749391666,,,,,,77.852658675,77.852658675,0.0,0.0029196588888888886,0.0018474647222222222,535.4143945980555,2454.1880477199998,2454.1899882955554,2532.1182640133334,,inventory timestamps are latest mtimes and may reflect reruns or copies,unavailable_slurm_accounting_disabled,unavailable_slurm_accounting_disabled
20260310,quality_ok,,True,True,reply_received,reply_received,latest_mtime_only,latest_mtime_only,latest_mtime_only,,,,,0,no_explicit_processing_segment,,,,,0,no_explicit_processing_segment,,,2026-03-10T21:53:00.451622Z,evt_93bee95f275a3e69,2026-06-19T16:42:05.315722Z,2026-06-19T16:42:06.335702Z,2026-06-19T16:42:07.323684Z,2026-04-01T04:13:01.859025Z,2026-04-01T04:13:15.252734Z,2026-06-20T02:59:16.204596Z,2026-06-20T02:59:15.681436Z,2026-06-20T03:00:50.187303Z,2026-06-23T08:54:02.160406Z,2026-06-23T08:54:02.160406Z,2026-06-23T08:54:28.143960Z,2026-06-23T08:54:35.533818Z,,,510.3337242786111,,,,,,77.88665919527779,77.88665919527779,0.0,0.0037204747222222222,0.0020527383333333333,510.33744475333333,2429.104375826111,2429.1304821336107,2507.026411721111,,inventory timestamps are latest mtimes and may reflect reruns or copies,unavailable_slurm_accounting_disabled,unavailable_slurm_accounting_disabled
20260311,quality_ok,,True,True,reply_received,reply_received,latest_mtime_only,latest_mtime_only,latest_mtime_only,,,,,0,no_explicit_processing_segment,,,,,0,no_explicit_processing_segment,,,2026-03-11T21:16:12.640650Z,evt_9b597333affbf064,2026-06-19T16:49:42.881981Z,2026-06-19T16:49:43.807963Z,2026-06-19T16:49:44.712946Z,2026-04-01T04:14:01.888721Z,2026-04-01T04:14:08.066587Z,2026-06-20T03:01:21.461191Z,2026-06-20T03:01:20.944086Z,2026-06-20T03:02:27.299323Z,2026-06-23T08:56:11.837205Z,2026-06-23T08:56:11.837205Z,2026-06-23T08:59:36.751015Z,2026-06-23T08:59:43.022894Z,,,486.96368001972223,,,,,,77.89570496722222,77.89570496722222,0.0,0.0017160738888888887,0.0017421886111111111,486.9653960936111,2405.7524501502776,2405.7707385202775,2483.725106178889,,inventory timestamps are latest mtimes and may reflect reruns or copies,unavailable_slurm_accounting_disabled,unavailable_slurm_accounting_disabled
20260312,raw_without_l2;l2_missing,missing_l2,True,True,not_run,not_run,no_evidence,no_evidence,no_evidence,,,,,0,no_explicit_processing_segment,,,,,0,no_explicit_processing_segment,,,,,,,,,,,,,,,,,,,,,,,,,,,,,,,,,,,,unavailable_slurm_accounting_disabled,unavailable_slurm_accounting_disabled
20260313,no_strict_raw,,True,True,not_run,not_run,no_evidence,no_evidence,no_evidence,,,,,0,no_explicit_processing_segment,,,,,0,no_explicit_processing_segment,,,,,,,,,,,,,,,,,,,,,,,,,,,,,,,,,,,,unavailable_slurm_accounting_disabled,unavailable_slurm_accounting_disabled
20260314,no_strict_raw,,True,True,not_run,not_run,no_evidence,no_evidence,no_evidence,,,,,0,no_explicit_processing_segment,,,,,0,no_explicit_processing_segment,,,,,,,,,,,,,,,,,,,,,,,,,,,,,,,,,,,,unavailable_slurm_accounting_disabled,unavailable_slurm_accounting_disabled
20260315,quality_ok,,True,True,reply_received,catalog_nonempty,latest_mtime_only,latest_mtime_only,latest_mtime_only,,,,,0,no_explicit_processing_segment,,,,,0,no_explicit_processing_segment,,,2026-03-15T14:35:37.987969Z,evt_fd3e3ed3b48e3b5d,2026-06-19T16:52:17.607025Z,2026-06-19T16:52:17.939019Z,2026-06-19T16:52:18.257013Z,2026-04-01T04:15:01.753421Z,2026-04-01T04:15:04.706357Z,2026-06-20T03:02:39.020706Z,2026-06-20T03:02:38.527488Z,2026-06-20T03:02:43.591866Z,2026-06-23T08:56:44.486100Z,2026-06-23T08:56:44.486100Z,2026-06-23T08:59:43.500884Z,,,,397.65660151444445,,,,,,77.90024839833333,77.90024839833333,0.0,0.00082026,,397.65742177444446,2316.450286871389,2316.4515566380555,,,inventory timestamps are latest mtimes and may reflect reruns or copies,unavailable_slurm_accounting_disabled,unavailable_slurm_accounting_disabled
20260316,quality_ok,,True,True,reply_received,catalog_nonempty,latest_mtime_only,latest_mtime_only,latest_mtime_only,,,,,0,no_explicit_processing_segment,,,,,0,no_explicit_processing_segment,,,2026-03-16T15:08:30.015582Z,evt_268c0ee509a7be1e,2026-06-19T16:55:05.784812Z,2026-06-19T16:55:06.153805Z,2026-06-19T16:55:06.499799Z,2026-04-01T04:16:01.805116Z,2026-04-01T04:16:05.343040Z,2026-06-20T03:02:53.820423Z,2026-06-20T03:02:53.330348Z,2026-06-20T03:03:06.538366Z,2026-06-23T08:57:05.051780Z,2026-06-23T08:57:05.051780Z,2026-06-23T08:59:43.940876Z,,,,373.1254970927778,,,,,,77.89958705944444,77.89958705944444,0.0,0.0009827566666666665,,373.1264798494445,2291.906612455833,2291.910145217778,,,inventory timestamps are latest mtimes and may reflect reruns or copies,unavailable_slurm_accounting_disabled,unavailable_slurm_accounting_disabled
20260317,no_strict_raw,,True,True,not_run,not_run,no_evidence,no_evidence,no_evidence,,,,,0,no_explicit_processing_segment,,,,,0,no_explicit_processing_segment,,,,,,,,,,,,,,,,,,,,,,,,,,,,,,,,,,,,unavailable_slurm_accounting_disabled,unavailable_slurm_accounting_disabled
20260318,quality_ok,,True,True,reply_received,catalog_nonempty,latest_mtime_only,latest_mtime_only,latest_mtime_only,,,,,0,no_explicit_processing_segment,,,,,0,no_explicit_processing_segment,,,2026-03-18T13:59:16.987155Z,evt_e9d41b1c450c8518,2026-06-19T16:57:05.744521Z,2026-06-19T16:57:06.019516Z,2026-06-19T16:57:06.291510Z,2026-04-01T04:17:01.850812Z,2026-04-01T04:18:12.190284Z,2026-06-20T03:03:15.696004Z,2026-06-20T03:03:15.190260Z,2026-06-20T03:03:31.917609Z,2026-06-23T08:57:39.958172Z,2026-06-23T08:57:39.958172Z,2026-06-23T08:59:44.371867Z,,,,326.29579546027776,,,,,,77.90223348972222,77.90223348972222,0.0,0.01953874222222222,,326.3153342025,2245.066308013611,2245.070814015,,,inventory timestamps are latest mtimes and may reflect reruns or copies,unavailable_slurm_accounting_disabled,unavailable_slurm_accounting_disabled
20260319,no_strict_raw,,True,True,not_run,not_run,no_evidence,no_evidence,no_evidence,,,,,0,no_explicit_processing_segment,,,,,0,no_explicit_processing_segment,,,,,,,,,,,,,,,,,,,,,,,,,,,,,,,,,,,,unavailable_slurm_accounting_disabled,unavailable_slurm_accounting_disabled
20260320,no_strict_raw,,True,True,not_run,not_run,no_evidence,no_evidence,no_evidence,,,,,0,no_explicit_processing_segment,,,,,0,no_explicit_processing_segment,,,,,,,,,,,,,,,,,,,,,,,,,,,,,,,,,,,,unavailable_slurm_accounting_disabled,unavailable_slurm_accounting_disabled
20260321,no_strict_raw,,True,True,not_run,not_run,no_evidence,no_evidence,no_evidence,,,,,0,no_explicit_processing_segment,,,,,0,no_explicit_processing_segment,,,,,,,,,,,,,,,,,,,,,,,,,,,,,,,,,,,,unavailable_slurm_accounting_disabled,unavailable_slurm_accounting_disabled
20260322,no_strict_raw,,True,True,not_run,not_run,no_evidence,no_evidence,no_evidence,,,,,0,no_explicit_processing_segment,,,,,0,no_explicit_processing_segment,,,,,,,,,,,,,,,,,,,,,,,,,,,,,,,,,,,,unavailable_slurm_accounting_disabled,unavailable_slurm_accounting_disabled
20260323,no_strict_raw,,True,True,not_run,not_run,no_evidence,no_evidence,no_evidence,,,,,0,no_explicit_processing_segment,,,,,0,no_explicit_processing_segment,,,,,,,,,,,,,,,,,,,,,,,,,,,,,,,,,,,,unavailable_slurm_accounting_disabled,unavailable_slurm_accounting_disabled
20260324,no_strict_raw,,True,True,not_run,not_run,no_evidence,no_evidence,no_evidence,,,,,0,no_explicit_processing_segment,,,,,0,no_explicit_processing_segment,,,,,,,,,,,,,,,,,,,,,,,,,,,,,,,,,,,,unavailable_slurm_accounting_disabled,unavailable_slurm_accounting_disabled
20260325,no_strict_raw,,True,True,not_run,not_run,no_evidence,no_evidence,no_evidence,,,,,0,no_explicit_processing_segment,,,,,0,no_explicit_processing_segment,,,,,,,,,,,,,,,,,,,,,,,,,,,,,,,,,,,,unavailable_slurm_accounting_disabled,unavailable_slurm_accounting_disabled
20260326,no_strict_raw,,True,True,not_run,not_run,no_evidence,no_evidence,no_evidence,,,,,0,no_explicit_processing_segment,,,,,0,no_explicit_processing_segment,,,,,,,,,,,,,,,,,,,,,,,,,,,,,,,,,,,,unavailable_slurm_accounting_disabled,unavailable_slurm_accounting_disabled
20260327,no_strict_raw,,True,True,not_run,not_run,no_evidence,no_evidence,no_evidence,,,,,0,no_explicit_processing_segment,,,,,0,no_explicit_processing_segment,,,,,,,,,,,,,,,,,,,,,,,,,,,,,,,,,,,,unavailable_slurm_accounting_disabled,unavailable_slurm_accounting_disabled
20260328,no_strict_raw,,True,True,not_run,not_run,no_evidence,no_evidence,no_evidence,,,,,0,no_explicit_processing_segment,,,,,0,no_explicit_processing_segment,,,,,,,,,,,,,,,,,,,,,,,,,,,,,,,,,,,,unavailable_slurm_accounting_disabled,unavailable_slurm_accounting_disabled
20260329,no_strict_raw,,True,True,not_run,not_run,no_evidence,no_evidence,no_evidence,,,,,0,no_explicit_processing_segment,,,,,0,no_explicit_processing_segment,,,,,,,,,,,,,,,,,,,,,,,,,,,,,,,,,,,,unavailable_slurm_accounting_disabled,unavailable_slurm_accounting_disabled
20260330,quality_ok,,True,True,reply_received,catalog_nonempty,latest_mtime_only,latest_mtime_only,latest_mtime_only,,,,,0,no_explicit_processing_segment,,,,,0,no_explicit_processing_segment,,,2026-03-30T20:06:23.870126Z,evt_544167d3701db2c8,2026-06-19T17:03:02.291711Z,2026-06-19T17:03:02.886699Z,2026-06-19T17:03:03.461688Z,2026-03-31T08:11:15.982749Z,2026-03-31T08:11:20.497651Z,2026-06-20T03:03:53.371283Z,2026-06-20T03:03:52.880255Z,2026-06-20T03:04:01.237362Z,2026-06-23T08:58:11.035269Z,2026-06-23T08:58:11.035269Z,2026-06-23T08:59:44.839859Z,,,,12.081142395277778,,,,,,77.90272164083333,77.90272164083333,0.0,0.0012541394444444444,,12.082396534722223,1950.9581947658332,1950.9603797877776,,,inventory timestamps are latest mtimes and may reflect reruns or copies,unavailable_slurm_accounting_disabled,unavailable_slurm_accounting_disabled
20260331,quality_ok,,True,True,reply_received,catalog_nonempty,latest_mtime_only,latest_mtime_only,latest_mtime_only,,,,,0,no_explicit_processing_segment,,,,,0,no_explicit_processing_segment,,,2026-03-31T21:04:40.089651Z,evt_614dd096d0be2eca,2026-06-19T17:09:28.810328Z,2026-06-19T17:09:29.518315Z,2026-06-19T17:09:30.208301Z,2026-04-01T08:11:48.205859Z,2026-04-01T08:11:52.912757Z,2026-06-20T03:04:24.786682Z,2026-06-20T03:04:24.287664Z,2026-06-20T03:04:51.610360Z,2026-06-23T08:58:57.884612Z,2026-06-23T08:58:57.884612Z,2026-06-23T08:59:45.295850Z,,,,11.118921168888889,,,,,,77.90174284777777,77.90174284777777,0.0,0.0013074716666666667,,11.120228640555556,1925.9957491752778,1926.0032001969444,,,inventory timestamps are latest mtimes and may reflect reruns or copies,unavailable_slurm_accounting_disabled,unavailable_slurm_accounting_disabled
20260401,quality_ok,,True,True,reply_received,catalog_nonempty,latest_mtime_only,latest_mtime_only,latest_mtime_only,,,,,0,no_explicit_processing_segment,,,,,0,no_explicit_processing_segment,,,2026-04-01T21:04:39.392915Z,evt_8703b2c0785cf2d8,2026-06-19T17:16:22.204432Z,2026-06-19T17:16:22.894418Z,2026-06-19T17:16:23.572406Z,2026-04-02T08:13:18.045371Z,2026-04-02T08:13:25.160216Z,2026-06-20T03:05:16.657689Z,2026-06-20T03:05:16.158630Z,2026-06-20T03:05:32.572961Z,2026-06-23T08:59:26.413935Z,2026-06-23T08:59:26.413935Z,2026-06-23T08:59:45.771840Z,,,,11.144070126666668,,,,,,77.89828915944445,77.89828915944445,0.0,0.0019763458333333333,,11.1460464725,1902.0103513261113,1902.0147722349998,,,inventory timestamps are latest mtimes and may reflect reruns or copies,unavailable_slurm_accounting_disabled,unavailable_slurm_accounting_disabled
20260402,no_strict_raw,,True,True,not_run,not_run,no_evidence,no_evidence,no_evidence,,,,,0,no_explicit_processing_segment,,,,,0,no_explicit_processing_segment,,,,,,,,,,,,,,,,,,,,,,,,,,,,,,,,,,,,unavailable_slurm_accounting_disabled,unavailable_slurm_accounting_disabled
20260403,quality_ok,,True,True,reply_received,catalog_nonempty,latest_mtime_only,latest_mtime_only,latest_mtime_only,,,,,0,no_explicit_processing_segment,,,,,0,no_explicit_processing_segment,,,2026-04-03T21:06:05.890361Z,evt_ab9bd8df34ed5fbd,2026-06-19T17:21:12.192892Z,2026-06-19T17:21:12.710882Z,2026-06-19T17:21:13.222872Z,2026-04-04T08:05:44.811120Z,2026-04-04T08:05:50.218001Z,2026-06-20T03:05:48.646076Z,2026-06-20T03:05:48.145108Z,2026-06-20T03:06:07.564899Z,2026-06-23T09:00:00.329146Z,2026-06-23T09:00:00.329146Z,2026-06-23T09:04:46.355022Z,,,,10.994144655277777,,,,,,77.89799006861111,77.89799006861111,0.0,0.001501911388888889,,10.995646566666668,1853.9952099208335,1854.0004651494444,,,inventory timestamps are latest mtimes and may reflect reruns or copies,unavailable_slurm_accounting_disabled,unavailable_slurm_accounting_disabled
20260404,quality_ok,,True,True,reply_received,catalog_nonempty,latest_mtime_only,latest_mtime_only,latest_mtime_only,,,,,0,no_explicit_processing_segment,,,,,0,no_explicit_processing_segment,,,2026-04-04T13:34:25.280909Z,evt_b3272d77ecd6a69a,2026-06-19T17:22:45.744105Z,2026-06-19T17:22:45.950101Z,2026-06-19T17:22:46.151097Z,2026-04-05T08:02:09.629676Z,2026-04-05T08:02:16.246536Z,2026-06-20T03:06:13.558599Z,2026-06-20T03:06:13.067188Z,2026-06-20T03:06:15.705209Z,2026-06-23T09:00:07.069692Z,2026-06-23T09:00:07.069692Z,2026-06-23T09:04:46.807013Z,,,,18.462319101944445,,,,,,77.89760124527778,77.89760124527778,0.0,0.0018380166666666666,,18.464157118611112,1837.530077136111,1837.5306734166668,,,inventory timestamps are latest mtimes and may reflect reruns or copies,unavailable_slurm_accounting_disabled,unavailable_slurm_accounting_disabled
20260405,quality_ok,,True,True,reply_received,catalog_nonempty,latest_mtime_only,latest_mtime_only,latest_mtime_only,,,,,0,no_explicit_processing_segment,,,,,0,no_explicit_processing_segment,,,2026-04-05T14:52:33.708933Z,evt_080358647f1f40fa,2026-06-19T17:25:06.484416Z,2026-06-19T17:25:06.798410Z,2026-06-19T17:25:07.093404Z,2026-04-06T08:02:41.138107Z,2026-04-06T08:02:48.124953Z,2026-06-20T03:06:25.159377Z,2026-06-20T03:06:24.664620Z,2026-06-20T03:06:33.002087Z,2026-06-23T09:00:18.124680Z,2026-06-23T09:00:18.124680Z,2026-06-23T09:04:47.254005Z,,,,17.16873032611111,,,,,,77.89586738694445,77.89586738694445,0.0,0.0019407905555555555,,17.170671116666664,1812.2309584566667,1812.2331369872222,,,inventory timestamps are latest mtimes and may reflect reruns or copies,unavailable_slurm_accounting_disabled,unavailable_slurm_accounting_disabled
20260406,quality_ok,,True,True,reply_received,catalog_nonempty,latest_mtime_only,latest_mtime_only,latest_mtime_only,,,,,0,no_explicit_processing_segment,,,,,0,no_explicit_processing_segment,,,2026-04-06T20:59:57.041133Z,evt_96c91a62739abe02,2026-06-19T17:32:29.170959Z,2026-06-19T17:32:30.064942Z,2026-06-19T17:32:30.949925Z,2026-04-07T08:08:53.854841Z,2026-04-07T08:09:07.114549Z,2026-06-20T03:07:00.708697Z,2026-06-20T03:07:00.185193Z,2026-06-20T03:07:54.082644Z,2026-06-23T09:02:06.603593Z,2026-06-23T09:02:06.603593Z,2026-06-23T09:04:47.728996Z,,,,11.14911491888889,,,,,,77.9034780413889,77.9034780413889,0.0,0.003683252222222222,,11.152798171111112,1782.1176854344444,1782.1325115308334,,,inventory timestamps are latest mtimes and may reflect reruns or copies,unavailable_slurm_accounting_disabled,unavailable_slurm_accounting_disabled
20260407,quality_ok,,True,True,reply_received,reply_received,latest_mtime_only,latest_mtime_only,latest_mtime_only,,,,,0,no_explicit_processing_segment,,,,,0,no_explicit_processing_segment,,,2026-04-07T21:03:39.080222Z,evt_990a6a012d7fed04,2026-06-19T17:39:48.002577Z,2026-06-19T17:39:48.870561Z,2026-06-19T17:39:49.746544Z,2026-04-08T08:08:52.807108Z,2026-04-08T08:08:59.405960Z,2026-06-20T03:08:23.243117Z,2026-06-20T03:08:22.712198Z,2026-06-20T03:09:49.568031Z,2026-06-23T09:11:11.051139Z,2026-06-23T09:11:11.051139Z,2026-06-23T09:14:49.697345Z,2026-06-23T09:14:53.801265Z,,,11.087146357222222,,,,,,78.02263419666667,78.02263419666667,0.0,0.0018330144444444444,0.0011399777777777776,11.088979371666667,1758.0789341374998,1758.1029132802776,1836.1874225119445,,inventory timestamps are latest mtimes and may reflect reruns or copies,unavailable_slurm_accounting_disabled,unavailable_slurm_accounting_disabled
20260408,no_strict_raw,,True,True,not_run,not_run,no_evidence,no_evidence,no_evidence,,,,,0,no_explicit_processing_segment,,,,,0,no_explicit_processing_segment,,,,,,,,,,,,,,,,,,,,,,,,,,,,,,,,,,,,unavailable_slurm_accounting_disabled,unavailable_slurm_accounting_disabled
20260409,no_strict_raw,,True,True,not_run,not_run,no_evidence,no_evidence,no_evidence,,,,,0,no_explicit_processing_segment,,,,,0,no_explicit_processing_segment,,,,,,,,,,,,,,,,,,,,,,,,,,,,,,,,,,,,unavailable_slurm_accounting_disabled,unavailable_slurm_accounting_disabled
20260410,quality_ok,,True,True,reply_received,reply_received,latest_mtime_only,latest_mtime_only,latest_mtime_only,,,,,0,no_explicit_processing_segment,,,,,0,no_explicit_processing_segment,,,2026-04-10T20:25:36.641506Z,evt_51886e90f2d65fed,2026-06-19T17:44:29.802195Z,2026-06-19T17:44:30.394184Z,2026-06-19T17:44:30.960173Z,2026-04-11T01:05:54.880577Z,2026-04-11T01:05:59.858469Z,2026-06-20T03:10:10.199069Z,2026-06-20T03:10:09.682116Z,2026-06-20T03:10:38.520062Z,2026-06-23T09:13:22.144716Z,2026-06-23T09:13:22.144716Z,2026-06-23T09:14:56.929205Z,2026-06-23T09:15:04.077067Z,,,4.6717330752777775,,,,,,78.04545129277777,78.04545129277777,0.0,0.0013827477777777777,0.0019855172222222224,4.673115823055555,1686.7426548786111,1686.750521821111,1764.8242876558334,,inventory timestamps are latest mtimes and may reflect reruns or copies,unavailable_slurm_accounting_disabled,unavailable_slurm_accounting_disabled
20260411,quality_ok,,True,True,reply_received,catalog_nonempty,latest_mtime_only,latest_mtime_only,latest_mtime_only,,,,,0,no_explicit_processing_segment,,,,,0,no_explicit_processing_segment,,,2026-04-11T15:30:59.076678Z,evt_b3a8b625c2fd05fd,2026-06-19T17:47:14.273054Z,2026-06-19T17:47:14.619047Z,2026-06-19T17:47:14.941041Z,2026-04-12T01:03:13.185803Z,2026-04-12T01:03:17.385712Z,2026-06-20T03:10:48.867329Z,2026-06-20T03:10:48.369750Z,2026-06-20T03:10:54.979328Z,2026-06-23T09:13:38.813979Z,2026-06-23T09:13:38.813979Z,2026-06-23T09:15:04.579057Z,,,,9.537252534722223,,,,,,78.04550962527777,78.04550962527777,0.0,0.001166641388888889,,9.53841917611111,1667.663830736389,1667.6655285138888,,,inventory timestamps are latest mtimes and may reflect reruns or copies,unavailable_slurm_accounting_disabled,unavailable_slurm_accounting_disabled
20260412,quality_ok,,True,True,matched_without_ades,true_zero_catalog,latest_mtime_only,latest_mtime_only,latest_mtime_only,,,,,0,no_explicit_processing_segment,,,,,0,no_explicit_processing_segment,,,2026-04-12T16:32:28.568642Z,evt_9bb38ac8c4a9d19e,2026-06-19T17:47:55.853260Z,2026-06-19T17:47:55.956258Z,2026-06-19T17:47:56.060256Z,2026-04-13T01:01:04.975248Z,,2026-06-20T03:10:57.881156Z,2026-06-20T03:10:57.375906Z,2026-06-20T03:10:58.364154Z,2026-06-20T03:10:58.364073Z,,,,,,8.476779612777777,,,,,,-2.25e-08,,,,,,1642.6414756983331,1642.6416098644445,,human_review_package_to_review_csv_hours_negative,inventory timestamps are latest mtimes and may reflect reruns or copies,unavailable_slurm_accounting_disabled,unavailable_slurm_accounting_disabled
20260413,raw_without_l2;l2_missing,missing_l2,True,True,not_run,not_run,no_evidence,no_evidence,no_evidence,,,,,0,no_explicit_processing_segment,,,,,0,no_explicit_processing_segment,,,,,,,,,,,,,,,,,,,,,,,,,,,,,,,,,,,,unavailable_slurm_accounting_disabled,unavailable_slurm_accounting_disabled
20260414,quality_ok,,True,True,matched_without_ades,not_run,latest_mtime_only,latest_mtime_only,no_evidence,,,,,0,no_explicit_processing_segment,,,,,0,no_explicit_processing_segment,,,2026-04-14T10:26:07.195607Z,evt_03f8939c35669e1d,2026-06-19T19:43:04.672452Z,2026-06-19T19:43:04.902448Z,2026-06-19T19:43:05.129443Z,,,,,,,,,,,,,,,,,,,,,,,,,,,,inventory timestamps are latest mtimes and may reflect reruns or copies,unavailable_slurm_accounting_disabled,unavailable_slurm_accounting_disabled
20260415,no_strict_raw,,True,True,not_run,not_run,no_evidence,no_evidence,no_evidence,,,,,0,no_explicit_processing_segment,,,,,0,no_explicit_processing_segment,,,,,,,,,,,,,,,,,,,,,,,,,,,,,,,,,,,,unavailable_slurm_accounting_disabled,unavailable_slurm_accounting_disabled
20260416,no_strict_raw,,True,True,not_run,not_run,no_evidence,no_evidence,no_evidence,,,,,0,no_explicit_processing_segment,,,,,0,no_explicit_processing_segment,,,,,,,,,,,,,,,,,,,,,,,,,,,,,,,,,,,,unavailable_slurm_accounting_disabled,unavailable_slurm_accounting_disabled
20260417,no_strict_raw,,True,True,not_run,not_run,no_evidence,no_evidence,no_evidence,,,,,0,no_explicit_processing_segment,,,,,0,no_explicit_processing_segment,,,,,,,,,,,,,,,,,,,,,,,,,,,,,,,,,,,,unavailable_slurm_accounting_disabled,unavailable_slurm_accounting_disabled
20260418,no_strict_raw,,True,True,not_run,not_run,no_evidence,no_evidence,no_evidence,,,,,0,no_explicit_processing_segment,,,,,0,no_explicit_processing_segment,,,,,,,,,,,,,,,,,,,,,,,,,,,,,,,,,,,,unavailable_slurm_accounting_disabled,unavailable_slurm_accounting_disabled
20260419,no_strict_raw,,True,True,not_run,not_run,no_evidence,no_evidence,no_evidence,,,,,0,no_explicit_processing_segment,,,,,0,no_explicit_processing_segment,,,,,,,,,,,,,,,,,,,,,,,,,,,,,,,,,,,,unavailable_slurm_accounting_disabled,unavailable_slurm_accounting_disabled
20260420,quality_ok,,True,True,reply_received,reply_received,latest_mtime_only,latest_mtime_only,latest_mtime_only,,,,,0,no_explicit_processing_segment,,,,,0,no_explicit_processing_segment,,,2026-04-20T20:34:04.823279Z,evt_8d0806decef15e42,2026-06-19T17:54:44.578452Z,2026-06-19T17:54:45.399436Z,2026-06-19T17:54:46.188421Z,2026-04-21T01:09:32.398509Z,2026-04-21T01:09:38.043389Z,2026-06-20T03:11:24.312650Z,2026-06-20T03:11:23.771494Z,2026-06-20T03:13:05.861378Z,2026-06-23T09:18:44.974227Z,2026-06-23T09:18:44.974227Z,2026-06-23T09:20:05.904237Z,2026-06-23T09:20:13.573088Z,,,4.590993119444444,,,,,,78.09419801361112,78.09419801361112,0.0,0.001568022222222222,0.0021302363888888887,4.592561141666666,1446.6220803808333,1446.6502883608334,1524.7690971691666,,inventory timestamps are latest mtimes and may reflect reruns or copies,unavailable_slurm_accounting_disabled,unavailable_slurm_accounting_disabled
20260421,no_strict_raw,,True,True,not_run,not_run,no_evidence,no_evidence,no_evidence,,,,,0,no_explicit_processing_segment,,,,,0,no_explicit_processing_segment,,,,,,,,,,,,,,,,,,,,,,,,,,,,,,,,,,,,unavailable_slurm_accounting_disabled,unavailable_slurm_accounting_disabled
20260422,quality_ok,,True,True,reply_received,reply_received,latest_mtime_only,latest_mtime_only,latest_mtime_only,,,,,0,no_explicit_processing_segment,,,,,0,no_explicit_processing_segment,,,2026-04-22T15:29:57.280163Z,evt_803b8ef3fe0a9578,2026-06-19T17:56:39.304260Z,2026-06-19T17:56:39.548256Z,2026-06-19T17:56:39.791251Z,2026-04-23T01:02:15.910276Z,2026-04-23T01:02:20.716175Z,2026-06-20T03:13:15.706518Z,2026-06-20T03:13:15.206355Z,2026-06-20T03:13:21.822424Z,2026-06-23T09:19:49.063733Z,2026-06-23T09:19:49.063733Z,2026-06-23T09:20:14.658067Z,2026-06-23T09:20:17.534012Z,,,9.538508364722222,,,,,,78.10756703027778,78.10756703027778,0.0,0.0013349719444444444,0.0007988736111111111,9.539843336666666,1403.721785098611,1403.7234839613889,1481.8389594025,,inventory timestamps are latest mtimes and may reflect reruns or copies,unavailable_slurm_accounting_disabled,unavailable_slurm_accounting_disabled
20260423,quality_ok,,True,True,reply_received,catalog_nonempty,latest_mtime_only,latest_mtime_only,latest_mtime_only,,,,,0,no_explicit_processing_segment,,,,,0,no_explicit_processing_segment,,,2026-04-23T15:06:39.769385Z,evt_af45c8c2cc946d19,2026-06-19T17:58:35.113048Z,2026-06-19T17:58:35.357043Z,2026-06-19T17:58:35.597039Z,2026-04-24T01:02:45.638219Z,2026-04-24T01:02:48.080168Z,2026-06-20T03:13:28.722269Z,2026-06-20T03:13:28.225995Z,2026-06-20T03:13:29.970664Z,2026-06-23T09:20:07.131531Z,2026-06-23T09:20:07.131531Z,2026-06-23T09:25:18.198204Z,,,,9.934963565,,,,,,78.11032246305555,78.11032246305555,0.0,0.0006783191666666667,,9.935641884166667,1380.1135980233332,1380.1139447997223,,,inventory timestamps are latest mtimes and may reflect reruns or copies,unavailable_slurm_accounting_disabled,unavailable_slurm_accounting_disabled
20260424,no_strict_raw,,True,True,not_run,not_run,no_evidence,no_evidence,no_evidence,,,,,0,no_explicit_processing_segment,,,,,0,no_explicit_processing_segment,,,,,,,,,,,,,,,,,,,,,,,,,,,,,,,,,,,,unavailable_slurm_accounting_disabled,unavailable_slurm_accounting_disabled
20260425,quality_ok,,True,True,reply_received,catalog_nonempty,latest_mtime_only,latest_mtime_only,latest_mtime_only,,,,,0,no_explicit_processing_segment,,,,,0,no_explicit_processing_segment,,,2026-04-25T17:06:01.047130Z,evt_6594204bd3b2d83b,2026-06-19T18:00:40.548652Z,2026-06-19T18:00:40.784647Z,2026-06-19T18:00:41.010643Z,2026-04-26T01:03:15.797249Z,2026-04-26T01:03:18.435195Z,2026-06-20T03:13:37.481101Z,2026-06-20T03:13:36.986350Z,2026-06-20T03:13:39.896645Z,2026-06-23T09:20:13.217381Z,2026-06-23T09:20:13.217381Z,2026-06-23T09:25:18.709194Z,,,,7.954097255277778,,,,,,78.10925576000001,78.10925576000001,0.0,0.0007327627777777777,,7.954830018055556,1330.1267872141666,1330.1274581986113,,,inventory timestamps are latest mtimes and may reflect reruns or copies,unavailable_slurm_accounting_disabled,unavailable_slurm_accounting_disabled
20260426,quality_ok,,True,True,reply_received,catalog_nonempty,latest_mtime_only,latest_mtime_only,latest_mtime_only,,,,,0,no_explicit_processing_segment,,,,,0,no_explicit_processing_segment,,,2026-04-26T15:44:59.324082Z,evt_68d64210186cbe05,2026-06-19T18:03:33.339351Z,2026-06-19T18:03:33.658345Z,2026-06-19T18:03:33.958339Z,2026-04-27T01:04:17.945042Z,2026-04-27T01:04:22.637944Z,2026-06-20T03:13:49.838865Z,2026-06-20T03:13:49.344709Z,2026-06-20T03:13:51.127724Z,2026-06-23T09:20:20.782471Z,2026-06-23T09:20:20.782471Z,2026-06-23T09:25:19.199185Z,,,,9.321839155555555,,,,,,78.10823742972222,78.10823742972222,0.0,0.001303583888888889,,9.323142739444446,1307.4806985508333,1307.4810565672221,,,inventory timestamps are latest mtimes and may reflect reruns or copies,unavailable_slurm_accounting_disabled,unavailable_slurm_accounting_disabled
20260427,quality_ok,,True,True,reply_received,catalog_nonempty,latest_mtime_only,latest_mtime_only,latest_mtime_only,,,,,0,no_explicit_processing_segment,,,,,0,no_explicit_processing_segment,,,2026-04-27T18:16:49.146384Z,evt_a2b60040adf12b26,2026-06-19T18:07:53.569380Z,2026-06-19T18:07:54.084370Z,2026-06-19T18:07:54.582361Z,2026-04-28T01:05:22.747989Z,2026-04-28T01:05:28.101876Z,2026-06-20T03:14:05.873558Z,2026-06-20T03:14:05.368347Z,2026-06-20T03:14:27.116844Z,2026-06-23T09:20:55.799335Z,2026-06-23T09:20:55.799335Z,2026-06-23T09:25:19.675176Z,,,,6.809333779166667,,,,,,78.1079673586111,78.1079673586111,0.0,0.0014871908333333333,,6.81082097,1280.9546464372222,1280.96054735,,,inventory timestamps are latest mtimes and may reflect reruns or copies,unavailable_slurm_accounting_disabled,unavailable_slurm_accounting_disabled
20260428,quality_ok,,True,True,reply_received,catalog_nonempty,latest_mtime_only,latest_mtime_only,latest_mtime_only,,,,,0,no_explicit_processing_segment,,,,,0,no_explicit_processing_segment,,,2026-04-28T20:17:37.850483Z,evt_d7cd2a2062c3991f,2026-06-19T18:14:18.182034Z,2026-06-19T18:14:18.932020Z,2026-06-19T18:14:19.646007Z,2026-04-29T01:08:32.562047Z,2026-04-29T01:08:37.293945Z,2026-06-20T03:14:48.576740Z,2026-06-20T03:14:48.069361Z,2026-06-20T03:15:20.024733Z,2026-06-23T09:21:35.911403Z,2026-06-23T09:21:35.911403Z,2026-06-23T09:25:20.146167Z,,,,4.84853099,,,,,,78.10441296388888,78.10441296388888,0.0,0.001314416111111111,,4.849845406111111,1254.9529795158335,1254.9617150694444,,,inventory timestamps are latest mtimes and may reflect reruns or copies,unavailable_slurm_accounting_disabled,unavailable_slurm_accounting_disabled
20260429,quality_ok,,True,True,reply_received,catalog_nonempty,latest_mtime_only,latest_mtime_only,latest_mtime_only,,,,,0,no_explicit_processing_segment,,,,,0,no_explicit_processing_segment,,,2026-04-29T19:38:43.147171Z,evt_eaa7cd0f39dd591f,2026-06-19T18:20:15.976201Z,2026-06-19T18:20:16.644189Z,2026-06-19T18:20:17.296176Z,2026-04-30T01:08:01.873182Z,2026-04-30T01:08:06.166092Z,2026-06-20T03:15:40.262751Z,2026-06-20T03:15:39.749079Z,2026-06-20T03:16:44.214426Z,2026-06-23T09:23:07.387961Z,2026-06-23T09:23:07.387961Z,2026-06-23T09:25:20.622157Z,,,,5.4885350030555555,,,,,,78.10643709305556,78.10643709305556,0.0,0.001192475,,5.489727478055555,1231.615865438889,1231.6336297930554,,,inventory timestamps are latest mtimes and may reflect reruns or copies,unavailable_slurm_accounting_disabled,unavailable_slurm_accounting_disabled
20260430,quality_ok,,True,True,reply_received,true_zero_catalog,latest_mtime_only,latest_mtime_only,latest_mtime_only,,,,,0,no_explicit_processing_segment,,,,,0,no_explicit_processing_segment,,,2026-04-30T15:26:04.734695Z,evt_c18ead996fbde5df,2026-06-19T18:21:26.680851Z,2026-06-19T18:21:26.810848Z,2026-06-19T18:21:26.939846Z,2026-05-01T01:01:45.140350Z,2026-05-01T01:01:52.339199Z,2026-06-20T03:16:49.779420Z,2026-06-20T03:16:49.261705Z,2026-06-20T03:16:50.274154Z,2026-06-20T03:16:50.274073Z,,,,,,9.594557126388889,,,,,,-2.25e-08,,,0.001999680277777778,,9.596556806666667,1211.8458457569445,1211.8459831830558,,human_review_package_to_review_csv_hours_negative,inventory timestamps are latest mtimes and may reflect reruns or copies,unavailable_slurm_accounting_disabled,unavailable_slurm_accounting_disabled
20260501,no_strict_raw,,True,True,not_run,not_run,no_evidence,no_evidence,no_evidence,,,,,0,no_explicit_processing_segment,,,,,0,no_explicit_processing_segment,,,,,,,,,,,,,,,,,,,,,,,,,,,,,,,,,,,,unavailable_slurm_accounting_disabled,unavailable_slurm_accounting_disabled
20260502,no_strict_raw,,True,True,not_run,not_run,no_evidence,no_evidence,no_evidence,,,,,0,no_explicit_processing_segment,,,,,0,no_explicit_processing_segment,,,,,,,,,,,,,,,,,,,,,,,,,,,,,,,,,,,,unavailable_slurm_accounting_disabled,unavailable_slurm_accounting_disabled
20260503,quality_ok,,True,True,ades_without_reply,reply_received,latest_mtime_only,latest_mtime_only,latest_mtime_only,,,,,0,no_explicit_processing_segment,,,,,0,no_explicit_processing_segment,,,2026-05-03T20:28:58.128414Z,evt_c44d365b387d5928,2026-06-19T18:29:35.652516Z,2026-06-19T18:29:36.367502Z,2026-06-19T18:29:37.071489Z,2026-05-04T01:09:35.108794Z,,2026-06-20T03:17:18.442871Z,2026-06-20T03:17:17.886358Z,2026-06-20T03:18:16.969693Z,2026-06-23T09:24:50.798298Z,2026-06-23T09:24:50.798298Z,2026-06-23T09:25:21.704137Z,2026-06-23T09:25:25.617061Z,,,4.676938994444445,,,,,,78.10939683472222,78.10939683472222,0.0,,0.0010869233333333332,,1134.8056429047222,1134.8219003552779,1212.9409690686111,,inventory timestamps are latest mtimes and may reflect reruns or copies,unavailable_slurm_accounting_disabled,unavailable_slurm_accounting_disabled
20260504,quality_ok,,True,True,reply_received,catalog_nonempty,latest_mtime_only,latest_mtime_only,latest_mtime_only,,,,,0,no_explicit_processing_segment,,,,,0,no_explicit_processing_segment,,,2026-05-04T20:11:12.745497Z,evt_97f796cb94ab5723,2026-06-19T18:35:57.479228Z,2026-06-19T18:35:58.202214Z,2026-06-19T18:35:58.911200Z,2026-05-05T01:08:35.162905Z,2026-05-05T01:08:39.559813Z,2026-06-20T03:18:39.990307Z,2026-06-20T03:18:39.471371Z,2026-06-20T03:19:22.111671Z,2026-06-23T09:41:03.619336Z,2026-06-23T09:41:03.619336Z,2026-06-23T09:45:26.777897Z,,,,4.956227057777778,,,,,,78.36152990694444,78.36152990694444,0.0,0.0012213633333333332,,4.957448421111111,1111.1242346694444,1111.1359350483333,,,inventory timestamps are latest mtimes and may reflect reruns or copies,unavailable_slurm_accounting_disabled,unavailable_slurm_accounting_disabled
20260505,no_strict_raw,,True,True,not_run,not_run,no_evidence,no_evidence,no_evidence,,,,,0,no_explicit_processing_segment,,,,,0,no_explicit_processing_segment,,,,,,,,,,,,,,,,,,,,,,,,,,,,,,,,,,,,unavailable_slurm_accounting_disabled,unavailable_slurm_accounting_disabled
20260506,quality_ok,,True,True,reply_received,catalog_nonempty,latest_mtime_only,latest_mtime_only,latest_mtime_only,,,,,0,no_explicit_processing_segment,,,,,0,no_explicit_processing_segment,,,2026-05-06T20:10:39.141570Z,evt_cc39f55c2f623b66,2026-06-19T18:38:50.300929Z,2026-06-19T18:38:50.652922Z,2026-06-19T18:38:51.005915Z,2026-05-07T01:03:45.508997Z,2026-05-07T01:03:50.562890Z,2026-06-20T03:19:33.440279Z,2026-06-20T03:19:32.930612Z,2026-06-20T03:19:56.405502Z,2026-06-23T09:45:34.071830Z,2026-06-23T09:45:34.071830Z,2026-06-23T09:50:27.430103Z,,,,4.885102063055556,,,,,,78.42712953555557,78.42712953555557,0.0,0.0014038591666666667,,4.886505922222223,1063.1484163080556,1063.1547955366666,,,inventory timestamps are latest mtimes and may reflect reruns or copies,unavailable_slurm_accounting_disabled,unavailable_slurm_accounting_disabled
20260507,quality_ok,,True,True,reply_received,catalog_nonempty,latest_mtime_only,latest_mtime_only,latest_mtime_only,,,,,0,no_explicit_processing_segment,,,,,0,no_explicit_processing_segment,,,2026-05-07T19:27:27.250594Z,evt_2e796541a56676ff,2026-06-19T18:41:48.093536Z,2026-06-19T18:41:48.463529Z,2026-06-19T18:41:48.820522Z,2026-05-08T01:03:51.966416Z,2026-05-08T01:03:57.732294Z,2026-06-20T03:20:07.596623Z,2026-06-20T03:20:07.090671Z,2026-06-20T03:20:38.904720Z,2026-06-24T15:20:29.822192Z,2026-06-23T09:59:18.913924Z,2026-06-23T10:00:28.038521Z,,,,5.60686550611111,,,,,,107.99747707555555,78.64444700111112,-29.353030074444444,0.0016016327777777777,,5.608467138888889,1039.8778738969445,1039.8865705905555,,human_review_csv_to_submit_csv_hours_negative,inventory timestamps are latest mtimes and may reflect reruns or copies,unavailable_slurm_accounting_disabled,unavailable_slurm_accounting_disabled
20260508,quality_ok,,True,True,reply_received,reply_received,latest_mtime_only,latest_mtime_only,latest_mtime_only,,,,,0,no_explicit_processing_segment,,,,,0,no_explicit_processing_segment,,,2026-05-08T18:00:01.892141Z,evt_d20c504b8c5c3041,2026-06-19T18:46:04.883638Z,2026-06-19T18:46:05.404628Z,2026-06-19T18:46:05.902618Z,2026-05-09T01:05:55.599654Z,2026-05-09T01:06:01.222535Z,2026-06-20T03:20:55.224708Z,2026-06-20T03:20:54.702866Z,2026-06-20T03:21:25.280972Z,2026-06-24T07:14:59.434046Z,2026-06-24T07:14:59.434046Z,2026-06-24T07:20:18.983294Z,2026-06-24T07:20:24.947179Z,,,7.098252086944445,,,,,,99.89282029833332,99.89282029833332,0.0,0.0015619113888888888,0.0016566347222222223,7.0998139983333335,1017.3481479352778,1017.3564968974999,1117.3397375105556,,inventory timestamps are latest mtimes and may reflect reruns or copies,unavailable_slurm_accounting_disabled,unavailable_slurm_accounting_disabled
20260509,quality_ok,,True,True,reply_received,reply_received,latest_mtime_only,latest_mtime_only,latest_mtime_only,,,,,0,no_explicit_processing_segment,,,,,0,no_explicit_processing_segment,,,2026-05-09T19:22:09.519008Z,evt_bea409a651b4c998,2026-06-19T18:50:13.831890Z,2026-06-19T18:50:14.324880Z,2026-06-19T18:50:14.794871Z,2026-05-10T01:04:57.466597Z,2026-05-10T01:05:01.442513Z,2026-06-20T03:21:40.174844Z,2026-06-20T03:21:39.656711Z,2026-06-20T03:22:37.132225Z,2026-06-24T07:17:20.764935Z,2026-06-24T07:17:20.764935Z,2026-06-24T07:20:26.936141Z,2026-06-24T07:20:29.860084Z,,,5.7133187747222225,,,,,,99.91212019722222,99.91212019722222,0.0,0.0011044211111111112,0.0008122063888888889,5.714423195833333,991.9918488433334,992.0076703380555,1091.9723169655556,,inventory timestamps are latest mtimes and may reflect reruns or copies,unavailable_slurm_accounting_disabled,unavailable_slurm_accounting_disabled
20260510,no_strict_raw,,True,True,not_run,not_run,no_evidence,no_evidence,no_evidence,,,,,0,no_explicit_processing_segment,,,,,0,no_explicit_processing_segment,,,,,,,,,,,,,,,,,,,,,,,,,,,,,,,,,,,,unavailable_slurm_accounting_disabled,unavailable_slurm_accounting_disabled
20260511,no_strict_raw,,True,True,not_run,not_run,no_evidence,no_evidence,no_evidence,,,,,0,no_explicit_processing_segment,,,,,0,no_explicit_processing_segment,,,,,,,,,,,,,,,,,,,,,,,,,,,,,,,,,,,,unavailable_slurm_accounting_disabled,unavailable_slurm_accounting_disabled
20260512,quality_ok,,True,True,reply_received,reply_received,latest_mtime_only,latest_mtime_only,latest_mtime_only,,,,,0,no_explicit_processing_segment,,,,,0,no_explicit_processing_segment,,,2026-05-12T18:51:28.233308Z,evt_93e637192fbf072a,2026-06-19T18:54:54.270541Z,2026-06-19T18:54:54.823530Z,2026-06-19T18:54:55.353520Z,2026-05-13T01:06:28.617707Z,2026-05-13T01:06:33.630604Z,2026-06-20T03:22:54.157422Z,2026-06-20T03:22:53.646169Z,2026-06-20T03:23:18.035614Z,2026-06-24T07:18:20.529631Z,2026-06-24T07:18:20.529631Z,2026-06-24T07:20:30.946063Z,2026-06-24T07:20:34.760989Z,,,6.250106777499999,,,,,,99.91735944916667,99.91735944916667,0.0,0.001392471388888889,0.0010597016666666667,6.251499248888889,920.5238678094445,920.5305006405556,1020.4851465780556,,inventory timestamps are latest mtimes and may reflect reruns or copies,unavailable_slurm_accounting_disabled,unavailable_slurm_accounting_disabled
20260513,no_strict_raw,,True,True,not_run,not_run,no_evidence,no_evidence,no_evidence,,,,,0,no_explicit_processing_segment,,,,,0,no_explicit_processing_segment,,,,,,,,,,,,,,,,,,,,,,,,,,,,,,,,,,,,unavailable_slurm_accounting_disabled,unavailable_slurm_accounting_disabled
20260514,no_strict_raw,,True,True,not_run,not_run,no_evidence,no_evidence,no_evidence,,,,,0,no_explicit_processing_segment,,,,,0,no_explicit_processing_segment,,,,,,,,,,,,,,,,,,,,,,,,,,,,,,,,,,,,unavailable_slurm_accounting_disabled,unavailable_slurm_accounting_disabled
20260515,no_strict_raw,,True,True,not_run,not_run,no_evidence,no_evidence,no_evidence,,,,,0,no_explicit_processing_segment,,,,,0,no_explicit_processing_segment,,,,,,,,,,,,,,,,,,,,,,,,,,,,,,,,,,,,unavailable_slurm_accounting_disabled,unavailable_slurm_accounting_disabled
20260516,no_strict_raw,,True,True,not_run,not_run,no_evidence,no_evidence,no_evidence,,,,,0,no_explicit_processing_segment,,,,,0,no_explicit_processing_segment,,,,,,,,,,,,,,,,,,,,,,,,,,,,,,,,,,,,unavailable_slurm_accounting_disabled,unavailable_slurm_accounting_disabled
20260517,no_strict_raw,,True,True,not_run,not_run,no_evidence,no_evidence,no_evidence,,,,,0,no_explicit_processing_segment,,,,,0,no_explicit_processing_segment,,,,,,,,,,,,,,,,,,,,,,,,,,,,,,,,,,,,unavailable_slurm_accounting_disabled,unavailable_slurm_accounting_disabled
20260518,no_strict_raw,,True,True,not_run,not_run,no_evidence,no_evidence,no_evidence,,,,,0,no_explicit_processing_segment,,,,,0,no_explicit_processing_segment,,,,,,,,,,,,,,,,,,,,,,,,,,,,,,,,,,,,unavailable_slurm_accounting_disabled,unavailable_slurm_accounting_disabled
20260519,no_strict_raw,,True,True,not_run,not_run,no_evidence,no_evidence,no_evidence,,,,,0,no_explicit_processing_segment,,,,,0,no_explicit_processing_segment,,,,,,,,,,,,,,,,,,,,,,,,,,,,,,,,,,,,unavailable_slurm_accounting_disabled,unavailable_slurm_accounting_disabled
20260520,no_strict_raw,,True,True,not_run,not_run,no_evidence,no_evidence,no_evidence,,,,,0,no_explicit_processing_segment,,,,,0,no_explicit_processing_segment,,,,,,,,,,,,,,,,,,,,,,,,,,,,,,,,,,,,unavailable_slurm_accounting_disabled,unavailable_slurm_accounting_disabled
20260521,no_strict_raw,,True,True,not_run,not_run,no_evidence,no_evidence,no_evidence,,,,,0,no_explicit_processing_segment,,,,,0,no_explicit_processing_segment,,,,,,,,,,,,,,,,,,,,,,,,,,,,,,,,,,,,unavailable_slurm_accounting_disabled,unavailable_slurm_accounting_disabled
20260522,no_strict_raw,,True,True,not_run,not_run,no_evidence,no_evidence,no_evidence,,,,,0,no_explicit_processing_segment,,,,,0,no_explicit_processing_segment,,,,,,,,,,,,,,,,,,,,,,,,,,,,,,,,,,,,unavailable_slurm_accounting_disabled,unavailable_slurm_accounting_disabled
20260523,no_strict_raw,,True,True,not_run,not_run,no_evidence,no_evidence,no_evidence,,,,,0,no_explicit_processing_segment,,,,,0,no_explicit_processing_segment,,,,,,,,,,,,,,,,,,,,,,,,,,,,,,,,,,,,unavailable_slurm_accounting_disabled,unavailable_slurm_accounting_disabled
20260524,no_strict_raw,,True,True,not_run,not_run,no_evidence,no_evidence,no_evidence,,,,,0,no_explicit_processing_segment,,,,,0,no_explicit_processing_segment,,,,,,,,,,,,,,,,,,,,,,,,,,,,,,,,,,,,unavailable_slurm_accounting_disabled,unavailable_slurm_accounting_disabled
20260525,no_strict_raw,,True,True,not_run,not_run,no_evidence,no_evidence,no_evidence,,,,,0,no_explicit_processing_segment,,,,,0,no_explicit_processing_segment,,,,,,,,,,,,,,,,,,,,,,,,,,,,,,,,,,,,unavailable_slurm_accounting_disabled,unavailable_slurm_accounting_disabled
20260526,no_strict_raw,,True,True,not_run,not_run,no_evidence,no_evidence,no_evidence,,,,,0,no_explicit_processing_segment,,,,,0,no_explicit_processing_segment,,,,,,,,,,,,,,,,,,,,,,,,,,,,,,,,,,,,unavailable_slurm_accounting_disabled,unavailable_slurm_accounting_disabled
20260527,no_strict_raw,,True,True,not_run,not_run,no_evidence,no_evidence,no_evidence,,,,,0,no_explicit_processing_segment,,,,,0,no_explicit_processing_segment,,,,,,,,,,,,,,,,,,,,,,,,,,,,,,,,,,,,unavailable_slurm_accounting_disabled,unavailable_slurm_accounting_disabled
20260528,quarantine_unknown,high_candidate_count_926,True,False,reply_received,not_run,latest_mtime_only,latest_mtime_only,latest_mtime_only,,,,,0,no_explicit_processing_segment,,,,,0,no_explicit_processing_segment,,,2026-06-02T07:38:46.220228Z,evt_6a17785d5047d99f,2026-06-19T19:01:50.406619Z,2026-06-19T19:01:51.019607Z,2026-06-19T19:01:51.628596Z,2026-06-02T08:03:01.401729Z,2026-06-02T08:03:01.402729Z,,2026-06-20T03:23:42.064534Z,,,,,,,,0.40421708361111114,,,,,,,,,2.7777777777777776e-07,,0.40421736138888886,,,,,inventory timestamps are latest mtimes and may reflect reruns or copies,unavailable_slurm_accounting_disabled,unavailable_slurm_accounting_disabled
20260529,quality_ok,,True,True,reply_received,reply_received,latest_mtime_only,latest_mtime_only,latest_mtime_only,,,,,0,no_explicit_processing_segment,,,,,0,no_explicit_processing_segment,,,2026-05-29T19:49:47.183079Z,evt_bb9284d1e2c09718,2026-06-19T19:08:52.683592Z,2026-06-19T19:08:53.304580Z,2026-06-19T19:08:53.929569Z,2026-05-30T01:07:35.030266Z,2026-05-30T01:07:38.920194Z,2026-06-20T03:24:05.121058Z,2026-06-20T03:24:04.605074Z,2026-06-20T03:24:42.962998Z,2026-06-24T07:20:49.029633Z,2026-06-24T07:20:49.029633Z,2026-06-24T07:25:38.973118Z,2026-06-24T07:25:44.621009Z,,,5.296624218611111,,,,,,99.93501850972223,99.93501850972223,0.0,0.0010805355555555554,0.0015688586111111112,5.297704754166666,511.5716494386111,511.58216108861114,611.5992883138889,,inventory timestamps are latest mtimes and may reflect reruns or copies,unavailable_slurm_accounting_disabled,unavailable_slurm_accounting_disabled
20260530,quality_ok,,True,True,reply_received,reply_received,latest_mtime_only,latest_mtime_only,latest_mtime_only,,,,,0,no_explicit_processing_segment,,,,,0,no_explicit_processing_segment,,,2026-05-30T19:39:55.415312Z,evt_1bca0fd576a31937,2026-06-19T19:15:12.548372Z,2026-06-19T19:15:13.073362Z,2026-06-19T19:15:13.619352Z,2026-05-31T01:06:55.638647Z,2026-05-31T01:06:58.650592Z,2026-06-20T03:25:04.182923Z,2026-06-20T03:25:03.658476Z,2026-06-20T03:26:22.368693Z,2026-06-24T07:21:42.559134Z,2026-06-24T07:21:42.559134Z,2026-06-24T07:25:47.025963Z,2026-06-24T07:25:56.269785Z,,,5.4500620374999995,,,,,,99.9222751225,99.9222751225,0.0,0.0008366513888888889,0.002567728333333333,5.4508986888888895,487.7524354475,487.77415371694445,587.7669040202777,,inventory timestamps are latest mtimes and may reflect reruns or copies,unavailable_slurm_accounting_disabled,unavailable_slurm_accounting_disabled
20260531,no_strict_raw,,True,True,not_run,not_run,no_evidence,no_evidence,no_evidence,,,,,0,no_explicit_processing_segment,,,,,0,no_explicit_processing_segment,,,,,,,,,,,,,,,,,,,,,,,,,,,,,,,,,,,,unavailable_slurm_accounting_disabled,unavailable_slurm_accounting_disabled
20260601,quality_ok,,True,True,reply_received,reply_received,latest_mtime_only,latest_mtime_only,latest_mtime_only,,,,,0,no_explicit_processing_segment,,,,,0,no_explicit_processing_segment,,,2026-06-01T19:48:53.061159Z,evt_49a9a39e323cc82f,2026-06-19T19:20:56.304812Z,2026-06-19T19:20:56.948799Z,2026-06-19T19:20:57.566788Z,2026-06-02T01:07:17.330596Z,2026-06-02T01:07:20.311542Z,2026-06-20T03:26:41.998044Z,2026-06-20T03:26:41.488985Z,2026-06-20T03:27:05.277261Z,2026-06-24T07:28:41.228765Z,2026-06-24T07:28:41.228765Z,2026-06-24T07:30:57.950970Z,2026-06-24T07:31:03.382865Z,,,5.306741510277777,,,,,,100.02665319555555,100.02665319555555,0.0,0.0008280405555555555,0.0015088597222222221,5.307569550833333,439.6302602458333,439.63672669500005,539.7028671405556,,inventory timestamps are latest mtimes and may reflect reruns or copies,unavailable_slurm_accounting_disabled,unavailable_slurm_accounting_disabled
20260602,no_strict_raw,,True,True,not_run,not_run,no_evidence,no_evidence,no_evidence,,,,,0,no_explicit_processing_segment,,,,,0,no_explicit_processing_segment,,,,,,,,,,,,,,,,,,,,,,,,,,,,,,,,,,,,unavailable_slurm_accounting_disabled,unavailable_slurm_accounting_disabled
20260603,no_strict_raw,,True,True,not_run,not_run,no_evidence,no_evidence,no_evidence,,,,,0,no_explicit_processing_segment,,,,,0,no_explicit_processing_segment,,,,,,,,,,,,,,,,,,,,,,,,,,,,,,,,,,,,unavailable_slurm_accounting_disabled,unavailable_slurm_accounting_disabled
20260604,no_strict_raw,,True,True,not_run,not_run,no_evidence,no_evidence,no_evidence,,,,,0,no_explicit_processing_segment,,,,,0,no_explicit_processing_segment,,,,,,,,,,,,,,,,,,,,,,,,,,,,,,,,,,,,unavailable_slurm_accounting_disabled,unavailable_slurm_accounting_disabled
20260605,quality_ok,,True,True,zero_match_or_no_ades,not_run,latest_mtime_only,latest_mtime_only,no_evidence,,,,,0,no_explicit_processing_segment,,,,,0,no_explicit_processing_segment,,,2026-06-05T13:19:13.675167Z,evt_13f08b3aba56c0a8,2026-06-19T19:21:25.724250Z,,,,,,,,,,,,,,,,,,,,,,,,,,,,,,inventory timestamps are latest mtimes and may reflect reruns or copies,unavailable_slurm_accounting_disabled,unavailable_slurm_accounting_disabled
20260606,no_strict_raw,,True,True,not_run,not_run,no_evidence,no_evidence,no_evidence,,,,,0,no_explicit_processing_segment,,,,,0,no_explicit_processing_segment,,,,,,,,,,,,,,,,,,,,,,,,,,,,,,,,,,,,unavailable_slurm_accounting_disabled,unavailable_slurm_accounting_disabled
20260607,no_strict_raw,,True,True,not_run,not_run,no_evidence,no_evidence,no_evidence,,,,,0,no_explicit_processing_segment,,,,,0,no_explicit_processing_segment,,,,,,,,,,,,,,,,,,,,,,,,,,,,,,,,,,,,unavailable_slurm_accounting_disabled,unavailable_slurm_accounting_disabled
20260608,no_strict_raw,,True,True,not_run,not_run,no_evidence,no_evidence,no_evidence,,,,,0,no_explicit_processing_segment,,,,,0,no_explicit_processing_segment,,,,,,,,,,,,,,,,,,,,,,,,,,,,,,,,,,,,unavailable_slurm_accounting_disabled,unavailable_slurm_accounting_disabled
20260609,no_strict_raw,,True,True,not_run,not_run,no_evidence,no_evidence,no_evidence,,,,,0,no_explicit_processing_segment,,,,,0,no_explicit_processing_segment,,,,,,,,,,,,,,,,,,,,,,,,,,,,,,,,,,,,unavailable_slurm_accounting_disabled,unavailable_slurm_accounting_disabled
20260610,no_strict_raw,,True,True,not_run,not_run,no_evidence,no_evidence,no_evidence,,,,,0,no_explicit_processing_segment,,,,,0,no_explicit_processing_segment,,,,,,,,,,,,,,,,,,,,,,,,,,,,,,,,,,,,unavailable_slurm_accounting_disabled,unavailable_slurm_accounting_disabled
20260611,quarantine_unknown,high_candidate_count_653,True,False,reply_received,not_run,latest_mtime_only,latest_mtime_only,latest_mtime_only,,,,,0,no_explicit_processing_segment,,,,,0,no_explicit_processing_segment,,,2026-06-11T19:36:12.431397Z,evt_52e79f6e508598ae,2026-06-19T19:28:21.626313Z,2026-06-19T19:28:22.241301Z,2026-06-19T19:28:22.860289Z,2026-06-12T01:07:33.810496Z,2026-06-12T01:07:39.486387Z,,2026-06-20T03:27:40.699009Z,,,,,,,,5.522605305277779,,,,,,,,,0.001576636388888889,,5.524181941666667,,,,,inventory timestamps are latest mtimes and may reflect reruns or copies,unavailable_slurm_accounting_disabled,unavailable_slurm_accounting_disabled
20260612,no_strict_raw,,True,True,not_run,not_run,no_evidence,no_evidence,no_evidence,,,,,0,no_explicit_processing_segment,,,,,0,no_explicit_processing_segment,,,,,,,,,,,,,,,,,,,,,,,,,,,,,,,,,,,,unavailable_slurm_accounting_disabled,unavailable_slurm_accounting_disabled
20260613,no_strict_raw,,True,True,not_run,not_run,no_evidence,no_evidence,no_evidence,,,,,0,no_explicit_processing_segment,,,,,0,no_explicit_processing_segment,,,,,,,,,,,,,,,,,,,,,,,,,,,,,,,,,,,,unavailable_slurm_accounting_disabled,unavailable_slurm_accounting_disabled
20260614,no_strict_raw,,True,True,not_run,not_run,no_evidence,no_evidence,no_evidence,,,,,0,no_explicit_processing_segment,,,,,0,no_explicit_processing_segment,,,,,,,,,,,,,,,,,,,,,,,,,,,,,,,,,,,,unavailable_slurm_accounting_disabled,unavailable_slurm_accounting_disabled
20260615,no_strict_raw,,True,True,not_run,not_run,no_evidence,no_evidence,no_evidence,,,,,0,no_explicit_processing_segment,,,,,0,no_explicit_processing_segment,,,,,,,,,,,,,,,,,,,,,,,,,,,,,,,,,,,,unavailable_slurm_accounting_disabled,unavailable_slurm_accounting_disabled
20260616,no_strict_raw,,True,True,not_run,not_run,no_evidence,no_evidence,no_evidence,,,,,0,no_explicit_processing_segment,,,,,0,no_explicit_processing_segment,,,,,,,,,,,,,,,,,,,,,,,,,,,,,,,,,,,,unavailable_slurm_accounting_disabled,unavailable_slurm_accounting_disabled
20260617,quality_ok,,True,True,reply_received,true_zero_catalog,mixed_historical_rerun__latest_mtime_only,latest_mtime_only,historical_rerun,,,,,0,no_explicit_processing_segment,2026-06-20T04:41:35Z,evt_02fab582468a1e08,completed_extraction,trigger_not_established,2,explicit_segment_paired_to_latest_product_mtime,2026-06-20T04:41:57Z,evt_7349b45d87656354,2026-06-17T14:07:58.876197Z,evt_075fa2f64648e6e3,2026-06-19T19:29:06.687453Z,2026-06-19T19:29:06.798451Z,2026-06-19T19:29:06.912449Z,2026-06-18T01:01:05.562678Z,2026-06-18T01:01:07.531640Z,2026-06-20T04:41:55.868288Z,2026-06-20T04:41:55.344174Z,2026-06-20T04:41:57.131372Z,2026-06-20T04:41:57.131287Z,,,,,,10.885190689166667,51.674296766666664,9.207802097499998,0.36666666666666664,0.0057967466666666665,0.006147603333333333,-2.3611111111111113e-08,,,0.0005469338888888889,,10.885737623055556,62.56583113638889,62.56618199305556,,human_review_package_to_review_csv_hours_negative,inventory timestamps are latest mtimes and may reflect reruns or copies,unavailable_slurm_accounting_disabled,unavailable_slurm_accounting_disabled
20260618,no_strict_raw,,True,True,not_run,not_run,no_evidence,no_evidence,no_evidence,,,,,0,no_explicit_processing_segment,,,,,0,no_explicit_processing_segment,,,,,,,,,,,,,,,,,,,,,,,,,,,,,,,,,,,,unavailable_slurm_accounting_disabled,unavailable_slurm_accounting_disabled
20260619,no_strict_raw,,True,True,not_run,not_run,no_evidence,no_evidence,no_evidence,,,,,0,no_explicit_processing_segment,,,,,0,no_explicit_processing_segment,,,,,,,,,,,,,,,,,,,,,,,,,,,,,,,,,,,,unavailable_slurm_accounting_disabled,unavailable_slurm_accounting_disabled
20260620,quality_ok,,True,True,reply_received,catalog_nonempty,normal_daily,normal_daily,normal_daily,2026-06-21T03:45:19Z,evt_c1141f92e848033a,submitted_jobs,trigger_not_established,2,explicit_segment_paired_to_latest_product_mtime,2026-06-21T03:45:50Z,evt_c93ce8d50349aadd,completed_extraction,trigger_not_established,2,explicit_segment_paired_to_latest_product_mtime,2026-06-21T03:53:31Z,evt_c40ba6eae5d1b09c,2026-06-20T18:50:30.952222Z,evt_1bce7e22c0f40bbe,2026-06-21T01:06:35.376441Z,2026-06-21T01:06:35.914431Z,2026-06-21T01:06:36.436421Z,2026-06-21T03:45:22.624188Z,2026-06-21T03:45:28.516074Z,2026-06-21T03:49:29.548413Z,2026-06-21T03:49:28.958504Z,2026-06-21T03:53:31.389239Z,2026-06-23T02:21:03.467211Z,2026-06-21T03:57:43.609582Z,2026-06-21T03:58:10.285341Z,,8.913346605,0.001006718888888889,8.91435332388889,0.005967757222222222,2.653767660833333,7.683333333333334,0.06098567027777778,0.1281636775,46.458910547777776,0.0700612063888889,-46.38884934138889,0.0016366350000000002,,8.915989958888888,8.98294338638889,9.05012139361111,,human_review_csv_to_submit_csv_hours_negative,inventory timestamps are latest mtimes and may reflect reruns or copies,unavailable_slurm_accounting_disabled,unavailable_slurm_accounting_disabled
20260621,no_strict_raw,,True,True,not_run,not_run,no_evidence,no_evidence,no_evidence,,,,,0,no_explicit_processing_segment,,,,,0,no_explicit_processing_segment,,,,,,,,,,,,,,,,,,,,,,,,,,,,,,,,,,,,unavailable_slurm_accounting_disabled,unavailable_slurm_accounting_disabled
20260622,no_strict_raw,,True,True,not_run,not_run,no_evidence,no_evidence,no_evidence,,,,,0,no_explicit_processing_segment,,,,,0,no_explicit_processing_segment,,,,,,,,,,,,,,,,,,,,,,,,,,,,,,,,,,,,unavailable_slurm_accounting_disabled,unavailable_slurm_accounting_disabled
20260623,no_strict_raw,,True,True,not_run,not_run,no_evidence,no_evidence,no_evidence,,,,,0,no_explicit_processing_segment,,,,,0,no_explicit_processing_segment,,,,,,,,,,,,,,,,,,,,,,,,,,,,,,,,,,,,unavailable_slurm_accounting_disabled,unavailable_slurm_accounting_disabled
20260624,no_strict_raw,,True,True,not_run,not_run,no_evidence,no_evidence,no_evidence,,,,,0,no_explicit_processing_segment,,,,,0,no_explicit_processing_segment,,,,,,,,,,,,,,,,,,,,,,,,,,,,,,,,,,,,unavailable_slurm_accounting_disabled,unavailable_slurm_accounting_disabled
20260625,no_strict_raw,,True,True,not_run,not_run,no_evidence,no_evidence,no_evidence,,,,,0,no_explicit_processing_segment,,,,,0,no_explicit_processing_segment,,,,,,,,,,,,,,,,,,,,,,,,,,,,,,,,,,,,unavailable_slurm_accounting_disabled,unavailable_slurm_accounting_disabled
20260626,no_strict_raw,,True,True,not_run,not_run,no_evidence,no_evidence,no_evidence,,,,,0,no_explicit_processing_segment,,,,,0,no_explicit_processing_segment,,,,,,,,,,,,,,,,,,,,,,,,,,,,,,,,,,,,unavailable_slurm_accounting_disabled,unavailable_slurm_accounting_disabled
20260627,no_strict_raw,,True,True,not_run,not_run,no_evidence,no_evidence,no_evidence,,,,,0,no_explicit_processing_segment,,,,,0,no_explicit_processing_segment,,,,,,,,,,,,,,,,,,,,,,,,,,,,,,,,,,,,unavailable_slurm_accounting_disabled,unavailable_slurm_accounting_disabled
20260628,no_strict_raw,,True,True,not_run,not_run,no_evidence,no_evidence,no_evidence,,,,,0,no_explicit_processing_segment,,,,,0,no_explicit_processing_segment,,,,,,,,,,,,,,,,,,,,,,,,,,,,,,,,,,,,unavailable_slurm_accounting_disabled,unavailable_slurm_accounting_disabled
20260629,no_strict_raw,,True,True,not_run,not_run,no_evidence,no_evidence,no_evidence,,,,,0,no_explicit_processing_segment,,,,,0,no_explicit_processing_segment,,,,,,,,,,,,,,,,,,,,,,,,,,,,,,,,,,,,unavailable_slurm_accounting_disabled,unavailable_slurm_accounting_disabled
20260630,no_strict_raw,,True,True,not_run,not_run,no_evidence,no_evidence,no_evidence,,,,,0,no_explicit_processing_segment,,,,,0,no_explicit_processing_segment,,,,,,,,,,,,,,,,,,,,,,,,,,,,,,,,,,,,unavailable_slurm_accounting_disabled,unavailable_slurm_accounting_disabled
20260701,no_strict_raw,,True,True,not_run,not_run,no_evidence,no_evidence,no_evidence,,,,,0,no_explicit_processing_segment,,,,,0,no_explicit_processing_segment,,,,,,,,,,,,,,,,,,,,,,,,,,,,,,,,,,,,unavailable_slurm_accounting_disabled,unavailable_slurm_accounting_disabled
20260702,no_strict_raw,,True,True,not_run,not_run,no_evidence,no_evidence,no_evidence,,,,,0,no_explicit_processing_segment,,,,,0,no_explicit_processing_segment,,,,,,,,,,,,,,,,,,,,,,,,,,,,,,,,,,,,unavailable_slurm_accounting_disabled,unavailable_slurm_accounting_disabled
20260703,no_strict_raw,,True,True,not_run,not_run,no_evidence,no_evidence,no_evidence,,,,,0,no_explicit_processing_segment,,,,,0,no_explicit_processing_segment,,,,,,,,,,,,,,,,,,,,,,,,,,,,,,,,,,,,unavailable_slurm_accounting_disabled,unavailable_slurm_accounting_disabled
20260704,no_strict_raw,,True,True,not_run,not_run,no_evidence,no_evidence,no_evidence,,,,,0,no_explicit_processing_segment,,,,,0,no_explicit_processing_segment,,,,,,,,,,,,,,,,,,,,,,,,,,,,,,,,,,,,unavailable_slurm_accounting_disabled,unavailable_slurm_accounting_disabled
20260705,no_strict_raw,,True,True,not_run,not_run,no_evidence,no_evidence,no_evidence,,,,,0,no_explicit_processing_segment,,,,,0,no_explicit_processing_segment,,,,,,,,,,,,,,,,,,,,,,,,,,,,,,,,,,,,unavailable_slurm_accounting_disabled,unavailable_slurm_accounting_disabled
20260706,no_strict_raw,,True,True,not_run,not_run,no_evidence,no_evidence,no_evidence,,,,,0,no_explicit_processing_segment,,,,,0,no_explicit_processing_segment,,,,,,,,,,,,,,,,,,,,,,,,,,,,,,,,,,,,unavailable_slurm_accounting_disabled,unavailable_slurm_accounting_disabled
20260707,no_strict_raw,,True,True,not_run,not_run,no_evidence,no_evidence,no_evidence,,,,,0,no_explicit_processing_segment,,,,,0,no_explicit_processing_segment,,,,,,,,,,,,,,,,,,,,,,,,,,,,,,,,,,,,unavailable_slurm_accounting_disabled,unavailable_slurm_accounting_disabled
20260708,no_strict_raw,,True,True,not_run,not_run,no_evidence,no_evidence,no_evidence,,,,,0,no_explicit_processing_segment,,,,,0,no_explicit_processing_segment,,,,,,,,,,,,,,,,,,,,,,,,,,,,,,,,,,,,unavailable_slurm_accounting_disabled,unavailable_slurm_accounting_disabled
20260709,no_strict_raw,,True,True,not_run,not_run,no_evidence,no_evidence,no_evidence,,,,,0,no_explicit_processing_segment,,,,,0,no_explicit_processing_segment,,,,,,,,,,,,,,,,,,,,,,,,,,,,,,,,,,,,unavailable_slurm_accounting_disabled,unavailable_slurm_accounting_disabled
20260710,no_strict_raw,,True,True,not_run,not_run,no_evidence,no_evidence,no_evidence,,,,,0,no_explicit_processing_segment,,,,,0,no_explicit_processing_segment,,,,,,,,,,,,,,,,,,,,,,,,,,,,,,,,,,,,unavailable_slurm_accounting_disabled,unavailable_slurm_accounting_disabled
20260711,no_strict_raw,,True,True,not_run,not_run,no_evidence,no_evidence,no_evidence,,,,,0,no_explicit_processing_segment,,,,,0,no_explicit_processing_segment,,,,,,,,,,,,,,,,,,,,,,,,,,,,,,,,,,,,unavailable_slurm_accounting_disabled,unavailable_slurm_accounting_disabled
20260712,no_strict_raw,,True,True,not_run,not_run,no_evidence,no_evidence,no_evidence,,,,,0,no_explicit_processing_segment,,,,,0,no_explicit_processing_segment,,,,,,,,,,,,,,,,,,,,,,,,,,,,,,,,,,,,unavailable_slurm_accounting_disabled,unavailable_slurm_accounting_disabled
20260713,no_strict_raw,,True,True,not_run,not_run,no_evidence,no_evidence,no_evidence,,,,,0,no_explicit_processing_segment,,,,,0,no_explicit_processing_segment,,,,,,,,,,,,,,,,,,,,,,,,,,,,,,,,,,,,unavailable_slurm_accounting_disabled,unavailable_slurm_accounting_disabled
20260714,no_strict_raw,,True,True,not_run,not_run,no_evidence,no_evidence,no_evidence,,,,,0,no_explicit_processing_segment,,,,,0,no_explicit_processing_segment,,,,,,,,,,,,,,,,,,,,,,,,,,,,,,,,,,,,unavailable_slurm_accounting_disabled,unavailable_slurm_accounting_disabled
20260715,quality_ok,,True,True,reply_received,true_zero_catalog,normal_daily,normal_daily,normal_daily,2026-07-16T01:00:22Z,evt_e2fcdb36c59329be,submitted_jobs,scheduled_0900_candidate,2,explicit_segment_paired_to_latest_product_mtime,2026-07-16T01:04:26Z,evt_b5c1a730af18a878,completed_extraction,scheduled_0900_candidate,3,explicit_segment_paired_to_latest_product_mtime,2026-07-16T01:04:53Z,evt_663a5e62b6240f26,2026-07-15T14:41:44.273216Z,evt_2d2196a071dec725,2026-07-16T01:02:31.443713Z,2026-07-16T01:02:31.593710Z,2026-07-16T01:02:31.747707Z,2026-07-16T01:02:33.886668Z,2026-07-16T01:02:37.424603Z,2026-07-16T01:04:51.849146Z,2026-07-16T01:04:51.249392Z,2026-07-16T01:04:53.737965Z,2026-07-16T01:04:53.737882Z,,,,10.310479662222221,0.036635185555555554,10.347114847777776,0.030159832499999997,0.031736748055555555,0.45,0.007180318333333334,0.0077049902777777774,-2.3055555555555555e-08,,,0.0009827597222222223,,10.3480976075,10.385437758333333,10.385962430277777,,human_review_package_to_review_csv_hours_negative,inventory timestamps are latest mtimes and may reflect reruns or copies,unavailable_slurm_accounting_disabled,unavailable_slurm_accounting_disabled
