night,trk_sub,linkage_id,detection_index,source_tracklet_ids,link_tracklet_ids,image_name,catalog_name,catalog_path,source_objID,review_mjd,review_RA_Win,review_DEC_Win,review_RA_PSF,review_DEC_PSF,groups,exp_pairs,n_obs,n_tracklets,rms_arcsec,med_arcsec,max_arcsec,a_au,ecc,inc_deg,raan_deg,argp_deg,nu_deg,best_v1_kms,lin_rms_arcsec,lin_speed_arcsec_per_day,lin_dir_deg,objID,FILTER,MJD,DATEOBS,A,AErr,B,BErr,PA,PAErr,AB,E,Radius_Kron,X_Win,XErr_Win,Y_Win,YErr_Win,RA_Win,RAErr_Win,DEC_Win,DECErr_Win,Flag,Flag_ISO,Flag_ISO_Num,FWHM,Flux_Kron,FluxErr_Kron,Mag_Kron,MagErr_Kron,Class_ANN,Flux_Aper1,FluxErr_Aper1,Mag_Aper1,MagErr_Aper1,Flux_Aper2,FluxErr_Aper2,Mag_Aper2,MagErr_Aper2,Flux_Aper3,FluxErr_Aper3,Mag_Aper3,MagErr_Aper3,Flux_Aper4,FluxErr_Aper4,Mag_Aper4,MagErr_Aper4,Flux_Aper5,FluxErr_Aper5,Mag_Aper5,MagErr_Aper5,Flux_Aper6,FluxErr_Aper6,Mag_Aper6,MagErr_Aper6,Flux_Aper7,FluxErr_Aper7,Mag_Aper7,MagErr_Aper7,Flux_Aper8,FluxErr_Aper8,Mag_Aper8,MagErr_Aper8,Flux_Aper9,FluxErr_Aper9,Mag_Aper9,MagErr_Aper9,Flux_Aper10,FluxErr_Aper10,Mag_Aper10,MagErr_Aper10,Flux_Aper11,FluxErr_Aper11,Mag_Aper11,MagErr_Aper11,Flux_Aper12,FluxErr_Aper12,Mag_Aper12,MagErr_Aper12,Flux_Aper13,FluxErr_Aper13,Mag_Aper13,MagErr_Aper13,Flux_Aper14,FluxErr_Aper14,Mag_Aper14,MagErr_Aper14,Flux_Aper15,FluxErr_Aper15,Mag_Aper15,MagErr_Aper15,Flux_Aper16,FluxErr_Aper16,Mag_Aper16,MagErr_Aper16,Flux_Aper17,FluxErr_Aper17,Mag_Aper17,MagErr_Aper17,Flux_Aper18,FluxErr_Aper18,Mag_Aper18,MagErr_Aper18,Flux_Aper19,FluxErr_Aper19,Mag_Aper19,MagErr_Aper19,Flux_Aper20,FluxErr_Aper20,Mag_Aper20,MagErr_Aper20,Type,R20,R50,R90,X_PSF,Y_PSF,RA_PSF,DEC_PSF,Chi2_PSF,Flux_PSF,FluxErr_PSF,Mag_PSF,MagErr_PSF,detection_key,link_member_row_id,final_paper_status
20251121,000004r,598,0,20251121004300010009,20251121004300010009;20251121004301020035,OBJ_MP_1602_0203.fits.gz,OBJ_MP_1602_0203_cat.fits.gz,/processed1/20251121/L2/OBJ_MP_1602_0203_cat.fits.gz,4748,61000.51447277778,8.998601639285953,20.120306607589796,8.998767378541713,20.120067638309457,42,0->1,3,2,0.1672305251550027,0.0,0.2896517661448899,-2.3534336924446655,2.7421353305958993,43.95820500167488,355.59958768044703,31.47990197867132,0.0059458662426887,28.455153392902016,0.1316941620779268,215.69215493449843,68.17264328163373,4748,w,61000.51447277778,2025-11-21T12:20:50.448,1.103436,0.1218728,0.8411635,0.0865176,75.05,75.39,1.314,0.239,3.37,8300.54162419745,0.052210611518,2429.9680842448333,0.034286621138,8.998601639285953,2.3800228159842615e-05,20.120306607589796,3.371918490557846e-05,0,32,3,5.725594,59.0869,5.888102,18.071272014324848,0.1081953084031576,0.998,77.78255,4.277148,17.772794723510742,0.0597030371427536,33.65677,2.791192,18.68231964111328,0.0900412574410438,28.57045,2.986903,18.86020851135254,0.1135085150599479,27.65688,3.530951,18.895492553710938,0.1386158466339111,24.69902,4.181227,19.018301010131836,0.1838012188673019,21.66556,4.865205,19.16057586669922,0.2438123226165771,17.66276,5.574554,19.382354736328125,0.3426699340343475,16.13972,6.290436,19.480260848999023,0.4231644570827484,14.01505,7.011545,19.633514404296875,0.5431797504425049,13.17014,7.736046,19.701025009155273,0.6377536654472351,14.87082,8.469778,19.569164276123047,0.6183885931968689,22.51596,9.200753,19.1187744140625,0.4436670541763305,21.9826,9.939098,19.14480209350586,0.4908991754055023,21.81322,10.67224,19.153200149536133,0.5312024354934692,20.75075,11.41066,19.207416534423828,0.5970367193222046,19.71316,12.14758,19.263111114501953,0.6690486669540405,16.17625,12.88946,19.477806091308594,0.8651294112205505,17.61101,13.63118,19.38554000854492,0.840375542640686,18.04415,14.37436,19.35915756225586,0.864920973777771,15.36404,15.12537,19.533737182617188,1.0688700675964355,1,0.458,0.795,2.972,8299.7897,2430.4453,8.9987674,20.1200676,1.966e-09,108.0914,6.044405,17.4155216217041,0.0607137009501457,/processed1/20251121/L2/OBJ_MP_1602_0203_cat.fits.gz::4748,0,retained_after_posthoc_audit
20251121,000004r,598,1,20251121004300010009;20251121004301020035,20251121004300010009;20251121004301020035,OBJ_MP_1602_0229.fits.gz,OBJ_MP_1602_0229_cat.fits.gz,/processed1/20251121/L2/OBJ_MP_1602_0229_cat.fits.gz,4778,61000.54039288194,8.99924117706019,20.121674204238477,8.999483779299245,20.12139373548456,42,0->1;1->2,3,2,0.1672305251550027,0.0,0.2896517661448899,-2.3534336924446655,2.7421353305958993,43.95820500167488,355.59958768044703,31.47990197867132,0.0059458662426887,28.455153392902016,0.1316941620779268,215.69215493449843,68.17264328163373,4778,w,61000.54039288194,2025-11-21T12:58:09.945,1.087293,0.1288387,0.7660621,0.07931587,-62.42,-62.98,1.419,0.295,3.2,8300.522738294247,0.051602054765,2430.0008474698234,0.03196388401,8.99924117706019,2.2206674033853343e-05,20.121674204238477,3.330957389025002e-05,0,32,3,5.419749,60.21587,6.207648,18.050722676504655,0.1119284496442996,0.997,83.32267,4.328204,17.69809341430664,0.0563986711204052,33.68098,2.815625,18.681537628173828,0.0907641574740409,25.93635,2.991846,18.965227127075195,0.1252433657646179,20.34642,3.500931,19.22878074645996,0.1868185400962829,19.79686,4.131224,19.25851058959961,0.2265722900629043,23.97318,4.801647,19.05068588256836,0.2174647748470306,23.88436,5.49291,19.054716110229492,0.2496969103813171,24.12431,6.188357,19.04386329650879,0.2785125970840454,25.58879,6.894686,18.979875564575195,0.2925426065921783,26.28671,7.603285,18.950658798217773,0.3140431642532348,27.65119,8.319233,18.895715713500977,0.3266583383083343,27.90385,9.030071,18.885839462280273,0.3513592481613159,22.72651,9.74665,19.10866928100586,0.4656364023685455,19.91575,10.46657,19.25200843811035,0.570600152015686,23.66179,11.18794,19.06488037109375,0.5133653879165649,23.35554,11.91245,19.079025268554688,0.553777813911438,27.91079,12.63772,18.885570526123047,0.4916102588176727,25.83107,13.36078,18.96964454650879,0.5615825653076172,30.15258,14.09533,18.80168914794922,0.5075456500053406,36.28745,14.829,18.600608825683594,0.4436902105808258,1,0.435,0.754,2.703,8299.6385,2430.7019,8.9994838,20.1213937,1.628e-09,138.6549,8.615536,17.145160675048828,0.0674638897180557,/processed1/20251121/L2/OBJ_MP_1602_0229_cat.fits.gz::4778,1,retained_after_posthoc_audit
20251121,000004r,598,2,20251121004301020035,20251121004300010009;20251121004301020035,OBJ_MP_1602_0255.fits.gz,OBJ_MP_1602_0255_cat.fits.gz,/processed1/20251121/L2/OBJ_MP_1602_0255_cat.fits.gz,4874,61000.5662521875,8.99983008398585,20.12318659090872,9.000116371694444,20.122940511580556,42,1->2,3,2,0.1672305251550027,0.0,0.2896517661448899,-2.3534336924446655,2.7421353305958993,43.95820500167488,355.59958768044703,31.47990197867132,0.0059458662426887,28.455153392902016,0.1316941620779268,215.69215493449843,68.17264328163373,4874,w,61000.5662521875,2025-11-21T13:35:24.189,1.114166,0.102588,0.8771824,0.0752907,89.67,-89.52,1.271,0.213,3.46,8300.501340406536,0.044023920533,2429.9981040604334,0.026279348379,8.99983008398585,1.826729776688296e-05,20.12318659090872,2.841084786453507e-05,0,32,3,5.879049,59.72123,5.601905,18.05967820334984,0.1018430359625682,0.995,104.2662,4.453148,17.454641342163086,0.0463711470365524,41.22688,2.775905,18.46204948425293,0.0731052234768867,30.10935,2.896626,18.803245544433594,0.1044516563415527,26.82659,3.3925,18.928586959838867,0.1373026072978973,26.27595,3.99325,18.95110321044922,0.1650032252073288,27.57607,4.637208,18.898670196533203,0.1825780719518661,24.31379,5.293455,19.035369873046875,0.2363801151514053,19.41339,5.964313,19.279747009277344,0.3335672914981842,12.45855,6.642978,19.76133155822754,0.5789212584495544,10.44109,7.328939,19.953134536743164,0.7621132731437683,10.50687,8.01811,19.94631576538086,0.8285577893257141,12.46591,8.709293,19.76068878173828,0.758548378944397,8.760965,9.398114,20.14362144470215,1.164697289466858,3.994447,10.09474,20.99635887145996,2.7438642978668213,0.1520673,10.79033,24.54490852355957,77.04122924804688,9.451779,11.49001,20.061216354370117,1.3198696374893188,8.531051,12.19323,20.17249298095703,1.5518172979354858,5.403162,12.89713,20.668380737304688,2.5916082859039307,2.309829,13.59309,21.59105110168457,6.389438152313232,3.720221,14.29904,21.073577880859375,4.1731343269348145,1,0.413,0.743,1.12,8299.7229,2430.8283,9.0001164,20.1229405,1.113e-09,182.0331,9.963146,16.849624633789062,0.0594251900911331,/processed1/20251121/L2/OBJ_MP_1602_0255_cat.fits.gz::4874,2,retained_after_posthoc_audit
20251124,000006v,0,0,20251124000200010002,20251124000200010002;20251124000201020030,OBJ_MP_0517_0034.fits.gz,OBJ_MP_0517_0034_cat.fits.gz,/processed1/20251124/L2/OBJ_MP_0517_0034_cat.fits.gz,403,61003.421151793984,347.99402079672535,-17.280960172544074,347.9939921191017,-17.28097684692179,1,0->1,3,2,1.5136650034413317,0.0,2.621744691599306,0.8552354476523216,0.9877568309132454,67.38168569208776,198.890882434482,0.6114680570912017,-179.99777829926384,2.5276545288072083,1.163673369159325,621.5416713235846,171.0991429892712,403,w,61003.421151793984,2025-11-24T10:06:27.515,1.907455,0.2171151,1.189385,0.1339811,35.33,35.25,1.609,0.379,11.34,882.2235461186392,0.34645610456,733.0744257029261,0.34589161037,347.99402079672535,0.0002320542720894,-17.280960172544074,0.0002224628939373,0,0,0,9.002414,144.6279,17.446,17.099369778322096,0.1309688742804111,0.632,84.61378,19.16438,17.681396484375,0.2459110766649246,90.53791,10.71751,17.60792350769043,0.1285250782966613,85.43548,8.734246,17.6709041595459,0.1109970659017562,89.92982,8.411588,17.6152400970459,0.1015543639659881,94.97115,8.787746,17.556020736694336,0.1004639193415641,98.49355,9.567647,17.516481399536133,0.1054682359099388,112.7569,10.55638,17.36964225769043,0.1016473472118377,116.1456,11.66989,17.337491989135742,0.1090908050537109,107.4575,12.84889,17.42190933227539,0.1298235207796096,100.1499,14.08677,17.49837303161621,0.1527161747217178,111.5199,18.95096,17.38161849975586,0.1845029443502426,125.0914,51.65007,17.25693130493164,0.4482989907264709,125.8462,52.78572,17.25040054321289,0.4554078578948974,126.4357,53.05289,17.24532699584961,0.45557901263237,123.1819,53.40621,17.273632049560547,0.470726877450943,115.5996,53.84737,17.342609405517578,0.5057461261749268,108.3828,54.30864,17.412599563598633,0.544042706489563,89.56296,54.79885,17.619678497314453,0.6643047332763672,78.86146,55.35666,17.757837295532227,0.7621305584907532,78.01926,55.95219,17.769495010375977,0.7786452174186707,1,2.185,4.311,7.499,882.1713,732.9888,347.9939921,-17.2809768,1.698e-11,88.7518,7.252296,17.62955665588379,0.0887202322483062,/processed1/20251124/L2/OBJ_MP_0517_0034_cat.fits.gz::403,3,retained_after_posthoc_audit
20251124,000006v,0,1,20251124000200010002;20251124000201020030,20251124000200010002;20251124000201020030,OBJ_MP_0517_0070.fits.gz,OBJ_MP_0517_0070_cat.fits.gz,/processed1/20251124/L2/OBJ_MP_0517_0070_cat.fits.gz,496,61003.484596828705,347.9831381132704,-17.27888021957058,347.9831696755877,-17.27895949583629,1,0->1;1->2,3,2,1.5136650034413317,0.0,2.621744691599306,0.8552354476523216,0.9877568309132454,67.38168569208776,198.890882434482,0.6114680570912017,-179.99777829926384,2.5276545288072083,1.163673369159325,621.5416713235846,171.0991429892712,496,w,61003.484596828705,2025-11-24T11:37:49.166,2.157578,0.1543056,1.474762,0.1077763,39.48,37.66,1.467,0.318,12.03,882.6426503215763,0.23239544034,719.3405183779571,0.23235850344,347.9831381132704,0.0001558264470418,-17.27888021957058,0.0001492344732767,0,0,0,10.67557,158.6604,14.85944,16.99882873166414,0.1016852850824941,0.888,93.77042,13.79719,17.569835662841797,0.1597530096769333,97.92101,7.91506,17.522809982299805,0.0877612233161926,100.771,6.748419,17.491661071777344,0.0727094113826751,101.9971,6.774426,17.478530883789062,0.0721122473478317,106.6308,7.31839,17.4302921295166,0.0745172873139381,108.3351,8.137035,17.41307830810547,0.0815495178103447,122.7918,9.095545,17.277076721191406,0.0804236158728599,127.6445,10.12375,17.234994888305664,0.0861119627952575,131.6043,11.20374,17.201826095581055,0.0924309343099594,139.1897,12.30653,17.140981674194336,0.0959959030151367,136.7964,13.42445,17.159812927246094,0.1065481901168823,134.3394,14.55454,17.17949104309082,0.1176303178071975,135.7,15.68637,17.168550491333008,0.125506654381752,138.8211,16.82843,17.143861770629883,0.1316171586513519,133.4595,17.9816,17.186626434326172,0.1462861895561218,126.4782,19.13294,17.24496078491211,0.1642443388700485,130.2996,20.29084,17.212642669677734,0.1690757274627685,127.1483,21.45163,17.23922348022461,0.1831782758235931,119.6954,22.61478,17.304805755615234,0.2051346451044082,111.7058,23.78642,17.379810333251953,0.2311945408582687,1,2.095,4.021,8.06,882.3954,719.4346,347.9831697,-17.2789595,1.223e-11,109.4179,6.304456,17.402278900146484,0.0625581219792366,/processed1/20251124/L2/OBJ_MP_0517_0070_cat.fits.gz::496,4,retained_after_posthoc_audit
20251124,000006v,0,2,20251124000201020030,20251124000200010002;20251124000201020030,OBJ_MP_0517_0097.fits.gz,OBJ_MP_0517_0097_cat.fits.gz,/processed1/20251124/L2/OBJ_MP_0517_0097_cat.fits.gz,473,61003.51146223379,347.9777476121381,-17.278667902604752,347.9777828799143,-17.278668759275952,1,1->2,3,2,1.5136650034413317,0.0,2.621744691599306,0.8552354476523216,0.9877568309132454,67.38168569208776,198.890882434482,0.6114680570912017,-179.99777829926384,2.5276545288072083,1.163673369159325,621.5416713235846,171.0991429892712,473,w,61003.51146223379,2025-11-24T12:16:30.337,2.593714,0.149617,2.035519,0.1168774,-66.96,-65.43,1.272,0.214,11.37,881.0278717188154,0.18715181989,711.3594555181612,0.1867569506,347.9777476121381,0.0001252014853321,-17.278667902604752,0.0001201661282941,0,0,0,13.77165,197.3736,14.66085,16.761777383242567,0.0806481448732108,0.922,131.9637,15.80099,17.198863983154297,0.1300031989812851,131.7659,8.835953,17.20049285888672,0.0728072524070739,129.8522,7.278582,17.21637535095215,0.0608585514128208,136.469,7.095486,17.16241455078125,0.0564510896801948,147.3143,7.493056,17.079387664794922,0.0552253350615501,153.589,8.186355,17.034099578857422,0.0578701645135879,157.1522,9.049029,17.009199142456055,0.0625181198120117,158.4062,10.00862,17.000568389892578,0.0686003267765045,166.3194,11.02916,16.947643280029297,0.071998581290245,175.8735,12.08071,16.886999130249023,0.0745789408683776,177.0189,13.15823,16.87995147705078,0.080705314874649,178.1768,14.25141,16.87287139892578,0.086842231452465,183.0716,15.35186,16.843448638916016,0.0910467579960823,185.0052,16.46455,16.832040786743164,0.0966252014040947,198.6542,17.58294,16.754756927490234,0.0960988476872444,197.3321,18.7085,16.762004852294922,0.1029355525970459,206.3695,19.83765,16.71338653564453,0.1043683812022209,204.6338,20.96772,16.722557067871094,0.111249566078186,198.2798,22.10079,16.756803512573242,0.1210190132260322,206.4667,23.23231,16.712875366210938,0.122170589864254,1,2.044,4.01,7.475,881.0254,711.4647,347.9777829,-17.2786688,9.683e-12,148.5168,6.793462,17.070560455322266,0.0496637783944606,/processed1/20251124/L2/OBJ_MP_0517_0097_cat.fits.gz::473,5,retained_after_posthoc_audit
20251125,000006K,21,0,20251125000900010015,20251125000900010015;20251125000901020033,OBJ_MP_0782_0038.fits.gz,OBJ_MP_0782_0038_cat.fits.gz,/processed1/20251125/L2/OBJ_MP_0782_0038_cat.fits.gz,5146,61004.41511863426,340.5290065728265,-13.26314936935188,340.5288134228042,-13.26320600459739,8,0->1,3,2,0.3115509763174687,0.0030735851265057,0.5396133667799324,0.7962863041148304,0.6325786839385538,26.964063653139913,10.348816634579135,196.8741760736114,-179.98833198360066,15.834474206389872,0.2626815124055096,1336.5342631364283,41.8689897028552,5146,w,61004.41511863426,2025-11-25T09:57:46.250,2.072299,0.1880606,1.700968,0.1526461,-30.11,-27.64,1.219,0.18,14.92,6465.872110988107,0.31701511569,4820.083987766712,0.3172386449,340.5290065728265,0.0002104188547491,-13.26314936935188,0.0002046472558401,0,0,0,11.24151,182.988,19.813,16.843943346765716,0.1175579170027547,0.54,78.49904,20.40984,17.76283836364746,0.2822926640510559,100.1958,11.54886,17.497875213623047,0.1251450479030609,101.4899,9.313849,17.48394203186035,0.099639281630516,96.91268,8.81679,17.534048080444336,0.0987766236066818,107.708,9.04076,17.41938018798828,0.0911341533064842,123.8615,9.623742,17.26766014099121,0.0843591317534446,131.3029,10.42746,17.204315185546875,0.0862240493297576,136.3992,11.38039,17.1629695892334,0.0905877649784088,146.1755,12.41208,17.087814331054688,0.0921922028064727,150.6909,13.50977,17.05478286743164,0.0973386242985725,155.6841,14.64798,17.019390106201172,0.1021546050906181,157.6003,15.81908,17.006107330322266,0.1089804545044899,153.6275,17.01646,17.03382682800293,0.1202608868479728,155.4416,18.23396,17.021081924438477,0.1273614913225174,165.6514,19.46173,16.95201301574707,0.1275588572025299,178.9475,20.69958,16.868186950683594,0.1255915313959121,180.8095,21.94571,16.85694694519043,0.1317809671163559,198.562,23.20013,16.755260467529297,0.1268582642078399,201.6652,24.44881,16.738422393798828,0.1316288411617279,211.6808,25.71604,16.685794830322266,0.1319006085395813,1,2.605,5.268,8.237,6465.6989,4819.4973,340.5288134,-13.263206,9.239e-12,106.5793,7.719397,17.430818557739258,0.078638419508934,/processed1/20251125/L2/OBJ_MP_0782_0038_cat.fits.gz::5146,6,retained_after_posthoc_audit
20251125,000006K,21,1,20251125000900010015;20251125000901020033,20251125000900010015;20251125000901020033,OBJ_MP_0782_0066.fits.gz,OBJ_MP_0782_0066_cat.fits.gz,/processed1/20251125/L2/OBJ_MP_0782_0066_cat.fits.gz,5161,61004.44406861111,340.537327962366,-13.256097316853907,340.53723150383956,-13.256167523014676,8,0->1;1->2,3,2,0.3115509763174687,0.0030735851265057,0.5396133667799324,0.7962863041148304,0.6325786839385538,26.964063653139913,10.348816634579135,196.8741760736114,-179.98833198360066,15.834474206389872,0.2626815124055096,1336.5342631364283,41.8689897028552,5161,w,61004.44406861111,2025-11-25T10:39:27.528,2.435091,0.2012596,1.88597,0.1528494,77.58,76.58,1.292,0.226,14.95,6486.861876710867,0.3201555707,4848.416219708953,0.31979503511,340.537327962366,0.0002120800828038,-13.256097316853907,0.0002066548245025,0,0,0,12.83895,190.1772,18.62763,16.802103920349758,0.1063465975567309,0.731,76.82436,21.48575,17.786252975463867,0.3036518096923828,90.68857,11.95074,17.60611915588379,0.1430759578943252,95.62675,9.43088,17.548551559448242,0.1070772260427475,109.0154,8.711398,17.406280517578125,0.0867609679698944,116.3522,8.716913,17.33556365966797,0.0813415423035621,119.4913,9.119945,17.306659698486328,0.0828667432069778,129.3648,9.756719,17.220458984375,0.081886425614357,134.4116,10.5353,17.178909301757812,0.0851009413599968,137.9401,11.4085,17.150774002075195,0.0897971466183662,134.9421,12.34867,17.174631118774414,0.0993566513061523,137.191,13.34235,17.156686782836914,0.1055920645594596,143.5074,14.3636,17.10781478881836,0.108670949935913,149.2241,15.41425,17.06540298461914,0.1121521815657615,167.6777,16.49342,16.938812255859375,0.1067971661686897,183.9862,17.57892,16.838037490844727,0.1037364155054092,193.9408,18.68518,16.780826568603516,0.1046049892902374,200.6462,19.79692,16.74392318725586,0.1071250587701797,204.562,20.92784,16.722938537597656,0.1110769361257553,196.2156,22.04399,16.768165588378906,0.1219778284430503,201.5072,23.17953,16.739273071289062,0.1248930543661117,1,3.005,5.265,9.231,6486.6448,4848.1225,340.5372315,-13.2561675,1.154e-11,113.9594,7.790651,17.358123779296875,0.0742245987057685,/processed1/20251125/L2/OBJ_MP_0782_0066_cat.fits.gz::5161,7,retained_after_posthoc_audit
20251125,000006K,21,2,20251125000901020033,20251125000900010015;20251125000901020033,OBJ_MP_0782_0094.fits.gz,OBJ_MP_0782_0094_cat.fits.gz,/processed1/20251125/L2/OBJ_MP_0782_0094_cat.fits.gz,7243,61004.47301560185,340.5454513321106,-13.248803098968557,340.54526820006515,-13.248993669074547,8,1->2,3,2,0.3115509763174687,0.0030735851265057,0.5396133667799324,0.7962863041148304,0.6325786839385538,26.964063653139913,10.348816634579135,196.8741760736114,-179.98833198360066,15.834474206389872,0.2626815124055096,1336.5342631364283,41.8689897028552,7243,w,61004.47301560185,2025-11-25T11:21:08.548,2.352925,0.1783805,1.761003,0.1312011,28.76,29.49,1.335,0.251,13.97,6506.466844945431,0.27270219894,4881.11203697263,0.27306625327,340.5454513321106,0.0001810590808872,-13.248803098968557,0.0001760359217488,0,0,0,10.38284,162.2668,15.07558,16.974425957954665,0.100871561900635,0.047,57.42704,9.152794,18.102209091186523,0.1730459928512573,63.9661,5.716329,17.985126495361328,0.0970267802476883,70.88604,5.35579,17.873598098754883,0.0820327177643776,84.28991,5.831452,17.685562133789062,0.075114794075489,95.66862,6.611117,17.548076629638672,0.0750290900468826,105.2273,7.546403,17.444679260253906,0.0778638422489166,119.8371,8.549144,17.30352210998535,0.0774560943245887,126.5933,9.589054,17.243972778320312,0.0822411552071571,131.4582,10.6538,17.20302963256836,0.0879915803670883,135.4453,11.73163,17.170589447021484,0.0940413326025009,133.7874,12.81956,17.183961868286133,0.104035697877407,139.694,13.91284,17.137054443359375,0.1081340387463569,146.8861,15.01075,17.082548141479492,0.1109547764062881,152.8811,16.11537,17.03911590576172,0.114448644220829,156.2448,17.21736,17.015485763549805,0.1196424588561058,156.6667,18.32761,17.012557983398438,0.1270145624876022,167.9105,19.44637,16.937305450439453,0.1257433593273162,170.7952,20.56604,16.91880989074707,0.1307372748851776,169.3102,21.68543,16.928293228149414,0.1390622556209564,168.5173,22.80526,16.933387756347656,0.1469314843416214,0,2.426,4.816,8.772,6505.8762,4880.5535,340.5452682,-13.2489937,4.011e-11,72.90295,4.79604,17.843135833740234,0.0714269280433654,/processed1/20251125/L2/OBJ_MP_0782_0094_cat.fits.gz::7243,8,retained_after_posthoc_audit
20251125,000006S,132,0,20251125002300010038,20251125002300010038;20251125002301020089,OBJ_MP_0786_0052.fits.gz,OBJ_MP_0786_0052_cat.fits.gz,/processed1/20251125/L2/OBJ_MP_0786_0052_cat.fits.gz,5266,61004.431150833334,350.43123368827025,-8.856049521280324,350.4311830501952,-8.85602634043472,22,0->1,3,2,0.8722503903425757,0.0,1.5107819929951267,1.5646742283662995,0.8534209613117614,85.27892941629035,7.953498346687426,179.34485319802366,-179.99779721309636,6.69622536819895,0.7099873402043746,448.39374143331526,142.2006615619101,5266,w,61004.431150833334,2025-11-25T10:20:51.432,1.589613,0.1995839,1.21486,0.1536407,-48.21,-46.95,1.308,0.236,10.77,7329.817083854778,0.26180983364,4259.20783450406,0.26164446291,350.43123368827025,0.0001708850500676,-8.856049521280324,0.000168909027753,0,0,0,5.598055,60.416,12.02843,18.047120042460808,0.2161629823076627,0.775,33.63288,10.6451,18.683090209960938,0.3436450362205505,47.68841,6.356821,18.30396842956543,0.1447276175022125,46.3632,5.589015,18.334566116333008,0.1308838725090026,44.78999,5.744191,18.372047424316406,0.1392426341772079,49.19186,6.275189,18.270267486572266,0.1385025680065155,51.59248,7.008217,18.218534469604492,0.1474841833114624,52.51164,7.845864,18.19936180114746,0.1622219085693359,49.6893,8.737248,18.259342193603516,0.1909132599830627,52.38635,9.669063,18.201953887939453,0.2003966867923736,55.93384,10.62503,18.130813598632812,0.2062432914972305,59.51912,11.59107,18.06335830688477,0.2114421129226684,66.08351,12.56747,17.94976806640625,0.2064804434776306,71.67431,13.54738,17.861591339111328,0.2052182704210281,79.32679,14.54223,17.751449584960938,0.1990376859903335,70.33244,15.53554,17.882110595703125,0.2398252189159393,62.92514,16.53208,18.002939224243164,0.2852513790130615,59.62176,17.53534,18.061487197875977,0.3193255066871643,50.32815,18.545,18.245471954345703,0.4000737965106964,43.29551,19.55147,18.40889358520508,0.490298867225647,34.77762,20.55847,18.646751403808594,0.6418231129646301,1,1.666,2.848,4.917,7329.8902,4259.0523,350.4311831,-8.8560263,4.654e-11,47.88968,5.124195,18.299394607543945,0.1161737442016601,/processed1/20251125/L2/OBJ_MP_0786_0052_cat.fits.gz::5266,9,retained_after_posthoc_audit
20251125,000006S,132,1,20251125002300010038;20251125002301020089,20251125002300010038;20251125002301020089,OBJ_MP_0786_0080.fits.gz,OBJ_MP_0786_0080_cat.fits.gz,/processed1/20251125/L2/OBJ_MP_0786_0080_cat.fits.gz,5954,61004.45999814815,350.4287540182994,-8.854001174370154,350.4287329153443,-8.853907086919582,22,0->1;1->2,3,2,0.8722503903425757,0.0,1.5107819929951267,1.5646742283662995,0.8534209613117614,85.27892941629035,7.953498346687426,179.34485319802366,-179.99779721309636,6.69622536819895,0.7099873402043746,448.39374143331526,142.2006615619101,5954,w,61004.45999814815,2025-11-25T11:02:23.840,1.803798,0.1695223,1.610729,0.1534289,-52.61,-53.49,1.12,0.107,10.57,7332.696173955217,0.23079201531,4254.507336151472,0.23062104936,350.4287540182994,0.0001505915902839,-8.854001174370154,0.0001488829414491,0,0,0,9.465999,75.86744,11.15354,17.799861390835297,0.159617879907464,0.089,37.28442,7.793372,18.57118225097656,0.2269459068775177,46.57397,4.964803,18.32964134216309,0.1157398894429206,54.19517,4.756504,18.165098190307617,0.0952909365296363,61.25025,5.223545,18.032230377197266,0.0925937741994857,67.55143,5.981261,17.925912857055664,0.096135213971138,67.64537,6.851743,17.92440414428711,0.1099733114242553,66.86176,7.786365,17.937055587768555,0.1264390647411346,66.04739,8.747937,17.950361251831055,0.1438051015138626,66.19875,9.729218,17.9478759765625,0.1595704704523086,66.40471,10.71775,17.944503784179688,0.1752383261919021,71.33572,11.7207,17.866731643676758,0.17839016020298,72.80881,12.72379,17.844539642333984,0.1897391974925995,69.51616,13.73795,17.894784927368164,0.2145658284425735,70.4623,14.7513,17.880107879638672,0.227299079298973,71.78014,15.76532,17.859989166259766,0.2384640127420425,69.77803,16.78559,17.890703201293945,0.2611814141273498,77.67496,17.80667,17.7742977142334,0.2489005476236343,78.74943,18.83702,17.759382247924805,0.2597103118896484,82.98268,19.86728,17.702531814575195,0.2599412798881531,86.30211,20.89489,17.65994644165039,0.2628711462020874,0,1.755,3.098,5.079,7332.9898,4254.4439,350.4287329,-8.8539071,4.061e-11,55.30033,4.394544,18.14318084716797,0.0862800553441047,/processed1/20251125/L2/OBJ_MP_0786_0080_cat.fits.gz::5954,10,retained_after_posthoc_audit
20251125,000006S,132,2,20251125002301020089,20251125002300010038;20251125002301020089,OBJ_MP_0786_0108.fits.gz,OBJ_MP_0786_0108_cat.fits.gz,/processed1/20251125/L2/OBJ_MP_0786_0108_cat.fits.gz,5551,61004.48880881944,350.4254905213844,-8.851647915969252,350.4254614586617,-8.851540257818812,22,1->2,3,2,0.8722503903425757,0.0,1.5107819929951267,1.5646742283662995,0.8534209613117614,85.27892941629035,7.953498346687426,179.34485319802366,-179.99779721309636,6.69622536819895,0.7099873402043746,448.39374143331526,142.2006615619101,5551,w,61004.48880881944,2025-11-25T11:43:53.082,1.971905,0.2212114,1.299312,0.1471821,-61.09,-62.11,1.517,0.341,10.32,7335.0239182694995,0.29932401349,4247.33869244297,0.29888846941,350.4254905213844,0.0001951374446775,-8.851647915969252,0.0001930874157363,0,0,0,9.576789,84.60414,11.27118,17.681520909123908,0.144644501057623,0.13,36.73239,9.183414,18.587377548217773,0.2714433968067169,38.62605,5.645332,18.532798767089844,0.1586841344833374,51.19571,5.143274,18.22691535949707,0.1090762913227081,53.78922,5.424687,18.173261642456055,0.1094974055886268,59.03074,6.056507,18.072303771972656,0.1113956645131111,66.76736,6.837772,17.93859100341797,0.1111923158168792,66.58124,7.699049,17.941619873046875,0.1255479305982589,68.49722,8.615652,17.910818099975586,0.1365650445222854,63.92515,9.553783,17.985820770263672,0.1622661501169204,69.77587,10.51152,17.890737533569336,0.1635627597570419,70.63826,11.47901,17.877399444580078,0.1764367073774337,74.64394,12.45175,17.817514419555664,0.1811173111200332,74.32689,13.43109,17.822134017944336,0.1961957365274429,62.83875,14.41802,18.004432678222656,0.2491164356470108,63.99671,15.40755,17.98460578918457,0.2613967657089233,71.58468,16.40647,17.86294937133789,0.2488395273685455,81.54273,17.40842,17.72153663635254,0.2317920476198196,83.76627,18.40412,17.69232749938965,0.2385449707508087,75.87683,19.40192,17.799726486206055,0.2776258587837219,70.64268,20.41705,17.87733268737793,0.313798040151596,0,2.182,3.563,6.242,7335.36,4247.2509,350.4254615,-8.8515403,7.8e-11,50.63016,4.792385,18.238977432250977,0.1027700901031494,/processed1/20251125/L2/OBJ_MP_0786_0108_cat.fits.gz::5551,11,retained_after_posthoc_audit
20251203,000008u,343,0,20251203011800010003,20251203011800010003;20251203011801020014,OBJ_MP_0969_0322.fits.gz,OBJ_MP_0969_0322_cat.fits.gz,/processed1/20251203/L2/OBJ_MP_0969_0322_cat.fits.gz,6663,61012.724925347226,117.63044696946466,20.889454481452276,117.63045950677598,20.889432948638525,117,0->1,3,2,0.2655821812194292,0.0,0.4600018314570163,1.2204301524939027,0.0651982024492051,23.43308466181008,0.7185962712870867,263.1020397181396,-179.98164747709478,25.25696768433281,0.280269562532293,221.49257893614688,163.03814621778065,6663,w,61012.724925347226,2025-12-03T17:23:53.550,1.350383,0.1782619,1.103548,0.1422177,26.97,28.51,1.222,0.182,6.87,4098.651983904491,0.21034887604,2616.365192587094,0.21047998872,117.63044696946466,0.0001465773560767,20.889454481452276,0.0001368675348096,0,0,0,4.819322,101.9192,16.39659,17.479359612553658,0.1746713187923606,0.525,85.6692,14.24085,17.667938232421875,0.1804826408624649,82.96695,8.90829,17.702735900878906,0.1165771782398223,75.22875,8.232368,17.809040069580078,0.1188133433461189,69.91878,8.720116,17.88851547241211,0.1354106217622757,68.22356,9.68638,17.915164947509766,0.154152825474739,66.92333,10.85824,17.93605613708496,0.1761596351861953,62.68553,12.16142,18.007081985473633,0.2106401473283767,67.77695,13.53321,17.92229461669922,0.216791883111,79.38582,14.94887,17.750642776489258,0.2044512927532196,81.60265,16.39412,17.720739364624023,0.2181263715028762,81.08798,17.86611,17.72760772705078,0.2392202317714691,66.33882,19.33869,17.945579528808594,0.3165071904659271,52.62432,20.84002,18.197032928466797,0.4299677908420563,45.93297,22.33368,18.344688415527344,0.5279101729393005,50.25114,23.85108,18.247135162353516,0.5153313279151917,50.5898,25.3702,18.239843368530273,0.5444840788841248,63.79105,26.9099,17.988100051879883,0.4580118358135223,68.49658,28.45021,17.91082763671875,0.4509629905223846,74.89555,30.01029,17.813859939575195,0.4350493252277374,79.85336,31.56891,17.744266510009766,0.4292306900024414,1,1.254,2.218,4.374,4098.5844,2616.4008,117.6304595,20.8894329,8.785e-12,76.49614,7.139034,17.79090118408203,0.1013267859816551,/processed1/20251203/L2/OBJ_MP_0969_0322_cat.fits.gz::6663,12,retained_after_posthoc_audit
20251203,000008u,343,1,20251203011800010003;20251203011801020014,20251203011800010003;20251203011801020014,OBJ_MP_0969_0348.fits.gz,OBJ_MP_0969_0348_cat.fits.gz,/processed1/20251203/L2/OBJ_MP_0969_0348_cat.fits.gz,7122,61012.75381357639,117.62875037003016,20.890090630635573,117.6287433940244,20.89004339900055,117,0->1;1->2,3,2,0.2655821812194292,0.0,0.4600018314570163,1.2204301524939027,0.0651982024492051,23.43308466181008,0.7185962712870867,263.1020397181396,-179.98164747709478,25.25696768433281,0.280269562532293,221.49257893614688,163.03814621778065,7122,w,61012.75381357639,2025-12-03T18:05:29.493,1.507321,0.1736489,1.097552,0.1248866,23.28,23.76,1.371,0.27,8.09,4095.366277073692,0.22231683776,2603.8837698668644,0.22276988566,117.62875037003016,0.0001551139153974,20.890090630635573,0.0001446577051531,0,0,0,4.359579,102.9947,14.7152,17.46796265653786,0.1551228029217686,0.69,71.99171,11.37014,17.856792449951172,0.1714776754379272,76.3136,7.413115,17.793495178222656,0.1054685860872268,73.73532,7.165691,17.830810546875,0.1055132076144218,77.63055,7.874711,17.774917602539062,0.1101352423429489,80.26276,8.916512,17.73871421813965,0.1206160709261894,78.21684,10.1377,17.76675033569336,0.1407224833965301,78.97212,11.43642,17.756315231323242,0.1572319269180297,78.27058,12.77634,17.766002655029297,0.1772279739379882,75.9203,14.16518,17.79910659790039,0.2025762647390365,70.06574,15.5628,17.8862361907959,0.2411606162786483,74.7299,16.96889,17.81626319885254,0.2465377151966095,78.0914,18.397,17.768491744995117,0.2557809352874756,80.60312,19.83609,17.734119415283203,0.2671951055526733,76.65984,21.28019,17.7885799407959,0.301392138004303,66.1742,22.73215,17.948278427124023,0.3729719817638397,61.09851,24.1814,18.034923553466797,0.4297097027301788,58.62334,25.64463,18.079822540283203,0.4749524593353271,65.09258,27.10875,17.966171264648438,0.4521706104278564,64.11548,28.59277,17.982593536376953,0.4841920137405395,73.33774,30.06438,17.836681365966797,0.4450913071632385,1,1.398,2.62,5.245,4095.2194,2603.8615,117.6287434,20.8900434,7.411e-12,74.23742,6.342124,17.823444366455078,0.0927547514438629,/processed1/20251203/L2/OBJ_MP_0969_0348_cat.fits.gz::7122,13,retained_after_posthoc_audit
20251203,000008u,343,2,20251203011801020014,20251203011800010003;20251203011801020014,OBJ_MP_0969_0374.fits.gz,OBJ_MP_0969_0374_cat.fits.gz,/processed1/20251203/L2/OBJ_MP_0969_0374_cat.fits.gz,7354,61012.78201756944,117.62684975291418,20.890478297682066,117.62686251281896,20.89044986371327,117,1->2,3,2,0.2655821812194292,0.0,0.4600018314570163,1.2204301524939027,0.0651982024492051,23.43308466181008,0.7185962712870867,263.1020397181396,-179.98164747709478,25.25696768433281,0.280269562532293,221.49257893614688,163.03814621778065,7354,w,61012.78201756944,2025-12-03T18:46:06.318,1.405843,0.1441589,1.221302,0.1228353,-45.85,-45.07,1.151,0.131,6.82,4091.677552207399,0.18400317033,2592.977615333659,0.18391455467,117.62684975291418,0.0001280540651578,20.890478297682066,0.0001197109742925,0,0,0,4.282082,116.8898,12.79041,17.330558152095684,0.1188042587611714,0.557,84.87177,10.34342,17.678091049194336,0.1323198974132537,81.76167,6.738968,17.718626022338867,0.0894886553287506,81.84991,6.570624,17.71745491027832,0.0871590971946716,80.78616,7.294147,17.731657028198242,0.0980306416749954,83.25082,8.343225,17.69902801513672,0.1088102459907531,85.06306,9.542973,17.675647735595703,0.1218055337667465,84.84204,10.80778,17.6784725189209,0.1383087337017059,75.65514,12.10841,17.80290412902832,0.173769325017929,77.13107,13.42928,17.78192710876465,0.1890373677015304,84.85196,14.77605,17.6783447265625,0.1890691965818405,87.07998,16.13857,17.650203704833984,0.2012200206518173,82.22977,17.5112,17.712427139282227,0.2312123477458953,83.06854,18.89767,17.70140838623047,0.2469993829727172,90.50112,20.27977,17.60836410522461,0.243295133113861,95.33297,21.67301,17.551891326904297,0.2468313723802566,95.10226,23.06757,17.554523468017578,0.2633512616157532,95.29546,24.47035,17.55232048034668,0.2787996530532837,110.4495,25.88713,17.39208984375,0.2544745802879333,113.1712,27.29325,17.36566162109375,0.2618447244167328,103.8963,28.71096,17.458499908447266,0.3000350296497345,1,1.334,2.477,5.548,4091.5885,2593.0136,117.6268625,20.8904499,7.401e-12,80.41865,5.665061,17.736608505249023,0.0764842703938484,/processed1/20251203/L2/OBJ_MP_0969_0374_cat.fits.gz::7354,14,retained_after_posthoc_audit
20251204,0000098,274,0,20251204014800010003,20251204014800010003;20251204014801020147,OBJ_MP_0968_0423.fits.gz,OBJ_MP_0968_0423_cat.fits.gz,/processed1/20251204/L2/OBJ_MP_0968_0423_cat.fits.gz,9934,61013.84428979167,114.92420685942336,21.42643001051948,114.9241900237664,21.42641337079793,147,0->1,3,2,0.0331985136989447,0.0,0.0575015124623437,5.831336748206895,0.296902206955448,22.753958328705146,9.878698191228642,95.02493682480882,0.0035838120557554,16.751542389748227,0.025767316068528,252.4466137811889,161.9380474042935,9934,w,61013.84428979167,2025-12-04T20:15:46.638,1.656815,0.1267772,1.294687,0.09247894,-38.99,-38.58,1.281,0.219,5.13,4248.758295270016,0.11078895902,2889.108114845175,0.110675408,114.92420685942336,7.729079591456411e-05,21.42643001051948,7.203084567919404e-05,0,0,0,4.810419,197.7858,13.28465,16.759512144587724,0.0729254946691462,0.849,123.8334,9.619906,17.267906188964844,0.0843446478247642,127.0895,6.827772,17.23972511291504,0.0583302229642868,129.6948,7.235305,17.217693328857422,0.0605701468884944,131.2819,8.378165,17.204486846923828,0.0692896544933319,133.6988,9.772683,17.184680938720703,0.079361654818058,130.9568,11.26977,17.20718002319336,0.0934353321790695,133.5264,12.80347,17.18608283996582,0.1041082218289375,138.1179,14.3939,17.14937400817871,0.1131495609879493,150.2378,15.98948,17.05805206298828,0.1155525520443916,155.8806,17.61013,17.018020629882812,0.122657686471939,154.2967,19.23879,17.02910804748535,0.1353771686553955,161.4861,20.87487,16.97966194152832,0.1403501629829406,157.131,22.53519,17.00934600830078,0.1557126194238662,165.0523,24.20133,16.95594596862793,0.1591995805501938,166.9521,25.86437,16.943519592285156,0.1682032346725464,156.1626,27.54767,17.01605796813965,0.1915279775857925,169.5118,29.22567,16.927000045776367,0.1871926933526992,163.3719,30.93452,16.967056274414062,0.2055845707654953,169.5793,32.61992,16.92656898498535,0.2088499963283538,171.549,34.3075,16.914030075073242,0.2171327471733093,1,1.162,2.121,9.944,4248.7071,2889.0586,114.92419,21.4264134,3.032e-12,130.5387,5.944142,17.210651397705078,0.049439501017332,/processed1/20251204/L2/OBJ_MP_0968_0423_cat.fits.gz::9934,15,retained_after_posthoc_audit
20251204,0000098,274,1,20251204014800010003;20251204014801020147,20251204014800010003;20251204014801020147,OBJ_MP_0968_0449.fits.gz,OBJ_MP_0968_0449_cat.fits.gz,/processed1/20251204/L2/OBJ_MP_0968_0449_cat.fits.gz,9026,61013.87085726852,114.92231621326911,21.427017819861742,114.92233145233644,21.42700539855436,147,0->1;1->2,3,2,0.0331985136989447,0.0,0.0575015124623437,5.831336748206895,0.296902206955448,22.753958328705146,9.878698191228642,95.02493682480882,0.0035838120557554,16.751542389748227,0.025767316068528,252.4466137811889,161.9380474042935,9026,w,61013.87085726852,2025-12-04T20:54:02.068,1.502447,0.1246235,1.451441,0.1213,-22.57,-46.61,1.036,0.034,5.88,4247.407591378727,0.14420134674,2888.1107994042727,0.14434022482,114.92231621326911,0.0001008012336569,21.427017819861742,9.376217009915422e-05,0,0,0,4.501153,197.9634,15.78998,16.758537618433355,0.0866006078448207,0.76,126.1219,12.76793,17.248023986816406,0.1099143251776695,130.2865,8.344269,17.212751388549805,0.0695365816354751,128.2727,8.1544,17.229663848876953,0.0690211355686187,128.9386,9.064914,17.224042892456055,0.0763317123055458,132.0093,10.35512,17.198488235473633,0.0851677507162094,130.5978,11.7957,17.210161209106445,0.0980645641684532,129.7424,13.32615,17.217294692993164,0.111518494784832,132.0651,14.90467,17.198030471801758,0.1225345730781555,140.8597,16.52071,17.128032684326172,0.1273404061794281,143.3229,18.15554,17.109210968017578,0.1375364810228347,143.0558,19.8152,17.111236572265625,0.1503894329071045,148.6678,21.48462,17.0694580078125,0.1569043546915054,141.3715,23.17072,17.124095916748047,0.1779515892267227,129.596,24.8642,17.218521118164062,0.2083086669445037,121.2059,26.55719,17.29119110107422,0.2378935366868972,123.6969,28.27116,17.26910400390625,0.2481470555067062,137.0378,29.99625,17.157899856567383,0.2376570999622345,161.2851,31.71896,16.981014251708984,0.213525116443634,179.3138,33.45244,16.865966796875,0.2025528997182846,183.3719,35.18575,16.84166717529297,0.2083331644535064,1,1.317,2.377,5.673,4247.3683,2888.1545,114.9223315,21.4270054,2.016e-12,131.2376,7.1365,17.20485496520996,0.0590406879782676,/processed1/20251204/L2/OBJ_MP_0968_0449_cat.fits.gz::9026,16,retained_after_posthoc_audit
20251204,0000098,274,2,20251204014801020147,20251204014800010003;20251204014801020147,OBJ_MP_0968_0475.fits.gz,OBJ_MP_0968_0475_cat.fits.gz,/processed1/20251204/L2/OBJ_MP_0968_0475_cat.fits.gz,8460,61013.89730413195,114.92041003473943,21.42758261300348,114.92038645142804,21.427607941278385,147,1->2,3,2,0.0331985136989447,0.0,0.0575015124623437,5.831336748206895,0.296902206955448,22.753958328705146,9.878698191228642,95.02493682480882,0.0035838120557554,16.751542389748227,0.025767316068528,252.4466137811889,161.9380474042935,8460,w,61013.89730413195,2025-12-04T21:32:07.077,1.471848,0.1426518,1.263487,0.1196854,-36.08,-36.19,1.166,0.142,8.29,4247.328290011506,0.21029240073,2885.9725090438915,0.2102985424,114.92041003473943,0.0001468620596654,21.42758261300348,0.0001367354869366,0,0,0,4.788358,187.1759,19.20208,16.81937541915566,0.1113840041927928,0.894,127.5781,15.08078,17.235559463500977,0.1283428817987442,132.7158,9.615393,17.19269371032715,0.0786626935005188,122.3689,9.159468,17.28082275390625,0.0812687650322914,117.4821,9.94703,17.325071334838867,0.0919276252388954,125.6111,11.20812,17.252429962158203,0.0968788564205169,134.2148,12.68935,17.180498123168945,0.1026510223746299,141.3246,14.26837,17.124454498291016,0.1096177101135253,144.9546,15.93918,17.096920013427734,0.1193873956799507,149.8413,17.6344,17.06092071533203,0.1277772933244705,147.4612,19.37275,17.078306198120117,0.1426388025283813,147.5411,21.12634,17.077716827392578,0.1554660201072693,151.4933,22.89218,17.04901695251465,0.1640657931566238,146.8681,24.69012,17.08268165588379,0.1825240105390548,149.6663,26.49117,17.06218910217285,0.1921769678592682,161.8985,28.30113,16.976892471313477,0.1897951811552047,182.9719,30.12861,16.844039916992188,0.1787800192832946,198.7059,31.96977,16.754472732543945,0.1746840178966522,199.3645,33.81054,16.75088119506836,0.1841316521167755,222.0641,35.67175,16.633804321289062,0.1744095981121063,254.5983,37.53236,16.485361099243164,0.1600570231676101,1,1.522,2.931,8.834,4247.4081,2885.9051,114.9203865,21.4276079,1.601e-12,129.2182,8.170376,17.221691131591797,0.068650335073471,/processed1/20251204/L2/OBJ_MP_0968_0475_cat.fits.gz::8460,17,retained_after_posthoc_audit
20251204,000009h,306,0,20251204015200010004,20251204015200010004;20251204015201020018,OBJ_MP_0969_0427.fits.gz,OBJ_MP_0969_0427_cat.fits.gz,/processed1/20251204/L2/OBJ_MP_0969_0427_cat.fits.gz,6498,61013.84825501157,117.56009675642888,20.908661639387063,117.56009944338034,20.908689422300732,151,0->1,3,2,0.3016814222899489,0.0,0.5225275511058335,5.499622340117905,0.2544942643573347,22.8643491983179,4.918541506973808,101.64735227066848,0.0035243844302251,16.47538325353662,0.2454535329392044,226.82736871619005,165.5232165683426,6498,w,61013.84825501157,2025-12-04T20:21:29.233,1.425624,0.1580794,1.133119,0.1239092,-53.14,-51.4,1.257,0.204,7.33,4134.288599458907,0.20477866457,2366.051408771412,0.20457707422,117.56009675642888,0.0001424597099486,20.908661639387063,0.0001332431898006,0,0,0,4.161226,117.3391,14.00668,17.32639310455548,0.1296034767814313,0.898,80.81008,9.470243,17.73133659362793,0.1272388994693756,79.07225,6.569897,17.754940032958984,0.090210847556591,78.50768,6.865269,17.762720108032227,0.0949444770812988,84.20567,7.938107,17.686647415161133,0.1023528575897216,89.76568,9.235271,17.617223739624023,0.1117027029395103,93.11361,10.63817,17.57746696472168,0.1240447014570236,97.62275,12.09966,17.526123046875,0.1345693916082382,96.86162,13.58307,17.53462028503418,0.1522546559572219,106.167,15.10087,17.435026168823242,0.1544317901134491,105.2671,16.62654,17.44426918029785,0.171487882733345,98.8711,18.1639,17.512325286865234,0.1994637846946716,95.65366,19.71983,17.548246383666992,0.2238339483737945,93.84425,21.27651,17.568981170654297,0.2461597472429275,90.63224,22.8469,17.606794357299805,0.2736962437629699,91.15677,24.42993,17.600528717041016,0.2909762859344482,84.54698,26.00778,17.682254791259766,0.3339869678020477,84.99711,27.61355,17.676488876342773,0.3527300357818603,79.39672,29.2205,17.7504940032959,0.3995852470397949,77.46698,30.84136,17.77720832824707,0.4322561919689178,91.42275,32.48804,17.59736442565918,0.3858277797698974,1,1.291,2.57,7.378,4134.375,2366.0604,117.5600994,20.9086894,6.752e-12,85.76302,5.965147,17.666749954223633,0.0755171105265617,/processed1/20251204/L2/OBJ_MP_0969_0427_cat.fits.gz::6498,18,retained_after_posthoc_audit
20251204,000009h,306,1,20251204015200010004;20251204015201020018,20251204015200010004;20251204015201020018,OBJ_MP_0969_0453.fits.gz,OBJ_MP_0969_0453_cat.fits.gz,/processed1/20251204/L2/OBJ_MP_0969_0453_cat.fits.gz,6223,61013.87480642361,117.55827661534876,20.908959766245587,117.5582721300226,20.90892051844796,151,0->1;1->2,3,2,0.3016814222899489,0.0,0.5225275511058335,5.499622340117905,0.2544942643573347,22.8643491983179,4.918541506973808,101.64735227066848,0.0035243844302251,16.47538325353662,0.2454535329392044,226.82736871619005,165.5232165683426,6223,w,61013.87480642361,2025-12-04T20:59:43.275,1.378176,0.1543094,1.138589,0.1206311,-16.98,-14.48,1.212,0.175,6.43,4132.425214334464,0.18669472164,2365.242403001558,0.18653395511,117.55827661534876,0.0001298964535578,20.908959766245587,0.0001214802929432,0,0,0,5.343042,116.9337,14.34852,17.33015118698422,0.1332268668124551,0.703,75.31136,10.5399,17.80784797668457,0.1519498527050018,81.55138,7.257188,17.72142219543457,0.0966187343001365,87.26419,7.357747,17.647911071777344,0.0915446802973747,87.22748,8.326621,17.648366928100586,0.103642962872982,86.36131,9.617579,17.659202575683594,0.1209124103188514,83.2669,11.02851,17.698820114135742,0.1438033431768417,80.41705,12.50582,17.736629486083984,0.1688451021909713,72.44151,14.02469,17.850032806396484,0.210198700428009,77.52644,15.56772,17.77637481689453,0.2180215269327163,78.04156,17.13358,17.76918601989746,0.2383671998977661,74.40089,18.71057,17.821054458618164,0.2730443477630615,65.98911,20.29562,17.951318740844727,0.3339292407035827,49.83821,21.9011,18.256093978881836,0.4771202504634857,33.67797,23.51982,18.681636810302734,0.7582498788833618,30.80757,25.14974,18.778356552124023,0.8863399028778076,34.54126,26.78925,18.65415382385254,0.8420669436454773,34.68199,28.4307,18.64974021911621,0.8900366425514221,31.63642,30.08254,18.749530792236328,1.0324082374572754,34.55588,31.74852,18.653696060180664,0.9975298047065736,18.34981,33.40703,19.34092140197754,1.9766539335250857,1,1.288,2.324,4.526,4132.3031,2365.2277,117.5582721,20.9089205,8.312e-12,84.36679,6.640896,17.684572219848633,0.0854632630944252,/processed1/20251204/L2/OBJ_MP_0969_0453_cat.fits.gz::6223,19,retained_after_posthoc_audit
20251204,000009h,306,2,20251204015201020018,20251204015200010004;20251204015201020018,OBJ_MP_0969_0479.fits.gz,OBJ_MP_0969_0479_cat.fits.gz,/processed1/20251204/L2/OBJ_MP_0969_0479_cat.fits.gz,5154,61013.90126414352,117.556634954632,20.909496734416347,117.55660837184556,20.90946973031416,151,1->2,3,2,0.3016814222899489,0.0,0.5225275511058335,5.499622340117905,0.2544942643573347,22.8643491983179,4.918541506973808,101.64735227066848,0.0035243844302251,16.47538325353662,0.2454535329392044,226.82736871619005,165.5232165683426,5154,w,61013.90126414352,2025-12-04T21:37:49.222,1.207261,0.1888833,1.039454,0.1608613,-41.78,-44.67,1.162,0.139,7.28,4131.442660619109,0.30340304822,2364.6798082084497,0.30347715408,117.556634954632,0.0002113330269395,20.909496734416347,0.0001974177888826,0,0,0,5.087352,129.9211,19.14788,17.215800906015073,0.1600166878234235,0.545,75.34481,17.22596,17.8073673248291,0.2482300549745559,84.59153,10.81062,17.681682586669922,0.1387548595666885,81.63464,9.719316,17.720314025878906,0.1292663812637329,90.68744,10.095,17.60613250732422,0.120860256254673,90.76611,11.05155,17.60519027709961,0.1321977227926254,86.50529,12.30157,17.657392501831055,0.1543981581926345,81.39925,13.697,17.72344970703125,0.1826961487531662,81.4036,15.18497,17.723390579223633,0.2025324702262878,73.88734,16.72212,17.828575134277344,0.2457228749990463,67.3489,18.29826,17.929174423217773,0.2949875295162201,58.85881,19.91825,18.075469970703125,0.3674209415912628,56.52824,21.56465,18.11933708190918,0.4141915738582611,61.41931,23.23069,18.029237747192383,0.4106591641902923,52.79672,24.91498,18.1934814453125,0.5123631358146667,54.16626,26.60237,18.165678024291992,0.5332315564155579,62.33102,28.31596,18.01323890686035,0.4932321012020111,58.13565,30.03139,18.08889389038086,0.5608634948730469,70.88541,31.7529,17.873607635498047,0.4863521158695221,64.24062,33.49345,17.98047637939453,0.5660756230354309,56.01446,35.23412,18.129249572753903,0.6829479336738586,1,1.603,2.947,4.791,4131.3596,2364.6013,117.5566084,20.9094697,3.965e-12,91.17892,8.95064,17.600263595581055,0.1065820232033729,/processed1/20251204/L2/OBJ_MP_0969_0479_cat.fits.gz::5154,20,retained_after_posthoc_audit
20251204,000009l,317,0,20251204015400010003,20251204015400010003;20251204015401020014,OBJ_MP_0965_0429.fits.gz,OBJ_MP_0965_0429_cat.fits.gz,/processed1/20251204/L2/OBJ_MP_0965_0429_cat.fits.gz,17033,61013.85040452546,106.44173328206872,24.000053971820023,106.44168137115268,24.00000325052566,153,0->1,3,2,0.4424147941171867,0.0,0.766284901431092,1.2271145937058452,0.059395764925614,23.669061667767146,357.0397631851546,263.74682069588715,-179.98291318282244,25.335233067425623,0.4387991083233378,936.0764111147316,183.58822137494087,17033,w,61013.85040452546,2025-12-04T20:24:34.951,1.502254,0.220889,0.9028209,0.1327242,-66.27,-66.34,1.661,0.398,7.25,8659.029536234666,0.25120225958,3241.9080703658683,0.25090157792,106.44173328206872,0.0001782770009555,24.000053971820023,0.0001630406817199,0,0,0,6.949299,87.27485,17.15957,17.64777720414043,0.2134723064215566,0.45,54.11799,11.32817,18.166645050048828,0.227270096540451,58.41625,8.131062,18.08366584777832,0.1511255502700805,68.77615,8.451171,17.90640640258789,0.1334145963191986,73.5183,9.680779,17.83401107788086,0.1429681032896042,64.47243,11.21831,17.976566314697266,0.1889199018478393,57.43751,12.87684,18.10201072692871,0.2434097379446029,61.57227,14.62378,18.02653694152832,0.2578687667846679,74.26477,16.40405,17.823043823242188,0.2398239970207214,84.79817,18.21299,17.679033279418945,0.2331949174404144,100.4302,20.04391,17.495338439941406,0.216691792011261,114.5196,21.88551,17.352800369262695,0.2074919492006302,117.6345,23.74408,17.32366371154785,0.2191518396139145,115.2772,25.61481,17.34564208984375,0.2412527203559875,122.922,27.49762,17.27592658996582,0.2428788542747497,135.5488,29.4018,17.16975975036621,0.2355062961578369,113.5814,31.31297,17.361732482910156,0.2993238568305969,121.8031,33.22957,17.28585433959961,0.2962037324905395,138.4257,35.16736,17.146957397460938,0.2758337557315826,152.4481,37.10594,17.042194366455078,0.2642686665058136,163.713,39.02189,16.964792251586914,0.2587912082672119,0,1.319,2.359,3.663,8658.8732,3241.7583,106.4416814,24.0000033,5.055e-12,68.58708,7.875124,17.909395217895508,0.1246635168790817,/processed1/20251204/L2/OBJ_MP_0965_0429_cat.fits.gz::17033,21,retained_after_posthoc_audit
20251204,000009l,317,1,20251204015400010003;20251204015401020014,20251204015400010003;20251204015401020014,OBJ_MP_0965_0455.fits.gz,OBJ_MP_0965_0455_cat.fits.gz,/processed1/20251204/L2/OBJ_MP_0965_0455_cat.fits.gz,15697,61013.87695957176,106.43396364049946,23.99977697907328,106.43415602722706,23.99952764208684,153,0->1;1->2,3,2,0.4424147941171867,0.0,0.766284901431092,1.2271145937058452,0.059395764925614,23.669061667767146,357.0397631851546,263.74682069588715,-179.98291318282244,25.335233067425623,0.4387991083233378,936.0764111147316,183.58822137494087,15697,w,61013.87695957176,2025-12-04T21:02:49.307,1.706401,0.2580222,0.8701069,0.1273427,11.27,11.27,1.95,0.487,9.72,8658.153188049746,0.25972404434,3230.150479726857,0.25988329236,106.43396364049946,0.0001846553356301,23.99977697907328,0.0001685831256992,0,0,0,7.278729,90.87313,21.55604,17.603911244740036,0.2575477755427607,0.027,49.16009,14.26953,18.270967483520508,0.3151529431343078,65.01629,9.570829,17.967445373535156,0.1598275750875473,67.52776,9.453152,17.926294326782227,0.1519912481307983,76.45113,10.50663,17.791540145874023,0.1492120772600174,85.15298,12.00075,17.674501419067383,0.153014600276947,86.64886,13.69863,17.655593872070312,0.1716479510068893,92.30473,15.48184,17.58694076538086,0.182105466723442,93.93612,17.32494,17.56791877746582,0.2002458274364471,97.58363,19.20261,17.52655792236328,0.2136523276567459,80.12596,21.11731,17.74056625366211,0.2861472368240356,69.62405,23.05736,17.893102645874023,0.3595626950263977,68.97376,25.01332,17.903289794921875,0.3937419354915619,77.82243,26.97782,17.77223777770996,0.3763798773288727,83.0227,28.96746,17.702007293701172,0.3788243532180786,89.10256,30.96483,17.625274658203125,0.3773139417171478,87.42399,32.96086,17.645923614501953,0.4093475937843323,96.19226,34.97556,17.542150497436523,0.394774317741394,80.38277,36.9909,17.737092971801758,0.4996389150619507,59.00029,39.0099,18.072864532470703,0.7178686261177063,87.83528,41.02264,17.640827178955078,0.5070828795433044,0,1.519,2.494,4.175,8657.3675,3230.6891,106.434156,23.9995276,8.203e-12,63.1661,8.770135,17.998788833618164,0.1507462561130523,/processed1/20251204/L2/OBJ_MP_0965_0455_cat.fits.gz::15697,22,retained_after_posthoc_audit
20251204,000009l,317,2,20251204015401020014,20251204015400010003;20251204015401020014,OBJ_MP_0965_0481.fits.gz,OBJ_MP_0965_0481_cat.fits.gz,/processed1/20251204/L2/OBJ_MP_0965_0481_cat.fits.gz,13376,61013.90339510416,106.42668059050062,23.99919139517742,106.4266915072004,23.99909057527932,153,1->2,3,2,0.4424147941171867,0.0,0.766284901431092,1.2271145937058452,0.059395764925614,23.669061667767146,357.0397631851546,263.74682069588715,-179.98291318282244,25.335233067425623,0.4387991083233378,936.0764111147316,183.58822137494087,13376,w,61013.90339510416,2025-12-04T21:40:53.337,1.199866,0.2072865,0.8657102,0.1470421,76.73,75.55,1.389,0.28,8.12,8656.837816764764,0.2858471528,3218.647256591171,0.28556145979,106.42668059050062,0.0002029171221096,23.99919139517742,0.0001855522196478,0,0,0,5.677288,122.4047,23.39139,17.28050511100523,0.2074829427706953,0.545,91.68723,20.25138,17.594226837158203,0.2398115545511245,86.97759,12.63437,17.65148162841797,0.1577141284942627,71.66753,11.54751,17.8616943359375,0.1749404519796371,67.63081,12.1653,17.924638748168945,0.1953001320362091,78.20093,13.47742,17.766969680786133,0.1871196031570434,84.54311,15.11712,17.68230438232422,0.1941400617361068,84.19157,16.91637,17.68682861328125,0.2181538939476013,78.74914,18.82246,17.759384155273438,0.2595105171203613,87.41991,20.80474,17.645973205566406,0.2583903670310974,93.55437,22.83076,17.57234001159668,0.2649601697921753,94.7533,24.89874,17.558513641357422,0.2853036522865295,101.0806,26.999,17.488330841064453,0.2900042831897735,85.24073,29.10387,17.673381805419922,0.3707045316696167,74.45224,31.22699,17.82030487060547,0.4553828537464142,77.57253,33.36897,17.77573013305664,0.4670454263687134,66.30508,35.53575,17.94613265991211,0.581892728805542,55.4555,37.69123,18.140138626098633,0.7379381656646729,78.07458,39.85576,17.768726348876953,0.5542500615119934,88.20147,42.04396,17.636310577392578,0.5175497531890869,81.91695,44.2455,17.716564178466797,0.5864347219467163,1,1.423,2.589,4.864,8656.5227,3218.6746,106.4266915,23.9990906,2.708e-12,88.89561,11.55043,17.62779998779297,0.1410724818706512,/processed1/20251204/L2/OBJ_MP_0965_0481_cat.fits.gz::13376,23,retained_after_posthoc_audit
20251207,00000aG,298,0,20251207001500010019,20251207001500010019;20251207001501020048,OBJ_MP_1210_0048.fits.gz,OBJ_MP_1210_0048_cat.fits.gz,/processed1/20251207/L2/OBJ_MP_1210_0048_cat.fits.gz,8657,61016.43259336805,35.003678830966855,19.829214434393226,35.00368210192759,19.829214735356132,14,0->1,3,2,0.0285584413220693,0.0,0.0494646713547985,3.665417898460688,0.1185627708545725,23.06083460365217,289.6090856260487,292.27631808924224,-179.99683366396718,13.81010183375071,0.0227143154625013,522.0210291905761,230.4676683684961,8657,w,61016.43259336805,2025-12-07T10:22:56.067,2.365367,0.04266385,2.212426,0.03803569,-85.35,-75.74,1.069,0.065,8.01,5036.974904339845,0.02459853069,5671.784833666368,0.024491483624,35.003678830966855,1.6827661596607868e-05,19.829214434393226,1.5893129514665816e-05,0,0,0,3.979366,572.7643,8.914335,15.605060076485575,0.0168980777234643,0.964,475.3503,12.67978,15.807465553283691,0.0289615932852029,473.5786,6.356074,15.811519622802734,0.0145720681175589,450.3675,5.241714,15.866081237792969,0.0126366112381219,439.9458,5.218569,15.891502380371094,0.0128788342699408,437.3942,5.588408,15.897817611694336,0.0138720106333494,431.8079,6.120697,15.911773681640623,0.0153898587450385,427.0213,6.753593,15.92387580871582,0.0171715561300516,423.2946,7.438718,15.933393478393556,0.0190800558775663,420.6929,8.153277,15.940086364746094,0.0210422091186046,419.8749,8.890462,15.942200660705566,0.0229894593358039,422.1841,9.64803,15.936245918273926,0.024811964482069,419.2439,10.41235,15.943833351135254,0.0269653648138046,418.7424,11.19044,15.945133209228516,0.0290151219815015,422.8404,11.972,15.934558868408203,0.030740762129426,421.3043,12.75863,15.938509941101074,0.0328800603747367,417.7734,13.55118,15.94764804840088,0.035217672586441,411.852,14.3485,15.963146209716797,0.0378259383141994,408.8463,15.14802,15.971099853515623,0.0402272269129753,398.908,15.95311,15.997817993164062,0.0434207133948802,396.2196,16.76027,16.005159378051758,0.045927133411169,1,1.34,2.448,5.27,5036.9758,5671.7944,35.0036821,19.8292147,1.126e-12,428.092,4.441927,15.921157836914062,0.0112657099962234,/processed1/20251207/L2/OBJ_MP_1210_0048_cat.fits.gz::8657,24,retained_after_posthoc_audit
20251207,00000aG,298,1,20251207001500010019;20251207001501020048,20251207001500010019;20251207001501020048,OBJ_MP_1210_0076.fits.gz,OBJ_MP_1210_0076_cat.fits.gz,/processed1/20251207/L2/OBJ_MP_1210_0076_cat.fits.gz,9111,61016.46225980325,35.00076238193964,19.825908614221383,35.00076490100335,19.825905828967503,14,0->1;1->2,3,2,0.0285584413220693,0.0,0.0494646713547985,3.665417898460688,0.1185627708545725,23.06083460365217,289.6090856260487,292.27631808924224,-179.99683366396718,13.81010183375071,0.0227143154625013,522.0210291905761,230.4676683684961,9111,w,61016.46225980325,2025-12-07T11:05:39.247,2.215865,0.04547004,1.918126,0.03710794,77.36,83.94,1.156,0.135,7.22,5021.120751667171,0.027114321906,5651.504026046064,0.026851521658,35.00076238193964,1.8448229099021773e-05,19.825908614221383,1.7517655216181538e-05,0,0,0,3.870673,438.7555,8.170303,15.894443632677536,0.0202180818981531,0.483,375.822,9.646537,16.062543869018555,0.0278684999793767,354.3053,5.27318,16.126556396484375,0.0161591805517673,342.2093,4.643388,16.164270401000977,0.0147321941331028,337.1321,4.873652,16.180500030517578,0.0156956277787685,331.803,5.371318,16.197799682617188,0.0175761971622705,328.2118,5.988458,16.209613800048828,0.0198100320994853,326.1841,6.665659,16.21634292602539,0.0221873074769973,325.2803,7.37969,16.219356536865234,0.0246322825551033,319.0576,8.120547,16.240327835083008,0.0276337955147027,316.7289,8.88001,16.248281478881836,0.0304403807967901,323.2838,9.651905,16.22603988647461,0.0324155576527118,326.9859,10.43662,16.21367645263672,0.0346541330218315,326.1644,11.22067,16.21640968322754,0.0373513884842395,325.3401,12.01704,16.21915626525879,0.0401036888360977,327.6808,12.81551,16.21137237548828,0.0424628444015979,327.3577,13.61729,16.212444305419922,0.0451640002429485,333.1013,14.42401,16.193559646606445,0.0470147281885147,329.3972,15.23982,16.205699920654297,0.0502324290573596,335.4273,16.05449,16.186004638671875,0.0519663654267787,339.2992,16.87294,16.173542022705078,0.0539923533797264,0,1.231,2.253,4.79,5021.112,5651.5114,35.0007649,19.8259058,1.505e-12,337.5494,4.095636,16.179157257080078,0.0131737180054187,/processed1/20251207/L2/OBJ_MP_1210_0076_cat.fits.gz::9111,25,retained_after_posthoc_audit
20251207,00000aG,298,2,20251207001501020048,20251207001500010019;20251207001501020048,OBJ_MP_1210_0104.fits.gz,OBJ_MP_1210_0104_cat.fits.gz,/processed1/20251207/L2/OBJ_MP_1210_0104_cat.fits.gz,8837,61016.489408368056,34.9981046754669,19.822859997755355,34.99810408604363,19.822860595741435,14,1->2,3,2,0.0285584413220693,0.0,0.0494646713547985,3.665417898460688,0.1185627708545725,23.06083460365217,289.6090856260487,292.27631808924224,-179.99683366396718,13.81010183375071,0.0227143154625013,522.0210291905761,230.4676683684961,8837,w,61016.489408368056,2025-12-07T11:44:44.883,2.133674,0.04202935,2.013326,0.03918564,71.56,87.84,1.06,0.057,7.25,5007.085994160083,0.023840773867,5632.972698363933,0.023608071919,34.9981046754669,1.6217705017140815e-05,19.822859997755355,1.5403284919557336e-05,0,0,0,3.608473,494.48,8.816143,15.76462807260626,0.0193577192074279,0.914,400.4329,9.774278,15.993675231933594,0.0265020336955785,396.5701,5.344577,16.004199981689453,0.0146324709057807,388.7601,4.939639,16.025794982910156,0.013795512728393,388.0167,5.290154,16.027873992919922,0.0148027464747428,388.2105,5.894332,16.027332305908203,0.0164851024746894,384.5281,6.60659,16.03767967224121,0.0186540707945823,378.7299,7.380208,16.054176330566406,0.0211574472486972,375.0833,8.189527,16.064680099487305,0.0237058438360691,370.8153,9.018974,16.077106475830078,0.0264072902500629,365.3857,9.872657,16.093120574951172,0.0293363984674215,363.586,10.73247,16.098482131958008,0.0320491790771484,359.9043,11.60885,16.10953140258789,0.0350208431482315,358.8756,12.48755,16.112640380859375,0.0377796292304992,356.0804,13.37442,16.121129989624023,0.0407803729176521,350.4642,14.26572,16.138389587402344,0.0441951230168342,346.7998,15.16529,16.149803161621094,0.0474784150719642,345.7678,16.06783,16.153038024902344,0.0504541657865047,344.3473,16.97758,16.157508850097656,0.053530778735876,344.6066,17.88399,16.15669059753418,0.056346271187067,351.6863,18.80678,16.134611129760742,0.0580608434975147,1,1.197,2.153,4.736,5007.0879,5632.971,34.9981041,19.8228606,8.523e-13,379.109,4.223717,16.053089141845703,0.0120963705703616,/processed1/20251207/L2/OBJ_MP_1210_0104_cat.fits.gz::8837,26,retained_after_posthoc_audit
20251207,00000bh,896,0,20251207004600010020,20251207004600010020;20251207004601020044,OBJ_MP_0276_0136.fits.gz,OBJ_MP_0276_0136_cat.fits.gz,/processed1/20251207/L2/OBJ_MP_0276_0136_cat.fits.gz,9727,61016.52087881944,48.84832786490222,3.174538980842458,48.84830816774939,3.1742677910208976,45,0->1,3,2,0.675748503023798,0.0030735851265057,1.1704267047069552,1.4157145024535016,0.0817357652645305,19.643606341389265,2.602699885091426,65.80179495863365,0.0196905585339959,27.16952413246923,0.5846614120191747,610.4726702628133,162.797778902172,9727,w,61016.52087881944,2025-12-07T12:30:03.930,1.847136,0.1536241,1.719638,0.1396043,28.87,30.81,1.073,0.068,13.67,1651.9557745470938,0.26143048341,7442.173683979518,0.26141004179,48.84832786490222,0.0001690411203796,3.174538980842458,0.0001690158621117,0,0,0,5.913777,126.7065,14.2245,17.24300249340625,0.1218884065655,0.009,55.39367,7.722212,18.14134979248047,0.1513581722974777,56.80891,5.054456,18.11395835876465,0.0966011583805084,62.30914,4.970389,18.013620376586914,0.0866089835762977,69.70632,5.523939,17.89181900024414,0.0860401168465614,74.2091,6.334617,17.823856353759766,0.0926803201436996,79.3276,7.25106,17.751440048217773,0.0992433801293373,80.24262,8.22333,17.73898696899414,0.1112671494483947,90.49417,9.214619,17.608448028564453,0.1105556860566139,100.0423,10.22852,17.499540328979492,0.1110078766942024,105.4495,11.24885,17.4423885345459,0.1158211678266525,113.0976,12.2808,17.36636734008789,0.1178956627845764,117.0518,13.31967,17.329055786132812,0.1235491037368774,115.94,14.36542,17.33941650390625,0.1345269829034805,104.7351,15.41251,17.449769973754883,0.1597738265991211,103.2223,16.46969,17.465566635131836,0.1732352524995803,104.1658,17.52678,17.4556884765625,0.1826843470335006,109.5806,18.58798,17.400667190551758,0.1841717362403869,97.61908,19.65584,17.52616310119629,0.2186156511306762,94.25626,20.72172,17.564224243164062,0.2386931329965591,87.03095,21.79435,17.650815963745117,0.2718908190727234,0,2.047,4.209,8.522,1651.1104,7442.1065,48.8483082,3.1742678,3.631e-11,55.36706,3.876974,18.14187240600586,0.0760266184806823,/processed1/20251207/L2/OBJ_MP_0276_0136_cat.fits.gz::9727,27,retained_after_posthoc_audit
20251207,00000bh,896,1,20251207004600010020;20251207004601020044,20251207004600010020;20251207004601020044,OBJ_MP_0276_0165.fits.gz,OBJ_MP_0276_0165_cat.fits.gz,/processed1/20251207/L2/OBJ_MP_0276_0165_cat.fits.gz,9736,61016.5485206713,48.84417910724284,3.176017626942899,48.84396475059707,3.1757921007172545,45,0->1;1->2,3,2,0.675748503023798,0.0030735851265057,1.1704267047069552,1.4157145024535016,0.0817357652645305,19.643606341389265,2.602699885091426,65.80179495863365,0.0196905585339959,27.16952413246923,0.5846614120191747,610.4726702628133,162.797778902172,9736,w,61016.5485206713,2025-12-07T13:09:52.186,2.19739,0.1726161,1.712209,0.1362718,51.01,51.07,1.282,0.22,14.14,1650.339655713444,0.26800692141,7427.288097404698,0.26785787029,48.84417910724284,0.0001731897774135,3.176017626942899,0.0001732601006807,0,0,0,11.61698,130.4194,14.39475,17.21164466133462,0.1198357236933496,0.008,40.36613,7.943644,18.484956741333008,0.2136618196964264,46.76712,5.140379,18.325149536132812,0.1193380281329155,60.4967,4.941525,18.045671463012695,0.0886857137084007,72.75907,5.447879,17.84528350830078,0.0812951549887657,76.40099,6.226113,17.792251586914062,0.0884794369339943,84.68268,7.124678,17.680513381958008,0.0913471430540084,89.3969,8.077533,17.621692657470703,0.0981026142835617,92.54922,9.05398,17.584068298339844,0.1062162816524505,94.31818,10.0493,17.56351089477539,0.115681767463684,102.7852,11.05757,17.470172882080078,0.1168028935790062,108.8074,12.08142,17.408353805541992,0.1205546036362648,114.6446,13.11135,17.35161590576172,0.1241703629493713,115.4173,14.14335,17.344322204589844,0.1330471187829971,128.6687,15.18159,17.226318359375,0.1281058192253112,137.1391,16.22203,17.15709686279297,0.1284305453300476,146.2913,17.26035,17.08695411682129,0.1281018704175949,149.3749,18.3089,17.064306259155273,0.1330787539482116,150.2394,19.3657,17.058040618896484,0.1399502605199813,151.6832,20.41853,17.047657012939453,0.1461542397737503,151.6194,21.47754,17.048112869262695,0.1537992060184478,0,2.448,4.288,8.661,1649.6417,7426.6158,48.8439648,3.1757921,6.065e-11,49.35834,3.898277,18.266599655151367,0.0857504680752754,/processed1/20251207/L2/OBJ_MP_0276_0165_cat.fits.gz::9736,28,retained_after_posthoc_audit
20251207,00000bh,896,2,20251207004601020044,20251207004600010020;20251207004601020044,OBJ_MP_0276_0194.fits.gz,OBJ_MP_0276_0194_cat.fits.gz,/processed1/20251207/L2/OBJ_MP_0276_0194_cat.fits.gz,9890,61016.5778215625,48.839095975620936,3.1773965042317296,48.83906506727506,3.177351697109366,45,1->2,3,2,0.675748503023798,0.0030735851265057,1.1704267047069552,1.4157145024535016,0.0817357652645305,19.643606341389265,2.602699885091426,65.80179495863365,0.0196905585339959,27.16952413246923,0.5846614120191747,610.4726702628133,162.797778902172,9890,w,61016.5778215625,2025-12-07T13:52:03.783,1.797607,0.1382802,1.674851,0.1262628,21.96,12.59,1.072,0.067,13.01,1649.5032777330448,0.22047716712,7409.067066531721,0.22045779838,48.839095975620936,0.0001425246418378,3.1773965042317296,0.0001425180653176,0,0,0,5.819464,121.854,13.43249,17.28540087430686,0.119685406392314,0.009,61.14099,7.418281,18.034168243408203,0.1317331790924072,63.0809,4.819301,18.000255584716797,0.0829488784074783,69.14384,4.743669,17.900615692138672,0.0744878053665161,76.44259,5.339715,17.79166030883789,0.0758415162563324,79.79239,6.169071,17.74509620666504,0.0839426442980766,80.53185,7.10291,17.73508071899414,0.0957619398832321,94.37898,8.086857,17.56281089782715,0.0930312350392341,105.158,9.088804,17.44539451599121,0.0938401594758033,112.217,10.1056,17.374853134155273,0.0977749675512313,116.0561,11.13402,17.338329315185547,0.1041617318987846,112.6025,12.16467,17.371129989624023,0.1172942519187927,115.7553,13.20281,17.341148376464844,0.1238368153572082,115.2165,14.24508,17.346214294433594,0.1342377364635467,118.5301,15.29645,17.315427780151367,0.1401155740022659,114.1142,16.34781,17.356651306152344,0.1555406749248504,113.8314,17.40464,17.359344482421875,0.1660073697566986,116.4894,18.46158,17.33428382873535,0.172070637345314,112.378,19.51969,17.3732967376709,0.1885887831449508,109.0717,20.5904,17.405719757080078,0.2049636244773864,108.509,21.65746,17.411334991455078,0.2167035937309265,0,1.876,3.761,7.913,1649.3643,7408.9699,48.8390651,3.1773517,3.284e-11,57.41531,3.632211,18.10243034362793,0.0686859115958213,/processed1/20251207/L2/OBJ_MP_0276_0194_cat.fits.gz::9890,29,retained_after_posthoc_audit
20251208,00000cs,449,0,20251208002600010026,20251208002600010026;20251208002601020060,OBJ_MP_1210_0055.fits.gz,OBJ_MP_1210_0055_cat.fits.gz,/processed1/20251208/L2/OBJ_MP_1210_0055_cat.fits.gz,9381,61017.452854953706,34.915708467273525,19.715009680173296,34.91571041858913,19.71500869143813,25,0->1,3,2,0.0163604061689552,0.0030735851265057,0.0281698729942059,3.3040368381776677,0.0012217897043561,21.55593699135638,318.4510265900238,87.6467469754704,0.0047830333059611,16.405946493323977,0.014996751283622,497.6980885870791,232.22603889423468,9381,w,61017.452854953706,2025-12-08T10:52:06.668,2.130904,0.04172207,1.984635,0.03737459,37.84,34.27,1.074,0.069,7.2,4690.0898118313935,0.023589217673,5389.272947337044,0.023502841553,34.915708467273525,1.6144760131453495e-05,19.715009680173296,1.5250469626693077e-05,0,0,0,3.394997,415.5119,7.257418,15.95354140945116,0.0189636972008402,0.805,368.6213,8.652433,16.08354949951172,0.0254848524928092,341.1379,4.80586,16.167675018310547,0.0152955623343586,331.0938,4.282753,16.200122833251953,0.0140441777184605,326.5587,4.493631,16.215097427368164,0.0149403400719165,324.1898,4.94077,16.22300148010254,0.0165470112115144,321.7167,5.502293,16.23131561279297,0.0185692552477121,320.5191,6.111562,16.235366821289062,0.0207024943083524,315.9399,6.759482,16.250988006591797,0.0232291463762521,312.9898,7.427343,16.26117515563965,0.0257648471742868,311.6703,8.111945,16.265762329101562,0.0282588098198175,312.7437,8.813452,16.262027740478516,0.0305972080677747,311.6271,9.521161,16.265911102294922,0.0331725664436817,303.6152,10.23362,16.294191360473633,0.0365957058966159,295.5682,10.95537,16.323354721069336,0.0402433015406131,296.4565,11.67793,16.320096969604492,0.0427690148353576,289.4904,12.40512,16.345914840698242,0.0465255081653595,284.2999,13.13476,16.365558624267578,0.0501614138484001,279.1399,13.87426,16.38544464111328,0.053965013474226,272.6272,14.61199,16.41107749938965,0.0581921562552452,268.4835,15.35363,16.427705764770508,0.0620894320309162,1,1.118,2.125,4.647,4690.0867,5389.2786,34.9157104,19.7150087,1.792e-12,322.5685,3.757246,16.228445053100586,0.0126465493813157,/processed1/20251208/L2/OBJ_MP_1210_0055_cat.fits.gz::9381,30,retained_after_posthoc_audit
20251208,00000cs,449,1,20251208002600010026;20251208002601020060,20251208002600010026;20251208002601020060,OBJ_MP_1210_0083.fits.gz,OBJ_MP_1210_0083_cat.fits.gz,/processed1/20251208/L2/OBJ_MP_1210_0083_cat.fits.gz,9181,61017.48187351852,34.91309581737564,19.71184720022901,34.91309683444,19.71184278652206,25,0->1;1->2,3,2,0.0163604061689552,0.0030735851265057,0.0281698729942059,3.3040368381776677,0.0012217897043561,21.55593699135638,318.4510265900238,87.6467469754704,0.0047830333059611,16.405946493323977,0.014996751283622,497.6980885870791,232.22603889423468,9181,w,61017.48187351852,2025-12-08T11:33:53.872,2.242785,0.03644076,2.211068,0.03440759,12.45,-6.79,1.014,0.014,7.79,4674.524269274315,0.021808714451,5371.393434598873,0.021481359306,34.91309581737564,1.47550562630272e-05,19.71184720022901,1.409806746366371e-05,0,0,0,3.944136,541.8342,7.719724,15.665334036150808,0.0154689096658991,0.197,474.5125,10.80864,15.809381484985352,0.0247313380241394,442.6168,5.493102,15.884929656982422,0.0134745445102453,427.58,4.661294,15.922456741333008,0.0118362298235297,421.8633,4.69705,15.937070846557615,0.0120886489748954,420.132,5.04024,15.941534996032717,0.0130253601819276,420.6814,5.51255,15.94011688232422,0.0142273353412747,415.8612,6.053579,15.952629089355469,0.0158047657459974,409.7008,6.64544,15.968832969665527,0.0176108870655298,407.2232,7.254585,15.975419044494627,0.0193421337753534,405.9054,7.887976,15.978938102722168,0.0210991576313972,407.1984,8.536871,15.97548484802246,0.0227623451501131,409.2598,9.197988,15.97000217437744,0.0244015865027904,412.4119,9.865404,15.961671829223633,0.0259721577167511,413.3342,10.53966,15.959245681762695,0.0276853293180465,411.5215,11.22453,15.964017868041992,0.029614184051752,411.1877,11.91223,15.964899063110352,0.0314540900290012,406.1487,12.59683,15.97828769683838,0.033674456179142,407.5026,13.29653,15.974674224853516,0.035426840186119,405.2084,13.99234,15.980804443359377,0.0374917984008789,403.7017,14.69265,15.984848976135254,0.0395151674747467,0,1.219,2.315,5.261,4674.5105,5371.3963,34.9130968,19.7118428,1.476e-12,416.1226,4.111315,15.951947212219238,0.0107271345332264,/processed1/20251208/L2/OBJ_MP_1210_0083_cat.fits.gz::9181,31,retained_after_posthoc_audit
20251208,00000cs,449,2,20251208002601020060,20251208002600010026;20251208002601020060,OBJ_MP_1210_0111.fits.gz,OBJ_MP_1210_0111_cat.fits.gz,/processed1/20251208/L2/OBJ_MP_1210_0111_cat.fits.gz,8505,61017.51100258102,34.9104777510583,19.70865549228764,34.91048026995156,19.708653856017456,25,1->2,3,2,0.0163604061689552,0.0030735851265057,0.0281698729942059,3.3040368381776677,0.0012217897043561,21.55593699135638,318.4510265900238,87.6467469754704,0.0047830333059611,16.405946493323977,0.014996751283622,497.6980885870791,232.22603889423468,8505,w,61017.51100258102,2025-12-08T12:15:50.623,2.491091,0.04997024,2.287823,0.04312142,-73.76,-71.21,1.089,0.081,8.36,4659.225132261522,0.030798636003,5356.921967128362,0.030775227499,34.9104777510583,2.1134517083964965e-05,19.70865549228764,1.9910489491792305e-05,0,0,0,4.491523,461.5404,7.997403,15.839475616650905,0.0188132368137403,0.393,361.201,11.37303,16.105628967285156,0.0341862626373767,358.0959,5.732526,16.115001678466797,0.0173808522522449,352.7043,4.70518,16.131473541259766,0.0144840441644191,345.6091,4.650956,16.15353775024414,0.0146110486239194,347.1712,4.95285,16.14864158630371,0.0154894422739744,348.5244,5.40739,16.14441680908203,0.0168453063815832,348.8313,5.944033,16.143461227416992,0.0185007825493812,352.4079,6.528893,16.13238525390625,0.0201149191707372,351.4876,7.138761,16.135225296020508,0.0220514498651027,353.0954,7.771816,16.13027000427246,0.0238976273685693,350.2053,8.417455,16.13919448852539,0.0260965097695589,349.4373,9.072375,16.141576766967773,0.028188768774271,341.9223,9.739546,16.16518211364746,0.0309268403798341,337.4449,10.41408,16.179492950439453,0.0335075296461582,335.8049,11.0875,16.184782028198242,0.0358484983444213,333.9844,11.77259,16.190683364868164,0.0382710248231887,332.7717,12.4603,16.19463348388672,0.0406543053686618,334.7178,13.1548,16.188302993774414,0.0426707081496715,340.2,13.84983,16.170663833618164,0.044201236218214,340.2608,14.54513,16.170469284057617,0.0464119724929332,0,1.444,2.671,5.996,4659.22,5356.9293,34.9104803,19.7086539,2.11e-12,342.2403,4.049119,16.16417121887207,0.0128455786034464,/processed1/20251208/L2/OBJ_MP_1210_0111_cat.fits.gz::8505,32,retained_after_posthoc_audit
20251208,00000cR,1115,0,20251208013000010008,20251208013000010008;20251208013001020046,OBJ_MP_1103_0311.fits.gz,OBJ_MP_1103_0311_cat.fits.gz,/processed1/20251208/L2/OBJ_MP_1103_0311_cat.fits.gz,8268,61017.759598414355,113.95591743336692,23.090286246327047,113.95591786884331,23.090290446086925,129,0->1,3,2,0.0845654931169765,0.0,0.1464717306457196,1.38605058504359,0.06208329602776,23.840010849782153,359.7314758951508,86.1759719069974,0.0179691041938349,26.921591304900588,0.1109475876084787,301.5272054278414,168.5434341136023,8268,w,61017.759598414355,2025-12-08T18:13:49.303,1.465726,0.1193303,1.283533,0.1025131,89.39,-88.97,1.143,0.125,4.8,604.3319778786764,0.11133474626,2465.481366635175,0.11137597426,113.95591743336692,7.880878989396933e-05,23.090286246327047,7.230171931738028e-05,0,0,0,4.172342,227.8491,16.6618,16.605881745384025,0.0793960586058345,0.77,160.4769,12.19481,16.986469268798828,0.0825062543153762,148.8079,8.4733,17.068435668945312,0.0618231110274791,144.4997,8.707375,17.100332260131836,0.065425120294094,136.0886,9.96184,17.165447235107422,0.0794771313667297,124.6815,11.54368,17.260494232177734,0.100523255765438,121.8093,13.28761,17.285799026489258,0.1184379011392593,125.298,15.11362,17.255138397216797,0.1309630125761032,126.0888,16.98744,17.248308181762695,0.1462768912315368,123.0685,18.88708,17.27463150024414,0.1666258424520492,122.4168,20.80667,17.280397415161133,0.1845380514860153,128.074,22.74792,17.231348037719727,0.1928435117006302,122.4482,24.70162,17.280118942260742,0.2190269380807876,121.2983,26.6603,17.290363311767578,0.2386353313922882,112.0052,28.64055,17.376903533935547,0.2776308357715606,108.1895,30.61164,17.41453742980957,0.3072032034397125,109.384,32.60815,17.40261459350586,0.3236656785011291,101.202,34.60076,17.487028121948242,0.3712110519409179,108.312,36.59863,17.41330909729004,0.3668701946735382,99.29529,38.60458,17.507678985595703,0.4221185743808746,95.46103,40.61871,17.550434112548828,0.4619812667369842,1,1.044,2.001,6.236,604.3451,2465.4828,113.9559179,23.0902904,2.193e-12,138.1823,6.864375,17.148868560791016,0.0539352931082248,/processed1/20251208/L2/OBJ_MP_1103_0311_cat.fits.gz::8268,33,retained_after_posthoc_audit
20251208,00000cR,1115,1,20251208013000010008;20251208013001020046,20251208013000010008;20251208013001020046,OBJ_MP_1103_0338.fits.gz,OBJ_MP_1103_0338_cat.fits.gz,/processed1/20251208/L2/OBJ_MP_1103_0338_cat.fits.gz,8094,61017.78582819444,113.95355964433988,23.090786064143124,113.95356193203502,23.090783651808376,129,0->1;1->2,3,2,0.0845654931169765,0.0,0.1464717306457196,1.38605058504359,0.06208329602776,23.840010849782153,359.7314758951508,86.1759719069974,0.0179691041938349,26.921591304900588,0.1109475876084787,301.5272054278414,168.5434341136023,8094,w,61017.78582819444,2025-12-08T18:51:35.556,1.630669,0.1313021,1.308571,0.1028759,55.85,56.31,1.25,0.2,5.11,600.4174276402962,0.11091195379,2454.4699969277103,0.11084585723,113.95355964433988,7.843374027061145e-05,23.090786064143124,7.202229828706663e-05,0,0,0,3.385339,224.6789,16.36941,16.621094089302954,0.0791033808355952,0.963,180.0003,12.56127,16.86181640625,0.0757677853107452,150.4545,8.607585,17.056486129760742,0.0621155500411987,141.6959,8.793218,17.121606826782227,0.0673774927854538,141.7011,9.939059,17.121566772460938,0.0761546492576599,138.2111,11.47405,17.148643493652344,0.0901359841227531,149.4875,13.1521,17.063488006591797,0.0955244451761245,138.9908,14.93406,17.142536163330078,0.1166584715247154,136.1664,16.76642,17.164825439453125,0.1336886584758758,121.8974,18.65287,17.28501319885254,0.1661405116319656,130.0849,20.54294,17.214433670043945,0.1714588701725006,140.5945,22.44953,17.13007926940918,0.1733657270669937,131.6911,24.38929,17.201108932495117,0.2010791301727295,144.0285,26.3368,17.103878021240234,0.19853575527668,153.018,28.30064,17.038143157958984,0.2008067071437835,163.6054,30.28424,16.965505599975586,0.2009756714105606,152.1791,32.26737,17.044113159179688,0.2302145808935165,168.8012,34.22627,16.931560516357422,0.2201447188854217,167.4546,36.25835,16.940258026123047,0.2350906580686569,151.3272,38.24574,17.050207138061523,0.2744040191173553,130.1219,40.2127,17.21412467956543,0.3355344533920288,1,1.034,2.042,4.472,600.4098,2454.4764,113.9535619,23.0907837,1.802e-12,135.9742,6.636549,17.166358947753906,0.052991971373558,/processed1/20251208/L2/OBJ_MP_1103_0338_cat.fits.gz::8094,34,retained_after_posthoc_audit
20251208,00000cR,1115,2,20251208013001020046,20251208013000010008;20251208013001020046,OBJ_MP_1103_0365.fits.gz,OBJ_MP_1103_0365_cat.fits.gz,/processed1/20251208/L2/OBJ_MP_1103_0365_cat.fits.gz,7603,61017.81204148149,113.95123751976077,23.091158694088328,113.95120995426944,23.091158691818777,129,1->2,3,2,0.0845654931169765,0.0,0.1464717306457196,1.38605058504359,0.06208329602776,23.840010849782153,359.7314758951508,86.1759719069974,0.0179691041938349,26.921591304900588,0.1109475876084787,301.5272054278414,168.5434341136023,7603,w,61017.81204148149,2025-12-08T19:29:20.384,1.437776,0.1162919,1.396998,0.1155921,-85.34,-79.45,1.03,0.029,4.96,595.0197312949742,0.14945782619,2445.629582858964,0.14924725935,113.95123751976077,0.000105606703471,23.091158694088328,9.704338216920404e-05,0,0,0,4.8756,290.1961,18.41153,16.343270913655616,0.0688846648000398,0.928,148.1742,14.36083,17.073068618774414,0.1052279397845268,159.1917,9.527628,16.99519920349121,0.0649813264608383,162.7533,9.272552,16.971176147460938,0.06185769662261,165.9434,10.15964,16.95009994506836,0.0664726346731185,171.2532,11.49172,16.915903091430664,0.0728569105267524,173.7159,13.04386,16.900402069091797,0.0815250054001808,180.4411,14.70581,16.859161376953125,0.0884866490960121,193.0929,16.44601,16.785585403442383,0.0924737602472305,203.9843,18.22025,16.72600746154785,0.0969799235463142,202.2623,20.0304,16.735212326049805,0.1075224131345748,209.4803,21.86314,16.697141647338867,0.1133166626095771,219.2692,23.70994,16.64755630493164,0.1174024268984794,227.7453,25.57216,16.60637664794922,0.1219108030200004,241.864,27.44292,16.541072845458984,0.1231922581791877,257.3245,29.33995,16.473796844482422,0.1237948387861251,263.6835,31.23962,16.44729232788086,0.1286314278841018,260.1616,33.14171,16.461891174316406,0.138310819864273,264.4554,35.05726,16.44411849975586,0.1439294964075088,279.579,36.97847,16.383739471435547,0.1436047106981277,295.4873,38.90496,16.323652267456055,0.1429520845413208,1,1.366,2.469,5.988,595.0208,2445.5505,113.95121,23.0911587,1.555e-12,148.2064,7.362029,17.072832107543945,0.0539330281317234,/processed1/20251208/L2/OBJ_MP_1103_0365_cat.fits.gz::7603,35,retained_after_posthoc_audit
20251208,00000cT,1141,0,20251208013300010024,20251208013300010024;20251208013301020098,OBJ_MP_0967_0314.fits.gz,OBJ_MP_0967_0314_cat.fits.gz,/processed1/20251208/L2/OBJ_MP_0967_0314_cat.fits.gz,31906,61017.7626025,113.95568798613895,23.09028017257568,113.95566818426256,23.090286522763623,132,0->1,3,2,0.1094040888009007,0.0,0.1894934403589372,5.884239135801841,0.3032234238716475,24.42393093813755,2.1717557030349375,101.96573037202492,0.0035543094746695,16.792317020496743,0.0874896610587965,311.0701444369908,167.34953358586463,31906,w,61017.7626025,2025-12-08T18:18:08.856,1.683474,0.1372953,1.368179,0.1130591,-23.78,-22.79,1.228,0.186,8.85,8060.911105981904,0.16375111991,8417.71981592947,0.16393944579,113.95568798613895,0.0001143458464127,23.09028017257568,0.0001049578973493,0,0,0,7.162667,156.9128,18.27572,17.01085422971417,0.1264563148441367,0.205,103.5124,12.90751,17.4625186920166,0.1353861540555954,117.1333,8.466183,17.328298568725586,0.078475072979927,122.2159,8.383615,17.282180786132812,0.0744779631495475,126.1384,9.354525,17.247882843017578,0.0805190578103065,120.9921,10.74406,17.293107986450195,0.0964129865169525,125.1977,12.31236,17.256010055541992,0.1067749559879303,130.1903,13.97013,17.213552474975586,0.1165053695440292,131.7528,15.68097,17.20060157775879,0.1292222887277603,135.8032,17.42412,17.167724609375,0.1393045485019683,141.0127,19.19369,17.126853942871094,0.147783026099205,135.885,20.97449,17.167070388793945,0.1675885170698166,134.7103,22.77806,17.176498413085938,0.1835863292217254,126.5934,24.58422,17.243972778320312,0.2108480483293533,105.7501,26.40319,17.43929672241211,0.2710814177989959,106.311,28.23342,17.433555603027344,0.288343220949173,111.4235,30.05941,17.382558822631836,0.2929058969020843,108.5852,31.90731,17.410573959350586,0.3190391063690185,110.4507,33.73335,17.392078399658203,0.3316006660461426,102.4258,35.57527,17.473976135253906,0.3771056532859802,108.9053,37.41234,17.407377243041992,0.3729839026927948,0,1.432,2.606,5.979,8060.9309,8417.663,113.9556682,23.0902865,2.823e-12,127.3949,7.904865,17.237119674682617,0.0673700124025344,/processed1/20251208/L2/OBJ_MP_0967_0314_cat.fits.gz::31906,36,retained_after_posthoc_audit
20251208,00000cT,1141,1,20251208013300010024;20251208013301020098,20251208013300010024;20251208013301020098,OBJ_MP_0967_0341.fits.gz,OBJ_MP_0967_0341_cat.fits.gz,/processed1/20251208/L2/OBJ_MP_0967_0341_cat.fits.gz,31969,61017.78884447917,113.9532276620022,23.090767670420227,113.9532478712446,23.090776529958408,132,0->1;1->2,3,2,0.1094040888009007,0.0,0.1894934403589372,5.884239135801841,0.3032234238716475,24.42393093813755,2.1717557030349375,101.96573037202492,0.0035543094746695,16.792317020496743,0.0874896610587965,311.0701444369908,167.34953358586463,31969,w,61017.78884447917,2025-12-08T18:55:56.163,1.673692,0.121477,1.647387,0.1173487,-60.96,-70.77,1.014,0.014,5.81,8057.635236777652,0.13592572957,8407.80979344421,0.13605876983,113.9532276620022,9.489395192474603e-05,23.090767670420227,8.712516053321906e-05,0,0,0,5.767094,222.0829,15.83169,16.633712188127397,0.0773991952137745,0.051,124.4592,12.12056,17.262432098388672,0.1057352945208549,130.7531,8.239792,17.20886993408203,0.068420872092247,148.5762,8.236071,17.070125579833984,0.0601859502494335,154.9293,9.23724,17.02466583251953,0.0647340789437294,152.289,10.64383,17.04332733154297,0.075884610414505,144.4425,12.20725,17.10076332092285,0.0917586758732795,142.7807,13.8669,17.113327026367188,0.1054470092058181,145.5218,15.56993,17.092679977416992,0.1161670833826065,142.7594,17.29609,17.113487243652344,0.1315428614616394,146.3607,19.05043,17.08643913269043,0.1413203030824661,138.8325,20.82713,17.14377212524414,0.162878006696701,138.043,22.61394,17.14996337890625,0.1778631657361984,142.8382,24.41468,17.11288833618164,0.1855799853801727,145.4357,26.22434,17.09332275390625,0.1957752704620361,152.4323,28.03397,17.042308807373047,0.1996787935495376,156.8284,29.86861,17.011438369750977,0.2067829817533493,180.0271,31.70363,16.861656188964844,0.1912033706903457,188.3018,33.51704,16.812862396240234,0.1932571232318878,199.4661,35.36384,16.750328063964844,0.1924928724765777,204.9092,37.21503,16.72109603881836,0.1971883326768875,0,1.391,2.486,4.544,8057.6629,8407.8679,113.9532479,23.0907765,1.706e-12,146.9308,7.336652,17.082218170166016,0.0542137622833251,/processed1/20251208/L2/OBJ_MP_0967_0341_cat.fits.gz::31969,37,retained_after_posthoc_audit
20251208,00000cT,1141,2,20251208013301020098,20251208013300010024;20251208013301020098,OBJ_MP_0967_0368.fits.gz,OBJ_MP_0967_0368_cat.fits.gz,/processed1/20251208/L2/OBJ_MP_0967_0368_cat.fits.gz,35026,61017.815052743055,113.95088075597695,23.091272727635747,113.95090225806692,23.09125442607816,132,1->2,3,2,0.1094040888009007,0.0,0.1894934403589372,5.884239135801841,0.3032234238716475,24.42393093813755,2.1717557030349375,101.96573037202492,0.0035543094746695,16.792317020496743,0.0874896610587965,311.0701444369908,167.34953358586463,35026,w,61017.815052743055,2025-12-08T19:33:40.557,1.622289,0.1224452,1.284387,0.09251692,-76.9,-76.68,1.262,0.207,5.95,8053.05430666581,0.098980049082,8399.33620340523,0.098883095398,113.95088075597695,6.896417183099857e-05,23.091272727635747,6.344668415536603e-05,0,0,0,3.887192,173.7065,14.94575,16.90045961736711,0.093417022553688,0.656,138.3288,11.11857,17.14771842956543,0.0872691795229911,138.3349,7.731026,17.14767074584961,0.0606778003275394,132.2179,7.962585,17.196773529052734,0.0653865188360214,124.0447,9.053594,17.266054153442383,0.0792441219091415,122.544,10.47422,17.27927017211914,0.0928012803196907,118.4298,12.02059,17.316347122192383,0.1102018728852272,112.7481,13.6422,17.369726181030273,0.1313710063695907,111.0494,15.31105,17.38620948791504,0.1496970355510711,116.7897,17.00652,17.33148765563965,0.1581012159585952,117.7355,18.72167,17.322731018066406,0.1726479977369308,119.5458,20.45869,17.306163787841797,0.1858094185590744,107.8035,22.19986,17.418418884277344,0.2235845029354095,100.1797,23.95694,17.498050689697266,0.2596425712108612,99.09826,25.72759,17.50983428955078,0.2818755805492401,101.6838,27.50044,17.481870651245117,0.2936380803585052,113.9338,29.28907,17.358367919921875,0.2791112065315246,117.7752,31.10107,17.322364807128906,0.2867119014263153,114.5519,32.87934,17.352493286132812,0.311634212732315,120.5551,34.66814,17.29703712463379,0.3122262954711914,118.6346,36.45393,17.314472198486328,0.3336240351200104,1,1.084,1.923,3.77,8052.9972,8399.3979,113.9509023,23.0912544,2.165e-12,136.1828,6.512747,17.16469383239746,0.0519237630069255,/processed1/20251208/L2/OBJ_MP_0967_0368_cat.fits.gz::35026,38,retained_after_posthoc_audit
20251209,00000e2,1083,0,20251209014300010004,20251209014300010004;20251209014301020012,OBJ_MP_0969_0457.fits.gz,OBJ_MP_0969_0457_cat.fits.gz,/processed1/20251209/L2/OBJ_MP_0969_0457_cat.fits.gz,3285,61018.846585810184,117.19939509969666,21.001957651139012,117.19946641292438,21.0018441848938,142,0->1,3,2,0.3318143578503113,0.0,0.5747193264775802,1.3373163364400535,0.0279038976873606,23.429182014787433,0.8532958350575427,86.96105806502538,0.0182366757440274,26.484860782554488,0.2820621332583253,279.05819969104846,167.87802706157777,3285,w,61018.846585810184,2025-12-09T20:19:05.014,1.044668,0.1518769,0.9963046,0.1461386,-56.88,-45.2,1.048,0.046,4.23,4435.864047492038,0.17316016014,1363.6531467648665,0.17272464703,117.19939509969666,0.0001205043637213,21.001957651139012,0.0001128744561071,0,0,0,4.357248,117.1271,15.08544,17.328356492494976,0.1398379101591811,0.836,76.35072,10.63469,17.792966842651367,0.1512293964624405,69.87817,7.357161,17.889144897460938,0.1143123134970665,65.6203,7.53485,17.95740509033203,0.124669648706913,64.12466,8.604462,17.982437133789062,0.1456877142190933,59.84105,9.969101,18.0575008392334,0.1808760613203048,51.13943,11.45112,18.22810935974121,0.2431175261735916,53.43701,12.99349,18.18039321899414,0.2640023827552795,46.36513,14.57695,18.33452033996582,0.3413498103618622,34.09973,16.19088,18.668121337890625,0.515518069267273,33.36808,17.81769,18.69167137145996,0.5797550082206726,28.41139,19.45607,18.866268157958984,0.743510365486145,45.39695,21.11551,18.357433319091797,0.5050091743469238,69.06882,22.79461,17.90179443359375,0.3583227694034576,77.81505,24.46726,17.772340774536133,0.3413863182067871,83.30086,26.1567,17.698375701904297,0.3409242331981659,92.5834,27.84936,17.583667755126953,0.3265925943851471,96.15192,29.5459,17.542606353759766,0.3336288332939148,87.50088,31.23724,17.644969940185547,0.3876007497310638,81.11105,32.95691,17.7273006439209,0.4411545991897583,72.49715,34.68698,17.849197387695312,0.5194812417030334,1,0.978,1.788,3.207,4435.5072,1363.8552,117.1994664,21.0018442,1.472e-11,73.14976,6.880025,17.839468002319336,0.1021178066730499,/processed1/20251209/L2/OBJ_MP_0969_0457_cat.fits.gz::3285,39,retained_after_posthoc_audit
20251209,00000e2,1083,1,20251209014300010004;20251209014301020012,20251209014300010004;20251209014301020012,OBJ_MP_0969_0484.fits.gz,OBJ_MP_0969_0484_cat.fits.gz,/processed1/20251209/L2/OBJ_MP_0969_0484_cat.fits.gz,3143,61018.87456671296,117.19716804920762,21.002572058584548,117.1971710384903,21.002516210994035,142,0->1;1->2,3,2,0.3318143578503113,0.0,0.5747193264775802,1.3373163364400535,0.0279038976873606,23.429182014787433,0.8532958350575427,86.96105806502538,0.0182366757440274,26.484860782554488,0.2820621332583253,279.05819969104846,167.87802706157777,3143,w,61018.87456671296,2025-12-09T20:59:22.564,1.350425,0.2159586,0.9106355,0.1459277,23.79,24.09,1.479,0.324,7.16,4434.304633005997,0.3073010571,1361.8999590656515,0.30776491684,117.19716804920762,0.000214704988366,21.002572058584548,0.0002003365327283,0,0,0,6.611794,113.7226,15.95966,17.360382701502687,0.1523705193587458,0.566,63.8558,12.08007,17.98699951171875,0.2053966969251632,62.61763,8.032309,18.008258819580078,0.1392733603715896,72.8259,7.945601,17.844284057617188,0.1184582114219665,76.00987,8.882231,17.79782485961914,0.1268750876188278,81.92942,10.18638,17.716400146484375,0.1349907964468002,81.04568,11.64774,17.728174209594727,0.1560400277376175,83.90997,13.1847,17.690465927124023,0.1706007719039917,83.01472,14.75874,17.702112197875977,0.1930271685123443,80.63053,16.37134,17.73375129699707,0.2204494178295135,79.67269,18.00358,17.746726989746094,0.2453430444002151,80.67831,19.6376,17.733108520507812,0.2642749547958374,77.98128,21.31283,17.7700252532959,0.2967393100261688,96.37758,22.98432,17.54006004333496,0.2589285373687744,115.5412,24.66555,17.343156814575195,0.2317812740802765,127.3956,26.37251,17.23711395263672,0.2247612029314041,138.0343,28.05763,17.15003204345703,0.2206928580999374,122.6024,29.77754,17.278751373291016,0.2637023627758026,113.4049,31.49238,17.363420486450195,0.3015073835849762,105.8278,33.23837,17.438499450683594,0.3410077393054962,99.34749,35.02377,17.50710678100586,0.3827633559703827,1,1.596,2.886,7.864,4434.1305,1361.9059,117.197171,21.0025162,1.642e-11,73.00881,7.803566,17.841562271118164,0.1160492002964019,/processed1/20251209/L2/OBJ_MP_0969_0484_cat.fits.gz::3143,40,retained_after_posthoc_audit
20251209,00000e2,1083,2,20251209014301020012,20251209014300010004;20251209014301020012,OBJ_MP_0969_0511.fits.gz,OBJ_MP_0969_0511_cat.fits.gz,/processed1/20251209/L2/OBJ_MP_0969_0511_cat.fits.gz,3054,61018.90068744213,117.19500204254484,21.002834626335385,117.19495404484977,21.002818760260723,142,1->2,3,2,0.3318143578503113,0.0,0.5747193264775802,1.3373163364400535,0.0279038976873606,23.429182014787433,0.8532958350575427,86.96105806502538,0.0182366757440274,26.484860782554488,0.2820621332583253,279.05819969104846,167.87802706157777,3054,w,61018.90068744213,2025-12-09T21:36:59.395,0.9496992,0.1949454,0.8177862,0.1593128,88.53,-89.14,1.161,0.138,6.42,4433.43441807568,0.32823814383,1360.0667185587488,0.3284348304,117.19500204254484,0.0002291257883939,21.002834626335385,0.0002139902539433,0,0,0,5.227767,103.4182,16.49787,17.463507432815263,0.1732029211869222,0.521,70.36545,13.03329,17.881601333618164,0.2011031806468963,58.31013,8.47642,18.08563995361328,0.1578311771154403,65.66245,8.259527,17.956707000732422,0.1365722417831421,68.57506,9.220541,17.909584045410156,0.1459871232509613,73.18764,10.61203,17.838905334472656,0.1574290543794632,70.51429,12.16693,17.87930679321289,0.1873390525579452,62.5374,13.81647,18.00965118408203,0.2398730814456939,48.57795,15.50024,18.28390312194824,0.3464365005493164,46.21798,17.20386,18.33797264099121,0.4041469395160675,54.11621,18.92981,18.16668128967285,0.3797897696495056,50.15358,20.68622,18.249244689941406,0.4478200674057007,42.54042,22.44552,18.427995681762695,0.572864830493927,44.57671,24.22623,18.37722969055176,0.5900680422782898,55.8309,26.02006,18.1328125,0.5060088038444519,65.12635,27.80418,17.965606689453125,0.4635297358036041,59.51556,29.61778,18.06342315673828,0.5403141975402832,71.55857,31.42684,17.863346099853516,0.4768297374248504,89.71404,33.25716,17.617849349975586,0.4024843871593475,92.99889,35.07852,17.578805923461914,0.4095319807529449,92.2996,36.93205,17.586999893188477,0.4344381392002105,1,1.398,2.752,5.253,4433.3872,1359.9262,117.194954,21.0028188,1.709e-11,66.65773,8.324432,17.940372467041016,0.1355902403593063,/processed1/20251209/L2/OBJ_MP_0969_0511_cat.fits.gz::3054,41,retained_after_posthoc_audit
20251214,00000gA,260,0,20251214001500010031,20251214001500010031;20251214001501020062,OBJ_MP_1351_0029.fits.gz,OBJ_MP_1351_0029_cat.fits.gz,/processed1/20251214/L2/OBJ_MP_1351_0029_cat.fits.gz,28829,61023.453093854165,53.62564755024441,27.18278573240932,53.62572319691745,27.182827093413714,14,0->1,3,2,0.1247234435562645,0.0,0.2160273411343992,1.9173619243435316,0.1133651017644098,28.428627949454462,7.489145100730212,65.17253520284697,0.0142170709832704,24.10390768306589,0.1156659688405822,722.499050795012,177.6921856631161,28829,w,61023.453093854165,2025-12-14T10:52:27.309,1.228906,0.1986976,0.8542297,0.140221,74.32,74.9,1.438,0.305,7.13,6102.435919758115,0.30944225887,8458.645753075474,0.30763675857,53.62564755024441,0.0002218114618841,27.18278573240932,0.0001988765355847,0,0,0,6.096948,44.79306,6.76985,18.37197316928539,0.1640939743224101,0.569,22.69532,4.481723,19.11015892028809,0.2144040614366531,25.14575,3.191812,18.998838424682617,0.1378151625394821,28.14368,3.375129,18.876548767089844,0.1302068531513214,30.41911,3.912863,18.792133331298828,0.1396601498126983,32.70875,4.57206,18.713340759277344,0.15176522731781,35.43974,5.273069,18.62627410888672,0.1615463644266128,37.70428,5.997075,18.559022903442383,0.1726923435926437,37.80169,6.732822,18.55622100830078,0.1933794319629669,41.56577,7.481646,18.453161239624023,0.1954274773597717,45.50488,8.232683,18.35485458374023,0.1964299976825714,49.10653,8.990439,18.272151947021484,0.1987769603729248,51.33671,9.756634,18.22393035888672,0.206346109509468,51.85114,10.51906,18.213104248046875,0.2202638089656829,50.56549,11.28998,18.24036407470703,0.2424171715974807,47.80847,12.06181,18.30123710632324,0.2739250957965851,46.05807,12.83553,18.34173583984375,0.3025745153427124,46.3919,13.61185,18.333894729614254,0.3185658454895019,47.95248,14.39274,18.2979736328125,0.3258793354034424,54.835,15.18065,18.152355194091797,0.3005777597427368,60.68824,15.96301,18.042238235473633,0.285584419965744,1,1.534,2.763,6.434,6102.5653,8458.8557,53.6257232,27.1828271,4.055e-10,26.77271,3.237977,18.930768966674805,0.1313124299049377,/processed1/20251214/L2/OBJ_MP_1351_0029_cat.fits.gz::28829,42,retained_after_posthoc_audit
20251214,00000gA,260,1,20251214001500010031;20251214001501020062,20251214001500010031;20251214001501020062,OBJ_MP_1351_0059.fits.gz,OBJ_MP_1351_0059_cat.fits.gz,/processed1/20251214/L2/OBJ_MP_1351_0059_cat.fits.gz,31235,61023.48359408565,53.61876334636927,27.183099803231713,53.61880770007637,27.18312209337982,14,0->1;1->2,3,2,0.1247234435562645,0.0,0.2160273411343992,1.9173619243435316,0.1133651017644098,28.428627949454462,7.489145100730212,65.17253520284697,0.0142170709832704,24.10390768306589,0.1156659688405822,722.499050795012,177.6921856631161,31235,w,61023.48359408565,2025-12-14T11:36:22.529,1.477411,0.1801361,1.083995,0.1267113,-87.02,-85.15,1.362,0.266,7.66,6096.666363347524,0.22565753749,8428.564322351856,0.22482438398,53.61876334636927,0.0001621050027651,27.183099803231713,0.0001450113613579,0,0,0,4.781851,48.42643,6.742387,18.287293808895427,0.1511664867718586,0.551,25.14648,4.158451,18.99880599975586,0.1795472055673599,30.2972,3.022442,18.79649353027344,0.1083128228783607,33.79191,3.260212,18.677967071533203,0.1047508046030998,34.86156,3.788152,18.644132614135746,0.1179790720343589,36.73159,4.420177,18.587400436401367,0.1306544691324234,37.35657,5.080606,18.56908416748047,0.1476633846759796,39.89943,5.764452,18.497583389282227,0.1568612307310104,40.87679,6.462942,18.4713077545166,0.1716634631156921,40.47345,7.172505,18.482074737548828,0.1924088150262832,43.40832,7.890021,18.406068801879883,0.1973465383052826,46.28212,8.614129,18.33646583557129,0.2020795941352844,44.06882,9.334735,18.389671325683594,0.2299825251102447,44.85571,10.06594,18.370454788208008,0.2436469495296478,45.78854,10.79849,18.348108291625977,0.2560533583164215,44.87903,11.53599,18.369892120361328,0.27908456325531,47.98449,12.27422,18.29724884033203,0.2777265906333923,50.5738,13.01554,18.24018669128418,0.2794221341609955,53.36207,13.76318,18.18191909790039,0.2800338268280029,52.83419,14.5093,18.192712783813477,0.2981643378734588,57.59887,15.2618,18.09896469116211,0.287684291601181,1,1.409,2.554,5.948,6096.7361,8428.6874,53.6188077,27.1831221,2.412e-10,32.1475,2.860259,18.732131958007812,0.096601165831089,/processed1/20251214/L2/OBJ_MP_1351_0059_cat.fits.gz::31235,43,retained_after_posthoc_audit
20251214,00000gA,260,2,20251214001501020062,20251214001500010031;20251214001501020062,OBJ_MP_1351_0089.fits.gz,OBJ_MP_1351_0089_cat.fits.gz,/processed1/20251214/L2/OBJ_MP_1351_0089_cat.fits.gz,31908,61023.51369636574,53.61198597725922,27.183275199163923,53.61194950447795,27.18324385584675,14,1->2,3,2,0.1247234435562645,0.0,0.2160273411343992,1.9173619243435316,0.1133651017644098,28.428627949454462,7.489145100730212,65.17253520284697,0.0142170709832704,24.10390768306589,0.1156659688405822,722.499050795012,177.6921856631161,31908,w,61023.51369636574,2025-12-14T12:19:43.366,1.494203,0.1654692,1.364834,0.1464147,-28.98,-31.66,1.094,0.086,10.07,6093.659993106931,0.27381554255,8399.391051799275,0.27396986524,53.61198597725922,0.0001975359888888,27.183275199163923,0.0001759483617185,0,0,0,6.09216,58.84307,7.639087,18.075761732001748,0.1409517511289553,0.403,29.29248,4.383167,18.83310890197754,0.1624636203050613,29.79909,3.091646,18.814491271972656,0.1126447990536689,31.29243,3.219707,18.761402130126953,0.1117124035954475,36.74044,3.695148,18.587139129638672,0.1091972813010215,43.02439,4.255781,18.415714263916016,0.1073961779475212,45.53471,4.86937,18.354145050048828,0.1161059513688087,47.13674,5.499415,18.316600799560547,0.1266722083091735,48.01287,6.15247,18.296606063842773,0.1391285061836242,49.87428,6.812674,18.255308151245117,0.1483082175254821,47.89553,7.48382,18.29926300048828,0.16964952647686,46.49612,8.160309,18.331459045410156,0.1905523240566253,44.48691,8.837532,18.379419326782227,0.2156865745782852,42.57951,9.525022,18.426998138427734,0.2428788095712661,44.32107,10.21276,18.383474349975582,0.2501827776432037,47.86694,10.9079,18.29991149902344,0.2474172562360763,48.18477,11.6028,18.292724609375,0.2614431977272033,47.71379,12.29869,18.303390502929688,0.2798589169979095,47.83012,13.0002,18.30074691772461,0.2951024770736694,45.60456,13.69972,18.35247802734375,0.3261577486991882,46.13787,14.41218,18.339855194091797,0.3391535580158233,0,1.701,3.571,5.944,6093.5621,8399.2899,53.6119495,27.1832439,3.52e-10,31.56338,2.778321,18.75204086303711,0.0955703556537628,/processed1/20251214/L2/OBJ_MP_1351_0089_cat.fits.gz::31908,44,retained_after_posthoc_audit
20251215,00000hz,246,0,20251215001500010023,20251215001500010023;20251215001501020052,OBJ_MP_1351_0044.fits.gz,OBJ_MP_1351_0044_cat.fits.gz,/processed1/20251215/L2/OBJ_MP_1351_0044_cat.fits.gz,24949,61024.44911127315,53.41090022454033,27.18987992158089,53.41090534720939,27.19013454954638,14,0->1,3,2,0.1011951939292949,0.0,0.1752752173673243,3.0224889059532156,0.3564979494153702,53.403376664125624,38.31819742875276,214.19416085758775,-179.99702774439868,11.799840963391452,0.073846704600314,705.2998564021708,176.8142409825661,24949,w,61024.44911127315,2025-12-15T10:46:43.214,1.184059,0.204769,0.8713851,0.1449549,16.96,15.1,1.36,0.265,6.5,6120.441383620824,0.36431301871,7872.594422736856,0.36391081473,53.41090022454033,0.0002625144486572,27.18987992158089,0.0002337998765256,0,0,0,4.163104,58.41158,7.53855,18.08375256376038,0.140124214293611,0.596,31.2603,5.933497,18.762516021728516,0.2060828804969787,31.86386,3.922433,18.74175453186035,0.1336538344621658,31.13668,3.898103,18.76681900024414,0.1359268575906753,33.64841,4.391377,18.682588577270508,0.1416969448328018,40.3469,5.073508,18.4854736328125,0.1365282386541366,44.70815,5.824336,18.374032974243164,0.1414438337087631,44.05161,6.621165,18.39009475708008,0.1631912887096405,51.55618,7.441537,18.219297409057617,0.156713455915451,61.06859,8.276573,18.03545379638672,0.1471488773822784,70.30646,9.108977,17.882511138916016,0.1406691074371338,69.21498,9.946049,17.899499893188477,0.1560180336236953,74.64951,10.79398,17.817432403564453,0.1569925993680954,72.83021,11.64498,17.844221115112305,0.1736006587743759,74.6526,12.501,17.817386627197266,0.1818126291036605,72.589,13.35369,17.847822189331055,0.1997353434562683,72.5442,14.21065,17.848493576049805,0.2126843780279159,76.74243,15.07659,17.787410736083984,0.2133004665374755,82.66806,15.9427,17.706655502319336,0.20938640832901,81.47575,16.81103,17.722429275512695,0.2240217477083206,76.95209,17.67392,17.784448623657227,0.2493657171726226,1,1.508,3.212,6.044,6121.2351,7872.6092,53.4109053,27.1901345,2.924e-10,33.7566,3.726784,18.679101943969727,0.1198670566082,/processed1/20251215/L2/OBJ_MP_1351_0044_cat.fits.gz::24949,45,retained_after_posthoc_audit
20251215,00000hz,246,1,20251215001500010023;20251215001501020052,20251215001500010023;20251215001501020052,OBJ_MP_1351_0074.fits.gz,OBJ_MP_1351_0074_cat.fits.gz,/processed1/20251215/L2/OBJ_MP_1351_0074_cat.fits.gz,27138,61024.47964878472,53.40413560584203,27.190217469251714,53.40415383611705,27.190261127501728,14,0->1;1->2,3,2,0.1011951939292949,0.0,0.1752752173673243,3.0224889059532156,0.3564979494153702,53.403376664125624,38.31819742875276,214.19416085758775,-179.99702774439868,11.799840963391452,0.073846704600314,705.2998564021708,176.8142409825661,27138,w,61024.47964878472,2025-12-15T11:30:41.655,1.306187,0.1829359,1.113868,0.1524435,-52.57,-54.01,1.171,0.146,7.46,6116.0719099392145,0.27235516462,7841.796556638531,0.27223482225,53.40413560584203,0.0001963920649785,27.190217469251714,0.0001747657700725,0,0,0,5.098794,47.75367,6.963745,18.302483208527036,0.1583289948868574,0.661,30.37429,4.654039,18.79373359680176,0.1663597375154495,28.01801,3.257143,18.881406784057617,0.1262187659740448,32.34066,3.441171,18.72562789916992,0.1155265197157859,35.79923,4.000715,18.61531639099121,0.1213355883955955,37.2515,4.684869,18.572141647338867,0.1365456730127334,40.33892,5.412698,18.485689163208008,0.1456846594810485,38.62373,6.158726,18.532865524291992,0.1731254756450653,37.11548,6.914872,18.57611083984375,0.2022802084684372,38.83693,7.683338,18.52688789367676,0.2147975414991378,36.79565,8.456639,18.585508346557617,0.2495316565036773,36.26478,9.238442,18.601287841796875,0.2765910029411316,31.54287,10.0197,18.75274658203125,0.3448878824710846,28.71437,10.8055,18.854751586914062,0.4085731208324432,26.64155,11.59947,18.93610191345215,0.4727189838886261,29.13492,12.39493,18.838966369628903,0.4619070887565613,24.65331,13.19392,19.02031135559082,0.5810627937316895,17.08657,13.99641,19.418363571166992,0.8893774151802063,19.11599,14.80085,19.2965087890625,0.8406481146812439,15.59377,15.60624,19.517621994018555,1.0866044759750366,16.18944,16.41644,19.47692108154297,1.1009601354599,1,1.329,2.77,5.963,6116.208,7841.8472,53.4041538,27.1902611,2.384e-10,30.40354,2.9845,18.79269027709961,0.1065790355205535,/processed1/20251215/L2/OBJ_MP_1351_0074_cat.fits.gz::27138,46,retained_after_posthoc_audit
20251215,00000hz,246,2,20251215001501020052,20251215001500010023;20251215001501020052,OBJ_MP_1351_0104.fits.gz,OBJ_MP_1351_0104_cat.fits.gz,/processed1/20251215/L2/OBJ_MP_1351_0104_cat.fits.gz,25684,61024.511529710646,53.397172727584895,27.19055958949765,53.39712669026029,27.190746226404787,14,1->2,3,2,0.1011951939292949,0.0,0.1752752173673243,3.0224889059532156,0.3564979494153702,53.403376664125624,38.31819742875276,214.19416085758775,-179.99702774439868,11.799840963391452,0.073846704600314,705.2998564021708,176.8142409825661,25684,w,61024.511529710646,2025-12-15T12:16:36.167,1.28499,0.1790348,1.116192,0.1564495,50.27,45.33,1.152,0.132,8.9,6110.389434385353,0.32280342673,7808.385871873003,0.32186188236,53.397172727584895,0.0002321810261562,27.19055958949765,0.0002071267994772,0,0,0,7.143476,54.96456,7.80076,18.149793111425563,0.15409143589026,0.616,26.1323,5.406075,18.957056045532227,0.2246097773313522,29.88037,3.613963,18.811534881591797,0.1313173621892929,33.72438,3.588855,18.680139541625977,0.1155410334467887,32.73864,4.010977,18.71234703063965,0.1330190300941467,37.80355,4.596204,18.556167602539062,0.1320051997900009,41.22392,5.2493,18.46212577819824,0.1382535994052887,45.25751,5.929261,18.36077308654785,0.1422440856695175,45.94652,6.631823,18.34436798095703,0.1567128598690033,43.26844,7.349043,18.40957260131836,0.1844097226858139,41.17773,8.076206,18.463342666625977,0.2129458934068679,41.60132,8.810339,18.452232360839844,0.2299375236034393,39.10418,9.546102,18.519441604614254,0.2650496363639831,39.36087,10.28764,18.512338638305664,0.2837759256362915,37.66655,11.03678,18.56011009216309,0.3181345760822296,34.87619,11.78986,18.6436767578125,0.3670321404933929,33.31132,12.5463,18.69352149963379,0.4089292883872986,24.30443,13.30121,19.035785675048828,0.5941962599754333,18.88359,14.05687,19.309789657592773,0.8082177042961121,19.10126,14.81755,19.297344207763672,0.84224534034729,28.36653,15.57538,18.867984771728516,0.5961517691612244,1,1.762,3.255,7.017,6110.9712,7808.2586,53.3971267,27.1907462,2.906e-10,32.32194,3.277509,18.726255416870117,0.1100958362221717,/processed1/20251215/L2/OBJ_MP_1351_0104_cat.fits.gz::25684,47,retained_after_posthoc_audit
20251216,00000jr,232,0,20251216001500010020,20251216001500010020;20251216001501020039,OBJ_MP_1351_0070.fits.gz,OBJ_MP_1351_0070_cat.fits.gz,/processed1/20251216/L2/OBJ_MP_1351_0070_cat.fits.gz,23766,61025.441909444446,53.20137741040457,27.19670293978242,53.2012850324212,27.196799906782363,14,0->1,3,2,0.3743722574675839,0.0,0.6484317708781123,1.3821784746844106,0.059455765997205,26.006710239021807,4.008068769870906,73.92820046203937,0.0217836683629318,26.88826947206082,0.3805318535732704,694.9330127129508,176.96202806814262,23766,w,61025.441909444446,2025-12-16T10:36:20.976,1.254978,0.1700459,1.11345,0.1494678,-79.02,-75.82,1.126,0.112,8.64,6147.688241692304,0.32878860007,7265.629720685158,0.32811931823,53.20137741040457,0.0002372529001277,27.19670293978242,0.0002112951431954,0,0,0,4.449636,60.93483,8.401136,18.037836002303077,0.1496913552006498,0.313,33.22483,5.195935,18.69634246826172,0.1697951704263687,35.25716,3.662297,18.631881713867188,0.1127795875072479,35.67345,3.830138,18.619136810302734,0.1165718212723732,37.38581,4.418499,18.56823348999023,0.1283193975687027,44.33379,5.151367,18.38316345214844,0.1261571496725082,49.54747,5.933642,18.2624454498291,0.1300242096185684,52.60752,6.750055,18.19738006591797,0.1393104642629623,52.78845,7.570204,18.193653106689453,0.1557015776634216,52.65216,8.407552,18.196460723876953,0.1733714938163757,52.79092,9.253061,18.193601608276367,0.1903051286935806,51.16087,10.10873,18.2276554107666,0.2145275324583053,51.36602,10.96682,18.223310470581055,0.2318083047866821,49.79472,11.82949,18.257041931152344,0.257933109998703,53.09333,12.70121,18.187400817871097,0.2597343921661377,62.54037,13.57546,18.009597778320312,0.235677570104599,61.81563,14.45245,18.022254943847656,0.2538443207740783,61.04708,15.33046,18.03583717346191,0.2726556658744812,55.48719,16.2055,18.13951873779297,0.317098319530487,47.85649,17.09118,18.300148010253903,0.387753278017044,42.07904,17.97335,18.43983459472656,0.463753879070282,0,1.506,3.344,7.129,6147.9909,7265.3743,53.201285,27.1967999,1.467e-10,35.2167,3.312194,18.633129119873047,0.1021154373884201,/processed1/20251216/L2/OBJ_MP_1351_0070_cat.fits.gz::23766,48,retained_after_posthoc_audit
20251216,00000jr,232,1,20251216001500010020;20251216001501020039,20251216001500010020;20251216001501020039,OBJ_MP_1351_0100.fits.gz,OBJ_MP_1351_0100_cat.fits.gz,/processed1/20251216/L2/OBJ_MP_1351_0100_cat.fits.gz,24098,61025.473747986114,53.19472327722889,27.19698029259082,53.194521640865126,27.196972001081345,14,0->1;1->2,3,2,0.3743722574675839,0.0,0.6484317708781123,1.3821784746844106,0.059455765997205,26.006710239021807,4.008068769870906,73.92820046203937,0.0217836683629318,26.88826947206082,0.3805318535732704,694.9330127129508,176.96202806814262,24098,w,61025.473747986114,2025-12-16T11:22:11.826,1.533942,0.1659967,1.367043,0.1481503,-0.81,-0.14,1.122,0.109,8.96,6141.024970123843,0.28163025443,7235.932782909634,0.28221155127,53.19472327722889,0.0002040271412582,27.19698029259082,0.0001810001085758,0,0,0,7.551497,70.92959,8.035001,17.872931331601144,0.1229936818364838,0.055,25.85999,4.777129,18.968429565429688,0.2005685865879058,31.01571,3.433613,18.771045684814453,0.120197057723999,40.62914,3.604864,18.4779052734375,0.0963331088423729,48.4485,4.126519,18.28679847717285,0.0924757421016693,49.6974,4.770332,18.259164810180664,0.1042171716690063,56.90394,5.471488,18.112144470214844,0.1043968498706817,56.95776,6.204026,18.11111831665039,0.1182619333267211,61.68509,6.945561,18.02454948425293,0.1222507357597351,64.49506,7.697392,17.976184844970703,0.1295810341835022,64.63995,8.452213,17.97374725341797,0.141969084739685,65.43626,9.217126,17.9604549407959,0.1529330462217331,66.7907,9.994424,17.938209533691406,0.1624673455953598,70.22964,10.77535,17.883699417114258,0.1665847450494766,68.58143,11.55685,17.90948486328125,0.1829605102539062,69.38114,12.34867,17.896896362304688,0.1932426244020462,67.8208,13.13082,17.921592712402344,0.2102098762989044,63.49923,13.9263,17.993078231811523,0.2381177097558975,63.19907,14.72546,17.99822235107422,0.2529778778553009,63.64647,15.5246,17.990564346313477,0.2648320198059082,63.84868,16.32305,17.987119674682617,0.2775707244873047,0,1.886,3.479,7.985,6141.0,7235.3736,53.1945216,27.196972,2.616e-10,35.10092,3.086831,18.636703491210938,0.0954813584685325,/processed1/20251216/L2/OBJ_MP_1351_0100_cat.fits.gz::24098,49,retained_after_posthoc_audit
20251216,00000jr,232,2,20251216001501020039,20251216001500010020;20251216001501020039,OBJ_MP_1351_0130.fits.gz,OBJ_MP_1351_0130_cat.fits.gz,/processed1/20251216/L2/OBJ_MP_1351_0130_cat.fits.gz,25026,61025.50556415509,53.18758166167256,27.197354172423637,53.18754201642021,27.197378274511,14,1->2,3,2,0.3743722574675839,0.0,0.6484317708781123,1.3821784746844106,0.059455765997205,26.006710239021807,4.008068769870906,73.92820046203937,0.0217836683629318,26.88826947206082,0.3805318535732704,694.9330127129508,176.96202806814262,25026,w,61025.50556415509,2025-12-16T12:08:00.743,1.460722,0.1598734,1.277015,0.139708,88.48,83.51,1.144,0.126,7.71,6136.009394695014,0.21837073801,7202.653526623556,0.21758756528,53.18758166167256,0.0001573041184812,27.197354172423637,0.0001403469489176,0,0,0,5.032896,51.23869,6.726202,18.226005013416476,0.1425266989324326,0.881,34.13531,4.823608,18.666990280151367,0.1534237116575241,32.52863,3.221635,18.719335556030273,0.1075313240289688,36.06941,3.312551,18.607152938842773,0.0997120887041091,38.75611,3.77226,18.529150009155273,0.1056782975792884,42.45312,4.34942,18.430225372314453,0.1112361550331115,41.78765,4.978889,18.44738006591797,0.1293625980615615,41.92558,5.632915,18.443801879882812,0.1458742022514343,37.22715,6.300664,18.57284927368164,0.1837599277496338,36.22724,6.981846,18.6024112701416,0.2092470526695251,40.63304,7.672266,18.477802276611328,0.2050069868564605,41.98158,8.369151,18.442352294921875,0.2164447158575058,42.53124,9.070219,18.42823028564453,0.2315442860126495,44.39242,9.773867,18.38172721862793,0.2390462309122085,43.66666,10.48205,18.39962387084961,0.2606277167797088,45.90634,11.19236,18.345317840576172,0.264711856842041,42.56071,11.90659,18.427478790283203,0.3037405908107757,36.20063,12.6207,18.603208541870117,0.3785223066806793,32.09591,13.3381,18.733875274658203,0.4511996507644653,25.72421,14.05921,18.974143981933594,0.5933938026428223,30.57977,14.781,18.786415100097656,0.5248002409934998,1,1.322,2.685,5.116,6136.0847,7202.5438,53.187542,27.1973783,2.724e-10,34.59812,2.919298,18.652368545532227,0.0916115492582321,/processed1/20251216/L2/OBJ_MP_1351_0130_cat.fits.gz::25026,50,retained_after_posthoc_audit
20251217,00000lw,1025,0,20251217011400010044,20251217011400010044;20251217011401020074,OBJ_MP_1102_0391.fits.gz,OBJ_MP_1102_0391_cat.fits.gz,/processed1/20251217/L2/OBJ_MP_1102_0391_cat.fits.gz,41674,61026.833427488426,113.03709290690854,23.254070771038243,113.03709136104496,23.25407066667862,113,0->1,3,2,0.0400353389507636,0.0,0.0693432411609638,6.841635294163771,0.4007280685090779,24.516459372553655,1.0902647368962923,104.1997840002834,0.0038947862040118,17.409171423035946,0.0281324241672484,387.4626133616316,169.93013290790705,41674,w,61026.833427488426,2025-12-17T20:00:08.135,1.665336,0.06770721,1.573371,0.06135818,-72.47,-68.25,1.059,0.056,5.67,1838.0355082430835,0.043243160825,8133.50376654954,0.043126350298,113.03709290690854,3.009812267862344e-05,23.254070771038243,2.776222424216712e-05,0,0,0,2.978143,207.5765,8.180147,16.707054643165925,0.0427865500405831,0.957,203.9758,7.763647,16.72605323791504,0.041324857622385,172.0687,4.717132,16.91074562072754,0.0297646224498748,155.6395,4.566393,17.019699096679688,0.0318550020456314,147.5113,5.046337,17.077938079833984,0.0371428616344928,145.0161,5.737642,17.096460342407227,0.0429577566683292,142.9155,6.502276,17.112300872802734,0.0493981279432773,142.5885,7.320926,17.114788055419922,0.0557449832558631,144.0017,8.161769,17.104080200195312,0.061537679284811,140.2445,9.018216,17.13278579711914,0.0698166713118553,137.8941,9.886773,17.151134490966797,0.0778454169631004,136.689,10.76589,17.16066551208496,0.0855147466063499,140.1389,11.65383,17.133602142333984,0.0902888998389244,141.2443,12.54733,17.125072479248047,0.0964505150914192,134.8177,13.44465,17.17563247680664,0.1082746759057045,133.2356,14.35313,17.18844985961914,0.1169635951519012,135.2262,15.26932,17.172348022460938,0.1225979477167129,135.8463,16.18557,17.167381286621094,0.1293613463640213,136.7678,17.10267,17.1600399017334,0.135770171880722,133.4664,18.0207,17.186569213867188,0.1465967148542404,133.7507,18.94407,17.18425941467285,0.1537805944681167,1,0.933,1.759,3.926,1838.0352,8133.4993,113.0370914,23.2540707,1.912e-11,141.8615,3.405075,17.120338439941406,0.0260607302188873,/processed1/20251217/L2/OBJ_MP_1102_0391_cat.fits.gz::41674,51,retained_after_posthoc_audit
20251217,00000lw,1025,1,20251217011400010044;20251217011401020074,20251217011400010044;20251217011401020074,OBJ_MP_1102_0417.fits.gz,OBJ_MP_1102_0417_cat.fits.gz,/processed1/20251217/L2/OBJ_MP_1102_0417_cat.fits.gz,37309,61026.8592416088,113.03411359713505,23.254539705342445,113.03411705220148,23.254543529835782,113,0->1;1->2,3,2,0.0400353389507636,0.0,0.0693432411609638,6.841635294163771,0.4007280685090779,24.516459372553655,1.0902647368962923,104.1997840002834,0.0038947862040118,17.409171423035946,0.0281324241672484,387.4626133616316,169.93013290790705,37309,w,61026.8592416088,2025-12-17T20:37:18.475,1.643445,0.07638038,1.562894,0.06782696,-1.87,0.34,1.052,0.049,5.61,1837.563257142103,0.059997421059,8129.724190456071,0.059976879757,113.03411359713505,4.185870783146584e-05,23.254539705342445,3.852006625493232e-05,0,0,0,3.375126,223.1963,10.26265,16.628282743183856,0.0499225939187782,0.951,214.9647,10.09638,16.669082641601562,0.0509944483637809,170.1318,5.852953,16.923036575317383,0.0373520068824291,154.3484,5.372055,17.028743743896484,0.0377887487411499,145.808,5.77386,17.090545654296875,0.0429941229522228,139.5305,6.479555,17.13832664489746,0.0504197105765342,134.2126,7.310453,17.180517196655273,0.0591391809284687,129.4841,8.208225,17.219459533691406,0.0688267052173614,126.2462,9.137253,17.2469539642334,0.0785817429423332,119.7153,10.09666,17.30462646484375,0.0915698260068893,118.7255,11.06751,17.313640594482422,0.101211592555046,115.9995,12.0541,17.33885955810547,0.112824372947216,108.8359,13.04589,17.408069610595703,0.1301444768905639,101.7677,14.05547,17.480976104736328,0.149954617023468,98.5148,15.06383,17.516246795654297,0.1660191863775253,101.2176,16.08581,17.486860275268555,0.1725484877824783,108.3072,17.10688,17.41335678100586,0.1714895516633987,117.3296,18.13142,17.326480865478516,0.1677831709384918,116.0077,19.15734,17.338783264160156,0.1792968958616256,112.44,20.1963,17.372697830200195,0.1950182318687439,122.3896,21.22812,17.280637741088867,0.1883177608251571,1,1.007,1.979,4.11,1837.5752,8129.7341,113.0341171,23.2545435,1.635e-11,142.2037,4.174134,17.11772346496582,0.0318698398768901,/processed1/20251217/L2/OBJ_MP_1102_0417_cat.fits.gz::37309,52,retained_after_posthoc_audit
20251217,00000lw,1025,2,20251217011401020074,20251217011400010044;20251217011401020074,OBJ_MP_1102_0443.fits.gz,OBJ_MP_1102_0443_cat.fits.gz,/processed1/20251217/L2/OBJ_MP_1102_0443_cat.fits.gz,32814,61026.88886560185,113.03069854371157,23.25511329096849,113.0306923309886,23.255115220608456,113,1->2,3,2,0.0400353389507636,0.0,0.0693432411609638,6.841635294163771,0.4007280685090779,24.516459372553655,1.0902647368962923,104.1997840002834,0.0038947862040118,17.409171423035946,0.0281324241672484,387.4626133616316,169.93013290790705,32814,w,61026.88886560185,2025-12-17T21:19:57.988,1.488045,0.09347301,1.423777,0.08818439,-25.25,-33.18,1.047,0.045,5.09,1839.5759574012443,0.071056809615,8129.630806319094,0.07070137424,113.03069854371157,4.935547816842245e-05,23.25511329096849,4.562290785159462e-05,0,0,0,3.970721,205.7486,13.48117,16.71665785375597,0.0711401900000794,0.978,209.1973,12.30455,16.698610305786133,0.0638607442378997,163.2292,7.461529,16.968006134033203,0.0496311485767364,142.9305,7.050744,17.112186431884766,0.0535592138767242,124.6789,7.676018,17.260517120361328,0.0668447688221931,107.9874,8.687573,17.416568756103516,0.0873473733663559,97.21564,9.867452,17.530658721923828,0.1102029383182525,90.42046,11.12041,17.609333038330078,0.1335298120975494,84.06747,12.41621,17.688430786132812,0.1603560894727707,74.28888,13.74715,17.822689056396484,0.2009153515100479,71.13319,15.1023,17.86981964111328,0.2305129170417785,74.85938,16.46876,17.81438446044922,0.2388575226068496,68.59804,17.85828,17.90921974182129,0.2826520800590515,65.87154,19.2403,17.95325469970703,0.3171306848526001,70.98369,20.64134,17.872102737426758,0.3157211244106293,69.90123,22.04308,17.8887882232666,0.3423826694488525,65.9099,23.45667,17.95262336730957,0.3864025771617889,53.30545,24.88084,18.18307113647461,0.5067779421806335,39.42311,26.29717,18.51062393188477,0.7242398262023926,32.0424,27.71685,18.735687255859375,0.9391677975654602,25.21262,29.14901,18.995954513549805,1.2552497386932373,1,0.944,1.702,3.184,1839.582,8129.613,113.0306923,23.2551152,3.104e-11,133.5043,5.390052,17.186262130737305,0.0438350886106491,/processed1/20251217/L2/OBJ_MP_1102_0443_cat.fits.gz::32814,53,retained_after_posthoc_audit
20251217,00000lA,1134,0,20251217012300010032,20251217012300010032;20251217012301020119,OBJ_MP_0967_0400.fits.gz,OBJ_MP_0967_0400_cat.fits.gz,/processed1/20251217/L2/OBJ_MP_0967_0400_cat.fits.gz,35807,61026.84266865741,113.59922708816796,21.83534396865852,113.5992257617276,21.8353421790675,122,0->1,3,2,0.0202328142620187,0.0,0.0350442622819207,7.345237949725065,0.4418152243569265,22.695446320278247,12.716283449626207,94.07228376153232,0.0039513950654238,17.66265513988924,0.0126898665717524,377.5073165324643,162.59738688765185,35807,w,61026.84266865741,2025-12-17T20:13:26.572,2.342055,0.02826738,2.283669,0.02698514,89.51,84.91,1.025,0.025,8.09,6225.998558526839,0.013897412455,7373.168662931835,0.01357522462,113.59922708816796,9.412892012505836e-06,21.83534396865852,8.939740094859872e-06,0,0,0,3.727673,1177.942,11.1624,14.822190321395514,0.0102886445716875,0.907,1019.001,17.37883,14.97956371307373,0.018516993150115,999.2999,8.391529,15.000761032104492,0.0091173704713583,971.1057,7.035849,15.03183364868164,0.0078663695603609,954.5549,7.047037,15.050498008728027,0.0080154873430728,946.7997,7.539264,15.059354782104492,0.008645599707961,938.5408,8.225706,15.068866729736328,0.0095157790929079,937.2401,9.013438,15.070372581481934,0.0104415258392691,935.2385,9.86943,15.072693824768066,0.0114576090127229,939.8392,10.76599,15.06736660003662,0.0124372551217675,942.4531,11.69191,15.064350128173828,0.0134694492444396,940.6309,12.64016,15.066452026367188,0.0145900808274745,938.6678,13.60684,15.068720817565918,0.0157387293875217,938.4506,14.58333,15.068970680236816,0.0168721117079257,943.616,15.5741,15.063011169433594,0.0179197490215301,942.9687,16.57634,15.063756942749023,0.0190860386937856,937.7258,17.58366,15.069809913635254,0.0203590616583824,944.6855,18.59117,15.06178092956543,0.0213670134544372,948.2036,19.60798,15.057745933532717,0.0224520321935415,947.9711,20.63317,15.058012008666992,0.0236317068338394,945.9515,21.65778,15.060328483581545,0.0248581822961568,1,1.198,2.255,5.053,6225.993,7373.1648,113.5992258,21.8353422,3.727e-13,940.9664,6.156865,15.066064834594728,0.0071041123010218,/processed1/20251217/L2/OBJ_MP_0967_0400_cat.fits.gz::35807,54,retained_after_posthoc_audit
20251217,00000lA,1134,1,20251217012300010032;20251217012301020119,20251217012300010032;20251217012301020119,OBJ_MP_0967_0426.fits.gz,OBJ_MP_0967_0426_cat.fits.gz,/processed1/20251217/L2/OBJ_MP_0967_0426_cat.fits.gz,32042,61026.86847631945,113.59644256066416,21.83614609699659,113.59644336928504,21.836145047433767,122,0->1;1->2,3,2,0.0202328142620187,0.0,0.0350442622819207,7.345237949725065,0.4418152243569265,22.695446320278247,12.716283449626207,94.07228376153232,0.0039513950654238,17.66265513988924,0.0126898665717524,377.5073165324643,162.59738688765185,32042,w,61026.86847631945,2025-12-17T20:50:36.354,2.339652,0.03723792,2.158355,0.03186997,86.09,73.21,1.084,0.077,8.17,6226.6423035964035,0.017802877464,7371.620689052712,0.01763236846,113.59644256066416,1.2226112986013504e-05,21.83614609699659,1.1453035678954391e-05,0,0,0,3.609713,1065.897,14.19289,14.930712001297328,0.0144570619325537,0.566,988.3314,17.00604,15.01274299621582,0.0186820700764656,906.6477,8.98407,15.106403350830078,0.0107586774975061,869.8069,7.918233,15.151442527770996,0.0098839318379759,859.1971,8.236399,15.164767265319824,0.0104080373421311,852.7327,9.026121,15.172967910766602,0.0114924479275941,842.0897,10.02768,15.186604499816896,0.0129290418699383,842.5829,11.14215,15.185968399047852,0.014357560314238,840.6849,12.31493,15.188417434692385,0.0159046072512865,838.2906,13.53304,15.191513061523438,0.0175277106463909,839.9392,14.77431,15.189380645751951,0.0190978180617094,837.0799,16.04719,15.193082809448242,0.0208140388131141,843.7762,17.33009,15.18443202972412,0.0222996436059474,843.594,18.63152,15.18466567993164,0.0239794459193944,841.271,19.94181,15.187660217285156,0.0257367119193077,843.1375,21.27011,15.185253143310549,0.0273902285844087,833.4965,22.58993,15.19774055480957,0.0294262804090976,832.4146,23.93371,15.199151039123535,0.0312172509729862,841.7068,25.26802,15.187097549438477,0.0325937829911708,836.9964,26.61144,15.193190574645996,0.034519862383604,842.1284,27.97433,15.186553955078123,0.0360666364431381,1,1.179,2.267,5.12,6226.639,7371.623,113.5964434,21.836145,5.443e-13,852.1311,6.860189,15.173734664916992,0.0087408572435379,/processed1/20251217/L2/OBJ_MP_0967_0426_cat.fits.gz::32042,55,retained_after_posthoc_audit
20251217,00000lA,1134,2,20251217012301020119,20251217012300010032;20251217012301020119,OBJ_MP_0967_0452.fits.gz,OBJ_MP_0967_0452_cat.fits.gz,/processed1/20251217/L2/OBJ_MP_0967_0452_cat.fits.gz,31442,61026.8981053588,113.59325103302945,21.837082298726617,113.59325131266614,21.837080940232973,122,1->2,3,2,0.0202328142620187,0.0,0.0350442622819207,7.345237949725065,0.4418152243569265,22.695446320278247,12.716283449626207,94.07228376153232,0.0039513950654238,17.66265513988924,0.0126898665717524,377.5073165324643,162.59738688765185,31442,w,61026.8981053588,2025-12-17T21:33:16.303,2.394503,0.03784763,2.190708,0.03404499,-82.6,-79.84,1.093,0.085,8.85,6231.294044983991,0.019080932943,7372.393233261098,0.018708988829,113.59325103302945,1.2973674060390294e-05,21.837082298726617,1.2276655514398271e-05,0,0,0,3.948198,1073.941,15.15021,14.92254910141974,0.0153166131466029,0.158,954.5099,18.58935,15.050549507141112,0.0211450140923261,928.8621,9.809208,15.080121994018556,0.0114658698439598,903.1182,8.4237,15.110637664794922,0.010127043351531,883.053,8.62594,15.135032653808594,0.0106058130040764,873.1379,9.396661,15.147293090820312,0.0116846309974789,866.6115,10.41289,15.155439376831056,0.0130458120256662,867.54,11.55808,15.15427589416504,0.014465064741671,872.5487,12.77288,15.148025512695312,0.0158936493098735,877.9549,14.03602,15.141319274902344,0.0173578597605228,886.3472,15.32877,15.130990982055664,0.0187770724296569,883.8608,16.64582,15.134039878845217,0.0204477570950984,887.2822,17.97208,15.129844665527344,0.0219918061047792,894.1154,19.31381,15.121516227722168,0.0234530121088027,895.1703,20.66994,15.120235443115234,0.0250702090561389,895.2767,22.03646,15.12010669708252,0.026724450290203,896.9553,23.41315,15.11807346343994,0.0283408854156732,898.24,24.79035,15.1165189743042,0.0299650244414806,917.8365,26.18616,15.093087196350098,0.030976390466094,926.6514,27.57953,15.082708358764648,0.0323143042623996,919.2518,28.98571,15.091413497924805,0.034235268831253,0,1.26,2.346,5.387,6231.2898,7372.394,113.5932513,21.8370809,4.975e-13,877.5238,7.327242,15.141853332519531,0.0090657966211438,/processed1/20251217/L2/OBJ_MP_0967_0452_cat.fits.gz::31442,56,retained_after_posthoc_audit
20251217,00000lG,1187,0,20251217012900010384,20251217012900010384;20251217012901021175,OBJ_MP_0968_0406.fits.gz,OBJ_MP_0968_0406_cat.fits.gz,/processed1/20251217/L2/OBJ_MP_0968_0406_cat.fits.gz,17585,61026.849127361114,115.29324231592786,21.073900343001423,115.29323690717254,21.0738923805885,128,0->1,3,2,0.2664640543911831,0.0030735851265057,0.4615190461099436,4.257390951852552,0.0369688745718806,22.941818070625235,2.031681712787879,105.22350216607632,0.0033506652511421,14.979042275753445,0.2086076580296351,455.16636692839865,170.04837323268444,17585,w,61026.849127361114,2025-12-17T20:22:44.604,1.46543,0.1453122,1.294458,0.1262954,51.69,50.95,1.132,0.117,4.82,5226.353047284124,0.15355978908,4045.5282765734887,0.15344948513,115.29324231592786,0.0001066533874194,21.073900343001423,9.960097823125123e-05,0,0,0,4.962514,96.2993,8.549702,17.5409421946165,0.0963944768428414,0.836,50.00265,6.38693,18.252517700195312,0.1386830657720565,56.62361,4.461185,18.11750602722168,0.0855415314435958,57.61695,4.553666,18.098623275756836,0.0858094617724418,59.64248,5.157133,18.061111450195312,0.0938808396458625,61.40818,5.947087,18.02943420410156,0.1051483377814292,58.39263,6.806871,18.084104537963867,0.1265650540590286,54.51245,7.706447,18.158761978149418,0.1534909754991531,54.25687,8.631523,18.163864135742188,0.1727257221937179,57.73571,9.56756,18.09638786315918,0.1799206584692001,58.71209,10.51575,18.078182220458984,0.1944630742073059,62.60125,11.4743,18.008541107177734,0.1990066170692443,69.31005,12.43804,17.89801025390625,0.1948409378528595,69.50291,13.408,17.89499282836914,0.2094523459672927,71.63544,14.38908,17.862180709838867,0.2180867791175842,74.76906,15.36944,17.81569480895996,0.2231827229261398,79.77904,16.35422,17.745277404785156,0.2225693762302398,82.59336,17.34305,17.707637786865234,0.2279841303825378,90.20662,18.33717,17.61190414428711,0.2207080274820327,92.09461,19.33878,17.589414596557617,0.2279918044805526,99.74866,20.32893,17.502731323242188,0.2212746739387512,1,1.198,2.126,4.108,5226.3284,4045.5123,115.2932369,21.0738924,8.599e-11,55.94305,3.882819,18.130634307861328,0.0753573104739189,/processed1/20251217/L2/OBJ_MP_0968_0406_cat.fits.gz::17585,57,retained_after_posthoc_audit
20251217,00000lG,1187,1,20251217012900010384;20251217012901021175,20251217012900010384;20251217012901021175,OBJ_MP_0968_0432.fits.gz,OBJ_MP_0968_0432_cat.fits.gz,/processed1/20251217/L2/OBJ_MP_0968_0432_cat.fits.gz,16734,61026.87490996528,115.2899352072843,21.074449463385697,115.28987488420512,21.07445968327816,128,0->1;1->2,3,2,0.2664640543911831,0.0030735851265057,0.4615190461099436,4.257390951852552,0.0369688745718806,22.941818070625235,2.031681712787879,105.22350216607632,0.0033506652511421,14.979042275753445,0.2086076580296351,455.16636692839865,170.04837323268444,16734,w,61026.87490996528,2025-12-17T20:59:52.221,1.388908,0.1796852,0.99397,0.1262603,-34.33,-31.52,1.399,0.285,6.67,5226.477229436221,0.23566743976,4042.3218997253343,0.23559142316,115.2899352072843,0.0001637512963128,21.074449463385697,0.0001528697047596,0,0,0,3.601565,81.78328,11.16439,17.718338744665758,0.1482159589840416,0.699,67.20364,8.360122,17.9315185546875,0.1350654065608978,53.13752,5.679107,18.18649673461914,0.116038754582405,54.52585,5.770346,18.15849494934082,0.1149009838700294,58.31797,6.531175,18.085494995117188,0.1215943172574043,55.42484,7.526427,18.14073944091797,0.1474377512931823,51.98606,8.627103,18.210281372070312,0.1801782399415969,54.73046,9.78352,18.15442657470703,0.1940842717885971,63.93945,10.95962,17.985576629638672,0.186101958155632,73.11188,12.15528,17.840030670166016,0.1805099844932556,71.53703,13.36419,17.863672256469727,0.2028318494558334,74.36831,14.58987,17.821529388427734,0.2130040228366851,78.65308,15.81843,17.760711669921875,0.2183593660593032,78.35987,17.06192,17.764766693115234,0.2364059537649154,77.54946,18.29996,17.776052474975586,0.2562097012996673,71.37829,19.54838,17.866085052490234,0.2973507046699524,72.91497,20.8103,17.842958450317383,0.3098746538162231,71.85124,22.06916,17.85891342163086,0.3334845900535583,61.72384,23.32917,18.023868560791016,0.4103652536869049,51.37569,24.61275,18.223106384277344,0.5201478600502014,54.19407,25.88674,18.16512107849121,0.5186207294464111,1,1.134,2.549,4.844,5226.5109,4042.1469,115.2898749,21.0744597,1.173e-10,55.24752,5.096555,18.14421844482422,0.1001585870981216,/processed1/20251217/L2/OBJ_MP_0968_0432_cat.fits.gz::16734,58,retained_after_posthoc_audit
20251217,00000lG,1187,2,20251217012901021175,20251217012900010384;20251217012901021175,OBJ_MP_0968_0458.fits.gz,OBJ_MP_0968_0458_cat.fits.gz,/processed1/20251217/L2/OBJ_MP_0968_0458_cat.fits.gz,15336,61026.90455799769,115.28585065878023,21.07511086097495,115.28577495048702,21.07515790656657,128,1->2,3,2,0.2664640543911831,0.0030735851265057,0.4615190461099436,4.257390951852552,0.0369688745718806,22.941818070625235,2.031681712787879,105.22350216607632,0.0033506652511421,14.979042275753445,0.2086076580296351,455.16636692839865,170.04837323268444,15336,w,61026.90455799769,2025-12-17T21:42:33.811,1.248957,0.1987748,0.9187083,0.1453726,-86.91,-89.35,1.36,0.264,6.7,5230.493214054885,0.25038149265,4040.8190898459975,0.24978759931,115.28585065878023,0.0001736383465811,21.07511086097495,0.0001624333015755,0,0,0,6.379257,83.88592,14.94067,17.690777351989635,0.1933772186531152,0.38,44.69646,10.87025,18.374317169189453,0.2640527188777923,59.05155,7.566426,18.071922302246097,0.1391181498765945,61.36255,7.68504,18.03024101257324,0.135977491736412,60.8444,8.723155,18.039447784423828,0.1556600928306579,61.20272,10.10125,18.03307342529297,0.1791962385177612,60.39921,11.62238,18.047422409057617,0.2089238762855529,65.65985,13.21979,17.956750869750977,0.2185994684696197,66.48337,14.83803,17.943218231201172,0.2423190623521804,66.76537,16.49101,17.938621520996094,0.2681763172149658,69.4977,18.14532,17.89507293701172,0.2834774851799011,70.56583,19.82402,17.878515243530273,0.3050153255462646,62.83871,21.52347,18.004432678222656,0.371885597705841,60.31722,23.22439,18.04889678955078,0.418049156665802,53.67963,24.92633,18.17547607421875,0.5041654109954834,61.89462,26.62672,18.0208683013916,0.467077761888504,76.02132,28.3567,17.79766273498535,0.4049902260303497,91.76759,30.08158,17.593276977539062,0.355906218290329,92.01602,31.82725,17.590341567993164,0.3755432963371277,109.7455,33.57187,17.399032592773438,0.3321338295936584,104.5164,35.30457,17.452037811279297,0.3667504489421844,0,1.359,2.266,4.079,5230.642,4040.6006,115.285775,21.0751579,8.046e-11,59.72695,7.540684,18.059574127197266,0.1370770335197448,/processed1/20251217/L2/OBJ_MP_0968_0458_cat.fits.gz::15336,59,retained_after_posthoc_audit
20260103,00000wD,40,0,20260103001300010043,20260103001300010043;20260103001301020063,OBJ_MP_0924_0044.fits.gz,OBJ_MP_0924_0044_cat.fits.gz,/processed1/20260103/L2/OBJ_MP_0924_0044_cat.fits.gz,6606,61043.42534581019,357.6800550341952,-3.4461979204455555,357.6800494865885,-3.4462013201197657,12,0->1,3,2,0.0977284079001928,0.0,0.1692705678259497,2.0533893048444805,0.9966988221316084,85.38897870094726,190.0886111809522,358.24342238284225,-179.99981632241443,0.8451540019378634,0.0787694484070617,220.94781981169825,26.845772003274213,6606,w,61043.42534581019,2026-01-03T10:12:29.878,1.702138,0.084598,1.529319,0.07493404,-0.14,-0.25,1.113,0.102,5.65,6160.680414943339,0.062976816659,6248.228251058203,0.063282714501,357.6800550341952,4.096403642961377e-05,-3.4461979204455555,4.069143062812586e-05,0,0,0,3.911641,248.3576,12.92213,16.51230615057026,0.0564911967630911,0.795,203.9949,10.22586,16.7259521484375,0.054425798356533,186.4803,6.79453,16.82341766357422,0.0395595096051692,190.0966,7.002671,16.802562713623047,0.0399957261979579,187.0215,8.15641,16.820270538330078,0.0473512969911098,179.4474,9.591144,16.865156173706055,0.0580306574702262,175.3228,11.13308,16.890403747558594,0.0689447149634361,166.8548,12.7226,16.94415283203125,0.0827868431806564,161.2021,14.33761,16.9815731048584,0.0965673625469207,157.4403,15.97551,17.00720977783203,0.1101699098944664,171.1335,17.62429,16.916662216186523,0.1118151918053627,167.4515,19.28651,16.940277099609375,0.1250514984130859,168.6534,20.94997,16.932512283325195,0.134869173169136,171.6655,22.62864,16.913291931152344,0.1431198269128799,165.7146,24.30639,16.951597213745117,0.1592516303062439,174.4565,25.99726,16.895782470703125,0.1617948412895202,180.1433,27.69625,16.86095428466797,0.1669272035360336,174.8605,29.39152,16.89327049255371,0.1824965327978134,155.1381,31.11329,17.023202896118164,0.2177467793226242,138.0456,32.81872,17.14994239807129,0.258120983839035,123.2716,34.52766,17.272842407226562,0.3041083514690399,1,1.067,1.929,3.536,6160.6699,6248.2109,357.6800495,-3.4462013,2.5e-12,178.0089,5.477479,16.8738956451416,0.0334089919924736,/processed1/20260103/L2/OBJ_MP_0924_0044_cat.fits.gz::6606,60,retained_after_posthoc_audit
20260103,00000wD,40,1,20260103001300010043;20260103001301020063,20260103001300010043;20260103001301020063,OBJ_MP_0924_0072.fits.gz,OBJ_MP_0924_0072_cat.fits.gz,/processed1/20260103/L2/OBJ_MP_0924_0072_cat.fits.gz,6296,61043.45238027778,357.6815527189068,-3.4454926330490303,357.6815452773158,-3.445498307556751,12,0->1;1->2,3,2,0.0977284079001928,0.0,0.1692705678259497,2.0533893048444805,0.9966988221316084,85.38897870094726,190.0886111809522,358.24342238284225,-179.99981632241443,0.8451540019378634,0.0787694484070617,220.94781981169825,26.845772003274213,6296,w,61043.45238027778,2026-01-03T10:51:25.656,1.523339,0.08667253,1.397123,0.08152171,-31.33,-33.56,1.091,0.083,5.43,6162.34472803771,0.063770715885,6258.859175645872,0.063882509704,357.6815527189068,4.135141364258743e-05,-3.4454926330490303,4.1205676617472875e-05,0,0,0,3.217555,225.9109,14.34429,16.61515701283777,0.068939172867735,0.979,213.4094,11.33859,16.676965713500977,0.057685948908329,187.0011,7.525266,16.820388793945312,0.0436919964849948,171.1772,7.739012,16.916385650634766,0.0490867123007774,163.0069,8.948621,16.969486236572266,0.059603851288557,155.1339,10.47351,17.02323341369629,0.0733009949326515,156.3593,12.11669,17.014690399169922,0.0841365009546279,157.4334,13.82731,17.00725746154785,0.0953597649931907,152.8652,15.57174,17.039226531982422,0.1105994060635566,146.1108,17.34184,17.088294982910156,0.1288656741380691,134.8993,19.11361,17.174976348876953,0.1538358032703399,113.8816,20.90604,17.35886573791504,0.1993160992860794,107.437,22.7153,17.422115325927734,0.2295561730861663,107.3662,24.51978,17.42283058166504,0.247955173254013,113.7571,26.33339,17.36005401611328,0.2513347566127777,110.1054,28.16621,17.395479202270508,0.2777436077594757,103.3567,29.99396,17.464153289794922,0.3150790631771087,95.27701,31.83744,17.55253028869629,0.3628059029579162,100.2439,33.6957,17.49735450744629,0.3649562895298004,119.8436,35.5433,17.303462982177734,0.3220084011554718,112.3481,37.44525,17.373584747314453,0.3618721961975097,1,0.949,1.703,3.35,6162.3272,6258.8359,357.6815453,-3.4454983,1.686e-12,176.1445,6.154605,16.885326385498047,0.0379363484680652,/processed1/20260103/L2/OBJ_MP_0924_0072_cat.fits.gz::6296,61,retained_after_posthoc_audit
20260103,00000wD,40,2,20260103001301020063,20260103001300010043;20260103001301020063,OBJ_MP_0924_0100.fits.gz,OBJ_MP_0924_0100_cat.fits.gz,/processed1/20260103/L2/OBJ_MP_0924_0100_cat.fits.gz,5045,61043.47920048611,357.68300940639017,-3.4447051624884404,357.6830097736561,-3.4447166406959155,12,1->2,3,2,0.0977284079001928,0.0,0.1692705678259497,2.0533893048444805,0.9966988221316084,85.38897870094726,190.0886111809522,358.24342238284225,-179.99981632241443,0.8451540019378634,0.0787694484070617,220.94781981169825,26.845772003274213,5045,w,61043.47920048611,2026-01-03T11:30:02.922,1.525006,0.1131085,1.489259,0.1086464,-69.05,-69.48,1.024,0.023,5.31,6165.878646201012,0.10035067902,6273.14449366549,0.10043223114,357.68300940639017,6.500759604932682e-05,-3.4447051624884404,6.484452129429386e-05,0,0,0,4.52383,281.5692,21.5488,16.376037074061177,0.083092593732167,0.221,202.5421,17.14332,16.73371124267578,0.0918975472450256,202.7549,11.29234,16.73257064819336,0.0604695715010166,200.9197,11.46886,16.742443084716797,0.0619758106768131,191.1433,13.11304,16.796602249145508,0.0744849666953086,187.3412,15.278,16.818416595458984,0.0885436609387397,185.6668,17.63984,16.828163146972656,0.1031536534428596,177.7948,20.0919,16.875202178955078,0.1226948127150535,185.4103,22.59167,16.829666137695312,0.1322935670614242,200.3607,25.13576,16.745468139648438,0.1362083405256271,208.4075,27.70188,16.702716827392578,0.1443178951740265,204.6416,30.29799,16.722515106201172,0.1607474833726883,192.3078,32.90512,16.790006637573242,0.1857765614986419,188.8831,35.53977,16.80951690673828,0.2042894065380096,180.7453,38.17805,16.857332229614258,0.2293353825807571,168.2343,40.82765,16.935213088989258,0.2634899616241455,149.8985,43.48188,17.06050682067871,0.3149455189704895,139.4271,46.16592,17.139131546020508,0.3594997525215149,136.2597,48.91079,17.164081573486328,0.3897279798984527,131.2026,51.64888,17.20514488220215,0.4274081289768219,103.4039,54.40933,17.46365737915039,0.5712957382202148,0,1.133,1.945,3.588,6165.8429,6273.1454,357.6830098,-3.4447166,1.875e-12,186.2351,8.981975,16.824846267700195,0.0523642227053642,/processed1/20260103/L2/OBJ_MP_0924_0100_cat.fits.gz::5045,62,retained_after_posthoc_audit
20260112,00000C3,119,0,20260112001800010008,20260112001800010008;20260112001801020049,OBJ_MP_1495_0205.fits.gz,OBJ_MP_1495_0205_cat.fits.gz,/processed1/20260112/L2/OBJ_MP_1495_0205_cat.fits.gz,28981,61052.52973349537,84.07241399618016,35.44024527020233,84.0719741606643,35.440206673813584,17,0->1,3,2,0.4057093558910917,0.0,0.7027092175094145,1.8856468858593944,0.3105814298542642,26.18671523391024,6.16431699212625,99.58585145206116,0.0207233104095496,29.905663443753543,0.4123731340221814,258.96733380681127,30.105441088632485,28981,w,61052.52973349537,2026-01-12T12:42:48.974,1.315295,0.009486452,1.239481,0.009058314,-86.69,-67.3,1.062,0.058,4.47,8300.848341728826,0.0091110473622,2429.9360273709112,0.007502675834,84.07241399618016,6.033390121729099e-06,35.44024527020233,5.931288349358965e-06,0,34,3,1.311787,1487.352,16.66174,14.568965718101763,0.0121627237982009,0.999,3795.215,43.21632,13.551908493041992,0.0123633360490202,1388.791,14.76438,14.643407821655272,0.0115425707772374,939.1843,10.13189,15.068122863769531,0.0117128919810056,790.1124,8.931276,15.255777359008787,0.0122729493305087,724.9254,8.66225,15.349266052246094,0.0129736354574561,686.883,8.756267,15.407793045043944,0.0138407787308096,668.9032,9.03936,15.43659210205078,0.0146723184734582,658.2205,9.43728,15.454071998596191,0.0155668156221508,646.7153,9.9077,15.473217010498049,0.0166335143148899,638.7311,10.43411,15.486705780029297,0.0177362393587827,635.0128,11.003,15.493043899536133,0.0188127737492322,634.4631,11.59946,15.49398422241211,0.0198497753590345,637.2062,12.22484,15.489300727844238,0.0208299122750759,636.8575,12.86815,15.489893913269045,0.0219380594789981,636.2336,13.52948,15.490959167480469,0.0230881329625844,632.3541,14.2056,15.497598648071287,0.0243906695395708,628.5953,14.88311,15.504072189331056,0.0257067307829856,623.0749,15.56863,15.513648986816406,0.0271290391683578,620.8439,16.26537,15.51754379272461,0.0284450016915798,622.028,16.97046,15.515475273132324,0.0296215582638978,1,0.412,0.671,1.171,8300.7497,2428.8165,84.0719742,35.4402067,7.445e-09,67.77954,3.71157,17.922252655029297,0.0594543106853961,/processed1/20260112/L2/OBJ_MP_1495_0205_cat.fits.gz::28981,63,retained_after_posthoc_audit
20260112,00000C3,119,1,20260112001800010008;20260112001801020049,20260112001800010008;20260112001801020049,OBJ_MP_1495_0233.fits.gz,OBJ_MP_1495_0233_cat.fits.gz,/processed1/20260112/L2/OBJ_MP_1495_0233_cat.fits.gz,29888,61052.55698405093,84.07461822014037,35.44144992382593,84.0746207193521,35.44145015230535,17,0->1;1->2,3,2,0.4057093558910917,0.0,0.7027092175094145,1.8856468858593944,0.3105814298542642,26.18671523391024,6.16431699212625,99.58585145206116,0.0207233104095496,29.905663443753543,0.4123731340221814,258.96733380681127,30.105441088632485,29888,w,61052.55698405093,2026-01-12T13:22:03.422,1.293299,0.0180704,1.184679,0.01513041,-84.45,-77.35,1.092,0.085,4.33,8300.858256871283,0.010101114526,2429.9716665169544,0.0083328751771,84.07461822014037,6.700143956095417e-06,35.44144992382593,6.575395431696052e-06,0,32,3,1.279006,629.3935,10.12822,15.50269431968525,0.0174716946060695,0.999,1565.042,20.28104,14.513684272766112,0.0140698179602622,576.2089,7.500254,15.598549842834473,0.0141325434669852,388.7339,5.651302,16.025869369506836,0.0157841239124536,329.0921,5.473869,16.206707000732422,0.0180593114346265,302.3221,5.742815,16.298824310302734,0.0206243004649877,284.6175,6.197601,16.36434555053711,0.0236421171575784,273.9843,6.751703,16.405685424804688,0.0267554298043251,274.6052,7.367776,16.403228759765625,0.0291307754814624,270.8249,8.013934,16.418277740478516,0.0321278348565101,264.4224,8.685178,16.44425392150879,0.0356619283556938,261.4687,9.378779,16.456451416015625,0.0389449372887611,260.7836,10.08112,16.459299087524414,0.0419713370501995,261.098,10.79786,16.457992553710938,0.0449012592434883,263.1079,11.52091,16.449665069580078,0.047541968524456,263.1189,12.24837,16.44961929321289,0.0505417957901954,253.2771,12.97931,16.491010665893555,0.0556391067802906,249.2892,13.71655,16.508241653442383,0.0597400665283203,249.722,14.46223,16.506359100341797,0.0628786012530326,249.8105,15.2051,16.50597381591797,0.0660850182175636,243.7957,15.94233,16.532434463500977,0.0709986388683319,1,0.388,0.665,1.104,8300.8588,2429.978,84.0746207,35.4414502,1.212e-08,46.90941,3.717546,18.321849822998047,0.0860440358519554,/processed1/20260112/L2/OBJ_MP_1495_0233_cat.fits.gz::29888,64,retained_after_posthoc_audit
20260112,00000C3,119,2,20260112001801020049,20260112001800010008;20260112001801020049,OBJ_MP_1495_0261.fits.gz,OBJ_MP_1495_0261_cat.fits.gz,/processed1/20260112/L2/OBJ_MP_1495_0261_cat.fits.gz,30014,61052.584179756945,84.07657278727369,35.442209666211504,84.07655459251768,35.442027865236895,17,1->2,3,2,0.4057093558910917,0.0,0.7027092175094145,1.8856468858593944,0.3105814298542642,26.18671523391024,6.16431699212625,99.58585145206116,0.0207233104095496,29.905663443753543,0.4123731340221814,258.96733380681127,30.105441088632485,30014,w,61052.584179756945,2026-01-12T14:01:13.131,1.307783,0.02790418,1.194275,0.02327853,84.53,78.59,1.096,0.088,4.37,8300.847629977894,0.011983366955,2429.99369067846,0.0096249633608,84.07657278727369,7.743232941948008e-06,35.442209666211504,7.796465936849017e-06,0,32,3,1.346342,380.0675,8.287486,16.050348049595762,0.0236748015835101,0.997,944.2202,14.44972,15.06231689453125,0.0166153870522975,341.7545,5.606495,16.165714263916016,0.0178115423768758,230.7123,4.432373,16.592323303222656,0.0208588223904371,195.6689,4.453036,16.771194458007812,0.0247091967612504,181.5154,4.819522,16.85271644592285,0.0288280267268419,173.7396,5.336025,16.900253295898438,0.0333459675312042,167.479,5.922478,16.940099716186523,0.038394346833229,163.3539,6.544752,16.96717643737793,0.0434998832643032,161.392,7.192308,16.980295181274414,0.0483849830925464,161.8017,7.850723,16.977542877197266,0.0526806190609931,156.8493,8.522363,17.011295318603516,0.0589931830763816,149.662,9.206828,17.06222152709961,0.0667917504906654,144.1199,9.894136,17.103191375732422,0.0745380893349647,137.2201,10.58571,17.156455993652344,0.0837580785155296,136.8955,11.28739,17.159027099609375,0.0895217731595039,133.0523,11.9768,17.189943313598633,0.0977333784103393,127.957,12.68556,17.23233985900879,0.1076390668749809,127.6191,13.38656,17.235210418701172,0.1138879507780075,125.6927,14.0873,17.251724243164062,0.1216864213347435,128.6611,14.78913,17.226381301879883,0.1248014196753501,1,0.4,0.671,1.191,8300.2811,2429.9373,84.0765546,35.4420279,6.759e-09,48.57096,3.579942,18.2840576171875,0.080024629831314,/processed1/20260112/L2/OBJ_MP_1495_0261_cat.fits.gz::30014,65,retained_after_posthoc_audit
20260205,00000LG,51,0,20260205002300010066,20260205002300010066;20260205002301020193,OBJ_MP_0966_0053.fits.gz,OBJ_MP_0966_0053_cat.fits.gz,/processed1/20260205/L2/OBJ_MP_0966_0053_cat.fits.gz,30147,61076.46450630787,110.19998847282744,22.434781407959964,110.19997925127784,22.43477374333617,22,0->1,3,2,0.1560683279567118,0.0030735851265057,0.270300799199857,6.619960619464066,0.3806609690793234,22.745519369776567,5.8213415666719515,109.68041545895844,0.0054999543980132,17.28401799323114,0.1253134408302665,372.1943260317043,168.22910548796708,30147,w,61076.46450630787,2026-02-05T11:08:53.345,1.709028,0.1191042,1.535556,0.1065122,42.17,44.94,1.113,0.102,5.67,4701.749520141477,0.13503940591,5725.20616000924,0.13518278211,110.19998847282744,9.45927125144408e-05,22.434781407959964,8.731231244141213e-05,0,0,0,5.261744,146.2185,9.98982,17.087494279061385,0.0741787825950145,0.803,87.74018,9.4904,17.642004013061523,0.1174384504556655,87.01869,5.573816,17.650968551635742,0.0695447623729705,86.28023,4.937549,17.660221099853516,0.0621333047747612,85.66127,5.118594,17.668039321899414,0.0648769661784172,79.14636,5.61306,17.753923416137695,0.0770004093647003,73.83266,6.268452,17.829378128051758,0.0921798646450042,72.65777,7.000595,17.8467960357666,0.1046109721064567,68.2333,7.787821,17.915008544921875,0.1239207163453102,67.75989,8.601428,17.922569274902344,0.1378231644630432,67.60411,9.438343,17.925067901611328,0.1515817642211914,67.674,10.28565,17.9239444732666,0.165019154548645,68.60066,11.14709,17.9091796875,0.1764239519834518,72.99232,12.01951,17.841808319091797,0.1787862032651901,74.91457,12.89151,17.81358528137207,0.1868365705013275,70.89629,13.7729,17.873441696166992,0.2109240591526031,70.3391,14.65601,17.882007598876953,0.2262263745069503,75.38663,15.53558,17.8067626953125,0.2237470746040344,73.24602,16.42065,17.83803939819336,0.2434056550264358,69.12939,17.31043,17.90084457397461,0.2718750834465027,65.82535,18.19309,17.954017639160156,0.3000803589820862,1,1.417,2.519,4.421,4701.7258,5725.1794,110.1999793,22.4347737,2.952e-11,84.36546,4.331792,17.684589385986328,0.055747739970684,/processed1/20260205/L2/OBJ_MP_0966_0053_cat.fits.gz::30147,66,retained_after_posthoc_audit
20260205,00000LG,51,1,20260205002300010066;20260205002301020193,20260205002300010066;20260205002301020193,OBJ_MP_0966_0081.fits.gz,OBJ_MP_0966_0081_cat.fits.gz,/processed1/20260205/L2/OBJ_MP_0966_0081_cat.fits.gz,33483,61076.491546400466,110.19698307267842,22.43542064785421,110.19697360011013,22.435405955942016,22,0->1;1->2,3,2,0.1560683279567118,0.0030735851265057,0.270300799199857,6.619960619464066,0.3806609690793234,22.745519369776567,5.8213415666719515,109.68041545895844,0.0054999543980132,17.28401799323114,0.1253134408302665,372.1943260317043,168.22910548796708,33483,w,61076.491546400466,2026-02-05T11:47:49.609,1.83844,0.1099604,1.643239,0.09686992,-57.2,-53.36,1.118,0.106,7.46,4700.824623103116,0.10316177272,5709.921127050674,0.10286862047,110.19698307267842,7.197647764201065e-05,22.43542064785421,6.670071965331204e-05,0,0,0,5.105703,114.6795,8.033274,17.351285689897793,0.0760555953239196,0.502,92.36014,7.090423,17.586288452148438,0.0833512097597122,89.07978,4.345206,17.625553131103516,0.0529609285295009,91.33687,4.083478,17.598384857177734,0.0485409684479236,91.68505,4.406942,17.594253540039062,0.0521870926022529,90.57355,4.952231,17.60749626159668,0.059364091604948,85.98455,5.609001,17.66394805908203,0.070825457572937,85.66305,6.31848,17.66801643371582,0.0800835639238357,90.65439,7.05804,17.60652732849121,0.0845317021012306,94.25779,7.814964,17.564207077026367,0.0900189727544784,98.19831,8.585158,17.519739151000977,0.0949223786592483,101.571,9.370224,17.483076095581055,0.1001624092459678,100.3075,10.15601,17.496665954589844,0.1099294126033783,98.85995,10.95228,17.512449264526367,0.1202841401100158,101.003,11.75206,17.489164352416992,0.1263292282819748,104.1279,12.55355,17.45608139038086,0.1308952271938324,104.0552,13.35464,17.45684051513672,0.1393453776836395,102.4991,14.16099,17.47319984436035,0.1500022113323211,105.36,14.96311,17.44331169128418,0.1541951596736908,109.0853,15.77744,17.40558433532715,0.1570343524217605,113.8845,16.58372,17.35883903503418,0.1581035256385803,1,1.32,2.439,4.964,4700.7791,5709.8935,110.1969736,22.435406,2.928e-11,89.90719,3.535091,17.61551284790039,0.0426904335618019,/processed1/20260205/L2/OBJ_MP_0966_0081_cat.fits.gz::33483,67,retained_after_posthoc_audit
20260205,00000LG,51,2,20260205002301020193,20260205002300010066;20260205002301020193,OBJ_MP_0966_0108.fits.gz,OBJ_MP_0966_0108_cat.fits.gz,/processed1/20260205/L2/OBJ_MP_0966_0108_cat.fits.gz,32965,61076.543359131945,110.19134554495388,22.43645755409215,110.19136078573484,22.436445975292532,22,1->2,3,2,0.1560683279567118,0.0030735851265057,0.270300799199857,6.619960619464066,0.3806609690793234,22.745519369776567,5.8213415666719515,109.68041545895844,0.0054999543980132,17.28401799323114,0.1253134408302665,372.1943260317043,168.22910548796708,32965,w,61076.543359131945,2026-02-05T13:02:26.229,1.95211,0.1134612,1.640877,0.09242916,84.07,87.99,1.19,0.16,6.26,4692.984010116386,0.1095819959,5677.499840205271,0.10913898438,110.19134554495388,7.635053687238269e-05,22.43645755409215,7.084881557162248e-05,0,0,0,5.449016,133.9138,7.527569,17.182936928804303,0.0610314679249345,0.695,88.98848,7.424885,17.626665115356445,0.0905900001525878,87.4323,4.40732,17.64582061767578,0.05473018810153,83.98528,3.898211,17.68949317932129,0.0503948889672756,83.72845,4.032815,17.69281768798828,0.0522949285805225,82.42181,4.412179,17.70989418029785,0.0581213049590587,80.27099,4.911726,17.738603591918945,0.0664354413747787,76.03814,5.471928,17.797420501708984,0.0781327709555625,71.6683,6.073567,17.861682891845703,0.0920112654566764,70.81065,6.696399,17.874753952026367,0.102675549685955,69.61005,7.334182,17.893320083618164,0.1143942102789878,66.28049,7.990769,17.946535110473633,0.1308962404727935,64.94099,8.652666,17.96870231628418,0.1446622908115387,58.5541,9.321491,18.08110809326172,0.1728432476520538,58.4634,9.993928,18.082788467407227,0.1855993568897247,53.02924,10.66503,18.188711166381836,0.2183590531349182,48.49899,11.34188,18.285667419433594,0.253908097743988,44.54253,12.0219,18.378063201904297,0.2930371165275574,43.71535,12.70523,18.398414611816406,0.3155534863471985,38.51635,13.38993,18.535886764526367,0.3774482309818268,35.40753,14.07584,18.627260208129883,0.4316214323043823,1,1.418,2.565,4.883,4692.9476,5677.5435,110.1913608,22.436446,3.373e-11,83.98985,3.394351,17.689434051513672,0.0438787564635276,/processed1/20260205/L2/OBJ_MP_0966_0108_cat.fits.gz::32965,68,retained_after_posthoc_audit
20260205,00000LJ,67,0,20260205002700010009,20260205002700010009;20260205002701020152,OBJ_MP_0965_0057.fits.gz,OBJ_MP_0965_0057_cat.fits.gz,/processed1/20260205/L2/OBJ_MP_0965_0057_cat.fits.gz,23724,61076.46865206018,106.66000749489724,23.999293400356088,106.65998863165008,23.99930462151655,26,0->1,3,2,0.0609056053090783,0.0,0.1054916028610604,6.667924511466893,0.38511601508415,24.505435779819944,0.9124756009261984,111.49732559917686,0.0055099321334321,17.311881125900015,0.0345995361373089,336.8449346228966,175.39274876715606,23724,w,61076.46865206018,2026-02-05T11:14:51.538,2.222024,0.1155536,1.887859,0.09935036,66.75,64.8,1.179,0.152,9.73,8551.699641802725,0.1345737995,3846.9864080116454,0.13418754473,106.66000749489724,9.531321185818342e-05,23.999293400356088,8.723670756083379e-05,0,0,0,6.425487,164.7048,10.6165,16.958234395553355,0.0699841253153713,0.23,103.3871,9.786036,17.463834762573242,0.1027695834636688,104.3839,5.755834,17.45341682434082,0.0598686002194881,113.3751,5.148765,17.363706588745117,0.049307145178318,119.9416,5.333787,17.302574157714844,0.0482825562357902,124.7584,5.850146,17.259824752807617,0.0509121268987655,125.9477,6.522301,17.24952507019043,0.0562257021665573,129.6666,7.278198,17.21792984008789,0.0609424859285354,129.4447,8.083252,17.219789505004883,0.0677994713187217,131.1128,8.919532,17.205886840820312,0.0738620311021804,130.7168,9.781081,17.209171295166016,0.0812418460845947,127.7468,10.65353,17.2341251373291,0.0905457288026809,119.5311,11.53736,17.306297302246094,0.1047972440719604,119.4424,12.43013,17.307104110717773,0.1129904687404632,120.7208,13.32851,17.295543670654297,0.1198736056685447,115.7308,14.23477,17.34137725830078,0.1335443556308746,113.9711,15.14724,17.358013153076172,0.1442989110946655,116.1253,16.06305,17.337682723999023,0.1501845717430114,109.4056,16.97384,17.402400970458984,0.1684475839138031,108.491,17.88956,17.411516189575195,0.1790318042039871,98.02395,18.79993,17.521669387817383,0.208232432603836,0,1.781,3.321,6.868,8551.7353,3846.9331,106.6599886,23.9993046,1.286e-11,118.332,4.584005,17.317245483398438,0.0420598126947879,/processed1/20260205/L2/OBJ_MP_0965_0057_cat.fits.gz::23724,69,retained_after_posthoc_audit
20260205,00000LJ,67,1,20260205002700010009;20260205002701020152,20260205002700010009;20260205002701020152,OBJ_MP_0965_0085.fits.gz,OBJ_MP_0965_0085_cat.fits.gz,/processed1/20260205/L2/OBJ_MP_0965_0085_cat.fits.gz,23723,61076.49569466435,106.65722675287068,23.99948399749754,106.65724343732514,23.99947370754427,26,0->1;1->2,3,2,0.0609056053090783,0.0,0.1054916028610604,6.667924511466893,0.38511601508415,24.505435779819944,0.9124756009261984,111.49732559917686,0.0055099321334321,17.311881125900015,0.0345995361373089,336.8449346228966,175.39274876715606,23723,w,61076.49569466435,2026-02-05T11:53:48.019,2.333756,0.1165429,2.023986,0.0994938,35.62,33.21,1.151,0.132,7.61,8548.395585059765,0.12301622314,3829.0377449100215,0.12304231844,106.65722675287068,8.738612459069373e-05,23.99948399749754,7.974874780103391e-05,0,0,0,7.250556,188.9258,9.442008,16.809271950638795,0.0542622094480257,0.05,106.7628,9.760148,17.4289493560791,0.0992568880319595,107.6434,5.626585,17.420032501220703,0.0567520931363105,112.4546,4.881047,17.372556686401367,0.0471259467303752,120.977,4.993227,17.293243408203125,0.0448128655552864,126.609,5.423375,17.243839263916016,0.046508178114891,129.489,6.01544,17.219417572021484,0.0504381135106086,127.5426,6.692486,17.235862731933594,0.0569713413715362,126.897,7.421722,17.241371154785156,0.0635005757212638,127.5643,8.181625,17.23567771911621,0.0696361288428306,119.6036,8.963873,17.305639266967773,0.0813721418380737,114.3451,9.759747,17.354455947875977,0.0926713198423385,111.4769,10.5678,17.382038116455078,0.1029257699847221,108.3369,11.37855,17.41305923461914,0.1140341907739639,108.7226,12.19918,17.40920066833496,0.1218246072530746,111.4242,13.02543,17.382551193237305,0.1269219517707824,116.8035,13.85655,17.33135986328125,0.1288023442029953,121.12,14.69273,17.291959762573242,0.1317075788974762,122.5858,15.52434,17.278900146484375,0.1374983489513397,122.1567,16.35857,17.28270721435547,0.1453959792852401,123.0057,17.19274,17.27518653869629,0.1517553180456161,0,1.761,3.217,5.872,8548.3629,3829.0849,106.6572434,23.9994737,1.728e-11,118.4152,4.361764,17.316482543945312,0.0399925485253334,/processed1/20260205/L2/OBJ_MP_0965_0085_cat.fits.gz::23723,70,retained_after_posthoc_audit
20260205,00000LJ,67,2,20260205002701020152,20260205002700010009;20260205002701020152,OBJ_MP_0965_0112.fits.gz,OBJ_MP_0965_0112_cat.fits.gz,/processed1/20260205/L2/OBJ_MP_0965_0112_cat.fits.gz,23701,61076.54752079861,106.65195187772396,23.999883767667225,106.65193773027812,23.99990151611155,26,1->2,3,2,0.0609056053090783,0.0,0.1054916028610604,6.667924511466893,0.38511601508415,24.505435779819944,0.9124756009261984,111.49732559917686,0.0055099321334321,17.311881125900015,0.0345995361373089,336.8449346228966,175.39274876715606,23701,w,61076.54752079861,2026-02-05T13:08:25.797,2.549927,0.1059695,2.319637,0.09870451,54.64,42.12,1.099,0.09,8.83,8539.4019754788,0.11603992444,3797.903210750187,0.11572410699,106.65195187772396,8.21785377524975e-05,23.999883767667225,7.522088251477044e-05,0,0,0,8.124602,212.9105,8.942597,16.67950734835086,0.0456027385631302,0.216,117.3086,9.923701,17.326675415039062,0.0918476730585098,118.7519,5.568276,17.313398361206055,0.0509101673960685,128.6674,4.693769,17.226329803466797,0.039607498794794,135.138,4.640563,17.17305564880371,0.0372835546731948,140.2083,4.938131,17.133066177368164,0.0382395833730697,144.6344,5.400294,17.099321365356445,0.0405387245118618,148.983,5.963737,17.067157745361328,0.0434616543352603,153.3709,6.579168,17.035642623901367,0.0465749390423297,150.5186,7.224995,17.0560245513916,0.0521160624921321,150.2861,7.897181,17.057703018188477,0.0570528842508792,150.6783,8.58951,17.054872512817383,0.0618930533528327,150.053,9.28999,17.05938720703125,0.06721942871809,146.3951,10.00148,17.086183547973633,0.0741757676005363,147.7827,10.71252,17.07594108581543,0.0787031725049018,146.8237,11.43157,17.083009719848633,0.0845344886183738,145.2821,12.15941,17.094470977783203,0.0908708870410919,142.3342,12.88593,17.11672592163086,0.0982948467135429,141.1767,13.61715,17.125591278076172,0.1047243103384971,141.637,14.35337,17.12205696105957,0.1100275442004203,143.0347,15.0773,17.11139678955078,0.1144475489854812,0,2.029,3.633,7.526,8539.4579,3797.8635,106.6519377,23.9999015,1.542e-11,141.6017,4.268992,17.12232780456543,0.0327326469123363,/processed1/20260205/L2/OBJ_MP_0965_0112_cat.fits.gz::23701,71,retained_after_posthoc_audit
20260206,00000LX,102,0,20260206001400010135,20260206001400010135;20260206001401020280,OBJ_MP_0965_0014.fits.gz,OBJ_MP_0965_0014_cat.fits.gz,/processed1/20260206/L2/OBJ_MP_0965_0014_cat.fits.gz,50842,61077.50686840278,108.20381288154977,23.10009663546793,108.20383605540712,23.100105536665215,13,0->1,3,2,0.0539703811213046,0.0,0.0934794422059558,9.733894994068525,0.5787914294140409,22.820360807055295,8.551773482522368,105.89663868302456,0.0038050549183905,18.482621340835408,0.0407655268300223,302.85869847434503,166.3064920225102,50842,w,61077.50686840278,2026-02-06T12:09:53.430,2.138356,0.1183929,1.821679,0.09710121,18.43,19.9,1.175,0.149,6.91,5713.885609590994,0.13384129982,8246.557269191379,0.13403262594,108.20381288154977,9.35321030368641e-05,23.10009663546793,8.592244191163445e-05,0,0,0,6.6637,201.1362,9.437803,16.741274388660827,0.0509453985900213,0.386,116.2587,9.280953,17.336437225341797,0.08667454123497,108.8445,5.510969,17.407983779907227,0.0549725256860256,111.3074,4.864987,17.383689880371094,0.0474549867212772,113.3385,4.997799,17.364055633544922,0.0478768423199653,120.4751,5.439977,17.29775619506836,0.049025721848011,126.9286,6.019557,17.241100311279297,0.0514907613396644,128.9946,6.666414,17.223569869995117,0.0561106093227863,122.613,7.367033,17.278657913208008,0.065234936773777,120.7751,8.104771,17.29505729675293,0.0728597640991211,120.9012,8.865744,17.29392433166504,0.0796175822615623,120.9677,9.642731,17.29332733154297,0.0865475907921791,120.5806,10.42704,17.29680633544922,0.093887485563755,114.9464,11.22055,17.34876251220703,0.1059846952557563,110.8569,12.02252,17.388093948364258,0.1177489832043647,110.504,12.83188,17.391555786132812,0.1260772198438644,110.3997,13.64713,17.392580032348633,0.1342138946056366,109.2142,14.46507,17.4043025970459,0.1438022553920745,105.8221,15.28065,17.43855857849121,0.1567796170711517,114.2655,16.10106,17.35521125793457,0.1529902219772339,127.881,16.91887,17.232986450195312,0.1436447650194168,0,1.696,3.272,6.737,5713.9133,8246.6238,108.2038361,23.1001055,1.562e-11,116.4892,4.330704,17.334285736083984,0.0403642691671848,/processed1/20260206/L2/OBJ_MP_0965_0014_cat.fits.gz::50842,72,retained_after_posthoc_audit
20260206,00000LX,102,1,20260206001400010135;20260206001401020280,20260206001400010135;20260206001401020280,OBJ_MP_0965_0040.fits.gz,OBJ_MP_0965_0040_cat.fits.gz,/processed1/20260206/L2/OBJ_MP_0965_0040_cat.fits.gz,55601,61077.53237195602,108.20155773148494,23.100582814487257,108.20155711801198,23.100572237888496,13,0->1;1->2,3,2,0.0539703811213046,0.0,0.0934794422059558,9.733894994068525,0.5787914294140409,22.820360807055295,8.551773482522368,105.89663868302456,0.0038050549183905,18.482621340835408,0.0407655268300223,302.85869847434503,166.3064920225102,55601,w,61077.53237195602,2026-02-06T12:46:36.937,1.933626,0.08947456,1.780548,0.08304939,63.74,71.73,1.086,0.079,7.27,5718.737587218812,0.077950914343,8233.76815371067,0.077757673855,108.20155773148494,5.426143988529475e-05,23.100582814487257,5.004193456414896e-05,0,0,0,4.978403,161.2277,8.232764,16.981400543066208,0.055440889640352,0.264,124.2078,7.818606,17.26462745666504,0.0683446750044822,124.1081,4.640559,17.265499114990234,0.0405970327556133,116.7964,4.255139,17.3314266204834,0.0395556576550006,115.7632,4.51769,17.341073989868164,0.0423711314797401,114.4743,5.00655,17.35323143005371,0.0474848337471485,114.681,5.607136,17.35127067565918,0.0530852414667606,108.2646,6.26661,17.41378402709961,0.0628449618816375,104.067,6.955224,17.45671844482422,0.0725641995668411,106.3326,7.672,17.433334350585938,0.0783369243144989,107.0311,8.3964,17.426225662231445,0.0851740837097168,108.1398,9.13491,17.415035247802734,0.0917155668139457,103.3362,9.890166,17.46436882019043,0.1039143055677414,106.3867,10.6513,17.432781219482422,0.108702465891838,114.687,11.41303,17.351215362548828,0.1080466657876968,119.6829,12.17584,17.30491828918457,0.1104564219713211,125.7613,12.90716,17.25113296508789,0.1114315018057823,124.4944,13.67153,17.262126922607422,0.1192317381501197,126.3457,14.44956,17.246097564697266,0.1241705045104026,129.5063,15.22917,17.21927261352539,0.1276760399341583,123.5126,16.01234,17.270721435546875,0.1407562792301178,0,1.302,2.418,5.073,5718.7046,8233.7663,108.2015571,23.1005722,1.573e-11,122.3801,3.785935,17.280723571777344,0.0335881970822811,/processed1/20260206/L2/OBJ_MP_0965_0040_cat.fits.gz::55601,73,retained_after_posthoc_audit
20260206,00000LX,102,2,20260206001401020280,20260206001400010135;20260206001401020280,OBJ_MP_0965_0066.fits.gz,OBJ_MP_0965_0066_cat.fits.gz,/processed1/20260206/L2/OBJ_MP_0965_0066_cat.fits.gz,53262,61077.55788368056,108.19927959862636,23.10111261873589,108.19928658610333,23.101108770368025,13,1->2,3,2,0.0539703811213046,0.0,0.0934794422059558,9.733894994068525,0.5787914294140409,22.820360807055295,8.551773482522368,105.89663868302456,0.0038050549183905,18.482621340835408,0.0407655268300223,302.85869847434503,166.3064920225102,53262,w,61077.55788368056,2026-02-06T13:23:21.150,2.113059,0.100821,1.788139,0.08381873,36.68,35.48,1.183,0.154,7.64,5716.7689097315915,0.091899764373,8221.633499718793,0.092002282169,108.19927959862636,6.420324758948937e-05,23.10111261873589,5.899504767725716e-05,0,0,0,5.355778,169.8022,8.548721,16.92514182735264,0.0546615812619501,0.479,119.6957,8.750975,17.3048038482666,0.0793783888220787,125.0613,5.08203,17.257192611694336,0.0441203042864799,123.0718,4.417832,17.27460479736328,0.0389739982783794,117.3083,4.522305,17.326677322387695,0.04185576364398,114.3282,4.925718,17.354618072509766,0.0467778965830802,115.5665,5.453501,17.342920303344727,0.0512351281940937,117.2403,6.063538,17.327306747436523,0.0561530739068985,122.7982,6.703334,17.277019500732422,0.0592684000730514,116.2463,7.379693,17.336551666259766,0.0689260438084602,116.869,8.070521,17.330751419067383,0.0749767497181892,108.3294,8.782087,17.41313362121582,0.0880188196897506,104.9011,9.496991,17.448049545288086,0.0982947796583175,101.1668,10.22429,17.487403869628906,0.1097285076975822,101.8476,10.9551,17.48012351989746,0.1167857497930526,98.19474,11.69597,17.519779205322266,0.1293220221996307,104.3913,12.43727,17.453338623046875,0.1293556243181228,110.9712,13.15343,17.386974334716797,0.1286924183368683,112.1365,13.84933,17.375633239746094,0.1340930610895156,123.2523,14.55705,17.273012161254883,0.12823386490345,130.8641,15.29115,17.207948684692383,0.1268656104803085,0,1.527,2.721,6.194,5716.7569,8221.6535,108.1992866,23.1011088,1.127e-11,121.2839,3.889283,17.29049301147461,0.0348169617354869,/processed1/20260206/L2/OBJ_MP_0965_0066_cat.fits.gz::53262,74,retained_after_posthoc_audit
20260207,00000Ma,120,0,20260207001900010049,20260207001900010049;20260207001901020106,OBJ_MP_0966_0019.fits.gz,OBJ_MP_0966_0019_cat.fits.gz,/processed1/20260207/L2/OBJ_MP_0966_0019_cat.fits.gz,28257,61078.46215174768,109.98968301799314,22.47368964996506,109.98968373442878,22.47368934216749,18,0->1,3,2,0.0553245322771037,0.0,0.095824900808928,1.4729235476793987,0.1174015820957225,23.456043903696475,0.2618312179256547,130.41418554505776,0.0185055452568812,27.613793848627367,0.0757904117420454,354.1796753027618,169.1849835193691,28257,w,61078.46215174768,2026-02-07T11:05:29.911,1.645453,0.1125693,1.542716,0.1078814,-76.12,-78.11,1.067,0.062,6.73,4828.753460977697,0.12189831565,5146.984641405148,0.12152888745,109.98968301799314,8.520729757321988e-05,22.47368964996506,7.892665762199158e-05,0,0,0,4.736676,119.0431,9.039735,17.310739813964577,0.082447208418591,0.317,87.81519,8.22768,17.641075134277344,0.1017260253429412,87.77045,5.03029,17.64162826538086,0.0622255876660347,87.98103,4.705192,17.639028549194336,0.0580647513270378,84.74932,5.053994,17.679658889770508,0.064747467637062,83.8013,5.671345,17.69187355041504,0.0734783932566642,82.13975,6.402755,17.7136173248291,0.0846326351165771,82.36723,7.196126,17.710613250732422,0.0948568359017372,83.3164,8.030615,17.69817352294922,0.1046508178114891,87.32945,8.884748,17.647098541259766,0.1104609221220016,80.5045,9.753256,17.735448837280273,0.1315387636423111,77.93154,10.63405,17.77071762084961,0.1481527537107467,73.03242,11.52186,17.841209411621094,0.1712897717952728,68.36108,12.41761,17.91297721862793,0.1972211897373199,61.24229,13.32238,18.032371520996097,0.2361863106489181,54.73749,14.23063,18.154287338256836,0.282269150018692,51.79011,15.14771,18.21438217163086,0.317559003829956,51.06409,16.06193,18.229711532592773,0.3415123224258423,59.29044,16.98171,18.06753921508789,0.3109717965126037,51.63586,17.89813,18.217620849609375,0.3763400912284851,58.00745,18.81866,18.091289520263672,0.3522323966026306,0,1.327,2.402,5.256,4828.7525,5146.9867,109.9896837,22.4736893,1.888e-11,86.02996,4.065452,17.663375854492188,0.0513078048825264,/processed1/20260207/L2/OBJ_MP_0966_0019_cat.fits.gz::28257,75,retained_after_posthoc_audit
20260207,00000Ma,120,1,20260207001900010049;20260207001901020106,20260207001900010049;20260207001901020106,OBJ_MP_0966_0046.fits.gz,OBJ_MP_0966_0046_cat.fits.gz,/processed1/20260207/L2/OBJ_MP_0966_0046_cat.fits.gz,31167,61078.48850773148,109.98697488892373,22.474172361799177,109.98699567065708,22.474169744237475,18,0->1;1->2,3,2,0.0553245322771037,0.0,0.095824900808928,1.4729235476793987,0.1174015820957225,23.456043903696475,0.2618312179256547,130.41418554505776,0.0185055452568812,27.613793848627367,0.0757904117420454,354.1796753027618,169.1849835193691,31167,w,61078.48850773148,2026-02-07T11:43:27.068,1.618333,0.112623,1.358882,0.09270939,77.95,77.62,1.192,0.161,5.19,4826.693227186248,0.095171132386,5133.268707716922,0.094797009868,109.98697488892373,6.644662786925437e-05,22.474172361799177,6.162176194735025e-05,0,0,0,3.801023,114.7014,7.46018,17.35107781001289,0.0706162621041897,0.924,82.49664,6.187469,17.70890998840332,0.0814331322908401,78.33388,4.001828,17.765125274658203,0.0554668046534061,71.02919,3.972521,17.87140655517578,0.060723066329956,72.1664,4.456748,17.854162216186523,0.0670513287186622,70.87421,5.098577,17.873779296875,0.0781061351299285,67.84833,5.81208,17.921152114868164,0.093007244169712,62.85218,6.563994,18.004199981689453,0.1133893206715583,56.52943,7.344716,18.119314193725582,0.141066774725914,55.45547,8.13488,18.140140533447266,0.1592689305543899,48.90168,8.937214,18.276689529418945,0.1984278857707977,41.13538,9.750259,18.46446228027344,0.2573504745960235,34.2456,10.5758,18.66348648071289,0.3352992534637451,34.63403,11.40154,18.65124130249023,0.3574248850345611,30.8474,12.23425,18.776952743530273,0.4306090474128723,35.12817,13.06963,18.63586044311523,0.4039541482925415,39.00444,13.91123,18.522214889526367,0.3872359991073608,35.40308,14.75427,18.627397537231445,0.4524818062782287,38.70191,15.60296,18.530670166015625,0.4377224147319793,41.44539,16.44875,18.456308364868164,0.4309045076370239,30.98633,17.29434,18.772075653076172,0.6059799194335938,1,1.069,1.989,4.39,4826.6846,5133.3284,109.9869957,22.4741697,3.291e-11,75.40144,3.379928,17.806550979614258,0.0486689582467079,/processed1/20260207/L2/OBJ_MP_0966_0046_cat.fits.gz::31167,76,retained_after_posthoc_audit
20260207,00000Ma,120,2,20260207001901020106,20260207001900010049;20260207001901020106,OBJ_MP_0966_0073.fits.gz,OBJ_MP_0966_0073_cat.fits.gz,/processed1/20260207/L2/OBJ_MP_0966_0073_cat.fits.gz,31843,61078.51480657407,109.98417643145956,22.47466168763813,109.98417347429876,22.474653849915608,18,1->2,3,2,0.0553245322771037,0.0,0.095824900808928,1.4729235476793987,0.1174015820957225,23.456043903696475,0.2618312179256547,130.41418554505776,0.0185055452568812,27.613793848627367,0.0757904117420454,354.1796753027618,169.1849835193691,31843,w,61078.51480657407,2026-02-07T12:21:19.288,1.622457,0.1121702,1.497609,0.1003145,52.3,44.87,1.084,0.077,6.16,4822.634905660054,0.10514400761,5116.132761004054,0.1045421142,109.98417643145956,7.326497014048527e-05,22.47466168763813,6.807597988611747e-05,0,0,0,3.958959,100.1636,6.984187,17.498224993524357,0.07570597814886,0.794,76.97116,5.954135,17.7841796875,0.0839875563979148,73.07334,3.803924,17.84060287475586,0.0565193481743335,70.90868,3.742248,17.87325096130371,0.0573003850877285,70.47377,4.170416,17.87993049621582,0.0642504543066024,69.52374,4.753242,17.89466667175293,0.0742302909493446,68.00558,5.414679,17.91864013671875,0.0864475145936012,68.28869,6.115009,17.914127349853516,0.0972238108515739,70.46082,6.841099,17.880130767822266,0.1054150238633155,68.29998,7.579729,17.91394805908203,0.1204917803406715,70.03264,8.330735,17.886749267578125,0.1291537880897522,73.21596,9.08656,17.838485717773438,0.1347466856241226,70.99802,9.849713,17.871883392333984,0.1506265848875045,62.5759,10.61895,18.008981704711914,0.1842462420463562,55.50339,11.39439,18.13920211791992,0.2228926420211792,52.21777,12.17066,18.205453872680664,0.2530580163002014,52.48447,12.94814,18.199922561645508,0.2678557336330414,52.75132,13.72735,18.194416046142575,0.2825384438037872,51.2067,14.51016,18.226682662963867,0.3076591789722442,50.90275,15.29855,18.23314666748047,0.3263122141361236,53.34771,16.08295,18.18221092224121,0.3273212909698486,1,1.179,2.196,5.405,4822.6106,5116.124,109.9841735,22.4746538,3.699e-11,71.35999,3.143168,17.866363525390625,0.047823030501604,/processed1/20260207/L2/OBJ_MP_0966_0073_cat.fits.gz::31843,77,retained_after_posthoc_audit
20260207,00000Md,159,0,20260207002600010006,20260207002600010006;20260207002601020173,OBJ_MP_0965_0026.fits.gz,OBJ_MP_0965_0026_cat.fits.gz,/processed1/20260207/L2/OBJ_MP_0965_0026_cat.fits.gz,20624,61078.46962516203,106.46522419213308,24.010533969286996,106.4652351168768,24.010532238207592,25,0->1,3,2,0.0731874769030917,0.0,0.1267644284739287,6.446222146185185,0.3639685532382719,24.65252156667701,0.0362845367647806,112.5692093141458,0.0036453434862272,17.17921697193899,0.0556756578870875,318.74504541121644,176.46237653982163,20624,w,61078.46962516203,2026-02-07T11:16:15.614,2.145276,0.1053059,1.792824,0.09031129,88.57,-89.28,1.198,0.166,9.24,8604.796984187918,0.10575595042,3323.7181732018144,0.10516399794,106.46522419213308,7.47804277096975e-05,24.010533969286996,6.864665185801755e-05,0,0,0,5.995464,162.601,10.49416,16.972191863315935,0.0700727023486451,0.92,113.4981,9.227982,17.362529754638672,0.0882759690284729,119.9373,5.580578,17.302614212036133,0.0505183450877666,125.2003,5.054871,17.2559871673584,0.0438358187675476,129.5271,5.352215,17.219097137451172,0.0448639020323753,128.8415,5.925245,17.22486114501953,0.0499315299093723,130.3711,6.650188,17.212045669555664,0.0553830750286579,128.179,7.439016,17.230457305908203,0.0630119517445564,129.2715,8.278452,17.221242904663086,0.0695297420024871,131.2559,9.149897,17.204702377319336,0.0756870657205581,134.4734,10.03983,17.178409576416016,0.081061378121376,135.5208,10.93741,17.169986724853516,0.0876259803771972,136.8786,11.85508,17.159160614013672,0.0940358191728591,139.7827,12.76635,17.13636589050293,0.0991602465510368,144.3431,13.69246,17.10150909423828,0.1029934361577034,146.3461,14.61909,17.0865478515625,0.108458511531353,145.8986,15.55663,17.089872360229492,0.1157680377364158,153.9379,16.49058,17.031635284423828,0.1163093373179435,160.4875,17.43002,16.98639678955078,0.1179182454943656,163.144,18.36273,16.96857261657715,0.1222054585814476,169.8385,19.30819,16.924909591674805,0.1234325468540191,1,1.58,2.858,5.788,8604.7912,3323.7492,106.4652351,24.0105322,6.886e-12,138.2032,4.891906,17.148704528808594,0.0384312309324741,/processed1/20260207/L2/OBJ_MP_0965_0026_cat.fits.gz::20624,78,retained_after_posthoc_audit
20260207,00000Md,159,1,20260207002600010006;20260207002601020173,20260207002600010006;20260207002601020173,OBJ_MP_0965_0053.fits.gz,OBJ_MP_0965_0053_cat.fits.gz,/processed1/20260207/L2/OBJ_MP_0965_0053_cat.fits.gz,22991,61078.495940277775,106.46264396716452,24.01068704351809,106.4626438309408,24.01067357180057,25,0->1;1->2,3,2,0.0731874769030917,0.0,0.1267644284739287,6.446222146185185,0.3639685532382719,24.65252156667701,0.0362845367647806,112.5692093141458,0.0036453434862272,17.17921697193899,0.0556756578870875,318.74504541121644,176.46237653982163,22991,w,61078.495940277775,2026-02-07T11:54:09.240,2.191736,0.09975701,1.755419,0.07964486,72.9,74.1,1.251,0.201,6.86,8598.306608950712,0.083490509922,3307.275215507138,0.083063701881,106.46264396716452,5.905851308796173e-05,24.01068704351809,5.419412575591309e-05,0,0,0,5.709364,179.3087,8.426941,16.865996840511123,0.0510261748253933,0.083,107.3929,6.992538,17.42255973815918,0.0706941410899162,112.159,4.43758,17.37541389465332,0.0429572314023971,122.9254,4.347032,17.275896072387695,0.0383950807154178,128.7333,4.796032,17.225772857666016,0.04044970870018,130.5927,5.439446,17.210201263427734,0.0452230684459209,127.6727,6.158336,17.23475456237793,0.0523708462715148,126.0676,6.926639,17.248491287231445,0.0596545189619064,123.6502,7.726105,17.269514083862305,0.0678406879305839,117.9675,8.54544,17.320594787597656,0.07864960283041,113.3108,9.376249,17.364322662353516,0.0898425877094268,111.1606,10.2207,17.385122299194336,0.0998283922672271,114.0495,11.06994,17.35726547241211,0.1053843647241592,110.7949,11.9268,17.388700485229492,0.1168768480420112,108.8369,12.7919,17.40806007385254,0.1276095807552337,112.7472,13.66143,17.369735717773438,0.1315572559833526,116.171,14.53917,17.337255477905273,0.1358832567930221,122.0935,15.41461,17.283267974853516,0.1370768994092941,120.9898,16.29041,17.293128967285156,0.1461866945028305,119.7191,17.17158,17.304590225219727,0.1557295471429824,121.2306,18.0488,17.290969848632812,0.1616443246603012,0,1.401,2.589,4.935,8598.2646,3307.2743,106.4626438,24.0106736,9.733e-12,121.4136,3.71311,17.289331436157227,0.033204335719347,/processed1/20260207/L2/OBJ_MP_0965_0053_cat.fits.gz::22991,79,retained_after_posthoc_audit
20260207,00000Md,159,2,20260207002601020173,20260207002600010006;20260207002601020173,OBJ_MP_0965_0080.fits.gz,OBJ_MP_0965_0080_cat.fits.gz,/processed1/20260207/L2/OBJ_MP_0965_0080_cat.fits.gz,22649,61078.52220726852,106.46013727479422,24.010821234696593,106.46014131237776,24.010837024067992,25,1->2,3,2,0.0731874769030917,0.0,0.1267644284739287,6.446222146185185,0.3639685532382719,24.65252156667701,0.0362845367647806,112.5692093141458,0.0036453434862272,17.17921697193899,0.0556756578870875,318.74504541121644,176.46237653982163,22649,w,61078.52220726852,2026-02-07T12:31:58.708,2.15309,0.09562247,1.78577,0.08103558,79.93,84.63,1.208,0.172,8.0,8592.864538189457,0.089517458951,3292.0021995955135,0.088761137898,106.46013727479422,6.31056275182118e-05,24.010821234696593,5.810405019346376e-05,0,0,0,5.326138,172.2711,8.484814,16.909469141914933,0.0534754343665835,0.791,111.2057,7.514803,17.384681701660156,0.0733693689107894,116.8448,4.533133,17.330976486206055,0.0421224199235439,122.7279,4.250175,17.27764129638672,0.0375999920070171,127.0742,4.589715,17.239856719970703,0.0392150320112705,127.8982,5.142315,17.232839584350586,0.0436534322798252,125.9826,5.800081,17.249223709106445,0.0499859228730201,129.0191,6.50916,17.223363876342773,0.0547766014933586,129.7047,7.247775,17.217609405517578,0.0606698915362358,135.3411,8.006071,17.171424865722656,0.0642264634370803,135.6261,8.777576,17.16914176940918,0.0702676698565483,135.9587,9.564921,17.16648292541504,0.0763833597302436,140.0128,10.35601,17.134580612182617,0.0803061574697494,142.7275,11.15513,17.113731384277344,0.0848577246069908,138.5694,11.95663,17.145832061767578,0.093684121966362,133.9991,12.76325,17.1822452545166,0.1034150198101997,137.0376,13.57621,17.157901763916016,0.1075630858540535,133.8296,14.39362,17.18362045288086,0.1167730018496513,131.9339,15.21076,17.199108123779297,0.1251753121614456,129.6715,16.02522,17.21788787841797,0.1341787129640579,125.9775,16.83354,17.249267578125,0.1450797915458679,1,1.488,2.804,6.277,8592.9137,3292.0143,106.4601413,24.010837,1.259e-11,125.8337,3.786571,17.250507354736328,0.0326718427240848,/processed1/20260207/L2/OBJ_MP_0965_0080_cat.fits.gz::22649,80,retained_after_posthoc_audit
20260207,00000Mf,168,0,20260207002600010040,20260207002600010040;20260207002601020232,OBJ_MP_0965_0026.fits.gz,OBJ_MP_0965_0026_cat.fits.gz,/processed1/20260207/L2/OBJ_MP_0965_0026_cat.fits.gz,37160,61078.46962516203,107.35841963108685,22.512040091874972,107.35844899681676,22.51202500916867,25,0->1,3,2,0.0547523914377059,0.0,0.0948339238060059,2.5880525364381706,0.1885790701463507,22.99673534505769,2.066586603773733,118.65269017353484,0.0092831883115477,22.40771158605216,0.0503228720585865,426.48738435176665,167.92245989572692,37160,w,61078.46962516203,2026-02-07T11:16:15.614,1.110086,0.1847912,0.8479231,0.1350446,89.14,-89.64,1.309,0.236,3.4,3909.38998858906,0.20027089836,5833.767229951776,0.19983545504,107.35841963108685,0.0001398538637857,22.512040091874972,0.0001294716340787,0,0,0,5.767233,116.1892,12.49288,17.33708524894413,0.1167403363981366,0.685,50.71661,8.585266,18.237125396728516,0.1837925165891647,51.31539,5.349331,18.224380493164062,0.1131816878914833,44.68372,4.940528,18.37462615966797,0.1200462058186531,39.07371,5.277905,18.520288467407227,0.1466564834117889,39.23144,5.883429,18.515914916992188,0.1628248244524002,32.5043,6.622235,18.72014808654785,0.2212015390396118,24.70802,7.428873,19.01790428161621,0.3264443874359131,24.94519,8.285737,19.007532119750977,0.3606356382369995,26.03371,9.160034,18.96116065979004,0.3820193409919739,20.15416,10.06323,19.23908805847168,0.5421221256256104,20.68684,10.9699,19.210765838623047,0.5757485628128052,19.52142,11.89086,19.27372169494629,0.6613418459892273,16.47535,12.81417,19.457914352416992,0.8444623351097107,13.27716,13.7479,19.692237854003903,1.124230980873108,8.90534,14.68305,20.125873565673828,1.790152907371521,9.674974,15.63105,20.03587532043457,1.7541331052780151,15.54389,16.56951,19.521100997924805,1.1573748588562012,17.86394,17.51406,19.370058059692383,1.0644714832305908,23.66643,18.45819,19.064668655395508,0.8467993140220642,19.70449,19.40835,19.263587951660156,1.0694183111190796,1,1.091,1.843,3.381,3909.3424,5833.8514,107.358449,22.512025,6.438e-11,44.1464,4.145671,18.38776206970215,0.1019586101174354,/processed1/20260207/L2/OBJ_MP_0965_0026_cat.fits.gz::37160,81,retained_after_posthoc_audit
20260207,00000Mf,168,1,20260207002600010040;20260207002601020232,20260207002600010040;20260207002601020232,OBJ_MP_0965_0053.fits.gz,OBJ_MP_0965_0053_cat.fits.gz,/processed1/20260207/L2/OBJ_MP_0965_0053_cat.fits.gz,41555,61078.495940277775,107.35511379199956,22.512721533864344,107.35511277934091,22.512717101899696,25,0->1;1->2,3,2,0.0547523914377059,0.0,0.0948339238060059,2.5880525364381706,0.1885790701463507,22.99673534505769,2.066586603773733,118.65269017353484,0.0092831883115477,22.40771158605216,0.0503228720585865,426.48738435176665,167.92245989572692,41555,w,61078.495940277775,2026-02-07T11:54:09.240,1.296752,0.1367727,1.096999,0.1178005,70.18,74.99,1.183,0.154,4.17,3904.258332786751,0.13610186558,5815.71459190325,0.13562108662,107.35511379199956,9.490400033485002e-05,22.512721533864344,8.798597833958866e-05,0,0,0,4.340574,99.38762,8.685605,17.506669257129893,0.0948838055176814,0.945,65.71404,6.570654,17.955854415893555,0.1085612326860427,58.45813,4.270178,18.082887649536133,0.0793095305562019,52.57512,4.225564,18.19804954528809,0.087262712419033,47.37426,4.722472,18.31114387512207,0.1082309037446975,45.4619,5.386187,18.355880737304688,0.1286346912384033,40.69702,6.129649,18.476093292236328,0.163529947400093,35.32956,6.913742,18.629653930664062,0.2124708145856857,32.07386,7.723385,18.734622955322266,0.2614452242851257,32.52796,8.551283,18.719358444213867,0.285429447889328,29.88478,9.393585,18.81137466430664,0.3412759006023407,31.4529,10.23968,18.755847930908203,0.353468120098114,35.08548,11.09989,18.637182235717773,0.3434911072254181,35.54973,11.96283,18.62290954589844,0.365360677242279,33.94182,12.83292,18.67316246032715,0.4105013608932495,36.55784,13.70991,18.592548370361328,0.4071725904941559,36.04108,14.58887,18.60800552368164,0.4394889771938324,25.91199,15.47255,18.96624755859375,0.6483139395713806,22.57559,16.3541,19.115901947021484,0.786523699760437,28.13927,17.2406,18.876718521118164,0.6652177572250366,24.39577,18.12583,19.031713485717773,0.8066921234130859,1,1.033,1.849,5.476,3904.2445,5815.7116,107.3551128,22.5127171,6.298e-11,52.95284,3.429345,18.190277099609375,0.0703147202730178,/processed1/20260207/L2/OBJ_MP_0965_0053_cat.fits.gz::41555,82,retained_after_posthoc_audit
20260207,00000Mf,168,2,20260207002601020232,20260207002600010040;20260207002601020232,OBJ_MP_0965_0080.fits.gz,OBJ_MP_0965_0080_cat.fits.gz,/processed1/20260207/L2/OBJ_MP_0965_0080_cat.fits.gz,41018,61078.52220726852,107.35182569051236,22.51334347053782,107.35182976933258,22.513323119922504,25,1->2,3,2,0.0547523914377059,0.0,0.0948339238060059,2.5880525364381706,0.1885790701463507,22.99673534505769,2.066586603773733,118.65269017353484,0.0092831883115477,22.40771158605216,0.0503228720585865,426.48738435176665,167.92245989572692,41018,w,61078.52220726852,2026-02-07T12:31:58.708,1.059461,0.191082,0.7380673,0.1270377,-73.31,-72.45,1.434,0.303,3.1,3900.193257695674,0.18080892038,5798.591551133295,0.18061740594,107.35182569051236,0.0001263763187893,22.51334347053782,0.000116882930385,0,0,0,3.176083,99.82637,10.10271,17.50188682907103,0.1098795988433328,0.682,51.07273,6.578847,18.22952651977539,0.1398572474718094,42.63491,4.247504,18.425586700439453,0.1081665009260177,36.30923,4.084834,18.599956512451172,0.122146688401699,29.82252,4.481055,18.81363868713379,0.1631399244070053,27.94046,5.071682,18.88441467285156,0.1970800906419754,31.02789,5.752123,18.770620346069336,0.201279804110527,29.99394,6.473103,18.80741500854492,0.2343166917562484,29.9022,7.228273,18.810741424560547,0.2624554932117462,28.70773,7.994711,18.855003356933594,0.3023626804351806,29.32186,8.779497,18.832019805908203,0.325089156627655,27.50237,9.573317,18.901575088500977,0.3779345452785492,30.38689,10.37434,18.793285369873047,0.370679497718811,29.76132,11.17578,18.815868377685547,0.4077085256576538,28.72958,11.98674,18.854177474975582,0.4529978334903717,34.22862,12.80023,18.664026260375977,0.4060248434543609,35.70819,13.62457,18.618080139160156,0.4142661094665527,33.6012,14.44337,18.684112548828125,0.4667001962661743,27.42055,15.26789,18.904809951782227,0.6045430302619934,19.93011,16.08897,19.2512264251709,0.8764814138412476,5.366647,16.9024,20.675743103027344,3.4195549488067627,1,0.912,1.691,2.394,3900.1298,5798.6029,107.3518298,22.5133231,1.045e-10,40.21921,3.540615,18.488916397094727,0.0955805405974388,/processed1/20260207/L2/OBJ_MP_0965_0080_cat.fits.gz::41018,83,retained_after_posthoc_audit
20260207,00000Mg,174,0,20260207002600010066,20260207002600010066;20260207002601020270,OBJ_MP_0965_0026.fits.gz,OBJ_MP_0965_0026_cat.fits.gz,/processed1/20260207/L2/OBJ_MP_0965_0026_cat.fits.gz,42251,61078.46962516203,107.65578265762689,23.29318236879316,107.6557934022534,23.293159193748483,25,0->1,3,2,0.385813499762813,0.0,0.6682485838351551,9.96554628318948,0.5885825142034339,23.648188726952167,3.1150140181549544,110.68532649162472,0.0039340614790109,18.539843975236217,0.3086310292243722,281.2710999830769,171.6439795602148,42251,w,61078.46962516203,2026-02-07T11:16:15.614,1.069883,0.2004261,0.8002741,0.1442802,21.14,20.48,1.337,0.252,6.24,6337.980273540947,0.28064701008,6701.674930918964,0.28070899797,107.65578265762689,0.000197152763576,23.29318236879316,0.0001808949486168,0,0,0,5.495505,57.06137,9.734683,18.109144533442475,0.1852268572737799,0.62,42.63,8.671455,18.425710678100582,0.220851793885231,40.73309,5.378381,18.47513198852539,0.1433601826429367,36.31772,4.956769,18.599702835083008,0.1481850743293762,35.60693,5.289699,18.62116241455078,0.1612949073314666,39.17902,5.889852,18.517364501953125,0.1632206439971923,33.99911,6.629574,18.67133140563965,0.2117104977369308,29.56891,7.429879,18.822912216186523,0.27281653881073,23.59184,8.279571,19.068096160888672,0.3810398578643799,18.08952,9.151996,19.35643196105957,0.5493044257164001,9.114204,10.04836,20.10070419311523,1.1970181465148926,4.345082,10.95059,20.905006408691406,2.7363009452819824,0.1408111,11.87139,24.628408432006836,91.5354232788086,1.370852,12.79185,22.15752410888672,10.131340026855469,-6.376572,13.72499,99.0,99.0,-13.67371,14.66312,99.0,99.0,-13.32798,15.6063,99.0,99.0,-12.85064,16.54456,99.0,99.0,-18.37716,17.4887,99.0,99.0,-20.88947,18.43258,99.0,99.0,-16.43919,19.3825,99.0,99.0,1,1.259,2.364,4.865,6337.9079,6701.7053,107.6557934,23.2931592,1.031e-10,39.57413,4.465293,18.506471633911133,0.1225075721740722,/processed1/20260207/L2/OBJ_MP_0965_0026_cat.fits.gz::42251,84,retained_after_posthoc_audit
20260207,00000Mg,174,1,20260207002600010066;20260207002601020270,20260207002600010066;20260207002601020270,OBJ_MP_0965_0053.fits.gz,OBJ_MP_0965_0053_cat.fits.gz,/processed1/20260207/L2/OBJ_MP_0965_0053_cat.fits.gz,47236,61078.495940277775,107.65337256758237,23.293451981900247,107.6533917278047,23.293514076579186,25,0->1;1->2,3,2,0.385813499762813,0.0,0.6682485838351551,9.96554628318948,0.5885825142034339,23.648188726952167,3.1150140181549544,110.68532649162472,0.0039340614790109,18.539843975236217,0.3086310292243722,281.2710999830769,171.6439795602148,47236,w,61078.495940277775,2026-02-07T11:54:09.240,1.253043,0.190715,0.909071,0.1391737,86.75,-89.79,1.379,0.275,3.74,6331.656312347677,0.22686052241,6686.060080357974,0.22546644079,107.65337256758237,0.0001583454659481,23.293451981900247,0.0001462164002816,0,0,0,6.355269,78.47932,9.158502,17.76311193755427,0.1267049329413997,0.737,29.55196,6.136631,18.82353401184082,0.2254592478275299,34.68098,4.175455,18.649770736694336,0.1307184100151062,36.47951,4.184855,18.594877243041992,0.1245534494519233,33.20194,4.690564,18.697092056274418,0.1533860713243484,25.61032,5.361996,18.97896194458008,0.2273190319538116,21.30738,6.106862,19.178674697875977,0.3111805319786072,21.21583,6.891032,19.183349609375,0.3526538014411926,10.95374,7.699657,19.901094436645508,0.7631912231445312,6.722203,8.527469,20.43122100830078,1.377313494682312,4.570967,9.370492,20.84997940063477,2.2257614135742188,-1.321537,10.22026,99.0,99.0,-6.616994,11.07667,99.0,99.0,-14.43503,11.94321,99.0,99.0,-12.85785,12.8116,99.0,99.0,-18.61868,13.68603,99.0,99.0,-18.89175,14.56676,99.0,99.0,-22.20255,15.44799,99.0,99.0,-28.53999,16.32704,99.0,99.0,-30.7872,17.2139,99.0,99.0,-33.54999,18.09834,99.0,99.0,1,1.23,2.057,3.309,6331.8496,6686.1159,107.6533917,23.2935141,8.918e-11,37.53519,3.985377,18.56390380859375,0.1152803003787994,/processed1/20260207/L2/OBJ_MP_0965_0053_cat.fits.gz::47236,85,retained_after_posthoc_audit
20260207,00000Mg,174,2,20260207002601020270,20260207002600010066;20260207002601020270,OBJ_MP_0965_0080.fits.gz,OBJ_MP_0965_0080_cat.fits.gz,/processed1/20260207/L2/OBJ_MP_0965_0080_cat.fits.gz,46691,61078.52220726852,107.65135739825168,23.293779417534942,107.65139024050772,23.293804764549023,25,1->2,3,2,0.385813499762813,0.0,0.6682485838351551,9.96554628318948,0.5885825142034339,23.648188726952167,3.1150140181549544,110.68532649162472,0.0039340614790109,18.539843975236217,0.3086310292243722,281.2710999830769,171.6439795602148,46691,w,61078.52220726852,2026-02-07T12:31:58.708,1.265935,0.1664968,1.09703,0.1450057,49.13,45.41,1.155,0.134,4.12,6326.771785545372,0.19475937467,6672.50182074139,0.19390715675,107.65135739825168,0.0001361616773607,23.293779417534942,0.0001255240917359,0,0,0,5.43538,79.68402,8.668443,17.74657195170302,0.1181120417858776,0.602,43.14683,6.678226,18.412628173828125,0.1680492311716079,41.42278,4.266011,18.45690155029297,0.1118168160319328,42.09267,4.108828,18.439483642578125,0.1059829145669937,38.92809,4.486282,18.524343490600582,0.1251260936260223,35.23272,5.070973,18.63263511657715,0.1562677770853042,34.31455,5.747057,18.661304473876953,0.1818408668041229,33.23447,6.473072,18.696027755737305,0.2114686667919159,37.51926,7.226542,18.56436538696289,0.209122434258461,33.4906,7.990094,18.68769264221191,0.2590318918228149,31.41665,8.775006,18.757099151611328,0.3032577633857727,30.87101,9.567065,18.776123046875,0.3364745676517486,24.40828,10.36609,19.031158447265625,0.4611075818538666,27.02349,11.16918,18.92064666748047,0.4487496316432953,29.83665,11.98011,18.81312561035156,0.4359485208988189,31.44542,12.79451,18.756107330322266,0.4417641162872314,33.26521,13.61427,18.695024490356445,0.4443532526493072,33.1808,14.43488,18.697782516479492,0.472335547208786,40.07917,15.25878,18.49270248413086,0.413357138633728,51.19059,16.07865,18.22702407836914,0.3410230875015259,45.35588,16.89223,18.358417510986328,0.4043689668178558,1,1.136,2.031,3.376,6326.8504,6672.5962,107.6513902,23.2938048,1.264e-10,44.92116,3.807875,18.368871688842773,0.0920356437563896,/processed1/20260207/L2/OBJ_MP_0965_0080_cat.fits.gz::46691,86,retained_after_posthoc_audit
20260207,00000Mh,177,0,20260207002600010121,20260207002600010121;20260207002601020369,OBJ_MP_0965_0026.fits.gz,OBJ_MP_0965_0026_cat.fits.gz,/processed1/20260207/L2/OBJ_MP_0965_0026_cat.fits.gz,49690,61078.46962516203,108.12191325621602,23.11741199765148,108.12191289472275,23.11740874094441,25,0->1,3,2,0.0220214027073746,0.0,0.0381421883431077,3.264889250602931,0.3567928862095458,23.409110882854076,2.1918573892001696,118.91242144322668,0.0099183607587462,23.940887484248567,0.0263893696526509,293.3103270417572,168.22889236999907,49690,w,61078.46962516203,2026-02-07T11:16:15.614,2.609245,0.1168216,2.075517,0.08482042,-10.85,-11.85,1.258,0.205,10.51,5786.366392173381,0.085184178904,8035.361258961339,0.085219657184,108.12191325621602,5.953496281563275e-05,23.11741199765148,5.472557071328765e-05,0,0,0,8.134716,185.9352,11.19324,16.82659572437281,0.065360942576502,0.039,162.614,9.596539,16.972105026245117,0.0640738680958747,153.4167,5.672043,17.03531837463379,0.0401412658393383,146.9322,5.157386,17.08220672607422,0.0381098240613937,149.5249,5.410035,17.063215255737305,0.0392835475504398,154.601,5.994296,17.02696990966797,0.0420968942344188,156.8983,6.718876,17.010953903198242,0.046494610607624,158.8887,7.515754,16.99726676940918,0.0513574890792369,157.7963,8.358096,17.004758834838867,0.0575088821351528,155.6689,9.231139,17.01949691772461,0.0643839761614799,157.4126,10.11945,17.007400512695312,0.0697977989912033,155.1729,11.02197,17.022960662841797,0.0771201252937316,144.8153,11.93577,17.097963333129883,0.0894870907068252,139.0031,12.862,17.142438888549805,0.1004634946584701,146.7639,13.79108,17.083452224731445,0.1020242199301719,150.8548,14.72494,17.05360221862793,0.1059787347912788,152.7957,15.66331,17.039722442626953,0.1113003566861152,155.3757,16.60384,17.021543502807617,0.1160245239734649,162.8709,17.54725,16.97039031982422,0.1169741004705429,163.2229,18.49088,16.968046188354492,0.1229987666010856,175.037,19.43894,16.892175674438477,0.1205777302384376,0,1.48,2.85,5.597,5786.3562,8035.3602,108.1219129,23.1174087,7.377e-12,152.563,4.5302,17.0413761138916,0.0322398133575916,/processed1/20260207/L2/OBJ_MP_0965_0026_cat.fits.gz::49690,87,retained_after_posthoc_audit
20260207,00000Mh,177,1,20260207002600010121;20260207002601020369,20260207002600010121;20260207002601020369,OBJ_MP_0965_0053.fits.gz,OBJ_MP_0965_0053_cat.fits.gz,/processed1/20260207/L2/OBJ_MP_0965_0053_cat.fits.gz,55550,61078.495940277775,108.11963388021974,23.11786471091092,108.1196312904497,23.117859215305625,25,0->1;1->2,3,2,0.0220214027073746,0.0,0.0381421883431077,3.264889250602931,0.3567928862095458,23.409110882854076,2.1918573892001696,118.91242144322668,0.0099183607587462,23.940887484248567,0.0263893696526509,293.3103270417572,168.22889236999907,55550,w,61078.495940277775,2026-02-07T11:54:09.240,2.15415,0.08295982,1.860666,0.06983801,59.55,56.83,1.158,0.137,9.46,5780.5359325454065,0.061463638099,8020.144490875114,0.061064255341,108.11963388021974,4.2659988935156434e-05,23.11786471091092,3.9484443654203005e-05,0,0,0,5.34617,175.6784,9.524424,16.888203975893397,0.0588633043843994,0.299,143.8851,7.30677,17.104961395263672,0.0551358498632907,146.3053,4.55476,17.086849212646484,0.033801008015871,151.1822,4.425482,17.05124855041504,0.0317822247743606,153.2242,4.849571,17.03668212890625,0.0343637391924858,149.3403,5.489069,17.064558029174805,0.0399067290127277,151.8435,6.215287,17.0465087890625,0.0444415509700775,150.4584,6.986775,17.056459426879883,0.0504178777337074,144.1779,7.791542,17.102754592895508,0.058674469590187,143.2663,8.613365,17.10964012145996,0.0652759298682212,134.5771,9.444484,17.17757225036621,0.0761958733201026,128.0414,10.28979,17.231624603271484,0.087252989411354,125.9829,11.14565,17.24921989440918,0.0960545614361763,127.1371,12.0084,17.23931884765625,0.1025503054261207,122.3036,12.87599,17.281402587890625,0.1143051087856292,120.3267,13.74811,17.299095153808594,0.1240524351596832,121.6649,14.62723,17.287086486816406,0.1305332630872726,117.0991,15.50628,17.328617095947266,0.1437733471393585,109.2822,16.39103,17.40362548828125,0.1628475785255432,113.1389,17.27775,17.365970611572266,0.1658058166503906,118.7709,18.14412,17.31322479248047,0.1658632457256317,0,1.315,2.385,4.518,5780.5188,8020.137,108.1196313,23.1178592,6.684e-12,153.6762,3.905664,17.033483505249023,0.0275938678532838,/processed1/20260207/L2/OBJ_MP_0965_0053_cat.fits.gz::55550,88,retained_after_posthoc_audit
20260207,00000Mh,177,2,20260207002601020369,20260207002600010121;20260207002601020369,OBJ_MP_0965_0080.fits.gz,OBJ_MP_0965_0080_cat.fits.gz,/processed1/20260207/L2/OBJ_MP_0965_0080_cat.fits.gz,54976,61078.52220726852,108.11735302623146,23.118285961552836,108.11735003907312,23.118271720925033,25,1->2,3,2,0.0220214027073746,0.0,0.0381421883431077,3.264889250602931,0.3567928862095458,23.409110882854076,2.1918573892001696,118.91242144322668,0.0099183607587462,23.940887484248567,0.0263893696526509,293.3103270417572,168.22889236999907,54976,w,61078.52220726852,2026-02-07T12:31:58.708,2.040339,0.07973463,1.932403,0.07363589,53.35,40.15,1.056,0.053,10.42,5775.911258319099,0.062026493849,8005.969301043475,0.061836649824,108.11735302623146,4.319229090299359e-05,23.118285961552836,3.984544433066617e-05,0,0,0,4.73085,149.9669,9.598104,17.060011676612955,0.0694887390096045,0.461,142.642,7.772545,17.114381790161133,0.0591616407036781,141.1173,4.611031,17.126049041748047,0.0354766026139259,141.1296,4.310156,17.125953674316406,0.0331588275730609,142.457,4.631959,17.11579132080078,0.0353024713695049,140.2093,5.18593,17.133058547973633,0.0401581935584545,137.8891,5.845126,17.15117645263672,0.046024415642023,134.7007,6.552943,17.17657470703125,0.052819088101387,133.0467,7.298731,17.189990997314453,0.0595617704093456,129.2446,8.059954,17.221467971801758,0.067708671092987,132.0303,8.838264,17.19831657409668,0.0726804882287979,134.7504,9.628101,17.17617416381836,0.0775773227214813,132.2086,10.42322,17.196849822998047,0.0855986028909683,134.1072,11.22949,17.18136978149414,0.090914249420166,130.8155,12.03578,17.208351135253906,0.0998939722776413,131.5254,12.84986,17.202476501464844,0.1060749962925911,137.2807,13.66941,17.155975341796875,0.1081096902489662,141.3667,14.48989,17.12413215637207,0.1112864688038826,140.2563,15.31597,17.132694244384766,0.1185622289776802,135.5549,16.13387,17.16971206665039,0.1292254030704498,129.3752,16.94942,17.220373153686523,0.1422421634197235,0,1.293,2.347,4.279,5775.8669,8005.9606,108.11735,23.1182717,6.783e-12,146.6937,3.855026,17.08397102355957,0.0285325273871421,/processed1/20260207/L2/OBJ_MP_0965_0080_cat.fits.gz::54976,89,retained_after_posthoc_audit
20260207,00000Mi,178,0,20260207002600010129,20260207002600010129;20260207002601020374,OBJ_MP_0965_0026.fits.gz,OBJ_MP_0965_0026_cat.fits.gz,/processed1/20260207/L2/OBJ_MP_0965_0026_cat.fits.gz,50649,61078.46962516203,108.1774613591883,23.113985852324937,108.17746288849872,23.11398528048045,25,0->1,3,2,0.0366689569038882,0.0030735851265057,0.063438082219813,5.117795338945294,0.5115084081995961,23.679473011647612,1.3351760739326477,117.40710541173227,0.0080594857033793,23.159458115106425,0.0339329050028179,258.7688595811352,172.07930478058896,50649,w,61078.46962516203,2026-02-07T11:16:15.614,2.57428,0.03118095,2.488201,0.03087548,58.67,85.55,1.035,0.034,8.86,5775.517166322405,0.018328126242,8194.715400007526,0.018368007482,108.1774613591883,1.2825011722839008e-05,23.113985852324937,1.176951382575453e-05,0,0,0,4.730801,1088.585,10.93393,14.907843986782964,0.0109053151320816,0.671,851.717,14.31336,15.174261093139648,0.0182461217045784,828.4589,7.473346,15.204322814941406,0.0097941877320408,833.6635,6.222049,15.19752311706543,0.0081033948808908,839.3686,6.183476,15.190118789672852,0.0079984217882156,844.175,6.593734,15.183917999267578,0.0084805358201265,843.892,7.206107,15.184283256530762,0.0092712473124265,842.3838,7.924975,15.186224937438965,0.0102143846452236,840.4799,8.707262,15.188682556152344,0.0112480847164988,844.0891,9.535496,15.184029579162598,0.0122653329744935,857.2079,10.39075,15.16728401184082,0.0131608890369534,862.4015,11.26678,15.160726547241213,0.014184514991939,863.2573,12.15936,15.159649848937988,0.0152930691838264,873.5472,13.06272,15.146783828735352,0.0162357240915298,882.0522,13.97471,15.13626480102539,0.0172017570585012,883.6523,14.89061,15.134296417236328,0.0182959735393524,877.3711,15.81514,15.142041206359863,0.0195710454136133,878.2308,16.74263,15.14097785949707,0.0206985175609588,882.1499,17.67414,15.136144638061523,0.0217530541121959,889.7497,18.60872,15.126830101013184,0.0227076895534992,908.5781,19.54543,15.10409450531006,0.0233564749360084,1,1.52,2.842,6.213,5775.5154,8194.7198,108.1774629,23.1139853,2.169e-13,836.7411,5.438806,15.193521499633787,0.0070572705008089,/processed1/20260207/L2/OBJ_MP_0965_0026_cat.fits.gz::50649,90,retained_after_posthoc_audit
20260207,00000Mi,178,1,20260207002600010129;20260207002601020374,20260207002600010129;20260207002601020374,OBJ_MP_0965_0053.fits.gz,OBJ_MP_0965_0053_cat.fits.gz,/processed1/20260207/L2/OBJ_MP_0965_0053_cat.fits.gz,56677,61078.495940277775,108.17542077887472,23.1142662286814,108.17542129659246,23.11426716871493,25,0->1;1->2,3,2,0.0366689569038882,0.0030735851265057,0.063438082219813,5.117795338945294,0.5115084081995961,23.679473011647612,1.3351760739326477,117.40710541173227,0.0080594857033793,23.159458115106425,0.0339329050028179,258.7688595811352,172.07930478058896,56677,w,61078.495940277775,2026-02-07T11:54:09.240,2.670231,0.03275033,2.340794,0.0273902,70.25,77.9,1.141,0.123,8.75,5769.143749534806,0.015054323945,8180.175157140114,0.014843283986,108.17542077887472,1.0364209586555262e-05,23.1142662286814,9.666611088476884e-06,0,0,0,4.444136,1064.338,9.701096,14.932301387022225,0.0098961365026821,0.962,714.9861,11.81126,15.364255905151367,0.0179358851164579,782.1584,6.219033,15.266762733459473,0.0086328163743019,823.4351,5.465167,15.210926055908203,0.0072060683742165,840.9056,5.635884,15.188132286071776,0.0072767785750329,849.5104,6.114816,15.177078247070312,0.0078151794150471,853.39,6.733022,15.172130584716797,0.008566171862185,857.0085,7.426669,15.167536735534668,0.0094087785109877,856.8823,8.167009,15.16769790649414,0.0103482333943247,852.5854,8.938425,15.173154830932615,0.0113827558234334,849.205,9.732276,15.17746925354004,0.0124430321156978,847.3339,10.54796,15.179863929748535,0.0135156894102692,845.4467,11.37593,15.182284355163574,0.014609158039093,850.736,12.22056,15.17551326751709,0.0155962686985731,850.7031,13.06913,15.175554275512695,0.01667988486588,851.9211,13.9203,15.174001693725586,0.0177408102899789,850.8331,14.7874,15.175389289855955,0.0188699979335069,853.6509,15.6564,15.171799659729004,0.0199129618704319,846.913,16.52557,15.180402755737305,0.0211856570094823,832.666,17.39879,15.198822975158691,0.0226867664605379,820.248,18.26966,15.215137481689451,0.0241829678416252,1,1.385,2.619,6.083,5769.1467,8180.1766,108.1754213,23.1142672,2.367e-13,842.2332,4.911264,15.186419486999512,0.0063311886042356,/processed1/20260207/L2/OBJ_MP_0965_0053_cat.fits.gz::56677,91,retained_after_posthoc_audit
20260207,00000Mi,178,2,20260207002601020374,20260207002600010129;20260207002601020374,OBJ_MP_0965_0080.fits.gz,OBJ_MP_0965_0080_cat.fits.gz,/processed1/20260207/L2/OBJ_MP_0965_0080_cat.fits.gz,56073,61078.52220726852,108.17339105718324,23.11450667987656,108.17339120891462,23.11450600705428,25,1->2,3,2,0.0366689569038882,0.0030735851265057,0.063438082219813,5.117795338945294,0.5115084081995961,23.679473011647612,1.3351760739326477,117.40710541173227,0.0080594857033793,23.159458115106425,0.0339329050028179,258.7688595811352,172.07930478058896,56073,w,61078.52220726852,2026-02-07T12:31:58.708,3.022911,0.03602428,2.477896,0.02775485,-79.88,-76.18,1.219,0.179,9.58,5763.951462218655,0.015450996131,8166.735827873978,0.015245325448,108.17339105718324,1.0643100807783412e-05,23.11450667987656,9.921142090973945e-06,0,0,0,4.858721,1087.058,9.664324,14.9093685662256,0.0096525757657786,0.974,811.8821,12.54304,15.22626781463623,0.016773909330368,817.8096,6.478692,15.21837043762207,0.008601208217442,843.5441,5.482013,15.184730529785156,0.0070559680461883,856.5772,5.503423,15.168084144592283,0.0069757467135787,864.7635,5.885894,15.157756805419922,0.0073899142444133,874.4354,6.425827,15.145681381225586,0.0079785799607634,881.3289,7.049063,15.137155532836914,0.0086839580908417,890.3125,7.733664,15.126143455505373,0.0094312038272619,896.2638,8.445176,15.11890983581543,0.0102305077016353,901.9924,9.182245,15.11199188232422,0.011052749119699,906.4537,9.9369,15.10663604736328,0.0119022643193602,899.92,10.69764,15.114489555358888,0.0129064926877617,893.6551,11.47357,15.122075080871582,0.0139396842569112,891.0245,12.26154,15.12527561187744,0.0149409985169768,893.6384,13.05698,15.122095108032228,0.0158637259155511,894.6969,13.8605,15.120810508728027,0.0168200451880693,888.2298,14.6667,15.128686904907228,0.01792798563838,889.4773,15.47609,15.12716293334961,0.0188908092677593,892.9951,16.27974,15.12287712097168,0.0197935029864311,886.4772,17.08405,15.130830764770508,0.0209241397678852,1,1.469,2.811,6.843,5763.9494,8166.7363,108.1733912,23.114506,3.916e-13,868.5816,4.889,15.152973175048828,0.0061113024130463,/processed1/20260207/L2/OBJ_MP_0965_0080_cat.fits.gz::56073,92,retained_after_posthoc_audit
20260208,00000NM,232,0,20260208002400010034,20260208002400010034;20260208002401020099,OBJ_MP_0966_0024.fits.gz,OBJ_MP_0966_0024_cat.fits.gz,/processed1/20260208/L2/OBJ_MP_0966_0024_cat.fits.gz,28152,61079.469076030095,109.88753374439118,22.49259494809523,109.88753918142396,22.492590880426945,23,0->1,3,2,0.0947508745530115,0.0,0.164113328787401,6.126693160724735,0.3307972358944953,22.90833527410629,4.69437385972704,111.13173827975218,0.0036044827531147,16.969034439282357,0.077260601259218,351.1547670549097,169.02965138731022,28152,w,61079.469076030095,2026-02-08T11:15:28.169,1.949799,0.1076424,1.771114,0.09484409,39.25,41.46,1.101,0.092,9.2,4893.38910716142,0.091198283763,4863.768565171162,0.091084878296,109.88753374439118,6.389899102998697e-05,22.49259494809523,5.909377122748083e-05,0,0,0,4.9449,98.7355,8.842116,17.513816728540235,0.097231557792665,0.083,103.3875,7.818558,17.463829040527344,0.0821075215935707,95.89344,4.654564,17.5455265045166,0.0527004674077034,94.12737,4.26598,17.565710067749023,0.0492070317268371,93.7476,4.537702,17.570098876953125,0.0525533184409141,95.73977,5.071178,17.54726791381836,0.0575096607208251,90.21339,5.710824,17.61182403564453,0.0687309131026268,82.87119,6.424726,17.703990936279297,0.0841734856367111,80.95808,7.170011,17.72934913635254,0.0961576774716377,79.7121,7.952195,17.74618911743164,0.1083146184682846,81.51116,8.735415,17.721956253051758,0.1163565441966056,79.69848,9.527105,17.746374130249023,0.1297882199287414,81.94908,10.33157,17.71613883972168,0.136882022023201,85.88863,11.13907,17.6651611328125,0.1408113688230514,81.94604,11.9517,17.7161808013916,0.1583528965711593,86.18026,12.78221,17.661479949951172,0.1610358208417892,89.30386,13.59868,17.622825622558594,0.1653296649456024,94.90572,14.41835,17.5567684173584,0.1649481207132339,94.23186,15.24367,17.564504623413086,0.1756370216608047,95.17847,16.06879,17.553653717041016,0.1833027154207229,99.55077,16.88663,17.5048885345459,0.1841715574264526,0,1.248,2.291,3.986,4893.3763,4863.7841,109.8875392,22.4925909,2.268e-11,89.36874,3.50445,17.62203598022461,0.0425753816962242,/processed1/20260208/L2/OBJ_MP_0966_0024_cat.fits.gz::28152,93,retained_after_posthoc_audit
20260208,00000NM,232,1,20260208002400010034;20260208002401020099,20260208002400010034;20260208002401020099,OBJ_MP_0966_0051.fits.gz,OBJ_MP_0966_0051_cat.fits.gz,/processed1/20260208/L2/OBJ_MP_0966_0051_cat.fits.gz,27760,61079.49535907408,109.88478143533406,22.493120187796645,109.8848026323776,22.49310735063812,23,0->1;1->2,3,2,0.0947508745530115,0.0,0.164113328787401,6.126693160724735,0.3307972358944953,22.90833527410629,4.69437385972704,111.13173827975218,0.0036044827531147,16.969034439282357,0.077260601259218,351.1547670549097,169.02965138731022,27760,w,61079.49535907408,2026-02-08T11:53:19.024,1.835454,0.1084257,1.693903,0.09848062,-43.49,-44.5,1.084,0.077,9.47,4888.9521440469725,0.11563799665,4846.052527282662,0.11571126321,109.88478143533406,8.116549854264576e-05,22.493120187796645,7.493688824311562e-05,0,0,0,4.509207,113.6853,8.799518,17.360739337800027,0.084038626785121,0.837,99.43491,8.025923,17.506153106689453,0.0876355692744255,91.11184,4.656282,17.601062774658203,0.0554866828024387,88.10183,4.21277,17.637537002563477,0.0519166998565197,83.38121,4.4339,17.697330474853516,0.057735376060009,81.81637,4.911915,17.717899322509766,0.0651830956339836,86.25185,5.507468,17.66057777404785,0.0693278759717941,86.64642,6.167683,17.655622482299805,0.0772850960493087,88.29608,6.862216,17.635147094726562,0.0843815132975578,85.65883,7.577971,17.66806983947754,0.0960517078638076,80.6544,8.314433,17.733428955078125,0.1119254678487777,83.69669,9.063774,17.69322967529297,0.117577739059925,85.65407,9.821176,17.66813087463379,0.1244915276765823,88.36936,10.5835,17.634244918823242,0.1300325095653534,89.58227,11.3478,17.61944580078125,0.137535274028778,86.77657,12.12037,17.653993606567383,0.1516483128070831,85.80151,12.89005,17.666261672973633,0.1631112396717071,80.55747,13.66525,17.7347354888916,0.184177353978157,80.54249,14.44369,17.73493766784668,0.1947050988674163,76.28188,15.21962,17.7939453125,0.2166241258382797,76.01545,16.00805,17.797744750976562,0.2286446094512939,1,1.423,2.759,6.19,4888.9116,4846.1131,109.8848026,22.4931074,3.282e-11,84.24641,3.523699,17.686120986938477,0.0454121120274066,/processed1/20260208/L2/OBJ_MP_0966_0051_cat.fits.gz::27760,94,retained_after_posthoc_audit
20260208,00000NM,232,2,20260208002401020099,20260208002400010034;20260208002401020099,OBJ_MP_0966_0078.fits.gz,OBJ_MP_0966_0078_cat.fits.gz,/processed1/20260208/L2/OBJ_MP_0966_0078_cat.fits.gz,31596,61079.52171273148,109.88207817701095,22.49357205158716,109.8820770820588,22.493566317986033,23,1->2,3,2,0.0947508745530115,0.0,0.164113328787401,6.126693160724735,0.3307972358944953,22.90833527410629,4.69437385972704,111.13173827975218,0.0036044827531147,16.969034439282357,0.077260601259218,351.1547670549097,169.02965138731022,31596,w,61079.52171273148,2026-02-08T12:31:15.980,1.815598,0.09550434,1.560582,0.08009291,-7.06,-7.35,1.164,0.141,6.11,4883.62081705364,0.074464018149,4829.82006129704,0.074745806546,109.88207817701095,5.242267351945884e-05,22.49357205158716,4.825356279170023e-05,0,0,0,3.474356,118.4321,6.332809,17.316326248580637,0.0580565457008889,0.785,96.7329,5.790494,17.53606414794922,0.0649928674101829,87.6821,3.532953,17.642723083496094,0.0437472946941852,82.76505,3.389366,17.705381393432617,0.0444626994431018,81.71172,3.760116,17.719289779663086,0.0499621629714965,81.80334,4.301692,17.71807098388672,0.0570942759513855,79.89876,4.908576,17.743648529052734,0.0667021498084068,76.94582,5.554996,17.784536361694336,0.0783832222223281,76.3343,6.219091,17.793201446533203,0.088456854224205,72.40356,6.900898,17.850601196289062,0.1034832373261451,71.62535,7.588353,17.862333297729492,0.115028403699398,67.09078,8.287049,17.93334197998047,0.1341100633144378,62.26119,8.987242,18.01445579528809,0.156723216176033,51.35094,9.692986,18.223628997802734,0.2049431800842285,44.77962,10.40228,18.372299194335938,0.2522158622741699,47.82447,11.11564,18.300874710083008,0.2523530721664428,48.0551,11.8342,18.295652389526367,0.2673768401145935,57.1447,12.55451,18.10755920410156,0.2385327517986297,65.15493,13.26811,17.965131759643555,0.2210986465215683,67.17871,13.98795,17.931921005249023,0.2260719835758209,71.61755,14.70882,17.862451553344727,0.2229886054992675,1,1.123,2.115,4.526,4883.603,4829.8167,109.8820771,22.4935663,4.279e-11,81.06993,2.764752,17.72784996032715,0.037027183920145,/processed1/20260208/L2/OBJ_MP_0966_0078_cat.fits.gz::31596,95,retained_after_posthoc_audit
20260208,00000Ot,421,0,20260208005700010015,20260208005700010015;20260208005701020382,OBJ_MP_0965_0112.fits.gz,OBJ_MP_0965_0112_cat.fits.gz,/processed1/20260208/L2/OBJ_MP_0965_0112_cat.fits.gz,21184,61079.55333912037,106.36422802478296,24.01588655375792,106.36422828287247,24.015882055349977,56,0->1,3,2,0.0617017908049728,0.0,0.1068706365921991,2.050512343783159,0.1709389130619085,23.834939278682526,1.4999142687662694,122.7501658049235,0.0140702671797593,24.71927747348673,0.065989391662634,308.40035864735273,177.3244849872605,21184,w,61079.55333912037,2026-02-08T13:16:48.500,2.191825,0.08823175,1.932201,0.07782552,42.94,41.85,1.133,0.117,8.75,8590.777323129494,0.078916347615,3005.0291732669357,0.078870183608,106.36422802478296,5.6092201546675824e-05,24.01588655375792,5.126879660011241e-05,0,0,0,5.430879,169.8912,8.08854,16.92457285364194,0.0516920343600179,0.96,117.484,7.230475,17.325054168701172,0.0668208971619606,118.4626,4.304294,17.31604766845703,0.0394498258829116,128.1763,3.975003,17.230480194091797,0.0336708538234233,131.3444,4.268785,17.20397186279297,0.0352871865034103,132.7116,4.78435,17.19272804260254,0.0391415692865848,134.9413,5.408565,17.174636840820312,0.0435172505676746,136.1906,6.079061,17.16463279724121,0.0484633594751358,135.5575,6.782188,17.16969108581543,0.0543213635683059,134.1633,7.507433,17.18091583251953,0.0607550032436847,130.619,8.247268,17.209983825683594,0.0685532689094543,132.6359,8.991948,17.193347930908203,0.0736066251993179,132.8188,9.746393,17.191850662231445,0.0796725749969482,136.7787,10.50363,17.159954071044922,0.0833767876029014,138.0319,11.26652,17.15005111694336,0.0886205434799194,142.0053,12.03247,17.119237899780273,0.0919971615076065,135.7135,12.80084,17.168441772460938,0.1024093627929687,130.9681,13.57195,17.20708656311035,0.1125126034021377,133.5368,14.3525,17.185997009277344,0.1166946664452552,135.5904,15.11512,17.1694278717041,0.1210338845849037,133.7661,15.89143,17.18413543701172,0.1289855539798736,1,1.518,2.79,5.76,8590.7633,3005.0297,106.3642283,24.0158821,9.299e-12,139.6626,3.815946,17.137300491333008,0.029665132984519,/processed1/20260208/L2/OBJ_MP_0965_0112_cat.fits.gz::21184,96,retained_after_posthoc_audit
20260208,00000Ot,421,1,20260208005700010015;20260208005701020382,20260208005700010015;20260208005701020382,OBJ_MP_0965_0144.fits.gz,OBJ_MP_0965_0144_cat.fits.gz,/processed1/20260208/L2/OBJ_MP_0965_0144_cat.fits.gz,22424,61079.58260363426,106.3614493875214,24.01602272659079,106.36145224879408,24.016010347216344,56,0->1;1->2,3,2,0.0617017908049728,0.0,0.1068706365921991,2.050512343783159,0.1709389130619085,23.834939278682526,1.4999142687662694,122.7501658049235,0.0140702671797593,24.71927747348673,0.065989391662634,308.40035864735273,177.3244849872605,22424,w,61079.58260363426,2026-02-08T13:58:56.954,2.182706,0.08284035,1.903466,0.0723464,77.54,78.14,1.148,0.129,7.52,8586.25269092795,0.068706775665,2992.646977771549,0.068383374598,106.3614493875214,4.863171554347901e-05,24.01602272659079,4.462932979265588e-05,0,0,0,5.382787,163.3924,6.94699,16.966920509187926,0.0461624836953507,0.243,105.5201,6.104915,17.441661834716797,0.0628157928586006,109.3928,3.71585,17.402528762817383,0.0368802361190319,121.1648,3.584431,17.29155921936035,0.0321194604039192,129.5459,3.978311,17.21894073486328,0.0333425812423229,132.4475,4.54927,17.19489097595215,0.0372925661504268,130.2654,5.20294,17.212926864624023,0.0433654673397541,130.9459,5.888105,17.2072696685791,0.0488211512565612,129.8738,6.598697,17.216196060180664,0.055164661258459,130.5393,7.315623,17.210647583007812,0.0608463324606418,125.0926,8.046899,17.256919860839844,0.0698427259922027,122.4526,8.784583,17.280078887939453,0.0778892189264297,118.6148,9.529245,17.314651489257812,0.0872255712747573,118.2506,10.27997,17.317991256713867,0.0943870916962623,122.4942,11.03195,17.27971076965332,0.0977824702858924,122.2694,11.78832,17.281705856323242,0.1046787649393081,127.7003,12.53794,17.234519958496094,0.1066002994775772,123.3309,13.30044,17.272319793701172,0.1170896813273429,118.2853,14.06383,17.317672729492188,0.1290914267301559,115.6835,14.82348,17.341821670532227,0.1391243487596511,114.086,15.58073,17.356918334960938,0.1482790559530258,0,1.434,2.572,4.666,8586.2139,2992.6546,106.3614522,24.0160103,2.112e-11,129.147,3.357267,17.222288131713867,0.0282244645059108,/processed1/20260208/L2/OBJ_MP_0965_0144_cat.fits.gz::22424,97,retained_after_posthoc_audit
20260208,00000Ot,421,2,20260208005701020382,20260208005700010015;20260208005701020382,OBJ_MP_0965_0176.fits.gz,OBJ_MP_0965_0176_cat.fits.gz,/processed1/20260208/L2/OBJ_MP_0965_0176_cat.fits.gz,20234,61079.61182277778,106.35874909681912,24.016120413473523,106.3587393274362,24.016121443513786,56,1->2,3,2,0.0617017908049728,0.0,0.1068706365921991,2.050512343783159,0.1709389130619085,23.834939278682526,1.4999142687662694,122.7501658049235,0.0140702671797593,24.71927747348673,0.065989391662634,308.40035864735273,177.3244849872605,20234,w,61079.61182277778,2026-02-08T14:41:01.488,2.24021,0.08819912,2.077454,0.08200278,-80.52,-78.49,1.08,0.074,9.78,8580.637753550598,0.094282492647,2981.5691303435956,0.093953426257,106.35874909681912,6.681068614966534e-05,24.016120413473523,6.124072105606615e-05,0,0,0,6.207558,187.1943,8.440963,16.81926857880726,0.0489580069331483,0.948,111.4625,7.54996,17.382179260253906,0.0735428035259246,119.6242,4.429768,17.305452346801758,0.0402055829763412,127.9671,4.034746,17.232254028320312,0.0342327840626239,136.0567,4.248857,17.165700912475586,0.0339060015976429,142.1809,4.744384,17.117897033691406,0.036229558289051,145.3241,5.342373,17.09415626525879,0.0399135909974575,152.1673,6.000605,17.04419708251953,0.0428152196109294,155.2242,6.695739,17.022602081298828,0.0468342490494251,156.5657,7.410435,17.01325798034668,0.0513891354203224,157.5724,8.138156,17.00629997253418,0.0560751147568225,156.3567,8.875694,17.01470947265625,0.061632540076971,155.522,9.618398,17.020519256591797,0.0671483352780342,161.1311,10.37062,16.982051849365234,0.0698795020580291,158.6434,11.12578,16.998945236206055,0.0761434584856033,159.3106,11.88032,16.994388580322266,0.08096694201231,158.3594,12.64467,17.00088882446289,0.0866937637329101,158.9623,13.40569,16.99676513671875,0.0915628373622894,154.0173,14.17046,17.031076431274414,0.0998938754200935,154.0062,14.93756,17.03115463256836,0.1053091213107109,160.4282,15.6969,16.986797332763672,0.1062325611710548,1,1.768,3.293,7.6,8580.6414,2981.5413,106.3587393,24.0161214,1.044e-11,144.556,3.945201,17.099910736083984,0.0296317469328641,/processed1/20260208/L2/OBJ_MP_0965_0176_cat.fits.gz::20234,98,retained_after_posthoc_audit
20260208,00000Ow,435,0,20260208005700010316,20260208005700010316;20260208005701020633,OBJ_MP_0965_0112.fits.gz,OBJ_MP_0965_0112_cat.fits.gz,/processed1/20260208/L2/OBJ_MP_0965_0112_cat.fits.gz,55204,61079.55333912037,108.03194118540044,23.136272469843632,108.03194077451272,23.13626881700088,56,0->1,3,2,0.119052665950804,0.0,0.206205266203318,9.12936086379938,0.5508995583566482,22.839404493491408,8.364416687319721,106.37229664743258,0.0043233924276958,18.318631320004993,0.0919845575073687,286.0683384504843,166.75394862177575,55204,w,61079.55333912037,2026-02-08T13:16:48.500,2.270626,0.09249154,2.091718,0.08355377,-16.77,-24.96,1.086,0.079,14.21,5811.346419923173,0.066352222612,7746.9831721087085,0.066670646726,108.03194118540044,4.660783436349902e-05,23.136272469843632,4.265603780595484e-05,0,0,0,4.966752,113.8572,10.93646,17.359099141594893,0.1042895239576133,0.023,122.8071,7.449243,17.276941299438477,0.0658586993813514,115.4943,4.337044,17.343599319458008,0.040771584957838,115.6566,4.001564,17.342073440551758,0.0375650115311145,116.3322,4.302015,17.335750579833984,0.0401509962975978,117.6046,4.824931,17.32394027709961,0.0445442050695419,116.3933,5.45106,17.335180282592773,0.0508484169840812,113.7587,6.132998,17.36003875732422,0.0585345812141895,114.1442,6.842297,17.356365203857422,0.06508369743824,115.4038,7.571898,17.344449996948242,0.071237526834011,117.4987,8.312176,17.32491683959961,0.076807901263237,109.592,9.065655,17.40055274963379,0.0898141488432884,105.2434,9.822968,17.44451332092285,0.1013379618525505,101.9961,10.59124,17.478540420532227,0.1127423867583274,98.58112,11.35895,17.515514373779297,0.1251032501459121,93.84431,12.13337,17.568981170654297,0.1403775811195373,97.19678,12.90974,17.53087043762207,0.1442082226276397,101.3022,13.68983,17.48595428466797,0.1467248797416687,100.4357,14.47719,17.49527931213379,0.1565022319555282,96.27221,15.25001,17.541248321533203,0.1719861179590225,88.45635,16.02855,17.633176803588867,0.1967385858297348,0,1.295,2.333,4.038,5811.335,7746.982,108.0319408,23.1362688,1.226e-11,115.9513,3.464283,17.339311599731445,0.0324386060237884,/processed1/20260208/L2/OBJ_MP_0965_0112_cat.fits.gz::55204,99,retained_after_posthoc_audit
20260208,00000Ow,435,1,20260208005700010316;20260208005701020633,20260208005700010316;20260208005701020633,OBJ_MP_0965_0144.fits.gz,OBJ_MP_0965_0144_cat.fits.gz,/processed1/20260208/L2/OBJ_MP_0965_0144_cat.fits.gz,59184,61079.58260363426,108.02952915093762,23.136775967897847,108.029531972574,23.136771948017618,56,0->1;1->2,3,2,0.119052665950804,0.0,0.206205266203318,9.12936086379938,0.5508995583566482,22.839404493491408,8.364416687319721,106.37229664743258,0.0043233924276958,18.318631320004993,0.0919845575073687,286.0683384504843,166.75394862177575,59184,w,61079.58260363426,2026-02-08T13:58:56.954,2.320616,0.09028514,2.163895,0.07865717,-23.98,-26.88,1.072,0.068,13.87,5808.081015393084,0.051162792019,7735.889645130384,0.051091139505,108.02952915093762,3.571542232805314e-05,23.136775967897847,3.2888635168148994e-05,0,0,0,5.078912,136.1783,10.34787,17.164730294124656,0.0825025507902052,0.043,129.902,6.487708,17.215959548950195,0.0542250350117683,131.5161,3.7839,17.202552795410156,0.0312381293624639,128.9779,3.626914,17.223711013793945,0.0305313561111688,127.7184,4.014551,17.23436737060547,0.0341277755796909,128.1602,4.594095,17.23061752319336,0.0389198586344718,130.3039,5.252178,17.21260643005371,0.043762918561697,131.5981,5.943385,17.201875686645508,0.0490352548658847,132.248,6.660855,17.1965274810791,0.0546846315264701,131.2516,7.389966,17.20473861694336,0.061131078749895,130.1184,8.129009,17.214153289794922,0.0678302347660064,130.2162,8.871402,17.213336944580078,0.0739693343639373,125.6566,9.620506,17.252037048339844,0.0831260383129119,119.0863,10.37458,17.310346603393555,0.09458739310503,117.9662,11.13353,17.320606231689453,0.1024707108736038,114.494,11.89431,17.353042602539062,0.1127926409244537,117.3166,12.65089,17.326601028442383,0.1170808300375938,113.8999,13.41637,17.358692169189453,0.12788987159729,108.6441,14.1845,17.409984588623047,0.141753003001213,100.9288,14.95145,17.489961624145508,0.1608393192291259,105.3925,15.71877,17.442974090576172,0.161932110786438,0,1.237,2.213,4.273,5808.0685,7735.8977,108.029532,23.1367719,1.824e-11,127.4176,3.050644,17.236927032470703,0.0259948018938303,/processed1/20260208/L2/OBJ_MP_0965_0144_cat.fits.gz::59184,100,retained_after_posthoc_audit
20260208,00000Ow,435,2,20260208005701020633,20260208005700010316;20260208005701020633,OBJ_MP_0965_0176.fits.gz,OBJ_MP_0965_0176_cat.fits.gz,/processed1/20260208/L2/OBJ_MP_0965_0176_cat.fits.gz,53610,61079.61182277778,108.02702182402707,23.13733733896536,108.02702331640316,23.13733472602464,56,1->2,3,2,0.119052665950804,0.0,0.206205266203318,9.12936086379938,0.5508995583566482,22.839404493491408,8.364416687319721,106.37229664743258,0.0043233924276958,18.318631320004993,0.0919845575073687,286.0683384504843,166.75394862177575,53610,w,61079.61182277778,2026-02-08T14:41:01.488,2.348958,0.08670463,2.13037,0.0794334,17.98,15.26,1.103,0.094,14.53,5804.1295669169285,0.062514873796,7725.372834794932,0.062780173706,108.02702182402707,4.3886322515618303e-05,23.13733733896536,4.018566429664361e-05,0,0,0,4.974943,145.8257,10.98003,17.09041449190203,0.0817510897771471,0.026,148.9881,8.073771,17.067121505737305,0.0588368140161037,141.1541,4.581488,17.12576675415039,0.0352401100099086,137.0173,4.088653,17.158061981201172,0.0323988124728202,134.8542,4.294171,17.175338745117188,0.0345731601119041,132.2798,4.788548,17.196266174316406,0.0393038019537925,133.5384,5.395132,17.185985565185547,0.0438652113080024,136.0071,6.05712,17.166095733642578,0.048353623598814,138.0588,6.760787,17.149839401245117,0.0531688593327999,140.3972,7.483017,17.131603240966797,0.0578685663640499,141.1168,8.218385,17.126052856445312,0.063231274485588,137.5456,8.962015,17.15388298034668,0.0707429721951484,132.1559,9.712126,17.197282791137695,0.0797906368970871,139.0692,10.47109,17.141921997070312,0.0817495435476303,136.567,11.23135,17.161636352539062,0.0892915800213813,130.6755,11.99144,17.209514617919922,0.0996326506137847,129.1747,12.76177,17.222057342529297,0.107264943420887,126.0014,13.53257,17.249061584472656,0.1166082248091697,129.8702,14.30706,17.21622657775879,0.1196093633770942,135.4206,15.08044,17.170787811279297,0.1209075525403022,133.9702,15.8398,17.182479858398438,0.1283706426620483,0,1.383,2.542,4.858,5804.1214,7725.3771,108.0270233,23.1373347,1.175e-11,134.1975,3.470628,17.18063735961914,0.0280794091522693,/processed1/20260208/L2/OBJ_MP_0965_0176_cat.fits.gz::53610,101,retained_after_posthoc_audit
20260210,00000P2,35,0,20260210000300010010,20260210000300010010;20260210000301020059,OBJ_MP_0701_0034.fits.gz,OBJ_MP_0701_0034_cat.fits.gz,/processed1/20260210/L2/OBJ_MP_0701_0034_cat.fits.gz,9048,61081.46447868056,119.77281631820996,14.235502915299456,119.77283722275534,14.235514450806756,2,0->1,3,2,0.3759209478089134,0.0,0.6511141812344862,1.273088242889196,0.0211389576978001,19.761057181804,4.1112989853208,311.9183576080494,-179.98189767182237,25.845322797190978,0.401660515048673,1472.2655467031857,138.70949408606538,9048,w,61081.46447868056,2026-02-10T11:08:50.958,1.201652,0.1799033,1.034044,0.1537592,44.89,45.2,1.164,0.141,8.7,1522.5041080543244,0.28547400921,2418.2570756539326,0.28576802485,119.77281631820996,0.0001916566351667,14.235502915299456,0.0001852150869794,0,0,0,4.019634,49.57492,8.503158,18.261845007829145,0.1862269618296532,0.867,24.00928,5.393003,19.04905128479004,0.2438798397779464,27.14828,3.693714,18.9156436920166,0.1477220356464386,31.34718,3.845596,18.759502410888672,0.1331954598426818,32.73461,4.47569,18.712482452392575,0.148448958992958,36.13934,5.253798,18.60504913330078,0.1578401178121566,38.94123,6.096294,18.523975372314453,0.1699732542037964,42.50268,6.969688,18.428958892822266,0.1780415475368499,46.36858,7.853175,18.334442138671875,0.1838847994804382,49.77571,8.749888,18.257455825805664,0.1908575743436813,52.85859,9.655034,18.192211151123047,0.198318213224411,55.74471,10.52586,18.134490966796875,0.2050115168094635,57.40764,11.31913,18.102575302124023,0.2140757441520691,57.31424,12.09569,18.10434341430664,0.2291356325149536,64.13684,12.87847,17.98223114013672,0.2180122584104538,66.85569,13.67212,17.937152862548828,0.2220352292060852,65.29411,14.50234,17.962814331054688,0.2411507070064544,62.74817,15.3804,18.005996704101562,0.2661281228065491,59.89486,16.32792,18.05652618408203,0.295982301235199,55.47547,17.28644,18.139747619628903,0.3383209705352783,58.493,18.25052,18.08224105834961,0.3387628495693207,1,1.518,2.874,5.163,1522.5393,2418.3207,119.7728372,14.2355145,3.552e-10,25.45719,3.28273,18.9854736328125,0.1400067657232284,/processed1/20260210/L2/OBJ_MP_0701_0034_cat.fits.gz::9048,102,retained_after_posthoc_audit
20260210,00000P2,35,1,20260210000300010010;20260210000301020059,20260210000300010010;20260210000301020059,OBJ_MP_0701_0063.fits.gz,OBJ_MP_0701_0063_cat.fits.gz,/processed1/20260210/L2/OBJ_MP_0701_0063_cat.fits.gz,9577,61081.49198965278,119.76433131168722,14.242985140640837,119.76429995502478,14.243065585136652,2,0->1;1->2,3,2,0.3759209478089134,0.0,0.6511141812344862,1.273088242889196,0.0211389576978001,19.761057181804,4.1112989853208,311.9183576080494,-179.98189767182237,25.845322797190978,0.401660515048673,1472.2655467031857,138.70949408606538,9577,w,61081.49198965278,2026-02-10T11:48:27.906,1.364508,0.2029413,1.055677,0.1537755,-79.74,-79.69,1.291,0.225,6.88,1537.9526541752464,0.25762433997,2384.735110025935,0.25701293685,119.76433131168722,0.0001723405877811,14.242985140640837,0.0001671322681424,0,0,0,4.459492,38.49226,6.578914,18.536566554840263,0.1855688936010334,0.228,22.6763,4.448262,19.111068725585938,0.2129818052053451,23.36522,3.166282,19.078575134277344,0.1471309810876846,27.60094,3.37635,18.897689819335938,0.1328152418136596,33.07856,3.964681,18.701133728027344,0.1301325559616089,32.58672,4.652744,18.71739959716797,0.1550218313932418,29.97388,5.40096,18.808143615722656,0.1956375837326049,27.74031,6.167076,18.892221450805664,0.241374984383583,26.64299,6.94441,18.93604278564453,0.2829936444759369,26.82491,7.743632,18.928653717041016,0.3134229779243469,32.79493,8.544007,18.71048355102539,0.282865047454834,34.61134,9.344037,18.651954650878903,0.2931166589260101,39.06192,10.15231,18.52061653137207,0.2821861207485199,44.78156,10.95752,18.372251510620117,0.2656669318675995,45.40731,11.76916,18.35718536376953,0.2814129889011383,48.59871,12.58181,18.28343963623047,0.281088262796402,47.27041,13.39527,18.313526153564453,0.3076709508895874,42.69126,14.21026,18.424152374267575,0.3613993227481842,42.83041,15.02632,18.42061996459961,0.380912035703659,38.55121,15.84927,18.53490447998047,0.4463704526424408,40.26199,16.67299,18.487762451171875,0.4496169686317444,0,1.308,2.461,4.015,1538.2046,2384.6437,119.7643,14.2430656,6.107e-10,22.79361,2.665873,19.105466842651367,0.1269844621419906,/processed1/20260210/L2/OBJ_MP_0701_0063_cat.fits.gz::9577,103,retained_after_posthoc_audit
20260210,00000P2,35,2,20260210000301020059,20260210000300010010;20260210000301020059,OBJ_MP_0701_0092.fits.gz,OBJ_MP_0701_0092_cat.fits.gz,/processed1/20260210/L2/OBJ_MP_0701_0092_cat.fits.gz,9750,61081.519510625,119.75536963681162,14.250354124515429,119.75531984023556,14.250319686895017,2,1->2,3,2,0.3759209478089134,0.0,0.6511141812344862,1.273088242889196,0.0211389576978001,19.761057181804,4.1112989853208,311.9183576080494,-179.98189767182237,25.845322797190978,0.401660515048673,1472.2655467031857,138.70949408606538,9750,w,61081.519510625,2026-02-10T12:28:05.718,0.9639635,0.2096341,0.786582,0.1657635,-46.55,-44.67,1.224,0.183,4.65,1555.2869389573202,0.28219674738,2351.213492492596,0.28100956386,119.75536963681162,0.0001884044737465,14.250354124515429,0.0001830667956692,0,0,0,5.164431,33.3462,5.580912,18.692384043100276,0.181711802909512,0.506,17.72572,4.004006,19.378490447998047,0.2452534437179565,19.77761,2.925692,19.259565353393555,0.1606123894453048,22.759,3.171247,19.10711669921875,0.1512869000434875,22.18725,3.726214,19.134740829467773,0.1823427677154541,21.72041,4.383497,19.1578311920166,0.2191174626350402,22.84505,5.089585,19.10301971435547,0.241888165473938,23.33418,5.812667,19.080018997192383,0.2704626619815826,24.18659,6.547293,19.04106330871582,0.2939080893993377,24.23911,7.286364,19.038707733154297,0.3263762593269348,21.80037,8.035332,19.15384101867676,0.4001882374286651,19.83062,8.789455,19.25666046142578,0.4812270700931549,17.48737,9.549064,19.3931884765625,0.5928716659545898,18.30692,10.30968,19.343461990356445,0.6114406585693359,20.46102,11.07304,19.222681045532227,0.587576150894165,23.40316,11.83731,19.076812744140625,0.5491653084754944,22.26773,12.60324,19.130809783935547,0.6145124435424805,24.97073,13.37082,19.00642204284668,0.5813680291175842,26.2258,14.13859,18.95317840576172,0.5853313207626343,29.82362,14.91539,18.8135986328125,0.5429983139038086,32.52758,15.68691,18.719369888305664,0.5236124992370605,1,1.173,2.075,3.547,1555.1813,2351.0616,119.7553198,14.2503197,1.714e-09,15.9358,2.538103,19.494064331054688,0.1729257553815841,/processed1/20260210/L2/OBJ_MP_0701_0092_cat.fits.gz::9750,104,retained_after_posthoc_audit
20260213,00000RM,350,0,20260213001600010027,20260213001600010027;20260213001601020070,OBJ_MP_0699_0095.fits.gz,OBJ_MP_0699_0095_cat.fits.gz,/processed1/20260213/L2/OBJ_MP_0699_0095_cat.fits.gz,30394,61084.5157884375,115.19730123368052,15.027052657671872,115.19730408939772,15.02705193034804,15,0->1,3,2,0.1588580720815993,0.0,0.2751502520377691,1.4313588831659494,0.0917721547524057,22.934573429037982,355.4238241712163,141.00618530069056,0.0186131909995199,27.295273119447923,0.1327767269226828,472.8121903993252,167.09367394751888,30394,w,61084.5157884375,2026-02-13T12:22:44.121,1.064445,0.163169,0.8737332,0.1294354,88.59,-89.63,1.22,0.18,5.29,834.7642287644828,0.17631777139,5059.1029462262095,0.1752311458,115.19730123368052,0.0001174123607654,15.027052657671872,0.0001139783415204,0,0,0,4.887336,36.62485,5.760683,18.590560246160575,0.1707742638007112,0.668,27.57857,4.406994,18.898571014404297,0.1734982281923294,27.669,2.995946,18.895015716552734,0.1175614297389984,25.3809,3.122123,18.988731384277344,0.1335572004318237,24.92463,3.630294,19.0084285736084,0.1581384390592575,26.14089,4.254014,18.95669937133789,0.1766862720251083,23.34262,4.924857,19.079626083374023,0.2290700376033783,19.64541,5.62174,19.266847610473633,0.3106948137283325,22.86847,6.338965,19.10190773010254,0.3009577393531799,23.38816,7.056211,19.0775089263916,0.3275667726993561,20.93451,7.778393,19.197843551635746,0.4034143984317779,14.24925,8.508864,19.61552047729492,0.6483417749404907,11.84504,9.242202,19.816158294677734,0.8471555113792419,7.924512,9.98137,20.2525691986084,1.3675459623336792,2.683522,10.72179,21.428237915039062,4.337968826293945,5.411636,11.45943,20.666677474975582,2.2991044521331787,5.961651,12.20657,20.561582565307617,2.223061800003052,7.710618,12.95087,20.28227806091309,1.823619365692139,7.207324,13.70035,20.355566024780273,2.0638675689697266,7.874806,14.44435,20.2593994140625,1.9915099143981936,14.41972,15.19402,19.60260772705078,1.1440374851226809,1,1.054,1.721,3.992,834.7619,5059.1115,115.1973041,15.0270519,9.154e-10,26.08319,2.576119,18.95909881591797,0.1072332635521888,/processed1/20260213/L2/OBJ_MP_0699_0095_cat.fits.gz::30394,105,retained_after_posthoc_audit
20260213,00000RM,350,1,20260213001600010027;20260213001601020070,20260213001600010027;20260213001601020070,OBJ_MP_0699_0123.fits.gz,OBJ_MP_0699_0123_cat.fits.gz,/processed1/20260213/L2/OBJ_MP_0699_0123_cat.fits.gz,29340,61084.54259320602,115.19381710719264,15.027797852897525,115.19383981071245,15.027800622580154,15,0->1;1->2,3,2,0.1588580720815993,0.0,0.2751502520377691,1.4313588831659494,0.0917721547524057,22.934573429037982,355.4238241712163,141.00618530069056,0.0186131909995199,27.295273119447923,0.1327767269226828,472.8121903993252,167.09367394751888,29340,w,61084.54259320602,2026-02-13T13:01:20.053,1.289998,0.1830491,0.9573166,0.1307979,-45.25,-44.54,1.348,0.258,5.24,832.1375705991653,0.19711960222,5045.019152971005,0.19750661003,115.19381710719264,0.0001323230523695,15.027797852897525,0.0001274307688223,0,0,0,5.269563,43.46306,6.130004,18.404699280126707,0.1531315946130054,0.697,33.14492,4.947264,18.698957443237305,0.1620587110519409,30.13511,3.240815,18.802316665649418,0.1167631447315216,29.98747,3.251066,18.80765151977539,0.1177091524004936,29.2093,3.689116,18.836196899414062,0.1371277719736099,27.60983,4.279263,18.897340774536133,0.1682788729667663,31.36063,4.934848,18.7590389251709,0.1708493679761886,39.57965,5.618927,18.506319046020508,0.1541365832090377,38.66819,6.313471,18.5316162109375,0.1772714108228683,38.17933,7.015279,18.545429229736328,0.1994990855455398,36.40965,7.731791,18.59695816040039,0.230562150478363,37.37044,8.451053,18.568679809570312,0.2455313205718994,35.21638,9.174313,18.63313865661621,0.2828479707241058,35.03151,9.90142,18.638853073120117,0.3068760335445404,35.59457,10.63309,18.62154006958008,0.3243397176265716,39.05152,11.36797,18.520904541015625,0.3160599172115326,41.48616,12.10115,18.455242156982425,0.3166998326778412,41.18189,12.83591,18.463233947753903,0.338411271572113,37.08924,13.57538,18.576881408691406,0.3974005579948425,38.50286,14.30947,18.536266326904297,0.403510570526123,45.01976,15.05197,18.366491317749023,0.3630065619945526,1,1.045,2.019,3.921,832.1456,5045.0876,115.1938398,15.0278006,7.054e-10,27.05978,2.618917,18.919189453125,0.1050804033875465,/processed1/20260213/L2/OBJ_MP_0699_0123_cat.fits.gz::29340,106,retained_after_posthoc_audit
20260213,00000RM,350,2,20260213001601020070,20260213001600010027;20260213001601020070,OBJ_MP_0699_0151.fits.gz,OBJ_MP_0699_0151_cat.fits.gz,/processed1/20260213/L2/OBJ_MP_0699_0151_cat.fits.gz,29418,61084.56936758102,115.19019918636388,15.02862442129517,115.1902021965522,15.028684236937035,15,1->2,3,2,0.1588580720815993,0.0,0.2751502520377691,1.4313588831659494,0.0917721547524057,22.934573429037982,355.4238241712163,141.00618530069056,0.0186131909995199,27.295273119447923,0.1327767269226828,472.8121903993252,167.09367394751888,29418,w,61084.56936758102,2026-02-13T13:39:53.359,1.045227,0.1628933,0.9946154,0.1567879,-48.52,-43.38,1.051,0.049,5.72,829.1161658229629,0.21323426527,5028.3998562798,0.21276952221,115.19019918636388,0.0001425428166186,15.02862442129517,0.0001378340473028,0,0,0,3.388053,38.0992,6.09285,18.547710290046957,0.1736316673744166,0.843,31.37229,4.865734,18.758634567260746,0.1683939695358276,28.11618,3.168847,18.877609252929688,0.1223683878779411,25.82468,3.18235,18.969913482666016,0.1337941884994506,25.60742,3.620209,18.97908592224121,0.1534942388534546,26.02788,4.20984,18.961402893066406,0.1756107956171035,26.92505,4.862548,18.92460823059082,0.1960792541503906,25.91817,5.533287,18.96599006652832,0.2317945212125778,23.65445,6.232233,19.06521797180176,0.286058634519577,25.66688,6.930896,18.976566314697266,0.2931842505931854,24.74392,7.640945,19.016328811645508,0.3352763652801513,24.02995,8.356297,19.04811668395996,0.3775593638420105,25.60341,9.078544,18.97925567626953,0.3849839866161346,26.78395,9.799285,18.93031311035156,0.3972318172454834,29.93434,10.52175,18.8095760345459,0.3816302418708801,30.51579,11.25079,18.78868865966797,0.4002974033355713,36.76603,11.98205,18.58638381958008,0.3538413047790527,43.80361,12.71067,18.396224975585938,0.3150524497032165,54.70923,13.44681,18.154848098754883,0.2668597102165222,58.05106,14.16976,18.09047508239746,0.2650188505649566,70.53021,14.85541,17.87906265258789,0.2286829948425293,1,1.054,2.036,5.011,829.3027,5028.4105,115.1902022,15.0286842,1.042e-09,24.46271,2.500615,19.028738021850582,0.110985554754734,/processed1/20260213/L2/OBJ_MP_0699_0151_cat.fits.gz::29418,107,retained_after_posthoc_audit
20260216,00000UH,90,0,20260216000800010006,20260216000800010006;20260216000801020039,OBJ_MP_1107_0038.fits.gz,OBJ_MP_1107_0038_cat.fits.gz,/processed1/20260216/L2/OBJ_MP_1107_0038_cat.fits.gz,2273,61087.4491971875,124.9994641679511,21.17834902149121,124.99946055561313,21.17834916595521,7,0->1,3,2,0.033055928156522,0.0,0.0572545470584428,2.694123225758034,0.5218309111234035,21.81567915100756,69.3428007429433,243.36557992601735,-179.99778813279477,10.171662356324347,0.0200108843857742,711.0068866882181,154.44598363731478,2273,w,61087.4491971875,2026-02-16T10:46:50.637,2.13472,0.05501666,1.944027,0.05183217,76.6,65.96,1.1,0.091,8.87,1264.0950684799343,0.036306185348,1329.0346111551476,0.036079277248,124.9994641679511,2.524222348654348e-05,21.17834902149121,2.3623942293937716e-05,0,0,0,3.861122,402.0715,12.22757,15.989241697702944,0.0330188001216858,0.488,332.7447,10.41921,16.19472312927246,0.033997569233179,331.6136,6.134274,16.19841957092285,0.0200842265039682,332.3262,5.868034,16.196088790893555,0.0191713348031044,335.1154,6.505562,16.187015533447266,0.0210772901773452,337.7759,7.467787,16.178428649902344,0.0240042172372341,343.446,8.570238,16.160354614257812,0.027093106880784,344.5801,9.732957,16.156774520874023,0.0306675359606742,348.84,10.92463,16.143434524536133,0.0340020395815372,351.32,12.13558,16.1357421875,0.0375043712556362,353.778,13.36592,16.128173828125,0.0410197041928768,357.2729,14.60206,16.11750030517578,0.0443750098347663,364.9552,15.85301,16.09440040588379,0.0471624620258808,371.9739,17.10854,16.073719024658203,0.0499372594058513,376.2318,18.36079,16.06136131286621,0.0529858842492103,376.9935,19.62382,16.059165954589844,0.0565163269639015,375.8619,20.87525,16.062429428100586,0.0603014416992664,389.5768,22.15259,16.023517608642578,0.0617384500801563,387.9798,23.42631,16.027976989746094,0.0655569955706596,383.0305,24.69914,16.041915893554688,0.0700120702385902,386.1996,25.98221,16.032970428466797,0.0730446577072143,0,1.271,2.335,5.115,1264.0957,1329.0241,124.9994606,21.1783492,1.034e-12,331.8974,5.059139,16.197490692138672,0.0165499672293663,/processed1/20260216/L2/OBJ_MP_1107_0038_cat.fits.gz::2273,108,retained_after_posthoc_audit
20260216,00000UH,90,1,20260216000800010006;20260216000801020039,20260216000800010006;20260216000801020039,OBJ_MP_1107_0066.fits.gz,OBJ_MP_1107_0066_cat.fits.gz,/processed1/20260216/L2/OBJ_MP_1107_0066_cat.fits.gz,2695,61087.476148298614,124.99430327354555,21.18065128115042,124.99430026722146,21.1806510908936,7,0->1;1->2,3,2,0.033055928156522,0.0,0.0572545470584428,2.694123225758034,0.5218309111234035,21.81567915100756,69.3428007429433,243.36557992601735,-179.99778813279477,10.171662356324347,0.0200108843857742,711.0068866882181,154.44598363731478,2695,w,61087.476148298614,2026-02-16T11:25:39.213,2.297293,0.04810674,2.143806,0.044921,56.81,61.69,1.074,0.069,8.81,1263.882834519162,0.028907188677,1307.3023329330572,0.028744009929,124.99430327354555,2.0105528946601225e-05,21.18065128115042,1.881005362136534e-05,0,0,0,3.974734,415.9188,8.685084,15.95247852011236,0.0226719959110084,0.179,331.8544,9.022198,16.1976318359375,0.0295181460678577,330.9919,5.070409,16.200456619262695,0.0166322067379951,334.9006,4.611075,16.18770980834961,0.014948945492506,340.0235,4.935748,16.171228408813477,0.0157604403793811,345.4818,5.537658,16.15393829345703,0.0174030475318431,351.4238,6.245117,16.135421752929688,0.0192945096641778,354.4231,7.002387,16.126195907592773,0.0214510429650545,355.6553,7.794386,16.122426986694336,0.0237945206463336,355.2332,8.606831,16.123716354370117,0.0263059549033641,360.1992,9.432719,16.108642578125,0.0284327249974012,358.1011,10.27202,16.114986419677734,0.031144019216299,358.0885,11.1215,16.11502456665039,0.0337207578122615,366.8954,11.98297,16.08864402770996,0.0354606434702873,370.0222,12.83871,16.079429626464844,0.0376719385385513,370.6252,13.70098,16.07766342163086,0.0401366353034973,363.1263,14.56712,16.099855422973633,0.0435552299022674,361.9541,15.4345,16.10336685180664,0.0462981201708316,364.4409,16.31748,16.095932006835938,0.0486127585172653,366.7221,17.1966,16.089157104492188,0.0509131252765655,361.7782,18.06942,16.103893280029297,0.0542283281683921,0,1.279,2.413,5.421,1263.8824,1307.2936,124.9943003,21.1806511,1.976e-12,333.9473,4.098059,16.190805435180664,0.0133236916735768,/processed1/20260216/L2/OBJ_MP_1107_0066_cat.fits.gz::2695,109,retained_after_posthoc_audit
20260216,00000UH,90,2,20260216000801020039,20260216000800010006;20260216000801020039,OBJ_MP_1107_0094.fits.gz,OBJ_MP_1107_0094_cat.fits.gz,/processed1/20260216/L2/OBJ_MP_1107_0094_cat.fits.gz,2393,61087.5030824537,124.98916717722584,21.18293976394975,124.98916663655628,21.18294002007821,7,1->2,3,2,0.033055928156522,0.0,0.0572545470584428,2.694123225758034,0.5218309111234035,21.81567915100756,69.3428007429433,243.36557992601735,-179.99778813279477,10.171662356324347,0.0200108843857742,711.0068866882181,154.44598363731478,2393,w,61087.5030824537,2026-02-16T12:04:26.324,2.773905,0.05898871,2.562817,0.05414239,46.38,46.99,1.085,0.078,12.11,1264.5722888805233,0.041265088404,1283.3424279571254,0.041344518629,124.98916717722584,2.8911712547596835e-05,21.18293976394975,2.6854215512628343e-05,0,0,0,5.600305,400.4219,10.10125,15.993705563211233,0.0273893351741745,0.239,337.0458,12.11134,16.18077850341797,0.0390146486461162,330.3513,6.240888,16.202560424804688,0.0205113682895898,330.6234,5.166879,16.2016658782959,0.0169675461947917,331.2948,5.053665,16.199462890625,0.0165621284395456,336.3036,5.334394,16.183170318603516,0.0172217730432748,337.9822,5.802931,16.177764892578125,0.0186413712799549,342.0079,6.37922,16.16490936279297,0.0202514305710792,346.2048,7.009031,16.15166664123535,0.0219810884445905,346.383,7.673069,16.151107788085938,0.0240512043237686,346.3773,8.362434,16.151126861572266,0.026212453842163,348.8641,9.075296,16.14335823059082,0.02824417501688,346.1391,9.794252,16.151872634887695,0.0307216774672269,343.5156,10.5291,16.160133361816406,0.0332789234817028,350.4228,11.26942,16.138519287109375,0.0349167324602603,355.7955,12.01358,16.121999740600586,0.0366603247821331,357.6396,12.75658,16.11638641357422,0.0387269146740436,350.8601,13.50656,16.137165069580078,0.0417960211634635,349.0423,14.26225,16.142805099487305,0.0443643704056739,353.3553,15.02389,16.129470825195312,0.0461631119251251,354.5586,15.7843,16.12578010559082,0.0483349896967411,0,1.679,3.151,6.705,1264.5731,1283.3409,124.9891666,21.18294,2.098e-12,333.8513,4.515485,16.191118240356445,0.014685058966279,/processed1/20260216/L2/OBJ_MP_1107_0094_cat.fits.gz::2393,110,retained_after_posthoc_audit
20260216,00000UI,208,0,20260216001400010038,20260216001400010038;20260216001401020086,OBJ_MP_0971_0044.fits.gz,OBJ_MP_0971_0044_cat.fits.gz,/processed1/20260216/L2/OBJ_MP_0971_0044_cat.fits.gz,20889,61087.45504572917,124.99833406726036,21.17883599077176,124.99832933509308,21.17883810995212,13,0->1,3,2,0.0219497881999745,0.0,0.0380181483777317,2.298790120806364,0.0864759775621541,21.278821523459488,10.68345218959862,124.00059850361988,0.0090836583601751,21.4236532763111,0.032980374185192,711.659040660151,154.39595290348586,20889,w,61087.45504572917,2026-02-16T10:55:15.951,2.435414,0.06030345,2.260538,0.05512903,64.77,73.94,1.08,0.074,10.01,8269.11308300901,0.04574576336,7814.848165176449,0.045619517692,124.99833406726036,3.148331161639817e-05,21.17883599077176,2.935265100134643e-05,0,0,0,5.470116,390.6486,11.07623,16.02053442208077,0.030784360417255,0.977,248.2461,10.01215,16.512792587280273,0.0437894389033317,270.5613,5.782479,16.419336318969727,0.0232045240700244,293.9156,5.280859,16.329442977905273,0.0195077024400234,315.073,5.66581,16.253971099853516,0.019524285569787,327.9394,6.358121,16.21051597595215,0.0210503581911325,333.0049,7.198718,16.19387435913086,0.0234708469361066,335.3775,8.112518,16.18616485595703,0.0262631084769964,338.5222,9.064508,16.1760311126709,0.0290724374353885,346.3508,10.04342,16.151208877563477,0.0314840003848075,347.8023,11.03537,16.146669387817383,0.0344491638243198,353.1636,12.03808,16.13006019592285,0.0370088517665863,354.4268,13.04776,16.126182556152344,0.0399699620902538,352.5654,14.0616,16.131900787353516,0.0433031395077705,352.959,15.08317,16.13068962097168,0.046397291123867,347.679,16.11514,16.147052764892578,0.0503245666623115,348.6303,17.14355,16.144086837768555,0.0533900037407875,348.6043,18.18279,16.144168853759766,0.056630715727806,348.1621,19.21568,16.145545959472656,0.0599236972630023,352.1462,20.24932,16.13319206237793,0.0624326542019844,355.6377,21.2989,16.122480392456055,0.0650239959359169,1,1.584,2.887,5.978,8269.1197,7814.8344,124.9983293,21.1788381,1.709e-12,324.3315,5.079388,16.22252655029297,0.0170038193464279,/processed1/20260216/L2/OBJ_MP_0971_0044_cat.fits.gz::20889,111,retained_after_posthoc_audit
20260216,00000UI,208,1,20260216001400010038;20260216001401020086,20260216001400010038;20260216001401020086,OBJ_MP_0971_0072.fits.gz,OBJ_MP_0971_0072_cat.fits.gz,/processed1/20260216/L2/OBJ_MP_0971_0072_cat.fits.gz,23398,61087.48198363426,124.99319516886877,21.18115359183483,124.9931976076364,21.18117249720017,13,0->1;1->2,3,2,0.0219497881999745,0.0,0.0380181483777317,2.298790120806364,0.0864759775621541,21.278821523459488,10.68345218959862,124.00059850361988,0.0090836583601751,21.4236532763111,0.032980374185192,711.659040660151,154.39595290348586,23398,w,61087.48198363426,2026-02-16T11:34:03.386,2.642928,0.05570653,2.351807,0.04833056,66.56,78.0,1.126,0.112,10.29,8268.428681831765,0.037241401845,7792.4158505426285,0.037032415949,124.99319516886877,2.5554251379844573e-05,21.18115359183483,2.389755398013449e-05,0,0,0,5.103076,423.1091,9.322749,15.933869189203978,0.0239230183638308,0.718,254.7197,8.225189,16.484844207763672,0.0350596532225608,274.92,4.868036,16.4019832611084,0.0192252378910779,308.219,4.497224,16.277851104736328,0.015841981396079,328.5517,4.815766,16.208492279052734,0.0159142445772886,346.747,5.366957,16.149967193603516,0.0168050453066825,357.2073,6.022948,16.117698669433594,0.0183068308979272,362.0634,6.732772,16.103038787841797,0.0201898701488971,364.5151,7.481471,16.09571075439453,0.0222841333597898,370.659,8.248753,16.077564239501953,0.0241622868925333,376.8832,9.031258,16.05948257446289,0.0260175094008445,381.7303,9.826644,16.045608520507812,0.0279494225978851,381.3542,10.62859,16.04667854309082,0.030260169878602,387.9198,11.43992,16.02814483642578,0.0320188328623771,395.1343,12.25904,16.00813865661621,0.0336849689483642,405.2785,13.08395,15.980615615844728,0.0350517556071281,414.3339,13.90973,15.956623077392578,0.03644959628582,420.2361,14.7334,15.941267013549805,0.0380657017230987,427.0325,15.56918,15.923848152160645,0.0395848676562309,426.6569,16.40044,15.924802780151367,0.0417350567877292,427.4925,17.23374,15.92267894744873,0.0437698736786842,1,1.584,2.948,6.579,8268.4877,7792.4232,124.9931976,21.1811725,2.638e-12,338.1281,4.322859,16.177295684814453,0.0138807855546474,/processed1/20260216/L2/OBJ_MP_0971_0072_cat.fits.gz::23398,112,retained_after_posthoc_audit
20260216,00000UI,208,2,20260216001401020086,20260216001400010038;20260216001401020086,OBJ_MP_0971_0100.fits.gz,OBJ_MP_0971_0100_cat.fits.gz,/processed1/20260216/L2/OBJ_MP_0971_0100_cat.fits.gz,22931,61087.50886100694,124.98804527451816,21.183433343885532,124.98804887833208,21.183448246416024,13,1->2,3,2,0.0219497881999745,0.0,0.0380181483777317,2.298790120806364,0.0864759775621541,21.278821523459488,10.68345218959862,124.00059850361988,0.0090836583601751,21.4236532763111,0.032980374185192,711.659040660151,154.39595290348586,22931,w,61087.50886100694,2026-02-16T12:12:45.591,2.727184,0.05577566,2.559762,0.05348073,48.86,14.47,1.068,0.063,11.7,8269.610469871204,0.041348436275,7767.038089396494,0.040837001662,124.98804527451816,2.817728757520399e-05,21.183433343885532,2.6531864040890696e-05,0,0,0,5.723727,400.0153,9.330731,15.994808418917366,0.0253258108581695,0.041,259.2813,9.306797,16.465572357177734,0.0389720648527145,271.9503,5.188358,16.413776397705078,0.0207140352576971,293.5781,4.472784,16.330692291259766,0.0165416430681943,311.0093,4.591735,16.26806640625,0.0160297844558954,325.9517,4.993359,16.217117309570312,0.0166327413171529,334.3915,5.527637,16.189361572265625,0.0179476886987686,341.2234,6.131172,16.167404174804688,0.0195087306201457,347.2207,6.774345,16.148487091064453,0.021182931959629,350.6179,7.446121,16.137914657592773,0.0230579320341348,354.8977,8.134434,16.12474250793457,0.0248856171965599,354.2924,8.835533,16.126596450805664,0.0270766671746969,358.2669,9.547429,16.114482879638672,0.0289337094873189,363.619,10.26544,16.0983829498291,0.0306517481803894,367.1492,10.99081,16.087892532348633,0.0325021035969257,372.1212,11.72311,16.073287963867188,0.0342044793069362,376.4165,12.45445,16.060827255249023,0.0359236262738704,378.4842,13.19304,16.054880142211914,0.0378461182117462,383.2393,13.93299,16.041324615478516,0.039472859352827,388.8909,14.67296,16.02543067932129,0.0409651286900043,396.557,15.42007,16.004236221313477,0.0422187186777591,0,1.735,3.204,7.174,8269.657,7767.0488,124.9880489,21.1834482,2.783e-12,320.1623,4.20945,16.236574172973633,0.0142751103267073,/processed1/20260216/L2/OBJ_MP_0971_0100_cat.fits.gz::22931,113,retained_after_posthoc_audit
20260309,000011l,35,0,20260309000600010017,20260309000600010017;20260309000601020043;20260309000602030064,OBJ_MP_1402_0036.fits.gz,OBJ_MP_1402_0036_cat.fits.gz,/processed1/20260309/L2/OBJ_MP_1402_0036_cat.fits.gz,8987,61108.69579305556,197.23727256925253,0.5829845105414654,197.23727561298367,0.5829957465423365,5,0->1,4,3,0.19100792233934,0.1290535387901832,0.2843855296271108,7.738314405051875,0.4701688556333134,19.16655243394908,15.228366214561383,175.34182536296197,0.0108019055383301,17.835479709754274,0.127688709559028,355.1821089478304,141.5235322882326,8987,w,61108.69579305556,2026-03-09T16:41:56.520,1.783206,0.1102722,1.503283,0.08872566,-23.09,-26.17,1.187,0.158,8.2,505.80862220796826,0.10630199549,6902.703310029995,0.1066793896,197.23727256925253,6.874333922723963e-05,0.5829845105414654,6.85456208695534e-05,0,0,0,4.908664,138.8628,10.74744,17.1435351576146,0.0840317333273967,0.107,104.1832,8.299261,17.45550537109375,0.086490049958229,103.351,5.263349,17.464214324951172,0.0552931986749172,111.6417,5.285061,17.380434036254883,0.05139821767807,108.0917,6.000085,17.41551971435547,0.0602683909237384,114.6433,6.988092,17.35162925720215,0.0661811530590057,116.7754,8.072793,17.331621170043945,0.0750579461455345,118.0102,9.205867,17.320199966430664,0.0846972465515136,124.6357,10.36349,17.260892868041992,0.0902791991829872,131.1909,11.52765,17.20524024963379,0.0954028367996215,123.4671,12.6996,17.271121978759766,0.1116768568754196,116.5093,13.88381,17.33409881591797,0.1293815672397613,116.6329,15.07304,17.33294677734375,0.1403150260448455,119.0901,16.26921,17.31031036376953,0.1483252048492431,112.1568,17.47017,17.37543487548828,0.1691203564405441,100.7139,18.67465,17.492277145385742,0.2013202905654907,98.08974,19.87961,17.52094078063965,0.2200435698032379,99.00754,21.1002,17.51082992553711,0.2313889265060424,91.0722,22.31425,17.60153579711914,0.2660239636898041,82.67657,23.54396,17.706544876098633,0.3091871440410614,89.4926,24.76428,17.620532989501953,0.3004436194896698,0,1.287,2.418,5.685,505.8436,6902.713,197.2372756,0.5829957,7.766e-11,102.8643,4.402114,17.469337463378906,0.0464644618332386,/processed1/20260309/L2/OBJ_MP_1402_0036_cat.fits.gz::8987,114,retained_after_posthoc_audit
20260309,000011l,35,1,20260309000600010017;20260309000601020043,20260309000600010017;20260309000601020043;20260309000602030064,OBJ_MP_1402_0057.fits.gz,OBJ_MP_1402_0057_cat.fits.gz,/processed1/20260309/L2/OBJ_MP_1402_0057_cat.fits.gz,8262,61108.71573802083,197.23574446629488,0.5842917768748269,197.2357549593326,0.5842752757518511,5,0->1;1->2,4,3,0.19100792233934,0.1290535387901832,0.2843855296271108,7.738314405051875,0.4701688556333134,19.16655243394908,15.228366214561383,175.34182536296197,0.0108019055383301,17.835479709754274,0.127688709559028,355.1821089478304,141.5235322882326,8262,w,61108.71573802083,2026-03-09T17:10:39.765,1.537013,0.1125819,1.501159,0.1082774,-10.37,6.07,1.024,0.023,7.07,504.59790682699446,0.13900999817,6896.085196178389,0.13896802357,197.23574446629488,8.95448724236303e-05,0.5842917768748269,8.963183343857484e-05,0,0,0,4.635688,153.6223,11.87639,17.033864450084593,0.0839372409479264,0.05,100.2873,8.570159,17.496885299682617,0.0927827805280685,99.1374,5.764846,17.50940704345703,0.0631356313824653,105.137,5.975153,17.44561195373535,0.0617046616971492,112.7649,6.930334,17.369564056396484,0.0667274594306945,115.1198,8.124493,17.347124099731445,0.0766249895095825,123.7306,9.424747,17.268808364868164,0.0827021971344947,125.5631,10.76225,17.252843856811523,0.093060478568077,133.6212,12.13318,17.18531036376953,0.0985878705978393,140.666,13.51804,17.129528045654297,0.104339487850666,140.4233,14.90934,17.13140296936035,0.1152772232890129,132.4705,16.30936,17.1947021484375,0.1336724609136581,133.8776,17.71411,17.183229446411133,0.1436599493026733,133.6476,19.1238,17.185096740722656,0.1553594022989273,132.7398,20.54579,17.19249725341797,0.1680528819561004,133.8617,21.9568,17.183359146118164,0.1780889481306076,130.9346,23.38006,17.20736312866211,0.1938721537590026,133.5305,24.81198,17.18604850769043,0.2017461061477661,134.2413,26.24827,17.180286407470703,0.2122945934534073,129.7474,27.69034,17.217252731323242,0.2317149639129638,133.8908,29.13241,17.183122634887695,0.2362380921840667,0,1.31,2.605,9.024,504.5462,6896.1177,197.235755,0.5842753,6.036e-11,94.19749,4.68204,17.56490135192871,0.0539659783244133,/processed1/20260309/L2/OBJ_MP_1402_0057_cat.fits.gz::8262,115,retained_after_posthoc_audit
20260309,000011l,35,2,20260309000601020043;20260309000602030064,20260309000600010017;20260309000601020043;20260309000602030064,OBJ_MP_1402_0078.fits.gz,OBJ_MP_1402_0078_cat.fits.gz,/processed1/20260309/L2/OBJ_MP_1402_0078_cat.fits.gz,7242,61108.73568081018,197.23416509149604,0.5855050494413799,197.23416349680787,0.5855024139851623,5,1->2;2->3,4,3,0.19100792233934,0.1290535387901832,0.2843855296271108,7.738314405051875,0.4701688556333134,19.16655243394908,15.228366214561383,175.34182536296197,0.0108019055383301,17.835479709754274,0.127688709559028,355.1821089478304,141.5235322882326,7242,w,61108.73568081018,2026-03-09T17:39:22.822,1.438926,0.1225205,1.317677,0.111131,-49.47,-44.68,1.094,0.086,6.3,505.00326435372256,0.12998195362,6890.244182147788,0.12978291397,197.23416509149604,8.361741234352849e-05,0.5855050494413799,8.381026125392488e-05,0,0,0,3.886595,139.7622,13.76451,17.13652576243502,0.1069289811090354,0.278,108.4641,10.86895,17.411785125732422,0.1087992787361145,104.9596,7.152599,17.447444915771484,0.0739888325333595,102.419,7.199255,17.474048614501953,0.0763187557458877,106.2521,8.180942,17.43415641784668,0.0835968479514122,102.9816,9.51752,17.468101501464844,0.1003433018922805,101.271,10.97897,17.48628807067871,0.1177066266536712,101.8106,12.50924,17.480518341064453,0.1334020048379898,99.20496,14.08369,17.5086669921875,0.1541372239589691,82.08868,15.67369,17.714292526245117,0.2073061913251876,72.8452,17.28634,17.843997955322266,0.257647842168808,72.01891,18.90997,17.85638427734375,0.2850811779499054,69.64656,20.54284,17.892749786376953,0.3202469646930694,67.0632,22.18823,17.93379020690918,0.3592217564582824,66.60505,23.83858,17.94123077392578,0.3885952234268188,50.23247,25.49572,18.247539520263672,0.5510704517364502,44.1995,27.15804,18.386457443237305,0.6671221852302551,45.50307,28.81712,18.35489845275879,0.6875972151756287,40.68347,30.4877,18.47645568847656,0.8136374354362488,40.97027,32.15733,18.468828201293945,0.8521880507469177,33.96411,33.8499,18.672449111938477,1.0820850133895874,0,1.162,2.106,4.275,504.9951,6890.2392,197.2341635,0.5855024,2.742e-11,100.9917,5.896366,17.48928451538086,0.0633903294801712,/processed1/20260309/L2/OBJ_MP_1402_0078_cat.fits.gz::7242,116,retained_after_posthoc_audit
20260309,000011l,35,3,20260309000602030064;20260309000602030065,20260309000600010017;20260309000601020043;20260309000602030064,OBJ_MP_1402_0194.fits.gz,OBJ_MP_1402_0194_cat.fits.gz,/processed1/20260309/L2/OBJ_MP_1402_0194_cat.fits.gz,5587,61108.845871550926,197.22568085546067,0.5922342437458554,197.2256016226094,0.5922481552163577,5,2->3,4,3,0.19100792233934,0.1290535387901832,0.2843855296271108,7.738314405051875,0.4701688556333134,19.16655243394908,15.228366214561383,175.34182536296197,0.0108019055383301,17.835479709754274,0.127688709559028,355.1821089478304,141.5235322882326,5587,w,61108.845871550926,2026-03-09T20:18:03.302,1.206875,0.1651516,1.014386,0.1410056,-49.56,-44.79,1.192,0.161,5.37,513.4095458922263,0.24692261026,6887.84374382315,0.24658604074,197.22568085546067,0.0001588127627769,0.5922342437458554,0.0001591901307046,0,0,0,6.592089,194.1117,21.84802,16.779870513578224,0.1222037689819666,0.609,111.7887,17.57937,17.379005432128906,0.1707377731800079,112.7617,11.42233,17.369596481323242,0.1099809855222702,115.0386,11.03478,17.347890853881836,0.1041464731097221,117.5763,12.19219,17.324201583862305,0.1125864833593368,119.9633,13.96912,17.302377700805664,0.126428484916687,123.1123,15.97785,17.274246215820312,0.1409098654985427,123.6267,18.11722,17.269718170166016,0.1591121852397918,133.6171,20.32473,17.185344696044922,0.1651532351970672,157.6077,22.57553,17.00605583190918,0.1555194705724716,171.8322,24.86272,16.91223907470703,0.1570971757173538,186.0234,27.1787,16.826080322265625,0.1586299836635589,192.2511,29.503,16.790328979492188,0.1666179597377777,216.1235,31.87713,16.663244247436523,0.1601406037807464,232.3924,34.23512,16.58444595336914,0.1599462628364563,255.7431,36.625,16.48048973083496,0.15548837184906,267.5995,39.00289,16.431285858154297,0.1582470834255218,276.8036,41.37512,16.39457130432129,0.1622900515794754,296.6447,43.78097,16.319408416748047,0.1602407842874527,281.2538,46.179,16.377254486083984,0.1782667934894561,265.799,48.6294,16.438615798950195,0.1986414343118667,1,1.377,2.498,-3.394,513.4545,6887.5968,197.2256016,0.5922482,2.794e-11,105.3487,9.101579,17.44342613220215,0.0938019081950187,/processed1/20260309/L2/OBJ_MP_1402_0194_cat.fits.gz::5587,117,retained_after_posthoc_audit
20260310,000012m,730,0,20260310006600010026,20260310006600010026;20260310006601020075,OBJ_MP_1111_0218.fits.gz,OBJ_MP_1111_0218_cat.fits.gz,/processed1/20260310/L2/OBJ_MP_1111_0218_cat.fits.gz,12130,61109.643039027775,137.6177889406773,19.55423987148547,137.61780551599912,19.55423426463533,65,0->1,3,2,0.0364536352718913,0.0,0.0631395484115007,2.104123273384414,0.001959615895071,17.879904708746757,19.063792775151768,132.40604421032884,0.006605953019761,20.57351870853188,0.0342573307289413,577.4396697887792,140.24291005620327,12130,w,61109.643039027775,2026-03-10T15:25:58.572,1.56174,0.1321522,1.384158,0.1147053,74.08,79.19,1.129,0.114,6.8,4916.657670725088,0.14959322522,5915.026762717943,0.14924883551,137.6177889406773,0.0001022785577333,19.55423987148547,9.660665023503157e-05,0,0,0,4.633087,66.1528,6.255813,17.948629486111102,0.1026738564447403,0.014,43.35515,4.85309,18.407398223876953,0.1215351670980453,44.52326,3.187167,18.37853240966797,0.0777216777205467,47.36971,3.254239,18.311248779296875,0.0745886862277984,48.00665,3.72691,18.29674530029297,0.0842891857028007,50.69511,4.33655,18.237585067749023,0.0928758084774017,51.51115,4.995114,18.22024726867676,0.105285495519638,51.2374,5.676077,18.22603225708008,0.1202778071165084,53.9086,6.383288,18.170854568481445,0.1285614520311355,54.43146,7.097807,18.160375595092773,0.1415788978338241,54.85752,7.820586,18.15190887451172,0.1547844856977462,55.95756,8.547608,18.130352020263672,0.165847972035408,51.58272,9.278651,18.218738555908203,0.195301204919815,54.82597,10.01255,18.15253448486328,0.1982816904783249,60.04415,10.7498,18.053823471069336,0.1943810284137725,64.03045,11.49589,17.984033584594727,0.1949307471513748,61.238,12.23786,18.032447814941406,0.2169745564460754,58.00562,12.98235,18.091323852539062,0.2430006563663482,64.13756,13.73239,17.982219696044922,0.2324652671813964,70.58331,14.47941,17.878244400024414,0.2227271050214767,73.75648,15.22599,17.83049964904785,0.2241350263357162,0,1.296,2.388,5.391,4916.6399,5915.0753,137.6178055,19.5542343,3.082e-10,39.31851,2.448876,18.513507843017575,0.0676229521632194,/processed1/20260310/L2/OBJ_MP_1111_0218_cat.fits.gz::12130,118,retained_after_posthoc_audit
20260310,000012m,730,1,20260310006600010026;20260310006601020075,20260310006600010026;20260310006601020075,OBJ_MP_1111_0237.fits.gz,OBJ_MP_1111_0237_cat.fits.gz,/processed1/20260310/L2/OBJ_MP_1111_0237_cat.fits.gz,11491,61109.66339591435,137.61512571444212,19.556348289512417,137.6152020656069,19.5563023796528,65,0->1;1->2,3,2,0.0364536352718913,0.0,0.0631395484115007,2.104123273384414,0.001959615895071,17.879904708746757,19.063792775151768,132.40604421032884,0.006605953019761,20.57351870853188,0.0342573307289413,577.4396697887792,140.24291005620327,11491,w,61109.66339591435,2026-03-10T15:55:17.407,1.632687,0.1628971,1.292206,0.1271707,89.33,-89.54,1.264,0.209,8.32,4920.172999962961,0.23407810354,5910.289445430736,0.23324373905,137.61512571444212,0.0001598397303723,19.556348289512417,0.0001511641868425,0,0,0,5.888527,67.48003,7.265711,17.92706175590292,0.1169033964730485,0.009,37.48481,5.236279,18.56536102294922,0.1516672223806381,39.73498,3.452765,18.50206756591797,0.0943448767066001,43.08986,3.458885,18.4140625,0.0871536061167717,47.97285,3.926688,18.29751205444336,0.0888700038194656,49.78767,4.545893,18.2571964263916,0.0991338044404983,50.51744,5.236336,18.241397857666016,0.1125409379601478,52.60463,5.959991,18.197439193725582,0.1230115741491317,52.20637,6.694254,18.20569229125977,0.1392204463481903,57.25943,7.444034,18.105382919311523,0.141151562333107,59.11265,8.197049,18.070798873901367,0.1505571603775024,55.08845,8.954728,18.147348403930664,0.1764884144067764,56.34656,9.721499,18.122831344604492,0.187322586774826,59.08152,10.49092,18.07137107849121,0.1927907764911651,58.3699,11.26219,18.08452796936035,0.209487497806549,54.44098,12.03384,18.160184860229492,0.2399952709674835,53.53047,12.80742,18.178497314453125,0.2597675323486328,52.60019,13.58709,18.197532653808594,0.2804551124572754,53.90115,14.36957,18.17100524902344,0.2894477546215057,53.86678,15.15319,18.17169761657715,0.3054269254207611,58.93471,15.93995,18.074071884155273,0.2936567962169647,0,1.593,3.094,9.796,4920.0287,5910.5127,137.6152021,19.5563024,4.46e-10,35.29418,2.671654,18.63074111938477,0.0821866765618324,/processed1/20260310/L2/OBJ_MP_1111_0237_cat.fits.gz::11491,119,retained_after_posthoc_audit
20260310,000012m,730,2,20260310006601020075,20260310006600010026;20260310006601020075,OBJ_MP_1111_0256.fits.gz,OBJ_MP_1111_0256_cat.fits.gz,/processed1/20260310/L2/OBJ_MP_1111_0256_cat.fits.gz,11439,61109.68379255787,137.6124560028642,19.558420431311028,137.61250002251955,19.558466382495386,65,1->2,3,2,0.0364536352718913,0.0,0.0631395484115007,2.104123273384414,0.001959615895071,17.879904708746757,19.063792775151768,132.40604421032884,0.006605953019761,20.57351870853188,0.0342573307289413,577.4396697887792,140.24291005620327,11439,w,61109.68379255787,2026-03-10T16:24:39.677,1.676032,0.1487434,1.424735,0.1241454,73.22,77.71,1.177,0.15,5.41,4925.04667738767,0.17782304723,5907.031933929076,0.17749997874,137.6124560028642,0.0001216389276521,19.558420431311028,0.0001148329002305,0,0,0,6.600773,79.85391,6.540225,17.744259551031437,0.0889243806545461,0.01,34.61326,5.286788,18.651893615722656,0.1658340394496917,41.2257,3.486653,18.462080001831055,0.0918258428573608,47.0996,3.532608,18.31745719909668,0.0814334079623222,53.62753,4.019975,18.176530838012695,0.0813878998160362,54.63182,4.644134,18.15638542175293,0.092296116054058,52.1233,5.333334,18.207420349121097,0.1110941618680954,48.98538,6.061124,18.27483367919922,0.134341761469841,46.68715,6.810519,18.32700538635254,0.1583824902772903,41.8483,7.57094,18.445804595947266,0.1964247524738311,43.44041,8.33991,18.40526580810547,0.2084451466798782,43.21359,9.113582,18.41094970703125,0.2289776355028152,41.73201,9.89671,18.448827743530273,0.2574813961982727,41.33817,10.68211,18.45912170410156,0.2805628478527069,42.07077,11.4682,18.44004821777344,0.2959640920162201,36.85373,12.2541,18.58379554748535,0.361014187335968,35.362,13.04979,18.628658294677734,0.4006737768650055,32.25428,13.84227,18.728530883789062,0.4659551084041595,33.49469,14.63757,18.68756103515625,0.4744792878627777,33.30248,15.43509,18.69380760192871,0.5032187700271606,28.44211,16.2352,18.865095138549805,0.6197551488876343,0,1.437,2.602,4.241,4925.1891,5907.162,137.6125,19.5584664,3.68e-10,37.34856,2.713234,18.56931495666504,0.0788746923208236,/processed1/20260310/L2/OBJ_MP_1111_0256_cat.fits.gz::11439,120,retained_after_posthoc_audit
20260310,000012H,1026,0,20260310010800010015,20260310010800010015;20260310010801020034,OBJ_MP_1402_0335.fits.gz,OBJ_MP_1402_0335_cat.fits.gz,/processed1/20260310/L2/OBJ_MP_1402_0335_cat.fits.gz,9490,61109.762196145835,197.15530759782365,0.6492812129381488,197.1553157042692,0.6492816464972043,107,0->1,3,2,0.0396401136872268,0.0,0.0686586909240834,7.672505887849127,0.465624392151104,19.037866922219617,15.258738381324772,175.45797225130798,0.0035187453159094,17.80789261632792,0.0324292880751441,366.56531100911553,141.96601867862503,9490,w,61109.762196145835,2026-03-10T18:17:33.747,1.937154,0.08891202,1.687161,0.07436402,-21.65,-24.54,1.149,0.13,9.63,701.7092070782414,0.074368772203,6634.877631743064,0.074563834602,197.15530759782365,4.805350246783746e-05,0.6492812129381488,4.795152513936696e-05,0,0,0,3.99794,153.5332,9.584594,17.034494358064446,0.0677790996345773,0.029,125.6618,7.528588,17.251991271972656,0.0650481209158897,124.7727,4.546365,17.259700775146484,0.039561178535223,123.9868,4.368162,17.26656150817871,0.0382514335215091,122.7885,4.849454,17.2771053314209,0.0428804755210876,125.3528,5.563035,17.25466537475586,0.0481839179992675,128.8064,6.368318,17.225156784057617,0.0536798983812332,129.7599,7.226432,17.217147827148438,0.0604655109345912,136.592,8.111563,17.16143798828125,0.0644768178462982,139.301,9.013664,17.140113830566406,0.0702540427446365,137.7389,9.923983,17.152359008789062,0.0782264694571495,133.1522,10.84116,17.189128875732422,0.0883998870849609,127.9784,11.7609,17.232158660888672,0.0997764617204666,126.3077,12.68959,17.24642562866211,0.1090793088078498,122.0526,13.62241,17.283632278442383,0.1211801320314407,111.6802,14.55829,17.38006019592285,0.1415332555770874,97.72562,15.49959,17.524978637695312,0.1722012311220169,90.70914,16.44274,17.605873107910156,0.1968101859092712,88.73736,17.38924,17.62973403930664,0.2127641886472702,86.3628,18.33908,17.659183502197266,0.2305552512407302,89.96704,19.28752,17.614791870117188,0.2327647805213928,0,1.282,2.424,5.702,701.7104,6634.9029,197.1553157,0.6492816,3.262e-11,105.8306,3.282262,17.438472747802734,0.0336733572185039,/processed1/20260310/L2/OBJ_MP_1402_0335_cat.fits.gz::9490,121,retained_after_posthoc_audit
20260310,000012H,1026,1,20260310010800010015;20260310010801020034,20260310010800010015;20260310010801020034,OBJ_MP_1402_0360.fits.gz,OBJ_MP_1402_0360_cat.fits.gz,/processed1/20260310/L2/OBJ_MP_1402_0360_cat.fits.gz,8788,61109.78664079861,197.15334990980924,0.650795890950309,197.153371879267,0.6507787874537537,107,0->1;1->2,3,2,0.0396401136872268,0.0,0.0686586909240834,7.672505887849127,0.465624392151104,19.037866922219617,15.258738381324772,175.45797225130798,0.0035187453159094,17.80789261632792,0.0324292880751441,366.56531100911553,141.96601867862503,8788,w,61109.78664079861,2026-03-10T18:52:45.765,1.91051,0.1009586,1.770535,0.09012605,-5.49,0.47,1.079,0.073,9.16,699.0096614410357,0.094408561459,6629.5120894709535,0.09424150058,197.15334990980924,6.0731432228067206e-05,0.650795890950309,6.0872359274655174e-05,0,0,0,4.851182,153.9755,10.54811,17.031371144081604,0.0743784805151561,0.04,118.0074,7.814372,17.320226669311523,0.0718967169523239,116.0006,5.02941,17.338850021362305,0.0470740012824535,115.6021,4.890449,17.342586517333984,0.0459311679005622,121.3762,5.45873,17.28966522216797,0.0488295145332813,126.4435,6.271184,17.245258331298828,0.0538489781320095,133.3215,7.199133,17.1877498626709,0.0586278885602951,134.3758,8.179926,17.179197311401367,0.0660925731062889,132.6672,9.180068,17.193090438842773,0.0751288160681724,133.1471,10.20998,17.189170837402344,0.0832563638687133,138.9378,11.25042,17.142948150634766,0.0879169926047325,143.4437,12.29979,17.108295440673828,0.0930980518460273,147.7808,13.35462,17.07595443725586,0.0981155708432197,142.1321,14.4125,17.118268966674805,0.1100959777832031,143.7591,15.464,17.105911254882812,0.1167914047837257,150.4198,16.53808,17.056737899780273,0.1193725690245628,156.1575,17.59876,17.01609230041504,0.1223611533641815,151.6566,18.67164,17.0478458404541,0.1336735188961029,144.6944,19.74671,17.0988712310791,0.1481724381446838,131.2303,20.82454,17.204914093017578,0.1722921729087829,118.5841,21.90253,17.31493377685547,0.200535848736763,0,1.344,2.567,5.615,698.9559,6629.5803,197.1533719,0.6507788,4.225e-11,101.0721,3.712865,17.488422393798828,0.0398843400180339,/processed1/20260310/L2/OBJ_MP_1402_0360_cat.fits.gz::8788,122,retained_after_posthoc_audit
20260310,000012H,1026,2,20260310010801020034,20260310010800010015;20260310010801020034,OBJ_MP_1402_0385.fits.gz,OBJ_MP_1402_0385_cat.fits.gz,/processed1/20260310/L2/OBJ_MP_1402_0385_cat.fits.gz,9375,61109.811160289355,197.1513803754254,0.6523530329271278,197.1514008867671,0.6523500928289456,107,1->2,3,2,0.0396401136872268,0.0,0.0686586909240834,7.672505887849127,0.465624392151104,19.037866922219617,15.258738381324772,175.45797225130798,0.0035187453159094,17.80789261632792,0.0324292880751441,366.56531100911553,141.96601867862503,9375,w,61109.811160289355,2026-03-10T19:28:04.249,1.727612,0.0864327,1.653143,0.07983624,-10.0,-14.89,1.045,0.043,8.68,701.2674365661501,0.073305479031,6628.994274249238,0.073045891575,197.1513803754254,4.706955508027022e-05,0.6523530329271278,4.726049974412838e-05,0,0,0,4.320823,150.243,9.875172,17.058014030262207,0.0713632449345338,0.098,128.331,7.08014,17.229171752929688,0.059901088476181,119.5916,4.49267,17.305747985839844,0.0407875999808311,118.1522,4.605318,17.31889533996582,0.0423196442425251,123.2666,5.294701,17.272886276245117,0.0466359034180641,121.7223,6.177357,17.286575317382812,0.0551006607711315,128.088,7.13347,17.231229782104492,0.0604667700827121,129.988,8.132202,17.215240478515625,0.0679249241948127,134.6107,9.141253,17.17730140686035,0.0737310722470283,140.0456,10.17429,17.134326934814453,0.0788785591721534,150.8698,11.211,17.05349349975586,0.0806800946593284,157.937,12.26231,17.0037899017334,0.0842971429228782,165.4849,13.31609,16.95310401916504,0.0873660892248153,172.4658,14.36652,16.90824317932129,0.0904425606131553,172.8002,15.42518,16.906139373779297,0.0969193130731582,166.6221,16.49355,16.945669174194336,0.1074745878577232,165.3836,17.55701,16.95376968383789,0.1152609810233116,171.1795,18.62699,16.916370391845703,0.1181449517607688,171.9112,19.70102,16.911739349365234,0.1244253367185592,170.104,20.77636,16.923213958740234,0.1326108425855636,168.1318,21.84929,16.935874938964844,0.1410950273275375,0,1.16,2.22,5.661,701.2579,6629.0582,197.1514009,0.6523501,3.669e-11,101.8066,3.300397,17.480560302734375,0.0351977311074733,/processed1/20260310/L2/OBJ_MP_1402_0385_cat.fits.gz::9375,123,retained_after_posthoc_audit
20260311,000013V,1139,0,20260311009000010030,20260311009000010030;20260311009001020051,OBJ_MP_1402_0297.fits.gz,OBJ_MP_1402_0297_cat.fits.gz,/processed1/20260311/L2/OBJ_MP_1402_0297_cat.fits.gz,10677,61110.74243268518,197.07819105128473,0.7107208006696828,197.0781946988984,0.7107074644245116,89,0->1,3,2,0.0460696132938598,0.0030735851265057,0.079735693899329,1.5029072143168811,0.1350098129372073,23.85267930959282,4.596151787967966,172.65906329386823,0.0179042921524516,27.830515159900013,0.0389773965145521,371.6322934891143,142.54470568581297,10677,w,61110.74243268518,2026-03-11T17:49:06.184,1.766051,0.0727115,1.744753,0.06851654,70.36,29.64,1.012,0.012,6.78,901.0426598756064,0.056350723968,6358.570155373497,0.055826281003,197.07819105128473,3.5994594043131656e-05,0.7107208006696828,3.633717521644986e-05,0,0,0,3.611814,154.5063,6.821105,17.027634495949286,0.0479328092685489,0.039,130.4233,6.51111,17.211610794067383,0.0542030930519104,122.1567,3.894408,17.28270721435547,0.0346137322485446,122.0706,3.796952,17.283472061157227,0.0337713360786438,123.3325,4.276102,17.272306442260742,0.0376439280807971,124.6745,4.924359,17.260555267333984,0.0428841039538383,125.8741,5.650836,17.250158309936523,0.0487417019903659,133.1441,6.410017,17.18919563293457,0.0522710978984832,134.2988,7.188228,17.179819107055664,0.0581131018698215,130.4842,7.976592,17.211105346679688,0.066371813416481,129.7274,8.78096,17.21742057800293,0.0734910666942596,130.7748,9.581542,17.208688735961914,0.0795491561293602,125.8233,10.39215,17.25059700012207,0.0896744281053543,127.0457,11.20476,17.240100860595703,0.0957561433315277,128.2082,12.02252,17.230209350585938,0.1018131673336029,128.8848,12.84707,17.22449493408203,0.1082247793674469,131.923,13.67004,17.19919776916504,0.1125054433941841,131.9551,14.49417,17.19893455505371,0.1192591339349746,134.4482,15.32106,17.178613662719727,0.1237252503633499,133.2483,16.15289,17.18834686279297,0.1316172629594802,132.7777,16.99134,17.192188262939453,0.1389398723840713,0,1.097,2.075,4.378,901.001,6358.5813,197.0781947,0.7107075,1.485e-10,101.9047,2.823504,17.47951316833496,0.0300828069448471,/processed1/20260311/L2/OBJ_MP_1402_0297_cat.fits.gz::10677,124,retained_after_posthoc_audit
20260311,000013V,1139,1,20260311009000010030;20260311009001020051,20260311009000010030;20260311009001020051,OBJ_MP_1402_0323.fits.gz,OBJ_MP_1402_0323_cat.fits.gz,/processed1/20260311/L2/OBJ_MP_1402_0323_cat.fits.gz,9809,61110.76767074074,197.0761146045194,0.7123267367633851,197.076123108927,0.7123076879879005,89,0->1;1->2,3,2,0.0460696132938598,0.0030735851265057,0.079735693899329,1.5029072143168811,0.1350098129372073,23.85267930959282,4.596151787967966,172.65906329386823,0.0179042921524516,27.830515159900013,0.0389773965145521,371.6322934891143,142.54470568581297,9809,w,61110.76767074074,2026-03-11T18:25:26.752,1.861019,0.08655819,1.731548,0.07672517,-25.77,-19.49,1.076,0.07,7.82,899.6646208520846,0.07147236475,6353.190779496289,0.071039725378,197.0761146045194,4.579516431135744e-05,0.7123267367633851,4.60984126585684e-05,0,0,0,4.52614,144.7878,8.346595,17.098169863580676,0.0625895185441597,0.026,105.5398,6.706933,17.44145965576172,0.0689973011612892,110.3118,4.258548,17.39344596862793,0.041914477944374,115.3423,4.287854,17.345027923583984,0.0403622686862945,121.8692,4.860471,17.28526496887207,0.0433020703494548,123.3839,5.621139,17.271854400634766,0.0494641065597534,119.9086,6.456512,17.302873611450195,0.0584617853164672,122.9536,7.339154,17.275646209716797,0.0648080483078956,123.0708,8.244007,17.274612426757812,0.0727289840579032,119.3849,9.156033,17.307626724243164,0.0832687765359878,113.3766,10.07826,17.363691329956055,0.0965131893754005,105.5346,11.00752,17.441513061523438,0.1132449731230735,94.12669,11.94199,17.565717697143555,0.1377488821744918,88.75957,12.88335,17.62946319580078,0.1575934290885925,86.82509,13.82946,17.65338706970215,0.1729355752468109,79.60587,14.77939,17.747636795043945,0.2015745341777801,67.51207,15.732,17.926546096801758,0.253003716468811,57.13617,16.68332,18.10772132873535,0.3170265853404999,56.37122,17.64087,18.12235641479492,0.3397715389728546,58.99501,18.60211,18.072961807250977,0.3423508107662201,58.58918,19.56873,18.080455780029297,0.3626348376274109,0,1.21,2.224,4.365,899.605,6353.217,197.0761231,0.7123077,1.447e-10,97.14723,3.198801,17.531423568725586,0.0357504189014434,/processed1/20260311/L2/OBJ_MP_1402_0323_cat.fits.gz::9809,125,retained_after_posthoc_audit
20260311,000013V,1139,2,20260311009001020051,20260311009000010030;20260311009001020051,OBJ_MP_1402_0349.fits.gz,OBJ_MP_1402_0349_cat.fits.gz,/processed1/20260311/L2/OBJ_MP_1402_0349_cat.fits.gz,7089,61110.79298002315,197.07404847937443,0.7138941446692194,197.07406769320104,0.7138826384154628,89,1->2,3,2,0.0460696132938598,0.0030735851265057,0.079735693899329,1.5029072143168811,0.1350098129372073,23.85267930959282,4.596151787967966,172.65906329386823,0.0179042921524516,27.830515159900013,0.0389773965145521,371.6322934891143,142.54470568581297,7089,w,61110.79298002315,2026-03-11T19:01:53.474,1.528747,0.1048055,1.42715,0.09873533,-30.47,-32.97,1.072,0.067,7.07,900.6640101378208,0.099194348964,6350.224957365233,0.099741490416,197.07404847937443,6.429444493960546e-05,0.7138941446692194,6.396628334159882e-05,0,0,0,4.013471,150.4622,12.80069,17.056431179396228,0.0923698145913712,0.066,131.6617,10.06836,17.201351165771484,0.0830277875065803,120.7257,6.461313,17.295499801635742,0.0581092499196529,118.5294,6.545328,17.3154354095459,0.0599555894732475,116.8279,7.495633,17.331134796142578,0.0696604251861572,120.7424,8.715678,17.295351028442383,0.0783728882670402,121.5756,10.03944,17.287883758544922,0.0896576642990112,121.4866,11.43536,17.288679122924805,0.1021988093852996,124.9696,12.8603,17.25798797607422,0.1117303371429443,134.3985,14.32307,17.179014205932617,0.1157086417078971,148.7468,15.79865,17.068880081176758,0.1153179183602333,157.4432,17.27056,17.007190704345703,0.1190986484289169,161.0594,18.75872,16.982534408569336,0.126456543803215,169.6554,20.23503,16.92608070373535,0.1294972151517868,158.2601,21.72281,17.001571655273438,0.1490283757448196,154.138,23.22967,17.030223846435547,0.163627952337265,150.7529,24.7325,17.054336547851562,0.1781257539987564,154.3061,26.24542,17.029041290283203,0.1846693158149719,149.7964,27.75658,17.061246871948242,0.2011819630861282,148.395,29.2692,17.071453094482422,0.2141489088535308,150.539,30.78515,17.055877685546875,0.2220325022935867,0,1.102,2.074,4.896,900.6278,6350.2847,197.0740677,0.7138826,1.129e-10,99.94715,4.66043,17.500574111938477,0.0506267324090004,/processed1/20260311/L2/OBJ_MP_1402_0349_cat.fits.gz::7089,126,retained_after_posthoc_audit
20260407,0000188,1081,0,20260407006000010038,20260407006000010038;20260407006001020091,OBJ_MP_1398_0255.fits.gz,OBJ_MP_1398_0255_cat.fits.gz,/processed1/20260407/L2/OBJ_MP_1398_0255_cat.fits.gz,8253,61137.71112136574,187.11874999895696,7.295594689826664,187.11880678240047,7.295533052303406,59,0->1,3,2,0.1540885227126328,0.0,0.266889150201511,1.647459687612105,0.2109063418946895,22.618673546102094,5.456064097068353,189.29232237811533,0.0157190051515493,28.74595320140162,0.1658168179269931,398.5961505970075,166.61146174919747,8253,w,61137.71112136574,2026-04-07T17:04:00.886,1.095393,0.1914075,0.8791836,0.1509941,45.18,45.03,1.247,0.198,5.32,8327.182523566189,0.25355205777,6098.662043463621,0.2532572984,187.11874999895696,0.0001646982707086,7.295594689826664,0.0001632625476961,0,0,0,3.907216,52.41762,7.728162,18.2013066885562,0.1600748893979824,0.704,35.19537,6.059961,18.633787155151367,0.1869427412748336,32.60764,4.017331,18.71670150756836,0.1337649971246719,32.32945,4.040612,18.726003646850582,0.1356979012489318,32.23665,4.580469,18.7291259765625,0.1542710363864898,30.33834,5.301128,18.795021057128903,0.1897146552801132,29.48391,6.107513,18.826038360595703,0.2249073535203933,24.07481,6.944717,19.046092987060547,0.3131958842277527,23.54528,7.821864,19.070240020751953,0.3606872260570526,28.19053,8.707856,18.87474250793457,0.3353762328624725,30.19427,9.603537,18.800188064575195,0.3453273177146911,26.85414,10.5065,18.927471160888672,0.4247868657112121,31.04487,11.40686,18.7700252532959,0.3989337682723999,22.23371,12.3126,19.132469177246097,0.6012600064277649,24.43754,13.23275,19.029855728149418,0.5879184603691101,27.68226,14.15154,18.89449691772461,0.5550429224967957,27.94225,15.07462,18.88434600830078,0.5857460498809814,28.77847,15.98386,18.852331161499023,0.6030291318893433,26.37227,16.90659,18.947132110595703,0.696037769317627,27.34021,17.83302,18.907995223999023,0.7081862688064575,29.81264,18.76352,18.81399917602539,0.6833423376083374,1,1.169,2.22,6.575,8326.9893,6098.8366,187.1188068,7.2955331,2.618e-10,34.83987,4.124087,18.64480781555176,0.12852144241333,/processed1/20260407/L2/OBJ_MP_1398_0255_cat.fits.gz::8253,127,retained_after_posthoc_audit
20260407,0000188,1081,1,20260407006000010038;20260407006001020091,20260407006000010038;20260407006001020091,OBJ_MP_1398_0277.fits.gz,OBJ_MP_1398_0277_cat.fits.gz,/processed1/20260407/L2/OBJ_MP_1398_0277_cat.fits.gz,7596,61137.73254207176,187.11635618951505,7.296214967555942,187.11636001880203,7.296152921367534,59,0->1;1->2,3,2,0.1540885227126328,0.0,0.266889150201511,1.647459687612105,0.2109063418946895,22.618673546102094,5.456064097068353,189.29232237811533,0.0157190051515493,28.74595320140162,0.1658168179269931,398.5961505970075,166.61146174919747,7596,w,61137.73254207176,2026-04-07T17:34:51.635,0.9577253,0.1924996,0.8067715,0.1575179,-88.43,-89.67,1.188,0.158,6.29,8326.372747437015,0.24680428167,6096.87167267817,0.24637940951,187.11635618951505,0.000160215758683,7.296214967555942,0.0001589134790371,0,0,0,2.261916,39.57177,8.936901,18.5065363583445,0.2452030204516063,0.55,41.95062,7.243119,18.443153381347656,0.187461256980896,32.30461,4.725207,18.72683906555176,0.1588110476732254,32.68529,4.62682,18.71411895751953,0.1536931544542312,35.40414,5.13158,18.627365112304688,0.1573698222637176,32.11401,5.883497,18.73326301574707,0.1989139765501022,27.10396,6.736663,18.91741943359375,0.2698586881160736,19.171,7.65633,19.29338836669922,0.4336108565330505,20.0542,8.603441,19.24448585510254,0.4657910168170929,19.20646,9.569005,19.2913818359375,0.54093337059021,22.8064,10.54007,19.1048583984375,0.5017775893211365,16.83306,11.52638,19.434593200683594,0.743454098701477,21.70318,12.51675,19.15869140625,0.6261705160140991,20.70476,13.51362,19.20982551574707,0.7086405754089355,23.12727,14.51796,19.089689254760746,0.681562066078186,27.96695,15.5178,18.883386611938477,0.6024339199066162,21.7357,16.51826,19.157066345214844,0.8251162171363831,17.61696,17.53305,19.38517189025879,1.0805644989013672,9.005356,18.53962,20.113746643066406,2.2352406978607178,0.837481,19.55161,22.692564010620117,25.34731674194336,0.2134872,20.56029,24.176570892333984,104.56390380859376,1,0.988,2.008,3.368,8326.1791,6096.8825,187.11636,7.2961529,2.242e-10,35.97275,4.614993,18.61006546020508,0.1392905563116073,/processed1/20260407/L2/OBJ_MP_1398_0277_cat.fits.gz::7596,128,retained_after_posthoc_audit
20260407,0000188,1081,2,20260407006001020091,20260407006000010038;20260407006001020091,OBJ_MP_1398_0299.fits.gz,OBJ_MP_1398_0299_cat.fits.gz,/processed1/20260407/L2/OBJ_MP_1398_0299_cat.fits.gz,7354,61137.754085960645,187.1140842898249,7.296696345357208,187.1141363750747,7.296752324766296,59,1->2,3,2,0.1540885227126328,0.0,0.266889150201511,1.647459687612105,0.2109063418946895,22.618673546102094,5.456064097068353,189.29232237811533,0.0157190051515493,28.74595320140162,0.1658168179269931,398.5961505970075,166.61146174919747,7354,w,61137.754085960645,2026-04-07T18:05:53.027,1.14268,0.1989993,0.8399797,0.1453061,89.92,-89.82,1.362,0.266,5.58,8326.79788062905,0.2406530217,6095.249995684509,0.23964609805,187.1140842898249,0.0001558288321064,7.296696345357208,0.0001549515456682,0,0,0,5.825138,53.59063,9.050283,18.17727782895405,0.1833570572091074,0.418,34.96739,7.340797,18.64084243774414,0.2279314696788787,39.43043,4.794469,18.510421752929688,0.1320180594921112,36.56475,4.754948,18.592342376708984,0.141191154718399,37.42521,5.382284,18.567089080810547,0.1561444699764251,39.60762,6.225471,18.505552291870117,0.1706545054912567,38.70231,7.16574,18.530656814575195,0.2010242342948913,37.03757,8.149994,18.578393936157227,0.2389126271009445,36.70887,9.158074,18.588071823120117,0.2708678841590881,34.04592,10.18946,18.669837951660156,0.3249453604221344,32.05832,11.23279,18.73514747619629,0.3804270625114441,28.86448,12.28322,18.849090576171875,0.4620327651500702,26.91556,13.33734,18.924991607666016,0.538009762763977,28.66628,14.40237,18.85657119750977,0.5454901456832886,28.1052,15.47104,18.878032684326172,0.5976638197898865,21.81106,16.54199,19.15330696105957,0.8234464526176453,15.68112,17.61777,19.511558532714844,1.2198271751403809,12.97225,18.68836,19.71746253967285,1.564156174659729,12.6542,19.76096,19.744413375854492,1.6954991817474363,7.5026,20.82543,20.31196975708008,3.0137457847595215,6.752621,21.91434,20.426319122314453,3.523549318313598,0,1.234,2.069,4.057,8326.9718,6095.412,187.1141364,7.2967523,1.721e-10,39.60717,4.969344,18.505565643310547,0.1362227499485016,/processed1/20260407/L2/OBJ_MP_1398_0299_cat.fits.gz::7354,129,retained_after_posthoc_audit
20260407,000018c,1098,0,20260407006200010005,20260407006200010005;20260407006201020057,OBJ_MP_1531_0257.fits.gz,OBJ_MP_1531_0257_cat.fits.gz,/processed1/20260407/L2/OBJ_MP_1531_0257_cat.fits.gz,3011,61137.712952222224,187.11859573706627,7.29566362912503,187.11859212172715,7.295695157189602,61,0->1,3,2,0.2558224991978587,0.0,0.4430975663299396,8.88722533916371,0.5386636614529757,26.990573821561632,16.969249594669588,171.41700858671396,0.0031635164831381,18.246225362964555,0.2042233678611769,429.07782675507434,167.42961412659025,3011,w,61137.712952222224,2026-04-07T17:06:39.072,1.132659,0.1753945,1.008847,0.153257,72.29,70.65,1.125,0.111,5.57,816.3119100476306,0.21950332656,2453.1776286289546,0.22011780996,187.11859573706627,0.0001434742938215,7.29566362912503,0.0001416390434485,0,0,0,3.909492,53.24738,8.448431,18.184254362433627,0.1722670100409925,0.704,43.22543,7.203949,18.41065216064453,0.1809487491846084,37.47607,4.512986,18.565614700317383,0.130747765302658,35.08332,4.272686,18.63724899291992,0.1322283446788787,34.90117,4.666369,18.642900466918945,0.1451654881238937,30.45521,5.30953,18.79084587097168,0.1892861723899841,29.76343,6.056421,18.81579208374023,0.2209313660860061,28.50663,6.859652,18.862634658813477,0.2612645328044891,25.56944,7.699512,18.980697631835938,0.326938658952713,24.18933,8.551641,19.040939331054688,0.3838396668434143,17.37104,9.41335,19.400436401367188,0.588359534740448,18.93561,10.28993,19.306800842285156,0.590007483959198,9.641952,11.1695,20.039587020874023,1.257746934890747,7.843729,12.053,20.26369285583496,1.6683871746063232,9.093902,12.94241,20.103126525878903,1.545215725898743,17.1586,13.84204,19.413795471191406,0.8758759498596191,20.82005,14.73332,19.203794479370117,0.7683214545249939,22.6335,15.62689,19.11311912536621,0.749626874923706,17.22535,16.52868,19.40958023071289,1.041824460029602,15.49983,17.42974,19.52418327331543,1.2209230661392212,9.573137,18.32448,20.04736328125,2.0782690048217773,1,1.111,2.083,3.775,816.4104,2453.1673,187.1185921,7.2956952,2.672e-10,34.9911,3.829909,18.640106201171875,0.1188379600644111,/processed1/20260407/L2/OBJ_MP_1531_0257_cat.fits.gz::3011,130,retained_after_posthoc_audit
20260407,000018c,1098,1,20260407006200010005;20260407006201020057,20260407006200010005;20260407006201020057,OBJ_MP_1531_0279.fits.gz,OBJ_MP_1531_0279_cat.fits.gz,/processed1/20260407/L2/OBJ_MP_1531_0279_cat.fits.gz,2725,61137.73439467593,187.11619934927137,7.296246420859296,187.1161987735109,7.296255106520084,61,0->1;1->2,3,2,0.2558224991978587,0.0,0.4430975663299396,8.88722533916371,0.5386636614529757,26.990573821561632,16.969249594669588,171.41700858671396,0.0031635164831381,18.246225362964555,0.2042233678611769,429.07782675507434,167.42961412659025,2725,w,61137.73439467593,2026-04-07T17:37:31.700,1.16142,0.1710869,1.125652,0.1670488,10.62,-1.23,1.031,0.03,7.74,815.7741521902967,0.22165795114,2453.296225471223,0.22203085129,187.11619934927137,0.0001447209702121,7.296246420859296,0.0001430302483989,0,0,0,4.450354,43.53245,9.876966,18.402967136508064,0.2463398798310319,0.577,53.06054,8.446184,18.188072204589844,0.172827661037445,41.48657,5.268778,18.455230712890625,0.1378880739212036,41.53749,4.911449,18.45389938354492,0.1283789277076721,38.72414,5.288177,18.530046463012695,0.1482683569192886,38.87154,5.949766,18.52592086791992,0.1661852449178695,40.40951,6.74704,18.48379135131836,0.1812817305326461,31.9354,7.609685,18.73931884765625,0.2587132751941681,27.1587,8.515915,18.91522789001465,0.3404447138309479,20.78156,9.441647,19.2058048248291,0.4932803809642792,14.04791,10.38335,19.630970001220703,0.8025093674659729,5.022861,11.34054,20.747621536254883,2.451359748840332,7.032814,12.31004,20.382177352905273,1.900442600250244,8.572089,13.28632,20.16728401184082,1.6828380823135376,4.901036,14.26578,20.774280548095703,3.1603267192840576,1.319888,15.24815,22.198657989501953,12.543087005615234,-8.993564,16.22369,99.0,99.0,-11.88159,17.21018,99.0,99.0,-14.45784,18.20583,99.0,99.0,-21.30864,19.19858,99.0,99.0,-30.33661,20.18714,99.0,99.0,1,1.039,2.107,3.405,815.8013,2453.2947,187.1161988,7.2962551,2.95e-10,41.44835,4.463714,18.45623207092285,0.1169266328215599,/processed1/20260407/L2/OBJ_MP_1531_0279_cat.fits.gz::2725,131,retained_after_posthoc_audit
20260407,000018c,1098,2,20260407006201020057,20260407006200010005;20260407006201020057,OBJ_MP_1531_0301.fits.gz,OBJ_MP_1531_0301_cat.fits.gz,/processed1/20260407/L2/OBJ_MP_1531_0301_cat.fits.gz,2869,61137.755915752314,187.1135570793044,7.2967781352771635,187.11359585641992,7.296877768380499,61,1->2,3,2,0.2558224991978587,0.0,0.4430975663299396,8.88722533916371,0.5386636614529757,26.990573821561632,16.969249594669588,171.41700858671396,0.0031635164831381,18.246225362964555,0.2042233678611769,429.07782675507434,167.42961412659025,2869,w,61137.755915752314,2026-04-07T18:08:31.121,1.414533,0.1837469,0.9990979,0.1250535,-27.99,-27.3,1.416,0.294,5.22,816.8318586905018,0.2281693627,2449.023084531751,0.22860886131,187.1135570793044,0.0001490023747408,7.2967781352771635,0.0001472347397601,0,0,0,4.900908,83.32847,8.869304,17.698016479699003,0.1155634436361469,0.863,45.62986,7.289958,18.351877212524418,0.1734603345394134,46.88106,4.74325,18.322505950927734,0.1098507270216941,51.11623,4.693023,18.22860336303711,0.0996823385357856,52.84012,5.258265,18.192590713500977,0.1080445870757103,54.54068,6.063757,18.158199310302734,0.1207106411457061,55.8555,6.961367,18.132335662841797,0.135317176580429,53.04154,7.917449,18.188459396362305,0.1620665937662124,54.16515,8.902255,18.165700912475582,0.1784450113773346,53.22037,9.901241,18.184804916381836,0.2019928991794586,56.29411,10.91095,18.123842239379883,0.2104378342628479,67.04657,11.93541,17.934059143066406,0.1932792365550995,78.21407,12.96333,17.766788482666016,0.1799517720937729,92.61806,13.9967,17.58325958251953,0.1640794575214386,93.84407,15.02608,17.56898307800293,0.1738453656435012,100.6161,16.05978,17.493331909179688,0.1732991933822631,108.4831,17.09704,17.41159439086914,0.1711131185293197,112.9319,18.13144,17.367958068847656,0.1743170619010925,122.5894,19.19393,17.278867721557617,0.1699946820735931,139.8827,20.23866,17.135589599609375,0.1570875942707061,153.5606,21.28834,17.034299850463867,0.1505172848701477,1,1.317,2.473,5.25,817.142,2449.1456,187.1135959,7.2968778,1.559e-10,46.3498,4.173569,18.334880828857425,0.0977651327848434,/processed1/20260407/L2/OBJ_MP_1531_0301_cat.fits.gz::2869,132,retained_after_posthoc_audit
20260410,000018w,159,0,20260410002900010010,20260410002900010010;20260410002901020060;20260410002902030118,OBJ_MP_1263_0201.fits.gz,OBJ_MP_1263_0201_cat.fits.gz,/processed1/20260410/L2/OBJ_MP_1263_0201_cat.fits.gz,2678,61140.65090431713,182.5793741707512,3.4137700677179774,182.57933582993735,3.413767449804538,28,0->1,4,3,0.2881475810797971,0.0775281005080397,0.5550438617397856,4.37153308557641,0.0621139267813439,7.859269049431287,181.57853900020368,4.9389724104996455,0.0034045801201711,15.159564940070387,0.2284717879854429,651.2018669767655,132.395333638191,2678,w,61140.65090431713,2026-04-10T15:37:18.133,1.610608,0.1475326,1.444841,0.1297254,-33.62,-44.15,1.113,0.102,7.17,952.609552060215,0.19192835848,1965.2259165471648,0.19282045155,182.5793741707512,0.0001248129255202,3.4137700677179774,0.0001237757460423,0,0,0,6.202362,69.04058,6.6445,17.902238910183208,0.1044917877525004,0.647,38.54745,5.028656,18.535011291503903,0.1416382491588592,39.5667,3.327335,18.506675720214844,0.0913042426109314,46.40623,3.36493,18.333559036254883,0.0787270739674568,48.50529,3.863289,18.28552627563477,0.0864753574132919,55.78959,4.526353,18.133617401123047,0.088088572025299,59.56916,5.247666,18.06244659423828,0.0956464856863021,56.16883,5.992848,18.12626075744629,0.1158409714698791,55.90961,6.755624,18.131282806396484,0.1311907917261123,56.35033,7.52231,18.122758865356445,0.1449369490146637,55.5936,8.297689,18.13743782043457,0.1620528697967529,55.46388,9.077373,18.13997459411621,0.1776946038007736,55.85271,9.866428,18.132389068603516,0.1917962282896042,61.20065,10.65936,18.033109664916992,0.1891035288572311,62.43079,11.45018,18.011503219604492,0.1991304904222488,68.3832,12.24669,17.912626266479492,0.1944436132907867,75.2439,13.04298,17.808820724487305,0.1882044523954391,72.31895,13.84425,17.851869583129883,0.2078460454940796,73.17289,14.64674,17.83912467956543,0.2173277288675308,76.04028,15.44759,17.79738998413086,0.220567375421524,75.99546,16.24751,17.798030853271484,0.232125848531723,1,1.516,2.787,5.569,952.6021,1965.1064,182.5793358,3.4137674,3.325e-10,42.42555,2.888277,18.430931091308594,0.0739155337214469,/processed1/20260410/L2/OBJ_MP_1263_0201_cat.fits.gz::2678,133,retained_after_posthoc_audit
20260410,000018w,159,1,20260410002900010010;20260410002901020060,20260410002900010010;20260410002901020060;20260410002902030118,OBJ_MP_1263_0214.fits.gz,OBJ_MP_1263_0214_cat.fits.gz,/processed1/20260410/L2/OBJ_MP_1263_0214_cat.fits.gz,2653,61140.66352552083,182.5779753065674,3.415540316619695,182.57802179784233,3.415469827723728,28,0->1;1->2,4,3,0.2881475810797971,0.0775281005080397,0.5550438617397856,4.37153308557641,0.0621139267813439,7.859269049431287,181.57853900020368,4.9389724104996455,0.0034045801201711,15.159564940070387,0.2284717879854429,651.2018669767655,132.395333638191,2653,w,61140.66352552083,2026-04-10T15:55:28.605,1.541133,0.1636708,1.251318,0.1265347,5.41,3.92,1.231,0.188,9.83,948.5416701853436,0.41922798821,1963.3414405466012,0.41964823033,182.5779753065674,0.0002716313535131,3.415540316619695,0.0002703995928481,0,0,0,6.047914,85.77983,7.507403,17.666537071170097,0.095023027796892,0.408,31.20939,4.826645,18.7642879486084,0.1679130643606186,37.51559,3.185914,18.564470291137695,0.0922033265233039,39.08406,3.207359,18.520000457763672,0.0890988558530807,43.43171,3.676016,18.40548324584961,0.0918956100940704,49.63616,4.317634,18.2605037689209,0.0944434776902198,57.51663,5.004289,18.10051727294922,0.0944655165076255,64.35755,5.727182,17.978500366210938,0.0966197252273559,71.74993,6.460235,17.86044692993164,0.0977577343583107,75.45217,7.201,17.80582046508789,0.1036204248666763,80.69213,7.946058,17.732921600341797,0.1069165393710136,83.81074,8.694781,17.691749572753906,0.1126375794410705,90.02615,9.447192,17.614078521728516,0.1139353215694427,95.30205,10.20334,17.552244186401367,0.1162424087524414,103.3379,10.95852,17.4643497467041,0.115137442946434,104.2261,11.71192,17.455059051513672,0.1220045387744903,105.6963,12.46859,17.439849853515625,0.1280801147222519,111.8583,13.23023,17.37833023071289,0.128417357802391,116.4879,13.99228,17.33429718017578,0.1304163634777069,123.4257,14.75842,17.271484375,0.1298250257968902,135.1786,15.52597,17.1727294921875,0.12470243871212,0,2.039,5.158,9.245,948.3208,1963.4845,182.5780218,3.4154698,3.608e-10,36.88896,2.786537,18.582759857177734,0.0820148885250091,/processed1/20260410/L2/OBJ_MP_1263_0214_cat.fits.gz::2653,134,retained_after_posthoc_audit
20260410,000018w,159,2,20260410002901020060;20260410002902030118,20260410002900010010;20260410002901020060;20260410002902030118,OBJ_MP_1263_0236.fits.gz,OBJ_MP_1263_0236_cat.fits.gz,/processed1/20260410/L2/OBJ_MP_1263_0236_cat.fits.gz,2430,61140.68502385417,182.5752260936619,3.4183835500018924,182.5753198512284,3.4184338426052445,28,1->2;2->3,4,3,0.2881475810797971,0.0775281005080397,0.5550438617397856,4.37153308557641,0.0621139267813439,7.859269049431287,181.57853900020368,4.9389724104996455,0.0034045801201711,15.159564940070387,0.2284717879854429,651.2018669767655,132.395333638191,2430,w,61140.68502385417,2026-04-10T16:26:26.061,1.523438,0.1756478,1.188737,0.1359477,-79.04,-76.73,1.28,0.219,9.29,955.8678600322244,0.28664058167,1961.0726742741183,0.28587503127,182.5752260936619,0.0001850420954099,3.4183835500018924,0.000184849587328,0,0,0,6.814204,69.12587,8.492509,17.90089842248561,0.133388898358704,0.686,29.81108,5.791488,18.814056396484375,0.2109292596578598,35.53157,3.813938,18.623464584350582,0.116542287170887,40.29916,3.794967,18.486759185791016,0.1022436320781707,45.79745,4.295751,18.347896575927734,0.1018408611416816,50.81359,4.997315,18.235050201416016,0.1067778393626213,58.89743,5.771774,18.07475852966309,0.1063989326357841,60.35287,6.585293,18.048255920410156,0.118468128144741,60.09094,7.413788,18.052976608276367,0.1339539438486099,59.49714,8.26023,18.063758850097656,0.1507371664047241,63.79503,9.114072,17.988033294677734,0.1551136225461959,72.45293,9.97844,17.84986114501953,0.1495309174060821,73.04644,10.83683,17.841001510620117,0.1610747724771499,72.05339,11.70213,17.855863571166992,0.1763334721326828,64.99055,12.57163,17.96787452697754,0.2100225090980529,68.33057,13.44332,17.913461685180664,0.2136072367429733,67.44032,14.3152,17.927701950073242,0.2304634004831314,60.29631,15.17929,18.04927444458008,0.2733285427093506,55.42403,16.05588,18.14075469970703,0.3145287930965423,54.19742,16.93204,18.16505241394043,0.3391993045806885,60.30478,17.82158,18.049121856689453,0.3208624422550201,1,1.825,3.456,6.522,956.023,1961.3659,182.5753199,3.4184338,4.398e-10,36.05808,3.436121,18.607494354248047,0.1034641936421394,/processed1/20260410/L2/OBJ_MP_1263_0236_cat.fits.gz::2430,135,retained_after_posthoc_audit
20260410,000018w,159,3,20260410002902030118,20260410002900010010;20260410002901020060;20260410002902030118,OBJ_MP_1263_0258.fits.gz,OBJ_MP_1263_0258_cat.fits.gz,/processed1/20260410/L2/OBJ_MP_1263_0258_cat.fits.gz,2414,61140.70655618056,182.57263057047413,3.421225147341866,182.5727120005631,3.421164168404783,28,2->3,4,3,0.2881475810797971,0.0775281005080397,0.5550438617397856,4.37153308557641,0.0621139267813439,7.859269049431287,181.57853900020368,4.9389724104996455,0.0034045801201711,15.159564940070387,0.2284717879854429,651.2018669767655,132.395333638191,2414,w,61140.70655618056,2026-04-10T16:57:26.454,1.842778,0.1760103,1.378103,0.1301278,0.89,0.26,1.337,0.252,8.1,962.8659168798592,0.23630709597,1962.056750792032,0.2370577723,182.57263057047413,0.0001534335496558,3.421225147341866,0.0001524036084874,0,0,0,8.723647,74.15622,7.969848,17.82463101427532,0.1166881570905278,0.052,30.69831,5.574659,18.78221321105957,0.1971642225980758,37.17025,3.684997,18.57451057434082,0.1076380833983421,45.41709,3.781552,18.356950759887695,0.0904013887047767,54.71001,4.362293,18.15483283996582,0.0865709856152534,58.92543,5.103115,18.074243545532227,0.094027929008007,60.08685,5.910565,18.053050994873047,0.106800653040409,63.41228,6.756845,17.994565963745117,0.1156897619366645,61.33337,7.621048,18.030757904052734,0.1349093914031982,63.27927,8.492186,17.99684715270996,0.1457076370716095,60.57351,9.37457,18.044292449951172,0.1680323481559753,60.25664,10.25938,18.04998779296875,0.184858962893486,54.61413,11.14152,18.156736373901367,0.2214950025081634,48.68753,12.0344,18.281455993652344,0.2683682441711426,50.71441,12.93064,18.237171173095703,0.2768299579620361,50.92382,13.82527,18.232696533203125,0.2947656512260437,51.11535,14.72253,18.22862243652344,0.312719851732254,52.39413,15.62705,18.201793670654297,0.323831170797348,55.76939,16.52193,18.134010314941406,0.3216542899608612,56.09429,17.43496,18.127704620361328,0.3374633193016052,56.94262,18.33846,18.111406326293945,0.3496631383895874,0,1.732,3.164,6.341,962.674,1962.3088,182.572712,3.4211642,3.184e-10,40.14372,3.259571,18.490955352783203,0.0881590917706489,/processed1/20260410/L2/OBJ_MP_1263_0258_cat.fits.gz::2414,136,retained_after_posthoc_audit
20260410,000018E,394,0,20260410003800010034,20260410003800010034;20260410003801020100,OBJ_MP_1398_0222.fits.gz,OBJ_MP_1398_0222_cat.fits.gz,/processed1/20260410/L2/OBJ_MP_1398_0222_cat.fits.gz,7459,61140.671568425925,186.77807471603,7.372544373765318,186.7781205578095,7.372549173578963,37,0->1,3,2,0.2314731358717556,0.0,0.4009232319171748,1.6075587813190408,0.1913204000011016,22.382073478232616,5.311150906933848,191.5594876276812,0.0156098976020612,28.512528127248856,0.2242064337393679,422.1690067911261,166.04727901899216,7459,w,61140.671568425925,2026-04-10T16:07:03.512,1.387386,0.1787046,1.122154,0.1429407,-26.87,-23.56,1.236,0.191,6.08,8557.339018994282,0.25381577249,4977.430156837242,0.25383553836,186.77807471603,0.0001652027186764,7.372544373765318,0.0001635707937479,0,0,0,4.92623,54.97358,6.366239,18.149614984277157,0.1257341571727775,0.539,28.78341,5.059172,18.852144241333008,0.1908365041017532,28.99997,3.34058,18.844005584716797,0.1250686943531036,33.37764,3.322031,18.691360473632812,0.1080618202686309,39.19547,3.775785,18.516910552978516,0.1045913472771644,41.95297,4.386097,18.443092346191406,0.1135114952921867,36.53343,5.065656,18.59327507019043,0.1505461037158966,35.60032,5.780914,18.62136459350586,0.1763059347867965,33.86549,6.51649,18.67560577392578,0.2089203298091888,31.25287,7.262827,18.762775421142575,0.2523132562637329,33.25507,8.021684,18.695356369018555,0.2618979215621948,38.58965,8.783941,18.533823013305664,0.2471399456262588,40.2453,9.543459,18.48821258544922,0.2574630677700043,36.15234,10.30639,18.604658126831055,0.3095239698886871,36.79797,11.07116,18.585439682006836,0.3266583085060119,35.01456,11.83772,18.63937759399414,0.3670657277107239,28.91438,12.60974,18.84721565246582,0.4734963476657867,28.76647,13.37353,18.852783203125,0.5047587156295776,28.25192,14.14159,18.872379302978516,0.5434686541557312,28.93758,14.91528,18.846343994140625,0.559620201587677,30.03645,15.68333,18.805877685546875,0.5669099688529968,1,1.448,2.772,4.595,8557.3532,4977.572,186.7781206,7.3725492,2.097e-10,37.622,3.740018,18.5613956451416,0.1079334765672683,/processed1/20260410/L2/OBJ_MP_1398_0222_cat.fits.gz::7459,137,retained_after_posthoc_audit
20260410,000018E,394,1,20260410003800010034;20260410003801020100,20260410003800010034;20260410003801020100,OBJ_MP_1398_0244.fits.gz,OBJ_MP_1398_0244_cat.fits.gz,/processed1/20260410/L2/OBJ_MP_1398_0244_cat.fits.gz,7244,61140.69307555556,186.77547754383227,7.373185275481573,186.77551951837,7.373199733093053,37,0->1;1->2,3,2,0.2314731358717556,0.0,0.4009232319171748,1.6075587813190408,0.1913204000011016,22.382073478232616,5.311150906933848,191.5594876276812,0.0156098976020612,28.512528127248856,0.2242064337393679,422.1690067911261,166.04727901899216,7244,w,61140.69307555556,2026-04-10T16:38:01.728,1.332093,0.1987256,0.9251083,0.1329583,-53.45,-50.56,1.439,0.305,6.84,8557.41096506793,0.23314029699,4974.3282896078035,0.23142475346,186.77547754383227,0.0001506139768707,7.373185275481573,0.0001502475871326,0,0,0,5.58128,39.95715,6.863172,18.496013864233017,0.186489661550637,0.576,27.15065,5.185557,18.915550231933594,0.207366943359375,29.50654,3.475307,18.825204849243164,0.1278789937496185,31.20548,3.553416,18.764423370361328,0.123634435236454,29.24349,4.086808,18.83492660522461,0.1517327576875686,28.7083,4.777728,18.854982376098633,0.1806917339563369,23.51239,5.540018,19.071758270263672,0.255822479724884,24.47933,6.341623,19.027999877929688,0.2812711000442505,23.6946,7.150175,19.06337547302246,0.3276359438896179,11.46415,7.97338,19.85164451599121,0.7551354765892029,7.388546,8.801458,20.328601837158203,1.2933615446090698,-0.683828,9.632813,99.0,99.0,-4.541029,10.47089,99.0,99.0,-10.18543,11.31089,99.0,99.0,-13.70347,12.15014,99.0,99.0,-24.04857,12.99553,99.0,99.0,-23.95092,13.83902,99.0,99.0,-28.15254,14.68439,99.0,99.0,-35.01056,15.5336,99.0,99.0,-35.86547,16.3793,99.0,99.0,-39.84489,17.22142,99.0,99.0,1,1.271,2.226,4.657,8557.4553,4974.4583,186.7755195,7.3731997,3.225e-10,35.27827,3.767078,18.6312313079834,0.1159368976950645,/processed1/20260410/L2/OBJ_MP_1398_0244_cat.fits.gz::7244,138,retained_after_posthoc_audit
20260410,000018E,394,2,20260410003801020100,20260410003800010034;20260410003801020100,OBJ_MP_1398_0266.fits.gz,OBJ_MP_1398_0266_cat.fits.gz,/processed1/20260410/L2/OBJ_MP_1398_0266_cat.fits.gz,7277,61140.71458409722,186.77313831928768,7.373760688906662,186.7731175698805,7.373692447755895,37,1->2,3,2,0.2314731358717556,0.0,0.4009232319171748,1.6075587813190408,0.1913204000011016,22.382073478232616,5.311150906933848,191.5594876276812,0.0156098976020612,28.512528127248856,0.2242064337393679,422.1690067911261,166.04727901899216,7277,w,61140.71458409722,2026-04-10T17:09:00.066,1.21794,0.1891118,0.9327871,0.1438856,-31.75,-31.75,1.306,0.234,4.88,8556.954976738027,0.23192497705,4973.140726746377,0.23279729935,186.77313831928768,0.0001514859441726,7.373760688906662,0.0001494789563549,0,0,0,5.010637,51.66782,6.501923,18.216949682597942,0.1366299853874334,0.663,26.05285,4.917893,18.96036148071289,0.2049500942230224,29.54269,3.337345,18.823875427246097,0.1226522102952003,29.36089,3.491591,18.830577850341797,0.1291155070066452,32.03786,4.096762,18.735841751098633,0.1388358473777771,32.94035,4.815392,18.705678939819336,0.158718541264534,27.97255,5.596804,18.883169174194336,0.2172363251447677,27.66525,6.40456,18.895164489746097,0.251350075006485,27.26154,7.236435,18.91112518310547,0.288203090429306,28.77327,8.071684,18.852527618408203,0.3045785129070282,22.67811,8.91593,19.11098289489746,0.4268586337566376,25.51713,9.768395,18.982921600341797,0.4156384766101837,28.63993,10.62191,18.85757064819336,0.4026752114295959,30.99312,11.47566,18.77183723449707,0.4020098149776459,30.15377,12.33598,18.801647186279297,0.4441771805286407,34.29256,13.19537,18.661998748779297,0.4177783727645874,40.67476,14.05604,18.47668838500977,0.3751996159553528,46.6083,14.91836,18.328842163085938,0.3475219011306762,55.17086,15.78381,18.14572525024414,0.3106179237365722,57.96194,16.65376,18.09214210510254,0.3119563162326813,47.49566,17.525,18.308364868164062,0.4006160497665405,1,1.27,2.169,4.609,8556.7424,4973.0753,186.7731176,7.3736924,6.863e-10,31.83773,3.480824,18.742645263671875,0.1187037155032157,/processed1/20260410/L2/OBJ_MP_1398_0266_cat.fits.gz::7277,139,retained_after_posthoc_audit
20260410,000018H,420,0,20260410004000010006,20260410004000010006;20260410004001020079,OBJ_MP_1531_0224.fits.gz,OBJ_MP_1531_0224_cat.fits.gz,/processed1/20260410/L2/OBJ_MP_1531_0224_cat.fits.gz,1575,61140.67341614583,186.77773057559696,7.372725296393131,186.7776780971284,7.372754339462925,39,0->1,3,2,0.0717096678519014,0.0,0.1242047881133818,8.75950012665033,0.5319367613959053,25.36845624615088,17.51464156385377,171.3559565111637,0.0031613480210567,18.206296239962008,0.0547450745019165,411.5991803065514,166.34794389308334,1575,w,61140.67341614583,2026-04-10T16:09:43.155,1.306851,0.1886063,0.966818,0.1342553,-44.82,-44.73,1.349,0.259,4.84,1050.1163598952126,0.21233488687,1332.1494073866154,0.21237713657,186.77773057559696,0.0001385109237901,7.372725296393131,0.0001370616626781,0,0,0,6.700112,52.6225,6.830832,18.19707124807979,0.1409374479048017,0.548,27.31422,5.471798,18.909027099609375,0.2175031304359436,32.11201,3.526076,18.73333168029785,0.1192198023200035,32.21559,3.417893,18.729835510253903,0.1151905059814453,32.54116,3.796346,18.718917846679688,0.1266651153564453,31.73487,4.365953,18.746158599853516,0.1493711620569229,29.3631,5.029217,18.830493927001953,0.185961365699768,27.02728,5.739608,18.920494079589844,0.2305707335472107,27.18771,6.470866,18.9140682220459,0.2584128975868225,29.12939,7.211668,18.839170455932617,0.2687996029853821,29.88695,7.953024,18.811296463012695,0.2889183461666107,25.30213,8.701778,18.992107391357425,0.3734008371829986,20.80409,9.461967,19.204627990722656,0.4938067197799682,18.16751,10.22438,19.351760864257812,0.611035168170929,15.84255,10.98733,19.500438690185547,0.752994179725647,17.32203,11.75402,19.40350341796875,0.7367360591888428,15.23182,12.5102,19.543121337890625,0.8917369246482849,12.56711,13.28257,19.75191116333008,1.147547960281372,11.47484,14.04984,19.85063362121582,1.3293795585632324,12.18192,14.81869,19.78571128845215,1.3207440376281738,9.263435,15.58337,20.08306884765625,1.8264741897583008,1,1.276,2.102,3.712,1050.2083,1331.9878,186.7776781,7.3727543,4.274e-10,34.71752,3.537872,18.64862823486328,0.1106414124369621,/processed1/20260410/L2/OBJ_MP_1531_0224_cat.fits.gz::1575,140,retained_after_posthoc_audit
20260410,000018H,420,1,20260410004000010006;20260410004001020079,20260410004000010006;20260410004001020079,OBJ_MP_1531_0246.fits.gz,OBJ_MP_1531_0246_cat.fits.gz,/processed1/20260410/L2/OBJ_MP_1531_0246_cat.fits.gz,1578,61140.69492429398,186.7753448218944,7.373283696917185,186.7753022358413,7.373287129971144,39,0->1;1->2,3,2,0.0717096678519014,0.0,0.1242047881133818,8.75950012665033,0.5319367613959053,25.36845624615088,17.51464156385377,171.3559565111637,0.0031613480210567,18.206296239962008,0.0547450745019165,411.5991803065514,166.34794389308334,1578,w,61140.69492429398,2026-04-10T16:40:41.459,1.386192,0.1548259,1.290414,0.1421416,-65.53,-62.75,1.072,0.067,6.12,1050.0453291489705,0.20581613193,1328.9026319611448,0.20587282665,186.7753448218944,0.0001342639075403,7.373283696917185,0.0001328764756953,0,0,0,6.286961,62.79405,6.643543,18.005203698427174,0.1148697131324423,0.895,33.4047,5.159357,18.69048118591309,0.1676919907331466,39.73896,3.424817,18.5019588470459,0.0935718417167663,39.77419,3.486341,18.50099754333496,0.0951684266328811,41.11043,4.003405,18.46512031555176,0.1057308837771415,44.84116,4.690164,18.37080764770508,0.1135626509785652,45.26383,5.435313,18.36062240600586,0.1303759813308715,49.12899,6.218518,18.27165412902832,0.1374274045228958,54.28854,7.014653,18.16322898864746,0.1402885764837265,57.38062,7.821279,18.103086471557617,0.1479915380477905,54.36025,8.628283,18.16179656982422,0.1723325103521347,52.5129,9.443817,18.1993350982666,0.1952566653490066,57.63331,10.26539,18.098316192626953,0.1933864951133728,58.66843,11.08827,18.078989028930664,0.205202966928482,52.4145,11.91037,18.201372146606445,0.2467164844274521,49.83079,12.7311,18.256256103515625,0.277391105890274,51.82866,13.55426,18.21357536315918,0.2839422523975372,54.44814,14.38893,18.16004180908203,0.2869259715080261,62.24281,15.21804,18.0147762298584,0.265456885099411,68.43401,16.04824,17.911819458007812,0.2546124756336212,70.91126,16.87416,17.873212814331055,0.2583636343479156,1,1.393,2.483,8.019,1050.057,1328.7709,186.7753022,7.3732871,3.438e-10,39.67165,3.12413,18.50379943847656,0.085501380264759,/processed1/20260410/L2/OBJ_MP_1531_0246_cat.fits.gz::1578,141,retained_after_posthoc_audit
20260410,000018H,420,2,20260410004001020079,20260410004000010006;20260410004001020079,OBJ_MP_1531_0268.fits.gz,OBJ_MP_1531_0268_cat.fits.gz,/processed1/20260410/L2/OBJ_MP_1531_0268_cat.fits.gz,1612,61140.71644438658,186.77291016023096,7.373886430125133,186.7728782758543,7.37387816576095,39,1->2,3,2,0.0717096678519014,0.0,0.1242047881133818,8.75950012665033,0.5319367613959053,25.36845624615088,17.51464156385377,171.3559565111637,0.0031613480210567,18.206296239962008,0.0547450745019165,411.5991803065514,166.34794389308334,1612,w,61140.71644438658,2026-04-10T17:11:40.795,1.29386,0.1531538,1.114124,0.1253777,-88.07,-89.21,1.161,0.139,5.45,1049.0241553120811,0.1754536663,1328.6102274812254,0.17490605335,186.77291016023096,0.000114074549316,7.373886430125133,0.0001132579548723,0,0,0,6.134854,51.76273,6.297132,18.214957003420203,0.1320839111065482,0.253,32.25032,4.678293,18.72866439819336,0.1574989706277847,36.85904,3.268684,18.58363914489746,0.096283808350563,39.2757,3.417859,18.51469039916992,0.0944831818342208,36.40516,3.994692,18.597091674804688,0.1191364526748657,39.78648,4.714557,18.500659942626953,0.1286558955907821,41.71616,5.486716,18.44923973083496,0.1428014039993286,40.4804,6.280776,18.481887817382812,0.1684584468603134,39.56187,7.096086,18.50680923461914,0.1947450488805771,38.37909,7.912645,18.539764404296875,0.2238470166921615,37.88363,8.737342,18.553871154785156,0.2504101991653442,36.31662,9.56948,18.5997371673584,0.2860930263996124,41.20893,10.39737,18.462522506713867,0.2739405632019043,43.35636,11.23163,18.407367706298828,0.2812641859054565,45.98935,12.06748,18.34335708618164,0.2848942577838897,51.15469,12.90383,18.227785110473633,0.2738781571388244,48.35825,13.74446,18.2888240814209,0.3085896968841553,43.94799,14.58698,18.39265251159668,0.3603717386722564,50.89579,15.42684,18.233295440673828,0.3290935456752777,61.51743,16.27491,18.027503967285156,0.2872399687767029,68.66539,17.12641,17.90815544128418,0.2708025574684143,0,1.176,2.073,4.999,1048.9991,1328.5113,186.7728783,7.3738782,3.186e-10,38.10104,2.984162,18.547657012939453,0.0850373730063438,/processed1/20260410/L2/OBJ_MP_1531_0268_cat.fits.gz::1612,142,retained_after_posthoc_audit
20260420,000019o,807,0,20260420004600010031,20260420004600010031;20260420004601020094,OBJ_MP_1262_0193.fits.gz,OBJ_MP_1262_0193_cat.fits.gz,/processed1/20260420/L2/OBJ_MP_1262_0193_cat.fits.gz,9841,61150.64612646991,181.56508727199113,4.587580982510573,181.56508530677348,4.5876011879522025,45,0->1,3,2,0.1242174640115778,0.0,0.2151509588554114,4.478614251382347,0.173851599752708,1.6012997666574944,21.3156119214583,167.074978354688,0.0032760252261517,16.77640301147273,0.1014222107752442,500.3525654563898,131.37555339454292,9841,w,61150.64612646991,2026-04-20T15:30:25.327,1.720413,0.1499828,1.364472,0.118139,-86.95,-88.33,1.262,0.207,9.44,1256.7141291598878,0.17925324569,6557.776517925765,0.17832345007,181.56508727199113,0.0001152929964689,4.587580982510573,0.0001155939090198,0,0,0,6.096836,61.63102,7.844007,18.025501575077637,0.138185635643079,0.013,42.03507,5.569876,18.44096946716309,0.1438659578561782,42.75044,3.547908,18.42264938354492,0.0901064723730087,44.44917,3.509268,18.380340576171875,0.0857190117239952,46.78072,3.955317,18.32483291625977,0.0917991548776626,49.41149,4.585885,18.265430450439453,0.1007672846317291,54.65258,5.299221,18.15597343444824,0.1052750945091247,55.23257,6.045342,18.144512176513672,0.1188365221023559,55.37982,6.81074,18.141620635986328,0.1335263699293136,55.1713,7.595435,18.14571762084961,0.1494733244180679,56.49971,8.383283,18.119884490966797,0.161098763346672,59.62133,9.172588,18.06149673461914,0.1670377403497696,62.65203,9.969504,18.007661819458008,0.1727677583694458,62.51043,10.76451,18.01011848449707,0.186967521905899,66.76966,11.56838,17.938552856445312,0.1881124973297119,64.28281,12.37216,17.97976303100586,0.2089657634496688,61.60059,13.17515,18.026037216186523,0.2322175800800323,65.00501,13.9819,17.967632293701172,0.2335304468870163,64.7317,14.7898,17.972206115722656,0.2480672895908355,62.29853,15.59707,18.013805389404297,0.2718251645565033,63.60378,16.40623,17.99129295349121,0.2800594866275787,0,1.432,2.707,5.339,1256.7772,6557.7707,181.5650853,4.5876012,4.29e-10,35.07279,2.532574,18.6375732421875,0.078400008380413,/processed1/20260420/L2/OBJ_MP_1262_0193_cat.fits.gz::9841,143,retained_after_posthoc_audit
20260420,000019o,807,1,20260420004600010031;20260420004601020094,20260420004600010031;20260420004601020094,OBJ_MP_1262_0215.fits.gz,OBJ_MP_1262_0215_cat.fits.gz,/processed1/20260420/L2/OBJ_MP_1262_0215_cat.fits.gz,9787,61150.668297986114,181.5630259071264,4.589836653007128,181.56304327117223,4.589853563890151,45,0->1;1->2,3,2,0.1242174640115778,0.0,0.2151509588554114,4.478614251382347,0.173851599752708,1.6012997666574944,21.3156119214583,167.074978354688,0.0032760252261517,16.77640301147273,0.1014222107752442,500.3525654563898,131.37555339454292,9787,w,61150.668297986114,2026-04-20T16:02:20.946,1.422866,0.1480185,1.284274,0.1361906,-69.93,-63.63,1.109,0.098,7.58,1261.0578311675886,0.19372597206,6561.127074407156,0.19276762396,181.5630259071264,0.0001246273010622,4.589836653007128,0.0001249380937595,0,0,0,5.391655,57.54799,7.926191,18.099924656865717,0.1495404678779744,0.01,37.3873,5.498365,18.56818962097168,0.1596738398075103,38.62523,3.739587,18.53282165527344,0.1051179319620132,43.60477,3.894794,18.40116500854492,0.0969783365726471,45.57492,4.510759,18.353185653686523,0.1074603125452995,44.23846,5.291811,18.385499954223633,0.1298759132623672,45.38014,6.152536,18.357833862304688,0.1472016423940658,46.00598,7.039834,18.34296417236328,0.1661393195390701,44.59102,7.948606,18.376882553100582,0.1935387253761291,43.71544,8.868469,18.398412704467773,0.22026127576828,47.06339,9.795012,18.31829261779785,0.2259675711393356,51.41613,10.7282,18.222251892089844,0.2265437096357345,52.86087,11.66113,18.192163467407227,0.2395137995481491,53.88518,12.60843,18.171327590942383,0.254048079252243,56.75331,13.54706,18.11502265930176,0.2591660320758819,56.01547,14.48671,18.129230499267575,0.2807929813861847,58.95828,15.43549,18.073637008666992,0.2842495739459991,73.00412,16.38674,17.841630935668945,0.2437077909708023,74.62235,17.33236,17.817827224731445,0.2521814107894897,70.80956,18.28525,17.874771118164062,0.2803710699081421,67.72236,19.24315,17.92317008972168,0.308509349822998,0,1.301,2.44,4.45,1261.1103,6561.1813,181.5630433,4.5898536,3.74e-10,30.94551,2.641423,18.77350616455078,0.0926754549145698,/processed1/20260420/L2/OBJ_MP_1262_0215_cat.fits.gz::9787,144,retained_after_posthoc_audit
20260420,000019o,807,2,20260420004601020094,20260420004600010031;20260420004601020094,OBJ_MP_1262_0237.fits.gz,OBJ_MP_1262_0237_cat.fits.gz,/processed1/20260420/L2/OBJ_MP_1262_0237_cat.fits.gz,9447,61150.68979505787,181.56106275484723,4.592135974381459,181.56112359279987,4.59208512967572,45,1->2,3,2,0.1242174640115778,0.0,0.2151509588554114,4.478614251382347,0.173851599752708,1.6012997666574944,21.3156119214583,167.074978354688,0.0032760252261517,16.77640301147273,0.1014222107752442,500.3525654563898,131.37555339454292,9447,w,61150.68979505787,2026-04-20T16:33:18.293,1.599729,0.1512909,1.321472,0.1248725,-46.25,-44.71,1.212,0.175,9.29,1266.966901901982,0.23942031181,6561.033606790152,0.23920480363,181.56106275484723,0.0001546393691569,4.592135974381459,0.0001544122385839,0,0,0,5.375303,76.61575,8.239797,17.789204887139668,0.1167677140316588,0.06,39.03442,5.685985,18.521381378173828,0.1581547558307647,38.7228,3.712342,18.53008270263672,0.1040891706943512,44.9959,3.681976,18.367067337036133,0.0888448655605316,49.2432,4.139302,18.269134521484375,0.0912652015686035,51.75212,4.799199,18.215179443359375,0.1006850376725196,57.21443,5.544084,18.10623550415039,0.1052079498767852,59.02346,6.322824,18.072437286376953,0.1163083016872406,65.74144,7.131394,17.955402374267578,0.1177767515182495,74.25573,7.943098,17.82317543029785,0.1161406487226486,75.1291,8.765216,17.81048011779785,0.1266714632511139,81.20778,9.587472,17.72600555419922,0.1281831115484237,87.46856,10.4204,17.645370483398438,0.1293470561504364,93.34227,11.25167,17.574804306030273,0.1308768987655639,96.80389,12.07849,17.535268783569336,0.135470300912857,99.32241,12.91584,17.507381439208984,0.1411886066198349,99.58502,13.75399,17.504514694213867,0.1499542742967605,105.8722,14.58883,17.438045501708984,0.1496107727289199,100.672,15.43511,17.49272918701172,0.1664659976959228,103.6182,16.27525,17.461410522460938,0.170535922050476,101.2831,17.11681,17.486156463623047,0.1834890842437744,0,1.747,3.347,7.045,1266.8072,6561.222,181.5611236,4.5920851,4.166e-10,34.69453,2.760661,18.64934730529785,0.0863925740122795,/processed1/20260420/L2/OBJ_MP_1262_0237_cat.fits.gz::9447,145,retained_after_posthoc_audit
20260422,00001aJ,102,0,20260422001100010025,20260422001100010025;20260422001101020059,OBJ_MP_1262_0061.fits.gz,OBJ_MP_1262_0061_cat.fits.gz,/processed1/20260422/L2/OBJ_MP_1262_0061_cat.fits.gz,7522,61152.563889756944,181.4110252211099,4.783109541073783,181.41114824426853,4.7831141653707565,10,0->1,3,2,0.3325064186619596,0.0,0.5759180109652824,5.666186964234914,0.2764093340542679,1.907383198679204,163.63575693567873,24.353580446325072,0.0029492438065454,16.618666467587996,0.2703033914540655,446.4910623765072,128.28349097207945,7522,w,61152.563889756944,2026-04-22T13:32:00.075,1.259103,0.2207474,0.7546055,0.1353185,-26.19,-26.23,1.672,0.402,5.3,1881.0559707134828,0.2756337118,6046.6189644782935,0.27721565778,181.4110252211099,0.0001794707776525,4.783109541073783,0.0001778813394599,0,0,0,5.792175,57.70872,8.860268,18.096896449141347,0.1666977542798698,0.215,24.67717,6.515416,19.019262313842773,0.2866626679897308,34.02507,4.634826,18.670503616333008,0.1478967666625976,38.53068,4.903332,18.53548240661621,0.1381684690713882,44.31485,5.778092,18.38362693786621,0.1415661573410034,45.17542,6.850151,18.362743377685547,0.1646350175142288,47.02739,7.984843,18.319122314453125,0.1843485832214355,46.37492,9.157995,18.334291458129883,0.2144082635641098,46.02214,10.34925,18.34258270263672,0.2441552877426147,52.89723,11.55978,18.191417694091797,0.2372688949108123,50.85332,12.78129,18.234201431274418,0.2728850841522217,57.10814,14.00925,18.10825538635254,0.2663428783416748,62.47265,15.23089,18.010774612426758,0.2647034823894501,67.0631,16.46176,17.93379020690918,0.2665120959281921,69.50701,17.69071,17.894927978515625,0.2763381898403168,69.28873,18.91774,17.898344039916992,0.2964360117912292,80.23682,20.16191,17.739065170288086,0.2728237807750702,78.59737,21.39909,17.7614803314209,0.2956048548221588,80.42288,22.64824,17.73655128479004,0.3057588934898376,84.57306,23.89116,17.68191909790039,0.3067111670970917,67.48078,25.14058,17.92704963684082,0.4045009613037109,0,1.39,2.281,3.987,1881.0681,6047.0011,181.4111482,4.7831142,1.259e-09,25.68316,3.492467,18.975879669189453,0.1476413905620575,/processed1/20260422/L2/OBJ_MP_1262_0061_cat.fits.gz::7522,146,retained_after_posthoc_audit
20260422,00001aJ,102,1,20260422001100010025;20260422001101020059,20260422001100010025;20260422001101020059,OBJ_MP_1262_0083.fits.gz,OBJ_MP_1262_0083_cat.fits.gz,/processed1/20260422/L2/OBJ_MP_1262_0083_cat.fits.gz,7313,61152.585856550926,181.40948256214065,4.785196238117394,181.40956900029943,4.785320445690663,10,0->1;1->2,3,2,0.3325064186619596,0.0,0.5759180109652824,5.666186964234914,0.2764093340542679,1.907383198679204,163.63575693567873,24.353580446325072,0.0029492438065454,16.618666467587996,0.2703033914540655,446.4910623765072,128.28349097207945,7313,w,61152.585856550926,2026-04-22T14:03:38.006,0.882778,0.212993,0.6580341,0.1574776,-44.12,-44.84,1.343,0.255,5.79,1884.6403313954736,0.39316990453,6035.733264871974,0.3929241493,181.40948256214065,0.0002543765527036,4.785196238117394,0.0002537172856014,0,0,0,3.194468,61.18178,9.22378,18.03344469230889,0.1636858439150144,0.549,31.729,6.758726,18.74635887145996,0.2312771826982498,31.11368,4.701786,18.767621994018555,0.1640724688768386,33.77992,4.9326,18.678354263305664,0.1585410237312317,39.50025,5.76866,18.508499145507812,0.1585620939731598,43.27768,6.80137,18.409339904785156,0.1706305295228958,47.75869,7.925788,18.3023681640625,0.1801832318305969,49.71184,9.076415,18.25885009765625,0.1982343196868896,51.74957,10.25956,18.215232849121097,0.2152516394853592,56.64651,11.44737,18.117067337036133,0.2194102853536605,56.4289,12.64371,18.121246337890625,0.2432747781276703,56.23812,13.85064,18.124921798706055,0.2674011588096618,63.17142,15.05445,17.99869728088379,0.258743017911911,66.86569,16.26951,17.93699073791504,0.2641772329807281,64.71458,17.4795,17.97249412536621,0.293258935213089,58.83191,18.69441,18.07596778869629,0.3450031578540802,53.30094,19.91019,18.183162689208984,0.4055691063404083,50.46176,21.12948,18.24259376525879,0.4546222686767578,52.30005,22.36558,18.203744888305664,0.4643040299415588,57.14894,23.59033,18.107479095458984,0.448177695274353,54.71053,24.8198,18.154823303222656,0.4925515651702881,1,1.403,2.969,5.298,1885.026,6036.0038,181.409569,4.7853204,4.963e-10,25.85458,3.769782,18.968656539916992,0.1583080887794494,/processed1/20260422/L2/OBJ_MP_1262_0083_cat.fits.gz::7313,147,retained_after_posthoc_audit
20260422,00001aJ,102,2,20260422001101020059,20260422001100010025;20260422001101020059,OBJ_MP_1262_0105.fits.gz,OBJ_MP_1262_0105_cat.fits.gz,/processed1/20260422/L2/OBJ_MP_1262_0105_cat.fits.gz,6471,61152.60786592593,181.40763436021905,4.7873907752361795,181.40764148666383,4.787420034233187,10,1->2,3,2,0.3325064186619596,0.0,0.5759180109652824,5.666186964234914,0.2764093340542679,1.907383198679204,163.63575693567873,24.353580446325072,0.0029492438065454,16.618666467587996,0.2703033914540655,446.4910623765072,128.28349097207945,6471,w,61152.60786592593,2026-04-22T14:35:19.616,0.8707208,0.2416397,0.5192298,0.1393943,18.12,18.65,1.673,0.402,4.57,1888.1737875583428,0.2668024915,6030.305826204478,0.26735483049,181.40763436021905,0.0001730625090772,4.7873907752361795,0.0001721609505018,0,0,0,3.955996,55.55556,11.96937,18.138181092873687,0.2339204331173814,0.539,39.47182,9.030565,18.509281158447266,0.2484003156423568,36.57807,6.094919,18.591947555541992,0.1809137165546417,31.88964,6.062659,18.740875244140625,0.2064133733510971,30.97508,6.869639,18.77246856689453,0.2407940775156021,31.52847,8.006733,18.75324249267578,0.275725394487381,36.53485,9.281689,18.593231201171875,0.2758315503597259,46.44932,10.61043,18.33255195617676,0.2480150908231735,41.96083,11.96471,18.442890167236328,0.3095867037773132,25.19113,13.32897,18.99688148498535,0.5744779109954834,18.78733,14.71879,19.315336227416992,0.8506115078926086,10.64855,16.12099,19.931772232055664,1.6437101364135742,5.972514,17.52896,20.559606552124023,3.186568021774292,10.74971,18.94556,19.9215087890625,1.9135291576385496,8.68834,20.36488,20.15265655517578,2.5448923110961914,-5.885818,21.78845,99.0,99.0,-9.962191,23.21346,99.0,99.0,-19.97344,24.63009,99.0,99.0,-20.77621,26.06711,99.0,99.0,-20.23532,27.49816,99.0,99.0,-28.5394,28.91996,99.0,99.0,1,1.001,1.758,3.373,1888.2649,6030.3284,181.4076415,4.78742,6.555e-10,31.49431,6.262918,18.75442123413086,0.2159081101417541,/processed1/20260422/L2/OBJ_MP_1262_0105_cat.fits.gz::6471,148,retained_after_posthoc_audit
20260503,00001d1,389,0,20260503003703040074,20260503003703040074;20260503003704050094,OBJ_MP_1397_0200.fits.gz,OBJ_MP_1397_0200_cat.fits.gz,/processed1/20260503/L2/OBJ_MP_1397_0200_cat.fits.gz,5678,61163.67019888889,184.30765515829805,7.789594272548146,184.30774431226936,7.789739965035967,36,3->4,3,2,0.285782819954253,0.0,0.494990364091075,1.211561832977914,0.0729951766912974,20.595289561172127,3.199592680327334,29.234143161729865,-179.9860167577929,25.15141573014832,0.2621031282176584,336.4614905092322,174.31503999259138,5678,w,61163.67019888889,2026-05-03T16:05:05.184,1.087566,0.1976372,0.876396,0.1562498,0.83,0.35,1.24,0.194,7.26,6521.777548156832,0.3244368746,5051.721272292711,0.32462242571,184.30765515829805,0.0002115322845099,7.789594272548146,0.0002094145682418,0,0,0,4.002491,65.0545,11.17682,17.96680665617648,0.1865371260272169,0.592,38.03193,7.613965,18.54962921142578,0.2173636257648468,37.75195,5.336626,18.55765151977539,0.1534799486398697,40.39372,5.487981,18.484214782714844,0.1475105285644531,46.58989,6.30439,18.32927131652832,0.1469182223081588,49.73492,7.353949,18.258346557617188,0.1605400890111923,55.86333,8.526694,18.132183074951172,0.1657212525606155,54.06102,9.763224,18.167789459228516,0.1960800290107727,48.36882,11.01062,18.288585662841797,0.2471556663513183,47.26772,12.27362,18.313587188720703,0.2819242477416992,45.08387,13.54376,18.364946365356445,0.326168805360794,43.57868,14.82455,18.40181541442871,0.3693446516990661,42.93858,16.1176,18.41788101196289,0.4075462520122528,45.63912,17.42045,18.351655960083008,0.4144254922866821,46.72292,18.71745,18.326175689697266,0.4349518418312073,49.92138,20.0274,18.254283905029297,0.435574471950531,61.96983,21.33883,18.019550323486328,0.3738648891448974,69.19415,22.65252,17.899826049804688,0.3554443120956421,66.78836,23.96979,17.938247680664062,0.3896616697311401,65.88132,25.28448,17.953094482421875,0.4166929125785827,65.59586,26.61363,17.957809448242188,0.440506249666214,1,1.386,2.844,5.181,6522.23,5051.9991,184.3077443,7.78974,8.306e-11,42.29603,5.316844,18.43425178527832,0.1364830136299133,/processed1/20260503/L2/OBJ_MP_1397_0200_cat.fits.gz::5678,149,retained_after_posthoc_audit
20260503,00001d1,389,1,20260503003703040074;20260503003704050094,20260503003703040074;20260503003704050094,OBJ_MP_1397_0222.fits.gz,OBJ_MP_1397_0222_cat.fits.gz,/processed1/20260503/L2/OBJ_MP_1397_0222_cat.fits.gz,5357,61163.69213002315,184.30553642405536,7.789939589643245,184.30550794343603,7.789879710250935,36,3->4;4->5,3,2,0.285782819954253,0.0,0.494990364091075,1.211561832977914,0.0729951766912974,20.595289561172127,3.199592680327334,29.234143161729865,-179.9860167577929,25.15141573014832,0.2621031282176584,336.4614905092322,174.31503999259138,5357,w,61163.69213002315,2026-05-03T16:36:40.034,1.198281,0.1813895,0.9131619,0.1325289,0.32,0.35,1.312,0.238,6.01,6523.997778590991,0.18163510326,5049.532553807128,0.18192629848,184.30553642405536,0.0001185529942517,7.789939589643245,0.0001172570202161,0,0,0,3.708982,63.24125,11.31535,17.997498855157335,0.1942638379213005,0.693,58.52402,8.364391,18.0816650390625,0.1551759988069534,52.9992,5.803468,18.18932723999023,0.1188892424106597,49.80894,5.963192,18.256732940673828,0.1299857646226883,49.04379,6.836391,18.273540496826172,0.1513447016477584,48.36188,7.983374,18.288742065429688,0.179228737950325,58.85182,9.242087,18.075599670410156,0.1705039590597152,63.07672,10.5603,18.000328063964844,0.1817739009857177,57.32285,11.9022,18.10417938232422,0.2254363000392913,54.75468,13.275,18.15394592285156,0.2632313668727875,57.50003,14.64798,18.100830078125,0.2765883505344391,61.03457,16.0396,18.036060333251953,0.2853263914585113,63.40567,17.42148,17.994680404663086,0.2983192205429077,65.29321,18.81827,17.96282958984375,0.312921941280365,59.94338,20.22733,18.055646896362305,0.3663715422153473,63.49916,21.64544,17.993080139160156,0.3701030313968658,70.45755,23.04073,17.88018035888672,0.3550527989864349,66.70812,24.46941,17.939552307128906,0.3982621729373932,67.06499,25.8922,17.933759689331055,0.4191769957542419,68.69806,27.32236,17.907638549804688,0.4318153858184814,65.40748,28.74609,17.9609317779541,0.4771728515625,1,1.004,1.808,3.509,6523.8117,5049.4436,184.3055079,7.7898797,4.673e-11,56.86905,5.657948,18.112810134887695,0.1080207973718643,/processed1/20260503/L2/OBJ_MP_1397_0222_cat.fits.gz::5357,150,retained_after_posthoc_audit
20260503,00001d1,389,2,20260503003704050094,20260503003703040074;20260503003704050094,OBJ_MP_1397_0244.fits.gz,OBJ_MP_1397_0244_cat.fits.gz,/processed1/20260503/L2/OBJ_MP_1397_0244_cat.fits.gz,5068,61163.71388142361,184.3035549281421,7.789998301768064,184.3034667119589,7.7900816959969985,36,4->5,3,2,0.285782819954253,0.0,0.494990364091075,1.211561832977914,0.0729951766912974,20.595289561172127,3.199592680327334,29.234143161729865,-179.9860167577929,25.15141573014832,0.2621031282176584,336.4614905092322,174.31503999259138,5068,w,61163.71388142361,2026-05-03T17:07:59.355,0.8825164,0.2467019,0.5192195,0.1427507,-17.84,-18.13,1.703,0.413,5.85,6527.621532642248,0.31172962874,5050.137042857033,0.31178661586,184.3035549281421,0.000203164089811,7.789998301768064,0.0002012658809062,0,0,0,3.979862,56.76065,12.61708,18.11488168403381,0.2413435860639278,0.489,29.14519,9.150537,18.83858299255371,0.3408819437026977,36.14032,6.397368,18.60502052307129,0.1921912580728531,41.24129,6.49618,18.461669921875,0.1710212528705597,41.30653,7.454861,18.45995330810547,0.1959499716758728,33.69268,8.732868,18.681161880493164,0.2814140021800995,39.05753,10.15285,18.52073860168457,0.2822328805923462,40.07591,11.63479,18.4927921295166,0.3152097165584564,35.14901,13.12837,18.635217666625977,0.4055291712284088,27.65028,14.64699,18.895751953125,0.5751392841339111,28.02884,16.16338,18.8809871673584,0.6261110305786133,25.75267,17.69789,18.972944259643555,0.7461456656455994,20.69342,19.24866,19.210418701171875,1.0099327564239502,19.15316,20.80167,19.29439926147461,1.179184913635254,15.77312,22.34676,19.505207061767575,1.5382298231124878,7.26301,23.91887,20.34720993041992,3.5755951404571533,1.719459,25.46966,21.911521911621097,16.08257293701172,5.976777,27.04618,20.5588321685791,4.913185119628906,11.83107,28.62907,19.817440032958984,2.6272873878479004,15.28405,30.21891,19.539403915405273,2.1466665267944336,9.452106,31.8138,20.06117820739746,3.654359579086304,0,1.349,2.226,3.315,6527.883,5049.8662,184.3034667,7.7900817,1.053e-10,36.88528,6.135741,18.582866668701172,0.1806085258722305,/processed1/20260503/L2/OBJ_MP_1397_0244_cat.fits.gz::5068,151,retained_after_posthoc_audit
20260508,00001eC,186,0,20260508001800010007,20260508001800010007;20260508001801020033;20260508001802030063;20260508001803040092;20260508001804050119,OBJ_MP_1397_0057.fits.gz,OBJ_MP_1397_0057_cat.fits.gz,/processed1/20260508/L2/OBJ_MP_1397_0057_cat.fits.gz,4945,61168.543215543985,183.8510093878316,7.829987909107417,183.8510563024105,7.830002769419127,17,0->1,6,5,0.3515618028100171,0.3067271633157094,0.5425378379984998,3.0900342160307046,0.3268461513658394,23.363418465233305,17.991079682287975,354.3399444945485,-179.99515104081044,12.06864057306095,0.2277786319635405,330.7571993295498,175.96453855875774,4945,w,61168.543215543985,2026-05-08T13:02:13.823,1.393247,0.1693441,1.077225,0.126792,72.97,73.05,1.294,0.227,4.93,6659.926989950116,0.18636969872,3605.8306775378633,0.18573302876,183.8510093878316,0.0001211507807283,7.829987909107417,0.0001204482411774,0,0,0,4.965396,65.60304,7.10661,17.957690069384967,0.1176150292332464,0.822,40.46351,5.412089,18.482341766357425,0.1452197730541229,38.05191,3.741908,18.54905891418457,0.1067679449915885,42.47072,4.045092,18.429777145385746,0.1034101396799087,46.42407,4.797073,18.333141326904297,0.1121908649802208,48.65648,5.702426,18.282148361206055,0.1272457540035247,48.63056,6.659046,18.282726287841797,0.148671269416809,42.6138,7.64131,18.426124572753903,0.1946892291307449,46.04814,8.647228,18.341970443725582,0.2038868218660354,50.55143,9.661567,18.240665435791016,0.2075097113847732,51.21043,10.67881,18.22660446166992,0.2264064699411392,54.7873,11.69344,18.153301239013672,0.2317322939634323,56.20242,12.71347,18.125612258911133,0.2456028461456298,50.80264,13.73821,18.23528480529785,0.293608158826828,48.29248,14.76695,18.290302276611328,0.3319981396198272,44.45063,15.79052,18.380306243896484,0.3856938779354095,43.0969,16.81909,18.41388511657715,0.4237217307090759,41.67065,17.8505,18.450424194335938,0.4650979936122894,41.83197,18.8799,18.446229934692383,0.49002206325531,47.33118,19.91846,18.312131881713867,0.4569122791290283,60.88718,20.95264,18.038684844970703,0.3736261427402496,1,1.099,2.171,3.939,6659.9723,3605.9758,183.8510563,7.8300028,4.282e-10,43.55545,3.684213,18.402393341064453,0.0918388590216636,/processed1/20260508/L2/OBJ_MP_1397_0057_cat.fits.gz::4945,152,retained_after_posthoc_audit
20260508,00001eC,186,1,20260508001800010007;20260508001801020033,20260508001800010007;20260508001801020033;20260508001802030063;20260508001803040092;20260508001804050119,OBJ_MP_1397_0079.fits.gz,OBJ_MP_1397_0079_cat.fits.gz,/processed1/20260508/L2/OBJ_MP_1397_0079_cat.fits.gz,4693,61168.56517653935,183.8490375181952,7.830275854537159,183.84904780227987,7.830260406817009,17,0->1;1->2,6,5,0.3515618028100171,0.3067271633157094,0.5425378379984998,3.0900342160307046,0.3268461513658394,23.363418465233305,17.991079682287975,354.3399444945485,-179.99515104081044,12.06864057306095,0.2277786319635405,330.7571993295498,175.96453855875774,4693,w,61168.56517653935,2026-05-08T13:33:51.253,1.341141,0.1696454,1.103521,0.1386187,85.79,-89.98,1.216,0.177,7.03,6656.902340397505,0.21940241149,3596.4071596878543,0.21822801734,183.8490375181952,0.0001423419514026,7.830275854537159,0.0001417940218741,0,0,0,6.284936,56.61514,8.146655,18.11766858827759,0.156232385181619,0.5,33.65258,6.069259,18.682453155517575,0.1958130300045013,40.687,4.092803,18.47636032104492,0.1092167943716049,42.22422,4.164772,18.43609619140625,0.1070912331342697,42.66876,4.80696,18.424724578857425,0.1223164424300193,42.64592,5.641921,18.42530632019043,0.1436395049095153,47.59251,6.563235,18.306154251098633,0.1497282236814499,54.07873,7.517938,18.167434692382812,0.1509373039007187,53.07353,8.490153,18.18780517578125,0.1736848205327987,58.12201,9.47205,18.089147567749023,0.1769406646490097,60.83621,10.45707,18.039594650268555,0.1866260170936584,60.46552,11.45308,18.04623031616211,0.2056548297405243,61.49397,12.44617,18.027917861938477,0.2197493314743042,62.30696,13.44412,18.01365852355957,0.2342717945575714,64.12115,14.44432,17.982498168945312,0.2445795685052871,58.12342,15.45021,18.089122772216797,0.2886074185371399,62.71123,16.45244,18.006637573242188,0.2848455011844635,65.65309,17.45954,17.956863403320312,0.2887367308139801,60.52055,18.46914,18.045242309570312,0.3313356935977936,62.64567,19.47512,18.00777244567871,0.3375307619571686,59.36765,20.49256,18.066123962402344,0.3747751116752624,0,1.384,2.345,6.348,6656.854,3596.4386,183.8490478,7.8302604,4.701e-10,43.22554,3.914004,18.410648345947266,0.0983117073774337,/processed1/20260508/L2/OBJ_MP_1397_0079_cat.fits.gz::4693,153,retained_after_posthoc_audit
20260508,00001eC,186,2,20260508001801020033;20260508001802030063,20260508001800010007;20260508001801020033;20260508001802030063;20260508001803040092;20260508001804050119,OBJ_MP_1397_0101.fits.gz,OBJ_MP_1397_0101_cat.fits.gz,/processed1/20260508/L2/OBJ_MP_1397_0101_cat.fits.gz,4826,61168.58716917824,183.84704495896108,7.830371344886475,183.84711350627725,7.830378794076577,17,1->2;2->3,6,5,0.3515618028100171,0.3067271633157094,0.5425378379984998,3.0900342160307046,0.3268461513658394,23.363418465233305,17.991079682287975,354.3399444945485,-179.99515104081044,12.06864057306095,0.2277786319635405,330.7571993295498,175.96453855875774,4826,w,61168.58716917824,2026-05-08T14:05:31.417,1.111289,0.175558,0.9543878,0.1524031,72.68,72.06,1.165,0.142,5.81,6651.6601275480725,0.2173699758,3591.2724831703345,0.21671752748,183.84704495896108,0.0001413486606907,7.830371344886475,0.0001404840760752,0,0,0,4.609718,40.83262,7.325487,18.472481976543705,0.1947841562712628,0.674,30.59804,5.456578,18.7857666015625,0.1936203986406326,31.12512,3.767643,18.767221450805664,0.131426528096199,34.68462,3.989192,18.649658203125,0.1248741149902343,29.4844,4.704028,18.826019287109375,0.1732215583324432,32.08484,5.588278,18.73424911499023,0.189104750752449,33.64365,6.525787,18.68274307250977,0.2105979472398758,32.89277,7.491476,18.70724868774414,0.2472812980413437,35.12115,8.472064,18.636077880859375,0.2619055807590484,34.46355,9.460536,18.656599044799805,0.2980437278747558,38.30711,10.45851,18.54180145263672,0.2964249849319458,39.89107,11.46698,18.49781036376953,0.312102735042572,47.12743,12.46885,18.316816329956055,0.2872611284255981,49.66349,13.47336,18.259906768798828,0.2945528030395508,53.82566,14.48115,18.172527313232425,0.2921043038368225,50.70908,15.48942,18.237285614013672,0.3316452503204345,52.03677,16.49368,18.209224700927734,0.3441370725631714,50.28674,17.49524,18.246366500854492,0.3777380585670471,46.54125,18.50542,18.33040428161621,0.4317031502723694,55.4392,19.53029,18.140457153320312,0.3824864327907562,66.01057,20.55365,17.950965881347656,0.338064581155777,1,1.093,1.999,3.145,6651.6818,3591.4842,183.8471135,7.8303788,6.679e-10,33.74641,3.698417,18.67943000793457,0.1189905926585197,/processed1/20260508/L2/OBJ_MP_1397_0101_cat.fits.gz::4826,154,retained_after_posthoc_audit
20260508,00001eC,186,3,20260508001802030063;20260508001803040092,20260508001800010007;20260508001801020033;20260508001802030063;20260508001803040092;20260508001804050119,OBJ_MP_1397_0114.fits.gz,OBJ_MP_1397_0114_cat.fits.gz,/processed1/20260508/L2/OBJ_MP_1397_0114_cat.fits.gz,4823,61168.59974478009,183.84582956241897,7.830387126056274,183.8457212866548,7.830503208830393,17,2->3;3->4,6,5,0.3515618028100171,0.3067271633157094,0.5425378379984998,3.0900342160307046,0.3268461513658394,23.363418465233305,17.991079682287975,354.3399444945485,-179.99515104081044,12.06864057306095,0.2277786319635405,330.7571993295498,175.96453855875774,4823,w,61168.59974478009,2026-05-08T14:23:37.949,1.169148,0.1515658,1.02635,0.1293871,-49.17,-44.75,1.14,0.122,4.15,6650.35248820362,0.16943605404,3590.4814191302125,0.16870415421,183.84582956241897,0.0001100309025616,7.830387126056274,0.0001095012325391,0,0,0,6.525722,66.09926,7.490331,17.949508557878065,0.1230350295256579,0.578,33.41657,5.364931,18.690093994140625,0.1743116974830627,40.65749,3.813874,18.477149963378903,0.1018474549055099,39.27422,4.096043,18.51473045349121,0.1132351532578468,37.31816,4.853708,18.57019805908203,0.1412139683961868,35.17422,5.761626,18.634437561035156,0.177846297621727,29.85662,6.720855,18.81239891052246,0.2444039136171341,26.71007,7.708241,18.933313369750977,0.3133319020271301,25.94012,8.721083,18.965070724487305,0.3650251030921936,32.51815,9.736135,18.71968460083008,0.3250761926174164,28.07684,10.75893,18.87912940979004,0.4160498380661011,21.72442,11.78309,19.157629013061523,0.5888912677764893,21.19201,12.81783,19.1845703125,0.6566993594169617,18.64124,13.8482,19.32381248474121,0.8065718412399292,8.659458,14.88293,20.156272888183594,1.8660452365875244,0.8671632,15.91321,22.654747009277344,19.924213409423828,-4.290731,16.95821,99.0,99.0,-1.850106,18.00645,99.0,99.0,-0.1238056,19.04692,99.0,99.0,2.503181,20.09448,21.50377082824707,8.715829849243164,3.830804,21.14243,21.04177474975586,5.992241859436035,1,1.107,1.848,3.232,6650.7167,3590.1496,183.8457213,7.8305032,6.669e-10,43.50354,5.440036,18.403688430786133,0.1357692629098892,/processed1/20260508/L2/OBJ_MP_1397_0114_cat.fits.gz::4823,155,retained_after_posthoc_audit
20260508,00001eC,186,4,20260508001803040092;20260508001804050119,20260508001800010007;20260508001801020033;20260508001802030063;20260508001803040092;20260508001804050119,OBJ_MP_1397_0136.fits.gz,OBJ_MP_1397_0136_cat.fits.gz,/processed1/20260508/L2/OBJ_MP_1397_0136_cat.fits.gz,4650,61168.621274074074,183.84384885196744,7.830607454444832,183.84387725567,7.830603326899123,17,3->4;4->5,6,5,0.3515618028100171,0.3067271633157094,0.5425378379984998,3.0900342160307046,0.3268461513658394,23.363418465233305,17.991079682287975,354.3399444945485,-179.99515104081044,12.06864057306095,0.2277786319635405,330.7571993295498,175.96453855875774,4650,w,61168.621274074074,2026-05-08T14:54:38.080,1.3907,0.176471,1.117974,0.1379853,-17.62,-14.89,1.245,0.197,7.07,6647.745902405853,0.21717931918,3586.865909771932,0.21746569789,183.84384885196744,0.0001418159780541,7.830607454444832,0.000140363352413,0,0,0,5.996494,55.60438,8.227064,18.13722743849757,0.160642392881836,0.798,36.14908,5.869439,18.60475730895996,0.1762883812189102,39.18649,4.034165,18.51715850830078,0.1117742210626602,42.55653,4.181841,18.427583694458008,0.1066904887557029,42.90435,4.861125,18.418746948242188,0.1230154633522033,44.88487,5.725226,18.369749069213867,0.1384895294904709,45.58195,6.656785,18.353017807006836,0.1585608720779419,44.65566,7.631877,18.375308990478516,0.1855577826499939,46.97703,8.622139,18.32028579711914,0.1992754489183426,42.78494,9.621238,18.421772003173828,0.2441542595624923,40.83588,10.62637,18.472394943237305,0.2825318276882171,44.10735,11.64311,18.38872337341309,0.2866040468215942,44.30052,12.6574,18.38397789001465,0.3102129101753235,47.53821,13.67886,18.307392120361328,0.3124147057533264,38.57645,14.70249,18.534194946289062,0.4138023257255554,34.7514,15.72207,18.64756965637207,0.4912039041519165,38.45235,16.75035,18.53769302368164,0.4729610681533813,44.64671,17.77664,18.375526428222656,0.4322993755340576,49.74726,18.81034,18.25807762145996,0.4105364978313446,51.18302,19.8417,18.227184295654297,0.4208984375,56.81852,20.8746,18.1137752532959,0.398889422416687,1,1.305,2.352,5.289,6647.7324,3586.9535,183.8438773,7.8306033,2.26e-10,44.63184,3.966793,18.37588882446289,0.0964981764554977,/processed1/20260508/L2/OBJ_MP_1397_0136_cat.fits.gz::4650,156,retained_after_posthoc_audit
20260508,00001eC,186,5,20260508001804050119,20260508001800010007;20260508001801020033;20260508001802030063;20260508001803040092;20260508001804050119,OBJ_MP_1397_0158.fits.gz,OBJ_MP_1397_0158_cat.fits.gz,/processed1/20260508/L2/OBJ_MP_1397_0158_cat.fits.gz,4622,61168.64277741898,183.8418040574786,7.830656962855244,183.8417221436366,7.8306775805263475,17,4->5,6,5,0.3515618028100171,0.3067271633157094,0.5425378379984998,3.0900342160307046,0.3268461513658394,23.363418465233305,17.991079682287975,354.3399444945485,-179.99515104081044,12.06864057306095,0.2277786319635405,330.7571993295498,175.96453855875774,4622,w,61168.64277741898,2026-05-08T15:25:35.969,1.258579,0.1705547,1.13665,0.1505253,-67.0,-75.35,1.108,0.097,6.04,6647.0694061688655,0.2324393662,3587.36781513292,0.23260114865,183.8418040574786,0.0001516806917152,7.830656962855244,0.0001502209273231,0,0,0,4.935671,58.39583,7.959571,18.084045445909368,0.1479899251339199,0.567,33.7928,6.48661,18.67793846130371,0.2084097117185592,38.11061,4.196696,18.54738426208496,0.119559995830059,41.90697,4.136333,18.44428443908691,0.1071651503443718,42.56271,4.667643,18.427427291870117,0.1190673634409904,42.83501,5.4167,18.420503616333008,0.1372967213392257,43.87711,6.265074,18.39440536499023,0.1550288498401641,42.35955,7.16181,18.432621002197266,0.1835675239562988,39.48885,8.066838,18.508813858032227,0.2217957377433776,36.61652,8.997891,18.590808868408203,0.2668013274669647,39.85014,9.935259,18.498924255371097,0.27069091796875,47.9967,10.8802,18.29697036743164,0.2461215555667877,51.05602,11.82565,18.229883193969727,0.2514794468879699,56.0074,12.77656,18.12938690185547,0.2476810812950134,61.34715,13.72929,18.030513763427734,0.242984190583229,61.09276,14.67916,18.03502655029297,0.2608770132064819,61.13733,15.63698,18.03423309326172,0.277696818113327,71.82981,16.59648,17.859237670898438,0.2508623301982879,83.93196,17.55448,17.690181732177734,0.227083146572113,79.50587,18.51272,17.74900245666504,0.2528107166290283,82.71014,19.47483,17.706104278564453,0.2556461691856384,1,1.394,2.4,4.5,6647.1355,3587.1154,183.8417221,7.8306776,2.701e-10,42.19757,4.101815,18.43678092956543,0.1055390089750289,/processed1/20260508/L2/OBJ_MP_1397_0158_cat.fits.gz::4622,157,retained_after_posthoc_audit
20260509,00001fm,221,0,20260509001302030043,20260509001302030043;20260509001303040082,OBJ_MP_1674_0089.fits.gz,OBJ_MP_1674_0089_cat.fits.gz,/processed1/20260509/L2/OBJ_MP_1674_0089_cat.fits.gz,942,61169.65443891204,215.57949532237103,-0.4463367824018173,215.57966245935896,-0.4462117942106384,12,2->3,3,2,0.3569110432868915,0.0030735851265057,0.6181804198896,1.6813433099427144,0.2268087207596536,20.41713054871724,3.4413230352675965,222.08181789793537,0.0204730433747369,28.934092391280146,0.3301523721121004,244.16748232462663,140.9491849158586,942,w,61169.65443891204,2026-05-09T15:42:23.522,1.103653,0.1582778,0.8201098,0.1155534,3.52,0.62,1.347,0.258,3.33,3853.237262311394,0.11158923591,851.27836714268,0.11166927837,215.57949532237103,7.189212809066703e-05,-0.4463367824018173,7.191250617716305e-05,0,32,2,2.574419,83.99142,9.8448,17.68941267001278,0.1272612816808196,0.7,61.75373,6.835442,18.02334213256836,0.1201787590980529,46.32608,4.418875,18.33543586730957,0.1035643890500068,36.85847,4.501126,18.583656311035156,0.1325892060995102,29.39256,5.188994,18.82940673828125,0.1916770339012146,23.97741,6.105661,19.05049514770508,0.2764742970466614,22.72922,7.105407,19.108539581298828,0.3394131660461426,20.34478,8.141521,19.22886657714844,0.4344871342182159,22.25251,9.200185,19.131553649902344,0.4488920867443084,22.13872,10.26453,19.13711929321289,0.5033970475196838,15.82737,11.34428,19.50147819519043,0.7782021164894104,17.63767,12.43037,19.38389587402344,0.7651861906051636,20.33328,13.51581,19.229480743408203,0.7217037677764893,21.66847,14.60224,19.160429000854492,0.7316707968711853,19.98164,15.69791,19.248422622680664,0.8529726266860962,24.07969,16.79298,19.04587173461914,0.7571834325790405,15.63736,17.89174,19.514591217041016,1.2422624826431274,19.92502,18.98235,19.251502990722656,1.0343692302703855,16.27094,20.07669,19.47146987915039,1.3396891355514526,13.62866,21.18,19.66386604309082,1.6873183250427246,6.166851,22.27866,20.52484130859375,3.92238187789917,1,0.757,1.279,2.605,3853.6246,851.8019,215.5796625,-0.4462118,2.129e-09,51.05866,4.953397,18.229825973510746,0.1053314432501792,/processed1/20260509/L2/OBJ_MP_1674_0089_cat.fits.gz::942,158,retained_after_posthoc_audit
20260509,00001fm,221,1,20260509001302030043;20260509001303040082,20260509001302030043;20260509001303040082,OBJ_MP_1674_0111.fits.gz,OBJ_MP_1674_0111_cat.fits.gz,/processed1/20260509/L2/OBJ_MP_1674_0111_cat.fits.gz,971,61169.68824444444,215.57755111919943,-0.4448191984476714,215.57780957834004,-0.4447536261573455,12,2->3;3->4,3,2,0.3569110432868915,0.0030735851265057,0.6181804198896,1.6813433099427144,0.2268087207596536,20.41713054871724,3.4413230352675965,222.08181789793537,0.0204730433747369,28.934092391280146,0.3301523721121004,244.16748232462663,140.9491849158586,971,w,61169.68824444444,2026-05-09T16:31:04.320,1.042424,0.1565995,0.8496057,0.1242574,1.56,0.16,1.229,0.186,3.29,3853.1087747819665,0.09398160263,851.2303789167445,0.094369649192,215.57755111919943,6.074566763913936e-05,-0.4448191984476714,6.056761188133475e-05,0,32,2,1.624338,64.76213,9.329769,17.97169710772458,0.1564134419395031,0.703,56.7728,6.52176,18.114648818969727,0.1247236356139183,40.89536,4.10754,18.470815658569336,0.1090516299009323,27.59212,4.100354,18.89803695678711,0.1613468676805496,21.50397,4.673935,19.168703079223633,0.23598712682724,19.91127,5.46117,19.25225257873535,0.2977905869483948,21.39196,6.325682,19.174373626708984,0.3210562765598297,23.66173,7.233807,19.064884185791016,0.3319286704063415,24.04014,8.16143,19.047657012939453,0.3685985803604126,28.31615,9.106313,18.86991500854492,0.3491665720939636,28.76149,10.05346,18.85297203063965,0.3795143663883209,23.6651,11.00765,19.06472969055176,0.5050222277641296,22.83369,11.96532,19.103561401367188,0.5689480304718018,22.94505,12.9285,19.098278045654297,0.6117633581161499,23.61365,13.89281,19.067092895507812,0.6387801170349121,24.79144,14.86471,19.014245986938477,0.6509969830513,20.11521,15.83116,19.241188049316406,0.8545010089874268,19.80521,16.80026,19.2580509185791,0.9210026860237122,13.7882,17.76417,19.65122985839844,1.398818850517273,16.69619,18.74374,19.443456649780273,1.2188862562179563,18.92898,19.71253,19.30718231201172,1.1306793689727783,1,0.757,1.154,1.66,3853.3096,852.0381,215.5778096,-0.4447536,3.664e-09,42.78846,4.338306,18.42168426513672,0.1100823804736137,/processed1/20260509/L2/OBJ_MP_1674_0111_cat.fits.gz::971,159,retained_after_posthoc_audit
20260509,00001fm,221,2,20260509001303040082,20260509001302030043;20260509001303040082,OBJ_MP_1674_0133.fits.gz,OBJ_MP_1674_0133_cat.fits.gz,/processed1/20260509/L2/OBJ_MP_1674_0133_cat.fits.gz,917,61169.71003380787,215.57659236483929,-0.4439725625908541,215.57681062985984,-0.4437082005497261,12,3->4,3,2,0.3569110432868915,0.0030735851265057,0.6181804198896,1.6813433099427144,0.2268087207596536,20.41713054871724,3.4413230352675965,222.08181789793537,0.0204730433747369,28.934092391280146,0.3301523721121004,244.16748232462663,140.9491849158586,917,w,61169.71003380787,2026-05-09T17:02:26.921,0.820748,0.2010159,0.5304152,0.116676,72.45,71.93,1.547,0.354,2.31,3853.235869346444,0.16832605748,851.3937794906278,0.11044774998,215.57659236483929,7.126585347805303e-05,-0.4439725625908541,0.0001083134967114,0,32,2,1.406718,82.04381,13.97122,17.714885396076234,0.1848897108399968,0.722,65.57851,7.365411,17.95809555053711,0.1219438090920448,31.11246,4.587119,18.767663955688477,0.1600773930549621,19.63669,4.388867,19.2673282623291,0.2426657527685165,14.59581,4.841579,19.58942985534668,0.3601498901844024,10.42938,5.543756,19.95435333251953,0.5771249532699585,7.823605,6.359093,20.26648330688477,0.8824957013130188,9.814429,7.232121,20.020336151123047,0.8000643849372864,11.0764,8.129321,19.88900375366211,0.7968562245368958,7.199571,9.045586,20.356733322143555,1.3641257286071775,8.57888,9.976309,20.166423797607425,1.2625936269760132,8.34866,10.91914,20.195959091186523,1.420025110244751,8.220092,11.86024,20.212806701660156,1.5665391683578491,6.509547,12.81193,20.466121673583984,2.136918544769287,1.488885,13.76156,22.067848205566406,10.035308837890623,0.1910737,14.72118,24.2969970703125,83.64997863769531,-1.713944,15.67829,99.0,99.0,-1.802754,16.63268,99.0,99.0,-1.137124,17.59257,99.0,99.0,5.017705,18.56345,20.74873733520508,4.016777515411377,6.147845,19.52407,20.5281925201416,3.448035717010498,1,0.465,0.771,1.455,3854.0569,852.0788,215.5768106,-0.4437082,4.787e-09,36.71233,7.355386,18.587970733642575,0.2175293415784835,/processed1/20260509/L2/OBJ_MP_1674_0133_cat.fits.gz::917,160,retained_after_posthoc_audit
20260509,00001fs,311,0,20260509001701020027,20260509001701020027;20260509001702030053,OBJ_MP_1411_0071.fits.gz,OBJ_MP_1411_0071_cat.fits.gz,/processed1/20260509/L2/OBJ_MP_1411_0071_cat.fits.gz,1029,61169.63651894676,217.83632010048908,-6.863430561293421,217.83644714754664,-6.863427941932356,16,1->2,3,2,0.2566949660022954,0.0,0.4446087231631413,-4.590713854099277,1.893107285139874,12.230224938479274,349.65957175048356,230.81145871539272,0.0056211709070673,25.01977822073868,0.207790454197055,231.45080307440531,123.60799624101011,1029,w,61169.63651894676,2026-05-09T15:16:35.237,0.8385448,0.1919609,0.5323411,0.1109077,-17.25,-17.99,1.578,0.366,2.58,3853.288768443272,0.13681702068,851.1449851772073,0.13372184798,217.83632010048908,8.650949172306355e-05,-6.863430561293421,8.796426207702268e-05,0,32,2,2.64562,124.9571,16.56018,17.25809795948315,0.1438892760485871,0.733,65.89789,9.582348,17.952821731567383,0.1578791439533233,48.53864,5.762347,18.284780502319336,0.128895029425621,29.50901,5.380119,18.82511329650879,0.1979527771472931,22.80816,5.904661,19.104774475097656,0.2810794711112976,23.00287,6.737784,19.095544815063477,0.3180235922336578,23.43672,7.735387,19.075258255004883,0.3583517372608185,21.33388,8.795166,19.177326202392575,0.4476087093353271,18.75315,9.902504,19.31731414794922,0.5733173489570618,20.3577,11.0343,19.228178024291992,0.5884917378425598,20.84426,12.18825,19.202533721923828,0.6348615288734436,20.33586,13.33898,19.22934341430664,0.7121711373329163,23.96176,14.50735,19.05120277404785,0.6573456525802612,25.79265,15.66285,18.97126007080078,0.6593242287635803,28.37153,16.83254,18.86779403686523,0.6441561579704285,39.74026,18.00321,18.501922607421875,0.4918623268604278,45.37154,19.1785,18.358041763305664,0.4589394330978393,53.25175,20.35448,18.18416404724121,0.4150023460388183,51.27239,21.53113,18.22529029846191,0.4559398889541626,46.84127,22.70179,18.323429107666016,0.5262058973312378,45.30402,23.87678,18.359657287597656,0.5722203254699707,1,0.864,1.26,1.984,3853.2962,851.5387,217.8364471,-6.8634279,2.562e-09,37.81883,5.379549,18.555728912353516,0.1544408202171325,/processed1/20260509/L2/OBJ_MP_1411_0071_cat.fits.gz::1029,161,retained_after_posthoc_audit
20260509,00001fs,311,1,20260509001701020027;20260509001702030053,20260509001701020027;20260509001702030053,OBJ_MP_1411_0093.fits.gz,OBJ_MP_1411_0093_cat.fits.gz,/processed1/20260509/L2/OBJ_MP_1411_0093_cat.fits.gz,1082,61169.65841542824,217.8354788459766,-6.8621406156905795,217.83532802886052,-6.862479960306386,16,1->2;2->3,3,2,0.2566949660022954,0.0,0.4446087231631413,-4.590713854099277,1.893107285139874,12.230224938479274,349.65957175048356,230.81145871539272,0.0056211709070673,25.01977822073868,0.207790454197055,231.45080307440531,123.60799624101011,1082,w,61169.65841542824,2026-05-09T15:48:07.093,0.8833407,0.2110603,0.5765402,0.1299232,0.87,0.15,1.534,0.348,2.5,3853.117034679444,0.074020853441,850.9813480992741,0.071995217081,217.8354788459766,4.6570695360514947e-05,-6.8621406156905795,4.758478619404371e-05,0,32,2,-0.277992,95.88341,14.74557,17.545641360738074,0.1669714940132485,0.776,78.81978,7.936054,17.758411407470703,0.1093185096979141,31.92149,5.161499,18.739791870117188,0.1755565255880355,26.71705,5.213865,18.933027267456055,0.2118827253580093,21.94389,5.965586,19.14671516418457,0.2951642870903015,17.42135,6.997379,19.397294998168945,0.4360916912555694,15.12278,8.139778,19.550920486450195,0.584393322467804,19.18727,9.332957,19.29246711730957,0.528117299079895,19.39213,10.5476,19.28093719482422,0.5905442833900452,18.02935,11.77951,19.360050201416016,0.7093676924705505,13.20505,13.02076,19.698148727416992,1.0705829858779907,17.83549,14.26899,19.371788024902344,0.8686253428459167,21.64661,15.51062,19.16152572631836,0.7779715657234192,22.9269,16.76785,19.099136352539062,0.7940656542778015,27.68263,18.02766,18.894481658935547,0.7070600390434265,30.98969,19.28519,18.771957397460938,0.6756643652915955,34.44641,20.5408,18.65713882446289,0.6474370956420898,33.58654,21.79605,18.684585571289062,0.7045904994010925,35.49699,23.05982,18.624521255493164,0.7053242325782776,44.72279,24.32648,18.37367820739746,0.5905745625495911,53.86065,25.59125,18.17182159423828,0.5158746242523193,1,0.461,0.83,2.811,3852.0603,850.5116,217.835328,-6.86248,1.723e-09,73.15401,15.94083,17.839405059814453,0.2365903407335281,/processed1/20260509/L2/OBJ_MP_1411_0093_cat.fits.gz::1082,162,retained_after_posthoc_audit
20260509,00001fs,311,2,20260509001702030053,20260509001701020027;20260509001702030053,OBJ_MP_1411_0115.fits.gz,OBJ_MP_1411_0115_cat.fits.gz,/processed1/20260509/L2/OBJ_MP_1411_0115_cat.fits.gz,1139,61169.692192152776,217.83431712249455,-6.86043392792789,217.8344805233721,-6.860401394312769,16,2->3,3,2,0.2566949660022954,0.0,0.4446087231631413,-4.590713854099277,1.893107285139874,12.230224938479274,349.65957175048356,230.81145871539272,0.0056211709070673,25.01977822073868,0.207790454197055,231.45080307440531,123.60799624101011,1139,w,61169.692192152776,2026-05-09T16:36:45.402,1.074221,0.1498479,1.001517,0.1497478,7.41,24.04,1.074,0.069,3.63,3853.329877015783,0.13937444825,851.2618321066246,0.13914469523,217.83431712249455,8.998348934596834e-05,-6.86043392792789,8.960277596870014e-05,0,32,2,2.8627,83.56413,9.993364,17.694950220918397,0.1298422683856328,0.69,65.16335,7.096753,17.964990615844727,0.118244394659996,44.42641,4.559404,18.380897521972656,0.1114272028207779,37.86153,4.523006,18.55450439453125,0.1297039836645126,35.3883,5.093376,18.627851486206055,0.1562680900096893,32.42462,5.925472,18.72281265258789,0.1984140574932098,32.79383,6.855143,18.710519790649418,0.2269596308469772,32.9573,7.835105,18.705121994018555,0.2581175565719604,32.52883,8.838071,18.719327926635746,0.2949941456317901,28.64159,9.849689,18.857507705688477,0.3733789026737213,23.72368,10.87415,19.06204414367676,0.4976655542850494,22.2821,11.91229,19.130109786987305,0.5804482698440552,25.29042,12.94996,18.992610931396484,0.5559512376785278,30.20506,13.9954,18.799800872802734,0.5030717849731445,36.27048,15.03949,18.60111618041992,0.4501985311508178,41.29985,16.08729,18.460128784179688,0.4229204058647156,44.04701,17.136,18.390209197998047,0.4223935306072235,41.37293,18.1824,18.45820999145508,0.4771546721458435,41.58667,19.24028,18.452613830566406,0.502321183681488,45.35307,20.29943,18.358482360839844,0.4859611093997955,58.17049,21.35042,18.08824348449707,0.3984997868537903,1,0.853,1.489,3.468,3853.4303,851.7684,217.8344805,-6.8604014,2.506e-09,41.32857,4.392874,18.459373474121097,0.1154044866561889,/processed1/20260509/L2/OBJ_MP_1411_0115_cat.fits.gz::1139,163,retained_after_posthoc_audit
20260512,00001fU,105,0,20260512001800010005,20260512001800010005;20260512001801020018,OBJ_MP_1397_0069.fits.gz,OBJ_MP_1397_0069_cat.fits.gz,/processed1/20260512/L2/OBJ_MP_1397_0069_cat.fits.gz,2834,61172.54825599537,183.4989184850841,7.84941455526754,183.49903520712533,7.849281610932382,17,0->1,3,2,0.2286259804939655,0.0030735851265057,0.395979885783295,1.0445012478565936,0.2446131790101224,19.625092219374572,1.293680731705253,36.382712787325005,-179.98297946477737,22.70419693383312,0.2265898912503116,326.4249735288893,177.7973282157651,2834,w,61172.54825599537,2026-05-12T13:09:29.318,1.390793,0.1851539,1.099141,0.1474755,-61.47,-61.54,1.265,0.21,6.3,6727.307916713047,0.27131821283,2540.3686370200794,0.27080557913,183.4989184850841,0.000176638883147,7.84941455526754,0.0001754624562551,0,0,0,7.275571,79.28955,9.543071,17.75196012740971,0.1306762027260816,0.567,35.86611,6.415864,18.61328887939453,0.1942205280065536,40.59739,4.665177,18.4787540435791,0.1247654557228088,52.73225,5.130431,18.194808959960938,0.1056335344910621,62.882,6.137759,18.003684997558594,0.1059760749340057,68.29459,7.3283,17.914033889770508,0.1165041103959083,67.34635,8.575614,17.929214477539062,0.1382532864809036,70.5088,9.857989,17.879392623901367,0.1517991423606872,67.25787,11.15569,17.93064308166504,0.1800850331783294,71.87514,12.46708,17.858552932739258,0.1883260160684585,73.6481,13.77796,17.832096099853516,0.2031177282333374,80.25301,15.09961,17.738845825195312,0.2042813897132873,88.44495,16.42198,17.633317947387695,0.2015936076641082,89.45738,17.7459,17.620960235595703,0.2153804451227188,95.97869,19.07866,17.54456329345703,0.2158228605985641,94.89752,20.39449,17.556861877441406,0.2333363145589828,98.31024,21.72068,17.518503189086914,0.2398827075958252,103.5971,23.06683,17.461631774902344,0.2417490929365158,114.9985,24.40954,17.348268508911133,0.2304579764604568,122.061,25.75376,17.283557891845703,0.2290805280208587,131.43,27.08105,17.203262329101562,0.2237150371074676,1,1.494,2.809,5.242,6726.8905,2540.7261,183.4990352,7.8492816,8.471e-10,41.73241,4.961734,18.448816299438477,0.1290875226259231,/processed1/20260512/L2/OBJ_MP_1397_0069_cat.fits.gz::2834,164,retained_after_posthoc_audit
20260512,00001fU,105,1,20260512001800010005;20260512001801020018,20260512001800010005;20260512001801020018,OBJ_MP_1397_0091.fits.gz,OBJ_MP_1397_0091_cat.fits.gz,/processed1/20260512/L2/OBJ_MP_1397_0091_cat.fits.gz,2601,61172.57021942129,183.4967801566483,7.849555001471338,183.49674924473905,7.84967865809052,17,0->1;1->2,3,2,0.2286259804939655,0.0030735851265057,0.395979885783295,1.0445012478565936,0.2446131790101224,19.625092219374572,1.293680731705253,36.382712787325005,-179.98297946477737,22.70419693383312,0.2265898912503116,326.4249735288893,177.7973282157651,2601,w,61172.57021942129,2026-05-12T13:41:06.958,1.381752,0.2323841,0.832331,0.1408987,-80.05,-80.18,1.658,0.397,7.75,6723.168694274506,0.28525366473,2533.786383857378,0.28327669194,183.4967801566483,0.0001847758434507,7.849555001471338,0.0001844667137431,0,0,0,6.388486,58.83215,11.65764,18.07596329255599,0.2151396033597081,0.565,33.79716,7.77888,18.677799224853516,0.2498970478773117,36.57755,5.351449,18.591962814331055,0.158847764134407,41.40049,5.56021,18.45748710632324,0.1458176225423813,51.83652,6.487517,18.213409423828125,0.1358835697174072,64.04675,7.678301,17.98375701904297,0.1301644295454025,60.47979,8.943621,18.045974731445312,0.1605563312768936,52.46826,10.25891,18.200258255004883,0.2122896015644073,50.66632,11.60049,18.238201141357425,0.2485886067152023,50.72142,12.95999,18.23702049255371,0.2774199247360229,51.90653,14.3217,18.211944580078125,0.2995689213275909,47.39389,15.68741,18.31069564819336,0.3593793511390686,43.30376,17.06162,18.4086856842041,0.4277785718441009,38.68665,18.42866,18.531097412109375,0.5171980857849121,39.9574,19.80304,18.49600601196289,0.5380950570106506,32.38784,21.18688,18.724044799804688,0.7102466821670532,37.56944,22.56728,18.562911987304688,0.6521821618080139,31.78576,23.94947,18.74441909790039,0.8180645108222961,23.5762,25.32932,19.06881523132324,1.1664711236953735,20.11743,26.71655,19.241069793701172,1.4418903589248655,10.91348,28.10734,19.905092239379883,2.7962806224823,1,1.469,2.547,4.239,6723.555,2533.6937,183.4967492,7.8496787,7.542e-10,45.02138,6.017554,18.366453170776367,0.1451194137334823,/processed1/20260512/L2/OBJ_MP_1397_0091_cat.fits.gz::2601,165,retained_after_posthoc_audit
20260512,00001fU,105,2,20260512001801020018,20260512001800010005;20260512001801020018,OBJ_MP_1397_0113.fits.gz,OBJ_MP_1397_0113_cat.fits.gz,/processed1/20260512/L2/OBJ_MP_1397_0113_cat.fits.gz,2531,61172.60715791667,183.4935108724661,7.849629812643253,183.49353658306865,7.849630356287208,17,1->2,3,2,0.2286259804939655,0.0030735851265057,0.395979885783295,1.0445012478565936,0.2446131790101224,19.625092219374572,1.293680731705253,36.382712787325005,-179.98297946477737,22.70419693383312,0.2265898912503116,326.4249735288893,177.7973282157651,2531,w,61172.60715791667,2026-05-12T14:34:18.444,1.141775,0.2066167,0.8431475,0.1508531,-89.43,-89.66,1.354,0.261,5.31,6718.369112051314,0.24081344752,2528.167139815274,0.23907848933,183.4935108724661,0.0001559274592182,7.849629812643253,0.0001557301610723,0,0,0,5.833955,57.4099,10.53622,18.10253308210389,0.1992610538211403,0.529,39.60212,8.588217,18.505704879760746,0.2354554980993271,41.91267,5.605132,18.444135665893555,0.1451994180679321,40.25495,5.631736,18.487951278686523,0.1518963575363159,42.20258,6.436826,18.43665313720703,0.1655987650156021,38.42028,7.530863,18.538599014282227,0.2128181159496307,37.55246,8.742077,18.563404083251953,0.2527554929256439,31.94052,10.00656,18.739145278930664,0.3401474058628082,34.42075,11.31167,18.657949447631836,0.3568048477172851,27.51959,12.61568,18.900894165039062,0.49772909283638,18.70221,13.94735,19.320266723632812,0.809698224067688,26.08527,15.28288,18.95901107788086,0.6361131072044373,27.83021,16.62816,18.888708114624023,0.6487120985984802,26.20873,17.96303,18.95388412475586,0.7441456317901611,24.74684,19.30682,19.01620101928711,0.8470622301101685,26.14453,20.65204,18.9565486907959,0.8576428890228271,21.8524,21.99118,19.15125274658203,1.0926319360733032,15.48465,23.34203,19.525245666503903,1.636671781539917,13.99507,24.68283,19.63506317138672,1.914892077445984,4.990895,26.03287,20.754554748535156,5.6632795333862305,-1.86872,27.39687,99.0,99.0,1,1.143,1.96,3.409,6718.3702,2528.2466,183.4935366,7.8496304,6.881e-10,52.02294,6.592233,18.20951271057129,0.1375821083784103,/processed1/20260512/L2/OBJ_MP_1397_0113_cat.fits.gz::2531,166,retained_after_posthoc_audit
20260530,00001gL,73,0,20260530002100010012,20260530002100010012;20260530002101020022,OBJ_MP_1399_0069.fits.gz,OBJ_MP_1399_0069_cat.fits.gz,/processed1/20260530/L2/OBJ_MP_1399_0069_cat.fits.gz,6960,61190.57043309028,190.08229225767573,4.667412833703933,190.08229264754704,4.667423189821169,20,0->1,3,2,0.0914014832679895,0.0,0.1583120129073144,0.904440473886306,0.4373527671301636,17.864103039041535,352.3890545876834,57.96718200534192,-179.9892322152065,19.594741547080133,0.0979214630203612,114.25143241737403,164.91327015205044,6960,w,61190.57043309028,2026-05-30T13:41:25.419,1.749485,0.1075664,1.670426,0.0994207,64.82,64.63,1.046,0.044,8.58,3423.7789348642314,0.11488634943,7652.742028048852,0.11499577517,190.08229225767573,7.428802103959242e-05,4.667412833703933,7.407645789925255e-05,0,0,0,4.961402,257.8068,19.42777,16.471763896795128,0.0818187628590299,0.015,163.0003,12.79453,16.96953010559082,0.0852236673235893,176.3963,8.718247,16.88377571105957,0.0536616593599319,192.2733,8.861796,16.790203094482422,0.0500411242246627,199.5015,10.23357,16.750133514404297,0.0556935928761959,202.4109,12.00022,16.73441505432129,0.0643694475293159,210.0986,13.93499,16.69394302368164,0.0720124840736389,222.4238,15.96631,16.63204574584961,0.0779376924037933,230.6655,18.02547,16.59254264831543,0.0848453864455223,244.2148,20.1165,16.530569076538086,0.0894344374537468,244.5836,22.2194,16.528932571411133,0.0986346155405044,233.1952,24.33535,16.580699920654297,0.1133032292127609,225.8277,26.48094,16.615558624267578,0.1273152977228164,235.981,28.60435,16.567806243896484,0.1316070854663849,231.0556,30.76807,16.590707778930664,0.1445799469947815,227.6317,32.89103,16.606918334960938,0.1568805426359176,234.3331,35.02965,16.575416564941406,0.1623029708862304,224.7828,37.21602,16.62059211730957,0.1797592341899871,241.6944,39.43567,16.541833877563477,0.1771523058414459,246.3809,41.60742,16.520980834960938,0.183352991938591,239.4921,43.77264,16.551773071289062,0.1984430849552154,0,1.433,2.624,7.308,3423.8112,7652.7434,190.0822926,4.6674232,5.349e-12,162.8295,6.888256,16.970666885375977,0.0459304191172122,/processed1/20260530/L2/OBJ_MP_1399_0069_cat.fits.gz::6960,167,retained_after_posthoc_audit
20260530,00001gL,73,1,20260530002100010012;20260530002101020022,20260530002100010012;20260530002101020022,OBJ_MP_1399_0091.fits.gz,OBJ_MP_1399_0091_cat.fits.gz,/processed1/20260530/L2/OBJ_MP_1399_0091_cat.fits.gz,6742,61190.59204358796,190.08159339792013,4.667637690848427,190.0815677244883,4.667651769967033,20,0->1;1->2,3,2,0.0914014832679895,0.0,0.1583120129073144,0.904440473886306,0.4373527671301636,17.864103039041535,352.3890545876834,57.96718200534192,-179.9892322152065,19.594741547080133,0.0979214630203612,114.25143241737403,164.91327015205044,6742,w,61190.59204358796,2026-05-30T14:12:32.566,1.667897,0.1149659,1.626036,0.1088481,-26.03,-8.93,1.027,0.026,6.23,3423.348107722855,0.11999518426,7655.806910838775,0.11995339251,190.08159339792013,7.748785998273888e-05,4.667637690848427,7.73726741636338e-05,0,0,0,5.050849,252.4152,17.73189,16.49471133437737,0.0762717814895239,0.014,155.3621,13.82032,17.021636962890625,0.0965822264552116,162.7518,9.160852,16.9711856842041,0.0611131116747856,167.8879,9.260913,16.937450408935547,0.0598905943334102,175.5346,10.64479,16.88909339904785,0.0658413246273994,184.7459,12.46397,16.83356285095215,0.073249727487564,189.5782,14.46478,16.805530548095703,0.0828414931893348,190.3473,16.55994,16.801132202148438,0.0944574698805809,184.3444,18.69447,16.83592414855957,0.1101051196455955,175.9481,20.85838,16.886537551879883,0.128712385892868,177.6683,23.05133,16.875974655151367,0.1408673971891403,176.9257,25.24864,16.880523681640625,0.1549427658319473,164.7841,27.46044,16.957712173461914,0.1809324473142624,160.3521,29.6885,16.98731231689453,0.2010193467140197,153.7747,31.91225,17.032787322998047,0.225318506360054,148.2469,34.14681,17.07253646850586,0.2500857412815094,136.8331,36.37586,17.159523010253906,0.2886333465576172,112.9725,38.60233,17.367568969726562,0.3709924817085266,104.5701,40.93643,17.451480865478516,0.4250369369983673,78.88563,43.21341,17.757505416870117,0.5947644710540771,58.71926,45.45998,18.078048706054688,0.8405681848526001,0,1.346,2.404,4.884,3423.3924,7655.7273,190.0815677,4.6676518,4.954e-12,148.6986,7.249391,17.069232940673828,0.0529320947825908,/processed1/20260530/L2/OBJ_MP_1399_0091_cat.fits.gz::6742,168,retained_after_posthoc_audit
20260530,00001gL,73,2,20260530002101020022,20260530002100010012;20260530002101020022,OBJ_MP_1399_0113.fits.gz,OBJ_MP_1399_0113_cat.fits.gz,/processed1/20260530/L2/OBJ_MP_1399_0113_cat.fits.gz,6210,61190.61360976851,190.08096483122543,4.667769458907631,190.0809499029474,4.667782406738646,20,1->2,3,2,0.0914014832679895,0.0,0.1583120129073144,0.904440473886306,0.4373527671301636,17.864103039041535,352.3890545876834,57.96718200534192,-179.9892322152065,19.594741547080133,0.0979214630203612,114.25143241737403,164.91327015205044,6210,w,61190.61360976851,2026-05-30T14:43:35.884,1.765454,0.1199267,1.546238,0.1065233,-23.36,-18.65,1.143,0.125,7.68,3423.6797499091804,0.12905116689,7657.511783525059,0.12917737294,190.08096483122543,8.343927615328539e-05,4.667769458907631,8.322037024832696e-05,0,0,0,5.298124,249.3772,21.00981,16.507858086385017,0.0914723180313615,0.657,183.008,16.81331,16.84382438659668,0.0997487753629684,186.1922,10.84131,16.825096130371094,0.0632185339927673,181.1471,10.40838,16.854921340942383,0.062384370714426,197.2722,11.59382,16.7623348236084,0.0638094171881675,208.5655,13.41414,16.701892852783203,0.0698304027318954,195.9594,15.50043,16.76958465576172,0.0858819633722305,199.2664,17.69589,16.751415252685547,0.0964190363883972,200.5896,19.97053,16.74422836303711,0.1080949828028678,212.1537,22.26252,16.683372497558594,0.1139326393604278,210.982,24.58013,16.68938636779785,0.1264920085668563,198.1397,26.92411,16.757572174072266,0.1475347131490707,198.6591,29.29153,16.754728317260742,0.1600876599550247,177.7087,31.6687,16.875728607177734,0.193484365940094,154.5877,34.04068,17.027063369750977,0.239082470536232,153.7128,36.41045,17.03322410583496,0.2571818232536316,164.2584,38.8143,16.961181640625,0.256559818983078,143.27,41.25172,17.10961151123047,0.3126158714294433,137.2899,43.66216,17.155902862548828,0.3452955782413482,142.9502,46.05193,17.112037658691406,0.3497738838195801,140.4827,48.48903,17.130943298339844,0.3747527599334717,1,1.367,2.519,4.753,3423.7203,7657.4655,190.0809499,4.6677824,3.818e-12,172.834,8.451123,16.905927658081055,0.0530896186828613,/processed1/20260530/L2/OBJ_MP_1399_0113_cat.fits.gz::6210,169,retained_after_posthoc_audit
20260530,00001gM,75,0,20260530002103040041,20260530002103040041;20260530002104050046,OBJ_MP_1399_0116.fits.gz,OBJ_MP_1399_0116_cat.fits.gz,/processed1/20260530/L2/OBJ_MP_1399_0116_cat.fits.gz,6081,61190.61646689815,190.08093596591385,4.667816058893195,190.08091324610515,4.667834994460657,20,3->4,3,2,0.1311236228311985,0.0,0.2271127768161342,0.896872089830674,0.4494820755259309,17.86890520346914,352.4141437119607,57.96614091444849,-179.9893753271378,19.38238331921871,0.1511814326054529,135.25761496182693,166.55300712169313,6081,w,61190.61646689815,2026-05-30T14:47:42.740,1.792126,0.1322386,1.640115,0.1206701,-2.19,-1.66,1.094,0.086,8.96,3414.965647299064,0.17732118853,7656.765416827666,0.17744983655,190.08093596591385,0.0001146329393861,4.667816058893195,0.0001143494143267,0,0,0,7.484118,267.7333,23.26292,16.43074391844353,0.094337863732631,0.011,145.6712,18.33325,17.091564178466797,0.1366438120603561,159.0895,11.4899,16.995895385742188,0.078414998948574,182.4471,10.76563,16.847156524658203,0.0640658736228942,188.4541,11.7955,16.81198501586914,0.0679571256041526,200.5564,13.57615,16.744407653808594,0.0734960883855819,201.6541,15.62825,16.738483428955078,0.0841448828577995,204.5089,17.82369,16.72321891784668,0.0946258381009101,222.09,20.10798,16.633678436279297,0.0983023270964622,224.937,22.40885,16.619848251342773,0.1081640347838401,235.7154,24.75528,16.56903076171875,0.1140260696411132,245.3779,27.1146,16.52541160583496,0.1199753731489181,251.2274,29.47698,16.499832153320312,0.1273914128541946,245.6816,31.86262,16.52406883239746,0.1408098638057708,252.2989,34.2476,16.495210647583008,0.1473801881074905,242.4139,36.67014,16.538604736328125,0.1642401814460754,234.5225,39.06045,16.574539184570312,0.1808327287435531,226.4383,41.49746,16.612625122070312,0.1989738345146179,225.0537,43.89291,16.61928367614746,0.2117544412612915,219.7021,46.32914,16.645414352416992,0.228952020406723,191.0106,48.79414,16.79735565185547,0.2773541212081909,0,1.78,3.1,8.54,3415.025,7656.695,190.0809132,4.667835,3.977e-12,159.5818,8.899444,16.992542266845703,0.0605485402047634,/processed1/20260530/L2/OBJ_MP_1399_0116_cat.fits.gz::6081,170,retained_after_posthoc_audit
20260530,00001gM,75,1,20260530002103040041;20260530002104050046,20260530002103040041;20260530002104050046,OBJ_MP_1399_0138.fits.gz,OBJ_MP_1399_0138_cat.fits.gz,/processed1/20260530/L2/OBJ_MP_1399_0138_cat.fits.gz,5856,61190.63801819445,190.08007001984177,4.66805150677744,190.08003982374487,4.668088613308398,20,3->4;4->5,3,2,0.1311236228311985,0.0,0.2271127768161342,0.896872089830674,0.4494820755259309,17.86890520346914,352.4141437119607,57.96614091444849,-179.9893753271378,19.38238331921871,0.1511814326054529,135.25761496182693,166.55300712169313,5856,w,61190.63801819445,2026-05-30T15:18:44.772,1.951275,0.1383447,1.667191,0.1173252,33.47,38.11,1.169,0.145,9.11,3418.52713448068,0.15885437854,7662.0243066695,0.1591311442,190.08007001984177,0.0001027875086379,4.66805150677744,0.0001024518375674,0,0,0,6.847933,266.2556,25.2486,16.436752954000067,0.1029586423139524,0.011,158.5177,19.07373,16.999805450439453,0.1306418478488922,172.6094,12.08861,16.907339096069336,0.0760389640927314,199.7743,11.58533,16.7486515045166,0.0629641264677047,210.0789,12.78279,16.69404411315918,0.0660644322633743,223.51,14.67515,16.62675666809082,0.0712869390845298,224.2038,16.88358,16.623394012451172,0.081760935485363,214.6685,19.22539,16.67057991027832,0.0972369089722633,218.7623,21.65633,16.650068283081055,0.107482224702835,240.6425,24.11552,16.54656982421875,0.1088049560785293,246.8053,26.61175,16.519113540649414,0.1170693561434745,252.7794,29.11324,16.493144989013672,0.1250469386577606,246.3538,31.64669,16.521102905273438,0.1394740045070648,248.1829,34.19373,16.513071060180664,0.1495887786149978,255.7976,36.75069,16.48025894165039,0.1559887826442718,257.5808,39.29175,16.47271728515625,0.1656197607517242,262.4477,41.86675,16.452392578125,0.17320117354393,266.0463,44.43825,16.437606811523438,0.1813526749610901,259.7096,47.07364,16.46377944946289,0.1967950314283371,254.6326,49.70316,16.48521614074707,0.2119308859109878,238.595,52.33583,16.55584716796875,0.2381563633680343,0,1.659,2.886,5.571,3418.6432,7661.9309,190.0800398,4.6680886,5.241e-12,170.5272,9.408164,16.920516967773438,0.0599012151360511,/processed1/20260530/L2/OBJ_MP_1399_0138_cat.fits.gz::5856,171,retained_after_posthoc_audit
20260530,00001gM,75,2,20260530002104050046,20260530002103040041;20260530002104050046,OBJ_MP_1399_0160.fits.gz,OBJ_MP_1399_0160_cat.fits.gz,/processed1/20260530/L2/OBJ_MP_1399_0160_cat.fits.gz,5565,61190.659536493054,190.07935693692528,4.668192338324621,190.0793721799012,4.66819161624993,20,4->5,3,2,0.1311236228311985,0.0,0.2271127768161342,0.896872089830674,0.4494820755259309,17.86890520346914,352.4141437119607,57.96614091444849,-179.9893753271378,19.38238331921871,0.1511814326054529,135.25761496182693,166.55300712169313,5565,w,61190.659536493054,2026-05-30T15:49:43.953,1.65487,0.1295775,1.555515,0.1214469,-57.67,-55.6,1.065,0.061,8.56,3422.8266612867396,0.15650692783,7676.417333746341,0.15650673464,190.07935693692528,0.0001011084179367,4.668192338324621,0.0001009519549848,0,0,0,5.654962,262.3577,27.34635,16.45276526604752,0.1131696126853735,0.011,157.0203,21.05623,17.01011085510254,0.1455959379673004,200.6878,13.46166,16.743698120117188,0.0728286132216453,200.1343,12.92047,16.74669647216797,0.0700940489768982,203.4537,14.30445,16.728836059570312,0.0763360559940338,213.9756,16.4884,16.674089431762695,0.0836640149354934,207.2745,18.99516,16.708635330200195,0.0994996428489685,209.4813,21.64471,16.6971378326416,0.112184002995491,218.5254,24.37986,16.6512451171875,0.121130496263504,216.8532,27.14599,16.65958595275879,0.135913997888565,209.8576,29.95856,16.695188522338867,0.1549960225820541,235.9464,32.81427,16.56796646118164,0.1509988605976104,241.1305,35.64777,16.544368743896484,0.1605108827352523,225.0836,38.53371,16.619140625,0.1858751475811004,221.8703,41.42093,16.63475227355957,0.2026958763599395,222.1749,44.29039,16.633262634277344,0.2164406776428222,221.2162,47.19316,16.637956619262695,0.2316255122423172,227.5478,50.11853,16.607318878173828,0.2391387671232223,245.1555,53.08801,16.526395797729492,0.2351143062114715,261.7887,55.98019,16.455121994018555,0.2321708798408508,258.8392,58.90864,16.467424392700195,0.2471003085374832,0,1.527,2.603,5.491,3422.8242,7676.4647,190.0793722,4.6681916,3.816e-12,173.7436,10.34505,16.90022850036621,0.0646469742059707,/processed1/20260530/L2/OBJ_MP_1399_0160_cat.fits.gz::5565,172,retained_after_posthoc_audit
20260601,00001h1,9,0,20260601000300010010,20260601000300010010;20260601000301020034,OBJ_MP_1396_0043.fits.gz,OBJ_MP_1396_0043_cat.fits.gz,/processed1/20260601/L2/OBJ_MP_1396_0043_cat.fits.gz,6741,61192.54048708333,182.10572999103093,7.757192247402182,182.10578126215125,7.757168828382321,2,0->1,3,2,0.017112997733483,0.0,0.0296405815442037,0.946366023097585,0.7963451533903043,11.234064239353769,348.6661807500844,44.912643387006305,-179.99567662129488,10.308988378330463,0.0259893902296251,202.87176362994023,194.34694486910777,6741,w,61192.54048708333,2026-06-01T12:58:18.084,1.166262,0.1672106,1.063267,0.1519831,55.64,58.84,1.097,0.088,6.2,3060.7993684671237,0.22702342317,5849.241444501876,0.22730401607,182.10572999103093,0.0001479905205314,7.757192247402182,0.0001465160351079,0,0,0,4.342256,63.94644,9.013104,17.985459141727716,0.1530320407610541,0.584,43.75354,6.054409,18.3974666595459,0.1502390652894973,42.82603,4.430514,18.420730590820312,0.1123235002160072,44.56758,4.884789,18.377452850341797,0.1190011352300643,48.59662,5.859725,18.283485412597656,0.1309168189764022,51.44637,6.999469,18.22161293029785,0.1477184295654297,54.41441,8.201365,18.160715103149418,0.1636426597833633,59.79172,9.437295,18.05839729309082,0.1713684350252151,65.01792,10.68399,17.967416763305664,0.1784122139215469,69.70733,11.94267,17.891803741455078,0.1860147714614868,80.70585,13.20954,17.732736587524414,0.1777079850435257,89.54516,14.46742,17.61989402770996,0.1754176020622253,92.01311,15.74238,17.590375900268555,0.1857569515705108,101.2571,17.02202,17.48643684387207,0.1825197041034698,109.9656,18.29325,17.39685821533203,0.1806167960166931,107.5488,19.56986,17.42098617553711,0.1975633352994918,111.0096,20.8442,17.386598587036133,0.2038680464029312,112.4416,22.12048,17.372682571411133,0.2135954946279525,113.6289,23.40368,17.361278533935547,0.2236246913671493,112.2577,24.68763,17.374460220336914,0.2387744188308715,117.0891,25.9677,17.32870864868164,0.2407916486263275,1,1.15,2.274,6.997,3060.7255,5849.3994,182.1057813,7.7571688,5.863e-10,32.13676,3.606704,18.732494354248047,0.1218520402908325,/processed1/20260601/L2/OBJ_MP_1396_0043_cat.fits.gz::6741,173,retained_after_posthoc_audit
20260601,00001h1,9,1,20260601000300010010;20260601000301020034,20260601000300010010;20260601000301020034,OBJ_MP_1396_0065.fits.gz,OBJ_MP_1396_0065_cat.fits.gz,/processed1/20260601/L2/OBJ_MP_1396_0065_cat.fits.gz,6063,61192.562040833334,182.10453188220467,7.756902508993796,182.10456209480583,7.756871998615838,2,0->1;1->2,3,2,0.017112997733483,0.0,0.0296405815442037,0.946366023097585,0.7963451533903043,11.234064239353769,348.6661807500844,44.912643387006305,-179.99567662129488,10.308988378330463,0.0259893902296251,202.87176362994023,194.34694486910777,6063,w,61192.562040833334,2026-06-01T13:29:20.328,1.367945,0.1696262,0.9429023,0.1122157,-52.43,-53.66,1.451,0.311,6.05,3058.1567866914925,0.17849409401,5855.0923852173455,0.17850248901,182.10453188220467,0.0001162166342965,7.756902508993796,0.0001151950751481,0,0,0,4.356598,84.10967,10.62865,17.68788514373321,0.137200695690226,0.239,60.77507,7.332147,18.040687561035156,0.1309875398874282,59.39689,5.261843,18.065589904785156,0.0961830392479896,61.92552,5.803645,18.020326614379883,0.1017549335956573,60.96296,6.96009,18.037334442138672,0.1239575892686843,64.79988,8.337143,17.971065521240234,0.1396906524896621,70.60142,9.777975,17.877965927124023,0.1503695249557495,69.57527,11.24352,17.893863677978516,0.1754574179649353,60.47065,12.73899,18.046138763427734,0.2287256121635437,62.17633,14.23861,18.01593780517578,0.2486376166343689,62.73886,15.74159,18.00615692138672,0.2724183201789856,66.1162,17.26035,17.949230194091797,0.2834432423114776,67.24519,18.77413,17.93084716796875,0.3031258583068847,65.55042,20.30153,17.958560943603516,0.3362618088722229,69.12613,21.81697,17.900894165039062,0.3426704108715057,79.46769,23.36107,17.749523162841797,0.3191732466220855,83.0654,24.90128,17.70145034790039,0.3254811763763428,86.82442,26.41275,17.65339469909668,0.3302904367446899,89.51453,27.93686,17.62026596069336,0.338850736618042,98.18336,29.4811,17.51990509033203,0.3260093927383423,111.3968,31.02836,17.3828182220459,0.3024200797080993,0,1.101,2.108,6.49,3058.0612,5855.1852,182.1045621,7.756872,1.754e-10,47.84593,4.792534,18.30038833618164,0.1087538227438926,/processed1/20260601/L2/OBJ_MP_1396_0065_cat.fits.gz::6063,174,retained_after_posthoc_audit
20260601,00001h1,9,2,20260601000301020034,20260601000300010010;20260601000301020034,OBJ_MP_1396_0087.fits.gz,OBJ_MP_1396_0087_cat.fits.gz,/processed1/20260601/L2/OBJ_MP_1396_0087_cat.fits.gz,5508,61192.58357695602,182.1033557434921,7.756590539991799,182.1033549511328,7.756632198158999,2,1->2,3,2,0.017112997733483,0.0,0.0296405815442037,0.946366023097585,0.7963451533903043,11.234064239353769,348.6661807500844,44.912643387006305,-179.99567662129488,10.308988378330463,0.0259893902296251,202.87176362994023,194.34694486910777,5508,w,61192.58357695602,2026-06-01T14:00:21.049,1.027882,0.2089843,0.7896646,0.1545561,-38.7,-34.61,1.303,0.232,6.2,3056.244759286633,0.27954952458,5854.528409809004,0.27935767795,182.1033557434921,0.0001818727941724,7.756590539991799,0.0001804206227697,0,0,0,5.346709,69.11283,12.83176,17.901103248982697,0.2015820941389668,0.107,45.07138,8.758241,18.36524772644043,0.2109795361757278,45.59983,6.240779,18.35259246826172,0.1485935449600219,50.85013,6.70773,18.234270095825195,0.143221378326416,54.20901,7.96294,18.16482162475586,0.1594873666763305,56.18038,9.458026,18.12603759765625,0.1827848404645919,55.44571,11.05214,18.140331268310547,0.2164226621389389,45.6479,12.67996,18.35144805908203,0.301593154668808,38.17662,14.35474,18.54550552368164,0.4082463979721069,35.27642,16.03262,18.631288528442383,0.4934512972831726,30.77598,17.73202,18.779470443725582,0.6255623698234558,34.40328,19.437,18.65850067138672,0.6134139895439148,31.2695,21.13325,18.762197494506836,0.7337863445281982,33.95621,22.84808,18.67270278930664,0.7305581569671631,41.45226,24.56901,18.456130981445312,0.6435226202011108,35.86133,26.30588,18.613433837890625,0.7964358329772949,49.65852,28.03013,18.2600154876709,0.6128520965576172,67.00967,29.76219,17.934656143188477,0.4822272062301636,65.52638,31.49915,17.958959579467773,0.5219236612319946,68.83017,33.21261,17.90555191040039,0.5239001512527466,77.22224,34.94685,17.780643463134766,0.4913488328456878,0,1.245,2.295,4.327,3056.3746,5854.5266,182.103355,7.7566322,1.38e-10,38.05096,4.951051,18.54908561706543,0.1412719935178756,/processed1/20260601/L2/OBJ_MP_1396_0087_cat.fits.gz::5508,175,retained_after_posthoc_audit
20260601,00001h8,82,0,20260601002100010010,20260601002100010010;20260601002101020021,OBJ_MP_1399_0061.fits.gz,OBJ_MP_1399_0061_cat.fits.gz,/processed1/20260601/L2/OBJ_MP_1399_0061_cat.fits.gz,8722,61192.558191550925,190.0283393707752,4.6818893143430165,190.02830996054303,4.681911947448176,20,0->1,3,2,0.0039679813360358,0.0,0.0068727452774991,1.6824973720798422,0.4858864250380904,9.492940911884268,355.8438978345807,33.448299370000896,-179.99614942637487,13.506805534669551,0.0084120509186425,98.23062913781293,166.8455975589077,8722,w,61192.558191550925,2026-06-01T13:23:47.750,2.024978,0.08389651,1.823153,0.0755927,-32.3,-29.01,1.112,0.101,6.72,3474.9294420111396,0.071161410464,7480.884061091169,0.071259818365,190.0283393707752,4.6047024312656504e-05,4.6818893143430165,4.588830770746455e-05,0,0,0,4.513566,284.7621,11.16193,16.363794551692997,0.0425580106389004,0.026,155.3972,8.461356,17.021392822265625,0.0591181926429271,169.5397,5.614578,16.926820755004883,0.0359558872878551,195.1075,6.001061,16.774314880371094,0.033394768834114,217.9196,7.054827,16.654258728027344,0.0351491123437881,230.3529,8.335742,16.594017028808594,0.0392893627285957,240.8362,9.690131,16.54569435119629,0.0436849780380725,253.1068,11.09557,16.491741180419922,0.0475959666073322,253.0914,12.51964,16.491806030273438,0.0537079684436321,250.8053,13.95799,16.501657485961914,0.0604241602122783,249.9281,15.40746,16.505462646484375,0.0669330060482025,257.7769,16.8676,16.47188949584961,0.0710450112819671,268.3255,18.33209,16.4283447265625,0.074177861213684,269.735,19.80249,16.422657012939453,0.0797089114785194,266.6437,21.26615,16.435171127319336,0.0865928381681442,263.5423,22.74717,16.447874069213867,0.0937133133411407,273.069,24.23319,16.409318923950195,0.0963523909449577,278.9446,25.7114,16.386205673217773,0.1000764816999435,286.4182,27.20144,16.357498168945312,0.1031135246157646,281.6932,28.69216,16.375558853149414,0.110588826239109,285.8953,30.20523,16.35948371887207,0.1147095113992691,0,1.345,2.553,5.466,3475.0004,7480.7929,190.02831,4.6819119,5.095e-11,147.2523,4.190666,17.079845428466797,0.0308990646153688,/processed1/20260601/L2/OBJ_MP_1399_0061_cat.fits.gz::8722,176,retained_after_posthoc_audit
20260601,00001h8,82,1,20260601002100010010;20260601002101020021,20260601002100010010;20260601002101020021,OBJ_MP_1399_0083.fits.gz,OBJ_MP_1399_0083_cat.fits.gz,/processed1/20260601/L2/OBJ_MP_1399_0083_cat.fits.gz,8254,61192.579758935186,190.02775945960477,4.6820226927719615,190.0277390957909,4.682046518801875,20,0->1;1->2,3,2,0.0039679813360358,0.0,0.0068727452774991,1.6824973720798422,0.4858864250380904,9.492940911884268,355.8438978345807,33.448299370000896,-179.99614942637487,13.506805534669551,0.0084120509186425,98.23062913781293,166.8455975589077,8254,w,61192.579758935186,2026-06-01T13:54:51.172,1.976348,0.09578279,1.681167,0.07987308,-11.1,-9.73,1.177,0.15,7.38,3472.4619856342715,0.079560586269,7485.675037275704,0.079722623069,190.02775945960477,5.1512511475948486e-05,4.6820226927719615,5.1305307510851605e-05,0,0,0,4.542836,251.7607,13.3288,16.49753006329057,0.0574814041708668,0.021,150.2514,8.639198,17.057954788208008,0.0624279826879501,161.589,6.148157,16.978971481323242,0.0413102097809314,187.7302,6.707342,16.816164016723633,0.0387918539345264,200.0652,8.010708,16.7470703125,0.0434733964502811,214.2738,9.540867,16.672576904296875,0.0483440458774566,221.8325,11.1486,16.634937286376953,0.0545656681060791,228.8446,12.80915,16.60114860534668,0.0607720799744129,230.6496,14.47988,16.592618942260742,0.068161092698574,226.7237,16.17011,16.611257553100586,0.0774355456233024,235.6608,17.86804,16.56928253173828,0.0823216438293457,231.3657,19.56773,16.589252471923828,0.0918260142207145,223.108,21.28235,16.628711700439453,0.103568784892559,207.9117,22.99602,16.70530128479004,0.1200875714421272,199.2623,24.70763,16.75143814086914,0.1346263885498047,205.0926,26.42886,16.720125198364258,0.1399112790822982,204.4298,28.14097,16.72364044189453,0.1494579911231994,204.2156,29.87473,16.724777221679688,0.1588324606418609,183.6643,31.62719,16.83993911743164,0.1869649589061737,184.6954,33.36918,16.833860397338867,0.196161463856697,208.2678,35.09671,16.703445434570312,0.1829652935266494,0,1.283,2.439,5.455,3472.5366,7485.6121,190.0277391,4.6820465,3.425e-11,139.3533,4.58648,17.139705657958984,0.0357344076037406,/processed1/20260601/L2/OBJ_MP_1399_0083_cat.fits.gz::8254,177,retained_after_posthoc_audit
20260601,00001h8,82,2,20260601002101020021,20260601002100010010;20260601002101020021,OBJ_MP_1399_0105.fits.gz,OBJ_MP_1399_0105_cat.fits.gz,/processed1/20260601/L2/OBJ_MP_1399_0105_cat.fits.gz,7408,61192.60126719907,190.0271910102543,4.682156801857427,190.02716166037283,4.682187442440399,20,1->2,3,2,0.0039679813360358,0.0,0.0068727452774991,1.6824973720798422,0.4858864250380904,9.492940911884268,355.8438978345807,33.448299370000896,-179.99614942637487,13.506805534669551,0.0084120509186425,98.23062913781293,166.8455975589077,7408,w,61192.60126719907,2026-06-01T14:25:49.486,1.880047,0.1017475,1.648037,0.08617944,70.9,73.0,1.14,0.123,6.16,3471.497175410812,0.090549755351,7489.538148649931,0.090382853608,190.0271910102543,5.8397553914346645e-05,4.682156801857427,5.8393490898644984e-05,0,0,0,4.703582,280.9929,14.63352,16.378261619322792,0.0565428520557411,0.021,155.2909,10.09446,17.02213478088379,0.0705767348408699,173.2673,7.313382,16.903207778930664,0.0458274818956851,193.8288,7.896262,16.78145408630371,0.0442310869693756,214.287,9.342868,16.672510147094727,0.0473378598690032,221.8067,11.08195,16.63506317138672,0.0542457774281501,231.7467,12.94001,16.587465286254883,0.0606241337954998,242.0221,14.85217,16.540363311767578,0.0666283816099166,236.5828,16.79015,16.565040588378906,0.0770540907979011,227.213,18.73582,16.608917236328125,0.0895290449261665,233.7292,20.68472,16.578218460083008,0.0960861966013908,230.6236,22.66296,16.592741012573242,0.106693334877491,239.0455,24.6377,16.55379867553711,0.1119035705924034,246.2378,26.62471,16.52161407470703,0.1173963174223899,252.8537,28.61136,16.492826461791992,0.1228552013635635,246.081,30.59553,16.52230453491211,0.1349907964468002,242.255,32.60851,16.539318084716797,0.1461445242166519,243.0673,34.6373,16.53568458557129,0.1547183245420456,247.7507,36.65035,16.514963150024414,0.1606155633926391,268.0991,38.67791,16.429262161254883,0.1566361486911773,273.9274,40.68242,16.40591049194336,0.161248505115509,0,1.267,2.411,4.83,3471.5931,7489.4473,190.0271617,4.6821874,2.794e-11,145.5395,5.484016,17.092548370361328,0.0409111827611923,/processed1/20260601/L2/OBJ_MP_1399_0105_cat.fits.gz::7408,178,retained_after_posthoc_audit
